time,value
0.0,0.8308327303263733
0.002,0.797980539697503
0.004,0.7831675552980362
0.006,1.1262123628397505
0.008,1.2707719010109515
0.01,1.3204983794838094
0.012,1.3309278919331666
0.014,1.3283144865370966
0.016,1.3231832825299905
0.018000000000000002,1.3188200446275715
0.020000000000000004,1.3157134880185037
0.022000000000000006,1.31355222407374
0.024000000000000007,1.3119497127296322
0.02600000000000001,1.3106349816010563
0.02800000000000001,1.3094562718253324
0.030000000000000013,1.3083409496464835
0.032000000000000015,1.307259225562148
0.034000000000000016,1.3062012075424794
0.03600000000000002,1.3051648449804958
0.03800000000000002,1.3041504813661515
0.04000000000000002,1.303158789597059
0.04200000000000002,1.302190170990238
0.044000000000000025,1.301244713571592
0.04600000000000003,1.3003222804660302
0.04800000000000003,1.2994225952865435
0.05000000000000003,1.298545315590161
0.05200000000000003,1.2976900602310624
0.054000000000000034,1.2968564311822681
0.056000000000000036,1.2960440256303432
0.05800000000000004,1.2952524218484986
0.06000000000000004,1.294481194081633
0.06200000000000004,1.2937299078190987
0.06400000000000004,1.2929981291413224
0.06600000000000004,1.2922854180575931
0.06800000000000005,1.2915913373182506
0.07000000000000005,1.2909154455805523
0.07200000000000005,1.2902573061892821
0.07400000000000005,1.2896164761049196
0.07600000000000005,1.288992527398178
0.07800000000000006,1.2883850237102354
0.08000000000000006,1.2877935399418317
0.08200000000000006,1.287217652396866
0.08400000000000006,1.2866569462605746
0.08600000000000006,1.2861110039818842
0.08800000000000006,1.285579422372782
0.09000000000000007,1.285061803382749
0.09200000000000007,1.2845577515950635
0.09400000000000007,1.2840668864216918
0.09600000000000007,1.283588826495623
0.09800000000000007,1.2831232013785403
0.10000000000000007,1.2826696564864353
0.10200000000000008,1.2822281219171592
0.10400000000000008,1.2817980675815552
0.10600000000000008,1.2813790679200585
0.10800000000000008,1.280970756337101
0.11000000000000008,1.280572793695302
0.11200000000000009,1.2801848587544866
0.11400000000000009,1.2798066426807655
0.11600000000000009,1.2794378462941238
0.11800000000000009,1.279078174690326
0.12000000000000009,1.2787273412999327
0.1220000000000001,1.2783850644613757
0.1240000000000001,1.2780510758114976
0.12600000000000008,1.2777251078377851
0.12800000000000009,1.2774069056218038
0.1300000000000001,1.2770962194600433
0.1320000000000001,1.2767928079531057
0.1340000000000001,1.2764964341110159
0.1360000000000001,1.2762068656978423
0.1380000000000001,1.2759238883333577
0.1400000000000001,1.2756472915535455
0.1420000000000001,1.2753768656816062
0.1440000000000001,1.275112403966704
0.1460000000000001,1.274853712437337
0.1480000000000001,1.2746005974423273
0.1500000000000001,1.2743528770963757
0.1520000000000001,1.274110369431969
0.1540000000000001,1.2738728998527682
0.1560000000000001,1.2736402980426003
0.1580000000000001,1.2734124017570783
0.16000000000000011,1.2731890525530536
0.16200000000000012,1.2729700993772648
0.16400000000000012,1.2727553902053637
0.16600000000000012,1.2725447845162654
0.16800000000000012,1.2723381413720571
0.17000000000000012,1.272135326616652
0.17200000000000013,1.2719362095612534
0.17400000000000013,1.2717406666335467
0.17600000000000013,1.2715485728671976
0.17800000000000013,1.2713598100492056
0.18000000000000013,1.271174263472359
0.18200000000000013,1.2709918254253127
0.18400000000000014,1.2708123907121762
0.18600000000000014,1.2706358559355015
0.18800000000000014,1.270462119849275
0.19000000000000014,1.2702910880019127
0.19200000000000014,1.2701226642512862
0.19400000000000014,1.269956758737097
0.19600000000000015,1.2697932886418803
0.19800000000000015,1.2696321686278051
0.20000000000000015,1.269473314554751
0.20200000000000015,1.269316649021131
0.20400000000000015,1.2691620971077424
0.20600000000000016,1.2690095854043888
0.20800000000000016,1.268859046277672
0.21000000000000016,1.2687104051842002
0.21200000000000016,1.2685636016779869
0.21400000000000016,1.268418569448786
0.21600000000000016,1.2682752468804952
0.21800000000000017,1.2681335744467568
0.22000000000000017,1.2679934940846587
0.22200000000000017,1.2678549533862489
0.22400000000000017,1.2677178969468246
0.22600000000000017,1.2675822701258315
0.22800000000000017,1.2674480286237166
0.23000000000000018,1.267315121097048
0.23200000000000018,1.26718350054239
0.23400000000000018,1.2670531218405503
0.23600000000000018,1.2669239410684277
0.23800000000000018,1.266795915425883
0.24000000000000019,1.26666900331447
0.2420000000000002,1.2665431686071256
0.2440000000000002,1.26641837607976
0.2460000000000002,1.2662945862815906
0.2480000000000002,1.26617176452035
0.25000000000000017,1.2660498733954886
0.25200000000000017,1.2659288849089982
0.25400000000000017,1.2658087637846929
0.25600000000000017,1.2656894789091362
0.2580000000000002,1.265571004971332
0.2600000000000002,1.2654533086787965
0.2620000000000002,1.2653363652689615
0.2640000000000002,1.2652201472720561
0.2660000000000002,1.2651046272746658
0.2680000000000002,1.2649897788295752
0.2700000000000002,1.2648755850228195
0.2720000000000002,1.264762016616592
0.2740000000000002,1.2646490522433043
0.2760000000000002,1.2645366723868205
0.2780000000000002,1.2644248534088298
0.2800000000000002,1.2643135761403343
0.2820000000000002,1.2642028224373
0.2840000000000002,1.2640925742615325
0.2860000000000002,1.263982809637103
0.2880000000000002,1.2638735198173692
0.2900000000000002,1.263764699461071
0.2920000000000002,1.2636563409560257
0.2940000000000002,1.2635484249117004
0.2960000000000002,1.263440934573296
0.2980000000000002,1.2633338543036472
0.3000000000000002,1.2632271690277213
0.3020000000000002,1.2631208640831098
0.3040000000000002,1.2630149252093146
0.3060000000000002,1.262909342764228
0.3080000000000002,1.262804098738834
0.3100000000000002,1.2626991837984365
0.3120000000000002,1.262594588520457
0.3140000000000002,1.262490306113035
0.3160000000000002,1.2623863200425995
0.3180000000000002,1.2622826217378298
0.32000000000000023,1.26217919960001
0.32200000000000023,1.2620760459500788
0.32400000000000023,1.2619731490740584
0.32600000000000023,1.261870501203705
0.32800000000000024,1.2617680865800946
0.33000000000000024,1.2616659024081907
0.33200000000000024,1.2615639385884274
0.33400000000000024,1.2614621838666575
0.33600000000000024,1.2613606319538033
0.33800000000000024,1.2612592730083512
0.34000000000000025,1.261158101303029
0.34200000000000025,1.261057107345544
0.34400000000000025,1.2609562857573122
0.34600000000000025,1.2608556316454074
0.34800000000000025,1.2607551354558497
0.35000000000000026,1.2606547917855813
0.35200000000000026,1.2605545959494189
0.35400000000000026,1.2604545387972006
0.35600000000000026,1.2603546154449798
0.35800000000000026,1.2602548217802354
0.36000000000000026,1.2601551492401954
0.36200000000000027,1.2600555935180886
0.36400000000000027,1.2599561510676633
0.36600000000000027,1.2598568180854128
0.36800000000000027,1.2597575861926986
0.3700000000000003,1.2596584513978768
0.3720000000000003,1.2595594106022099
0.3740000000000003,1.2594604605361877
0.3760000000000003,1.2593615933971545
0.3780000000000003,1.2592628057744397
0.3800000000000003,1.2591640951451009
0.3820000000000003,1.259065458802369
0.3840000000000003,1.2589668937014746
0.3860000000000003,1.2588683965734586
0.3880000000000003,1.2587699598459712
0.3900000000000003,1.2586715805540771
0.3920000000000003,1.2585732609750029
0.3940000000000003,1.258474994447105
0.3960000000000003,1.2583767776287704
0.3980000000000003,1.25827860390327
0.4000000000000003,1.258180475574035
0.4020000000000003,1.2580823912058716
0.4040000000000003,1.2579843438910836
0.4060000000000003,1.2578863353033154
0.4080000000000003,1.2577883593709662
0.4100000000000003,1.2576904136286895
0.4120000000000003,1.257592500748468
0.4140000000000003,1.257494614589124
0.4160000000000003,1.2573967524624525
0.4180000000000003,1.257298912701153
0.4200000000000003,1.2572010937784022
0.4220000000000003,1.2571032940710911
0.4240000000000003,1.2570055118579448
0.4260000000000003,1.256907745370222
0.4280000000000003,1.2568099928372942
0.4300000000000003,1.256712252518652
0.43200000000000033,1.2566145227155374
0.43400000000000033,1.2565168017815456
0.43600000000000033,1.2564190838978628
0.43800000000000033,1.2563213721208915
0.44000000000000034,1.2562236659218995
0.44200000000000034,1.2561259636486535
0.44400000000000034,1.2560282663114517
0.44600000000000034,1.255930583219564
0.44800000000000034,1.255832914407568
0.45000000000000034,1.2557352646909685
0.45200000000000035,1.25563763373665
0.45400000000000035,1.2555400195425304
0.45600000000000035,1.2554424155955408
0.45800000000000035,1.255344824359796
0.46000000000000035,1.255247244892085
0.46200000000000035,1.255149671031557
0.46400000000000036,1.2550521053609882
0.46600000000000036,1.2549545427846893
0.46800000000000036,1.2548569860497372
0.47000000000000036,1.2547594342122925
0.47200000000000036,1.2546618811158798
0.47400000000000037,1.2545643294186664
0.47600000000000037,1.2544667783882248
0.47800000000000037,1.254369222118824
0.48000000000000037,1.254271663484029
0.4820000000000004,1.2541740976963072
0.4840000000000004,1.2540765278200297
0.4860000000000004,1.2539789532265821
0.4880000000000004,1.2538813722931623
0.4900000000000004,1.253783779145813
0.4920000000000004,1.2536861769647678
0.4940000000000004,1.2535885655253616
0.4960000000000004,1.2534909435851433
0.4980000000000004,1.2533933097881003
0.5000000000000003,1.253295662925162
0.5020000000000003,1.2531980019579443
0.5040000000000003,1.253100325975116
0.5060000000000003,1.2530026341503155
0.5080000000000003,1.252904925712643
0.5100000000000003,1.252807199927978
0.5120000000000003,1.2527094560889083
0.5140000000000003,1.2526116935121208
0.5160000000000003,1.2525139157871927
0.5180000000000003,1.2524161193721937
0.5200000000000004,1.252318304914625
0.5220000000000004,1.2522204770676593
0.5240000000000004,1.2521226312287095
0.5260000000000004,1.2520247703203982
0.5280000000000004,1.2519268894202664
0.5300000000000004,1.2518289915869278
0.5320000000000004,1.2517310763475156
0.5340000000000004,1.2516331381007486
0.5360000000000004,1.2515351801148715
0.5380000000000004,1.2514372022899591
0.5400000000000004,1.251339203569892
0.5420000000000004,1.2512411828356211
0.5440000000000004,1.2511431391449612
0.5460000000000004,1.251045071734566
0.5480000000000004,1.250946979969566
0.5500000000000004,1.2508488632954968
0.5520000000000004,1.2507507254414032
0.5540000000000004,1.2506525613306365
0.5560000000000004,1.250554369522677
0.5580000000000004,1.2504561540124883
0.5600000000000004,1.2503579101881057
0.5620000000000004,1.250259641225159
0.5640000000000004,1.2501613467652022
0.5660000000000004,1.2500630213606407
0.5680000000000004,1.2499646684743608
0.5700000000000004,1.2498662882217277
0.5720000000000004,1.2497678797732883
0.5740000000000004,1.249669442232184
0.5760000000000004,1.2495709748734618
0.5780000000000004,1.2494724813879259
0.5800000000000004,1.2493739567497695
0.5820000000000004,1.2492753996202295
0.5840000000000004,1.2491768141255506
0.5860000000000004,1.2490781957927182
0.5880000000000004,1.2489795479364383
0.5900000000000004,1.2488808703389842
0.5920000000000004,1.2487821576817832
0.5940000000000004,1.248683413555505
0.5960000000000004,1.2485846382027983
0.5980000000000004,1.2484858309137288
0.6000000000000004,1.2483869920543358
0.6020000000000004,1.2482881347551642
0.6040000000000004,1.2481892596673594
0.6060000000000004,1.2480903671627748
0.6080000000000004,1.2479914615491416
0.6100000000000004,1.2478925379846368
0.6120000000000004,1.2477935950365862
0.6140000000000004,1.2476946365998351
0.6160000000000004,1.2475956579023053
0.6180000000000004,1.247496661940244
0.6200000000000004,1.2473976481770637
0.6220000000000004,1.2472986109788102
0.6240000000000004,1.247199553627928
0.6260000000000004,1.2471004760761677
0.6280000000000004,1.2470013773285233
0.6300000000000004,1.2469022563296024
0.6320000000000005,1.2468031121968601
0.6340000000000005,1.2467039442278098
0.6360000000000005,1.2466047518469745
0.6380000000000005,1.2465055345549878
0.6400000000000005,1.2464062918997454
0.6420000000000005,1.2463070277055388
0.6440000000000005,1.2462077369660787
0.6460000000000005,1.2461084225449206
0.6480000000000005,1.2460090796532857
0.6500000000000005,1.245909711594396
0.6520000000000005,1.245810313936505
0.6540000000000005,1.2457108902109615
0.6560000000000005,1.2456114403712406
0.6580000000000005,1.2455119634233622
0.6600000000000005,1.245412458366702
0.6620000000000005,1.2453129244249759
0.6640000000000005,1.2452133610315363
0.6660000000000005,1.2451137677653086
0.6680000000000005,1.2450141485406785
0.6700000000000005,1.244914498463225
0.6720000000000005,1.2448148162656536
0.6740000000000005,1.2447151061352715
0.6760000000000005,1.2446153636396524
0.6780000000000005,1.2445155921324074
0.6800000000000005,1.2444157914355412
0.6820000000000005,1.2443159605087313
0.6840000000000005,1.2442160983717057
0.6860000000000005,1.2441162043035003
0.6880000000000005,1.2440162778154
0.6900000000000005,1.2439163185683253
0.6920000000000005,1.2438163263092272
0.6940000000000005,1.2437163050847864
0.6960000000000005,1.2436162501048151
0.6980000000000005,1.243516160192045
0.7000000000000005,1.2434160396231961
0.7020000000000005,1.2433158883050923
0.7040000000000005,1.2432157008130387
0.7060000000000005,1.243115480647008
0.7080000000000005,1.2430152280285898
0.7100000000000005,1.2429149422737067
0.7120000000000005,1.2428146226529213
0.7140000000000005,1.2427142728782226
0.7160000000000005,1.2426138879794857
0.7180000000000005,1.2425134667047448
0.7200000000000005,1.2424130133245082
0.7220000000000005,1.2423125243772197
0.7240000000000005,1.2422120053135068
0.7260000000000005,1.2421114569951837
0.7280000000000005,1.2420108787220636
0.7300000000000005,1.2419102653151037
0.7320000000000005,1.2418096206265399
0.7340000000000005,1.2417089451243941
0.7360000000000005,1.2416082425026693
0.7380000000000005,1.2415075074610662
0.7400000000000005,1.241406738418442
0.7420000000000005,1.241305939405403
0.7440000000000005,1.2412051059272893
0.7460000000000006,1.2411042413386502
0.7480000000000006,1.2410033412306187
0.7500000000000006,1.240902409205768
0.7520000000000006,1.2408014453311738
0.7540000000000006,1.2407004487457254
0.7560000000000006,1.2405994185877425
0.7580000000000006,1.240498359026803
0.7600000000000006,1.2403972768306446
0.7620000000000006,1.2402961745616272
0.7640000000000006,1.2401950569842128
0.7660000000000006,1.240093933884508
0.7680000000000006,1.2399928560610263
0.7700000000000006,1.2398917849362678
0.7720000000000006,1.239790706066432
0.7740000000000006,1.2396896068467482
0.7760000000000006,1.2395884832346227
0.7780000000000006,1.2394873386518954
0.7800000000000006,1.2393861686279135
0.7820000000000006,1.2392849765484788
0.7840000000000006,1.2391837580225018
0.7860000000000006,1.2390825165242851
0.7880000000000006,1.2389812519726506
0.7900000000000006,1.2388799633296688
0.7920000000000006,1.2387786453046894
0.7940000000000006,1.2386773016295023
0.7960000000000006,1.2385759326904846
0.7980000000000006,1.2384745378344235
0.8000000000000006,1.2383731205031554
0.8020000000000006,1.2382716754569407
0.8040000000000006,1.2381702011607625
0.8060000000000006,1.238068701619517
0.8080000000000006,1.2379671723321946
0.8100000000000006,1.2378656123220688
0.8120000000000006,1.2377640259353229
0.8140000000000006,1.2376624131022245
0.8160000000000006,1.2375607683807315
0.8180000000000006,1.2374590951610471
0.8200000000000006,1.2373573935836806
0.8220000000000006,1.2372556628823008
0.8240000000000006,1.2371539022398192
0.8260000000000006,1.2370521110174122
0.8280000000000006,1.2369502930023557
0.8300000000000006,1.236848443296551
0.8320000000000006,1.2367465606286605
0.8340000000000006,1.2366446491971288
0.8360000000000006,1.236542704646273
0.8380000000000006,1.2364407303560927
0.8400000000000006,1.2363387262129089
0.8420000000000006,1.2362366869852692
0.8440000000000006,1.2361346162990836
0.8460000000000006,1.2360325144873454
0.8480000000000006,1.235930380923887
0.8500000000000006,1.2358282191460348
0.8520000000000006,1.2357260240383854
0.8540000000000006,1.2356237942023518
0.8560000000000006,1.2355215295470665
0.8580000000000007,1.2354192345337882
0.8600000000000007,1.2353169090251543
0.8620000000000007,1.2352145475148517
0.8640000000000007,1.2351121533940015
0.8660000000000007,1.235009726861781
0.8680000000000007,1.2349072672345693
0.8700000000000007,1.234804773796286
0.8720000000000007,1.2347022460108705
0.8740000000000007,1.2345996835262063
0.8760000000000007,1.2344970861097933
0.8780000000000007,1.2343944578538657
0.8800000000000007,1.2342917940715503
0.8820000000000007,1.2341890978952919
0.8840000000000007,1.2340863648386995
0.8860000000000007,1.2339835984534486
0.8880000000000007,1.233880798847721
0.8900000000000007,1.2337779652261642
0.8920000000000007,1.2336750967975305
0.8940000000000007,1.2335721929972583
0.8960000000000007,1.233469253470159
0.8980000000000007,1.2333662780012224
0.9000000000000007,1.2332632707093019
0.9020000000000007,1.2331602269336361
0.9040000000000007,1.2330571498314713
0.9060000000000007,1.2329540349394126
0.9080000000000007,1.2328508858359266
0.9100000000000007,1.2327477026563545
0.9120000000000007,1.2326444846313245
0.9140000000000007,1.2325412311827157
0.9160000000000007,1.2324379467051951
0.9180000000000007,1.2323346365340786
0.9200000000000007,1.2322313068274955
0.9220000000000007,1.2321279538494232
0.9240000000000007,1.2320245780084211
0.9260000000000007,1.2319211841671658
0.9280000000000007,1.2318177679502662
0.9300000000000007,1.2317143324958557
0.9320000000000007,1.2316108731386513
0.9340000000000007,1.2315073931669085
0.9360000000000007,1.231403892389661
0.9380000000000007,1.2313003696999298
0.9400000000000007,1.2311968239961737
0.9420000000000007,1.2310932544083093
0.9440000000000007,1.2309896602856358
0.9460000000000007,1.2308860411258267
0.9480000000000007,1.2307823965137394
0.9500000000000007,1.230678726082314
0.9520000000000007,1.2305750294902655
0.9540000000000007,1.2304713106744263
0.9560000000000007,1.2303675647529666
0.9580000000000007,1.2302637946576633
0.9600000000000007,1.2301599956877012
0.9620000000000007,1.230056171198017
0.9640000000000007,1.2299523168440856
0.9660000000000007,1.229848436206976
0.9680000000000007,1.2297445293393596
0.9700000000000008,1.2296405953267007
0.9720000000000008,1.2295366332300652
0.9740000000000008,1.2294326423253228
0.9760000000000008,1.2293286220950537
0.9780000000000008,1.22922457643251
0.9800000000000008,1.2291205004820547
0.9820000000000008,1.2290163929662525
0.9840000000000008,1.2289122580978986
0.9860000000000008,1.228808091504168
0.9880000000000008,1.2287038965604338
0.9900000000000008,1.2285996731504178
0.9920000000000008,1.2284954202765273
0.9940000000000008,1.2283911327095056
0.9960000000000008,1.2282868143154042
0.9980000000000008,1.2281824656549785
1.0000000000000007,1.2280780905147506
1.0020000000000007,1.2279736836880333
1.0040000000000007,1.2278692436159049
1.0060000000000007,1.2277647743519375
1.0080000000000007,1.2276602714634488
1.0100000000000007,1.2275557383224696
1.0120000000000007,1.227451170571737
1.0140000000000007,1.2273465718224583
1.0160000000000007,1.227241942199256
1.0180000000000007,1.2271372808836771
1.0200000000000007,1.2270325870441126
1.0220000000000007,1.2269278600662892
1.0240000000000007,1.2268230995463458
1.0260000000000007,1.2267183052224246
1.0280000000000007,1.2266134769128345
1.0300000000000007,1.2265086187550733
1.0320000000000007,1.2264037260621095
1.0340000000000007,1.2262988019658043
1.0360000000000007,1.2261938462312556
1.0380000000000007,1.2260888578361786
1.0400000000000007,1.225983831575169
1.0420000000000007,1.2258787713761923
1.0440000000000007,1.2257736778795898
1.0460000000000007,1.2256685549609072
1.0480000000000007,1.2255633974928226
1.0500000000000007,1.2254582039876463
1.0520000000000007,1.2253529785793005
1.0540000000000007,1.2252477169042129
1.0560000000000007,1.225142422408762
1.0580000000000007,1.225037090799742
1.0600000000000007,1.2249317257610277
1.0620000000000007,1.2248263274860183
1.0640000000000007,1.2247208952236637
1.0660000000000007,1.2246154282036468
1.0680000000000007,1.2245099258706589
1.0700000000000007,1.2244043878776736
1.0720000000000007,1.2242988148682488
1.0740000000000007,1.2241932099233563
1.0760000000000007,1.2240875857626072
1.0780000000000007,1.2239819354594628
1.0800000000000007,1.2238762618723087
1.0820000000000007,1.2237705650074782
1.0840000000000007,1.2236648397820373
1.0860000000000007,1.2235590899272493
1.0880000000000007,1.2234533158053642
1.0900000000000007,1.223347516742981
1.0920000000000007,1.2232416919334719
1.0940000000000007,1.2231358407034962
1.0960000000000008,1.2230299668282467
1.0980000000000008,1.2229240653475268
1.1000000000000008,1.2228181348987932
1.1020000000000008,1.222712179652159
1.1040000000000008,1.2226061951883076
1.1060000000000008,1.2225001848484038
1.1080000000000008,1.222394144201341
1.1100000000000008,1.222288076788335
1.1120000000000008,1.222181982660681
1.1140000000000008,1.222075860922467
1.1160000000000008,1.2219697106585368
1.1180000000000008,1.2218635314905124
1.1200000000000008,1.2217573243661066
1.1220000000000008,1.2216510897144466
1.1240000000000008,1.2215448274918694
1.1260000000000008,1.2214385417777027
1.1280000000000008,1.2213322277312633
1.1300000000000008,1.221225888322894
1.1320000000000008,1.2211195188726567
1.1340000000000008,1.2210131227784689
1.1360000000000008,1.2209067000174987
1.1380000000000008,1.220800245361669
1.1400000000000008,1.220693762446272
1.1420000000000008,1.2205872516119947
1.1440000000000008,1.2204807122112125
1.1460000000000008,1.220374143489711
1.1480000000000008,1.2202675491398947
1.1500000000000008,1.220160924150291
1.1520000000000008,1.22005426715444
1.1540000000000008,1.2199475823588375
1.1560000000000008,1.2198408653928754
1.1580000000000008,1.219734119660109
1.1600000000000008,1.2196273450857
1.1620000000000008,1.2195205364018902
1.1640000000000008,1.2194136972434646
1.1660000000000008,1.219306827979626
1.1680000000000008,1.2191999280038424
1.1700000000000008,1.219092996610406
1.1720000000000008,1.2189860332453215
1.1740000000000008,1.2188790418229292
1.1760000000000008,1.2187720175040906
1.1780000000000008,1.2186649633404592
1.1800000000000008,1.2185578747547423
1.1820000000000008,1.2184507552622017
1.1840000000000008,1.2183436006554598
1.1860000000000008,1.2182364146840234
1.1880000000000008,1.2181291975717368
1.1900000000000008,1.2180219485574875
1.1920000000000008,1.2179146668384042
1.1940000000000008,1.2178073518185655
1.1960000000000008,1.2177000074113935
1.1980000000000008,1.2175926287924503
1.2000000000000008,1.2174852147371957
1.2020000000000008,1.2173777695774946
1.2040000000000008,1.2172702890418345
1.2060000000000008,1.2171627766245845
1.2080000000000009,1.2170552323369381
1.2100000000000009,1.2169476552877307
1.2120000000000009,1.2168400446140222
1.2140000000000009,1.2167323997014894
1.2160000000000009,1.2166247201658957
1.2180000000000009,1.21651700577408
1.2200000000000009,1.2164092563824362
1.2220000000000009,1.2163014761970408
1.2240000000000009,1.2161936605610282
1.2260000000000009,1.2160858126496847
1.2280000000000009,1.215977932277097
1.2300000000000009,1.2158700141415069
1.2320000000000009,1.2157620628158319
1.2340000000000009,1.215654084019663
1.2360000000000009,1.215546080185061
1.2380000000000009,1.2154380515573033
1.2400000000000009,1.2153300020363356
1.2420000000000009,1.2152219265131963
1.2440000000000009,1.215113823442506
1.2460000000000009,1.2150056925715305
1.2480000000000009,1.2148975382854392
1.2500000000000009,1.2147893603727273
1.252000000000001,1.2146811531480077
1.254000000000001,1.2145729198797726
1.256000000000001,1.2144646606755087
1.258000000000001,1.214356370433102
1.260000000000001,1.2142480528936803
1.262000000000001,1.2141397084702061
1.264000000000001,1.2140313365459188
1.266000000000001,1.21392294069408
1.268000000000001,1.213814515727835
1.270000000000001,1.2137060601364293
1.272000000000001,1.2135975737407818
1.274000000000001,1.21348906101354
1.276000000000001,1.2133805175099284
1.278000000000001,1.2132719465128377
1.280000000000001,1.2131633478510846
1.282000000000001,1.213054720488567
1.284000000000001,1.212946059124461
1.286000000000001,1.2128373676228537
1.288000000000001,1.2127286465857718
1.290000000000001,1.2126198998819293
1.292000000000001,1.2125111223111635
1.294000000000001,1.212402312284747
1.296000000000001,1.2122934695729901
1.298000000000001,1.2121845986371884
1.300000000000001,1.2120756950459275
1.302000000000001,1.2119667621155872
1.304000000000001,1.2118577997151962
1.306000000000001,1.2117488068510984
1.308000000000001,1.2116397782579702
1.310000000000001,1.2115307180728991
1.312000000000001,1.2114216281515984
1.314000000000001,1.2113125130712392
1.316000000000001,1.2112033678529779
1.318000000000001,1.211094190940964
1.320000000000001,1.210984982072384
1.322000000000001,1.2108757456695374
1.324000000000001,1.210766477256841
1.326000000000001,1.2106571801149544
1.328000000000001,1.210547854085319
1.330000000000001,1.2104384981467762
1.332000000000001,1.210329107004532
1.334000000000001,1.2102196845433504
1.336000000000001,1.210110235712499
1.338000000000001,1.2100007554967356
1.340000000000001,1.2098912422136539
1.342000000000001,1.2097816955030634
1.344000000000001,1.2096721197427915
1.346000000000001,1.2095625104488894
1.348000000000001,1.2094528709184056
1.350000000000001,1.2093431966896644
1.352000000000001,1.209233491355406
1.354000000000001,1.209123755061278
1.356000000000001,1.2090139870037593
1.358000000000001,1.2089041863579424
1.360000000000001,1.2087943525171183
1.362000000000001,1.2086844850868026
1.364000000000001,1.2085745838170032
1.366000000000001,1.2084646528786118
1.368000000000001,1.2083546875671705
1.370000000000001,1.2082446910371027
1.372000000000001,1.2081346587523953
1.374000000000001,1.208024594284356
1.376000000000001,1.2079144977851712
1.378000000000001,1.207804368468545
1.380000000000001,1.2076942055325628
1.382000000000001,1.2075840083949096
1.384000000000001,1.2074737766833268
1.386000000000001,1.2073635145100794
1.388000000000001,1.2072532171513966
1.390000000000001,1.207142883425302
1.392000000000001,1.2070325204629064
1.394000000000001,1.2069221323874781
1.396000000000001,1.2068117154106826
1.398000000000001,1.2067012734890825
1.400000000000001,1.2065908069010476
1.402000000000001,1.2064803148349714
1.404000000000001,1.2063697963787177
1.406000000000001,1.2062592508074719
1.408000000000001,1.2061486775953765
1.410000000000001,1.2060380763632117
1.412000000000001,1.2059274511618037
1.414000000000001,1.2058167971607199
1.416000000000001,1.2057061173969716
1.418000000000001,1.2055954072123602
1.420000000000001,1.2054846700658173
1.422000000000001,1.2053739060011355
1.424000000000001,1.2052631097790996
1.426000000000001,1.2051522850745902
1.428000000000001,1.2050414322879195
1.430000000000001,1.204930550810936
1.432000000000001,1.2048196399148692
1.434000000000001,1.2047087033627233
1.436000000000001,1.2045977361491653
1.438000000000001,1.2044867368879453
1.440000000000001,1.2043757098397174
1.442000000000001,1.2042646506393584
1.444000000000001,1.2041535627336608
1.446000000000001,1.2040424417425062
1.448000000000001,1.2039312913095224
1.450000000000001,1.203820111596857
1.452000000000001,1.203708901791785
1.454000000000001,1.203597661046555
1.456000000000001,1.203486388723108
1.458000000000001,1.2033750843967885
1.460000000000001,1.2032637521417489
1.462000000000001,1.2031523871795133
1.464000000000001,1.2030409926219618
1.466000000000001,1.2029295638877284
1.468000000000001,1.2028181045238977
1.470000000000001,1.2027066103084527
1.472000000000001,1.2025950850234772
1.474000000000001,1.2024835289316151
1.476000000000001,1.2023719412922347
1.478000000000001,1.202260321307367
1.480000000000001,1.2021486683804377
1.482000000000001,1.2020369864770093
1.484000000000001,1.2019252707597452
1.486000000000001,1.2018135243272607
1.488000000000001,1.201701742603044
1.490000000000001,1.201589929153459
1.492000000000001,1.2014780797791262
1.494000000000001,1.2013661982906767
1.496000000000001,1.201254284983042
1.498000000000001,1.201142339289745
1.500000000000001,1.2010303614784532
1.5020000000000011,1.2009183515595954
1.5040000000000011,1.2008063136890774
1.5060000000000011,1.2006942430523597
1.5080000000000011,1.2005821938044674
1.5100000000000011,1.2004701638160102
1.5120000000000011,1.200358119491276
1.5140000000000011,1.2002460507454276
1.5160000000000011,1.2001339478917237
1.5180000000000011,1.2000218129407636
1.5200000000000011,1.1999096415763175
1.5220000000000011,1.1997974378230152
1.5240000000000011,1.1996852022375142
1.5260000000000011,1.1995729342896855
1.5280000000000011,1.1994606333074134
1.5300000000000011,1.1993482987592459
1.5320000000000011,1.1992359302848412
1.5340000000000011,1.1991235276508185
1.5360000000000011,1.1990110950349486
1.5380000000000011,1.1988986277664422
1.5400000000000011,1.1987861289926591
1.5420000000000011,1.198673598530269
1.5440000000000011,1.1985610310432269
1.5460000000000012,1.198448430162908
1.5480000000000012,1.1983357963395407
1.5500000000000012,1.198223129359015
1.5520000000000012,1.19811043204398
1.5540000000000012,1.197997711024727
1.5560000000000012,1.1978849623698051
1.5580000000000012,1.1977721849445238
1.5600000000000012,1.197659382949976
1.5620000000000012,1.1975465519191408
1.5640000000000012,1.197433695149964
1.5660000000000012,1.1973208081734918
1.5680000000000012,1.1972078945208209
1.5700000000000012,1.1970949542858758
1.5720000000000012,1.196981986598038
1.5740000000000012,1.196868990544951
1.5760000000000012,1.1967559654287758
1.5780000000000012,1.1966429107626768
1.5800000000000012,1.196529826209013
1.5820000000000012,1.1964167158623444
1.5840000000000012,1.196303574960515
1.5860000000000012,1.1961904065676905
1.5880000000000012,1.196077206076483
1.5900000000000012,1.1959639769650738
1.5920000000000012,1.1958507193262493
1.5940000000000012,1.1957374279672763
1.5960000000000012,1.19562410657235
1.5980000000000012,1.1955107555854982
1.6000000000000012,1.195397374441483
1.6020000000000012,1.1952839667932915
1.6040000000000012,1.1951705275244868
1.6060000000000012,1.1950570551402324
1.6080000000000012,1.1949435538410578
1.6100000000000012,1.1948300192703065
1.6120000000000012,1.1947164548669933
1.6140000000000012,1.1946028562833413
1.6160000000000012,1.1944892271658152
1.6180000000000012,1.1943755677134655
1.6200000000000012,1.1942618771453837
1.6220000000000012,1.1941481546321568
1.6240000000000012,1.1940343995552642
1.6260000000000012,1.1939206115062395
1.6280000000000012,1.1938067945735173
1.6300000000000012,1.1936929440187163
1.6320000000000012,1.193579058606485
1.6340000000000012,1.1934651426998346
1.6360000000000012,1.193351196385958
1.6380000000000012,1.1932372142479764
1.6400000000000012,1.1931231997857479
1.6420000000000012,1.1930091533417653
1.6440000000000012,1.1928950743174145
1.6460000000000012,1.1927809620287628
1.6480000000000012,1.1926668203095034
1.6500000000000012,1.1925526442478216
1.6520000000000012,1.1924384325147968
1.6540000000000012,1.1923241894397003
1.6560000000000012,1.1922099107510569
1.6580000000000013,1.1920955999590688
1.6600000000000013,1.1919812571260653
1.6620000000000013,1.1918668813882236
1.6640000000000013,1.1917524718838117
1.6660000000000013,1.1916380279948224
1.6680000000000013,1.191523549332544
1.6700000000000013,1.1914090356684857
1.6720000000000013,1.1912944868633428
1.6740000000000013,1.1911799071861924
1.6760000000000013,1.191065292001563
1.6780000000000013,1.1909506444954807
1.6800000000000013,1.1908359645207358
1.6820000000000013,1.1907212511936724
1.6840000000000013,1.1906065000832808
1.6860000000000013,1.1904917156676766
1.6880000000000013,1.1903769032039735
1.6900000000000013,1.1902620578029084
1.6920000000000013,1.1901471777834993
1.6940000000000013,1.190032262774704
1.6960000000000013,1.1899173171948425
1.6980000000000013,1.1898023365932158
1.7000000000000013,1.1896873242926633
1.7020000000000013,1.1895722802266566
1.7040000000000013,1.1894572034462596
1.7060000000000013,1.1893420886709334
1.7080000000000013,1.1892269398170816
1.7100000000000013,1.1891117628272314
1.7120000000000013,1.1889965562153686
1.7140000000000013,1.1888813201564228
1.7160000000000013,1.1887660548479009
1.7180000000000013,1.188650764768391
1.7200000000000013,1.188535445337205
1.7220000000000013,1.1884200997096177
1.7240000000000013,1.18830472764844
1.7260000000000013,1.188189323683577
1.7280000000000013,1.1880738913417366
1.7300000000000013,1.187958430975543
1.7320000000000013,1.1878429419550818
1.7340000000000013,1.187727423535812
1.7360000000000013,1.1876118794921413
1.7380000000000013,1.1874963048226912
1.7400000000000013,1.1873806981025183
1.7420000000000013,1.18726506358791
1.7440000000000013,1.1871493969141627
1.7460000000000013,1.1870337015176569
1.7480000000000013,1.1869179730103512
1.7500000000000013,1.186802215022987
1.7520000000000013,1.1866864277364368
1.7540000000000013,1.1865706103445635
1.7560000000000013,1.186454761985057
1.7580000000000013,1.1863388820058824
1.7600000000000013,1.186222969963214
1.7620000000000013,1.1861070299455316
1.7640000000000013,1.185991057174503
1.7660000000000013,1.1858750547502097
1.7680000000000013,1.1857590180734012
1.7700000000000014,1.185642950673028
1.7720000000000014,1.1855268526970415
1.7740000000000014,1.1854107189544703
1.7760000000000014,1.1852945531776313
1.7780000000000014,1.1851783558627245
1.7800000000000014,1.185062126486899
1.7820000000000014,1.1849458687730772
1.7840000000000014,1.1848295776188942
1.7860000000000014,1.184713251533102
1.7880000000000014,1.1845968947677845
1.7900000000000014,1.1844805029772139
1.7920000000000014,1.184364079646375
1.7940000000000014,1.184247624819911
1.7960000000000014,1.1841311376123622
1.7980000000000014,1.1840146171372696
1.8000000000000014,1.1838980627497928
1.8020000000000014,1.1837814740384713
1.8040000000000014,1.1836648507529395
1.8060000000000014,1.183548192732913
1.8080000000000014,1.183431504258888
1.8100000000000014,1.1833147806656574
1.8120000000000014,1.1831980251338607
1.8140000000000014,1.183081233115228
1.8160000000000014,1.1829644081915
1.8180000000000014,1.1828475505580354
1.8200000000000014,1.182730659453206
1.8220000000000014,1.182613734074384
1.8240000000000014,1.1824967738325909
1.8260000000000014,1.1823797827456555
1.8280000000000014,1.1822627560069263
1.8300000000000014,1.1821456923444058
1.8320000000000014,1.182028596165051
1.8340000000000014,1.181911467606938
1.8360000000000014,1.1817943012453234
1.8380000000000014,1.1816771006199536
1.8400000000000014,1.1815598661211362
1.8420000000000014,1.1814425971837208
1.8440000000000014,1.1813252931514815
1.8460000000000014,1.1812079579207084
1.8480000000000014,1.1810905865857697
1.8500000000000014,1.1809731778152663
1.8520000000000014,1.1808557359920806
1.8540000000000014,1.1807382612521928
1.8560000000000014,1.1806207481677178
1.8580000000000014,1.1805032002878961
1.8600000000000014,1.1803856180134287
1.8620000000000014,1.1802680008443067
1.8640000000000014,1.1801503487685774
1.8660000000000014,1.1800326618319237
1.8680000000000014,1.1799149443030488
1.8700000000000014,1.1797971933415707
1.8720000000000014,1.179679414760859
1.8740000000000014,1.17956160500036
1.8760000000000014,1.1794437678803305
1.8780000000000014,1.1793259035312549
1.8800000000000014,1.1792080066177504
1.8820000000000014,1.1790900807465818
1.8840000000000015,1.178972126307835
1.8860000000000015,1.1788541470893321
1.8880000000000015,1.1787361377578471
1.8900000000000015,1.1786180965645765
1.8920000000000015,1.1785000231732925
1.8940000000000015,1.1783819220764151
1.8960000000000015,1.178263788808761
1.8980000000000015,1.1781456266842747
1.9000000000000015,1.1780274355941287
1.9020000000000015,1.1779092101134232
1.9040000000000015,1.1777909538402123
1.9060000000000015,1.177672667192049
1.9080000000000015,1.177554349589084
1.9100000000000015,1.1774360003300333
1.9120000000000015,1.1773176232649767
1.9140000000000015,1.1771992134095621
1.9160000000000015,1.1770807693431338
1.9180000000000015,1.176962295380836
1.9200000000000015,1.1768437871720887
1.9220000000000015,1.1767252482060182
1.9240000000000015,1.1766066785188105
1.9260000000000015,1.1764880771988613
1.9280000000000015,1.1763694433265222
1.9300000000000015,1.1762507762250567
1.9320000000000015,1.1761320754497968
1.9340000000000015,1.1760133407199977
1.9360000000000015,1.175894571851221
1.9380000000000015,1.1757757731253604
1.9400000000000015,1.1756569398384884
1.9420000000000015,1.1755380751616917
1.9440000000000015,1.1754191789216413
1.9460000000000015,1.1753002500953604
1.9480000000000015,1.1751812832983783
1.9500000000000015,1.1750622824320374
1.9520000000000015,1.1749432526349206
1.9540000000000015,1.1748241889539344
1.9560000000000015,1.1747050896800457
1.9580000000000015,1.174585954438512
1.9600000000000015,1.1744667877184711
1.9620000000000015,1.1743475850630982
1.9640000000000015,1.1742283498341426
1.9660000000000015,1.174109081985012
1.9680000000000015,1.1739897805690616
1.9700000000000015,1.1738704446658983
1.9720000000000015,1.1737510736147687
1.9740000000000015,1.1736316670004658
1.9760000000000015,1.1735122245746137
1.9780000000000015,1.1733927461891467
1.9800000000000015,1.1732732361731733
1.9820000000000015,1.173153689855062
1.9840000000000015,1.173034110442721
1.9860000000000015,1.1729144978015738
1.9880000000000015,1.1727948509419968
1.9900000000000015,1.172675168929771
1.9920000000000015,1.1725554511101037
1.9940000000000015,1.1724356970766503
1.9960000000000016,1.1723159065931923
1.9980000000000016,1.1721960795233162
2.0000000000000013,1.1720762202131871
2.002000000000001,1.1719563240009676
2.004000000000001,1.1718363941066685
2.0060000000000007,1.1717164304095145
2.0080000000000005,1.1715964319282013
2.0100000000000002,1.1714763977367657
2.012,1.1713563271852565
2.014,1.171236219877103
2.0159999999999996,1.171116075585495
2.0179999999999993,1.170995894183116
2.019999999999999,1.1708756800297608
2.021999999999999,1.1707554284722572
2.0239999999999987,1.170635142742913
2.0259999999999985,1.1705148227278563
2.0279999999999982,1.1703944678644358
2.029999999999998,1.170274079969777
2.031999999999998,1.1701536599509064
2.0339999999999976,1.170033207875509
2.0359999999999974,1.1699127235550448
2.037999999999997,1.1697922067557096
2.039999999999997,1.1696716621232026
2.0419999999999967,1.1695510854140678
2.0439999999999965,1.1694304799438364
2.0459999999999963,1.1693098410932365
2.047999999999996,1.1691891723740997
2.049999999999996,1.1690684738990287
2.0519999999999956,1.168947744806964
2.0539999999999954,1.1688269841935752
2.055999999999995,1.1687061913674919
2.057999999999995,1.1685853658590748
2.0599999999999947,1.168464511800909
2.0619999999999945,1.168343624369019
2.0639999999999943,1.1682227066735236
2.065999999999994,1.1681017540534664
2.067999999999994,1.1679807700473597
2.0699999999999936,1.1678597548124563
2.0719999999999934,1.1677387075312504
2.073999999999993,1.1676176273362548
2.075999999999993,1.167496513570063
2.0779999999999927,1.167375365791942
2.0799999999999925,1.1672541837157766
2.0819999999999923,1.1671329671469395
2.083999999999992,1.1670117203934853
2.085999999999992,1.1668904387278949
2.0879999999999916,1.1667691253231225
2.0899999999999914,1.1666477800053592
2.091999999999991,1.1665263972877191
2.093999999999991,1.1664049807924164
2.0959999999999908,1.166283530985794
2.0979999999999905,1.1661620517843114
2.0999999999999903,1.166040537912978
2.10199999999999,1.165918987667488
2.10399999999999,1.165797400768958
2.1059999999999897,1.1656757818281582
2.1079999999999894,1.1655541308901496
2.109999999999989,1.1654324422993396
2.111999999999989,1.1653107194723047
2.1139999999999888,1.16518896272058
2.1159999999999886,1.1650671714157612
2.1179999999999883,1.164945344851885
2.119999999999988,1.1648234824922818
2.121999999999988,1.1647015906321592
2.1239999999999877,1.1645796621666986
2.1259999999999875,1.1644576996601579
2.1279999999999872,1.1643356985245297
2.129999999999987,1.1642136625495711
2.131999999999987,1.1640915921277077
2.1339999999999866,1.1639694866182468
2.1359999999999864,1.1638473452766898
2.137999999999986,1.1637251675315843
2.139999999999986,1.1636029530094787
2.1419999999999857,1.1634807014820563
2.1439999999999855,1.1633584172750222
2.1459999999999853,1.1632360956790646
2.147999999999985,1.1631137399126223
2.149999999999985,1.162991403976342
2.1519999999999846,1.1628690847807757
2.1539999999999844,1.1627467514560879
2.155999999999984,1.1626243888260328
2.157999999999984,1.162501985927554
2.1599999999999837,1.1623795450291725
2.1619999999999835,1.162257066777937
2.1639999999999833,1.1621345511849195
2.165999999999983,1.162012002512213
2.167999999999983,1.1618894159916953
2.1699999999999826,1.1617667902995499
2.1719999999999824,1.1616441298443074
2.173999999999982,1.1615214347944904
2.175999999999982,1.161398699686017
2.1779999999999817,1.1612759280527511
2.1799999999999815,1.1611531203120316
2.1819999999999813,1.1610302759167337
2.183999999999981,1.1609073942147685
2.185999999999981,1.1607844793260171
2.1879999999999806,1.1606615283783634
2.1899999999999804,1.1605385461184563
2.19199999999998,1.1604155284992075
2.19399999999998,1.1602924792056122
2.1959999999999797,1.16016939839799
2.1979999999999795,1.1600462852169209
2.1999999999999793,1.1599231343015097
2.201999999999979,1.1597999539903214
2.203999999999979,1.1596767404097392
2.2059999999999786,1.159553492004214
2.2079999999999784,1.1594302082591799
2.209999999999978,1.1593068935055777
2.211999999999978,1.1591835433447053
2.2139999999999778,1.159060161572657
2.2159999999999775,1.1589367483521325
2.2179999999999773,1.1588133027584588
2.219999999999977,1.158689819363037
2.221999999999977,1.158566302015578
2.2239999999999767,1.1584427558571644
2.2259999999999764,1.1583191759034546
2.227999999999976,1.1581955603764675
2.229999999999976,1.158071913297414
2.231999999999976,1.1579482300949993
2.2339999999999756,1.157824514139751
2.2359999999999753,1.1577007609755496
2.237999999999975,1.1575769742599884
2.239999999999975,1.1574531542402358
2.2419999999999747,1.1573293001535871
2.2439999999999745,1.1572054111596184
2.2459999999999742,1.1570814910778435
2.247999999999974,1.156957534889385
2.249999999999974,1.1568335411361086
2.2519999999999736,1.156709514173398
2.2539999999999734,1.1565854496659944
2.255999999999973,1.1564613511409334
2.257999999999973,1.1563372186885892
2.2599999999999727,1.1562130514312126
2.2619999999999725,1.1560888484660412
2.2639999999999723,1.1559646091248237
2.265999999999972,1.1558403329757034
2.267999999999972,1.15571602421761
2.2699999999999716,1.155591678087525
2.2719999999999714,1.155467297748112
2.273999999999971,1.1553428785876036
2.275999999999971,1.1552184241911265
2.2779999999999707,1.1550939347840012
2.2799999999999705,1.1549694096055236
2.2819999999999703,1.1548448478348952
2.28399999999997,1.1547202488574044
2.28599999999997,1.1545956122729106
2.2879999999999696,1.1544709423080568
2.2899999999999694,1.1543462342145723
2.291999999999969,1.154221491171389
2.293999999999969,1.154096708574486
2.2959999999999687,1.1539718900243001
2.2979999999999685,1.1538470357602473
2.2999999999999683,1.1537221450336588
2.301999999999968,1.1535972170341608
2.303999999999968,1.1534722511584896
2.3059999999999676,1.153347251492513
2.3079999999999674,1.153222213203273
2.309999999999967,1.1530971394325855
2.311999999999967,1.1529720255596556
2.3139999999999668,1.1528468751869234
2.3159999999999665,1.1527216885594793
2.3179999999999663,1.15259646493851
2.319999999999966,1.1524712035248514
2.321999999999966,1.152345903721328
2.3239999999999656,1.152220569625152
2.3259999999999654,1.1520951964095465
2.327999999999965,1.1519697827533655
2.329999999999965,1.1518443331332286
2.3319999999999648,1.1517188477582387
2.3339999999999645,1.1515933256206459
2.3359999999999643,1.1514677656685186
2.337999999999964,1.1513421671370518
2.339999999999964,1.1512165295479826
2.3419999999999637,1.1510908526274424
2.3439999999999634,1.1509651364422249
2.3459999999999632,1.1508393873746872
2.347999999999963,1.150713606586119
2.349999999999963,1.1505877886546392
2.3519999999999626,1.1504619369464453
2.3539999999999623,1.1503360516667722
2.355999999999962,1.1502101320823042
2.357999999999962,1.1500841773841726
2.3599999999999617,1.1499581869525608
2.3619999999999615,1.149832164852347
2.3639999999999612,1.149706106200457
2.365999999999961,1.149580009606389
2.367999999999961,1.1494538794849192
2.3699999999999606,1.1493277159893074
2.3719999999999604,1.149201518052041
2.37399999999996,1.1490752800706552
2.37599999999996,1.148949005830858
2.3779999999999597,1.1488227004947134
2.3799999999999595,1.1486963590999313
2.3819999999999593,1.1485699802864056
2.383999999999959,1.148443568451494
2.385999999999959,1.1483171191273382
2.3879999999999586,1.1481906357414973
2.3899999999999584,1.1480641183064344
2.391999999999958,1.147937561382793
2.393999999999958,1.147810968628095
2.3959999999999577,1.1476843405430222
2.3979999999999575,1.1475576810993386
2.3999999999999573,1.1474309850075821
2.401999999999957,1.1473042505153623
2.403999999999957,1.1471774818027867
2.4059999999999566,1.1470506743915991
2.4079999999999564,1.1469238317638157
2.409999999999956,1.1467969539900231
2.411999999999956,1.14667004017816
2.4139999999999557,1.146543089411903
2.4159999999999555,1.1464161010105336
2.4179999999999553,1.146289074532335
2.419999999999955,1.146162009705379
2.421999999999955,1.1460349108610843
2.4239999999999546,1.1459077732661687
2.4259999999999544,1.1457806001237354
2.427999999999954,1.145653391305566
2.429999999999954,1.1455261458004953
2.4319999999999538,1.1453988626329707
2.4339999999999535,1.1452715411025818
2.4359999999999533,1.1451441807660172
2.437999999999953,1.1450167813578815
2.439999999999953,1.1448893472274988
2.4419999999999527,1.1447618736503875
2.4439999999999524,1.1446343638458893
2.445999999999952,1.1445068131847351
2.447999999999952,1.1443792252856038
2.4499999999999518,1.144251600397161
2.4519999999999516,1.1441239377679313
2.4539999999999513,1.1439962410917697
2.455999999999951,1.1438685051335784
2.457999999999951,1.1437407282846812
2.4599999999999507,1.143612914883013
2.4619999999999505,1.1434850605476254
2.4639999999999502,1.1433571688472
2.46599999999995,1.1432292399133583
2.46799999999995,1.1431012728974679
2.4699999999999496,1.1429732669164114
2.4719999999999493,1.1428452213216498
2.473999999999949,1.1427171357008388
2.475999999999949,1.1425890143306532
2.4779999999999487,1.1424608524451096
2.4799999999999485,1.142332653258486
2.4819999999999482,1.142204416662524
2.483999999999948,1.1420761416700689
2.485999999999948,1.1419478273292383
2.4879999999999476,1.141819476947948
2.4899999999999474,1.1416910860235903
2.491999999999947,1.1415626532412155
2.493999999999947,1.1414341830417352
2.4959999999999467,1.1413056710568985
2.4979999999999465,1.1411771208556132
2.4999999999999463,1.1410485280399683
2.501999999999946,1.140919897473692
2.503999999999946,1.140791231125594
2.5059999999999456,1.1406625289440275
2.5079999999999454,1.1405337948253957
2.509999999999945,1.1404050235050232
2.511999999999945,1.1402762132786388
2.5139999999999447,1.1401473683972805
2.5159999999999445,1.1400184889182758
2.5179999999999443,1.139889569187581
2.519999999999944,1.1397606126884505
2.521999999999944,1.1396316197962455
2.5239999999999436,1.1395025899049875
2.5259999999999434,1.1393735222946737
2.527999999999943,1.1392444209256378
2.529999999999943,1.1391152807735323
2.5319999999999427,1.138986104892233
2.5339999999999425,1.138856888531081
2.5359999999999423,1.1387276352603117
2.537999999999942,1.1385983453068371
2.539999999999942,1.138469017900499
2.5419999999999416,1.1383396521979754
2.5439999999999414,1.1382102475556204
2.545999999999941,1.1380808037468966
2.547999999999941,1.1379513209016847
2.5499999999999408,1.1378218035653485
2.5519999999999405,1.1376922515676995
2.5539999999999403,1.1375626589433927
2.55599999999994,1.1374330289493764
2.55799999999994,1.1373033618234425
2.5599999999999397,1.137173656886237
2.5619999999999394,1.1370439133823274
2.563999999999939,1.1369141352716123
2.565999999999939,1.1367843175224972
2.5679999999999388,1.1366544586540428
2.5699999999999386,1.1365245631014655
2.5719999999999383,1.136394631043617
2.573999999999938,1.1362646614228509
2.575999999999938,1.1361346485872292
2.5779999999999377,1.1360046009006202
2.5799999999999375,1.1358745144267122
2.5819999999999372,1.135744387563511
2.583999999999937,1.1356142197863013
2.585999999999937,1.1354840155447472
2.5879999999999366,1.1353537702176784
2.5899999999999364,1.135223487148013
2.591999999999936,1.1350931662938617
2.593999999999936,1.1349628066894233
2.5959999999999357,1.1348324073740443
2.5979999999999355,1.1347019676501782
2.5999999999999353,1.1345714916292327
2.601999999999935,1.1344409744006114
2.603999999999935,1.134310419126837
2.6059999999999346,1.134179821108153
2.6079999999999344,1.1340491839749833
2.609999999999934,1.1339185079855232
2.611999999999934,1.13378779238987
2.6139999999999337,1.1336570363635026
2.6159999999999335,1.1335262392850696
2.6179999999999333,1.1333954053093933
2.619999999999933,1.1332645295449277
2.621999999999933,1.1331336151693445
2.6239999999999326,1.1330026574872667
2.6259999999999324,1.1328716601364563
2.627999999999932,1.1327406233847395
2.629999999999932,1.132609546489698
2.6319999999999317,1.1324784286327425
2.6339999999999315,1.1323472737637887
2.6359999999999313,1.1322160768332337
2.637999999999931,1.1320848409296558
2.639999999999931,1.1319535613094118
2.6419999999999306,1.1318222415934471
2.6439999999999304,1.1316908820457157
2.64599999999993,1.1315594819275643
2.64799999999993,1.1314280404252561
2.6499999999999297,1.1312965569275035
2.6519999999999295,1.131165035610884
2.6539999999999293,1.1310334715903372
2.655999999999929,1.1309018680925746
2.657999999999929,1.1307702215490845
2.6599999999999286,1.1306385369463519
2.6619999999999284,1.130506815059026
2.663999999999928,1.1303750552605574
2.665999999999928,1.1302432566923515
2.6679999999999278,1.130111423224472
2.6699999999999275,1.1299795497137415
2.6719999999999273,1.1298476391716796
2.673999999999927,1.1297156867771077
2.675999999999927,1.1295836960962753
2.6779999999999267,1.12945166734504
2.6799999999999264,1.129319599737826
2.681999999999926,1.1291874924139416
2.683999999999926,1.1290553447150327
2.685999999999926,1.1289231607795998
2.6879999999999256,1.1287909356703727
2.6899999999999253,1.1286586725384982
2.691999999999925,1.1285263666419385
2.693999999999925,1.1283940215957653
2.6959999999999247,1.1282616376430992
2.6979999999999245,1.128129214010535
2.6999999999999242,1.127996749846516
2.701999999999924,1.1278642445020415
2.703999999999924,1.1277317021332742
2.7059999999999236,1.12759911783792
2.7079999999999234,1.12746649511016
2.709999999999923,1.127333903550413
2.711999999999923,1.1272013186122565
2.7139999999999227,1.1270687131840216
2.7159999999999225,1.1269360736618204
2.7179999999999223,1.1268033894833098
2.719999999999922,1.1266706630609788
2.721999999999922,1.126537899630392
2.7239999999999216,1.126405094544008
2.7259999999999214,1.1262722463301993
2.727999999999921,1.1261393593442974
2.729999999999921,1.1260064291344498
2.7319999999999207,1.1258734592249557
2.7339999999999205,1.1257404497172698
2.7359999999999203,1.125607399725899
2.73799999999992,1.1254743083285577
2.73999999999992,1.1253411748364444
2.7419999999999196,1.125207998802121
2.7439999999999194,1.125074779952849
2.745999999999919,1.1249415226888373
2.747999999999919,1.1248082268459014
2.7499999999999187,1.1246748864623246
2.7519999999999185,1.124541504824832
2.7539999999999183,1.1244080822167128
2.755999999999918,1.1242746225645515
2.757999999999918,1.1241411205034468
2.7599999999999176,1.124007574220673
2.7619999999999174,1.1238739879513382
2.763999999999917,1.1237403572057791
2.765999999999917,1.1236066855221187
2.7679999999999167,1.1234729730304398
2.7699999999999165,1.1233392188688085
2.7719999999999163,1.1232054221350514
2.773999999999916,1.123071582159524
2.775999999999916,1.1229377030847707
2.7779999999999156,1.1228037800128254
2.7799999999999154,1.1226698161133044
2.781999999999915,1.122535811261008
2.783999999999915,1.1224017598700586
2.7859999999999148,1.1222676656133124
2.7879999999999145,1.122133533626632
2.7899999999999143,1.1219993587931127
2.791999999999914,1.1218651392201275
2.793999999999914,1.1217308790091813
2.7959999999999137,1.1215965735499838
2.7979999999999134,1.1214622263173628
2.7999999999999132,1.1213278374043083
2.801999999999913,1.1211934059372284
2.803999999999913,1.1210589310113424
2.8059999999999126,1.1209244119624096
2.8079999999999123,1.1207898529510396
2.809999999999912,1.1206552490822441
2.811999999999912,1.1205206042676001
2.8139999999999117,1.1203859150917812
2.8159999999999115,1.1202511857484647
2.8179999999999112,1.1201164166618534
2.819999999999911,1.1199816070727635
2.821999999999911,1.1198467606726852
2.8239999999999106,1.1197118721048838
2.8259999999999104,1.1195769396299402
2.82799999999991,1.1194419675654772
2.82999999999991,1.1193069560293056
2.8319999999999097,1.119171903925887
2.8339999999999095,1.1190368101128296
2.8359999999999093,1.1189016737376698
2.837999999999909,1.118766494242335
2.839999999999909,1.1186312712890092
2.8419999999999086,1.1184960092650762
2.8439999999999084,1.1183607033777103
2.845999999999908,1.1182253568559464
2.847999999999908,1.1180899695868212
2.8499999999999077,1.117954540544886
2.8519999999999075,1.1178190687241838
2.8539999999999073,1.1176835533914447
2.855999999999907,1.1175479940740618
2.857999999999907,1.1174123950854653
2.8599999999999066,1.1172767515917028
2.8619999999999064,1.1171410688504486
2.863999999999906,1.1170053447851431
2.865999999999906,1.1168695781396152
2.8679999999999057,1.1167337680944431
2.8699999999999055,1.116597914134286
2.8719999999999053,1.1164620159535203
2.873999999999905,1.1163260779692534
2.875999999999905,1.1161900953968855
2.8779999999999046,1.1160540714777667
2.8799999999999044,1.115918006102939
2.881999999999904,1.1157818982491399
2.883999999999904,1.1156457469100347
2.8859999999999038,1.1155095513483215
2.8879999999999035,1.1153733157012442
2.8899999999999033,1.115237035025041
2.891999999999903,1.1151007124907908
2.893999999999903,1.1149643433477063
2.8959999999999027,1.1148279312310867
2.8979999999999024,1.1146914764076556
2.899999999999902,1.1145549781185042
2.901999999999902,1.1144184355200601
2.9039999999999018,1.1142818525800198
2.9059999999999016,1.114145224205272
2.9079999999999013,1.1140085534757622
2.909999999999901,1.1138718402071157
2.911999999999901,1.1137350833457
2.9139999999999007,1.1135982818833496
2.9159999999999004,1.113461435091953
2.9179999999999002,1.1133245425115785
2.9199999999999,1.1131876038692967
2.9219999999999,1.1130506236255062
2.9239999999998996,1.1129136016290233
2.9259999999998993,1.1127765318577998
2.927999999999899,1.1126394176223195
2.929999999999899,1.1125022592218015
2.9319999999998987,1.11236506064489
2.9339999999998985,1.1122278164894108
2.9359999999998982,1.1120905249132527
2.937999999999898,1.1119531901979713
2.939999999999898,1.1118158124456479
2.9419999999998976,1.1116783859303223
2.9439999999998974,1.1115409141943788
2.945999999999897,1.111403402313522
2.947999999999897,1.111265845058085
2.9499999999998967,1.111128240461924
2.9519999999998965,1.1109905926364465
2.9539999999998963,1.110852896921469
2.955999999999896,1.1107151568260762
2.957999999999896,1.1105773724676258
2.9599999999998956,1.1104395429708154
2.9619999999998954,1.1103016674223736
2.963999999999895,1.1101637453104443
2.965999999999895,1.1100257821020225
2.9679999999998947,1.1098877782060645
2.9699999999998945,1.109749727712536
2.9719999999998943,1.1096116339109816
2.973999999999894,1.1094734970281452
2.975999999999894,1.109335316349697
2.9779999999998936,1.1091970910752629
2.9799999999998934,1.1090588252230167
2.981999999999893,1.1089205136868114
2.983999999999893,1.108782159547543
2.9859999999998927,1.1086437579627042
2.9879999999998925,1.1085053125367224
2.9899999999998923,1.1083668235166326
2.991999999999892,1.108228290123636
2.993999999999892,1.108089716144162
2.9959999999998916,1.107951096226946
2.9979999999998914,1.107812433283164
2.999999999999891,1.107673722367376
3.001999999999891,1.1075349670348582
3.0039999999998908,1.107396167515725
3.0059999999998905,1.1072573230251943
3.0079999999998903,1.1071184326979477
3.00999999999989,1.1069795005220817
3.01199999999989,1.1068405213693007
3.0139999999998897,1.1067014983260806
3.0159999999998894,1.1065624265542822
3.017999999999889,1.1064233098680862
3.019999999999889,1.1062841487809751
3.0219999999998888,1.1061449426181205
3.0239999999998886,1.1060056951973036
3.0259999999998883,1.1058664011599073
3.027999999999888,1.1057270634121859
3.029999999999888,1.1055876769916255
3.0319999999998877,1.1054482454553238
3.0339999999998875,1.105308769029145
3.0359999999998872,1.1051692469271195
3.037999999999887,1.1050296782834046
3.039999999999887,1.1048900670929551
3.0419999999998866,1.1047504082195525
3.0439999999998864,1.1046107047527716
3.045999999999886,1.1044709518424043
3.047999999999886,1.1043311531176572
3.0499999999998857,1.1041913088444257
3.0519999999998855,1.1040514229230072
3.0539999999998853,1.1039114897989455
3.055999999999885,1.103771507518567
3.057999999999885,1.1036314803329277
3.0599999999998846,1.1034914083183296
3.0619999999998844,1.1033512856809566
3.063999999999884,1.1032111159615863
3.065999999999884,1.1030708996001175
3.0679999999998837,1.102930640700324
3.0699999999998835,1.102790333854613
3.0719999999998833,1.102649981874196
3.073999999999883,1.1025095796921964
3.075999999999883,1.102369130820249
3.0779999999998826,1.1022286354662558
3.0799999999998824,1.1020880928396437
3.081999999999882,1.1019475067576057
3.083999999999882,1.1018068718591827
3.0859999999998817,1.1016661864152386
3.0879999999998815,1.101525454859744
3.0899999999998813,1.1013846773860543
3.091999999999881,1.1012438529371473
3.093999999999881,1.1011029803972905
3.0959999999998806,1.100962058931883
3.0979999999998804,1.1008210880036526
3.09999999999988,1.1006800719769156
3.10199999999988,1.1005390106405848
3.1039999999998797,1.1003978978715008
3.1059999999998795,1.100256736988124
3.1079999999998793,1.1001155282983488
3.109999999999879,1.0999742758508209
3.111999999999879,1.0998329742022386
3.1139999999998786,1.0996916214995043
3.1159999999998784,1.099550222817065
3.117999999999878,1.0994087791583793
3.119999999999878,1.0992672897436875
3.1219999999998778,1.0991257534899823
3.1239999999998775,1.0989841695062417
3.1259999999998773,1.098842537178273
3.127999999999877,1.0987008608083055
3.129999999999877,1.098559140129763
3.1319999999998767,1.0984173689512164
3.1339999999998764,1.0982755505485815
3.135999999999876,1.0981336851889645
3.137999999999876,1.0979917721966923
3.139999999999876,1.0978498154940186
3.1419999999998756,1.0977078097545832
3.1439999999998753,1.097565757950509
3.145999999999875,1.0974236551059062
3.147999999999875,1.0972815048107156
3.1499999999998747,1.0971393073044184
3.1519999999998745,1.0969970664978785
3.1539999999998742,1.096854776793021
3.155999999999874,1.096712436200086
3.157999999999874,1.096570048983331
3.1599999999998736,1.096427615215435
3.1619999999998734,1.0962851337582433
3.163999999999873,1.096142603448814
3.165999999999873,1.0960000234510126
3.1679999999998727,1.0958573934438876
3.1699999999998725,1.0957147179537061
3.1719999999998723,1.0955719920965068
3.173999999999872,1.0954292191360708
3.175999999999872,1.0952863989553376
3.1779999999998716,1.0951435304978872
3.1799999999998714,1.0950006127221208
3.181999999999871,1.094857644858755
3.183999999999871,1.0947146311239067
3.1859999999998707,1.094571566482636
3.1879999999998705,1.0944284541422329
3.1899999999998703,1.09428529397285
3.19199999999987,1.0941420849328185
3.19399999999987,1.0939988259935065
3.1959999999998696,1.0938555211143497
3.1979999999998694,1.0937121650731079
3.199999999999869,1.0935688352755424
3.201999999999869,1.0934255051631878
3.2039999999998687,1.0932821460859925
3.2059999999998685,1.093138743501606
3.2079999999998683,1.0929952862285384
3.209999999999868,1.092851776547732
3.211999999999868,1.0927082198444587
3.2139999999998676,1.0925646114529197
3.2159999999998674,1.0924209498800903
3.217999999999867,1.0922772396135907
3.219999999999867,1.092133480841573
3.2219999999998667,1.09198967247037
3.2239999999998665,1.0918458133393685
3.2259999999998663,1.0917019025753998
3.227999999999866,1.0915579396168498
3.229999999999866,1.0914139288223585
3.2319999999998656,1.0912698652879644
3.2339999999998654,1.0911257522746693
3.235999999999865,1.0909815896962838
3.237999999999865,1.0908373765322354
3.2399999999998648,1.0906931117707175
3.2419999999998645,1.090548799371322
3.2439999999998643,1.0904044341499894
3.245999999999864,1.090260019206341
3.247999999999864,1.090115554370028
3.2499999999998637,1.0899710385838413
3.2519999999998634,1.0898264708231797
3.2539999999998632,1.089681850342235
3.255999999999863,1.089537181376607
3.257999999999863,1.0893924636402326
3.2599999999998626,1.0892476909324513
3.2619999999998623,1.089102866541564
3.263999999999862,1.0889579911506648
3.265999999999862,1.0888130696994596
3.2679999999998617,1.088668097126245
3.2699999999998615,1.0885230716255356
3.2719999999998612,1.0883779975037151
3.273999999999861,1.0882328748278711
3.275999999999861,1.0880877024276938
3.2779999999998606,1.0879424790851586
3.2799999999998604,1.0877972038834292
3.28199999999986,1.0876518809378801
3.28399999999986,1.0875065051597046
3.2859999999998597,1.0873610797164064
3.2879999999998595,1.0872156044676142
3.2899999999998593,1.0870700783514238
3.291999999999859,1.0869245003192853
3.293999999999859,1.0867788695958478
3.2959999999998586,1.086633190398609
3.2979999999998584,1.0864874624139453
3.299999999999858,1.0863416793923186
3.301999999999858,1.086195844598171
3.3039999999998577,1.0860499583073795
3.3059999999998575,1.0859040245762142
3.3079999999998573,1.0857580379082492
3.309999999999857,1.0856120010944341
3.311999999999857,1.0854659090899796
3.3139999999998566,1.0853197656050884
3.3159999999998564,1.0851735709332877
3.317999999999856,1.085027324286851
3.319999999999856,1.0848810295033073
3.3219999999998557,1.0847346811514198
3.3239999999998555,1.0845882821593782
3.3259999999998553,1.084441832226081
3.327999999999855,1.0842953302020226
3.329999999999855,1.0841487749994203
3.3319999999998546,1.0840021658256873
3.3339999999998544,1.0838555021728051
3.335999999999854,1.0837087884695804
3.337999999999854,1.0835620245297561
3.3399999999998538,1.0834152088964322
3.3419999999998535,1.0832683401386616
3.3439999999998533,1.083121417213637
3.345999999999853,1.0829744394579321
3.347999999999853,1.0828274112244596
3.3499999999998527,1.0826803275459824
3.3519999999998524,1.0825331916921859
3.353999999999852,1.082386003566691
3.355999999999852,1.0822387621332483
3.3579999999998518,1.0820914711062035
3.3599999999998515,1.081944124980231
3.3619999999998513,1.0817967266703006
3.363999999999851,1.081649271131896
3.365999999999851,1.0815017619672729
3.3679999999998507,1.0813542041899014
3.3699999999998504,1.0812065922913612
3.3719999999998502,1.0810589240826132
3.37399999999985,1.0809112036526167
3.37599999999985,1.0807634309397078
3.3779999999998496,1.0806155999528562
3.3799999999998493,1.080467718959901
3.381999999999849,1.080319783657093
3.383999999999849,1.0801717921265548
3.3859999999998487,1.080023748402577
3.3879999999998485,1.0798756475328235
3.3899999999998482,1.0797274929139955
3.391999999999848,1.0795792845717846
3.393999999999848,1.0794310263152376
3.3959999999998476,1.0792827124105973
3.3979999999998474,1.0791343407802902
3.399999999999847,1.0789859157057369
3.401999999999847,1.0788374372853566
3.4039999999998467,1.0786889043907453
3.4059999999998465,1.078540315841275
3.4079999999998463,1.0783916755240115
3.409999999999846,1.0782429784533096
3.411999999999846,1.0780942284514992
3.4139999999998456,1.0779454256587808
3.4159999999998454,1.0777965690704991
3.417999999999845,1.0776476576087843
3.419999999999845,1.0774986904507902
3.4219999999998447,1.077349671820097
3.4239999999998445,1.0772005966088705
3.4259999999998443,1.0770514680179886
3.427999999999844,1.0769022859026067
3.429999999999844,1.0767530491822876
3.4319999999998436,1.0766037567861475
3.4339999999998434,1.0764544126983817
3.435999999999843,1.0763050116358246
3.437999999999843,1.0761555566999872
3.4399999999998427,1.07600604769672
3.4419999999998425,1.0758564835225783
3.4439999999998423,1.0757068678844461
3.445999999999842,1.0755571952247212
3.447999999999842,1.0754074684584223
3.4499999999998416,1.0752576824903157
3.4519999999998414,1.0751078409433505
3.453999999999841,1.0749579442330328
3.455999999999841,1.074807996480486
3.4579999999998408,1.0746579920646415
3.4599999999998405,1.0745079337232764
3.4619999999998403,1.074357820985793
3.46399999999984,1.0742076477868028
3.46599999999984,1.0740574225158035
3.4679999999998397,1.0739071409177918
3.4699999999998394,1.0737568011062388
3.471999999999839,1.0736064071697058
3.473999999999839,1.073455958936911
3.4759999999998388,1.0733054550430496
3.4779999999998386,1.0731548941450881
3.4799999999998383,1.0730042752567923
3.481999999999838,1.072853597744626
3.483999999999838,1.072702866026701
3.4859999999998377,1.0725520798994284
3.4879999999998375,1.0724012378794312
3.4899999999998372,1.0722503385146214
3.491999999999837,1.0720993807425578
3.493999999999837,1.0719483686882332
3.4959999999998366,1.0717972971717997
3.4979999999998364,1.071646169400322
3.499999999999836,1.0714949852444973
3.501999999999836,1.0713437436380195
3.5039999999998357,1.0711924435274043
3.5059999999998355,1.0710410889428532
3.5079999999998353,1.0708896794038163
3.509999999999835,1.0707382084541437
3.511999999999835,1.070586679338512
3.5139999999998346,1.0704350971346352
3.5159999999998344,1.0702834563812618
3.517999999999834,1.0701317597469446
3.519999999999834,1.0699800018234342
3.5219999999998337,1.0698281860225258
3.5239999999998335,1.0696763124774196
3.5259999999998333,1.0695243803323995
3.527999999999833,1.0693723934865569
3.529999999999833,1.0692203464476724
3.5319999999998326,1.0690682422030642
3.5339999999998324,1.0689160804824727
3.535999999999832,1.068763860144365
3.537999999999832,1.0686115800976168
3.5399999999998317,1.068459244372117
3.5419999999998315,1.068306847671149
3.5439999999998313,1.0681543931465405
3.545999999999831,1.0680018806337712
3.547999999999831,1.0678493090518177
3.5499999999998306,1.0676966821685736
3.5519999999998304,1.0675439944678466
3.55399999999983,1.0673912495214377
3.55599999999983,1.0672384474757695
3.5579999999998297,1.0670855873102758
3.5599999999998295,1.0669326679322386
3.5619999999998293,1.06677968851141
3.563999999999829,1.0666266533311664
3.565999999999829,1.0664735572369581
3.5679999999998286,1.0663204034610099
3.5699999999998284,1.066167191864211
3.571999999999828,1.0660139261913884
3.573999999999828,1.0658606005549296
3.5759999999998278,1.0657072176289983
3.5779999999998275,1.0655537720800732
3.5799999999998273,1.065400267424294
3.581999999999827,1.0652467038548088
3.583999999999827,1.0650930853786478
3.5859999999998267,1.064939406266705
3.5879999999998264,1.064785669269478
3.589999999999826,1.064631874013732
3.591999999999826,1.064478019358886
3.593999999999826,1.0643241041765221
3.5959999999998256,1.0641701276282474
3.5979999999998253,1.0640160940131074
3.599999999999825,1.0638620030252324
3.601999999999825,1.063707848256054
3.6039999999998247,1.06355363786045
3.6059999999998245,1.063399367306507
3.6079999999998242,1.063245034528001
3.609999999999824,1.0630906435640481
3.611999999999824,1.0629361941985271
3.6139999999998236,1.0627816850364544
3.6159999999998234,1.062627114710569
3.617999999999823,1.0624724822189924
3.619999999999823,1.0623177917750992
3.6219999999998227,1.0621630381765188
3.6239999999998225,1.062008224668084
3.6259999999998223,1.06185335112763
3.627999999999822,1.061698421344288
3.629999999999822,1.0615435194590752
3.6319999999998216,1.061388602197629
3.6339999999998214,1.0612336429662204
3.635999999999821,1.0610786231744702
3.637999999999821,1.0609235413319595
3.6399999999998207,1.0607683964019048
3.6419999999998205,1.0606131877464289
3.6439999999998203,1.060457919831188
3.64599999999982,1.0603025876553078
3.64799999999982,1.0601471945497014
3.6499999999998196,1.0599917404632209
3.6519999999998194,1.0598362243693251
3.653999999999819,1.0596806452264835
3.655999999999819,1.0595250070991402
3.6579999999998187,1.0593693046849149
3.6599999999998185,1.0592135411397405
3.6619999999998183,1.0590577163036887
3.663999999999818,1.058901829094206
3.665999999999818,1.0587458832929233
3.6679999999998176,1.0585898733186592
3.6699999999998174,1.0584338021333315
3.671999999999817,1.0582776694577434
3.673999999999817,1.0581214741479432
3.6759999999998167,1.0579652151131274
3.6779999999998165,1.0578088964132553
3.6799999999998163,1.0576525175937177
3.681999999999816,1.0574960721631474
3.683999999999816,1.0573395682457722
3.6859999999998156,1.0571830013236345
3.6879999999998154,1.0570263693475022
3.689999999999815,1.0568696763862961
3.691999999999815,1.0567129224816454
3.6939999999998148,1.0565561067944758
3.6959999999998145,1.0563992282140804
3.6979999999998143,1.0562422858071865
3.699999999999814,1.0560852837885317
3.701999999999814,1.0559282217965664
3.7039999999998137,1.0557710982303032
3.7059999999998134,1.0556139115521461
3.7079999999998132,1.0554566606476377
3.709999999999813,1.0552993496747691
3.711999999999813,1.0551419733962255
3.7139999999998126,1.0549845350423788
3.7159999999998123,1.0548270344919457
3.717999999999812,1.0546694706748925
3.719999999999812,1.0545118473950206
3.7219999999998117,1.0543541639805505
3.7239999999998115,1.0541964138139064
3.7259999999998112,1.054038600074269
3.727999999999811,1.05388072785439
3.729999999999811,1.05372279161733
3.7319999999998106,1.0535647940344108
3.7339999999998104,1.053406729626574
3.73599999999981,1.0532486018402674
3.73799999999981,1.0530904157103642
3.7399999999998097,1.0529321655549821
3.7419999999998095,1.0527738490482386
3.7439999999998093,1.0526154703376434
3.745999999999809,1.0524570293868072
3.747999999999809,1.0522985249511623
3.7499999999998086,1.0521399606534994
3.7519999999998084,1.0519813307299042
3.753999999999808,1.0518226380698663
3.755999999999808,1.051663882352833
3.7579999999998077,1.0515050624121798
3.7599999999998075,1.0513461771488108
3.7619999999998073,1.051187225773213
3.763999999999807,1.0510282126881894
3.765999999999807,1.0508691376695407
3.7679999999998066,1.0507099992164766
3.7699999999998064,1.0505507958640568
3.771999999999806,1.0503915314525376
3.773999999999806,1.0502322004880025
3.7759999999998057,1.0500728060940807
3.7779999999998055,1.0499133481291525
3.7799999999998053,1.0497538255554373
3.781999999999805,1.0495942422466171
3.783999999999805,1.0494345926143547
3.7859999999998046,1.0492748796901117
3.7879999999998044,1.0491151032439758
3.789999999999804,1.0489552621674194
3.791999999999804,1.0487953603111824
3.7939999999998038,1.048635392076328
3.7959999999998035,1.0484753605012984
3.7979999999998033,1.0483152653684413
3.799999999999803,1.0481551055832785
3.801999999999803,1.0479948801038195
3.8039999999998027,1.0478345931026969
3.8059999999998024,1.0476742441973612
3.807999999999802,1.047513831803073
3.809999999999802,1.0473533544312756
3.8119999999998018,1.0471928110383057
3.8139999999998015,1.0470322059202066
3.8159999999998013,1.0468715339018548
3.817999999999801,1.0467107983576893
3.819999999999801,1.046549999295781
3.8219999999998007,1.0463891406800223
3.8239999999998004,1.046228216689394
3.8259999999998002,1.046067230209523
3.8279999999998,1.045906181329319
3.8299999999998,1.0457450690952028
3.8319999999997996,1.0455838924809562
3.8339999999997993,1.0454226507280233
3.835999999999799,1.045261348298967
3.837999999999799,1.045099985016074
3.8399999999997987,1.0449385594197467
3.8419999999997985,1.0447770700985413
3.8439999999997982,1.0446155209872525
3.845999999999798,1.044453906635482
3.847999999999798,1.0442922302762887
3.8499999999997976,1.0441304919359915
3.8519999999997974,1.0439686906963481
3.853999999999797,1.043806830559506
3.855999999999797,1.0436449059968123
3.8579999999997967,1.0434829201535976
3.8599999999997965,1.043320872905344
3.8619999999997963,1.0431587632479447
3.863999999999796,1.0429965902354932
3.865999999999796,1.0428343581805863
3.8679999999997956,1.0426720668253506
3.8699999999997954,1.0425097097595883
3.871999999999795,1.0423472954423754
3.873999999999795,1.0421848195152728
3.8759999999997947,1.0420222801138432
3.8779999999997945,1.0418596816111954
3.8799999999997943,1.0416970240945358
3.881999999999794,1.0415343064494416
3.883999999999794,1.0413715275884723
3.8859999999997936,1.041208686802132
3.8879999999997934,1.0410457887177278
3.889999999999793,1.0408828333557458
3.891999999999793,1.0407198194864664
3.8939999999997927,1.0405567459441416
3.8959999999997925,1.040393611997567
3.8979999999997923,1.0402304223003445
3.899999999999792,1.0400671719841255
3.901999999999792,1.0399038647982646
3.9039999999997916,1.0397405011068883
3.9059999999997914,1.0395770852798136
3.907999999999791,1.0394136118478194
3.909999999999791,1.0392500840629608
3.9119999999997908,1.0390864970242226
3.9139999999997905,1.0389228549020615
3.9159999999997903,1.0387591585421243
3.91799999999979,1.0385954127391164
3.91999999999979,1.038431612350899
3.9219999999997897,1.038267760902155
3.9239999999997894,1.0381038537215457
3.925999999999789,1.0379398952061467
3.927999999999789,1.037775891400472
3.9299999999997888,1.037611837454022
3.9319999999997886,1.037447731920925
3.9339999999997883,1.0372835799915714
3.935999999999788,1.0371193826588438
3.937999999999788,1.036955139733843
3.9399999999997877,1.036790851059581
3.9419999999997875,1.0366265168769548
3.9439999999997872,1.0364621378446877
3.945999999999787,1.036297719938098
3.947999999999787,1.0361332594826398
3.9499999999997866,1.0359687614353663
3.9519999999997864,1.0358042273891643
3.953999999999786,1.0356396581800902
3.955999999999786,1.0354750549321836
3.9579999999997857,1.0353104189540672
3.9599999999997855,1.035145756846651
3.9619999999997852,1.0349810656257508
3.963999999999785,1.0348163510647383
3.965999999999785,1.0346516156981607
3.9679999999997846,1.0344868562932619
3.9699999999997844,1.0343220798196044
3.971999999999784,1.0341572903582614
3.973999999999784,1.0339924911317486
3.9759999999997837,1.0338276854753627
3.9779999999997835,1.0336628822556053
3.9799999999997833,1.033498081050388
3.981999999999783,1.0333332855382638
3.983999999999783,1.0331685014760645
3.9859999999997826,1.0330037357697992
3.9879999999997824,1.032839001172285
3.989999999999782,1.0326743013371535
3.991999999999782,1.0325096443831847
3.9939999999997817,1.0323450410581727
3.9959999999997815,1.0321805040500645
3.9979999999997813,1.0320160479452518
3.999999999999781,1.0318516845459706
4.001999999999781,1.0316874384147594
4.003999999999781,1.031523329259995
4.005999999999781,1.0313593850613991
4.007999999999781,1.031195636125283
4.00999999999978,1.031032204184319
4.01199999999978,1.0308691183477885
4.01399999999978,1.030706413021505
4.01599999999978,1.0305441734577852
4.0179999999997795,1.0303825286409114
4.019999999999779,1.0302216926681818
4.021999999999779,1.0300620298144683
4.023999999999779,1.0299043293514893
4.025999999999779,1.0297522892281519
4.027999999999778,0.7392172473065122
4.029999999999778,0.5979825362868307
4.031999999999778,0.533047835490508
4.033999999999778,0.5052616938392575
4.0359999999997775,0.4946654747517703
4.037999999999777,0.4915339126912006
4.039999999999777,0.49126125678459076
4.041999999999777,0.4918192976420184
4.043999999999777,0.49240583414684524
4.045999999999776,0.49276596904665354
4.047999999999776,0.4928627267027647
4.049999999999776,0.49273686838833014
4.051999999999776,0.49244524175837606
4.053999999999776,0.4920385090907945
4.055999999999775,0.4915554246042316
4.057999999999775,0.4910233841460969
4.059999999999775,0.4904608226642899
4.061999999999775,0.4898797301405685
4.0639999999997745,0.48928770485609197
4.065999999999774,0.4886894668126792
4.067999999999774,0.48808789864101376
4.069999999999774,0.48748473476917414
4.071999999999774,0.4868810063287942
4.073999999999773,0.48627732043159827
4.075999999999773,0.4856740307441366
4.077999999999773,0.48507134211664205
4.079999999999773,0.48446937258527706
4.0819999999997725,0.48386819056021996
4.083999999999772,0.48326783548121055
4.085999999999772,0.482668331416065
4.087999999999772,0.4820696921096026
4.089999999999772,0.4814719274642002
4.091999999999771,0.4808750440939444
4.093999999999771,0.48027904681397643
4.095999999999771,0.4796839394122784
4.097999999999771,0.4790897250215489
4.0999999999997705,0.4784964063132167
4.10199999999977,0.4779039855996766
4.10399999999977,0.4772818839544608
4.10599999999977,0.4766559542457761
4.10799999999977,0.4760352528945684
4.109999999999769,0.4754217590972872
4.111999999999769,0.47481483705712324
4.113999999999769,0.4742131578226939
4.115999999999769,0.47361544035348724
4.1179999999997685,0.47302067422242633
4.119999999999768,0.4724281354721778
4.121999999999768,0.471837334351593
4.123999999999768,0.47124795210411896
4.125999999999768,0.4706597869356786
4.127999999999767,0.47007271365910996
4.129999999999767,0.4694866559608668
4.131999999999767,0.4689015676510466
4.133999999999767,0.46831742097425283
4.1359999999997665,0.4677341991821288
4.137999999999766,0.4671518918938473
4.139999999999766,0.46657049267742223
4.141999999999766,0.4659899971136567
4.143999999999766,0.4654104020796308
4.145999999999765,0.4648317052537556
4.147999999999765,0.46425390453471066
4.149999999999765,0.46367699808541735
4.151999999999765,0.4631009842089183
4.1539999999997645,0.4625258611936295
4.155999999999764,0.4619516275255523
4.157999999999764,0.461378281657544
4.159999999999764,0.460805821948033
4.161999999999764,0.46023424691470405
4.1639999999997634,0.45966355502345274
4.165999999999763,0.4590937446487646
4.167999999999763,0.4585248142316588
4.169999999999763,0.4579567623181362
4.171999999999763,0.4573895873180073
4.173999999999762,0.45682328768638275
4.175999999999762,0.4562578619023169
4.177999999999762,0.4556933085196048
4.179999999999762,0.45512962595472356
4.1819999999997615,0.45456681267343
4.183999999999761,0.45400486716095895
4.185999999999761,0.45344378790816475
4.187999999999761,0.45288357341124463
4.189999999999761,0.4523242221013733
4.19199999999976,0.45176573253847535
4.19399999999976,0.4512081032427406
4.19599999999976,0.450651332721537
4.19799999999976,0.45009541947843634
4.1999999999997595,0.44954036202042713
4.201999999999759,0.4489861587922417
4.203999999999759,0.448432808363393
4.205999999999759,0.44788030926824596
4.207999999999759,0.4473286599693219
4.209999999999758,0.44677785904285294
4.211999999999758,0.4462279050275267
4.213999999999758,0.44567879639754016
4.215999999999758,0.44513053173311173
4.2179999999997575,0.44458310958173564
4.219999999999757,0.44403652842759833
4.221999999999757,0.4434907868514071
4.223999999999757,0.4429458834120301
4.225999999999757,0.442401816605649
4.227999999999756,0.441858585018266
4.229999999999756,0.44131618721508775
4.231999999999756,0.44077462170508874
4.233999999999756,0.4402338870836643
4.2359999999997555,0.4396939819228842
4.237999999999755,0.43915490478213903
4.239999999999755,0.4386166541816803
4.241999999999755,0.4380792287245017
4.243999999999755,0.437542626993515
4.245999999999754,0.4370068475646984
4.247999999999754,0.436471889008781
4.249999999999754,0.4359377498666865
4.251999999999754,0.4354044287519184
4.2539999999997535,0.4348719242604959
4.255999999999753,0.4343402349787539
4.257999999999753,0.4338093594974498
4.259999999999753,0.43327929640541224
4.261999999999753,0.43275004429675334
4.263999999999752,0.4322216017990601
4.265999999999752,0.43169396748087707
4.267999999999752,0.431167139936816
4.269999999999752,0.43064111776859415
4.2719999999997516,0.43011589961665453
4.273999999999751,0.4295914840678733
4.275999999999751,0.4290678697263752
4.277999999999751,0.4285450552334011
4.279999999999751,0.4280230391837508
4.2819999999997505,0.42750182021997596
4.28399999999975,0.4269813969660429
4.28599999999975,0.426461768041087
4.28799999999975,0.4259429320473026
4.28999999999975,0.42542488763083136
4.291999999999749,0.42490763342695703
4.293999999999749,0.42439116807201727
4.295999999999749,0.4238754901956595
4.297999999999749,0.4233605984589818
4.2999999999997485,0.4228464914816891
4.301999999999748,0.42233316790200615
4.303999999999748,0.42182062638177126
4.305999999999748,0.42130886555257174
4.307999999999748,0.42079788408079166
4.309999999999747,0.42028768063745453
4.311999999999747,0.4197782539425262
4.313999999999747,0.41926960243744527
4.315999999999747,0.41876172487091956
4.3179999999997465,0.4182546199402479
4.319999999999746,0.4177482863174494
4.321999999999746,0.4172427226799327
4.323999999999746,0.41673792768261814
4.325999999999746,0.41623390000251964
4.327999999999745,0.41573063829918266
4.329999999999745,0.41522814125522545
4.331999999999745,0.4147264075463126
4.333999999999745,0.41422543585033367
4.3359999999997445,0.4137252248449391
4.337999999999744,0.4132257732148123
4.339999999999744,0.4127270796461277
4.341999999999744,0.41222914283275736
4.343999999999744,0.41173196145822755
4.345999999999743,0.411235534220055
4.347999999999743,0.41073985981277966
4.349999999999743,0.41024493693351827
4.351999999999743,0.40975076427892365
4.3539999999997425,0.40925734054906643
4.355999999999742,0.4087646644479678
4.357999999999742,0.408272734685205
4.359999999999742,0.40778154996680005
4.361999999999742,0.40729110900259846
4.363999999999741,0.40680141050435376
4.365999999999741,0.4063124531872536
4.367999999999741,0.4058242357657544
4.369999999999741,0.40533675696187377
4.3719999999997405,0.40485001549270616
4.37399999999974,0.404364010082773
4.37599999999974,0.40387873945717384
4.37799999999974,0.4033942023413999
4.37999999999974,0.40291039746604174
4.381999999999739,0.40242732356186073
4.383999999999739,0.40194497936293616
4.385999999999739,0.40146336360588863
4.387999999999739,0.4009824750269991
4.3899999999997386,0.4005023123664083
4.391999999999738,0.40002287436591927
4.393999999999738,0.39954415977288427
4.395999999999738,0.3990661673266888
4.397999999999738,0.39858889578166146
4.3999999999997375,0.39811234388581374
4.401999999999737,0.3976365103926956
4.403999999999737,0.39716139404990114
4.405999999999737,0.396686993622141
4.407999999999737,0.3962133078637365
4.409999999999736,0.39574033554408067
4.411999999999736,0.3952680754224142
4.413999999999736,0.3947965262623282
4.415999999999736,0.3943256868236402
4.4179999999997355,0.3938555558872928
4.419999999999735,0.3933861322181209
4.421999999999735,0.3929174145922507
4.423999999999735,0.39244940178611276
4.425999999999735,0.3919820925803303
4.427999999999734,0.3915154857467782
4.429999999999734,0.3910495800668703
4.431999999999734,0.39058437432709014
4.433999999999734,0.3901198673189768
4.4359999999997335,0.3896560578333405
4.437999999999733,0.3891929446492225
4.439999999999733,0.3887305265615737
4.441999999999733,0.3882688023688353
4.443999999999733,0.3878077708704779
4.445999999999732,0.38734743085411527
4.447999999999732,0.38688778113820654
4.449999999999732,0.3864288205144498
4.451999999999732,0.385970547774329
4.4539999999997315,0.38551296174298044
4.455999999999731,0.3850560612211194
4.457999999999731,0.3845998450225676
4.459999999999731,0.38414431196544563
4.461999999999731,0.3836894608688774
4.46399999999973,0.38323529053771693
4.46599999999973,0.38278179979181776
4.46799999999973,0.3823289874596518
4.46999999999973,0.3818768523699727
4.4719999999997295,0.3814253933341162
4.473999999999729,0.38097460918344184
4.475999999999729,0.3805244987533538
4.477999999999729,0.3800750608809802
4.479999999999729,0.3796262943868223
4.481999999999728,0.3791781981089758
4.483999999999728,0.3787307708913108
4.485999999999728,0.3782840115812385
4.487999999999728,0.3778379190068343
4.4899999999997275,0.3773924920142365
4.491999999999727,0.37694772945694516
4.493999999999727,0.376503630189306
4.495999999999727,0.37606019304738625
4.497999999999727,0.37561741688498246
4.499999999999726,0.37517530056498716
4.501999999999726,0.37473384292985
4.503999999999726,0.37429304284122733
4.505999999999726,0.37385289916957637
4.507999999999726,0.37341341076241763
4.509999999999725,0.3729745765121936
4.511999999999725,0.3725363952742531
4.513999999999725,0.37209886589776164
4.515999999999725,0.3716619872799579
4.5179999999997245,0.3712257582846448
4.519999999999724,0.37079017778882906
4.521999999999724,0.37035524465312575
4.523999999999724,0.3699209577875063
4.525999999999724,0.3694873160602858
4.527999999999723,0.3690543183333423
4.529999999999723,0.36862196352138404
4.531999999999723,0.3681902505012067
4.533999999999723,0.36775917814079534
4.5359999999997225,0.3673287453626157
4.537999999999722,0.36689895104926445
4.539999999999722,0.3664697941010936
4.541999999999722,0.36604127339860615
4.543999999999722,0.3656133878465609
4.545999999999721,0.36518613635878927
4.547999999999721,0.364759517821568
4.549999999999721,0.36433353117462597
4.551999999999721,0.3639081753115932
4.5539999999997205,0.36348344911728936
4.55599999999972,0.36305935150942864
4.55799999999972,0.36263588141529474
4.55999999999972,0.3622130377623242
4.56199999999972,0.36179081944956
4.563999999999719,0.3613692254012917
4.565999999999719,0.36094825452209967
4.567999999999719,0.3605279057437681
4.569999999999719,0.36010817800621764
4.5719999999997185,0.35968907024897967
4.573999999999718,0.3592705813825332
4.575999999999718,0.35885271034215893
4.577999999999718,0.3584354560441483
4.579999999999718,0.35801881743256847
4.581999999999717,0.35760279345910595
4.583999999999717,0.35718738307579934
4.585999999999717,0.3567725852041624
4.587999999999717,0.35635839876338615
4.5899999999997165,0.35594482273823
4.591999999999716,0.35553185606451937
4.593999999999716,0.35511949766935
4.595999999999716,0.35470774654230863
4.597999999999716,0.35429660159507537
4.599999999999715,0.3538860618175377
4.601999999999715,0.3534761261547785
4.603999999999715,0.3530667935740389
4.605999999999715,0.3526580630181528
4.6079999999997145,0.35224993346029854
4.609999999999714,0.35184240388041604
4.611999999999714,0.35143547322652835
4.613999999999714,0.35102914047641814
4.615999999999714,0.3506234046149904
4.6179999999997134,0.35021826459503963
4.619999999999713,0.3498137193679313
4.621999999999713,0.34940976650817773
4.623999999999713,0.34900640796752
4.625999999999713,0.348603641561628
4.627999999999712,0.34820146587502065
4.629999999999712,0.34779987980140925
4.631999999999712,0.34739888234223165
4.633999999999712,0.34699847249328186
4.6359999999997115,0.346598649249611
4.637999999999711,0.3461994116378445
4.639999999999711,0.34580075868678
4.641999999999711,0.34540268938698465
4.643999999999711,0.34500520275297186
4.64599999999971,0.3446082978041946
4.64799999999971,0.3442119735237592
4.64999999999971,0.34381622892516334
4.65199999999971,0.3434210629987179
4.6539999999997095,0.34302647392689767
4.655999999999709,0.34263246242225237
4.657999999999709,0.3422390268501633
4.659999999999709,0.341846166007789
4.661999999999709,0.3414538788304148
4.663999999999708,0.3410621643455732
4.665999999999708,0.34067102157093726
4.667999999999708,0.3402804495566038
4.669999999999708,0.3398904473558896
4.6719999999997075,0.339501013983145
4.673999999999707,0.33911214847938237
4.675999999999707,0.3387238498575033
4.677999999999707,0.33833611712780043
4.679999999999707,0.33794894937388176
4.681999999999706,0.3375623456192207
4.683999999999706,0.337176304875665
4.685999999999706,0.3367908261930315
4.687999999999706,0.3364059086305649
4.6899999999997055,0.33602155121130767
4.691999999999705,0.33563775295412984
4.693999999999705,0.33525451295331765
4.695999999999705,0.3348718302093918
4.697999999999705,0.33448970381408416
4.699999999999704,0.33410813277031187
4.701999999999704,0.3337271161743286
4.703999999999704,0.3333466530679282
4.705999999999704,0.3329667424830697
4.7079999999997035,0.33258738349157185
4.709999999999703,0.3322085751730938
4.711999999999703,0.33183031657051726
4.713999999999703,0.3314526067233046
4.715999999999703,0.33107544474817224
4.717999999999702,0.33069882966445474
4.719999999999702,0.33032277146612177
4.721999999999702,0.32994729913322557
4.723999999999702,0.32957239050240883
4.7259999999997016,0.329198034032855
4.727999999999701,0.3288242236284801
4.729999999999701,0.328450956030587
4.731999999999701,0.3280782292158786
4.733999999999701,0.32770604182594704
4.7359999999997004,0.32733439279657556
4.7379999999997,0.326963281144353
4.7399999999997,0.32659270596166157
4.7419999999997,0.3262226663251534
4.7439999999997,0.3258531613467994
4.745999999999699,0.3254841901084216
4.747999999999699,0.3251157517234737
4.749999999999699,0.32474784531041945
4.751999999999699,0.3243804699124072
4.7539999999996985,0.32401362467523465
4.755999999999698,0.3236473086542275
4.757999999999698,0.3232815209999961
4.759999999999698,0.3229162601378437
4.761999999999698,0.32255152658096065
4.763999999999697,0.32218731883097007
4.765999999999697,0.3218236358537998
4.767999999999697,0.3214604766705861
4.769999999999697,0.32109784044622025
4.7719999999996965,0.3207357262657824
4.773999999999696,0.32037413327262265
4.775999999999696,0.3200130606195487
4.777999999999696,0.31965250741938456
4.779999999999696,0.3192924728119729
4.781999999999695,0.318932955905552
4.783999999999695,0.3185739558060863
4.785999999999695,0.31821547165969355
4.787999999999695,0.3178575026182412
4.7899999999996945,0.3175000477957917
4.791999999999694,0.31714310630137577
4.793999999999694,0.31678667728575355
4.795999999999694,0.31643075990664604
4.797999999999694,0.31607535324796093
4.799999999999693,0.31572045649570535
4.801999999999693,0.31536606874465206
4.803999999999693,0.3150121891851633
4.805999999999693,0.31465881691429304
4.8079999999996925,0.3143059510898367
4.809999999999692,0.3139535908818954
4.811999999999692,0.31360173542374453
4.813999999999692,0.3132503837751937
4.815999999999692,0.3128995348208107
4.817999999999691,0.31254918833757755
4.819999999999691,0.31219934354404355
4.821999999999691,0.3118499992918936
4.823999999999691,0.31150115467175443
4.8259999999996905,0.31115280881831126
4.82799999999969,0.3108049608864153
4.82999999999969,0.31045761007223094
4.83199999999969,0.3101107555763368
4.83399999999969,0.309764396556745
4.835999999999689,0.30941853216362525
4.837999999999689,0.30907316158482795
4.839999999999689,0.3087282839808495
4.841999999999689,0.3083838985085018
4.8439999999996886,0.3080400043630896
4.845999999999688,0.30769660074520133
4.847999999999688,0.3073536868160751
4.849999999999688,0.3070112617334457
4.851999999999688,0.3066693246951309
4.8539999999996875,0.3063278748694775
4.855999999999687,0.30598691145822426
4.857999999999687,0.3056464336326674
4.859999999999687,0.3053064405607661
4.861999999999687,0.3049669314500234
4.863999999999686,0.30462790548023366
4.865999999999686,0.30428936186168776
4.867999999999686,0.30395129977311075
4.869999999999686,0.3036137183910826
4.8719999999996855,0.30327661693220254
4.873999999999685,0.3029399945829738
4.875999999999685,0.30260385056134886
4.877999999999685,0.302268184055007
4.879999999999685,0.30193299424808284
4.881999999999684,0.30159828036353337
4.883999999999684,0.3012640415949539
4.885999999999684,0.3009302771690769
4.887999999999684,0.30059698628119486
4.8899999999996835,0.30026416812232903
4.891999999999683,0.29993182192386586
4.893999999999683,0.29959994688859964
4.895999999999683,0.2992685422481997
4.897999999999683,0.29893760720520857
4.899999999999682,0.2986071409598627
4.901999999999682,0.29827714274961364
4.903999999999682,0.297947611784547
4.905999999999682,0.29761854730397386
4.9079999999996815,0.2972899485183441
4.909999999999681,0.29696181463549903
4.911999999999681,0.29663414490073736
4.913999999999681,0.29630693853153417
4.915999999999681,0.29598019474127946
4.91799999999968,0.29565391278081216
4.91999999999968,0.2953280918744462
4.92199999999968,0.2950027312408595
4.92399999999968,0.29467783013527177
4.9259999999996795,0.2943533877853719
4.927999999999679,0.29402940344817524
4.929999999999679,0.29370587635049833
4.931999999999679,0.29338280571595354
4.933999999999679,0.2930601908051662
4.935999999999678,0.2927380308514834
4.937999999999678,0.2924163250854307
4.939999999999678,0.2920950727740581
4.941999999999678,0.2917742731570325
4.9439999999996775,0.29145392550084387
4.945999999999677,0.2911340290127188
4.947999999999677,0.2908145829602048
4.949999999999677,0.29049558662224645
4.951999999999677,0.2901770392445425
4.953999999999676,0.2898589400672279
4.955999999999676,0.2895412883342241
4.957999999999676,0.28922408332719085
4.959999999999676,0.28890732429973937
4.961999999999676,0.28859101053136627
4.963999999999675,0.28827514127504406
4.965999999999675,0.2879597157808703
4.967999999999675,0.2876447333326878
4.969999999999675,0.28733019318804764
4.9719999999996745,0.28701609460248606
4.973999999999674,0.2867024368353337
4.975999999999674,0.28638921918039106
4.977999999999674,0.2860764409057259
4.979999999999674,0.2857641013042421
4.981999999999673,0.2854521996414867
4.983999999999673,0.2851407351797375
4.985999999999673,0.2848297071854485
4.987999999999673,0.28451911495888416
4.9899999999996725,0.28420895777654903
4.991999999999672,0.28389923493781194
4.993999999999672,0.28358994571768287
4.995999999999672,0.2832810893868193
4.997999999999672,0.2829726652189828
4.999999999999671,0.2826646725244425
5.001999999999671,0.2823571105853518
5.003999999999671,0.2820499786822358
5.005999999999671,0.28174327612528155
5.0079999999996705,0.2814370022008219
5.00999999999967,0.2811311561925257
5.01199999999967,0.2808257373863695
5.01399999999967,0.2805207450998828
5.01599999999967,0.2802161786277669
5.017999999999669,0.27991203728591174
5.019999999999669,0.27960832036654937
5.021999999999669,0.2793050271585294
5.023999999999669,0.27900215695468694
5.0259999999996685,0.2786997090791178
5.027999999999668,0.2783976828327459
5.029999999999668,0.27809607751433535
5.031999999999668,0.2777948924233221
5.033999999999668,0.2774941268909009
5.035999999999667,0.27719378022383057
5.037999999999667,0.27689385172559766
5.039999999999667,0.2765943407276825
5.041999999999667,0.27629524608871986
5.0439999999996665,0.27599656808753315
5.045999999999666,0.27569830564599823
5.047999999999666,0.2754004579449322
5.049999999999666,0.27510302426616257
5.051999999999666,0.2748060039310104
5.053999999999665,0.27450939629423665
5.055999999999665,0.27421320066087446
5.057999999999665,0.27391741640594913
5.059999999999665,0.27362204283361136
5.0619999999996645,0.27332707928742517
5.063999999999664,0.27303252509172415
5.065999999999664,0.27273837957036773
5.067999999999664,0.27244464204905383
5.069999999999664,0.2721513118793872
5.0719999999996634,0.2718583883917489
5.073999999999663,0.2715658709135782
5.075999999999663,0.2712737587972242
5.077999999999663,0.27098205137548975
5.079999999999663,0.2706907479782591
5.081999999999662,0.27039984793799465
5.083999999999662,0.2701093506128176
5.085999999999662,0.26981925532005185
5.087999999999662,0.26952956144044493
5.0899999999996615,0.2692402682954299
5.091999999999661,0.2689513752207946
5.093999999999661,0.2686628815816873
5.095999999999661,0.2683747867251828
5.097999999999661,0.26808709001621633
5.09999999999966,0.2677997907783897
5.10199999999966,0.26751288837553966
5.10399999999966,0.26722638215824857
5.10599999999966,0.26694027147637234
5.1079999999996595,0.2666545557020065
5.109999999999659,0.26636923418812347
5.111999999999659,0.2660843062856261
5.113999999999659,0.2657997713468673
5.115999999999659,0.2655156287287891
5.117999999999658,0.26523187781038543
5.119999999999658,0.26494851795353314
5.121999999999658,0.264665548515703
5.123999999999658,0.26438296885686763
5.1259999999996575,0.2641007783596154
5.127999999999657,0.26381897638853885
5.129999999999657,0.2635375623058643
5.131999999999657,0.2632565354762289
5.133999999999657,0.26297589528484155
5.135999999999656,0.2626956410840332
5.137999999999656,0.26241577225887713
5.139999999999656,0.2621362881845418
5.141999999999656,0.2618571882494471
5.1439999999996555,0.2615784718094081
5.145999999999655,0.2613001382539058
5.147999999999655,0.2610221869605214
5.149999999999655,0.26074461732199583
5.151999999999655,0.26046742869883477
5.153999999999654,0.26019062048391056
5.155999999999654,0.2599141920424912
5.157999999999654,0.25963814278992037
5.159999999999654,0.2593624720951757
5.1619999999996535,0.2590871793398082
5.163999999999653,0.2588122639256428
5.165999999999653,0.2585377252395711
5.167999999999653,0.25826356266934103
5.169999999999653,0.25798977560364444
5.171999999999652,0.25771636344641563
5.173999999999652,0.25744332557555316
5.175999999999652,0.2571706613962025
5.177999999999652,0.2568983703036752
5.1799999999996515,0.25662645170656034
5.181999999999651,0.2563549049859356
5.183999999999651,0.2560837295503113
5.185999999999651,0.2558129247993138
5.187999999999651,0.2555424901304908
5.1899999999996504,0.25527242494447233
5.19199999999965,0.2550027286444961
5.19399999999965,0.2547334006458233
5.19599999999965,0.2544644403418056
5.19799999999965,0.2541958471486563
5.199999999999649,0.2539276204868495
5.201999999999649,0.25365975975093463
5.203999999999649,0.2533922643466707
5.205999999999649,0.25312513369530665
5.2079999999996485,0.2528583672085868
5.209999999999648,0.2525919642980496
5.211999999999648,0.2523259243768463
5.213999999999648,0.2520602468577267
5.215999999999648,0.2517949311687241
5.217999999999647,0.25152997672615246
5.219999999999647,0.2512653829364192
5.221999999999647,0.25100114922696254
5.223999999999647,0.25073727502857523
5.2259999999996465,0.2504737597535162
5.227999999999646,0.250210602829647
5.229999999999646,0.24994780367329567
5.231999999999646,0.24968536171639072
5.233999999999646,0.24942327638520173
5.235999999999645,0.24916154710517185
5.237999999999645,0.24890017331236503
5.239999999999645,0.24863915442686252
5.241999999999645,0.24837848988572805
5.2439999999996445,0.24811817911258136
5.245999999999644,0.24785822154636616
5.247999999999644,0.2475986166207238
5.249999999999644,0.24733936377611557
5.251999999999644,0.24708046244075949
5.253999999999643,0.24682191205571918
5.255999999999643,0.24656371205332178
5.257999999999643,0.2463058618766789
5.259999999999643,0.24604836096596977
5.2619999999996425,0.2457912087611267
5.263999999999642,0.24553440470348084
5.265999999999642,0.24527794824025176
5.267999999999642,0.24502183881103728
5.269999999999642,0.24476607586415672
5.271999999999641,0.24451065884519857
5.273999999999641,0.2442555871997006
5.275999999999641,0.24400086037617075
5.277999999999641,0.24374647782364178
5.2799999999996405,0.2434924389930364
5.28199999999964,0.2432387433361991
5.28399999999964,0.24298539030553068
5.28599999999964,0.24273237935173175
5.28799999999964,0.24247970993108753
5.289999999999639,0.24222738149761447
5.291999999999639,0.24197539350827874
5.293999999999639,0.24172374542114394
5.295999999999639,0.24147243669337076
5.2979999999996386,0.2412214667835478
5.299999999999638,0.24097083515179468
5.301999999999638,0.24072054126003622
5.303999999999638,0.2404705845699616
5.305999999999638,0.2402209645451499
5.3079999999996375,0.23997168064900484
5.309999999999637,0.23972273234575756
5.311999999999637,0.23947411910315738
5.313999999999637,0.23922584038666445
5.315999999999637,0.2389778956659473
5.317999999999636,0.23873028440806066
5.319999999999636,0.23848300608633025
5.321999999999636,0.23823606016863863
5.323999999999636,0.23798944612592993
5.3259999999996355,0.2377431634320235
5.327999999999635,0.23749721155762393
5.329999999999635,0.23725158998097712
5.331999999999635,0.23700629817912344
5.333999999999635,0.23676133562473653
5.335999999999634,0.2365167018006506
5.337999999999634,0.2362723961802497
5.339999999999634,0.23602841824290854
5.341999999999634,0.23578476746887192
5.3439999999996335,0.23554144334087662
5.345999999999633,0.2352984453435186
5.347999999999633,0.23505577295884322
5.349999999999633,0.23481342567197433
5.351999999999633,0.23457140296785933
5.353999999999632,0.23432970432588812
5.355999999999632,0.23408832924078157
5.357999999999632,0.2338472771936404
5.359999999999632,0.23360654767275907
5.3619999999996315,0.23336614017898233
5.363999999999631,0.2331260541954291
5.365999999999631,0.23288628921229018
5.367999999999631,0.23264684472308114
5.369999999999631,0.2324077202211281
5.37199999999963,0.23216891519226762
5.37399999999963,0.2319304291431762
5.37599999999963,0.23169226157324946
5.37799999999963,0.23145441196811312
5.3799999999996295,0.2312168798359564
5.381999999999629,0.2309796646656606
5.383999999999629,0.2307427659695771
5.385999999999629,0.23050618323746513
5.387999999999629,0.2302699159708959
5.389999999999628,0.23003396367249893
5.391999999999628,0.22979832584686224
5.393999999999628,0.22956300200091034
5.395999999999628,0.22932799164111736
5.3979999999996275,0.22909329427354536
5.399999999999627,0.22885890940519038
5.401999999999627,0.2286248365438605
5.403999999999627,0.22839107518311866
5.405999999999627,0.2281576248490109
5.407999999999626,0.2279244850401732
5.409999999999626,0.22769165528310464
5.411999999999626,0.2274591350761654
5.413999999999626,0.22722692394783486
5.415999999999626,0.22699502139812855
5.417999999999625,0.22676342694074045
5.419999999999625,0.22653214011016615
5.421999999999625,0.22630116040704018
5.423999999999625,0.2260704873472251
5.4259999999996245,0.22584012044999946
5.427999999999624,0.22561005923577232
5.429999999999624,0.22538030322819816
5.431999999999624,0.22515085194765133
5.433999999999624,0.2249217049163418
5.435999999999623,0.22469286163871055
5.437999999999623,0.2244643216577501
5.439999999999623,0.22423608450200547
5.441999999999623,0.22400814969728006
5.4439999999996225,0.22378051674723554
5.445999999999622,0.22355318519842962
5.447999999999622,0.2233261545835232
5.449999999999622,0.22309942440806524
5.451999999999622,0.22287299422183426
5.453999999999621,0.22264686353583202
5.455999999999621,0.22242103188061996
5.457999999999621,0.22219549881421688
5.459999999999621,0.22197026384937885
5.4619999999996205,0.2217453265404738
5.46399999999962,0.22152068639938988
5.46599999999962,0.2212963429586551
5.46799999999962,0.22107229575729517
5.46999999999962,0.22084854435927587
5.471999999999619,0.22062508827947008
5.473999999999619,0.22040192705187334
5.475999999999619,0.22017906021735933
5.477999999999619,0.21995648731817832
5.4799999999996185,0.2197342076229702
5.481999999999618,0.21951222051151953
5.483999999999618,0.21929052615853373
5.485999999999618,0.21906912429395115
5.487999999999618,0.21884801437355803
5.489999999999617,0.21862719584087026
5.491999999999617,0.2184066681629048
5.493999999999617,0.21818643083684253
5.495999999999617,0.21796648335007734
5.4979999999996165,0.21774682526450134
5.499999999999616,0.21752745612870744
5.501999999999616,0.21730837548623358
5.503999999999616,0.21708958288392952
5.505999999999616,0.21687107787014456
5.507999999999615,0.21665285999529355
5.509999999999615,0.2164349288118902
5.511999999999615,0.21621728387239642
5.513999999999615,0.21599992473186835
5.5159999999996145,0.21578285094400745
5.517999999999614,0.21556606203378634
5.519999999999614,0.215349557591356
5.521999999999614,0.2151333371819674
5.523999999999614,0.2149174003645311
5.525999999999613,0.2147017466952093
5.527999999999613,0.21448637573227933
5.529999999999613,0.21427128703461626
5.531999999999613,0.2140564801642647
5.533999999999613,0.21384197779367167
5.535999999999612,0.21362777410273043
5.537999999999612,0.2134138592144057
5.539999999999612,0.2132002280395352
5.541999999999612,0.21298687799626015
5.5439999999996115,0.21277380767464105
5.545999999999611,0.21256101617914572
5.547999999999611,0.21234850293756227
5.549999999999611,0.21213626746006514
5.551999999999611,0.21192430925649558
5.55399999999961,0.21171262792919168
5.55599999999961,0.21150122305745717
5.55799999999961,0.2112900942123509
5.55999999999961,0.21107924092382704
5.5619999999996095,0.21086866280458694
5.563999999999609,0.21065835943740618
5.565999999999609,0.21044833039516533
5.567999999999609,0.21023857520915973
5.569999999999609,0.2100290934948777
5.571999999999608,0.20981988483858766
5.573999999999608,0.20961094881556136
5.575999999999608,0.2094022850004033
5.577999999999608,0.2091938929697955
5.5799999999996075,0.20898577230212867
5.581999999999607,0.20877792257547018
5.583999999999607,0.2085703433726525
5.585999999999607,0.2083630342741678
5.587999999999607,0.20815599486372385
5.589999999999606,0.20794922472406058
5.591999999999606,0.20774272348610945
5.593999999999606,0.20753649068865232
5.595999999999606,0.20733052590607076
5.5979999999996055,0.2071248287258094
5.599999999999605,0.20691939878461796
5.601999999999605,0.20671423562747118
5.603999999999605,0.20650933888048267
5.605999999999605,0.20630470808663576
5.607999999999604,0.20610034287681528
5.609999999999604,0.2058962427978724
5.611999999999604,0.2056924074835485
5.613999999999604,0.20548883648174043
5.6159999999996035,0.20528552943094863
5.617999999999603,0.20508248592983264
5.619999999999603,0.20487970556589424
5.621999999999603,0.20467718787749356
5.623999999999603,0.20447493250717597
5.625999999999602,0.20427293905984967
5.627999999999602,0.20407120713050375
5.629999999999602,0.2038697363122689
5.631999999999602,0.20366852620061512
5.6339999999996015,0.20346757639140473
5.635999999999601,0.20326688653742125
5.637999999999601,0.20306645618375108
5.639999999999601,0.20286628491779746
5.641999999999601,0.20266637239741842
5.6439999999996004,0.20246671817275466
5.6459999999996,0.20226732189478594
5.6479999999996,0.20206818311287378
5.6499999999996,0.20186930148111798
5.6519999999996,0.2016706765517702
5.653999999999599,0.20147230798223636
5.655999999999599,0.2012741953856147
5.657999999999599,0.20107633836173966
5.659999999999599,0.20087873651177363
5.6619999999995985,0.2006813894377199
5.663999999999598,0.2004842967465582
5.665999999999598,0.20028745804552084
5.667999999999598,0.2000908729445322
5.669999999999598,0.19989454111484284
5.671999999999597,0.19969846210735903
5.673999999999597,0.19950263551978364
5.675999999999597,0.1993070610283385
5.677999999999597,0.19911173825048364
5.6799999999995965,0.1989166667273381
5.681999999999596,0.19872184612626337
5.683999999999596,0.19852727606980156
5.685999999999596,0.19833295616892965
5.687999999999596,0.19813888603281626
5.689999999999595,0.19794506527387074
5.691999999999595,0.19775149350731053
5.693999999999595,0.1975581703498411
5.695999999999595,0.19736509542198732
5.6979999999995945,0.19717226840857674
5.699999999999594,0.1969796888643393
5.701999999999594,0.19678735646236573
5.703999999999594,0.1965952708256996
5.705999999999594,0.19640343149743023
5.707999999999593,0.19621183815890525
5.709999999999593,0.19602049044267333
5.711999999999593,0.19582938796700317
5.713999999999593,0.19563853035086165
5.7159999999995925,0.19544791721527766
5.717999999999592,0.19525754825306485
5.719999999999592,0.19506742301901647
5.721999999999592,0.19487754119407447
5.723999999999592,0.19468790233557698
5.725999999999591,0.19449850613184438
5.727999999999591,0.19430935221878615
5.729999999999591,0.19412044021735284
5.731999999999591,0.19393176974820187
5.7339999999995905,0.19374334043570957
5.73599999999959,0.19355515190756983
5.73799999999959,0.19336720379595462
5.73999999999959,0.19317949573192403
5.74199999999959,0.19299202742557456
5.743999999999589,0.1928047985110209
5.745999999999589,0.1926178085302368
5.747999999999589,0.1924310571773478
5.749999999999589,0.19224454409524433
5.7519999999995886,0.1920582689123536
5.753999999999588,0.19187223125795294
5.755999999999588,0.19168643076411235
5.757999999999588,0.19150086714279174
5.759999999999588,0.19131553995379091
5.7619999999995875,0.1911304488954529
5.763999999999587,0.19094559360879484
5.765999999999587,0.19076097364199218
5.767999999999587,0.19057658870355232
5.769999999999587,0.19039243844683795
5.771999999999586,0.1902085225893342
5.773999999999586,0.19002484068411785
5.775999999999586,0.18984139235063424
5.777999999999586,0.18965817731168222
5.7799999999995855,0.18947519513441635
5.781999999999585,0.1892924455311022
5.783999999999585,0.18910992815388583
5.785999999999585,0.1889276426382513
5.787999999999585,0.18874558861868473
5.789999999999584,0.1885637658184523
5.791999999999584,0.1883821737962421
5.793999999999584,0.1882008121776648
5.795999999999584,0.18801968069974423
5.7979999999995835,0.18783877901804102
5.799999999999583,0.18765810676771943
5.801999999999583,0.18747766358486195
5.803999999999583,0.18729744911054158
5.805999999999583,0.18711746299129445
5.807999999999582,0.18693770496415923
5.809999999999582,0.18675817459421779
5.811999999999582,0.18657887160265557
5.813999999999582,0.18639979564484144
5.8159999999995815,0.1862209463619166
5.817999999999581,0.18604232339589627
5.819999999999581,0.18586392639275096
5.821999999999581,0.18568575509464963
5.823999999999581,0.18550780906570408
5.82599999999958,0.18533008812293686
5.82799999999958,0.1851525917888257
5.82999999999958,0.18497531973014306
5.83199999999958,0.1847982716034764
5.8339999999995795,0.1846214470655421
5.835999999999579,0.18444484577476244
5.837999999999579,0.18426846748550577
5.839999999999579,0.18409231185976233
5.841999999999579,0.1839163784423298
5.843999999999578,0.18374066696984703
5.845999999999578,0.18356517711544607
5.847999999999578,0.18338990862965934
5.849999999999578,0.18321486106950868
5.8519999999995775,0.18304003416584314
5.853999999999577,0.18286542757998553
5.855999999999577,0.18269104086169896
5.857999999999577,0.18251687375895886
5.859999999999577,0.18234292605022234
5.861999999999576,0.18216919729674996
5.863999999999576,0.18199568723251947
5.865999999999576,0.18182239542027892
5.867999999999576,0.18164932160777608
5.869999999999576,0.18147646547023044
5.871999999999575,0.18130382666567954
5.873999999999575,0.18113140485092485
5.875999999999575,0.1809591997904289
5.877999999999575,0.18078721115028928
5.8799999999995745,0.18061543847236783
5.881999999999574,0.18044388150850801
5.883999999999574,0.1802725399400083
5.885999999999574,0.18010141353564157
5.887999999999574,0.1799305018535197
5.889999999999573,0.17975980463982127
5.891999999999573,0.17958932156604462
5.893999999999573,0.17941905228760766
5.895999999999573,0.17924899646253695
5.8979999999995725,0.1790791537549033
5.899999999999572,0.17890952383550862
5.901999999999572,0.1787401064891112
5.903999999999572,0.1785709013937867
5.905999999999572,0.17840190820290497
5.907999999999571,0.1782331265714075
5.909999999999571,0.17806455616235842
5.911999999999571,0.17789619675623222
5.913999999999571,0.1777280480311449
5.9159999999995705,0.1775601096397162
5.91799999999957,0.17739238123729772
5.91999999999957,0.17722486248831115
5.92199999999957,0.17705755306631654
5.92399999999957,0.1768904527627768
5.925999999999569,0.17672356126051564
5.927999999999569,0.17655687821766025
5.929999999999569,0.17639040329292385
5.931999999999569,0.1762241361542839
5.9339999999995685,0.176058076593684
5.935999999999568,0.17589222417739148
5.937999999999568,0.17572657867805702
5.939999999999568,0.17556113978513527
5.941999999999568,0.17539590716796827
5.943999999999567,0.1752308806134936
5.945999999999567,0.17506605979837575
5.947999999999567,0.1749014442586743
5.949999999999567,0.17473703377097094
5.9519999999995665,0.1745728281536158
5.953999999999566,0.17440882696576762
5.955999999999566,0.17424502997479252
5.957999999999566,0.17408143674456716
5.959999999999566,0.17391804706072456
5.961999999999565,0.17375486074480448
5.963999999999565,0.17359187735335463
5.965999999999565,0.17342909665550027
5.967999999999565,0.17326651821222472
5.9699999999995645,0.17310414181261527
5.971999999999564,0.1729419671592874
5.973999999999564,0.17277999405547803
5.975999999999564,0.17261822205655536
5.977999999999564,0.1724566509411185
5.979999999999563,0.1722952804008716
5.981999999999563,0.172134110108846
5.983999999999563,0.17197313986642876
5.985999999999563,0.17181236923190485
5.987999999999563,0.17165179799077254
5.989999999999562,0.17149142584185673
5.991999999999562,0.1713312524611384
5.993999999999562,0.17117127765524282
5.995999999999562,0.1710115011121029
5.9979999999995615,0.17085192236448948
5.999999999999561,0.17069254120811564
