time,value
0.0,0.6749107690418574
0.002,0.6454944064696506
0.004,0.6322534870647872
0.006,0.9420035592493949
0.008,1.0740733832675025
0.01,1.1196682825140936
0.012,1.129241104196253
0.014,1.126842052610775
0.016,1.122132324669181
0.018000000000000002,1.1181281212500944
0.020000000000000004,1.1152775511721726
0.022000000000000006,1.1132945568256902
0.024000000000000007,1.111824321015528
0.02600000000000001,1.1106181712063652
0.02800000000000001,1.1095368549802929
0.030000000000000013,1.1085137289024225
0.032000000000000015,1.10752146088321
0.034000000000000016,1.106550974057852
0.03600000000000002,1.105600385246524
0.03800000000000002,1.1046700074146232
0.04000000000000002,1.1037604556422702
0.04200000000000002,1.1028720958947216
0.044000000000000025,1.102005006815312
0.04600000000000003,1.1011590608338695
0.04800000000000003,1.1003340025046693
0.05000000000000003,1.0995295158849978
0.05200000000000003,1.0987452496248014
0.054000000000000034,1.0979808369792607
0.056000000000000036,1.0972359068986504
0.05800000000000004,1.0965100710735034
0.06000000000000004,1.0958029375823373
0.06200000000000004,1.0951141065554497
0.06400000000000004,1.0944431787427595
0.06600000000000004,1.0937897494032636
0.06800000000000005,1.0931534163821814
0.07000000000000005,1.0925337738429213
0.07200000000000005,1.0919304203147258
0.07400000000000005,1.0913429485400177
0.07600000000000005,1.090770965176922
0.07800000000000006,1.0902140692169633
0.08000000000000006,1.0896718700320744
0.08200000000000006,1.089143978336575
0.08400000000000006,1.0886300130397455
0.08600000000000006,1.0881295905941952
0.08800000000000006,1.0876423406674236
0.09000000000000007,1.0871678976828156
0.09200000000000007,1.0867058985226925
0.09400000000000007,1.0862559937036196
0.09600000000000007,1.0858178330687287
0.09800000000000007,1.0853910765165335
0.10000000000000007,1.0849753985129853
0.10200000000000008,1.0845707344660205
0.10400000000000008,1.0841765980518452
0.10600000000000008,1.083792598786041
0.10800000000000008,1.0834184002563545
0.11000000000000008,1.0830536912444666
0.11200000000000009,1.0826981769611808
0.11400000000000009,1.0823515740123204
0.11600000000000009,1.082013607874699
0.11800000000000009,1.081684007966225
0.12000000000000009,1.0813625113643717
0.1220000000000001,1.081048859664575
0.1240000000000001,1.080742806667879
0.12600000000000008,1.0804441069730788
0.12800000000000009,1.080152526736867
0.1300000000000001,1.0798678369108574
0.1320000000000001,1.079589816071373
0.1340000000000001,1.0793182468497542
0.1360000000000001,1.0790529162473783
0.1380000000000001,1.078793627639751
0.1400000000000001,1.078540188002816
0.1420000000000001,1.0782924050453562
0.1440000000000001,1.0780500891681823
0.1460000000000001,1.0778130624917353
0.1480000000000001,1.0775811474397368
0.1500000000000001,1.0773541772256043
0.1520000000000001,1.0771319849961458
0.1540000000000001,1.076914410660169
0.1560000000000001,1.076701298055898
0.1580000000000001,1.076492498424424
0.16000000000000011,1.0762878664965025
0.16200000000000012,1.0760872637800505
0.16400000000000012,1.0758905508995076
0.16600000000000012,1.0756975990243198
0.16800000000000012,1.0755082789475674
0.17000000000000012,1.0753224676809112
0.17200000000000013,1.0751400454175752
0.17400000000000013,1.0749608988752675
0.17600000000000013,1.074784913498994
0.17800000000000013,1.0746119809250292
0.18000000000000013,1.0744419960054081
0.18200000000000013,1.0742748600050345
0.18400000000000014,1.0741104764967826
0.18600000000000014,1.073948750704457
0.18800000000000014,1.0737895898260184
0.19000000000000014,1.0736329072868727
0.19200000000000014,1.073478614966565
0.19400000000000014,1.0733266305021412
0.19600000000000015,1.0731768779850412
0.19800000000000015,1.0730292792002145
0.20000000000000015,1.0728837570321463
0.20200000000000015,1.072740240540528
0.20400000000000015,1.0725986610611304
0.20600000000000016,1.0724589513140195
0.20800000000000016,1.072321049312986
0.21000000000000016,1.0721848867436625
0.21200000000000016,1.072050408207308
0.21400000000000016,1.0719175529347977
0.21600000000000016,1.0717862644585683
0.21800000000000017,1.0716564882267687
0.22000000000000017,1.071528171029474
0.22200000000000017,1.0714012648381273
0.22400000000000017,1.0712757188802922
0.22600000000000017,1.0711514830847155
0.22800000000000017,1.0710285168537328
0.23000000000000018,1.070906773138448
0.23200000000000018,1.0707862088664624
0.23400000000000018,1.0706667826923042
0.23600000000000018,1.0705484543670338
0.23800000000000018,1.0704311846712138
0.24000000000000019,1.0703149354869854
0.2420000000000002,1.0701996737089599
0.2440000000000002,1.070085367059559
0.2460000000000002,1.0699719793903757
0.2480000000000002,1.0698594789123712
0.25000000000000017,1.0697478313564834
0.25200000000000017,1.0696370110666433
0.25400000000000017,1.069526985720851
0.25600000000000017,1.069417726810598
0.2580000000000002,1.0693092111426419
0.2600000000000002,1.0692014082136376
0.2620000000000002,1.0690942953336717
0.2640000000000002,1.0689878473336538
0.2660000000000002,1.0688820390965839
0.2680000000000002,1.068776846390893
0.2700000000000002,1.0686722537171573
0.2720000000000002,1.0685682342886342
0.2740000000000002,1.0684647685274944
0.2760000000000002,1.0683618385520246
0.2780000000000002,1.0682594227053104
0.2800000000000002,1.06815750342427
0.2820000000000002,1.0680560640848946
0.2840000000000002,1.0679550881604043
0.2860000000000002,1.067854555517771
0.2880000000000002,1.0677544581408456
0.2900000000000002,1.0676547911325618
0.2920000000000002,1.0675555475160574
0.2940000000000002,1.067456709527082
0.2960000000000002,1.0673582618156785
0.2980000000000002,1.0672601900557528
0.3000000000000002,1.0671624804362851
0.3020000000000002,1.0670651195243916
0.3040000000000002,1.0669680942555009
0.3060000000000002,1.066871395795033
0.3080000000000002,1.0667750076457043
0.3100000000000002,1.066678921254856
0.3120000000000002,1.0665831279894833
0.3140000000000002,1.0664876216260424
0.3160000000000002,1.0663923870192606
0.3180000000000002,1.0662974163162078
0.32000000000000023,1.0662026988914954
0.32200000000000023,1.0661082277096303
0.32400000000000023,1.0660139920399552
0.32600000000000023,1.0659199847655652
0.32800000000000024,1.0658261914516591
0.33000000000000024,1.065732609536171
0.33200000000000024,1.0656392297675081
0.33400000000000024,1.0655460418368436
0.33600000000000024,1.0654530399825397
0.33800000000000024,1.0653602151897217
0.34000000000000025,1.0652675622114636
0.34200000000000025,1.0651750723529347
0.34400000000000025,1.0650827406867318
0.34600000000000025,1.0649905627302854
0.34800000000000025,1.0648985297325742
0.35000000000000026,1.0648066367440416
0.35200000000000026,1.0647148794726184
0.35400000000000026,1.0646232495373873
0.35600000000000026,1.0645317424644296
0.35800000000000026,1.0644403544863403
0.36000000000000026,1.0643490777603883
0.36200000000000027,1.0642579083414372
0.36400000000000027,1.0641668429808604
0.36600000000000027,1.0640758781944966
0.36800000000000027,1.063985006308553
0.3700000000000003,1.06389422366673
0.3720000000000003,1.063803527430454
0.3740000000000003,1.0637129146048112
0.3760000000000003,1.063622378043756
0.3780000000000003,1.06353191462324
0.3800000000000003,1.0634415220321802
0.3820000000000003,1.063351197791193
0.3840000000000003,1.0632609391114136
0.3860000000000003,1.0631707429987234
0.3880000000000003,1.0630806025183528
0.3900000000000003,1.06299051495471
0.3920000000000003,1.062900482392553
0.3940000000000003,1.062810498731209
0.3960000000000003,1.0627205609102628
0.3980000000000003,1.0626306628703122
0.4000000000000003,1.0625408067202216
0.4020000000000003,1.0624509911453832
0.4040000000000003,1.06236120982008
0.4060000000000003,1.0622714642765243
0.4080000000000003,1.0621817489546963
0.4100000000000003,1.0620920615968388
0.4120000000000003,1.0620024046493728
0.4140000000000003,1.061912772488685
0.4160000000000003,1.061823162653036
0.4180000000000003,1.061733573615531
0.4200000000000003,1.0616440039779282
0.4220000000000003,1.0615544522538403
0.4240000000000003,1.0614649168670143
0.4260000000000003,1.061375396197757
0.4280000000000003,1.06128588862467
0.4300000000000003,1.0611963925539567
0.43200000000000033,1.0611069064300724
0.43400000000000033,1.061017428745432
0.43600000000000033,1.0609279541720458
0.43800000000000033,1.060838485508476
0.44000000000000034,1.0607490222705749
0.44200000000000034,1.0606595629454896
0.44400000000000034,1.0605701084582755
0.44600000000000034,1.0604806673327098
0.44800000000000034,1.0603912396003508
0.45000000000000034,1.060301829670255
0.45200000000000035,1.0602124372372674
0.45400000000000035,1.0601230604681138
0.45600000000000035,1.060033693399252
0.45800000000000035,1.0599443382867726
0.46000000000000035,1.0598549942669837
0.46200000000000035,1.0597656556989454
0.46400000000000036,1.0596763249474157
0.46600000000000036,1.0595869973467826
0.46800000000000036,1.0594976754122434
0.47000000000000036,1.059408358279613
0.47200000000000036,1.059319040312125
0.47400000000000037,1.0592297239435893
0.47600000000000037,1.0591404085034362
0.47800000000000037,1.0590510885845759
0.48000000000000037,1.058961766818042
0.4820000000000004,1.0588724388205963
0.4840000000000004,1.058783107397967
0.4860000000000004,1.0586937719746978
0.4880000000000004,1.0586044310651066
0.4900000000000004,1.0585150792913778
0.4920000000000004,1.0584257195653273
0.4940000000000004,1.0583363516813895
0.4960000000000004,1.0582469745021754
0.4980000000000004,1.0581575867863422
0.5000000000000003,1.0580681874270956
0.5020000000000003,1.0579787754739263
0.5040000000000003,1.0578893500926592
0.5060000000000003,1.0577999105269231
0.5080000000000003,1.0577104560711343
0.5100000000000003,1.057620986053391
0.5120000000000003,1.0575314998262533
0.5140000000000003,1.0574419967643536
0.5160000000000003,1.057352480154206
0.5180000000000003,1.0572629467533363
0.5200000000000004,1.057173397154755
0.5220000000000004,1.0570838356186554
0.5240000000000004,1.0569942579315539
0.5260000000000004,1.056904666769306
0.5280000000000004,1.0568150576256357
0.5300000000000004,1.0567254333008966
0.5320000000000004,1.0566357933623913
0.5340000000000004,1.0565461326824674
0.5360000000000004,1.0564564542533907
0.5380000000000004,1.0563667579839149
0.5400000000000004,1.0562770429074266
0.5420000000000004,1.056187307999717
0.5440000000000004,1.0560975523985046
0.5460000000000004,1.05600777540524
0.5480000000000004,1.055917976438999
0.5500000000000004,1.0558281549924735
0.5520000000000004,1.0557383144797032
0.5540000000000004,1.055648450253531
0.5560000000000004,1.0555585609955394
0.5580000000000004,1.0554686503631916
0.5600000000000004,1.0553787141347954
0.5620000000000004,1.0552887552177488
0.5640000000000004,1.0551987732842059
0.5660000000000004,1.0551087633475797
0.5680000000000004,1.0550187285782242
0.5700000000000004,1.0549286690820576
0.5720000000000004,1.0548385841000936
0.5740000000000004,1.0547484728116525
0.5760000000000004,1.054658334553432
0.5780000000000004,1.0545681727043557
0.5800000000000004,1.0544779826640767
0.5820000000000004,1.0543877632074377
0.5840000000000004,1.0542975181119545
0.5860000000000004,1.0542072432833756
0.5880000000000004,1.054116941756318
0.5900000000000004,1.0540266133318097
0.5920000000000004,1.053936253141647
0.5940000000000004,1.0538458644730486
0.5960000000000004,1.053755447548482
0.5980000000000004,1.0536650017184415
0.6000000000000004,1.053574527318346
0.6020000000000004,1.0534840363678273
0.6040000000000004,1.0533935294631431
0.6060000000000004,1.0533030069448903
0.6080000000000004,1.053212472756397
0.6100000000000004,1.0531219224658486
0.6120000000000004,1.0530313547620633
0.6140000000000004,1.0529407732104121
0.6160000000000004,1.0528501734429934
0.6180000000000004,1.052759558202637
0.6200000000000004,1.052668926998396
0.6220000000000004,1.0525782746735353
0.6240000000000004,1.0524876042328515
0.6260000000000004,1.0523969156324222
0.6280000000000004,1.0523062079617356
0.6300000000000004,1.0522154802550199
0.6320000000000005,1.0521247317047284
0.6340000000000005,1.0520339616681367
0.6360000000000005,1.0519431696187822
0.6380000000000005,1.0518523550998755
0.6400000000000005,1.051761517697893
0.6420000000000005,1.0516706609135067
0.6440000000000005,1.0515797801647273
0.6460000000000005,1.0514888780728575
0.6480000000000005,1.0513979502550486
0.6500000000000005,1.0513069997350244
0.6520000000000005,1.0512160224567706
0.6540000000000005,1.0511250216528003
0.6560000000000005,1.0510339972808327
0.6580000000000005,1.050942948431406
0.6600000000000005,1.050851874188991
0.6620000000000005,1.0507607738434033
0.6640000000000005,1.050669646876342
0.6660000000000005,1.0505784929027504
0.6680000000000005,1.0504873155056411
0.6700000000000005,1.0503961102056774
0.6720000000000005,1.0503048758433189
0.6740000000000005,1.0502136162513516
0.6760000000000005,1.050122327373347
0.6780000000000005,1.0500310122790335
0.6800000000000005,1.0499396708058366
0.6820000000000005,1.049848302001954
0.6840000000000005,1.049756904970557
0.6860000000000005,1.0496654790521571
0.6880000000000005,1.0495740237998339
0.6900000000000005,1.0494825389036242
0.6920000000000005,1.0493910241323066
0.6940000000000005,1.049299483189833
0.6960000000000005,1.04920791169251
0.6980000000000005,1.0491163085632769
0.7000000000000005,1.0490246777165981
0.7020000000000005,1.0489330190675512
0.7040000000000005,1.0488413276518274
0.7060000000000005,1.0487496066729871
0.7080000000000005,1.0486578563342
0.7100000000000005,1.0485660760097792
0.7120000000000005,1.0484742650325347
0.7140000000000005,1.0483824267999895
0.7160000000000005,1.048290556763952
0.7180000000000005,1.0481986537790569
0.7200000000000005,1.0481067217539548
0.7220000000000005,1.0480147575211167
0.7240000000000005,1.0479227660691572
0.7260000000000005,1.0478307481871225
0.7280000000000005,1.0477387032345735
0.7300000000000005,1.0476466264722446
0.7320000000000005,1.0475545214259065
0.7340000000000005,1.0474623885242291
0.7360000000000005,1.0473702311481072
0.7380000000000005,1.0472780444473515
0.7400000000000005,1.0471858269753764
0.7420000000000005,1.0470935824211085
0.7440000000000005,1.0470013066717065
0.7460000000000006,1.0469090027973975
0.7480000000000006,1.0468166667638936
0.7500000000000006,1.046724301868382
0.7520000000000006,1.046631908172614
0.7540000000000006,1.046539484888948
0.7560000000000006,1.0464470312292313
0.7580000000000006,1.0463545510094514
0.7600000000000006,1.0462620504231155
0.7620000000000006,1.0461695318153086
0.7640000000000006,1.0460769995462105
0.7660000000000006,1.0459844625711958
0.7680000000000006,1.0458919673754326
0.7700000000000006,1.045799478656853
0.7720000000000006,1.045706983198192
0.7740000000000006,1.045614469465238
0.7760000000000006,1.0455219337589723
0.7780000000000006,1.0454293792109122
0.7800000000000006,1.0453368017303712
0.7820000000000006,1.045244204415877
0.7840000000000006,1.0451515832495906
0.7860000000000006,1.0450589414110099
0.7880000000000006,1.0449662788261322
0.7900000000000006,1.0448735945454821
0.7920000000000006,1.0447808837281634
0.7940000000000006,1.0446881497892684
0.7960000000000006,1.0445953930826557
0.7980000000000006,1.0445026130109163
0.8000000000000006,1.0444098127237522
0.8020000000000006,1.0443169874269276
0.8040000000000006,1.0442241357161928
0.8060000000000006,1.0441312612564615
0.8080000000000006,1.044038359929532
0.8100000000000006,1.043945430842037
0.8120000000000006,1.0438524779711453
0.8140000000000006,1.0437595012533682
0.8160000000000006,1.0436664957095312
0.8180000000000006,1.0435734644420478
0.8200000000000006,1.043480407579823
0.8220000000000006,1.0433873244220067
0.8240000000000006,1.043294214221317
0.8260000000000006,1.0432010763935935
0.8280000000000006,1.0431079144044935
0.8300000000000006,1.0430147237726763
0.8320000000000006,1.042921503335272
0.8340000000000006,1.0428282569341312
0.8360000000000006,1.0427349805842805
0.8380000000000006,1.0426416773786942
0.8400000000000006,1.0425483472137143
0.8420000000000006,1.0424549853031309
0.8440000000000006,1.0423615949649014
0.8460000000000006,1.0422681765040718
0.8480000000000006,1.0421747293480998
0.8500000000000006,1.0420812567338218
0.8520000000000006,1.0419877539812807
0.8540000000000006,1.041894219811249
0.8560000000000006,1.0418006541409965
0.8580000000000007,1.0417070610526777
0.8600000000000007,1.0416134404209783
0.8620000000000007,1.0415197872084025
0.8640000000000007,1.04142610451798
0.8660000000000007,1.0413323925323281
0.8680000000000007,1.0412386506263775
0.8700000000000007,1.0411448781453712
0.8720000000000007,1.0410510745992636
0.8740000000000007,1.0409572396663083
0.8760000000000007,1.0408633731342003
0.8780000000000007,1.0407694787473223
0.8800000000000007,1.040675552218057
0.8820000000000007,1.0405815964126641
0.8840000000000007,1.0404876072269948
0.8860000000000007,1.0403935879108475
0.8880000000000007,1.040299538563592
0.8900000000000007,1.040205458457976
0.8920000000000007,1.0401113468705137
0.8940000000000007,1.0400172032851183
0.8960000000000007,1.03992302737726
0.8980000000000007,1.0398288189506568
0.9000000000000007,1.0397345817738985
0.9020000000000007,1.0396403115834516
0.9040000000000007,1.0395460112681554
0.9060000000000007,1.0394516767450859
0.9080000000000007,1.0393573112884256
0.9100000000000007,1.0392629150223982
0.9120000000000007,1.0391684872435618
0.9140000000000007,1.0390740274234482
0.9160000000000007,1.038979539582849
0.9180000000000007,1.0388850286030233
0.9200000000000007,1.0387905001178832
0.9220000000000007,1.0386959507098994
0.9240000000000007,1.0386013807531214
0.9260000000000007,1.0385067946962707
0.9280000000000007,1.0384121885369424
0.9300000000000007,1.0383175651461989
0.9320000000000007,1.0382229202564863
0.9340000000000007,1.0381282568761925
0.9360000000000007,1.0380335748308884
0.9380000000000007,1.0379388731081884
0.9400000000000007,1.0378441507006972
0.9420000000000007,1.037749406812769
0.9440000000000007,1.0376546408494574
0.9460000000000007,1.037559852351554
0.9480000000000007,1.0374650409396118
0.9500000000000007,1.0373702062781742
0.9520000000000007,1.0372753480553678
0.9540000000000007,1.037180469872782
0.9560000000000007,1.037085567265008
0.9580000000000007,1.0369906429142381
0.9600000000000007,1.036895692520703
0.9620000000000007,1.0368007191536774
0.9640000000000007,1.0367057188393543
0.9660000000000007,1.0366106948538485
0.9680000000000007,1.0365156472456687
0.9700000000000008,1.036420575178587
0.9720000000000008,1.0363254777940714
0.9740000000000008,1.0362303544300882
0.9760000000000008,1.0361352046136993
0.9780000000000008,1.036040031906497
0.9800000000000008,1.0359448318672773
0.9820000000000008,1.0358496033279272
0.9840000000000008,1.0357543501423114
0.9860000000000008,1.0356590683109288
0.9880000000000008,1.0355637609216248
0.9900000000000008,1.035468427868393
0.9920000000000008,1.035373068239095
0.9940000000000008,1.035277677250947
0.9960000000000008,1.0351822584405956
0.9980000000000008,1.035086812321334
1.0000000000000007,1.0349913423569899
1.0020000000000007,1.034895843785466
1.0040000000000007,1.0348003151812508
1.0060000000000007,1.0347047602524255
1.0080000000000007,1.0346091749449347
1.0100000000000007,1.0345135623434554
1.0120000000000007,1.0344179184629594
1.0140000000000007,1.0343222466068744
1.0160000000000007,1.03422654688957
1.0180000000000007,1.0341308185628333
1.0200000000000007,1.0340350608664302
1.0220000000000007,1.0339392732389232
1.0240000000000007,1.0338434553113336
1.0260000000000007,1.0337476068445703
1.0280000000000007,1.0336517276728687
1.0300000000000007,1.0335558215809055
1.0320000000000007,1.0334598842821938
1.0340000000000007,1.0333639186416141
1.0360000000000007,1.033267924444711
1.0380000000000007,1.0331719007568851
1.0400000000000007,1.0330758428176416
1.0420000000000007,1.032979754219972
1.0440000000000007,1.0328836355499504
1.0460000000000007,1.0327874903525478
1.0480000000000007,1.032691313938724
1.0500000000000007,1.0325951049482804
1.0520000000000007,1.0324988671624835
1.0540000000000007,1.0324025965908878
1.0560000000000007,1.0323062963859204
1.0580000000000007,1.032209962621534
1.0600000000000007,1.0321135986673464
1.0620000000000007,1.0320172047006495
1.0640000000000007,1.031920780034974
1.0660000000000007,1.0318243239662397
1.0680000000000007,1.0317278359870166
1.0700000000000007,1.0316313157803672
1.0720000000000007,1.031534763935297
1.0740000000000007,1.0314381832699273
1.0760000000000007,1.0313415854172678
1.0780000000000007,1.0312449640429988
1.0800000000000007,1.0311483217615482
1.0820000000000007,1.0310516585790133
1.0840000000000007,1.0309549698472213
1.0860000000000007,1.0308582589788597
1.0880000000000007,1.0307615263055343
1.0900000000000007,1.030664771211726
1.0920000000000007,1.0305679929600888
1.0940000000000007,1.0304711909351805
1.0960000000000008,1.0303743685897735
1.0980000000000008,1.0302775213880628
1.1000000000000008,1.030180648084361
1.1020000000000008,1.0300837524925792
1.1040000000000008,1.029986830571621
1.1060000000000008,1.0298898853773086
1.1080000000000008,1.0297929128578083
1.1100000000000008,1.029695916251872
1.1120000000000008,1.029598895606754
1.1140000000000008,1.029501850103515
1.1160000000000008,1.0294047789056293
1.1180000000000008,1.0293076816674502
1.1200000000000008,1.0292105592559944
1.1220000000000008,1.0291134120640397
1.1240000000000008,1.0290162400520146
1.1260000000000008,1.028919046950614
1.1280000000000008,1.0288218283336072
1.1300000000000008,1.0287245869175656
1.1320000000000008,1.028627318423307
1.1340000000000008,1.0285300259583887
1.1360000000000008,1.0284327095022796
1.1380000000000008,1.0283353642746316
1.1400000000000008,1.0282379936000459
1.1420000000000008,1.0281405977904194
1.1440000000000008,1.0280431762539153
1.1460000000000008,1.02794572830124
1.1480000000000008,1.0278482573091372
1.1500000000000008,1.027750758695429
1.1520000000000008,1.0276532312110152
1.1540000000000008,1.0275556787027131
1.1560000000000008,1.0274580971744278
1.1580000000000008,1.0273604897387463
1.1600000000000008,1.0272628563276103
1.1620000000000008,1.027165192124647
1.1640000000000008,1.0270675004538594
1.1660000000000008,1.0269697816532302
1.1680000000000008,1.0268720351685516
1.1700000000000008,1.026774260354943
1.1720000000000008,1.0266764567062543
1.1740000000000008,1.0265786278020124
1.1760000000000008,1.0264807692178857
1.1780000000000008,1.0263828837445825
1.1800000000000008,1.0262849671972467
1.1820000000000008,1.026187022790479
1.1840000000000008,1.0260890466776984
1.1860000000000008,1.025991042287667
1.1880000000000008,1.0258930098254577
1.1900000000000008,1.0257949485955649
1.1920000000000008,1.0256968578643124
1.1940000000000008,1.025598737087256
1.1960000000000008,1.0255005898429395
1.1980000000000008,1.0254024117206884
1.2000000000000008,1.0253042016013292
1.2020000000000008,1.0252059634459716
1.2040000000000008,1.025107693349558
1.2060000000000008,1.0250093945074426
1.2080000000000009,1.024911066930272
1.2100000000000009,1.024812709803673
1.2120000000000009,1.0247143223390922
1.2140000000000009,1.0246159039752956
1.2160000000000009,1.0245174543614226
1.2180000000000009,1.0244189732847435
1.2200000000000009,1.024320460614411
1.2220000000000009,1.0242219201963643
1.2240000000000009,1.0241233477733895
1.2260000000000009,1.0240247462489873
1.2280000000000009,1.0239261154536037
1.2300000000000009,1.0238274505405007
1.2320000000000009,1.0237287556909562
1.2340000000000009,1.0236300361345223
1.2360000000000009,1.023531294095061
1.2380000000000009,1.0234325297971527
1.2400000000000009,1.0233337468066048
1.2420000000000009,1.0232349404529302
1.2440000000000009,1.023136109323648
1.2460000000000009,1.0230372531880694
1.2480000000000009,1.0229383760555795
1.2500000000000009,1.0228394777331369
1.252000000000001,1.0227405530234073
1.254000000000001,1.0226416049148659
1.256000000000001,1.0225426335061287
1.258000000000001,1.022443634133182
1.260000000000001,1.022344610216567
1.262000000000001,1.0222455621341773
1.264000000000001,1.022146489322537
1.266000000000001,1.0220473950486437
1.268000000000001,1.0219482745710904
1.270000000000001,1.0218491265091636
1.272000000000001,1.0217499506995562
1.274000000000001,1.021650751231443
1.276000000000001,1.0215515240419086
1.278000000000001,1.021452272132461
1.280000000000001,1.0213529953469807
1.282000000000001,1.02125369273868
1.284000000000001,1.0211543594621801
1.286000000000001,1.021054999050277
1.288000000000001,1.0209556120537107
1.290000000000001,1.0208562020094254
1.292000000000001,1.0207567641641084
1.294000000000001,1.02065729706586
1.296000000000001,1.0205578005051423
1.298000000000001,1.0204582785605718
1.300000000000001,1.0203587271816745
1.302000000000001,1.0202591494004447
1.304000000000001,1.0201595450975525
1.306000000000001,1.0200599133650814
1.308000000000001,1.0199602493903699
1.310000000000001,1.0198605569556087
1.312000000000001,1.0197608377575236
1.314000000000001,1.019661095980483
1.316000000000001,1.0195613270737152
1.318000000000001,1.0194615296154403
1.320000000000001,1.0193617033658464
1.322000000000001,1.0192618523676935
1.324000000000001,1.0191619725303327
1.326000000000001,1.0190620668529493
1.328000000000001,1.0189621351909985
1.330000000000001,1.0188621766114658
1.332000000000001,1.0187621862749916
1.334000000000001,1.018662167732934
1.336000000000001,1.0185621255096042
1.338000000000001,1.0184620550211871
1.340000000000001,1.0183619547303082
1.342000000000001,1.0182618243081782
1.344000000000001,1.0181616677567396
1.346000000000001,1.0180614809779067
1.348000000000001,1.0179612669857256
1.350000000000001,1.0178610217025181
1.352000000000001,1.017760748412587
1.354000000000001,1.017660447249476
1.356000000000001,1.0175601174791722
1.358000000000001,1.0174597583481282
1.360000000000001,1.017359369302245
1.362000000000001,1.0172589499814064
1.364000000000001,1.0171585001575685
1.366000000000001,1.0170580236433562
1.368000000000001,1.0169575161393412
1.370000000000001,1.0168569805290844
1.372000000000001,1.0167564126671678
1.374000000000001,1.0166558158181676
1.376000000000001,1.016555190121612
1.378000000000001,1.0164545348592813
1.380000000000001,1.0163538492986925
1.382000000000001,1.0162531329080826
1.384000000000001,1.0161523853476797
1.386000000000001,1.0160516103763757
1.388000000000001,1.0159508036772853
1.390000000000001,1.0158499641706147
1.392000000000001,1.0157490983742845
1.394000000000001,1.0156482100571167
1.396000000000001,1.0155472957571678
1.398000000000001,1.0154463590908664
1.400000000000001,1.0153454003129738
1.402000000000001,1.0152444186820915
1.404000000000001,1.0151434133649566
1.406000000000001,1.0150423836995182
1.408000000000001,1.0149413292055658
1.410000000000001,1.014840249536911
1.412000000000001,1.0147391483960124
1.414000000000001,1.0146380213686739
1.416000000000001,1.0145368712308092
1.418000000000001,1.0144356937256847
1.420000000000001,1.014334492014798
1.422000000000001,1.0142332661385487
1.424000000000001,1.0141320113092909
1.426000000000001,1.014030730885854
1.428000000000001,1.0139294252344686
1.430000000000001,1.0138280937997544
1.432000000000001,1.0137267359161106
1.434000000000001,1.0136253550228111
1.436000000000001,1.013523946546055
1.438000000000001,1.0134225092194353
1.440000000000001,1.0133210469369889
1.442000000000001,1.013219555710054
1.444000000000001,1.0131180386888952
1.446000000000001,1.013016491871193
1.448000000000001,1.0129149185870712
1.450000000000001,1.0128133189851138
1.452000000000001,1.0127116923230388
1.454000000000001,1.0126100378265694
1.456000000000001,1.0125083549130625
1.458000000000001,1.0124066431948973
1.460000000000001,1.0123049063955172
1.462000000000001,1.0122031401487122
1.464000000000001,1.0121013472985751
1.466000000000001,1.011999523659073
1.468000000000001,1.0118976724719801
1.470000000000001,1.0117957898796817
1.472000000000001,1.011693879338671
1.474000000000001,1.0115919410893786
1.476000000000001,1.011489974455459
1.478000000000001,1.0113879787081856
1.480000000000001,1.0112859533028726
1.482000000000001,1.0111839018635738
1.484000000000001,1.0110818199705176
1.486000000000001,1.0109797104555562
1.488000000000001,1.0108775691373082
1.490000000000001,1.0107753992750246
1.492000000000001,1.010673197031976
1.494000000000001,1.010570965890591
1.496000000000001,1.0104687061208062
1.498000000000001,1.0103664172054536
1.500000000000001,1.0102640993895595
1.5020000000000011,1.0101617526830993
1.5040000000000011,1.0100593808838663
1.5060000000000011,1.0099569795931216
1.5080000000000011,1.0098545982935776
1.5100000000000011,1.0097522350393928
1.5120000000000011,1.009649859133762
1.5140000000000011,1.0095474613623732
1.5160000000000011,1.0094450328748161
1.5180000000000011,1.009342575508637
1.5200000000000011,1.0092400853205834
1.5220000000000011,1.0091375659884068
1.5240000000000011,1.0090350180211676
1.5260000000000011,1.0089324409349436
1.5280000000000011,1.0088298341160913
1.5300000000000011,1.0087271970794986
1.5320000000000011,1.0086245294964002
1.5340000000000011,1.0085218311540363
1.5360000000000011,1.0084191058699385
1.5380000000000011,1.0083163493770422
1.5400000000000011,1.0082135645514163
1.5420000000000011,1.0081107512260048
1.5440000000000011,1.0080079045260142
1.5460000000000012,1.0079050277697204
1.5480000000000012,1.0078021213689343
1.5500000000000012,1.0076991851285
1.5520000000000012,1.0075962216277294
1.5540000000000012,1.0074932369246379
1.5560000000000012,1.0073902274277282
1.5580000000000012,1.0072871921007296
1.5600000000000012,1.0071841347822168
1.5620000000000012,1.0070810513914519
1.5640000000000012,1.006977944941862
1.5660000000000012,1.0068748113509942
1.5680000000000012,1.0067716538452687
1.5700000000000012,1.0066684725108819
1.5720000000000012,1.0065652665528355
1.5740000000000012,1.0064620351380142
1.5760000000000012,1.0063587776292966
1.5780000000000012,1.0062554935823393
1.5800000000000012,1.0061521826891078
1.5820000000000012,1.0060488486906807
1.5840000000000012,1.0059454872369116
1.5860000000000012,1.0058421011275298
1.5880000000000012,1.0057386861538378
1.5900000000000012,1.0056352454937831
1.5920000000000012,1.005531779232544
1.5940000000000012,1.0054282826267547
1.5960000000000012,1.0053247590425425
1.5980000000000012,1.0052212088859727
1.6000000000000012,1.0051176316411106
1.6020000000000012,1.0050140306454856
1.6040000000000012,1.0049104012255126
1.6060000000000012,1.0048067420160844
1.6080000000000012,1.0047030568549102
1.6100000000000012,1.0045993417625638
1.6120000000000012,1.0044955998810747
1.6140000000000012,1.0043918272391759
1.6160000000000012,1.0042880271683852
1.6180000000000012,1.0041841998509735
1.6200000000000012,1.0040803445740274
1.6220000000000012,1.003976460580338
1.6240000000000012,1.0038725473053571
1.6260000000000012,1.0037686043764253
1.6280000000000012,1.0036646355286856
1.6300000000000012,1.0035606364341976
1.6320000000000012,1.0034566059649919
1.6340000000000012,1.0033525481069994
1.6360000000000012,1.003248462940308
1.6380000000000012,1.0031443455173008
1.6400000000000012,1.0030401990354223
1.6420000000000012,1.002936023807985
1.6440000000000012,1.0028318192886516
1.6460000000000012,1.0027275848531623
1.6480000000000012,1.002623324003809
1.6500000000000012,1.0025190322544364
1.6520000000000012,1.0024147083916688
1.6540000000000012,1.0023103563704518
1.6560000000000012,1.0022059722896108
1.6580000000000013,1.0021015593559093
1.6600000000000013,1.001997117626743
1.6620000000000013,1.001892646313558
1.6640000000000013,1.001788144629724
1.6660000000000013,1.0016836120112422
1.6680000000000013,1.0015790481035602
1.6700000000000013,1.0014744526984765
1.6720000000000013,1.001369825669254
1.6740000000000013,1.0012651709156757
1.6760000000000013,1.0011604842042756
1.6780000000000013,1.001055768445581
1.6800000000000013,1.0009510235056047
1.6820000000000013,1.0008462485777212
1.6840000000000013,1.0007414396153194
1.6860000000000013,1.0006366007090368
1.6880000000000013,1.0005317366609336
1.6900000000000013,1.0004268430058458
1.6920000000000013,1.0003219182089427
1.6940000000000013,1.0002169619318377
1.6960000000000013,1.0001119782104286
1.6980000000000013,1.0000069629802177
1.7000000000000013,0.9999019192765384
1.7020000000000013,0.9997968470390931
1.7040000000000013,0.9996917454016692
1.7060000000000013,0.9995866095419683
1.7080000000000013,0.9994814430374137
1.7100000000000013,0.9993762513158273
1.7120000000000013,0.9992710330204555
1.7140000000000013,0.9991657883115002
1.7160000000000013,0.99906051736978
1.7180000000000013,0.9989552242859636
1.7200000000000013,0.9988499048769701
1.7220000000000013,0.9987445620248794
1.7240000000000013,0.998639195513471
1.7260000000000013,0.9985338003474747
1.7280000000000013,0.9984283797481803
1.7300000000000013,0.9983229340380521
1.7320000000000013,0.9982174626422373
1.7340000000000013,0.9981119648812118
1.7360000000000013,0.9980064442023875
1.7380000000000013,0.9979008960386753
1.7400000000000013,0.9977953190892145
1.7420000000000013,0.9976897172414736
1.7440000000000013,0.9975840865098862
1.7460000000000013,0.9974784300331251
1.7480000000000013,0.9973727438043598
1.7500000000000013,0.9972670311397411
1.7520000000000013,0.9971612922048864
1.7540000000000013,0.9970555262640624
1.7560000000000013,0.9969497325302525
1.7580000000000013,0.9968439104084781
1.7600000000000013,0.9967380594939084
1.7620000000000013,0.9966321835205942
1.7640000000000013,0.9965262781254359
1.7660000000000013,0.9964203461398684
1.7680000000000013,0.9963143833643876
1.7700000000000014,0.9962083930220549
1.7720000000000014,0.9961023752484356
1.7740000000000014,0.9959963253037556
1.7760000000000014,0.9958902465967584
1.7780000000000014,0.9957841395810314
1.7800000000000014,0.9956780037796018
1.7820000000000014,0.9955718425925411
1.7840000000000014,0.9954656513610681
1.7860000000000014,0.9953594287239561
1.7880000000000014,0.9952531785644645
1.7900000000000014,0.9951468969148193
1.7920000000000014,0.9950405869577843
1.7940000000000014,0.994934248734597
1.7960000000000014,0.994827881437198
1.7980000000000014,0.9947214842566292
1.8000000000000014,0.9946150566045745
1.8020000000000014,0.9945085981058294
1.8040000000000014,0.9944021085322937
1.8060000000000014,0.994295587738125
1.8080000000000014,0.9941890396323454
1.8100000000000014,0.9940824599556513
1.8120000000000014,0.9939758516127677
1.8140000000000014,0.9938692104512235
1.8160000000000014,0.9937625397419723
1.8180000000000014,0.9936558396638848
1.8200000000000014,0.9935491095220319
1.8220000000000014,0.9934423485840618
1.8240000000000014,0.9933355563127123
1.8260000000000014,0.9932287363770153
1.8280000000000014,0.9931218843887065
1.8300000000000014,0.9930149991869193
1.8320000000000014,0.9929080847959528
1.8340000000000014,0.9928011413423672
1.8360000000000014,0.9926941638736604
1.8380000000000014,0.9925871556222956
1.8400000000000014,0.9924801169451488
1.8420000000000014,0.9923730473267334
1.8440000000000014,0.992265946168419
1.8460000000000014,0.9921588170281039
1.8480000000000014,0.9920516554273675
1.8500000000000014,0.9919444601511717
1.8520000000000014,0.9918372352016567
1.8540000000000014,0.9917299807034721
1.8560000000000014,0.9916226917014901
1.8580000000000014,0.9915153714367001
1.8600000000000014,0.9914080202754598
1.8620000000000014,0.9913006377617893
1.8640000000000014,0.9911932238853016
1.8660000000000014,0.9910857786882301
1.8680000000000014,0.9909783060682904
1.8700000000000014,0.9908708034327873
1.8720000000000014,0.9907632760895999
1.8740000000000014,0.9906557207885347
1.8760000000000014,0.9905481410177783
1.8780000000000014,0.9904405368968854
1.8800000000000014,0.9903329035553874
1.8820000000000014,0.9902252442865349
1.8840000000000015,0.9901175594469014
1.8860000000000015,0.9900098524949478
1.8880000000000015,0.9899021185622354
1.8900000000000015,0.9897943560527123
1.8920000000000015,0.9896865646599203
1.8940000000000015,0.9895787484855383
1.8960000000000015,0.9894709034537019
1.8980000000000015,0.9893630325902171
1.9000000000000015,0.9892551357961872
1.9020000000000015,0.9891472081197026
1.9040000000000015,0.9890392528459168
1.9060000000000015,0.9889312703564856
1.9080000000000015,0.9888232601225475
1.9100000000000015,0.9887152215043967
1.9120000000000015,0.9886071580171564
1.9140000000000015,0.9884990651112076
1.9160000000000015,0.9883909414901888
1.9180000000000015,0.9882827910937467
1.9200000000000015,0.988174609950897
1.9220000000000015,0.988066401247218
1.9240000000000015,0.9879581650162212
1.9260000000000015,0.9878499004262347
1.9280000000000015,0.9877416066382592
1.9300000000000015,0.9876332830350507
1.9320000000000015,0.9875249292112158
1.9340000000000015,0.9874165449110026
1.9360000000000015,0.987308129966574
1.9380000000000015,0.9871996882870387
1.9400000000000015,0.9870912155790648
1.9420000000000015,0.9869827147377754
1.9440000000000015,0.986874185605446
1.9460000000000015,0.9867656272487972
1.9480000000000015,0.98665703475342
1.9500000000000015,0.9865484116809988
1.9520000000000015,0.9864397627224852
1.9540000000000015,0.986331083357247
1.9560000000000015,0.9862223720258426
1.9580000000000015,0.9861136283867651
1.9600000000000015,0.986004856538109
1.9620000000000015,0.9858960524123396
1.9640000000000015,0.985787219078478
1.9660000000000015,0.9856783564945057
1.9680000000000015,0.9855694637968817
1.9700000000000015,0.985460540146043
1.9720000000000015,0.9853515849394272
1.9740000000000015,0.9852425977986032
1.9760000000000015,0.98513357849742
1.9780000000000015,0.9850245269012865
1.9800000000000015,0.9849154469620403
1.9820000000000015,0.98480633441629
1.9840000000000015,0.9846971921925023
1.9860000000000015,0.9845880201683666
1.9880000000000015,0.9844788174411676
1.9900000000000015,0.9843695831587758
1.9920000000000015,0.9842603167241093
1.9940000000000015,0.9841510177668562
1.9960000000000016,0.9840416860719836
1.9980000000000016,0.9839323215155539
2.0000000000000013,0.9838229280647912
2.002000000000001,0.9837135014654603
2.004000000000001,0.9836040446569435
2.0060000000000007,0.9834945575295422
2.0080000000000005,0.9833850391881884
2.0100000000000002,0.9832754887883385
2.012,0.9831659057373696
2.014,0.9830562896739177
2.0159999999999996,0.9829466403915575
2.0179999999999993,0.98283695777467
2.019999999999999,0.982727245802735
2.021999999999999,0.9826175002296423
2.0239999999999987,0.9825077240058636
2.0259999999999985,0.9823979170280157
2.0279999999999982,0.9822880787831528
2.029999999999998,0.9821782109301567
2.031999999999998,0.982068314297311
2.0339999999999976,0.9819583889468984
2.0359999999999974,0.9818484347073686
2.037999999999997,0.9817384513658676
2.039999999999997,0.981628443162536
2.0419999999999967,0.9815184062253095
2.0439999999999965,0.9814083435803946
2.0459999999999963,0.9812982510128172
2.047999999999996,0.9811881317279103
2.049999999999996,0.981077985828916
2.0519999999999956,0.9809678125305457
2.0539999999999954,0.980857611008038
2.055999999999995,0.9807473806309869
2.057999999999995,0.980637120971339
2.0599999999999947,0.9805268358007924
2.0619999999999945,0.9804165207177366
2.0639999999999943,0.9803061785608032
2.065999999999994,0.980195805077209
2.067999999999994,0.9800854034965008
2.0699999999999936,0.9799749739626824
2.0719999999999934,0.9798645157302694
2.073999999999993,0.9797540280081837
2.075999999999993,0.9796435101970635
2.0779999999999927,0.9795329618952755
2.0799999999999925,0.9794223828422832
2.0819999999999923,0.9793117728610377
2.083999999999992,0.9792011358831563
2.085999999999992,0.9790904675953289
2.0879999999999916,0.9789797708933801
2.0899999999999914,0.9788690456192279
2.091999999999991,0.9787582867667483
2.093999999999991,0.9786474976416932
2.0959999999999908,0.9785366786701277
2.0979999999999905,0.9784258334262029
2.0999999999999903,0.9783149570972065
2.10199999999999,0.9782040481285987
2.10399999999999,0.9780931062664926
2.1059999999999897,0.9779821357185337
2.1079999999999894,0.9778711365263586
2.109999999999989,0.9777601035301375
2.111999999999989,0.9776490398478512
2.1139999999999888,0.9775379457643036
2.1159999999999886,0.9774268207066749
2.1179999999999883,0.9773156640313896
2.119999999999988,0.9772044752493521
2.121999999999988,0.9770932601049221
2.1239999999999877,0.9769820121161414
2.1259999999999875,0.9768707336232172
2.1279999999999872,0.976759420440638
2.129999999999987,0.9766480760267466
2.131999999999987,0.9765367007401482
2.1339999999999866,0.9764252939968465
2.1359999999999864,0.9763138551181471
2.137999999999986,0.9762023835832518
2.139999999999986,0.9760908790520221
2.1419999999999857,0.9759793413167419
2.1439999999999855,0.975867774324588
2.1459999999999853,0.9757561737795494
2.147999999999985,0.9756445426185587
2.149999999999985,0.9755329301092377
2.1519999999999846,0.9754213334327821
2.1539999999999844,0.975309724425481
2.155999999999984,0.9751980892418959
2.157999999999984,0.9750864178806592
2.1599999999999837,0.9749747124120272
2.1619999999999835,0.9748629734269225
2.1639999999999833,0.9747512009360481
2.165999999999983,0.9746393988283363
2.167999999999983,0.974527562754369
2.1699999999999826,0.9744156915070429
2.1719999999999824,0.974303789108852
2.173999999999982,0.9741918557141046
2.175999999999982,0.9740798863385807
2.1779999999999817,0.9739678842067876
2.1799999999999815,0.9738558497000451
2.1819999999999813,0.9737437823198163
2.183999999999981,0.9736316814718193
2.185999999999981,0.9735195509150598
2.1879999999999806,0.9734073880299837
2.1899999999999804,0.9732951971473112
2.19199999999998,0.9731829745756264
2.19399999999998,0.973070723677112
2.1959999999999797,0.9729584445985462
2.1979999999999795,0.9728461365564652
2.1999999999999793,0.9727337946610533
2.201999999999979,0.9726214265195506
2.203999999999979,0.9725090285988727
2.2059999999999786,0.972396599480579
2.2079999999999784,0.9722841386958515
2.209999999999978,0.9721716501959736
2.211999999999978,0.9720591299689733
2.2139999999999778,0.9719465814782108
2.2159999999999775,0.9718340048726295
2.2179999999999773,0.9717213993092844
2.219999999999977,0.9716087598368535
2.221999999999977,0.9714960899675684
2.2239999999999767,0.9713833943915431
2.2259999999999764,0.9712706685627184
2.227999999999976,0.9711579108598504
2.229999999999976,0.971045124951504
2.231999999999976,0.9709323066684915
2.2339999999999756,0.9708194590858297
2.2359999999999753,0.9707065781394472
2.237999999999975,0.9705936671661887
2.239999999999975,0.9704807263920663
2.2419999999999747,0.9703677551219521
2.2439999999999745,0.9702547525898431
2.2459999999999742,0.9701417222801767
2.247999999999974,0.9700286596156836
2.249999999999974,0.9699155632669824
2.2519999999999736,0.9698024372072647
2.2539999999999734,0.9696892774828922
2.255999999999973,0.9695760873114833
2.257999999999973,0.969462866776037
2.2599999999999727,0.9693496150765393
2.2619999999999725,0.969236331390178
2.2639999999999723,0.9691230151080502
2.265999999999972,0.9690096658368761
2.267999999999972,0.9688962874069793
2.2699999999999716,0.9687828754747342
2.2719999999999714,0.9686694329252974
2.273999999999971,0.9685559555530607
2.275999999999971,0.9684424466284793
2.2779999999999707,0.9683289063576468
2.2799999999999705,0.9682153340473577
2.2819999999999703,0.9681017289496134
2.28399999999997,0.9679880905043887
2.28599999999997,0.9678744183473642
2.2879999999999696,0.9677607163339565
2.2899999999999694,0.967646980134228
2.291999999999969,0.9675332126480378
2.293999999999969,0.9674194096770733
2.2959999999999687,0.9673055745055976
2.2979999999999685,0.9671917073525623
2.2999999999999683,0.9670778075357872
2.301999999999968,0.9669638743168327
2.303999999999968,0.9668499071461557
2.3059999999999676,0.9667359097506159
2.3079999999999674,0.966621877723254
2.309999999999967,0.9665078139299551
2.311999999999967,0.9663937141573158
2.3139999999999668,0.9662795816912843
2.3159999999999665,0.966165416755987
2.3179999999999663,0.9660512186782748
2.319999999999966,0.9659369867299754
2.321999999999966,0.9658227203671347
2.3239999999999656,0.9657084233267936
2.3259999999999654,0.9655940912078458
2.327999999999965,0.9654797228061573
2.329999999999965,0.9653653222047311
2.3319999999999648,0.9652508895948617
2.3339999999999645,0.9651364240581767
2.3359999999999643,0.9650219246360336
2.337999999999964,0.9649073906316421
2.339999999999964,0.9647928216095238
2.3419999999999637,0.964678217320596
2.3439999999999634,0.9645635778264277
2.3459999999999632,0.9644489089476489
2.347999999999963,0.9643342117437843
2.349999999999963,0.9642194812713114
2.3519999999999626,0.9641047206003941
2.3539999999999623,0.9639899299187619
2.355999999999962,0.963875108558313
2.357999999999962,0.9637602557820673
2.3599999999999617,0.9636453710254472
2.3619999999999615,0.963530457995607
2.3639999999999612,0.963415512240513
2.365999999999961,0.9633005324928801
2.367999999999961,0.9631855227788841
2.3699999999999606,0.9630704832388537
2.3719999999999604,0.9629554128999871
2.37399999999996,0.9628403066544569
2.37599999999996,0.9627251679547942
2.3779999999999597,0.9626100015084298
2.3799999999999595,0.9624948027912826
2.3819999999999593,0.9623795705638312
2.383999999999959,0.9622643088361953
2.385999999999959,0.9621490135352115
2.3879999999999586,0.9620336877867128
2.3899999999999584,0.9619183316026558
2.391999999999958,0.9618029400241705
2.393999999999958,0.9616875163867438
2.3959999999999577,0.9615720611474979
2.3979999999999575,0.9614565779283383
2.3999999999999573,0.9613410619071292
2.401999999999957,0.9612255114867616
2.403999999999957,0.9611099304790844
2.4059999999999566,0.9609943148016905
2.4079999999999564,0.9608786676299188
2.409999999999956,0.9607629890287379
2.411999999999956,0.9606472781854448
2.4139999999999557,0.9605315342652343
2.4159999999999555,0.9604157566481235
2.4179999999999553,0.9602999449320438
2.419999999999955,0.9601840988697328
2.421999999999955,0.9600682224108095
2.4239999999999546,0.9599523112405565
2.4259999999999544,0.9598363682798825
2.427999999999954,0.9597203934125127
2.429999999999954,0.9596043857172094
2.4319999999999538,0.9594883443052222
2.4339999999999535,0.959372268538659
2.4359999999999533,0.9592561580140306
2.437999999999953,0.9591400124900564
2.439999999999953,0.9590238359325036
2.4419999999999527,0.9589076240348979
2.4439999999999524,0.9587913797328254
2.445999999999952,0.9586750988066806
2.447999999999952,0.9585587845560897
2.4499999999999518,0.9584424372083937
2.4519999999999516,0.9583260560791732
2.4539999999999513,0.9582096445364887
2.455999999999951,0.9580931978085337
2.457999999999951,0.9579767144294986
2.4599999999999507,0.9578601983545862
2.4619999999999505,0.9577436455907502
2.4639999999999502,0.9576270593919018
2.46599999999995,0.9575104398786809
2.46799999999995,0.9573937862781361
2.4699999999999496,0.9572770977858976
2.4719999999999493,0.9571603738114502
2.473999999999949,0.9570436139796
2.475999999999949,0.9569268221895273
2.4779999999999487,0.9568099940973651
2.4799999999999485,0.9566931326338214
2.4819999999999482,0.9565762377008693
2.483999999999948,0.9564593083993268
2.485999999999948,0.9563423438621843
2.4879999999999476,0.9562253471054252
2.4899999999999474,0.9561083140254065
2.491999999999947,0.9559912434242189
2.493999999999947,0.955874139350589
2.4959999999999467,0.9557569978234304
2.4979999999999465,0.9556398220965817
2.4999999999999463,0.9555226081619769
2.501999999999946,0.9554053604536672
2.503999999999946,0.95528808076689
2.5059999999999456,0.9551707690552075
2.5079999999999454,0.9550534288707924
2.509999999999945,0.9549360554155533
2.511999999999945,0.9548186471367417
2.5139999999999447,0.9547012079097594
2.5159999999999445,0.9545837377874821
2.5179999999999443,0.9544662316170686
2.519999999999944,0.9543486925740743
2.521999999999944,0.9542311210012802
2.5239999999999436,0.9541135163470178
2.5259999999999434,0.9539958779557041
2.527999999999943,0.9538782094376186
2.529999999999943,0.9537605062140054
2.5319999999999427,0.9536427710689479
2.5339999999999425,0.9535249996732177
2.5359999999999423,0.9534071952815144
2.537999999999942,0.9532893581013099
2.539999999999942,0.9531714874313324
2.5419999999999416,0.9530535825036435
2.5439999999999414,0.9529356427323072
2.545999999999941,0.9528176679115513
2.547999999999941,0.9526996581604449
2.5499999999999408,0.9525816176222615
2.5519999999999405,0.9524635461425223
2.5539999999999403,0.9523454382851888
2.55599999999994,0.9522272970192678
2.55799999999994,0.9521091225621465
2.5599999999999397,0.9519909142953569
2.5619999999999394,0.951872671531111
2.563999999999939,0.9517543978789552
2.565999999999939,0.9516360887540005
2.5679999999999388,0.9515177428073155
2.5699999999999386,0.9513993640816002
2.5719999999999383,0.9512809527405116
2.573999999999938,0.9511625078208518
2.575999999999938,0.9510440241725739
2.5779999999999377,0.9509255094185619
2.5799999999999375,0.9508069599722531
2.5819999999999372,0.95068837437444
2.583999999999937,0.9505697521476726
2.585999999999937,0.9504510973476378
2.5879999999999366,0.9503324057637739
2.5899999999999364,0.9502136804431659
2.591999999999936,0.9500949213483256
2.593999999999936,0.9499761275998275
2.5959999999999357,0.9498572983229576
2.5979999999999355,0.9497384328827814
2.5999999999999353,0.9496195350265852
2.601999999999935,0.94950060028023
2.603999999999935,0.9493816315263018
2.6059999999999346,0.949262624482866
2.6079999999999344,0.9491435824588709
2.609999999999934,0.9490245056903011
2.611999999999934,0.9489053934945293
2.6139999999999337,0.9487862451209486
2.6159999999999335,0.9486670600041018
2.6179999999999333,0.9485478419306611
2.619999999999933,0.9484285864440833
2.621999999999933,0.9483092964406269
2.6239999999999326,0.9481899676425745
2.6259999999999324,0.9480706033654076
2.627999999999932,0.9479512038538872
2.629999999999932,0.9478317684322515
2.6319999999999317,0.9477122963553489
2.6339999999999315,0.9475927912229787
2.6359999999999313,0.9474732484347856
2.637999999999931,0.947353670805728
2.639999999999931,0.9472340540143109
2.6419999999999306,0.9471144013605545
2.6439999999999304,0.9469947130856908
2.64599999999993,0.946874988517429
2.64799999999993,0.9467552269150821
2.6499999999999297,0.9466354277224381
2.6519999999999295,0.9465155947456523
2.6539999999999293,0.9463957235345368
2.655999999999929,0.9462758170297765
2.657999999999929,0.946155871980783
2.6599999999999286,0.9460358929315557
2.6619999999999284,0.9459158805885823
2.663999999999928,0.9457958343817077
2.665999999999928,0.945675753529376
2.6679999999999278,0.9455556415582644
2.6699999999999275,0.9454354937831779
2.6719999999999273,0.9453153129485757
2.673999999999927,0.9451950946627135
2.675999999999927,0.9450748421754434
2.6779999999999267,0.9449545556841347
2.6799999999999264,0.9448342344737918
2.681999999999926,0.9447138777610018
2.683999999999926,0.9445934849467081
2.685999999999926,0.9444730598019936
2.6879999999999256,0.9443525978295151
2.6899999999999253,0.9442321019008172
2.691999999999925,0.9441115676964985
2.693999999999925,0.9439909985107412
2.6959999999999247,0.9438703945657585
2.6979999999999245,0.9437497551576961
2.6999999999999242,0.9436290795115196
2.701999999999924,0.9435083670367408
2.703999999999924,0.9433876215203555
2.7059999999999236,0.9432668384971306
2.7079999999999234,0.9431460211509772
2.709999999999923,0.9430252328870261
2.711999999999923,0.9429044513438025
2.7139999999999227,0.9427836518234869
2.7159999999999225,0.9426628219338963
2.7179999999999223,0.9425419520538463
2.719999999999922,0.942421044381815
2.721999999999922,0.9423001036879006
2.7239999999999216,0.9421791257391661
2.7259999999999214,0.9420581091958253
2.727999999999921,0.941937058026079
2.729999999999921,0.9418159681753495
2.7319999999999207,0.9416948428547903
2.7339999999999205,0.9415736821575611
2.7359999999999203,0.9414524852778003
2.73799999999992,0.9413312513761498
2.73999999999992,0.941209979825953
2.7419999999999196,0.9410886702204235
2.7439999999999194,0.9409673223119175
2.745999999999919,0.9408459401093074
2.747999999999919,0.9407245234637682
2.7499999999999187,0.9406030669456615
2.7519999999999185,0.9404815735495833
2.7539999999999183,0.9403600435343438
2.755999999999918,0.9402384804772692
2.757999999999918,0.9401168794924353
2.7599999999999176,0.9399952389295181
2.7619999999999174,0.9398735626468517
2.763999999999917,0.9397518465558421
2.765999999999917,0.9396300938799477
2.7679999999999167,0.9395083047384221
2.7699999999999165,0.939386478346967
2.7719999999999163,0.9392646138846525
2.773999999999916,0.939142710742358
2.775999999999916,0.9390207726939405
2.7779999999999156,0.9388987952790799
2.7799999999999154,0.9387767813854659
2.781999999999915,0.9386547308998405
2.783999999999915,0.9385326387354522
2.7859999999999148,0.9384105082383226
2.7879999999999145,0.9382883440868635
2.7899999999999143,0.9381661416214871
2.791999999999914,0.9380438991192672
2.793999999999914,0.9379216203165158
2.7959999999999137,0.9377993010151748
2.7979999999999134,0.9376769443807782
2.7999999999999132,0.9375545504988073
2.801999999999913,0.9374321185744413
2.803999999999913,0.9373096477844733
2.8059999999999126,0.9371871375247829
2.8079999999999123,0.937064591585351
2.809999999999912,0.9369420055090054
2.811999999999912,0.9368193828588994
2.8139999999999117,0.9366967205254633
2.8159999999999115,0.9365740223287102
2.8179999999999112,0.9364512886557294
2.819999999999911,0.9363285188159052
2.821999999999911,0.9362057161717905
2.8239999999999106,0.936082875845846
2.8259999999999104,0.9359599962548357
2.82799999999991,0.9358370813315071
2.82999999999991,0.9357141311839103
2.8319999999999097,0.9355911448151486
2.8339999999999095,0.9354681211856829
2.8359999999999093,0.9353450595200203
2.837999999999909,0.9352219593107708
2.839999999999909,0.9350988202511308
2.8419999999999086,0.9349756463372086
2.8439999999999084,0.9348524332053019
2.845999999999908,0.9347291837966655
2.847999999999908,0.9346058980092187
2.8499999999999077,0.9344825749099672
2.8519999999999075,0.9343592135836879
2.8539999999999073,0.9342358133634887
2.855999999999907,0.9341123738198509
2.857999999999907,0.9339888988813658
2.8599999999999066,0.9338653841471012
2.8619999999999064,0.9337418344054172
2.863999999999906,0.9336182477662271
2.865999999999906,0.933494623086506
2.8679999999999057,0.9333709596209433
2.8699999999999055,0.9332472569011279
2.8719999999999053,0.9331235146496188
2.873999999999905,0.9329997368892319
2.875999999999905,0.9328759192641869
2.8779999999999046,0.9327520647266941
2.8799999999999044,0.9326281731783483
2.881999999999904,0.9325042436882538
2.883999999999904,0.93238027534095
2.8859999999999038,0.9322562674659565
2.8879999999999035,0.9321322238311078
2.8899999999999033,0.9320081399358965
2.891999999999903,0.9318840186684392
2.893999999999903,0.9317598557040124
2.8959999999999027,0.9316356543533904
2.8979999999999024,0.9315114148602538
2.899999999999902,0.9313871365344688
2.901999999999902,0.9312628186088348
2.9039999999999018,0.9311384646966456
2.9059999999999016,0.9310140701616412
2.9079999999999013,0.930889637808838
2.909999999999901,0.9307651674712013
2.911999999999901,0.9306406581902941
2.9139999999999007,0.9305161090490968
2.9159999999999004,0.9303915193855823
2.9179999999999002,0.9302668887818972
2.9199999999999,0.9301422169904486
2.9219999999999,0.930017508072932
2.9239999999998996,0.9298927618925283
2.9259999999998993,0.929767972967577
2.927999999999899,0.9296431443128522
2.929999999999899,0.9295182762016282
2.9319999999998987,0.9293933722659717
2.9339999999998985,0.9292684275886512
2.9359999999998982,0.9291434404935444
2.937999999999898,0.929018414879365
2.939999999999898,0.9288933508398927
2.9419999999998976,0.9287682431633031
2.9439999999998974,0.9286430950753571
2.945999999999897,0.9285179111975905
2.947999999999897,0.9283926867700241
2.9499999999998967,0.9282674200036951
2.9519999999998965,0.928142114642264
2.9539999999998963,0.9280167664443049
2.955999999999896,0.9278913786051367
2.957999999999896,0.9277659512324665
2.9599999999998956,0.9276404835303727
2.9619999999998954,0.9275149746683896
2.963999999999895,0.9273894241814802
2.965999999999895,0.927263837047117
2.9679999999998947,0.9271382136383903
2.9699999999998945,0.9270125485763273
2.9719999999998943,0.9268868448562331
2.973999999999894,0.9267611026853669
2.975999999999894,0.9266353214143583
2.9779999999998936,0.9265095003155299
2.9799999999998934,0.9263836430473202
2.981999999999893,0.9262577449626905
2.983999999999893,0.9261318088669042
2.9859999999998927,0.9260058303529886
2.9879999999998925,0.9258798127027377
2.9899999999998923,0.9257537561418834
2.991999999999892,0.9256276599624184
2.993999999999892,0.9255015276116878
2.9959999999998916,0.9253753542197476
2.9979999999998914,0.9252491424372695
2.999999999999891,0.9251228877637917
3.001999999999891,0.9249965934362434
3.0039999999998908,0.9248702596649592
3.0059999999998905,0.9247438857365307
3.0079999999998903,0.9246174708642647
3.00999999999989,0.9244910186789175
3.01199999999989,0.9243645245137477
3.0139999999998897,0.9242379911788701
3.0159999999998894,0.9241114142717224
3.017999999999889,0.9239847972647337
3.019999999999889,0.9238581406261464
3.0219999999998888,0.9237314437426674
3.0239999999998886,0.9236047100898791
3.0259999999998883,0.9234779347916138
3.027999999999888,0.9233511204938398
3.029999999999888,0.9232242626809913
3.0319999999998877,0.9230973645913774
3.0339999999998875,0.9229704264314653
3.0359999999998872,0.9228434474868521
3.037999999999887,0.9227164269704613
3.039999999999887,0.9225893685189754
3.0419999999998866,0.9224622674588947
3.0439999999998864,0.922335126602915
3.045999999999886,0.9222079415379186
3.047999999999886,0.9220807155676964
3.0499999999998857,0.9219534489351529
3.0519999999998855,0.9218261451906786
3.0539999999998853,0.9216987992803214
3.055999999999885,0.92157140942711
3.057999999999885,0.9214439795006346
3.0599999999998846,0.9213165095712446
3.0619999999998844,0.9211889943673459
3.063999999999884,0.9210614371121179
3.065999999999884,0.9209338382068246
3.0679999999998837,0.9208062013868685
3.0699999999998835,0.9206785217322137
3.0719999999998833,0.920550801802015
3.073999999999883,0.9204230369863915
3.075999999999883,0.9202952304818791
3.0779999999998826,0.9201673824786119
3.0799999999998824,0.9200394922581359
3.081999999999882,0.919911563294926
3.083999999999882,0.9197835907116169
3.0859999999998817,0.9196555729357601
3.0879999999998815,0.919527514003059
3.0899999999998813,0.9193994140903985
3.091999999999881,0.9192712722368936
3.093999999999881,0.9191430874282611
3.0959999999998806,0.919014858906054
3.0979999999998804,0.9188865861823897
3.09999999999988,0.9187582732294264
3.10199999999988,0.9186299198560215
3.1039999999998797,0.9185015204916258
3.1059999999998795,0.9183730781567359
3.1079999999998793,0.9182445931324842
3.109999999999879,0.9181160691036543
3.111999999999879,0.9179875011184013
3.1139999999998786,0.9178588874916419
3.1159999999998784,0.9177302328414916
3.117999999999878,0.9176015380819087
3.119999999999878,0.9174728025043549
3.1219999999998778,0.9173440251244
3.1239999999998775,0.9172152051323164
3.1259999999998773,0.917086341970268
3.127999999999877,0.9169574395535625
3.129999999999877,0.9168284976405798
3.1319999999998767,0.9166995105991411
3.1339999999998764,0.9165704814107614
3.135999999999876,0.9164414103194322
3.137999999999876,0.9163122967113941
3.139999999999876,0.9161831441560956
3.1419999999998756,0.9160539478085636
3.1439999999998753,0.9159247103738093
3.145999999999875,0.9157954273258154
3.147999999999875,0.9156661019316706
3.1499999999998747,0.9155367344102321
3.1519999999998745,0.915407328320446
3.1539999999998742,0.9152778785703267
3.155999999999874,0.9151483833506944
3.157999999999874,0.9150188465419928
3.1599999999998736,0.9148892682113138
3.1619999999998734,0.9147596473242087
3.163999999999873,0.9146299828237077
3.165999999999873,0.9145002739501724
3.1679999999998727,0.9143705204126561
3.1699999999998725,0.9142407263297956
3.1719999999998723,0.9141108872595752
3.173999999999872,0.9139810061721023
3.175999999999872,0.9138510829618733
3.1779999999998716,0.9137211166688638
3.1799999999998714,0.9135911063465569
3.181999999999871,0.9134610512961798
3.183999999999871,0.9133309553540552
3.1859999999998707,0.9132008139410394
3.1879999999998705,0.9130706299757316
3.1899999999998703,0.9129404033410176
3.19199999999987,0.9128101330903492
3.19399999999987,0.9126798182890626
3.1959999999998696,0.9125494625398469
3.1979999999998694,0.912419061093366
3.199999999999869,0.9122886843608712
3.201999999999869,0.9121583081839864
3.2039999999998687,0.9120279065024257
3.2059999999998685,0.9118974660890409
3.2079999999998683,0.9117669767740681
3.209999999999868,0.9116364406333722
3.211999999999868,0.9115058625664295
3.2139999999998676,0.9113752383303024
3.2159999999998674,0.9112445665680489
3.217999999999867,0.9111138513625872
3.219999999999867,0.9109830928860817
3.2219999999998667,0.9108522901448021
3.2239999999998665,0.9107214420841532
3.2259999999998663,0.9105905479110122
3.227999999999866,0.9104596071156508
3.229999999999866,0.9103286236635028
3.2319999999998656,0.9101975930952834
3.2339999999998654,0.910066518378058
3.235999999999865,0.9099353994344828
3.237999999999865,0.9098042353373841
3.2399999999998648,0.9096730251675855
3.2419999999998645,0.9095417725274257
3.2439999999998643,0.9094104727030472
3.245999999999864,0.9092791285146313
3.247999999999864,0.9091477398083048
3.2499999999998637,0.9090163056236198
3.2519999999998634,0.9088848250298114
3.2539999999998632,0.9087532973496906
3.255999999999863,0.9086217264364749
3.257999999999863,0.9084901120310398
3.2599999999998626,0.9083584484952574
3.2619999999998623,0.9082267388207979
3.263999999999862,0.9080949836299879
3.265999999999862,0.9079631874162248
3.2679999999998617,0.9078313455772766
3.2699999999998615,0.9076994564722929
3.2719999999998612,0.9075675240186689
3.273999999999861,0.9074355482784598
3.275999999999861,0.9073035281884325
3.2779999999998606,0.90717146264199
3.2799999999998604,0.907039350806463
3.28199999999986,0.9069071964254021
3.28399999999986,0.9067749948722064
3.2859999999998597,0.9066427490284312
3.2879999999998595,0.9065104587674979
3.2899999999998593,0.9063781231248289
3.291999999999859,0.9062457411480169
3.293999999999859,0.9061133121331124
3.2959999999998586,0.9059808399163777
3.2979999999998584,0.9058483242136761
3.299999999999858,0.9057157593431917
3.301999999999858,0.9055831482745221
3.3039999999998577,0.90545049125964
3.3059999999998575,0.9053177919880562
3.3079999999998573,0.9051850454628921
3.309999999999857,0.9050522542230858
3.311999999999857,0.9049194136825444
3.3139999999998566,0.9047865272160773
3.3159999999998564,0.9046535950916955
3.317999999999856,0.9045206165942488
3.319999999999856,0.9043875952141971
3.3219999999998557,0.9042545260141858
3.3239999999998555,0.9041214116578379
3.3259999999998553,0.9039882518724787
3.327999999999855,0.9038550456140367
3.329999999999855,0.9037217918945897
3.3319999999998546,0.9035884899946438
3.3339999999998544,0.903455139453462
3.335999999999854,0.9033217442989689
3.337999999999854,0.9031883043629125
3.3399999999998538,0.9030548183217706
3.3419999999998535,0.9029212848756532
3.3439999999998533,0.9027877030776005
3.345999999999853,0.9026540723256073
3.347999999999853,0.9025203965784464
3.3499999999998527,0.9023866713211373
3.3519999999998524,0.9022528995275754
3.353999999999852,0.9021190811112773
3.355999999999852,0.9019852151312724
3.3579999999998518,0.9018513049656225
3.3599999999998515,0.9017173456102872
3.3619999999998513,0.9015833397165738
3.363999999999851,0.9014492826994951
3.365999999999851,0.9013151778351938
3.3679999999998507,0.9011810296826871
3.3699999999998504,0.9010468332352759
3.3719999999998502,0.9009125865040716
3.37399999999985,0.9007782932075772
3.37599999999985,0.9006439532908844
3.3779999999998496,0.9005095613087648
3.3799999999998493,0.9003751247786331
3.381999999999849,0.9002406397891622
3.383999999999849,0.9001061045980585
3.3859999999998487,0.8999715228739799
3.3879999999998485,0.8998368901161189
3.3899999999998482,0.8997022094135007
3.391999999999848,0.8995674807906646
3.393999999999848,0.8994327077113702
3.3959999999998476,0.8992978849645561
3.3979999999998474,0.8991630106628743
3.399999999999847,0.8990280886994876
3.401999999999847,0.8988931191650444
3.4039999999998467,0.8987581010349976
3.4059999999998465,0.8986230332373581
3.4079999999998463,0.8984879193066808
3.409999999999846,0.8983527547122196
3.411999999999846,0.8982175429296597
3.4139999999998456,0.8980822840876186
3.4159999999998454,0.8979469772740707
3.417999999999845,0.8978116215104669
3.419999999999845,0.8976762160500911
3.4219999999998447,0.8975407647332114
3.4239999999998445,0.8974052629182366
3.4259999999998443,0.8972697135158247
3.427999999999844,0.897134116395515
3.429999999999844,0.8969984705764644
3.4319999999998436,0.8968627750865421
3.4339999999998434,0.8967270335482815
3.435999999999843,0.896591241160932
3.437999999999843,0.8964554007447296
3.4399999999998427,0.8963195121244198
3.4419999999998425,0.8961835742983051
3.4439999999998423,0.8960475906367447
3.445999999999842,0.8959115560897248
3.447999999999842,0.8957754733078922
3.4499999999998416,0.8956393376615845
3.4519999999998414,0.8955031524448627
3.453999999999841,0.8953669180366063
3.455999999999841,0.8952306381835193
3.4579999999998408,0.8950943077781146
3.4599999999998405,0.8949579293098439
3.4619999999998403,0.8948215023522329
3.46399999999984,0.8946850213941602
3.46599999999984,0.8945484940614639
3.4679999999998397,0.8944119164883488
3.4699999999998394,0.8942752869616017
3.471999999999839,0.8941386091981914
3.473999999999839,0.8940018830436858
3.4759999999998388,0.8938651072590054
3.4779999999998386,0.8937282806248913
3.4799999999998383,0.893591402246368
3.481999999999838,0.8934544715490054
3.483999999999838,0.8933174925491111
3.4859999999998377,0.8931804650629076
3.4879999999998375,0.893043387743623
3.4899999999998372,0.8929062592729576
3.491999999999837,0.8927690786867342
3.493999999999837,0.8926318497347556
3.4959999999998366,0.8924945677112361
3.4979999999998364,0.8923572355318156
3.499999999999836,0.892219853080275
3.501999999999836,0.8920824193889456
3.5039999999998357,0.891944933501837
3.5059999999998355,0.8918073990824664
3.5079999999998353,0.8916698156954164
3.509999999999835,0.8915321774754098
3.511999999999835,0.8913944873721633
3.5139999999998346,0.8912567500009227
3.5159999999998344,0.8911189604005203
3.517999999999834,0.8909811209970652
3.519999999999834,0.8908432268776757
3.5219999999998337,0.8907052811438176
3.5239999999998335,0.8905672839178425
3.5259999999998333,0.8904292344235475
3.527999999999833,0.890291136205049
3.529999999999833,0.8901529842733256
3.5319999999998326,0.8900147813440353
3.5339999999998324,0.8898765271729352
3.535999999999832,0.8897382207241594
3.537999999999832,0.889599861007673
3.5399999999998317,0.889461451686308
3.5419999999998315,0.8893229879489086
3.5439999999998313,0.8891844726605062
3.545999999999831,0.8890459056729563
3.547999999999831,0.8889072860054289
3.5499999999998306,0.8887686170825837
3.5519999999998304,0.8886298938940321
3.55399999999983,0.8884911196862644
3.55599999999983,0.8883522945936344
3.5579999999998297,0.8882134176902621
3.5599999999998295,0.8880744879847429
3.5619999999998293,0.8879355047241586
3.563999999999829,0.8877964718013394
3.565999999999829,0.8876573845347127
3.5679999999998286,0.8875182458621151
3.5699999999998284,0.8873790556585079
3.571999999999828,0.8872398173273125
3.573999999999828,0.8871005255210982
3.5759999999998278,0.8869611826706261
3.5779999999998275,0.8868217839319739
3.5799999999998273,0.8866823325008124
3.581999999999827,0.8865428285539806
3.583999999999827,0.8864032757329741
3.5859999999998267,0.8862636688346078
3.5879999999998264,0.8861240103589001
3.589999999999826,0.8859842999681536
3.591999999999826,0.8858445366276184
3.593999999999826,0.8857047193136244
3.5959999999998256,0.8855648472659889
3.5979999999998253,0.8854249243913435
3.599999999999825,0.8852849504131852
3.601999999999825,0.8851449195114789
3.6039999999998247,0.8850048390953394
3.6059999999998245,0.884864705049466
3.6079999999998242,0.8847245154984014
3.609999999999824,0.8845842741125237
3.611999999999824,0.8844439806968922
3.6139999999998236,0.884303633985771
3.6159999999998234,0.8841632327386427
3.617999999999823,0.8840227760469123
3.619999999999823,0.8838822677391105
3.6219999999998227,0.8837417030912478
3.6239999999998225,0.8836010850520915
3.6259999999998223,0.8834604135120931
3.627999999999822,0.8833196919142972
3.629999999999822,0.8831789966838844
3.6319999999998216,0.8830382885154505
3.6339999999998214,0.8828975432552517
3.635999999999821,0.8827567440193962
3.637999999999821,0.8826158894556329
3.6399999999998207,0.8824749786237649
3.6419999999998205,0.8823340109459288
3.6439999999998203,0.8821929904794927
3.64599999999982,0.8820519126839239
3.64799999999982,0.8819107805859443
3.6499999999998196,0.8817695941405458
3.6519999999998194,0.8816283524168604
3.653999999999819,0.8814870544704361
3.655999999999819,0.8813457039940762
3.6579999999998187,0.8812042961736246
3.6599999999998185,0.8810628338767637
3.6619999999998183,0.8809213169597053
3.663999999999818,0.8807797444407677
3.665999999999818,0.8806381197557698
3.6679999999998176,0.8804964378375358
3.6699999999998174,0.8803547013774506
3.671999999999817,0.8802129101234266
3.673999999999817,0.8800710630380695
3.6759999999998167,0.8799291591322825
3.6779999999998165,0.8797872020945225
3.6799999999998163,0.8796451915133878
3.681999999999816,0.8795031214954562
3.683999999999816,0.879360999419935
3.6859999999998156,0.8792188211855032
3.6879999999998154,0.8790765849327843
3.689999999999815,0.8789342943582423
3.691999999999815,0.8787919495011494
3.6939999999998148,0.878649549601038
3.6959999999998145,0.8785070936508059
3.6979999999998143,0.8783645808045015
3.699999999999814,0.8782220148908411
3.701999999999814,0.8780793955829695
3.7039999999998137,0.8779367214285907
3.7059999999998134,0.8777939910330141
3.7079999999998132,0.8776512033858106
3.709999999999813,0.8775083622640406
3.711999999999813,0.8773654629136458
3.7139999999998126,0.8772225082693755
3.7159999999998123,0.8770794982226107
3.717999999999812,0.8769364318032834
3.719999999999812,0.8767933124667016
3.7219999999998117,0.8766501396043627
3.7239999999998115,0.8765069072091998
3.7259999999998112,0.8763636181693875
3.727999999999811,0.8762202771104467
3.729999999999811,0.8760768790065755
3.7319999999998106,0.8759334262847256
3.7339999999998104,0.8757899139717836
3.73599999999981,0.875646345198482
3.73799999999981,0.8755027245376197
3.7399999999998097,0.8753590468319921
3.7419999999998095,0.8752153099714796
3.7439999999998093,0.8750715177232073
3.745999999999809,0.8749276700556634
3.747999999999809,0.8747837658404515
3.7499999999998086,0.8746398083681752
3.7519999999998084,0.8744957924074278
3.753999999999808,0.8743517205830722
3.755999999999808,0.874207592605635
3.7579999999998077,0.8740634074175463
3.7599999999998075,0.8739191640225752
3.7619999999998073,0.873774861705573
3.763999999999807,0.8736305044651488
3.765999999999807,0.8734860920992968
3.7679999999998066,0.8733416232471096
3.7699999999998064,0.8731970965802672
3.771999999999806,0.8730525155865564
3.773999999999806,0.8729078752801487
3.7759999999998057,0.8727631784982693
3.7779999999998055,0.8726184251139284
3.7799999999998053,0.8724736141866304
3.781999999999805,0.8723287492343714
3.783999999999805,0.8721838251858018
3.7859999999998046,0.8720388447943741
3.7879999999998044,0.8718938078529599
3.789999999999804,0.8717487133568845
3.791999999999804,0.8716035648031908
3.7939999999998038,0.8714583571111092
3.7959999999998035,0.8713130930403303
3.7979999999998033,0.8711677723948695
3.799999999999803,0.8710223941828505
3.801999999999803,0.8708769574600721
3.8039999999998027,0.8707314660156242
3.8059999999998024,0.8705859195038201
3.807999999999802,0.8704403164877863
3.809999999999802,0.8702946556179975
3.8119999999998018,0.8701489359487831
3.8139999999998015,0.8700031613811144
3.8159999999998013,0.8698573272193597
3.817999999999801,0.8697114365279648
3.819999999999801,0.8695654893158529
3.8219999999998007,0.8694194891823575
3.8239999999998004,0.8692734308457235
3.8259999999998002,0.8691273169266233
3.8279999999998,0.8689811475073318
3.8299999999998,0.868834921723963
3.8319999999997996,0.8686886386467314
3.8339999999997993,0.868542297588808
3.835999999999799,0.8683959026019554
3.837999999999799,0.868249453526435
3.8399999999997987,0.8681029490391232
3.8419999999997985,0.8679563878606416
3.8439999999997982,0.8678097735636254
3.845999999999798,0.8676631012031452
3.847999999999798,0.8675163737149651
3.8499999999997976,0.867369591124555
3.8519999999997974,0.8672227526001755
3.853999999999797,0.8670758617754348
3.855999999999797,0.8669289136345668
3.8579999999997967,0.8667819110335975
3.8599999999997965,0.8666348538611018
3.8619999999997963,0.8664877412074468
3.863999999999796,0.8663405722158446
3.865999999999796,0.8661933508014726
3.8679999999997956,0.8660460767318522
3.8699999999997954,0.8658987441915463
3.871999999999795,0.8657513608584138
3.873999999999795,0.8656039227789204
3.8759999999997947,0.8654564282628021
3.8779999999997945,0.8653088812799715
3.8799999999997943,0.8651612819111019
3.881999999999794,0.8650136291464896
3.883999999999794,0.8648659220009489
3.8859999999997936,0.864718159832273
3.8879999999997934,0.8645703468408478
3.889999999999793,0.8644224830467694
3.891999999999793,0.8642745673357252
3.8939999999997927,0.8641265986514852
3.8959999999997925,0.8639785763321431
3.8979999999997923,0.8638305046017509
3.899999999999792,0.8636823790444974
3.901999999999792,0.8635342030639133
3.9039999999997916,0.8633859769918887
3.9059999999997914,0.8632377047947757
3.907999999999791,0.8630893815116463
3.909999999999791,0.8629410100946561
3.9119999999997908,0.8627925860985426
3.9139999999997905,0.8626441133087166
3.9159999999997903,0.8624955924938988
3.91799999999979,0.8623470280057034
3.91999999999979,0.8621984151801418
3.9219999999997897,0.8620497572165158
3.9239999999997894,0.8619010498780877
3.925999999999789,0.8617522971556175
3.927999999999789,0.8616035045343726
3.9299999999997888,0.8614546676150523
3.9319999999997886,0.8613057850872881
3.9339999999997883,0.8611568616613411
3.935999999999788,0.8610078982392668
3.937999999999788,0.8608588946509668
3.9399999999997877,0.8607098507552988
3.9419999999997875,0.8605607667720864
3.9439999999997872,0.860411643300194
3.945999999999787,0.8602624857615866
3.947999999999787,0.8601132908239436
3.9499999999997866,0.859964062985357
3.9519999999997864,0.8598148036919375
3.953999999999786,0.8596655137031893
3.955999999999786,0.8595161940398357
3.9579999999997857,0.8593668458900092
3.9599999999997855,0.8592174752426016
3.9619999999997852,0.8590680793914485
3.963999999999785,0.8589186635745932
3.965999999999785,0.8587692300919443
3.9679999999997846,0.8586197760118074
3.9699999999997844,0.8584703076570463
3.971999999999784,0.8583208287302095
3.973999999999784,0.8581713421549473
3.9759999999997837,0.8580218509571153
3.9779999999997835,0.8578723631796319
3.9799999999997833,0.8577228784398718
3.981999999999783,0.8575734000747095
3.983999999999783,0.857423933305998
3.9859999999997826,0.8572744843977655
3.9879999999997824,0.8571250649170559
3.989999999999782,0.8569756781773886
3.991999999999782,0.8568263315421253
3.9939999999997817,0.8566770347589193
3.9959999999997815,0.856527799334824
3.9979999999997813,0.8563786384983929
3.999999999999781,0.8562295629525658
4.001999999999781,0.8560805949732309
4.003999999999781,0.8559317524329808
4.005999999999781,0.855783060705625
4.007999999999781,0.8556345472742651
4.00999999999978,0.8554863225399973
4.01199999999978,0.8553384128965194
4.01399999999978,0.8551908495402883
4.01599999999978,0.8550437097807569
4.0179999999997795,0.8548971105862324
4.019999999999779,0.854751246111246
4.021999999999779,0.8546064467008306
4.023999999999779,0.8544634281179644
4.025999999999779,0.8543255439533759
4.027999999999778,0.5930560834398126
4.029999999999778,0.46812555969083613
4.031999999999778,0.4113238762473801
4.033999999999778,0.38716631763911985
4.0359999999997775,0.37797959900856704
4.037999999999777,0.3752674271738332
4.039999999999777,0.37503134834754764
4.041999999999777,0.37551453809859847
4.043999999999777,0.376022446256294
4.045999999999776,0.3763343259376444
4.047999999999776,0.376418121787268
4.049999999999776,0.37630912389333715
4.051999999999776,0.3760565727164268
4.053999999999776,0.3757043576978162
4.055999999999775,0.3752860536648678
4.057999999999775,0.3748253947190942
4.059999999999775,0.3743383509384174
4.061999999999775,0.3738353083713115
4.0639999999997745,0.3733228482474762
4.065999999999774,0.3728050583547602
4.067999999999774,0.3722844349226247
4.069999999999774,0.37176247969022413
4.071999999999774,0.3712400853142406
4.073999999999773,0.370717777270904
4.075999999999773,0.37019586158841333
4.077999999999773,0.36967451545370345
4.079999999999773,0.3691538408998133
4.0819999999997725,0.3686338970028202
4.083999999999772,0.3681147177640264
4.085999999999772,0.3675963238800093
4.087999999999772,0.36707872711415124
4.089999999999772,0.36656193590331854
4.091999999999771,0.36604595583846034
4.093999999999771,0.3655307909532536
4.095999999999771,0.3650164443918606
4.097999999999771,0.3645029187307154
4.0999999999997705,0.36399021614643773
4.10199999999977,0.3634783385043549
4.10399999999977,0.36294086798705183
4.10599999999977,0.3624001448308133
4.10799999999977,0.361863992545326
4.109999999999769,0.3613341192103807
4.111999999999769,0.3608099740067673
4.113999999999769,0.36029040781766497
4.115999999999769,0.3597743133525545
4.1179999999997685,0.35926081738321763
4.119999999999768,0.358749294313548
4.121999999999768,0.35823932094605915
4.123999999999768,0.3577306218271019
4.125999999999768,0.3572230225461711
4.127999999999767,0.3567164148640879
4.129999999999767,0.35621073275221377
4.131999999999767,0.35570593619581903
4.133999999999767,0.35520200109788164
4.1359999999997665,0.35469891286471944
4.137999999999766,0.35419666239990666
4.139999999999766,0.35369524401574454
4.141999999999766,0.353194653762132
4.143999999999766,0.35269488880792693
4.145999999999765,0.3521959470136901
4.147999999999765,0.35169782643044023
4.149999999999765,0.3512005253374664
4.151999999999765,0.3507040421352392
4.1539999999997645,0.35020837521199033
4.155999999999764,0.3497135231265863
4.157999999999764,0.34921948440964123
4.159999999999764,0.3487262575107315
4.161999999999764,0.3482338410169773
4.1639999999997634,0.34774223347118516
4.165999999999763,0.34725143333774505
4.167999999999763,0.3467614391386925
4.169999999999763,0.3462722494867899
4.171999999999763,0.3457838628778229
4.173999999999762,0.34529627784691436
4.175999999999762,0.34480949295012053
4.177999999999762,0.34432350680814705
4.179999999999762,0.3438383179237977
4.1819999999997615,0.343353924842623
4.183999999999761,0.3428703261272543
4.185999999999761,0.34238752034547143
4.187999999999761,0.34190550606996306
4.189999999999761,0.3414242818177905
4.19199999999976,0.3409438462170988
4.19399999999976,0.3404641978621463
4.19599999999976,0.33998533533646846
4.19799999999976,0.3395072572206447
4.1999999999997595,0.3390299620985031
4.201999999999759,0.3385534485006554
4.203999999999759,0.3380777150653174
4.205999999999759,0.3376027604007813
4.207999999999759,0.3371285830538904
4.209999999999758,0.336655181669542
4.211999999999758,0.3361825548606586
4.213999999999758,0.3357107011850502
4.215999999999758,0.33523961929194285
4.2179999999997575,0.3347693078027385
4.219999999999757,0.3342997652847577
4.221999999999757,0.33383099038854785
4.223999999999757,0.33336298174619033
4.225999999999757,0.3328957379362324
4.227999999999756,0.3324292576146677
4.229999999999756,0.33196353941992496
4.231999999999756,0.3314985819424552
4.233999999999756,0.3310343838472116
4.2359999999997555,0.33057094377941465
4.237999999999755,0.33010826037369934
4.239999999999755,0.3296463322314148
4.241999999999755,0.3291851580252244
4.243999999999755,0.32872473641084876
4.245999999999754,0.32826506603835537
4.247999999999754,0.32780614555360643
4.249999999999754,0.32734797357719914
4.251999999999754,0.3268905487922893
4.2539999999997535,0.32643386986732503
4.255999999999753,0.32597793546274334
4.257999999999753,0.3255227442430696
4.259999999999753,0.32506829487147104
4.261999999999753,0.32461458601594084
4.263999999999752,0.32416161637345986
4.265999999999752,0.3237093845906911
4.267999999999752,0.3232578893369411
4.269999999999752,0.3228071292879017
4.2719999999997516,0.32235710315273913
4.273999999999751,0.3219078095950105
4.275999999999751,0.32145924729334885
4.277999999999751,0.3210114149584739
4.279999999999751,0.3205643112616136
4.2819999999997505,0.3201179349151885
4.28399999999975,0.31967228461598796
4.28599999999975,0.31922735905695565
4.28799999999975,0.31878315691682413
4.28999999999975,0.3183396769122444
4.291999999999749,0.3178969177508578
4.293999999999749,0.317454878141496
4.295999999999749,0.3170135567875534
4.297999999999749,0.31657295241962724
4.2999999999997485,0.31613306373317995
4.301999999999748,0.3156938894398127
4.303999999999748,0.315255428271616
4.305999999999748,0.3148176789350874
4.307999999999748,0.31438064016677675
4.309999999999747,0.3139443107074828
4.311999999999747,0.3135086893401335
4.313999999999747,0.31307377460978203
4.315999999999747,0.3126395653245277
4.3179999999997465,0.31220606024877884
4.319999999999746,0.3117732581256093
4.321999999999746,0.31134115770298054
4.323999999999746,0.31090975770991736
4.325999999999746,0.31047905689461114
4.327999999999745,0.3100490539906101
4.329999999999745,0.30961974775146167
4.331999999999745,0.3091911369250534
4.333999999999745,0.3087632202614568
4.3359999999997445,0.3083359965108221
4.337999999999744,0.3079094644295886
4.339999999999744,0.3074836227757505
4.341999999999744,0.30705847031415523
4.343999999999744,0.30663400580109745
4.345999999999743,0.30621022800509723
4.347999999999743,0.3057871356924128
4.349999999999743,0.3053647276317816
4.351999999999743,0.30494300259182505
4.3539999999997425,0.3045219593443613
4.355999999999742,0.30410159666485853
4.357999999999742,0.3036819133338036
4.359999999999742,0.30326290812892787
4.361999999999742,0.30284457983150254
4.363999999999741,0.3024269272247041
4.365999999999741,0.30200994909491535
4.367999999999741,0.30159364422817225
4.369999999999741,0.30117801141723516
4.3719999999997405,0.3007630494509428
4.37399999999974,0.3003487571247422
4.37599999999974,0.29993513323484866
4.37799999999974,0.2995221765780869
4.37999999999974,0.2991098859559028
4.381999999999739,0.29869826017016254
4.383999999999739,0.29828729802583387
4.385999999999739,0.2978769983303238
4.387999999999739,0.2974673598910234
4.3899999999997386,0.29705838151888597
4.391999999999738,0.29665006202655336
4.393999999999738,0.29624240023166626
4.395999999999738,0.29583539494535355
4.397999999999738,0.29542904499174105
4.3999999999997375,0.2950233491898471
4.401999999999737,0.2946183063636769
4.403999999999737,0.2942139153324379
4.405999999999737,0.2938101749301775
4.407999999999737,0.2934070839823708
4.409999999999736,0.2930046413275886
4.411999999999736,0.2926028457960317
4.413999999999736,0.2922016962218731
4.415999999999736,0.2918011914363462
4.4179999999997355,0.29140133028892284
4.419999999999735,0.2910021116156417
4.421999999999735,0.2906035342624137
4.423999999999735,0.2902055970756757
4.425999999999735,0.2898082989056969
4.427999999999734,0.2894116385955763
4.429999999999734,0.28901561499679085
4.431999999999734,0.28862022696539336
4.433999999999734,0.28822547336199844
4.4359999999997335,0.2878313530468659
4.437999999999733,0.28743786487052153
4.439999999999733,0.28704500769727637
4.441999999999733,0.2866527803946707
4.443999999999733,0.28626118183138255
4.445999999999732,0.2858702108662843
4.447999999999732,0.2854798663847094
4.449999999999732,0.28509014724952675
4.451999999999732,0.2847010523236908
4.4539999999997315,0.2843125804989922
4.455999999999731,0.28392473064674884
4.457999999999731,0.28353750164966807
4.459999999999731,0.28315089239436697
4.461999999999731,0.28276490176857416
4.46399999999973,0.28237952864817095
4.46599999999973,0.2819947719220296
4.46799999999973,0.2816106304865943
4.46999999999973,0.28122710323880623
4.4719999999997295,0.28084418906109254
4.473999999999729,0.28046188685312623
4.475999999999729,0.28008019551826824
4.477999999999729,0.2796991139615984
4.479999999999729,0.2793186410743579
4.481999999999728,0.27893877576296544
4.483999999999728,0.27855951693899195
4.485999999999728,0.2781808635172651
4.487999999999728,0.27780281439648186
4.4899999999997275,0.2774253684909067
4.491999999999727,0.2770485247212975
4.493999999999727,0.2766722820093824
4.495999999999727,0.2762966392616605
4.497999999999727,0.275921595399908
4.499999999999726,0.2755471493538596
4.501999999999726,0.2751733000361908
4.503999999999726,0.27480004637609945
4.505999999999726,0.274427387310488
4.507999999999726,0.27405532175709235
4.509999999999725,0.273683848671932
4.511999999999725,0.27331296697987517
4.513999999999725,0.27294267560081426
4.515999999999725,0.2725729734955802
4.5179999999997245,0.27220385959695703
4.519999999999724,0.2718353328491544
4.521999999999724,0.27146739218276666
4.523999999999724,0.27110003657039283
4.525999999999724,0.27073326494964084
4.527999999999723,0.2703670762529301
4.529999999999723,0.2700014694576096
4.531999999999723,0.269636443509213
4.533999999999723,0.2692719973460788
4.5359999999997225,0.26890812995285496
4.537999999999722,0.2685448402807289
4.539999999999722,0.26818212729614593
4.541999999999722,0.2678199899490243
4.543999999999722,0.2674584272100308
4.545999999999721,0.267097438057743
4.547999999999721,0.26673702144770317
4.549999999999721,0.2663771763808566
4.551999999999721,0.26601790181944795
4.5539999999997205,0.2656591967185317
4.55599999999972,0.2653010600611937
4.55799999999972,0.2649434908388426
4.55999999999972,0.2645864880432559
4.56199999999972,0.26423005064248256
4.563999999999719,0.26387417762613224
4.565999999999719,0.2635188679674223
4.567999999999719,0.26316412066277634
4.569999999999719,0.2628099347157239
4.5719999999997185,0.2624563091297032
4.573999999999718,0.2621032428838815
4.575999999999718,0.2617507349785956
4.577999999999718,0.261398784398406
4.579999999999718,0.2610473901515457
4.581999999999717,0.26069655125291025
4.583999999999717,0.2603462667179276
4.585999999999717,0.259996535536526
4.587999999999717,0.2596473566969226
4.5899999999997165,0.2592987292428509
4.591999999999716,0.2589506521770265
4.593999999999716,0.2586031244950511
4.595999999999716,0.25825614524543034
4.597999999999716,0.2579097134112533
4.599999999999715,0.2575638280417487
4.601999999999715,0.2572184881486277
4.603999999999715,0.25687369276250616
4.605999999999715,0.2565294408936777
4.6079999999997145,0.2561857315782321
4.609999999999714,0.2558425638581846
4.611999999999714,0.2554999367489086
4.613999999999714,0.2551578492910723
4.615999999999714,0.25481630053157067
4.6179999999997134,0.25447528949050147
4.619999999999713,0.25413481518700104
4.621999999999713,0.25379487548184154
4.623999999999713,0.25345547191952583
4.625999999999713,0.2531166025640101
4.627999999999712,0.25277826612667076
4.629999999999712,0.25244046157932987
4.631999999999712,0.2521031879846761
4.633999999999712,0.2517664444008781
4.6359999999997115,0.25143022988570796
4.637999999999711,0.25109454352371385
4.639999999999711,0.2507593844014878
4.641999999999711,0.2504247515737032
4.643999999999711,0.2500906441153917
4.64599999999971,0.24975706110595977
4.64799999999971,0.2494240015944924
4.64999999999971,0.2490914646558458
4.65199999999971,0.2487594493456204
4.6539999999997095,0.2484279540410208
4.655999999999709,0.24809697924495716
4.657999999999709,0.24776652348861977
4.659999999999709,0.24743658566625887
4.661999999999709,0.24710716478841324
4.663999999999708,0.24677825994332786
4.665999999999708,0.24644987021119244
4.667999999999708,0.2461219946996396
4.669999999999708,0.24579463251921907
4.6719999999997075,0.24546778274799136
4.673999999999707,0.24514144448661856
4.675999999999707,0.24481561681239417
4.677999999999707,0.24449029880065182
4.679999999999707,0.24416548958845902
4.681999999999706,0.24384118826264622
4.683999999999706,0.24351739390051957
4.685999999999706,0.24319410561145727
4.687999999999706,0.24287132251296037
4.6899999999997055,0.2425490436923906
4.691999999999705,0.242227268233839
4.693999999999705,0.24190599528484455
4.695999999999705,0.24158522391455697
4.697999999999705,0.24126495326880487
4.699999999999704,0.24094518241919471
4.701999999999704,0.24062591051577614
4.703999999999704,0.24030713666317455
4.705999999999704,0.23998885995799943
4.7079999999997035,0.23967107953047456
4.709999999999703,0.23935379451760314
4.711999999999703,0.239037004025799
4.713999999999703,0.23872070715883653
4.715999999999703,0.23840490308539783
4.717999999999702,0.23808959089283632
4.719999999999702,0.23777477885551093
4.721999999999702,0.2374604911354267
4.723999999999702,0.23714670908152974
4.7259999999997016,0.23683342293980397
4.727999999999701,0.23652062751605152
4.729999999999701,0.23620831999202713
4.731999999999701,0.23589649858401632
4.733999999999701,0.23558516206506944
4.7359999999997004,0.23527430945466088
4.7379999999997,0.23496393984010722
4.7399999999997,0.23465405237233933
4.7419999999997,0.23434464618934653
4.7439999999997,0.23403572045886054
4.745999999999699,0.23372727432361473
4.747999999999699,0.23341930695299568
4.749999999999699,0.23311181752078047
4.751999999999699,0.2328048051380113
4.7539999999996985,0.23249826900172893
4.755999999999698,0.23219220823358055
4.757999999999698,0.23188662203503768
4.759999999999698,0.23158150900192565
4.761999999999698,0.23127686947431372
4.763999999999697,0.2309727021121043
4.765999999999697,0.2306690059633273
4.767999999999697,0.2303657801223668
4.769999999999697,0.23006302380385787
4.7719999999996965,0.2297607361560019
4.773999999999696,0.22945891637585245
4.775999999999696,0.22915756366855253
4.777999999999696,0.228856677206073
4.779999999999696,0.22855625618313652
4.781999999999695,0.2282562997682971
4.783999999999695,0.22795680712842217
4.785999999999695,0.2276577774640824
4.787999999999695,0.22735920998084083
4.7899999999996945,0.22706110385292932
4.791999999999694,0.22676345825059313
4.793999999999694,0.2264662723790804
4.795999999999694,0.2261695454496387
4.797999999999694,0.22587327661218187
4.799999999999693,0.22557746510194168
4.801999999999693,0.22528211007830162
4.803999999999693,0.22498721078051662
4.805999999999693,0.22469276637028063
4.8079999999996925,0.22439877606010944
4.809999999999692,0.22410523907296523
4.811999999999692,0.22381215460132886
4.813999999999692,0.22351952177670162
4.815999999999692,0.2232273395848861
4.817999999999691,0.22293560775504978
4.819999999999691,0.22264432555140345
4.821999999999691,0.22235349193293064
4.823999999999691,0.22206310605781338
4.8259999999996905,0.22177316712112544
4.82799999999969,0.22148367433492921
4.82999999999969,0.22119462694586325
4.83199999999969,0.22090602420442368
4.83399999999969,0.2206178653258777
4.835999999999689,0.2203301495191686
4.837999999999689,0.22004287602478184
4.839999999999689,0.21975604406064314
4.841999999999689,0.21946965284181327
4.8439999999996886,0.2191837016155591
4.845999999999688,0.21889818963372687
4.847999999999688,0.21861311611563689
4.849999999999688,0.21832848027789736
4.851999999999688,0.21804428137063064
4.8539999999996875,0.2177605186196555
4.855999999999687,0.21747719127873455
4.857999999999687,0.217194298576524
4.859999999999687,0.21691183973910527
4.861999999999687,0.2166298140256055
4.863999999999686,0.21634822067232296
4.865999999999686,0.21606705894107708
4.867999999999686,0.2157863280676604
4.869999999999686,0.2155060272862802
4.8719999999996855,0.2152261558645642
4.873999999999685,0.2149467130453403
4.875999999999685,0.21466769809773306
4.877999999999685,0.21438911026592575
4.879999999999685,0.21411094879135423
4.881999999999684,0.21383321294786156
4.883999999999684,0.21355590198511312
4.885999999999684,0.21327901518045533
4.887999999999684,0.21300255178533745
4.8899999999996835,0.21272651104785867
4.891999999999683,0.21245089224978597
4.893999999999683,0.21217569464935818
4.895999999999683,0.21190091752894413
4.897999999999683,0.2116265601469471
4.899999999999682,0.2113526217600497
4.901999999999682,0.21107910165597082
4.903999999999682,0.2108059990999294
4.905999999999682,0.21053331338155035
4.9079999999996815,0.21026104376672447
4.909999999999681,0.20998918951937096
4.911999999999681,0.20971774993462733
4.913999999999681,0.20944672428476283
4.915999999999681,0.2091761118388512
4.91799999999968,0.2089059118971658
4.91999999999968,0.2086361237381934
4.92199999999968,0.20836674663594054
4.92399999999968,0.20809777989485084
4.9259999999996795,0.2078292227967554
4.927999999999679,0.20756107464794127
4.929999999999679,0.2072933347298801
4.931999999999679,0.20702600232157822
4.933999999999679,0.20675907673285154
4.935999999999678,0.20649255725112398
4.937999999999678,0.20622644316167016
4.939999999999678,0.20596073378015792
4.941999999999678,0.20569542839978255
4.9439999999996775,0.20543052633610132
4.945999999999677,0.20516602685584645
4.947999999999677,0.20490192927581208
4.949999999999677,0.20463823292238603
4.951999999999677,0.2043749370946476
4.953999999999676,0.20411204108725933
4.955999999999676,0.20384954419819679
4.957999999999676,0.2035874457567985
4.959999999999676,0.2033257450694002
4.961999999999676,0.20306444146389965
4.963999999999675,0.2028035342464572
4.965999999999675,0.20254302272103927
4.967999999999675,0.20228290621965944
4.969999999999675,0.20202318405279227
4.9719999999996745,0.20176385552942822
4.973999999999674,0.2015049199618702
4.975999999999674,0.20124637669105153
4.977999999999674,0.20098822503683472
4.979999999999674,0.20073046433975358
4.981999999999673,0.20047309391793666
4.983999999999673,0.200216113086993
4.985999999999673,0.1999595211661559
4.987999999999673,0.19970331750272458
4.9899999999996725,0.1994475014245679
4.991999999999672,0.19919207227858438
4.993999999999672,0.19893702939175334
4.995999999999672,0.19868237208764125
4.997999999999672,0.19842809969255076
4.999999999999671,0.19817421156305368
5.001999999999671,0.19792070703271214
5.003999999999671,0.1976675854339201
5.005999999999671,0.19741484612368781
5.0079999999996705,0.1971624884395355
5.00999999999967,0.19691051171696164
5.01199999999967,0.19665891529353957
5.01399999999967,0.19640769853300438
5.01599999999967,0.19615686078045302
5.017999999999669,0.19590640139860094
5.019999999999669,0.19565631973084752
5.021999999999669,0.19540661511797963
5.023999999999669,0.19515728690423834
5.0259999999996685,0.19490833445976685
5.027999999999668,0.19465975713579914
5.029999999999668,0.1944115542819614
5.031999999999668,0.19416372524860337
5.033999999999668,0.19391626941237347
5.035999999999667,0.1936691861299778
5.037999999999667,0.19342247475559937
5.039999999999667,0.19317613466661368
5.041999999999667,0.19293016485171854
5.0439999999996665,0.19268456546768561
5.045999999999666,0.1924393355554816
5.047999999999666,0.19219447436924963
5.049999999999666,0.19194998124637633
5.051999999999666,0.19170585555688574
5.053999999999665,0.19146209669844666
5.055999999999665,0.19121870402801971
5.057999999999665,0.19097567696024148
5.059999999999665,0.1907330148516704
5.0619999999996645,0.19049071709141102
5.063999999999664,0.19024878305293108
5.065999999999664,0.19000721210947352
5.067999999999664,0.1897660036359561
5.069999999999664,0.1895251570287314
5.0719999999996634,0.18928467166688392
5.073999999999663,0.18904454692724665
5.075999999999663,0.18880478220726177
5.077999999999663,0.18856537688848635
5.079999999999663,0.18832633035024546
5.081999999999662,0.18808764197414374
5.083999999999662,0.1878493111629992
5.085999999999662,0.18761133728631862
5.087999999999662,0.1873737197657979
5.0899999999996615,0.1871364579746352
5.091999999999661,0.1868995512979683
5.093999999999661,0.18666299914517107
5.095999999999661,0.18642680091095293
5.097999999999661,0.18619095600482338
5.09999999999966,0.18595546380256683
5.10199999999966,0.18572032371311029
5.10399999999966,0.1854855351346733
5.10599999999966,0.18525109746503926
5.1079999999996595,0.18501701012037075
5.109999999999659,0.1847832725013167
5.111999999999659,0.18454988400698977
5.113999999999659,0.18431684403784954
5.115999999999659,0.18408415199827308
5.117999999999658,0.18385180731085066
5.119999999999658,0.18361980938430889
5.121999999999658,0.18338815762392363
5.123999999999658,0.18315685143717675
5.1259999999996575,0.18292589025021655
5.127999999999657,0.18269527347461403
5.129999999999657,0.18246500052016013
5.131999999999657,0.18223507079877535
5.133999999999657,0.18200548373936498
5.135999999999656,0.18177623874409093
5.137999999999656,0.18154733524205485
5.139999999999656,0.18131877265440788
5.141999999999656,0.18109055041328967
5.1439999999996555,0.18086266792433156
5.145999999999655,0.1806351246208469
5.147999999999655,0.18040791992657068
5.149999999999655,0.18018105327778094
5.151999999999655,0.1799545240845607
5.153999999999654,0.1797283317835998
5.155999999999654,0.17950247578918294
5.157999999999654,0.17927695555666068
5.159999999999654,0.17905177050365087
5.1619999999996535,0.17882692005819778
5.163999999999653,0.17860240366505475
5.165999999999653,0.17837822075692708
5.167999999999653,0.1781543707673704
5.169999999999653,0.17793085313086218
5.171999999999652,0.1777076672944723
5.173999999999652,0.1774848126841669
5.175999999999652,0.17726228874830274
5.177999999999652,0.17704009492735773
5.1799999999996515,0.17681823067279162
5.181999999999651,0.17659669541376544
5.183999999999651,0.17637548860197144
5.185999999999651,0.17615460968200114
5.187999999999651,0.17593405809689905
5.1899999999996504,0.1757138332923724
5.19199999999965,0.17549393471640262
5.19399999999965,0.17527436182692058
5.19599999999965,0.17505511406414115
5.19799999999965,0.1748361908870637
5.199999999999649,0.17461759175830313
5.201999999999649,0.17439931611949136
5.203999999999649,0.1741813634215451
5.205999999999649,0.17396373312814745
5.2079999999996485,0.17374642469538149
5.209999999999648,0.17352943757930825
5.211999999999648,0.17331277123744826
5.213999999999648,0.17309642512714044
5.215999999999648,0.1728803987183133
5.217999999999647,0.172664691471495
5.219999999999647,0.17244930283929477
5.221999999999647,0.17223423229158738
5.223999999999647,0.17201947930111863
5.2259999999996465,0.17180504332569319
5.227999999999646,0.17159092383595714
5.229999999999646,0.17137712029331542
5.231999999999646,0.17116363217200847
5.233999999999646,0.17095045894181443
5.235999999999645,0.17073760007198185
5.237999999999645,0.17052505504053844
5.239999999999645,0.1703128233126564
5.241999999999645,0.17010090436745912
5.2439999999996445,0.16988929767328115
5.245999999999644,0.1696780027110561
5.247999999999644,0.1694670189575472
5.249999999999644,0.16925634589520028
5.251999999999644,0.16904598299665236
5.253999999999643,0.1688359297451192
5.255999999999643,0.16862618561685871
5.257999999999643,0.16841675009702983
5.259999999999643,0.16820762266854838
5.2619999999996425,0.1679988028142691
5.263999999999642,0.1677902900183221
5.265999999999642,0.16758208376975714
5.267999999999642,0.16737418355157463
5.269999999999642,0.16716658885399374
5.271999999999641,0.16695929916515478
5.273999999999641,0.16675231397329526
5.275999999999641,0.16654563276920106
5.277999999999641,0.16633925504422148
5.2799999999996405,0.16613318029137636
5.28199999999964,0.16592740800457023
5.28399999999964,0.16572193767829552
5.28599999999964,0.165516768805803
5.28799999999964,0.16531190088500863
5.289999999999639,0.16510733341212502
5.291999999999639,0.16490306588589226
5.293999999999639,0.16469909780607567
5.295999999999639,0.1644954286718443
5.2979999999996386,0.16429205798366017
5.299999999999638,0.16408898524336132
5.301999999999638,0.1638862099543834
5.303999999999638,0.16368373162010574
5.305999999999638,0.16348154974557325
5.3079999999996375,0.16327966383582312
5.309999999999637,0.16307807339669714
5.311999999999637,0.16287677793701982
5.313999999999637,0.1626757769638958
5.315999999999637,0.16247506998797034
5.317999999999636,0.1622746565179061
5.319999999999636,0.16207453606757438
5.321999999999636,0.16187470814657395
5.323999999999636,0.1616751722671145
5.3259999999996355,0.16147592794386456
5.327999999999635,0.16127697468910535
5.329999999999635,0.16107831202135048
5.331999999999635,0.16087993945826948
5.333999999999635,0.16068185651413208
5.335999999999634,0.16048406271155596
5.337999999999634,0.16028655756564866
5.339999999999634,0.16008934059649294
5.341999999999634,0.15989241132500587
5.3439999999996335,0.15969576927424908
5.345999999999633,0.15949941396891643
5.347999999999633,0.1593033449317705
5.349999999999633,0.1591075616881914
5.351999999999633,0.15891206376354622
5.353999999999632,0.15871685067884345
5.355999999999632,0.1585219219676039
5.357999999999632,0.15832727715247727
5.359999999999632,0.1581329157620528
5.3619999999996315,0.15793883733517988
5.363999999999631,0.15774504139652523
5.365999999999631,0.15755152747659404
5.367999999999631,0.15735829510870347
5.369999999999631,0.15716534382614544
5.37199999999963,0.15697267315629757
5.37399999999963,0.15678028264347926
5.37599999999963,0.1565881718262606
5.37799999999963,0.15639634023223256
5.3799999999996295,0.15620478740731236
5.381999999999629,0.15601351288197254
5.383999999999629,0.15582251620573748
5.385999999999629,0.15563179691004198
5.387999999999629,0.15544135453597158
5.389999999999628,0.15525118862559098
5.391999999999628,0.15506129872266886
5.393999999999628,0.1548716843729817
5.395999999999628,0.15468234512206763
5.3979999999996275,0.1544932805152577
5.399999999999627,0.15430449009876035
5.401999999999627,0.15411597341956285
5.403999999999627,0.1539277300133066
5.405999999999627,0.15373975944191667
5.407999999999626,0.15355206124537002
5.409999999999626,0.1533646349862005
5.411999999999626,0.15317748020441257
5.413999999999626,0.15299059646437835
5.415999999999626,0.15280398330768394
5.417999999999625,0.15261764028704933
5.419999999999625,0.15243156697205243
5.421999999999625,0.15224576290515007
5.423999999999625,0.1520602276411755
5.4259999999996245,0.15187496073783233
5.427999999999624,0.15168996175385524
5.429999999999624,0.1515052302507099
5.431999999999624,0.15132076578734588
5.433999999999624,0.1511365679243102
5.435999999999623,0.15095263620799054
5.437999999999623,0.1507689702158831
5.439999999999623,0.15058556951398921
5.441999999999623,0.1504024336662271
5.4439999999996225,0.15021956221884888
5.445999999999622,0.1500369547526909
5.447999999999622,0.1498546108375416
5.449999999999622,0.1496725300215363
5.451999999999622,0.14949071188845262
5.453999999999621,0.149309155991049
5.455999999999621,0.14912786189791238
5.457999999999621,0.1489468291997879
5.459999999999621,0.1487660574512048
5.4619999999996205,0.1485855462402105
5.46399999999962,0.14840529512087985
5.46599999999962,0.1482253036639737
5.46799999999962,0.14804557144558478
5.46999999999962,0.1478660980619267
5.471999999999619,0.1476868830699501
5.473999999999619,0.14750792604206653
5.475999999999619,0.14732922655632197
5.477999999999619,0.14715078419198302
5.4799999999996185,0.14697259830911244
5.481999999999618,0.14679466835707594
5.483999999999618,0.1466169944224609
5.485999999999618,0.14643957623533826
5.487999999999618,0.14626241330617445
5.489999999999617,0.14608550513575694
5.491999999999617,0.14590885124385325
5.493999999999617,0.14573245117453615
5.495999999999617,0.1455563044641761
5.4979999999996165,0.14538041070893454
5.499999999999616,0.14520476949443573
5.501999999999616,0.14502938040237323
5.503999999999616,0.1448542430172094
5.505999999999616,0.1446793569247234
5.507999999999615,0.1445047217124636
5.509999999999615,0.14433033696977343
5.511999999999615,0.1441562022860698
5.513999999999615,0.14398231725295996
5.5159999999996145,0.14380868146108178
5.517999999999614,0.14363529447821233
5.519999999999614,0.1434621559243746
5.521999999999614,0.14328926539978387
5.523999999999614,0.1431166224996972
5.525999999999613,0.1429442268172881
5.527999999999613,0.1427720779475353
5.529999999999613,0.142600175486009
5.531999999999613,0.142428519030926
5.533999999999613,0.1422571266452473
5.535999999999612,0.1420859936210279
5.537999999999612,0.14191511201191642
5.539999999999612,0.1417444776993262
5.541999999999612,0.14157408856888531
5.5439999999996115,0.141403943442932
5.545999999999611,0.14123404155499386
5.547999999999611,0.1410643823969951
5.549999999999611,0.14089496552678632
5.551999999999611,0.14072579050208622
5.55399999999961,0.14055685695456077
5.55599999999961,0.14038816449759509
5.55799999999961,0.14021971273810385
5.55999999999961,0.14005150125032273
5.5619999999996095,0.13988352967461506
5.563999999999609,0.13971579762757264
5.565999999999609,0.13954830471800334
5.567999999999609,0.13938105052166855
5.569999999999609,0.1392140346815779
5.571999999999608,0.13904725681754307
5.573999999999608,0.13888071654071688
5.575999999999608,0.13871441346183044
5.577999999999608,0.1385483471933809
5.5799999999996075,0.13838251734933676
5.581999999999607,0.13821692354351817
5.583999999999607,0.1380515653936505
5.585999999999607,0.13788644251570303
5.587999999999607,0.1377215545283147
5.589999999999606,0.13755690104946156
5.591999999999606,0.13739248173559632
5.593999999999606,0.13722829616990384
5.595999999999606,0.137064343964031
5.5979999999996055,0.13690062474013304
5.599999999999605,0.1367371381597079
5.601999999999605,0.13657388381131794
5.603999999999605,0.13641086134820174
5.605999999999605,0.13624807035756115
5.607999999999604,0.13608551049663858
5.609999999999604,0.13592318135593567
5.611999999999604,0.13576108259517217
5.613999999999604,0.13559921380590256
5.6159999999996035,0.13543757465183465
5.617999999999603,0.13527616476509452
5.619999999999603,0.1351149837690437
5.621999999999603,0.13495403124809863
5.623999999999603,0.13479330686958982
5.625999999999602,0.13463281027103158
5.627999999999602,0.13447254108216
5.629999999999602,0.13431249893134067
5.631999999999602,0.13415268344890366
5.6339999999996015,0.1339930942655963
5.635999999999601,0.13383373105746874
5.637999999999601,0.1336745934151506
5.639999999999601,0.13351568096298977
5.641999999999601,0.13335699338136597
5.6439999999996004,0.13319853026525236
5.6459999999996,0.13304029128976602
5.6479999999996,0.1328822760494806
5.6499999999996,0.13272448422218813
5.6519999999996,0.13256691540497362
5.653999999999599,0.13240956927844896
5.655999999999599,0.1322524454881706
5.657999999999599,0.1320955436692776
5.659999999999599,0.13193886345806727
5.6619999999995985,0.13178240449160877
5.663999999999598,0.1316261664110207
5.665999999999598,0.13147014885772498
5.667999999999598,0.13131435147537984
5.669999999999598,0.13115877395633896
5.671999999999597,0.13100341589768844
5.673999999999597,0.130848276933711
5.675999999999597,0.13069335676098992
5.677999999999597,0.13053865502964673
5.6799999999995965,0.1303841713294495
5.681999999999596,0.13022990535025308
5.683999999999596,0.13007585674650976
5.685999999999596,0.12992202516361498
5.687999999999596,0.12976841024563557
5.689999999999595,0.12961501163930658
5.691999999999595,0.12946182899368747
5.693999999999595,0.12930886195911634
5.695999999999595,0.1291561101890537
5.6979999999995945,0.12900357338792348
5.699999999999594,0.12885125115732865
5.701999999999594,0.12869914319259868
5.703999999999594,0.12854724914956928
5.705999999999594,0.12839556862096213
5.707999999999593,0.12824410130892477
5.709999999999593,0.12809284687710948
5.711999999999593,0.12794180497797825
5.713999999999593,0.12779097526464603
5.7159999999995925,0.1276403573919581
5.717999999999592,0.12748995107157207
5.719999999999592,0.12733975590619137
5.721999999999592,0.12718977159828232
5.723999999999592,0.12703999775277422
5.725999999999591,0.12689043407815045
5.727999999999591,0.12674108024158853
5.729999999999591,0.12659193589855194
5.731999999999591,0.1264430007043738
5.7339999999995905,0.12629427431742385
5.73599999999959,0.12614575639878964
5.73799999999959,0.12599744661319112
5.73999999999959,0.1258493446245681
5.74199999999959,0.12570145015930623
5.743999999999589,0.12555376288392694
5.745999999999589,0.1254062823923804
5.747999999999589,0.12525900839873083
5.749999999999589,0.1251119405767186
5.7519999999995886,0.12496507858877541
5.753999999999588,0.1248184220981024
5.755999999999588,0.12467197077020095
5.757999999999588,0.12452572433362936
5.759999999999588,0.1243796823971147
5.7619999999995875,0.12423384467866545
5.763999999999587,0.12408821085120261
5.765999999999587,0.12394278051461241
5.767999999999587,0.1237975533951872
5.769999999999587,0.12365252917586239
5.771999999999586,0.12350770759015292
5.773999999999586,0.12336308824220255
5.775999999999586,0.12321867078852958
5.777999999999586,0.123074454967105
5.7799999999995855,0.12293044039347233
5.781999999999585,0.12278662679748698
5.783999999999585,0.12264301386177051
5.785999999999585,0.12249960125592801
5.787999999999585,0.1223563886488778
5.789999999999584,0.12221337577946266
5.791999999999584,0.12207056225716448
5.793999999999584,0.12192794774421546
5.795999999999584,0.1217855319905441
5.7979999999995835,0.12164331468209874
5.799999999999583,0.12150129548888694
5.801999999999583,0.12135947408173686
5.803999999999583,0.12121785013549713
5.805999999999583,0.12107642332940569
5.807999999999582,0.12093519341389575
5.809999999999582,0.12079416000438452
5.811999999999582,0.12065332283902327
5.813999999999582,0.12051268160434184
5.8159999999995815,0.12037223597578985
5.817999999999581,0.12023198562960065
5.819999999999581,0.12009193024520978
5.821999999999581,0.11995206957765754
5.823999999999581,0.11981240324229733
5.82599999999958,0.11967293105307818
5.82799999999958,0.1195336525928677
5.82999999999958,0.11939456755788269
5.83199999999958,0.11925567563643846
5.8339999999995795,0.1191169765170436
5.835999999999579,0.11897846988963665
5.837999999999579,0.11884015551948306
5.839999999999579,0.11870203309947383
5.841999999999579,0.11856410223071766
5.843999999999578,0.11842636266483397
5.845999999999578,0.11828881410373003
5.847999999999578,0.11815145631005411
5.849999999999578,0.11801428889488483
5.8519999999995775,0.11787731160561844
5.853999999999577,0.1177405241352513
5.855999999999577,0.1176039260894912
5.857999999999577,0.11746751722941273
5.859999999999577,0.11733129734001674
5.861999999999576,0.1171952660362931
5.863999999999576,0.11705942306857652
5.865999999999576,0.1169237680532324
5.867999999999576,0.11678830075154963
5.869999999999576,0.11665302086811669
5.871999999999575,0.11651792809416424
5.873999999999575,0.11638302212004933
5.875999999999575,0.11624830272044295
5.877999999999575,0.11611376959312936
5.8799999999995745,0.11597942233882191
5.881999999999574,0.11584526072257377
5.883999999999574,0.11571128445433743
5.885999999999574,0.11557749331253564
5.887999999999574,0.11544388691097227
5.889999999999573,0.11531046501057388
5.891999999999573,0.11517722731396511
5.893999999999573,0.11504417351129473
5.895999999999573,0.11491130329484486
5.8979999999995725,0.11477861636171374
5.899999999999572,0.11464611241434944
5.901999999999572,0.11451379124428794
5.903999999999572,0.1143816525598027
5.905999999999572,0.11424969604996398
5.907999999999571,0.11411792140516572
5.909999999999571,0.11398632832223853
5.911999999999571,0.11385491658974403
5.913999999999571,0.11372368591641063
5.9159999999995705,0.11359263599115937
5.91799999999957,0.11346176650514014
5.91999999999957,0.11333107715667473
5.92199999999957,0.11320056765130598
5.92399999999957,0.1130702377866185
5.925999999999569,0.11294008727552282
5.927999999999569,0.11281011581175943
5.929999999999569,0.11268032308962153
5.931999999999569,0.11255070881071935
5.9339999999995685,0.11242127277337523
5.935999999999568,0.11229201460008348
5.937999999999568,0.11216293407428639
5.939999999999568,0.11203403091465841
5.941999999999568,0.11190530482428998
5.943999999999567,0.11177675559795981
5.945999999999567,0.11164838294461021
5.947999999999567,0.11152018646378167
5.949999999999567,0.11139216594243362
5.9519999999995665,0.11126432120009266
5.953999999999566,0.11113665185455993
5.955999999999566,0.11100915768582402
5.957999999999566,0.11088183831556803
5.959999999999566,0.11075469353816225
5.961999999999565,0.11062772317595984
5.963999999999565,0.11050092684520345
5.965999999999565,0.11037430432762077
5.967999999999565,0.11024785524311609
5.9699999999995645,0.11012157938910874
5.971999999999564,0.10999547649582977
5.973999999999564,0.10986954637181592
5.975999999999564,0.10974378863296898
5.977999999999564,0.1096182030688306
5.979999999999563,0.10949278940146398
5.981999999999563,0.10936754733850754
5.983999999999563,0.1092424766874153
5.985999999999563,0.10911757706683325
5.987999999999563,0.10899284827202911
5.989999999999562,0.10886829003100479
5.991999999999562,0.10874390205410547
5.993999999999562,0.10861968415320432
5.995999999999562,0.108495636048069
5.9979999999995615,0.10837175733811158
5.999999999999561,0.10824804782697173
