time,value
0.0,4.328516416044343
0.002,4.2331351238680845
0.004,4.189493361795751
0.006,5.113781431121105
0.008,5.460505730238396
0.01,5.575201622707647
0.012,5.598984032951471
0.014,5.593033402390224
0.016,5.581332894947205
0.018000000000000002,5.571365814991129
0.020000000000000004,5.564259427326281
0.022000000000000006,5.559310522910987
0.024000000000000007,5.555638449936738
0.02600000000000001,5.552624147014411
0.02800000000000001,5.549920425389753
0.030000000000000013,5.547360989032662
0.032000000000000015,5.54487761822838
0.034000000000000016,5.542447683353472
0.03600000000000002,5.540066536498219
0.03800000000000002,5.537735025048347
0.04000000000000002,5.535454754062964
0.04200000000000002,5.533226704934853
0.044000000000000025,5.531051138131513
0.04600000000000003,5.528927795341059
0.04800000000000003,5.526856095216961
0.05000000000000003,5.524835302091205
0.05200000000000003,5.52286458880985
0.054000000000000034,5.520943086955498
0.056000000000000036,5.519069914742552
0.05800000000000004,5.517244144479853
0.06000000000000004,5.515464836919493
0.06200000000000004,5.513731030401555
0.06400000000000004,5.512041762473636
0.06600000000000004,5.510396054576103
0.06800000000000005,5.508792932447438
0.07000000000000005,5.50723141040896
0.07200000000000005,5.505710511712377
0.07400000000000005,5.504229243022784
0.07600000000000005,5.502786644166379
0.07800000000000006,5.501381733789729
0.08000000000000006,5.500013554945356
0.08200000000000006,5.498681152372904
0.08400000000000006,5.497383589866352
0.08600000000000006,5.496119923456704
0.08800000000000006,5.49488924104906
0.09000000000000007,5.493690641142271
0.09200000000000007,5.492523227089482
0.09400000000000007,5.491386135402535
0.09600000000000007,5.490278499663292
0.09800000000000007,5.4891994776974435
0.10000000000000007,5.488148263055247
0.10200000000000008,5.4871247083245445
0.10400000000000008,5.486127598544412
0.10600000000000008,5.485155960001162
0.10800000000000008,5.484208954782216
0.11000000000000008,5.483285807832437
0.11200000000000009,5.482385784851848
0.11400000000000009,5.481508179613973
0.11600000000000009,5.480652307625861
0.11800000000000009,5.479817493685629
0.12000000000000009,5.47900308133639
0.1220000000000001,5.478208424945358
0.1240000000000001,5.477432909216883
0.12600000000000008,5.476675920323615
0.12800000000000009,5.4759368732034375
0.1300000000000001,5.475215194453839
0.1320000000000001,5.474510329533077
0.1340000000000001,5.473821733737991
0.1360000000000001,5.473148873025728
0.1380000000000001,5.472491254483174
0.1400000000000001,5.471848393963293
0.1420000000000001,5.471219808828623
0.1440000000000001,5.470605022935966
0.1460000000000001,5.470003589560297
0.1480000000000001,5.469415062449764
0.1500000000000001,5.468839022452102
0.1520000000000001,5.468275049981851
0.1540000000000001,5.467722742364712
0.1560000000000001,5.467181706663481
0.1580000000000001,5.46665156851067
0.16000000000000011,5.466131962188321
0.16200000000000012,5.465622538988238
0.16400000000000012,5.4651229477701015
0.16600000000000012,5.464632863995582
0.16800000000000012,5.46415196200306
0.17000000000000012,5.463679931767077
0.17200000000000013,5.463216471194174
0.17400000000000013,5.462761294625218
0.17600000000000013,5.462314113033191
0.17800000000000013,5.461874652994483
0.18000000000000013,5.461442649136871
0.18200000000000013,5.461017852272616
0.18400000000000014,5.460600018973911
0.18600000000000014,5.460188909907996
0.18800000000000014,5.459784290663482
0.19000000000000014,5.459385942568945
0.19200000000000014,5.4589936429364005
0.19400000000000014,5.458607183633678
0.19600000000000015,5.4582263728641225
0.19800000000000015,5.457851012893757
0.20000000000000015,5.457480908713993
0.20200000000000015,5.457115880954655
0.20400000000000015,5.456755755972746
0.20600000000000016,5.4564003635873695
0.20800000000000016,5.456049547028102
0.21000000000000016,5.455703133372327
0.21200000000000016,5.455360982504541
0.21400000000000016,5.455022940598841
0.21600000000000016,5.454688864727737
0.21800000000000017,5.454358616795014
0.22000000000000017,5.45403206207792
0.22200000000000017,5.453709079001005
0.22400000000000017,5.453389538968891
0.22600000000000017,5.45307331513419
0.22800000000000017,5.452760304729579
0.23000000000000018,5.452450388535322
0.23200000000000018,5.452143457422781
0.23400000000000018,5.451839406630472
0.23600000000000018,5.45153813416079
0.23800000000000018,5.451239540610632
0.24000000000000019,5.450943529356147
0.2420000000000002,5.450650016513271
0.2440000000000002,5.450358920284542
0.2460000000000002,5.450070148993395
0.2480000000000002,5.44978362204392
0.25000000000000017,5.449499252503573
0.25200000000000017,5.449216975358264
0.25400000000000017,5.448936708597472
0.25600000000000017,5.44865837990633
0.2580000000000002,5.448381930494345
0.2600000000000002,5.448107282932817
0.2620000000000002,5.447834379683228
0.2640000000000002,5.447563156876878
0.2660000000000002,5.447293550763478
0.2680000000000002,5.447025499834946
0.2700000000000002,5.446758964822513
0.2720000000000002,5.446493877682701
0.2740000000000002,5.446230188730404
0.2760000000000002,5.445967852592754
0.2780000000000002,5.445706814264621
0.2800000000000002,5.445447029164513
0.2820000000000002,5.445188455095346
0.2840000000000002,5.4449310500990515
0.2860000000000002,5.444674763015256
0.2880000000000002,5.444419573564891
0.2900000000000002,5.44416546941679
0.2920000000000002,5.443912432933958
0.2940000000000002,5.443660418969509
0.2960000000000002,5.443409388523922
0.2980000000000002,5.443159305200842
0.3000000000000002,5.4429101339102495
0.3020000000000002,5.442661840519592
0.3040000000000002,5.442414391828992
0.3060000000000002,5.442167765420845
0.3080000000000002,5.441921919328288
0.3100000000000002,5.441676831841323
0.3120000000000002,5.441432481040779
0.3140000000000002,5.441188851149728
0.3160000000000002,5.44094590362792
0.3180000000000002,5.440703618532264
0.32000000000000023,5.440461968842432
0.32200000000000023,5.4402209366924605
0.32400000000000023,5.4399804947846055
0.32600000000000023,5.439740625037178
0.32800000000000024,5.439501290691481
0.33000000000000024,5.43926248528008
0.33200000000000024,5.439024185262577
0.33400000000000024,5.438786364396114
0.33600000000000024,5.4385490080385654
0.33800000000000024,5.438312093241769
0.34000000000000025,5.438075606670943
0.34200000000000025,5.437839526187912
0.34400000000000025,5.43760383926754
0.34600000000000025,5.437368534518009
0.34800000000000025,5.4371335896485515
0.35000000000000026,5.436898992069618
0.35200000000000026,5.436664730868044
0.35400000000000026,5.4364307846890085
0.35600000000000026,5.436197142149798
0.35800000000000026,5.435963793669736
0.36000000000000026,5.435730719259906
0.36200000000000027,5.435497908881043
0.36400000000000027,5.435265354270845
0.36600000000000027,5.435033046564032
0.36800000000000027,5.434800966193523
0.3700000000000003,5.434569103849914
0.3720000000000003,5.434337452310822
0.3740000000000003,5.434106003953269
0.3760000000000003,5.433874740549219
0.3780000000000003,5.433643654141821
0.3800000000000003,5.43341273884968
0.3820000000000003,5.433181988360423
0.3840000000000003,5.432951395569908
0.3860000000000003,5.432720952848357
0.3880000000000003,5.432490642496047
0.3900000000000003,5.432260457590992
0.3920000000000003,5.432030403476295
0.3940000000000003,5.431800464578946
0.3960000000000003,5.431570633092677
0.3980000000000003,5.431340893545652
0.4000000000000003,5.431111251339204
0.4020000000000003,5.430881703125768
0.4040000000000003,5.430652232749144
0.4060000000000003,5.430422844135596
0.4080000000000003,5.430193523083243
0.4100000000000003,5.42996426382923
0.4120000000000003,5.4297350726353315
0.4140000000000003,5.4295059351335455
0.4160000000000003,5.42927684503703
0.4180000000000003,5.429047798447988
0.4200000000000003,5.428818791796904
0.4220000000000003,5.4285898212882815
0.4240000000000003,5.428360882896192
0.4260000000000003,5.428131972482947
0.4280000000000003,5.4279030859057995
0.4300000000000003,5.427674219091887
0.43200000000000033,5.427445368065494
0.43400000000000033,5.427216528972883
0.43600000000000033,5.426987688188378
0.43800000000000033,5.426758852869838
0.44000000000000034,5.426530021779564
0.44200000000000034,5.426301191048236
0.44400000000000034,5.42607236304228
0.44600000000000034,5.425843559567566
0.44800000000000034,5.425614780707932
0.45000000000000034,5.425386037746696
0.45200000000000035,5.425157329907648
0.45400000000000035,5.424928652504561
0.45600000000000035,5.424699990282134
0.45800000000000035,5.424471349015271
0.46000000000000035,5.424242726496482
0.46200000000000035,5.424014108292612
0.46400000000000036,5.423785500456028
0.46600000000000036,5.423556891047438
0.46800000000000036,5.423328286504008
0.47000000000000036,5.423099684614475
0.47200000000000036,5.422871070951292
0.47400000000000037,5.422642451742822
0.47600000000000037,5.422413825271823
0.47800000000000037,5.42218517769563
0.48000000000000037,5.421956515747105
0.4820000000000004,5.4217278282027195
0.4840000000000004,5.421499122242597
0.4860000000000004,5.421270396391037
0.4880000000000004,5.421041646841481
0.4900000000000004,5.420812859820631
0.4920000000000004,5.420584042779981
0.4940000000000004,5.420355195189317
0.4960000000000004,5.420126314132032
0.4980000000000004,5.419897396424799
0.5000000000000003,5.419668439228346
0.5020000000000003,5.419439440103201
0.5040000000000003,5.419210396907452
0.5060000000000003,5.418981307698109
0.5080000000000003,5.418752170661954
0.5100000000000003,5.418522984071731
0.5120000000000003,5.41829374626257
0.5140000000000003,5.418064455625853
0.5160000000000003,5.417835120574862
0.5180000000000003,5.4176057327964475
0.5200000000000004,5.41737629380332
0.5220000000000004,5.417146814504898
0.5240000000000004,5.416917284099361
0.5260000000000004,5.416687709437159
0.5280000000000004,5.4164580789647285
0.5300000000000004,5.416228399851558
0.5320000000000004,5.415998670982521
0.5340000000000004,5.41576887920932
0.5360000000000004,5.415539032193329
0.5380000000000004,5.415309129693634
0.5400000000000004,5.41507916922546
0.5420000000000004,5.414849148155971
0.5440000000000004,5.414619064266986
0.5460000000000004,5.414388915759681
0.5480000000000004,5.414158701136492
0.5500000000000004,5.413928419088334
0.5520000000000004,5.413698078359987
0.5540000000000004,5.41346766702843
0.5560000000000004,5.413237181704016
0.5580000000000004,5.413006631756002
0.5600000000000004,5.412776006350129
0.5620000000000004,5.4125453129327274
0.5640000000000004,5.412314550654309
0.5660000000000004,5.412083706716947
0.5680000000000004,5.411852789241557
0.5700000000000004,5.411621798490396
0.5720000000000004,5.41139073250726
0.5740000000000004,5.411159589177346
0.5760000000000004,5.410928366789207
0.5780000000000004,5.410697074000871
0.5800000000000004,5.4104656990012465
0.5820000000000004,5.41023423863655
0.5840000000000004,5.41000270258776
0.5860000000000004,5.409771080340125
0.5880000000000004,5.4095393796691305
0.5900000000000004,5.409307600054132
0.5920000000000004,5.409075728992534
0.5940000000000004,5.408843774908371
0.5960000000000004,5.408611738361891
0.5980000000000004,5.408379617675551
0.6000000000000004,5.408147413699389
0.6020000000000004,5.4079151572732425
0.6040000000000004,5.407682849920819
0.6060000000000004,5.407450492509838
0.6080000000000004,5.407218095156413
0.6100000000000004,5.406985646478386
0.6120000000000004,5.406753143103026
0.6140000000000004,5.406520594176809
0.6160000000000004,5.4062879884794715
0.6180000000000004,5.406055333046077
0.6200000000000004,5.405822626609614
0.6220000000000004,5.405589855922104
0.6240000000000004,5.405357028691251
0.6260000000000004,5.405124144796957
0.6280000000000004,5.4048912018936
0.6300000000000004,5.40465819749322
0.6320000000000005,5.4044251295138155
0.6340000000000005,5.404191996296353
0.6360000000000005,5.403958796480141
0.6380000000000005,5.403725528883214
0.6400000000000005,5.4034921924345385
0.6420000000000005,5.40325879611805
0.6440000000000005,5.4030253281548415
0.6460000000000005,5.402791795270052
0.6480000000000005,5.402558186194731
0.6500000000000005,5.402324508687963
0.6520000000000005,5.40209075231915
0.6540000000000005,5.401856925384187
0.6560000000000005,5.401623027765263
0.6580000000000005,5.401389057116073
0.6600000000000005,5.40115501107432
0.6620000000000005,5.400920887805022
0.6640000000000005,5.400686685966041
0.6660000000000005,5.400452404557471
0.6680000000000005,5.400218052778518
0.6700000000000005,5.3999836191060995
0.6720000000000005,5.399749100548885
0.6740000000000005,5.39951450694865
0.6760000000000005,5.39927982786741
0.6780000000000005,5.3990450711859745
0.6800000000000005,5.398810236476237
0.6820000000000005,5.398575321280818
0.6840000000000005,5.3983403232832545
0.6860000000000005,5.398105240776959
0.6880000000000005,5.397870072601655
0.6900000000000005,5.39763481794905
0.6920000000000005,5.397399476213211
0.6940000000000005,5.397164056908546
0.6960000000000005,5.396928548750454
0.6980000000000005,5.396692948957087
0.7000000000000005,5.396457267584956
0.7020000000000005,5.39622150440493
0.7040000000000005,5.3959856466363165
0.7060000000000005,5.395749702507775
0.7080000000000005,5.395513672530638
0.7100000000000005,5.395277555083944
0.7120000000000005,5.395041348439655
0.7140000000000005,5.394805061327609
0.7160000000000005,5.3945686820345875
0.7180000000000005,5.394332207601287
0.7200000000000005,5.394095648073155
0.7220000000000005,5.39385899528777
0.7240000000000005,5.3936222620709735
0.7260000000000005,5.39338545044286
0.7280000000000005,5.3931485587447945
0.7300000000000005,5.392911574768201
0.7320000000000005,5.392674507576019
0.7340000000000005,5.392437358260691
0.7360000000000005,5.392200135514347
0.7380000000000005,5.39196282684158
0.7400000000000005,5.391725428506968
0.7420000000000005,5.391487949995817
0.7440000000000005,5.391250380708548
0.7460000000000006,5.39101272853816
0.7480000000000006,5.390774983086038
0.7500000000000006,5.390537152829952
0.7520000000000006,5.390299237917686
0.7540000000000006,5.390061236309715
0.7560000000000006,5.389823145964825
0.7580000000000006,5.389584976698987
0.7600000000000006,5.3893467444532694
0.7620000000000006,5.389108455259411
0.7640000000000006,5.388870120340598
0.7660000000000006,5.3886317627586084
0.7680000000000006,5.3883935022553
0.7700000000000006,5.388155247902109
0.7720000000000006,5.3879169656494295
0.7740000000000006,5.387678625777723
0.7760000000000006,5.387440218749055
0.7780000000000006,5.387201752623021
0.7800000000000006,5.386963216851449
0.7820000000000006,5.386724619409304
0.7840000000000006,5.386485949934854
0.7860000000000006,5.386247216612109
0.7880000000000006,5.386008419241865
0.7900000000000006,5.385769555368581
0.7920000000000006,5.385530612506731
0.7940000000000006,5.385291599448071
0.7960000000000006,5.38505251709536
0.7980000000000006,5.3848133638994256
0.8000000000000006,5.384574147970152
0.8020000000000006,5.384334856940019
0.8040000000000006,5.3840954871788025
0.8060000000000006,5.383856048124704
0.8080000000000006,5.383616529150658
0.8100000000000006,5.383376927942557
0.8120000000000006,5.383137254744533
0.8140000000000006,5.382897509383252
0.8160000000000006,5.382657679009157
0.8180000000000006,5.382417771611507
0.8200000000000006,5.382177787512442
0.8220000000000006,5.381937724894164
0.8240000000000006,5.381697581818784
0.8260000000000006,5.381457356768806
0.8280000000000006,5.381217058672624
0.8300000000000006,5.380976675960692
0.8320000000000006,5.38073620562188
0.8340000000000006,5.380495657555497
0.8360000000000006,5.380255021470378
0.8380000000000006,5.380014305334558
0.8400000000000006,5.379773508869847
0.8420000000000006,5.379532619715964
0.8440000000000006,5.379291646421915
0.8460000000000006,5.379050589763548
0.8480000000000006,5.378809448252169
0.8500000000000006,5.378568230229622
0.8520000000000006,5.378326923607572
0.8540000000000006,5.378085525072515
0.8560000000000006,5.377844034398542
0.8580000000000007,5.377602462109892
0.8600000000000007,5.377360807872092
0.8620000000000007,5.3771190586704005
0.8640000000000007,5.37687722250247
0.8660000000000007,5.3766352998280125
0.8680000000000007,5.376393289021592
0.8700000000000007,5.37615118838082
0.8720000000000007,5.3759089966282865
0.8740000000000007,5.375666712920901
0.8760000000000007,5.375424336698013
0.8780000000000007,5.375181877616274
0.8800000000000007,5.374939324592005
0.8820000000000007,5.374696685014735
0.8840000000000007,5.374453948273108
0.8860000000000007,5.374211122747473
0.8880000000000007,5.373968208682452
0.8900000000000007,5.37372520418754
0.8920000000000007,5.37348210738161
0.8940000000000007,5.373238916918953
0.8960000000000007,5.372995631948479
0.8980000000000007,5.372752251950255
0.9000000000000007,5.372508786647879
0.9020000000000007,5.37226522501401
0.9040000000000007,5.372021574499812
0.9060000000000007,5.371777824543132
0.9080000000000007,5.371533983591131
0.9100000000000007,5.3712900519524345
0.9120000000000007,5.371046027796778
0.9140000000000007,5.370801909745774
0.9160000000000007,5.370557708178491
0.9180000000000007,5.370313435699894
0.9200000000000007,5.370069106862677
0.9220000000000007,5.369824712825214
0.9240000000000007,5.3695802545455225
0.9260000000000007,5.369335743515321
0.9280000000000007,5.369091169380225
0.9300000000000007,5.368846539554331
0.9320000000000007,5.36860184299637
0.9340000000000007,5.368357087475686
0.9360000000000007,5.368112272533192
0.9380000000000007,5.367867395542898
0.9400000000000007,5.367622453891241
0.9420000000000007,5.367377445511777
0.9440000000000007,5.367132368856724
0.9460000000000007,5.366887222729079
0.9480000000000007,5.36664200613791
0.9500000000000007,5.366396718205889
0.9520000000000007,5.3661513581165226
0.9540000000000007,5.3659059351764125
0.9560000000000007,5.365660437825397
0.9580000000000007,5.36541487299213
0.9600000000000007,5.365169229543277
0.9620000000000007,5.36492351540902
0.9640000000000007,5.364677720297942
0.9660000000000007,5.3644318526758195
0.9680000000000007,5.3641859126582006
0.9700000000000008,5.3639398980712
0.9720000000000008,5.3636938066828135
0.9740000000000008,5.3634476367691475
0.9760000000000008,5.363201387095395
0.9780000000000008,5.362955066868671
0.9800000000000008,5.362708664584013
0.9820000000000008,5.362462177206515
0.9840000000000008,5.3622156147003945
0.9860000000000008,5.361968966701874
0.9880000000000008,5.36172224119295
0.9900000000000008,5.361475437888485
0.9920000000000008,5.361228554416176
0.9940000000000008,5.3609815783815975
0.9960000000000008,5.360734518929289
0.9980000000000008,5.360487377376833
1.0000000000000007,5.360240162682496
1.0020000000000007,5.359992862504084
1.0040000000000007,5.359745473138048
1.0060000000000007,5.359498004175483
1.0080000000000007,5.359250445105408
1.0100000000000007,5.359002803904976
1.0120000000000007,5.358755070240678
1.0140000000000007,5.358507252656712
1.0160000000000007,5.3582593514377015
1.0180000000000007,5.35801136463373
1.0200000000000007,5.357763290263369
1.0220000000000007,5.35751512685987
1.0240000000000007,5.357266873454853
1.0260000000000007,5.3570185294163055
1.0280000000000007,5.356770094302092
1.0300000000000007,5.35652157790681
1.0320000000000007,5.356272969111014
1.0340000000000007,5.356024275326319
1.0360000000000007,5.3557754959850845
1.0380000000000007,5.355526628653108
1.0400000000000007,5.355277660979347
1.0420000000000007,5.3550286022629505
1.0440000000000007,5.354779454010409
1.0460000000000007,5.354530225398741
1.0480000000000007,5.354280904260905
1.0500000000000007,5.35403148705764
1.0520000000000007,5.353781983578957
1.0540000000000007,5.353532383466548
1.0560000000000007,5.353282694880748
1.0580000000000007,5.353032907628949
1.0600000000000007,5.352783030435155
1.0620000000000007,5.352533063746526
1.0640000000000007,5.352283005770265
1.0660000000000007,5.352032854667556
1.0680000000000007,5.35178260910927
1.0700000000000007,5.351532268260108
1.0720000000000007,5.3512818336344825
1.0740000000000007,5.3510313125293445
1.0760000000000007,5.350780735109585
1.0780000000000007,5.350530084934746
1.0800000000000007,5.350279368777296
1.0820000000000007,5.350028586643771
1.0840000000000007,5.349777726464872
1.0860000000000007,5.349526797084499
1.0880000000000007,5.349275799353373
1.0900000000000007,5.3490247316646355
1.0920000000000007,5.34877359209498
1.0940000000000007,5.348522379037093
1.0960000000000008,5.348271101441617
1.0980000000000008,5.348019747527107
1.1000000000000008,5.347768314049557
1.1020000000000008,5.347516810897405
1.1040000000000008,5.347265227570967
1.1060000000000008,5.347013571991581
1.1080000000000008,5.346761833630334
1.1100000000000008,5.346510020883851
1.1120000000000008,5.346258133864306
1.1140000000000008,5.346006170434903
1.1160000000000008,5.345754128412776
1.1180000000000008,5.345502006889285
1.1200000000000008,5.345249808104625
1.1220000000000008,5.344997533067861
1.1240000000000008,5.344745181665427
1.1260000000000008,5.344492763575643
1.1280000000000008,5.344240267292979
1.1300000000000008,5.343987699862329
1.1320000000000008,5.343735050158401
1.1340000000000008,5.343482326241804
1.1360000000000008,5.343229528048678
1.1380000000000008,5.342976643149727
1.1400000000000008,5.342723680169948
1.1420000000000008,5.342470639908597
1.1440000000000008,5.342217520816954
1.1460000000000008,5.341964321092778
1.1480000000000008,5.3417110494990405
1.1500000000000008,5.341457694118203
1.1520000000000008,5.341204251692255
1.1540000000000008,5.3409507322061565
1.1560000000000008,5.340697125263138
1.1580000000000008,5.340443438940693
1.1600000000000008,5.340189673050608
1.1620000000000008,5.339935815062075
1.1640000000000008,5.3396818736026335
1.1660000000000008,5.339427849538997
1.1680000000000008,5.339173741418586
1.1700000000000008,5.338919547552803
1.1720000000000008,5.338665266613425
1.1740000000000008,5.338410907895131
1.1760000000000008,5.3381564598825575
1.1780000000000008,5.337901929819741
1.1800000000000008,5.33764730681235
1.1820000000000008,5.337392599206958
1.1840000000000008,5.337137796987576
1.1860000000000008,5.336882909058322
1.1880000000000008,5.336627935940306
1.1900000000000008,5.336372875812242
1.1920000000000008,5.336117726753203
1.1940000000000008,5.335862487334147
1.1960000000000008,5.3356071668515614
1.1980000000000008,5.335351753819045
1.2000000000000008,5.335096245311538
1.2020000000000008,5.334840651621487
1.2040000000000008,5.3345849625758355
1.2060000000000008,5.334329186475463
1.2080000000000009,5.3340733233355495
1.2100000000000009,5.333817371024295
1.2120000000000009,5.333561327476683
1.2140000000000009,5.33330519121891
1.2160000000000009,5.333048961324433
1.2180000000000009,5.332792637226049
1.2200000000000009,5.332536218569587
1.2220000000000009,5.33227971535272
1.2240000000000009,5.332023116480812
1.2260000000000009,5.331766429498847
1.2280000000000009,5.331509653952671
1.2300000000000009,5.331252777210569
1.2320000000000009,5.330995810144769
1.2340000000000009,5.330738766359131
1.2360000000000009,5.330481651633416
1.2380000000000009,5.330224466542187
1.2400000000000009,5.329967220361396
1.2420000000000009,5.329709900918645
1.2440000000000009,5.32945250452456
1.2460000000000009,5.329195030567138
1.2480000000000009,5.328937489478469
1.2500000000000009,5.328679880745973
1.252000000000001,5.328422190820928
1.254000000000001,5.328164427476821
1.256000000000001,5.327906590959919
1.258000000000001,5.327648669108203
1.260000000000001,5.327390670821423
1.262000000000001,5.327132597073111
1.264000000000001,5.326874446384034
1.266000000000001,5.326616227256332
1.268000000000001,5.326357927324028
1.270000000000001,5.326099542977075
1.272000000000001,5.325841073777576
1.274000000000001,5.325582530371036
1.276000000000001,5.325323902156711
1.278000000000001,5.325065196946019
1.280000000000001,5.324806414320771
1.282000000000001,5.324547551801535
1.284000000000001,5.324288596744776
1.286000000000001,5.324029558347419
1.288000000000001,5.3237704380332165
1.290000000000001,5.323511245012348
1.292000000000001,5.323251966879922
1.294000000000001,5.322992599837479
1.296000000000001,5.322733143325602
1.298000000000001,5.322473607967762
1.300000000000001,5.322213983188743
1.302000000000001,5.321954276883323
1.304000000000001,5.321694488728319
1.306000000000001,5.321434616343541
1.308000000000001,5.321174647162722
1.310000000000001,5.320914591038075
1.312000000000001,5.320654452383236
1.314000000000001,5.320394242102704
1.316000000000001,5.32013394831287
1.318000000000001,5.3198735672918245
1.320000000000001,5.319613098401022
1.322000000000001,5.319352552176786
1.324000000000001,5.319091917933038
1.326000000000001,5.318831203483717
1.328000000000001,5.3185704084398004
1.330000000000001,5.3183095303543295
1.332000000000001,5.318048556584094
1.334000000000001,5.317787496384699
1.336000000000001,5.317526361553268
1.338000000000001,5.317265140113042
1.340000000000001,5.3170038280378344
1.342000000000001,5.316742424455915
1.344000000000001,5.316480939802149
1.346000000000001,5.31621936336467
1.348000000000001,5.315957702999847
1.350000000000001,5.3156959480476145
1.352000000000001,5.3154341070704225
1.354000000000001,5.315172180404302
1.356000000000001,5.3149101661196445
1.358000000000001,5.314648062235426
1.360000000000001,5.31438586729117
1.362000000000001,5.314123580332779
1.364000000000001,5.31386120075095
1.366000000000001,5.3135987384914545
1.368000000000001,5.313336182310347
1.370000000000001,5.313073539727003
1.372000000000001,5.312810799898176
1.374000000000001,5.312547971338978
1.376000000000001,5.312285054400811
1.378000000000001,5.3120220471938335
1.380000000000001,5.311758947790555
1.382000000000001,5.311495754787629
1.384000000000001,5.311232467283181
1.386000000000001,5.310969095087146
1.388000000000001,5.3107056269040385
1.390000000000001,5.31044205989722
1.392000000000001,5.310178411089309
1.394000000000001,5.309914690320019
1.396000000000001,5.309650888528477
1.398000000000001,5.309387015157078
1.400000000000001,5.309123070861208
1.402000000000001,5.308859053691849
1.404000000000001,5.308594961459394
1.406000000000001,5.308330792421487
1.408000000000001,5.308066545310931
1.410000000000001,5.307802219210748
1.412000000000001,5.307537823791891
1.414000000000001,5.307273347499318
1.416000000000001,5.307008797581298
1.418000000000001,5.306744162892845
1.420000000000001,5.306479451690944
1.422000000000001,5.306214664069831
1.424000000000001,5.305949787493552
1.426000000000001,5.305684830735941
1.428000000000001,5.3054197947431385
1.430000000000001,5.3051546780501795
1.432000000000001,5.304889478903396
1.434000000000001,5.304624206289835
1.436000000000001,5.304358848229792
1.438000000000001,5.304093401396358
1.440000000000001,5.303827875967099
1.442000000000001,5.303562261491155
1.444000000000001,5.303296566200379
1.446000000000001,5.303030779606767
1.448000000000001,5.3027649104134476
1.450000000000001,5.302498958996945
1.452000000000001,5.3022329234017125
1.454000000000001,5.301966801588042
1.456000000000001,5.301700592017533
1.458000000000001,5.301434293662085
1.460000000000001,5.30116791625765
1.462000000000001,5.300901448359404
1.464000000000001,5.300634897401326
1.466000000000001,5.300368252408663
1.468000000000001,5.300101521857081
1.470000000000001,5.29983469563048
1.472000000000001,5.299567782767498
1.474000000000001,5.299300783884803
1.476000000000001,5.2990336971977605
1.478000000000001,5.298766520784156
1.480000000000001,5.29849925320351
1.482000000000001,5.298231903936381
1.484000000000001,5.29796446139083
1.486000000000001,5.29769693297241
1.488000000000001,5.297429307712004
1.490000000000001,5.297161594135293
1.492000000000001,5.2968937821748225
1.494000000000001,5.296625880941759
1.496000000000001,5.29635789112999
1.498000000000001,5.296089811370637
1.500000000000001,5.2958216422922515
1.5020000000000011,5.295553383907417
1.5040000000000011,5.295285046157614
1.5060000000000011,5.295016617499895
1.5080000000000011,5.294748227641337
1.5100000000000011,5.294479871486481
1.5120000000000011,5.294211468559395
1.5140000000000011,5.293942994693604
1.5160000000000011,5.293674426671907
1.5180000000000011,5.293405769298391
1.5200000000000011,5.293137012218915
1.5220000000000011,5.2928681650630836
1.5240000000000011,5.292599229152236
1.5260000000000011,5.292330203203642
1.5280000000000011,5.292061085594058
1.5300000000000011,5.291791875037055
1.5320000000000011,5.291522570656044
1.5340000000000011,5.291253171878576
1.5360000000000011,5.29098368870516
1.5380000000000011,5.290714109928094
1.5400000000000011,5.290444443078626
1.5420000000000011,5.290174687704963
1.5440000000000011,5.289904831002397
1.5460000000000012,5.289634881662821
1.5480000000000012,5.2893648407527305
1.5500000000000012,5.289094707745942
1.5520000000000012,5.288824489397688
1.5540000000000012,5.288554201594815
1.5560000000000012,5.288283834899912
1.5580000000000012,5.28801338658079
1.5600000000000012,5.287742866701238
1.5620000000000012,5.287472264537732
1.5640000000000012,5.287201587988731
1.5660000000000012,5.286930826324677
1.5680000000000012,5.286659988003616
1.5700000000000012,5.286389073240094
1.5720000000000012,5.286118079934837
1.5740000000000012,5.285847005888038
1.5760000000000012,5.285575849414141
1.5780000000000012,5.28530460933351
1.5800000000000012,5.285033284824267
1.5820000000000012,5.284761885699326
1.5840000000000012,5.28449040052097
1.5860000000000012,5.284218836630166
1.5880000000000012,5.283947182958953
1.5900000000000012,5.28367544784206
1.5920000000000012,5.283403631490699
1.5940000000000012,5.283131721430066
1.5960000000000012,5.282859726489985
1.5980000000000012,5.282587647724315
1.6000000000000012,5.282315483764375
1.6020000000000012,5.2820432433675055
1.6040000000000012,5.2817709142397975
1.6060000000000012,5.281498492779861
1.6080000000000012,5.281225989059879
1.6100000000000012,5.28095339260764
1.6120000000000012,5.280680711667681
1.6140000000000012,5.280407935787807
1.6160000000000012,5.280135073711179
1.6180000000000012,5.279862125903613
1.6200000000000012,5.279589090477517
1.6220000000000012,5.2793159654284345
1.6240000000000012,5.279042749258072
1.6260000000000012,5.278769440972381
1.6280000000000012,5.278496050379027
1.6300000000000012,5.278222566083828
1.6320000000000012,5.277948985105792
1.6340000000000012,5.277675317912962
1.6360000000000012,5.277401564702568
1.6380000000000012,5.277127712447541
1.6400000000000012,5.276853769543115
1.6420000000000012,5.276579736799359
1.6440000000000012,5.276305612765027
1.6460000000000012,5.276031395783557
1.6480000000000012,5.275757095054907
1.6500000000000012,5.27548269876243
1.6520000000000012,5.275208203698517
1.6540000000000012,5.274933620254745
1.6560000000000012,5.27465893815127
1.6580000000000013,5.274384165811802
1.6600000000000013,5.274109303373284
1.6620000000000013,5.27383434874621
1.6640000000000013,5.273559299845688
1.6660000000000013,5.273284155172409
1.6680000000000013,5.273008913778066
1.6700000000000013,5.272733575099432
1.6720000000000013,5.2724581387876155
1.6740000000000013,5.272182615094504
1.6760000000000013,5.271906992860117
1.6780000000000013,5.271631279732518
1.6800000000000013,5.2713554753446346
1.6820000000000013,5.271079577558043
1.6840000000000013,5.270803575701534
1.6860000000000013,5.27052748053181
1.6880000000000013,5.2702513046815085
1.6900000000000013,5.269975036377316
1.6920000000000013,5.2696986715619465
1.6940000000000013,5.269422209328854
1.6960000000000013,5.269145660294385
1.6980000000000013,5.268869013737289
1.7000000000000013,5.26859227763896
1.7020000000000013,5.268315451826417
1.7040000000000013,5.268038534003193
1.7060000000000013,5.267761511448168
1.7080000000000013,5.267484393571719
1.7100000000000013,5.26720719466245
1.7120000000000013,5.266929911132
1.7140000000000013,5.266652543389218
1.7160000000000013,5.266375091897374
1.7180000000000013,5.2660975674254304
1.7200000000000013,5.265819958935488
1.7220000000000013,5.265542274011652
1.7240000000000013,5.265264512071827
1.7260000000000013,5.264986659934499
1.7280000000000013,5.26470872607831
1.7300000000000013,5.2644307113405375
1.7320000000000013,5.264152614192613
1.7340000000000013,5.263874432829623
1.7360000000000013,5.263596176329232
1.7380000000000013,5.263317832635218
1.7400000000000013,5.263039398302946
1.7420000000000013,5.262760883571125
1.7440000000000013,5.2624822779146045
1.7460000000000013,5.2622035895979895
1.7480000000000013,5.261924808038554
1.7500000000000013,5.261645941969591
1.7520000000000013,5.261366991814593
1.7540000000000013,5.261087955619087
1.7560000000000013,5.260808831292879
1.7580000000000013,5.260529617252033
1.7600000000000013,5.260250312414023
1.7620000000000013,5.259970926618069
1.7640000000000013,5.259691448336995
1.7660000000000013,5.259411885028648
1.7680000000000013,5.259132225595742
1.7700000000000014,5.258852478530002
1.7720000000000014,5.258572644175277
1.7740000000000014,5.258292710005975
1.7760000000000014,5.258012685004749
1.7780000000000014,5.257732570354551
1.7800000000000014,5.25745236478178
1.7820000000000014,5.257172077249032
1.7840000000000014,5.256891695442061
1.7860000000000014,5.256611215751383
1.7880000000000014,5.256330648415856
1.7900000000000014,5.256049982943179
1.7920000000000014,5.255769227723258
1.7940000000000014,5.2554883828506185
1.7960000000000014,5.25520744617659
1.7980000000000014,5.254926415549662
1.8000000000000014,5.254645289400697
1.8020000000000014,5.254364066723187
1.8040000000000014,5.25408274689903
1.8060000000000014,5.253801329527312
1.8080000000000014,5.253519824920432
1.8100000000000014,5.253238221810204
1.8120000000000014,5.252956527856218
1.8140000000000014,5.252674732070796
1.8160000000000014,5.252392843081633
1.8180000000000014,5.252110861346445
1.8200000000000014,5.251828785013619
1.8220000000000014,5.25154661213223
1.8240000000000014,5.251264341266596
1.8260000000000014,5.250981982099596
1.8280000000000014,5.25069952301647
1.8300000000000014,5.250416960932137
1.8320000000000014,5.250134306469474
1.8340000000000014,5.249851559948184
1.8360000000000014,5.2495687082584706
1.8380000000000014,5.249285759930755
1.8400000000000014,5.249002715893129
1.8420000000000014,5.248719574766888
1.8440000000000014,5.24843633495314
1.8460000000000014,5.248153005845884
1.8480000000000014,5.24786957558543
1.8500000000000014,5.247586040941484
1.8520000000000014,5.247302412483767
1.8540000000000014,5.247018690526807
1.8560000000000014,5.2467348619465
1.8580000000000014,5.246450935300139
1.8600000000000014,5.246166911541117
1.8620000000000014,5.245882789447155
1.8640000000000014,5.245598568974791
1.8660000000000014,5.245314250219793
1.8680000000000014,5.245029843481049
1.8700000000000014,5.244745341882597
1.8720000000000014,5.244460759457237
1.8740000000000014,5.24417608758913
1.8760000000000014,5.243891335496822
1.8780000000000014,5.243606503483711
1.8800000000000014,5.243321578643417
1.8820000000000014,5.243036569679342
1.8840000000000015,5.242751477521813
1.8860000000000015,5.242466311314165
1.8880000000000015,5.2421810581535295
1.8900000000000015,5.241895713799407
1.8920000000000015,5.241610277425369
1.8940000000000015,5.241324759878694
1.8960000000000015,5.241039150351577
1.8980000000000015,5.240753456842978
1.9000000000000015,5.240467679077215
1.9020000000000015,5.240181803923691
1.9040000000000015,5.239895840068788
1.9060000000000015,5.239609788509032
1.9080000000000015,5.239323647828962
1.9100000000000015,5.239037416319128
1.9120000000000015,5.238751103278178
1.9140000000000015,5.238464696637587
1.9160000000000015,5.2381781929468385
1.9180000000000015,5.237891602630056
1.9200000000000015,5.237604915149349
1.9220000000000015,5.237318138931458
1.9240000000000015,5.237031274050623
1.9260000000000015,5.236744318287866
1.9280000000000015,5.236457269404288
1.9300000000000015,5.2361701257483455
1.9320000000000015,5.235882886229741
1.9340000000000015,5.2355955501546605
1.9360000000000015,5.235308117062216
1.9380000000000015,5.235020597301233
1.9400000000000015,5.234732979473251
1.9420000000000015,5.23444527123922
1.9440000000000015,5.234157472165969
1.9460000000000015,5.233869579763422
1.9480000000000015,5.233581580982285
1.9500000000000015,5.233293485251744
1.9520000000000015,5.233005304998391
1.9540000000000015,5.232717028216763
1.9560000000000015,5.232428650754073
1.9580000000000015,5.232140171687688
1.9600000000000015,5.231851601873274
1.9620000000000015,5.23156293050382
1.9640000000000015,5.2312741657057
1.9660000000000015,5.230985307351944
1.9680000000000015,5.230696353135525
1.9700000000000015,5.23040730081253
1.9720000000000015,5.230118148767535
1.9740000000000015,5.229828895979612
1.9760000000000015,5.229539541831785
1.9780000000000015,5.229250085949974
1.9800000000000015,5.228960538807526
1.9820000000000015,5.228670889071388
1.9840000000000015,5.228381144499047
1.9860000000000015,5.228091304750005
1.9880000000000015,5.227801367411623
1.9900000000000015,5.227511330205045
1.9920000000000015,5.227221191528144
1.9940000000000015,5.226930950380641
1.9960000000000016,5.226640606174404
1.9980000000000016,5.2263501585631
2.0000000000000013,5.226059618066413
2.002000000000001,5.2257689733689965
2.004000000000001,5.225478232261318
2.0060000000000007,5.225187394435874
2.0080000000000005,5.22489645749869
2.0100000000000002,5.224605419189477
2.012,5.224314277916768
2.014,5.224023032703186
2.0159999999999996,5.223731682982843
2.0179999999999993,5.22344022843101
2.019999999999999,5.2231486796055115
2.021999999999999,5.222857025205996
2.0239999999999987,5.222565273056454
2.0259999999999985,5.222273422865724
2.0279999999999982,5.22198147325392
2.029999999999998,5.221689428614037
2.031999999999998,5.221397291132012
2.0339999999999976,5.22110506095784
2.0359999999999974,5.22081273761986
2.037999999999997,5.220520320536484
2.039999999999997,5.220227820966335
2.0419999999999967,5.2199352285992955
2.0439999999999965,5.219642551467231
2.0459999999999963,5.219349778346537
2.047999999999996,5.2190569177458315
2.049999999999996,5.218763969924985
2.0519999999999956,5.21847093278055
2.0539999999999954,5.218177804103607
2.055999999999995,5.2178845822017506
2.057999999999995,5.217591265920511
2.0599999999999947,5.217297865278406
2.0619999999999945,5.217004368550252
2.0639999999999943,5.216710783272737
2.065999999999994,5.2164170981146585
2.067999999999994,5.21612332165314
2.0699999999999936,5.2158294542559895
2.0719999999999934,5.215535493923827
2.073999999999993,5.215241438535484
2.075999999999993,5.2149472864795845
2.0779999999999927,5.2146530366707
2.0799999999999925,5.214358688398744
2.0819999999999923,5.21406424117572
2.083999999999992,5.2137697054518375
2.085999999999992,5.213475069728307
2.0879999999999916,5.213180341698475
2.0899999999999914,5.2128855209257585
2.091999999999991,5.212590594063819
2.093999999999991,5.212295569897898
2.0959999999999908,5.212000449546151
2.0979999999999905,5.211705242511314
2.0999999999999903,5.211409935960181
2.10199999999999,5.211114525735138
2.10399999999999,5.210819011142261
2.1059999999999897,5.210523403372601
2.1079999999999894,5.210227702521226
2.109999999999989,5.20993189482537
2.111999999999989,5.209635988574289
2.1139999999999888,5.20933998451005
2.1159999999999886,5.209043881089608
2.1179999999999883,5.208747676580999
2.119999999999988,5.208451369663547
2.121999999999988,5.208154975629224
2.1239999999999877,5.207858477186931
2.1259999999999875,5.207561880556491
2.1279999999999872,5.207265174564305
2.129999999999987,5.2069683684106955
2.131999999999987,5.206671463034537
2.1339999999999866,5.206374456861899
2.1359999999999864,5.206077348065999
2.137999999999986,5.2057801352406425
2.139999999999986,5.2054828174610295
2.1419999999999857,5.205185394155271
2.1439999999999855,5.20488787583161
2.1459999999999853,5.204590251016489
2.147999999999985,5.204292527524751
2.149999999999985,5.203994836748888
2.1519999999999846,5.203697171175605
2.1539999999999844,5.2033994556807714
2.155999999999984,5.203101653320126
2.157999999999984,5.202803737396425
2.1599999999999837,5.2025057134136485
2.1619999999999835,5.2022075829299075
2.1639999999999833,5.201909345955449
2.165999999999983,5.201611012849495
2.167999999999983,5.2013125719885
2.1699999999999826,5.20101402013242
2.1719999999999824,5.200715367997928
2.173999999999982,5.200416615979611
2.175999999999982,5.200117750756145
2.1779999999999817,5.1998187809155105
2.1799999999999815,5.199519707457612
2.1819999999999813,5.199220529033619
2.183999999999981,5.198921244038765
2.185999999999981,5.19862186249124
2.1879999999999806,5.198322377379714
2.1899999999999804,5.198022800250702
2.19199999999998,5.197723121230458
2.19399999999998,5.1974233492805
2.1959999999999797,5.197123484776763
2.1979999999999795,5.1968235256106405
2.1999999999999793,5.196523458704591
2.201999999999979,5.196223304360764
2.203999999999979,5.19592305312572
2.2059999999999786,5.195622701193221
2.2079999999999784,5.195322247293257
2.209999999999978,5.195021701965427
2.211999999999978,5.194721054473797
2.2139999999999778,5.194420314055332
2.2159999999999775,5.194119481091912
2.2179999999999773,5.193818553314697
2.219999999999977,5.1935175174741195
2.221999999999977,5.193216382938853
2.2239999999999767,5.192915162228159
2.2259999999999764,5.192613843174955
2.227999999999976,5.192312421428116
2.229999999999976,5.192010906777349
2.231999999999976,5.191709288059856
2.2339999999999756,5.191407573479245
2.2359999999999753,5.191105752151964
2.237999999999975,5.190803832982231
2.239999999999975,5.190501816557372
2.2419999999999747,5.190199701001397
2.2439999999999745,5.189897484248319
2.2459999999999742,5.189595175600135
2.247999999999974,5.189292762797441
2.249999999999974,5.18899024226597
2.2519999999999736,5.188687624615669
2.2539999999999734,5.188384899252448
2.255999999999973,5.188082074765988
2.257999999999973,5.187779151361004
2.2599999999999727,5.187476126879526
2.2619999999999725,5.187172999102076
2.2639999999999723,5.186869766381077
2.265999999999972,5.186566427645621
2.267999999999972,5.186262993128494
2.2699999999999716,5.185959451187024
2.2719999999999714,5.185655809525018
2.273999999999971,5.185352056867187
2.275999999999971,5.185048201949046
2.2779999999999707,5.184744245304363
2.2799999999999705,5.18444018505931
2.2819999999999703,5.1841360191929144
2.28399999999997,5.183831746187041
2.28599999999997,5.183527365047252
2.2879999999999696,5.183222886079098
2.2899999999999694,5.182918297669311
2.291999999999969,5.182613607565179
2.293999999999969,5.182308804503927
2.2959999999999687,5.182003897262769
2.2979999999999685,5.181698886409829
2.2999999999999683,5.18139377009932
2.301999999999968,5.181088546334297
2.303999999999968,5.180783213623426
2.3059999999999676,5.180477781933064
2.3079999999999674,5.180172239437152
2.309999999999967,5.179866593795742
2.311999999999967,5.179560833699326
2.3139999999999668,5.179254967933969
2.3159999999999665,5.178948997081644
2.3179999999999663,5.178642919319471
2.319999999999966,5.178336732676647
2.321999999999966,5.178030435675716
2.3239999999999656,5.177724038315318
2.3259999999999654,5.177417528778489
2.327999999999965,5.177110903816897
2.329999999999965,5.176804174357648
2.3319999999999648,5.176497340895111
2.3339999999999645,5.176190400948094
2.3359999999999643,5.1758833519268235
2.337999999999964,5.175576191943159
2.339999999999964,5.175268919809366
2.3419999999999637,5.174961534837369
2.3439999999999634,5.174654037172212
2.3459999999999632,5.174346442407882
2.347999999999963,5.1740387533694445
2.349999999999963,5.173730956777305
2.3519999999999626,5.173423060849574
2.3539999999999623,5.173115066072228
2.355999999999962,5.172806970634868
2.357999999999962,5.172498772541818
2.3599999999999617,5.172190470259596
2.3619999999999615,5.171882073718898
2.3639999999999612,5.171573570953698
2.365999999999961,5.171264958543418
2.367999999999961,5.170956247275883
2.3699999999999606,5.170647437510093
2.3719999999999604,5.170338526616798
2.37399999999996,5.1700295008644765
2.37599999999996,5.169720369502372
2.3779999999999597,5.169411145151468
2.3799999999999595,5.169101815646732
2.3819999999999593,5.168792377640644
2.383999999999959,5.168482841883232
2.385999999999959,5.168173197417453
2.3879999999999586,5.16786345261946
2.3899999999999584,5.167553607503327
2.391999999999958,5.167243648730353
2.393999999999958,5.166933585240498
2.3959999999999577,5.166623418242994
2.3979999999999575,5.16631315745021
2.3999999999999573,5.166002789888782
2.401999999999957,5.165692311247979
2.403999999999957,5.165381731750955
2.4059999999999566,5.165071040408626
2.4079999999999564,5.1647602457345965
2.409999999999956,5.164449347884824
2.411999999999956,5.164138344656257
2.4139999999999557,5.163827233785893
2.4159999999999555,5.1635160135876585
2.4179999999999553,5.163204682960892
2.419999999999955,5.16289324122085
2.421999999999955,5.162581698966585
2.4239999999999546,5.162270044578416
2.4259999999999544,5.161958285890294
2.427999999999954,5.161646422570638
2.429999999999954,5.161334452122997
2.4319999999999538,5.161022372137681
2.4339999999999535,5.160710180879121
2.4359999999999533,5.160397877241822
2.437999999999953,5.160085460556346
2.439999999999953,5.159772941470539
2.4419999999999527,5.159460308380167
2.4439999999999524,5.159147569162535
2.445999999999952,5.158834712445042
2.447999999999952,5.158521747084847
2.4499999999999518,5.158208673673929
2.4519999999999516,5.157895490350781
2.4539999999999513,5.157582206159701
2.455999999999951,5.157268808239358
2.457999999999951,5.156955292623662
2.4599999999999507,5.156641669937566
2.4619999999999505,5.156327929412596
2.4639999999999502,5.15601407978702
2.46599999999995,5.155700121365711
2.46799999999995,5.155386052047688
2.4699999999999496,5.155071869646863
2.4719999999999493,5.154757572552459
2.473999999999949,5.154443159733133
2.475999999999949,5.154128641668446
2.4779999999999487,5.15381400664011
2.4799999999999485,5.153499262520247
2.4819999999999482,5.153184409024824
2.483999999999948,5.15286944371165
2.485999999999948,5.1525543642245895
2.4879999999999476,5.152239178667912
2.4899999999999474,5.1519238759660535
2.491999999999947,5.151608452869874
2.493999999999947,5.151292920266742
2.4959999999999467,5.150977267408654
2.4979999999999465,5.150661503042193
2.4999999999999463,5.150345616344947
2.501999999999946,5.150029619245089
2.503999999999946,5.149713516561128
2.5059999999999456,5.149397308148447
2.5079999999999454,5.149081003563167
2.509999999999945,5.148764589852541
2.511999999999945,5.148448062810186
2.5139999999999447,5.148131432864054
2.5159999999999445,5.147814700137733
2.5179999999999443,5.147497850717448
2.519999999999944,5.147180893145162
2.521999999999944,5.1468638283253245
2.5239999999999436,5.146546654750254
2.5259999999999434,5.146229370631601
2.527999999999943,5.145911985687155
2.529999999999943,5.145594487546928
2.5319999999999427,5.145276883700578
2.5339999999999425,5.1449591624488615
2.5359999999999423,5.144641332551305
2.537999999999942,5.144323394547569
2.539999999999942,5.144005346525325
2.5419999999999416,5.143687186391856
2.5439999999999414,5.143368912545097
2.545999999999941,5.143050524408586
2.547999999999941,5.142732022282463
2.5499999999999408,5.142413417329067
2.5519999999999405,5.142094709112291
2.5539999999999403,5.141775882938165
2.55599999999994,5.141456946800177
2.55799999999994,5.141137901264776
2.5599999999999397,5.140818744641709
2.5619999999999394,5.140499475053118
2.563999999999939,5.1401801022250675
2.565999999999939,5.139860613756641
2.5679999999999388,5.139541005983207
2.5699999999999386,5.1392212898013305
2.5719999999999383,5.1389014656328245
2.573999999999938,5.138581530855723
2.575999999999938,5.138261471537136
2.5779999999999377,5.137941308247372
2.5799999999999375,5.137621031277123
2.5819999999999372,5.137300636662513
2.583999999999937,5.136980123091436
2.585999999999937,5.136659501500989
2.5879999999999366,5.136338760492364
2.5899999999999364,5.136017908278114
2.591999999999936,5.1356969447360745
2.593999999999936,5.13537586746838
2.5959999999999357,5.1350546740892815
2.5979999999999355,5.134733362860616
2.5999999999999353,5.13441194389069
2.601999999999935,5.134090405063099
2.603999999999935,5.133768754149098
2.6059999999999346,5.133446979549638
2.6079999999999344,5.133125090189131
2.609999999999934,5.132803086684144
2.611999999999934,5.132480967167085
2.6139999999999337,5.132158729586019
2.6159999999999335,5.1318363723892855
2.6179999999999333,5.131513905797026
2.619999999999933,5.131191317733216
2.621999999999933,5.130868616010109
2.6239999999999326,5.130545789033143
2.6259999999999324,5.130222845749081
2.627999999999932,5.129899786798226
2.629999999999932,5.129576610330142
2.6319999999999317,5.129253314306149
2.6339999999999315,5.12892990844575
2.6359999999999313,5.128606380277468
2.637999999999931,5.128282737397222
2.639999999999931,5.127958968085842
2.6419999999999306,5.127635081252457
2.6439999999999304,5.1273110775278505
2.64599999999993,5.12698695506975
2.64799999999993,5.126662711850235
2.6499999999999297,5.126338346340358
2.6519999999999295,5.126013868823338
2.6539999999999293,5.125689267226772
2.655999999999929,5.125364549490977
2.657999999999929,5.125039706790155
2.6599999999999286,5.124714751408056
2.6619999999999284,5.124389685236903
2.663999999999928,5.1240645067111315
2.665999999999928,5.123739213692092
2.6679999999999278,5.123413815712481
2.6699999999999275,5.123088300058318
2.6719999999999273,5.122762674143431
2.673999999999927,5.1224369260463725
2.675999999999927,5.122111064550597
2.6779999999999267,5.121785090169345
2.6799999999999264,5.1214590009432515
2.681999999999926,5.121132794727002
2.683999999999926,5.120806469874444
2.685999999999926,5.1204800365853975
2.6879999999999256,5.120153482647128
2.6899999999999253,5.11982681582161
2.691999999999925,5.11950002437613
2.693999999999925,5.119173117218842
2.6959999999999247,5.1188460949301335
2.6979999999999245,5.118518955579229
2.6999999999999242,5.118191697041807
2.701999999999924,5.117864317693514
2.703999999999924,5.117536827782708
2.7059999999999236,5.117209215176247
2.7079999999999234,5.116881488487455
2.709999999999923,5.116553819702409
2.711999999999923,5.116226148165239
2.7139999999999227,5.11589840686559
2.7159999999999225,5.11557056216558
2.7179999999999223,5.1152425879379
2.719999999999922,5.114914490123663
2.721999999999922,5.11458628164458
2.7239999999999216,5.114257950990906
2.7259999999999214,5.113929494502619
2.727999999999921,5.113600922926782
2.729999999999921,5.11327222523473
2.7319999999999207,5.112943410119636
2.7339999999999205,5.112614477811768
2.7359999999999203,5.1122854261005015
2.73799999999992,5.111956252683689
2.73999999999992,5.1116269558361624
2.7419999999999196,5.111297534429382
2.7439999999999194,5.110967987766709
2.745999999999919,5.1106383267119355
2.747999999999919,5.110308550838689
2.7499999999999187,5.109978645376046
2.7519999999999185,5.109648618433742
2.7539999999999183,5.109318470691347
2.755999999999918,5.108988211844525
2.757999999999918,5.108657828596509
2.7599999999999176,5.1083273164388885
2.7619999999999174,5.107996685831218
2.763999999999917,5.10766592563949
2.765999999999917,5.107335044599044
2.7679999999999167,5.10700404301051
2.7699999999999165,5.106672918718654
2.7719999999999163,5.106341669468099
2.773999999999916,5.106010293578669
2.775999999999916,5.1056788012853795
2.7779999999999156,5.105347180438865
2.7799999999999154,5.105015438865617
2.781999999999915,5.104683576234133
2.783999999999915,5.104351578688266
2.7859999999999148,5.104019455301205
2.7879999999999145,5.103687218772165
2.7899999999999143,5.103354856405636
2.791999999999914,5.103022363490612
2.793999999999914,5.102689750165132
2.7959999999999137,5.1023570049853
2.7979999999999134,5.102024136537361
2.7999999999999132,5.101691145029758
2.801999999999913,5.10135802827575
2.803999999999913,5.10102478401077
2.8059999999999126,5.100691410565851
2.8079999999999123,5.10035791822992
2.809999999999912,5.100024294848871
2.811999999999912,5.099690550095212
2.8139999999999117,5.099356675480899
2.8159999999999115,5.099022681379138
2.8179999999999112,5.098688568820235
2.819999999999911,5.098354335900689
2.821999999999911,5.098019991752057
2.8239999999999106,5.097685523071491
2.8259999999999104,5.097350925523231
2.82799999999991,5.097016209791707
2.82999999999991,5.096681376147905
2.8319999999999097,5.096346421853435
2.8339999999999095,5.096011344053038
2.8359999999999093,5.095676140609941
2.837999999999909,5.095340810117146
2.839999999999909,5.095005351713741
2.8419999999999086,5.094669776261828
2.8439999999999084,5.094334071848617
2.845999999999908,5.093998246463095
2.847999999999908,5.093662299803164
2.8499999999999077,5.093326229302217
2.8519999999999075,5.0929900324413975
2.8539999999999073,5.092653707378019
2.855999999999907,5.092317252915917
2.857999999999907,5.0919806797385165
2.8599999999999066,5.091643975824836
2.8619999999999064,5.091307154203413
2.863999999999906,5.090970209697611
2.865999999999906,5.090633139166397
2.8679999999999057,5.090295940552396
2.8699999999999055,5.08995861255279
2.8719999999999053,5.089621154385216
2.873999999999905,5.089283576995515
2.875999999999905,5.08894586847932
2.8779999999999046,5.088608036863382
2.8799999999999044,5.0882700818547395
2.881999999999904,5.087932000889227
2.883999999999904,5.087593791444099
2.8859999999999038,5.087255451664349
2.8879999999999035,5.086916991805057
2.8899999999999033,5.0865783995611435
2.891999999999903,5.086239682787869
2.893999999999903,5.085900829657352
2.8959999999999027,5.085561849178679
2.8979999999999024,5.08522274199152
2.899999999999902,5.084883506186639
2.901999999999902,5.084544139643899
2.9039999999999018,5.0842046522017785
2.9059999999999016,5.083865031177751
2.9079999999999013,5.083525284204046
2.909999999999901,5.083185410799297
2.911999999999901,5.082845408320811
2.9139999999999007,5.082505274238291
2.9159999999999004,5.082165006717189
2.9179999999999002,5.081824604589381
2.9199999999999,5.081484067151502
2.9219999999999,5.081143405471868
2.9239999999998996,5.080802619151705
2.9259999999998993,5.080461693189421
2.927999999999899,5.080120635794155
2.929999999999899,5.07977944768615
2.9319999999998987,5.079438138764283
2.9339999999998985,5.079096695566156
2.9359999999998982,5.078755113483793
2.937999999999898,5.078413403145191
2.939999999999898,5.078071564780796
2.9419999999998976,5.077729584117797
2.9439999999998974,5.077387469945924
2.945999999999897,5.077045234873235
2.947999999999897,5.076702865860852
2.9499999999998967,5.076360357990082
2.9519999999998965,5.076017721469869
2.9539999999998963,5.07567494467518
2.955999999999896,5.075332036316387
2.957999999999896,5.074988996661406
2.9599999999998956,5.074645823506572
2.9619999999998954,5.074302514553119
2.963999999999895,5.073959068501321
2.965999999999895,5.073615498940702
2.9679999999998947,5.073271806866939
2.9699999999998945,5.072927977537345
2.9719999999998943,5.0725840191202325
2.973999999999894,5.072239932156509
2.975999999999894,5.071895714842869
2.9779999999998936,5.071551365161175
2.9799999999998934,5.071206893097977
2.981999999999893,5.070862285908058
2.983999999999893,5.070517551243201
2.9859999999998927,5.070172677012619
2.9879999999998925,5.069827672172871
2.9899999999998923,5.069482537315352
2.991999999999892,5.069137270474827
2.993999999999892,5.068791881064542
2.9959999999998916,5.068446355722668
2.9979999999998914,5.0681007016809945
2.999999999999891,5.0677549065865914
3.001999999999891,5.067408979277017
3.0039999999998908,5.067062920301368
3.0059999999998905,5.066716727678268
3.0079999999998903,5.066370399225009
3.00999999999989,5.066023944861633
3.01199999999989,5.065677351775039
3.0139999999998897,5.06533062763723
3.0159999999998894,5.064983760356241
3.017999999999889,5.064636759419374
3.019999999999889,5.064289626082528
3.0219999999998888,5.0639423586374255
3.0239999999998886,5.063594966583786
3.0259999999998883,5.063247436528429
3.027999999999888,5.062899775697093
3.029999999999888,5.06255197168216
3.0319999999998877,5.062204033333449
3.0339999999998875,5.061855961189427
3.0359999999998872,5.061507753263353
3.037999999999887,5.061159407368615
3.039999999999887,5.060810933451133
3.0419999999998866,5.060462318665466
3.0439999999998864,5.0601135706980065
3.045999999999886,5.059764677414758
3.047999999999886,5.059415647849536
3.0499999999998857,5.059066482640582
3.0519999999998855,5.0587171915015725
3.0539999999998853,5.0583677605381405
3.055999999999885,5.0580181848448795
3.057999999999885,5.057668475011582
3.0599999999998846,5.0573186312035014
3.0619999999998844,5.056968638923337
3.063999999999884,5.056618506987865
3.065999999999884,5.0562682364696245
3.0679999999998837,5.055917837594892
3.0699999999998835,5.055567296828694
3.0719999999998833,5.055216621168333
3.073999999999883,5.054865797927244
3.075999999999883,5.054514835852824
3.0779999999998826,5.054163735438323
3.0799999999998824,5.053812494681661
3.081999999999882,5.053461123096948
3.083999999999882,5.0531096072592545
3.0859999999998817,5.052757942818811
3.0879999999998815,5.052406140831808
3.0899999999998813,5.0520542017555
3.091999999999881,5.051702122921047
3.093999999999881,5.051349901512113
3.0959999999998806,5.050997535414626
3.0979999999998804,5.050645023257478
3.09999999999988,5.050292375927301
3.10199999999988,5.049939592870398
3.1039999999998797,5.0495866587458975
3.1059999999998795,5.049233581825492
3.1079999999998793,5.048880362852118
3.109999999999879,5.048527011926885
3.111999999999879,5.048173515406551
3.1139999999998786,5.047819868626919
3.1159999999998784,5.0474660842561025
3.117999999999878,5.047112164778702
3.119999999999878,5.046758108217556
3.1219999999998778,5.046403911836089
3.1239999999998775,5.046049573377502
3.1259999999998773,5.04569509127729
3.127999999999877,5.045340476276703
3.129999999999877,5.04498572768294
3.1319999999998767,5.044630829970774
3.1339999999998764,5.044275791313001
3.135999999999876,5.043920612351301
3.137999999999876,5.043565291366905
3.139999999999876,5.0432098381539605
3.1419999999998756,5.0428542393487845
3.1439999999998753,5.042498502366607
3.145999999999875,5.042142614718617
3.147999999999875,5.041786585367433
3.1499999999998747,5.041430414885609
3.1519999999998745,5.041074113042642
3.1539999999998742,5.04071766578911
3.155999999999874,5.040361068111955
3.157999999999874,5.04000433066616
3.1599999999998736,5.039647453606832
3.1619999999998734,5.039290434054987
3.163999999999873,5.038933269068778
3.165999999999873,5.038575956524606
3.1679999999998727,5.038218495589515
3.1699999999998725,5.037860897579648
3.1719999999998723,5.037503150226231
3.173999999999872,5.037145261681898
3.175999999999872,5.036787231625802
3.1779999999998716,5.036429057381938
3.1799999999998714,5.036070736310756
3.181999999999871,5.03571226645482
3.183999999999871,5.035353658357517
3.1859999999998707,5.034994899365596
3.1879999999998705,5.034635997493322
3.1899999999998703,5.034276952387232
3.19199999999987,5.0339177614066895
3.19399999999987,5.033558421943064
3.1959999999998696,5.033198943899936
3.1979999999998694,5.032839314149104
3.199999999999869,5.03247972686368
3.201999999999869,5.032120115415295
3.2039999999998687,5.031760407910004
3.2059999999998685,5.031400567836763
3.2079999999998683,5.031040567109251
3.209999999999868,5.030680411420598
3.211999999999868,5.0303201142568685
3.2139999999998676,5.029959663879089
3.2159999999998674,5.029599056509509
3.217999999999867,5.029238303382969
3.219999999999867,5.028877404943293
3.2219999999998667,5.0285163584161685
3.2239999999998665,5.028155160858449
3.2259999999998663,5.027793810047982
3.227999999999866,5.0274323045444
3.229999999999866,5.027070655263404
3.2319999999998656,5.026708849860414
3.2339999999998654,5.026346896495348
3.235999999999865,5.025984794922637
3.237999999999865,5.02562254254946
3.2399999999998648,5.025260136804325
3.2419999999998645,5.024897587604874
3.2439999999998643,5.024534881897913
3.245999999999864,5.024172027440925
3.247999999999864,5.023809023776541
3.2499999999998637,5.023445868218577
3.2519999999998634,5.023082558162087
3.2539999999998632,5.022719091702117
3.255999999999863,5.022355479453936
3.257999999999863,5.021991720669673
3.2599999999998626,5.02162779973301
3.2619999999998623,5.02126372487863
3.263999999999862,5.020899497793492
3.265999999999862,5.0205351308674615
3.2679999999998617,5.020170611345268
3.2699999999998615,5.01980593465651
3.2719999999998612,5.019441111599812
3.273999999999861,5.019076142314867
3.275999999999861,5.018711023829161
3.2779999999998606,5.018345753049356
3.2799999999998604,5.017980327638926
3.28199999999986,5.01761475791999
3.28399999999986,5.017249031061355
3.2859999999998597,5.016883155001156
3.2879999999998595,5.016517129356516
3.2899999999998593,5.016150951425565
3.291999999999859,5.015784618539314
3.293999999999859,5.015418128715597
3.2959999999998586,5.01505149253781
3.2979999999998584,5.014684709187379
3.299999999999858,5.0143177629038735
3.301999999999858,5.0139506618724266
3.3039999999998577,5.0135834067566405
3.3059999999998575,5.013216007738025
3.3079999999998573,5.012848450948768
3.309999999999857,5.012480743384902
3.311999999999857,5.012112872312658
3.3139999999998566,5.01174484704281
3.3159999999998564,5.0113766682837175
3.317999999999856,5.0110083340205955
3.319999999999856,5.010639853888368
3.3219999999998557,5.010271214176463
3.3239999999998555,5.009902422229467
3.3259999999998553,5.00953347725823
3.327999999999855,5.0091643763358205
3.329999999999855,5.008795116690027
3.3319999999998546,5.008425696291729
3.3339999999998544,5.008056113828371
3.335999999999854,5.007686380428741
3.337999999999854,5.007316495593006
3.3399999999998538,5.006946455618501
3.3419999999998535,5.006576256866969
3.3439999999998533,5.00620589667761
3.345999999999853,5.005835373345328
3.347999999999853,5.005464697811755
3.3499999999998527,5.0050938575218975
3.3519999999998524,5.004722860687101
3.353999999999852,5.00435170703268
3.355999999999852,5.003980393913603
3.3579999999998518,5.003608930665376
3.3599999999998515,5.003237303371934
3.3619999999998513,5.002865519352744
3.363999999999851,5.002493565850921
3.365999999999851,5.00212145191963
3.3679999999998507,5.00174919017483
3.3699999999998504,5.001376766688351
3.3719999999998502,5.001004175903852
3.37399999999985,5.000631428105496
3.37599999999985,5.000258523105745
3.3779999999998496,4.999885445752693
3.3799999999998493,4.999512216878734
3.381999999999849,4.999138825589901
3.383999999999849,4.998765267011866
3.3859999999998487,4.998391551294877
3.3879999999998485,4.998017665904134
3.3899999999998482,4.99764361938098
3.391999999999848,4.99726941175739
3.393999999999848,4.9968950526188145
3.3959999999998476,4.996520527454806
3.3979999999998474,4.996145830984561
3.399999999999847,4.995770973986411
3.401999999999847,4.995395956676093
3.4039999999998467,4.995020776170442
3.4059999999998465,4.9946454294535645
3.4079999999998463,4.994269926311446
3.409999999999846,4.993894254115717
3.411999999999846,4.993518422489521
3.4139999999998456,4.993142431754399
3.4159999999998454,4.992766279338884
3.417999999999845,4.992389962485759
3.419999999999845,4.992013479081576
3.4219999999998447,4.9916368397674
3.4239999999998445,4.99126003159995
3.4259999999998443,4.990883062635955
3.427999999999844,4.990505932476123
3.429999999999844,4.9901286383556185
3.4319999999998436,4.989751177532995
3.4339999999998434,4.989373560048274
3.435999999999843,4.988995772509226
3.437999999999843,4.988617822724276
3.4399999999998427,4.988239710168878
3.4419999999998425,4.987861432018454
3.4439999999998423,4.987482997615191
3.445999999999842,4.987104392868032
3.447999999999842,4.986725625116172
3.4499999999998416,4.986346681434961
3.4519999999998414,4.985967570954599
3.453999999999841,4.985588294691874
3.455999999999841,4.985208863040953
3.4579999999998408,4.984829261744414
3.4599999999998405,4.984449497695976
3.4619999999998403,4.984069569670721
3.46399999999984,4.983689462281773
3.46599999999984,4.983309196728919
3.4679999999998397,4.982928762207427
3.4699999999998394,4.982548153905927
3.471999999999839,4.9821673821401165
3.473999999999839,4.9817864464422374
3.4759999999998388,4.981405343322051
3.4779999999998386,4.981024069343481
3.4799999999998383,4.980642621973107
3.481999999999838,4.980260999570105
3.483999999999838,4.979879213288874
3.4859999999998377,4.979497262579433
3.4879999999998375,4.9791151436495165
3.4899999999998372,4.978732852785056
3.491999999999837,4.978350387258169
3.493999999999837,4.977967757484421
3.4959999999998366,4.977584950303471
3.4979999999998364,4.977201973805507
3.499999999999836,4.976818827627307
3.501999999999836,4.976435509030631
3.5039999999998357,4.97605201530896
3.5059999999998355,4.975668356641743
3.5079999999998353,4.9752845317760634
3.509999999999835,4.97490052430884
3.511999999999835,4.974516342428374
3.5139999999998346,4.974131998973172
3.5159999999998344,4.973747480060487
3.517999999999834,4.973362792420769
3.519999999999834,4.972977922302204
3.5219999999998337,4.972592878319788
3.5239999999998335,4.972207660774691
3.5259999999998333,4.971822267459552
3.527999999999833,4.971436708228769
3.529999999999833,4.971050969113166
3.5319999999998326,4.9706650576542355
3.5339999999998324,4.97027897312974
3.535999999999832,4.969892712606282
3.537999999999832,4.969506273277542
3.5399999999998317,4.969119665333307
3.5419999999998315,4.968732875294018
3.5439999999998313,4.968345911121377
3.545999999999831,4.967958772360776
3.547999999999831,4.967571456230763
3.5499999999998306,4.967183972259781
3.5519999999998304,4.966796306406329
3.55399999999983,4.966408467701286
3.55599999999983,4.966020456479683
3.5579999999998297,4.965632270112974
3.5599999999998295,4.965243905788595
3.5619999999998293,4.9648553613598345
3.563999999999829,4.964466647668552
3.565999999999829,4.964077751584526
3.5679999999998286,4.963688681280214
3.5699999999998284,4.963299436364961
3.571999999999828,4.962910026316459
3.573999999999828,4.962520436138827
3.5759999999998278,4.962130672589122
3.5779999999998275,4.961740722075686
3.5799999999998273,4.9613505934949815
3.581999999999827,4.960960287299776
3.583999999999827,4.960569813637579
3.5859999999998267,4.960179157908432
3.5879999999998264,4.959788327065824
3.589999999999826,4.959397320123208
3.591999999999826,4.959006134142635
3.593999999999826,4.958614766216228
3.5959999999998256,4.958223214172789
3.5979999999998253,4.957831488906057
3.599999999999825,4.957439589600786
3.601999999999825,4.957047499918824
3.6039999999998247,4.956655240563141
3.6059999999998245,4.956262799968239
3.6079999999998242,4.955870172838283
3.609999999999824,4.9554773694097385
3.611999999999824,4.955084389094606
3.6139999999998236,4.954691228304875
3.6159999999998234,4.9542978835220435
3.617999999999823,4.95390435215648
3.619999999999823,4.953510644891765
3.6219999999998227,4.95311674844766
3.6239999999998225,4.952722671043177
3.6259999999998223,4.952328412328074
3.627999999999822,4.951933981909981
3.629999999999822,4.951539593986612
3.6319999999998216,4.951145138376549
3.6339999999998214,4.950750547343883
3.635999999999821,4.950355773515176
3.637999999999821,4.9499608130547905
3.6399999999998207,4.94956566328139
3.6419999999998205,4.949170322528962
3.6439999999998203,4.9487748021319
3.64599999999982,4.948379089310755
3.64799999999982,4.9479831925101125
3.6499999999998196,4.947587111559539
3.6519999999998194,4.947190843803055
3.653999999999819,4.946794386545695
3.655999999999819,4.946397750104499
3.6579999999998187,4.946000920925971
3.6599999999998185,4.945603907012192
3.6619999999998183,4.945206707915075
3.663999999999818,4.944809320834354
3.665999999999818,4.944411755370042
3.6679999999998176,4.944013997252931
3.6699999999998174,4.9436160539932335
3.671999999999817,4.943217924838381
3.673999999999817,4.942819606830247
3.6759999999998167,4.942421097145377
3.6779999999998165,4.942022406096971
3.6799999999998163,4.941623532485557
3.681999999999816,4.941224459711711
3.683999999999816,4.940825208457781
3.6859999999998156,4.940425767157612
3.6879999999998154,4.940026130540663
3.689999999999815,4.9396263089466235
3.691999999999815,4.939226302440939
3.6939999999998148,4.938826108841411
3.6959999999998145,4.938425725271902
3.6979999999998143,4.9380251493083005
3.699999999999814,4.937624391666872
3.701999999999814,4.937223451384458
3.7039999999998137,4.9368223243332805
3.7059999999998134,4.936421006546173
3.7079999999998132,4.936019495135219
3.709999999999813,4.93561780067536
3.711999999999813,4.935215909751017
3.7139999999998126,4.934813830568902
3.7159999999998123,4.934411562777451
3.717999999999812,4.93400910360153
3.719999999999812,4.933606462715594
3.7219999999998117,4.933203638363029
3.7239999999998115,4.932800613595618
3.7259999999998112,4.932397396491925
3.727999999999811,4.9319940000226445
3.729999999999811,4.9315904099982015
3.7319999999998106,4.931186633202499
3.7339999999998104,4.930782655590097
3.73599999999981,4.9303784859255195
3.73799999999981,4.929974137036295
3.7399999999998097,4.929569594356967
3.7419999999998095,4.929164851897782
3.7439999999998093,4.928759920218514
3.745999999999809,4.928354799183775
3.747999999999809,4.927949485568544
3.7499999999998086,4.927543988594599
3.7519999999998084,4.927138293479113
3.753999999999808,4.926732407568325
3.755999999999808,4.926326329999463
3.7579999999998077,4.925920057745072
3.7599999999998075,4.925513587949541
3.7619999999998073,4.925106918548464
3.763999999999807,4.924700060762573
3.765999999999807,4.924293013975768
3.7679999999998066,4.923885774304788
3.7699999999998064,4.923478337956941
3.771999999999806,4.923070714717062
3.773999999999806,4.922662890480224
3.7759999999998057,4.922254873197232
3.7779999999998055,4.921846662461945
3.7799999999998053,4.921438255573658
3.781999999999805,4.9210296624064895
3.783999999999805,4.9206208686084585
3.7859999999998046,4.920211881897311
3.7879999999998044,4.919802701640559
3.789999999999804,4.919393324955151
3.791999999999804,4.918983761660004
3.7939999999998038,4.918573997370387
3.7959999999998035,4.9181640398246556
3.7979999999998033,4.917753888421311
3.799999999999803,4.917343540312034
3.801999999999803,4.916932992782118
3.8039999999998027,4.9165222564790145
3.8059999999998024,4.91611133037938
3.807999999999802,4.915700210378336
3.809999999999802,4.915288892616276
3.8119999999998018,4.914877374372822
3.8139999999998015,4.9144656666155
3.8159999999998013,4.914053756033244
3.817999999999801,4.913641651231703
3.819999999999801,4.913229352187213
3.8219999999998007,4.912816869020223
3.8239999999998004,4.912404186760328
3.8259999999998002,4.9119913127628925
3.8279999999998,4.911578247212073
3.8299999999998,4.911164987617942
3.8319999999997996,4.910751531303445
3.8339999999997993,4.910337876277382
3.835999999999799,4.909924033943891
3.837999999999799,4.909510003803989
3.8399999999997987,4.909095782069043
3.8419999999997985,4.908681365072822
3.8439999999997982,4.908266762869144
3.845999999999798,4.907851961425816
3.847999999999798,4.907436968995952
3.8499999999997976,4.90702178560314
3.8519999999997974,4.9066064088459775
3.853999999999797,4.906190848955415
3.855999999999797,4.905775091693301
3.8579999999997967,4.905359145090981
3.8599999999997965,4.904943008784961
3.8619999999997963,4.904526680152585
3.863999999999796,4.904110156719854
3.865999999999796,4.903693449519429
3.8679999999997956,4.9032765578463495
3.8699999999997954,4.90285946518958
3.871999999999795,4.902442193236317
3.873999999999795,4.90202473074609
3.8759999999997947,4.90160707288372
3.8779999999997945,4.901189230842233
3.8799999999997943,4.900771204803013
3.881999999999794,4.900352991858953
3.883999999999794,4.899934589171393
3.8859999999997936,4.899515994872341
3.8879999999997934,4.899097220813449
3.889999999999793,4.898678267005554
3.891999999999793,4.898259130244864
3.8939999999997927,4.8978398074910725
3.8959999999997925,4.897420296820412
3.8979999999997923,4.897000610157529
3.899999999999792,4.896580734939622
3.901999999999792,4.8961606807670375
3.9039999999997916,4.895740448534682
3.9059999999997914,4.895320049443066
3.907999999999791,4.894899469381561
3.909999999999791,4.894478716675623
3.9119999999997908,4.894057778673189
3.9139999999997905,4.893636666063448
3.9159999999997903,4.893215380981916
3.91799999999979,4.892793935729164
3.91999999999979,4.892372317031362
3.9219999999997897,4.891950533921347
3.9239999999997894,4.891528574334251
3.925999999999789,4.8911064495497225
3.927999999999789,4.890684175092876
3.9299999999997888,4.89026173843808
3.9319999999997886,4.889839135823658
3.9339999999997883,4.889416380578375
3.935999999999788,4.88899347522367
3.937999999999788,4.888570419237619
3.9399999999997877,4.88814721218032
3.9419999999997875,4.887723854636797
3.9439999999997872,4.887300348268777
3.945999999999787,4.886876708437794
3.947999999999787,4.886452925643386
3.9499999999997866,4.886029012626687
3.9519999999997864,4.885604973462314
3.953999999999786,4.885180810275417
3.955999999999786,4.884756525934149
3.9579999999997857,4.884332123783395
3.9599999999997855,4.883907620813277
3.9619999999997852,4.883483009305733
3.963999999999785,4.883058304121909
3.965999999999785,4.882633511775562
3.9679999999997846,4.882208623908967
3.9699999999997844,4.881783658475006
3.971999999999784,4.8813586259818065
3.973999999999784,4.880933534726125
3.9759999999997837,4.88050839329828
3.9779999999997835,4.880083224561587
3.9799999999997833,4.879658027420514
3.981999999999783,4.879232811360344
3.983999999999783,4.878807591232501
3.9859999999997826,4.878382384858874
3.9879999999997824,4.877957225157477
3.989999999999782,4.877532121570069
3.991999999999782,4.877107095067675
3.9939999999997817,4.876682173414979
3.9959999999997815,4.876257389394518
3.9979999999997813,4.8758327807009705
3.999999999999781,4.875408377851643
4.001999999999781,4.874984244325753
4.003999999999781,4.874560431086113
4.005999999999781,4.874137010474904
4.007999999999781,4.873714060866648
4.00999999999978,4.87329189683482
4.01199999999978,4.87287059376616
4.01399999999978,4.872450240754917
4.01599999999978,4.8720310583012765
4.0179999999997795,4.871613379978144
4.019999999999779,4.871197759412443
4.021999999999779,4.870785138523217
4.023999999999779,4.870377557970985
4.025999999999779,4.869984577409908
4.027999999999778,4.057548994209473
4.029999999999778,3.604931917884151
4.031999999999778,3.3791529523436994
4.033999999999778,3.2784206299744088
4.0359999999997775,3.2392917874688325
4.037999999999777,3.2276491845775905
4.039999999999777,3.226633776027505
4.041999999999777,3.228711701677247
4.043999999999777,3.230894486504478
4.045999999999776,3.23223408936436
4.047999999999776,3.2325939193183992
4.049999999999776,3.2321258607695555
4.051999999999776,3.2310410954255944
4.053999999999776,3.2295276425637205
4.055999999999775,3.2277292861641524
4.057999999999775,3.225747679176197
4.059999999999775,3.2236512483312336
4.061999999999775,3.2214845200801348
4.0639999999997745,3.219275728572234
4.065999999999774,3.2170424245651352
4.067999999999774,3.2147953348610216
4.069999999999774,3.212540919087638
4.071999999999774,3.210283021418683
4.073999999999773,3.208023908119755
4.075999999999773,3.2057649016689984
4.077999999999773,3.2035067700213458
4.079999999999773,3.20124995743611
4.0819999999997725,3.1989947230352795
4.083999999999772,3.196741217794167
4.085999999999772,3.194489535301012
4.087999999999772,3.192239730562063
4.089999999999772,3.1899918442610504
4.091999999999771,3.1877459048010737
4.093999999999771,3.1855019338761994
4.095999999999771,3.183259949359367
4.097999999999771,3.1810199666929213
4.0999999999997705,3.178781999613153
4.10199999999977,3.1765460605310025
4.10399999999977,3.174196633782772
4.10599999999977,3.1718312327964107
4.10799999999977,3.1694840841592513
4.109999999999769,3.1671627142832155
4.111999999999769,3.1648647641232417
4.113999999999769,3.162585241330292
4.115999999999769,3.1603193224677644
4.1179999999997685,3.158063198787308
4.119999999999768,3.155814139703816
4.121999999999768,3.1535702976352216
4.123999999999768,3.151330470458824
4.125999999999768,3.1490938979850958
4.127999999999767,3.146860109724689
4.129999999999767,3.1446288201604635
4.131999999999767,3.142399857864761
4.133999999999767,3.1401731212782265
4.1359999999997665,3.137948550585393
4.137999999999766,3.1357261101302725
4.139999999999766,3.133505779250857
4.141999999999766,3.131287544924679
4.143999999999766,3.1290713990517545
4.145999999999765,3.126857336575473
4.147999999999765,3.1246453532667697
4.149999999999765,3.1224354458951886
4.151999999999765,3.1202276117560537
4.1539999999997645,3.118021848078401
4.155999999999764,3.1158181528394397
4.157999999999764,3.1136165238805753
4.159999999999764,3.111416958671468
4.161999999999764,3.1092194552845402
4.1639999999997634,3.1070240115846786
4.165999999999763,3.1048306250760676
4.167999999999763,3.102639293509628
4.169999999999763,3.1004500150320067
4.171999999999763,3.0982627872564676
4.173999999999762,3.096077607961808
4.175999999999762,3.093894475010396
4.177999999999762,3.0917133865447384
4.179999999999762,3.0895343401683375
4.1819999999997615,3.0873573336660614
4.183999999999761,3.0851823648893224
4.185999999999761,3.083009431702604
4.187999999999761,3.0808385319824465
4.189999999999761,3.078669663344568
4.19199999999976,3.076502823895118
4.19399999999976,3.0743380115778915
4.19599999999976,3.0721752242784235
4.19799999999976,3.070014459858919
4.1999999999997595,3.0678557161862505
4.201999999999759,3.0656989908763403
4.203999999999759,3.063544282021942
4.205999999999759,3.0613915875707742
4.207999999999759,3.059240905181995
4.209999999999758,3.057092232949404
4.211999999999758,3.0549455688121827
4.213999999999758,3.0528009104491676
4.215999999999758,3.0506582559446525
4.2179999999997575,3.048517603246901
4.219999999999757,3.046378950048043
4.221999999999757,3.044242294409267
4.223999999999757,3.0421076342981106
4.225999999999757,3.039974967428043
4.227999999999756,3.0378442918560475
4.229999999999756,3.035715605549419
4.231999999999756,3.033588906246305
4.233999999999756,3.0314641920157266
4.2359999999997555,3.0293414608269646
4.237999999999755,3.027220710591169
4.239999999999755,3.02510193905701
4.241999999999755,3.0229851442904048
4.243999999999755,3.0208703242701147
4.245999999999754,3.0187574769393692
4.247999999999754,3.0166466002124115
4.249999999999754,3.014537691877443
4.251999999999754,3.012430750000863
4.2539999999997535,3.0103257725719845
4.255999999999753,3.0082227575336757
4.257999999999753,3.0061217028380818
4.259999999999753,3.0040226064215005
4.261999999999753,3.001925466232941
4.263999999999752,2.9998302803459698
4.265999999999752,2.997737046591962
4.267999999999752,2.9956457628973276
4.269999999999752,2.9935564272084756
4.2719999999997516,2.9914690376175943
4.273999999999751,2.9893835919959626
4.275999999999751,2.9873000882751692
4.277999999999751,2.9852185245264287
4.279999999999751,2.983138898628032
4.2819999999997505,2.9810612086403676
4.28399999999975,2.9789854525418056
4.28599999999975,2.976911628283373
4.28799999999975,2.9748397337403105
4.28999999999975,2.97276976695522
4.291999999999749,2.970701725919398
4.293999999999749,2.968635608620357
4.295999999999749,2.966571413010819
4.297999999999749,2.9645091371614316
4.2999999999997485,2.9624487789691156
4.301999999999748,2.960390336396872
4.303999999999748,2.958333807494451
4.305999999999748,2.9562791901822867
4.307999999999748,2.9542264825125164
4.309999999999747,2.952175682548132
4.311999999999747,2.950126788541248
4.313999999999747,2.948079797615445
4.315999999999747,2.9460347081219695
4.3179999999997465,2.9439915181978082
4.319999999999746,2.9419502258704298
4.321999999999746,2.9399108291812235
4.323999999999746,2.937873326073001
4.325999999999746,2.9358377145698116
4.327999999999745,2.933803992617283
4.329999999999745,2.931772158246371
4.331999999999745,2.9297422094521015
4.333999999999745,2.9277141442306496
4.3359999999997445,2.925687960569366
4.337999999999744,2.923663656476247
4.339999999999744,2.9216412299575234
4.341999999999744,2.9196206790428585
4.343999999999744,2.9176020017121496
4.345999999999743,2.9155851959942836
4.347999999999743,2.9135702598983078
4.349999999999743,2.9115571914359735
4.351999999999743,2.9095459886093753
4.3539999999997425,2.907536649426746
4.355999999999742,2.905529171904659
4.357999999999742,2.9035235540746123
4.359999999999742,2.9015197939458965
4.361999999999742,2.899517889535676
4.363999999999741,2.8975178388611926
4.365999999999741,2.8955196399460172
4.367999999999741,2.8935232908030413
4.369999999999741,2.8915287894683916
4.3719999999997405,2.889536133950392
4.37399999999974,2.88754532228009
4.37599999999974,2.885556352483257
4.37799999999974,2.883569222579621
4.37999999999974,2.8815839306021784
4.381999999999739,2.8796004745770074
4.383999999999739,2.877618852536186
4.385999999999739,2.8756390625146335
4.387999999999739,2.873661102538266
4.3899999999997386,2.8716849706412817
4.391999999999738,2.8697106648571333
4.393999999999738,2.8677381832345628
4.395999999999738,2.865767523781914
4.397999999999738,2.8637986845615613
4.3999999999997375,2.861831663602301
4.401999999999737,2.859866458948239
4.403999999999737,2.857903068611331
4.405999999999737,2.855941490666734
4.407999999999737,2.8539817231391655
4.409999999999736,2.8520237641081976
4.411999999999736,2.850067611603917
4.413999999999736,2.848113263666916
4.415999999999736,2.8461607183146347
4.4179999999997355,2.8442099736446487
4.419999999999735,2.8422610276802818
4.421999999999735,2.8403138784842588
4.423999999999735,2.838368524113145
4.425999999999735,2.8364249626335196
4.427999999999734,2.83448319206814
4.429999999999734,2.832543210472001
4.431999999999734,2.830605015913806
4.433999999999734,2.82866860647596
4.4359999999997335,2.8267339802304896
4.437999999999733,2.8248011351929296
4.439999999999733,2.822870069437787
4.441999999999733,2.8209407810468186
4.443999999999733,2.8190132680987667
4.445999999999732,2.817087528615441
4.447999999999732,2.815163560740355
4.449999999999732,2.8132413624977524
4.451999999999732,2.8113209319035537
4.4539999999997315,2.8094022671073846
4.455999999999731,2.8074853661492623
4.457999999999731,2.8055702271168617
4.459999999999731,2.8036568481086706
4.461999999999731,2.8017452272201657
4.46399999999973,2.7998353624795778
4.46599999999973,2.7979272519708873
4.46799999999973,2.796020893807134
4.46999999999973,2.7941162860953774
4.4719999999997295,2.7922134268620638
4.473999999999729,2.7903123142107575
4.475999999999729,2.788412946254927
4.477999999999729,2.786515321108176
4.479999999999729,2.7846194368067145
4.481999999999728,2.7827252914538327
4.483999999999728,2.7808328831701092
4.485999999999728,2.778942210084011
4.487999999999728,2.777053270235023
4.4899999999997275,2.7751660617319107
4.491999999999727,2.7732805827075464
4.493999999999727,2.771396831291336
4.495999999999727,2.7695148055280403
4.497999999999727,2.767634503530487
4.499999999999726,2.7657559234430877
4.501999999999726,2.763879063316317
4.503999999999726,2.7620039212751664
4.505999999999726,2.760130495475069
4.507999999999726,2.7582587839667867
4.509999999999725,2.756388784985373
4.511999999999725,2.7545204966009154
4.513999999999725,2.7526539168499795
4.515999999999725,2.7507890439671914
4.5179999999997245,2.748925876037584
4.519999999999724,2.747064411195551
4.521999999999724,2.7452046474984084
4.523999999999724,2.7433465832075723
4.525999999999724,2.741490216399414
4.527999999999723,2.7396355451156498
4.529999999999723,2.7377825676173253
4.531999999999723,2.7359312819962174
4.533999999999723,2.734081686299261
4.5359999999997225,2.732233778800231
4.537999999999722,2.730387557594989
4.539999999999722,2.7285430208487353
4.541999999999722,2.726700166634448
4.543999999999722,2.724858993122469
4.545999999999721,2.723019498515396
4.547999999999721,2.7211816808903637
4.549999999999721,2.719345538547949
4.551999999999721,2.7175110695833666
4.5539999999997205,2.7156782720468353
4.55599999999972,2.7138471441235867
4.55799999999972,2.7120176840334667
4.55999999999972,2.710189889990316
4.56199999999972,2.7083637600784707
4.563999999999719,2.7065392924846003
4.565999999999719,2.7047164853032863
4.567999999999719,2.702895336740084
4.569999999999719,2.7010758450291665
4.5719999999997185,2.6992580083964213
4.573999999999718,2.697441824935016
4.575999999999718,2.6956272928389375
4.577999999999718,2.6938144102129833
4.579999999999718,2.6920031752758633
4.581999999999717,2.690193586272842
4.583999999999717,2.6883856414441807
4.585999999999717,2.686579338890638
4.587999999999717,2.684774676695998
4.5899999999997165,2.6829716532230927
4.591999999999716,2.6811702666149957
4.593999999999716,2.679370514969928
4.595999999999716,2.677572396652256
4.597999999999716,2.6757759096796088
4.599999999999715,2.673981052404627
4.601999999999715,2.672187822977659
4.603999999999715,2.6703962196393722
4.605999999999715,2.6686062405170303
4.6079999999997145,2.666817883864162
4.609999999999714,2.665031147957508
4.611999999999714,2.6632460309273682
4.613999999999714,2.6614625310279942
4.615999999999714,2.659680646538494
4.6179999999997134,2.6579003755904744
4.619999999999713,2.656121716302563
4.621999999999713,2.6543446607279635
4.623999999999713,2.652569220171929
4.625999999999713,2.650795387741833
4.627999999999712,2.649023159916014
4.629999999999712,2.647252534526057
4.631999999999712,2.645483509871589
4.633999999999712,2.643716084221044
4.6359999999997115,2.641950255833233
4.637999999999711,2.640186023100182
4.639999999999711,2.6384233844174663
4.641999999999711,2.6366623380054524
4.643999999999711,2.634902882184101
4.64599999999971,2.63314501528906
4.64799999999971,2.6313887354887076
4.64999999999971,2.629634041079683
4.65199999999971,2.6278809302494976
4.6539999999997095,2.626129397592298
4.655999999999709,2.624379448927841
4.657999999999709,2.622631079653141
4.659999999999709,2.6208842870728577
4.661999999999709,2.619139069097895
4.663999999999708,2.617395424042823
4.665999999999708,2.6156533501721357
4.667999999999708,2.6139128458885903
4.669999999999708,2.6121739096033556
4.6719999999997075,2.610436539547788
4.673999999999707,2.6087007340659665
4.675999999999707,2.606966491370316
4.677999999999707,2.6052338096552505
4.679999999999707,2.603502687436691
4.681999999999706,2.601773122955795
4.683999999999706,2.600045114395389
4.685999999999706,2.5983186601019996
4.687999999999706,2.5965937584583867
4.6899999999997055,2.594870407678999
4.691999999999705,2.593148605953244
4.693999999999705,2.591428351802787
4.695999999999705,2.589709643322433
4.697999999999705,2.5879924790104143
4.699999999999704,2.586276856959859
4.701999999999704,2.58456277567735
4.703999999999704,2.5828502334186316
4.705999999999704,2.5811392283889623
4.7079999999997035,2.5794297589669664
4.709999999999703,2.5777218235607307
4.711999999999703,2.576015420406552
4.713999999999703,2.5743105477190795
4.715999999999703,2.5726072040557053
4.717999999999702,2.5709053875281684
4.719999999999702,2.569205145874222
4.721999999999702,2.5675066128466466
4.723999999999702,2.5658096909411365
4.7259999999997016,2.5641143305547023
4.727999999999701,2.562420506650275
4.729999999999701,2.560728207000565
4.731999999999701,2.5590374249545667
4.733999999999701,2.557348156862903
4.7359999999997004,2.5556604004022363
4.7379999999997,2.5539741536091136
4.7399999999997,2.55228941485817
4.7419999999997,2.5506061824466464
4.7439999999997,2.5489244548265706
4.745999999999699,2.547244230307001
4.747999999999699,2.5455655073351964
4.749999999999699,2.5438882843756114
4.751999999999699,2.5422125595434646
4.7539999999996985,2.540538331416206
4.755999999999698,2.5388655981526957
4.757999999999698,2.537194358340994
4.759999999999698,2.5355246072472686
4.761999999999698,2.533856349677498
4.763999999999697,2.5321895812377253
4.765999999999697,2.5305242996487323
4.767999999999697,2.528860502877102
4.769999999999697,2.527198189541909
4.7719999999996965,2.5255373578908564
4.773999999999696,2.5238780064330912
4.775999999999696,2.5222201337157504
4.777999999999696,2.520563738096866
4.779999999999696,2.5189088180529255
4.781999999999695,2.5172553719095183
4.783999999999695,2.5156033979759327
4.785999999999695,2.5139528947405085
4.787999999999695,2.5123038607126142
4.7899999999996945,2.5106562942219033
4.791999999999694,2.5090101935690092
4.793999999999694,2.5073655572413003
4.795999999999694,2.5057223837528393
4.797999999999694,2.504080671271244
4.799999999999693,2.5024404184299978
4.801999999999693,2.5008016234354558
4.803999999999693,2.4991642849303224
4.805999999999693,2.4975284011201353
4.8079999999996925,2.495893970485818
4.809999999999692,2.4942609915599037
4.811999999999692,2.492629462698804
4.813999999999692,2.490999381912299
4.815999999999692,2.48937074639003
4.817999999999691,2.4877435574593725
4.819999999999691,2.48611781385272
4.821999999999691,2.484493512591384
4.823999999999691,2.4828706517999706
4.8259999999996905,2.4812492298020494
4.82799999999969,2.479629245009394
4.82999999999969,2.4780106960208
4.83199999999969,2.476393581450521
4.83399999999969,2.474777899709104
4.835999999999689,2.4731636491649582
4.837999999999689,2.4715508283568837
4.839999999999689,2.4699394356906
4.841999999999689,2.4683294695490745
4.8439999999996886,2.4667209284897997
4.845999999999688,2.465113811089814
4.847999999999688,2.463508115736711
4.849999999999688,2.4619038407961202
4.851999999999688,2.460300984816022
4.8539999999996875,2.4586995462009535
4.855999999999687,2.457099523506689
4.857999999999687,2.45550091514087
4.859999999999687,2.453903719489976
4.861999999999687,2.452307935120885
4.863999999999686,2.450713560465001
4.865999999999686,2.4491205940918492
4.867999999999686,2.447529034417198
4.869999999999686,2.445938879841261
4.8719999999996855,2.4443501289474496
4.873999999999685,2.4427627801721483
4.875999999999685,2.4411768320947775
4.877999999999685,2.4395922831467423
4.879999999999685,2.4380091317373176
4.881999999999684,2.4364273764538615
4.883999999999684,2.434847015739829
4.885999999999684,2.433268048190135
4.887999999999684,2.4316904722458244
4.8899999999996835,2.430114286322367
4.891999999999683,2.42853948902116
4.893999999999683,2.4269660788030216
4.895999999999683,2.425394054260489
4.897999999999683,2.4238234138428285
4.899999999999682,2.422254155983049
4.901999999999682,2.4206862792856887
4.903999999999682,2.4191197822202035
4.905999999999682,2.4175546633898426
4.9079999999996815,2.4159909212555197
4.909999999999681,2.4144285542604704
4.911999999999681,2.4128675610211316
4.913999999999681,2.4113079400163704
4.915999999999681,2.409749689700365
4.91799999999968,2.4081928087007776
4.91999999999968,2.4066372955137254
4.92199999999968,2.405083148603243
4.92399999999968,2.4035303666028356
4.9259999999996795,2.4019789480094755
4.927999999999679,2.4004288914553373
4.929999999999679,2.3988801954231542
4.931999999999679,2.3973328583751456
4.933999999999679,2.3957868789457453
4.935999999999678,2.3942422556337313
4.937999999999678,2.3926989869192328
4.939999999999678,2.3911570714525774
4.941999999999678,2.389616507747776
4.9439999999996775,2.3880772944426822
4.945999999999677,2.386539429885371
4.947999999999677,2.3850029127087184
4.949999999999677,2.3834677415956596
4.951999999999677,2.381933915064317
4.953999999999676,2.3804014316009514
4.955999999999676,2.3788702897049845
4.957999999999676,2.377340488052813
4.959999999999676,2.3758120251807653
4.961999999999676,2.3742848997451853
4.963999999999675,2.3727591102695365
4.965999999999675,2.37123465525838
4.967999999999675,2.369711533374453
4.969999999999675,2.3681897431485606
4.9719999999996745,2.36666928309677
4.973999999999674,2.3651501517485314
4.975999999999674,2.3636323477954
4.977999999999674,2.362115869799513
4.979999999999674,2.3606007164386247
4.981999999999673,2.3590868862530296
4.983999999999673,2.357574377762212
4.985999999999673,2.3560631895009796
4.987999999999673,2.354553320163608
4.9899999999996725,2.3530447683241844
4.991999999999672,2.3515375326632473
4.993999999999672,2.3500316117380837
4.995999999999672,2.3485270040799024
4.997999999999672,2.347023708230119
4.999999999999671,2.345521722903336
5.001999999999671,2.344021046672407
5.003999999999671,2.3425216780974107
5.005999999999671,2.341023615878498
5.0079999999996705,2.339526858594668
5.00999999999967,2.3380314048070905
5.01199999999967,2.336537253083393
5.01399999999967,2.335044402140877
5.01599999999967,2.3335528505805176
5.017999999999669,2.332062597102403
5.019999999999669,2.330573640286087
5.021999999999669,2.329085978689749
5.023999999999669,2.327599610886321
5.0259999999996685,2.326114535597491
5.027999999999668,2.324630751426612
5.029999999999668,2.3231482569617126
5.031999999999668,2.321667050789386
5.033999999999668,2.320187131647802
5.035999999999667,2.3187084981503836
5.037999999999667,2.3172311488897592
5.039999999999667,2.3157550825918416
5.041999999999667,2.31428029564598
5.0439999999996665,2.3128067914404227
5.045999999999666,2.3113345666691214
5.047999999999666,2.309863619296481
5.049999999999666,2.3083939477801416
5.051999999999666,2.3069255507680677
5.053999999999665,2.3054584270691034
5.055999999999665,2.303992575241701
5.057999999999665,2.302527994186222
5.059999999999665,2.3010646824477834
5.0619999999996645,2.2996026387621464
5.063999999999664,2.298141861765309
5.065999999999664,2.296682350086345
5.067999999999664,2.295224102358873
5.069999999999664,2.293767117340656
5.0719999999996634,2.292311393679651
5.073999999999663,2.29085693000465
5.075999999999663,2.2894037250638295
5.077999999999663,2.2879517775037375
5.079999999999663,2.2865010859518566
5.081999999999662,2.285051649043961
5.083999999999662,2.28360346553923
5.085999999999662,2.282156533989027
5.087999999999662,2.2807108532565934
5.0899999999996615,2.2792664219048855
5.091999999999661,2.277823238563915
5.093999999999661,2.2763813020059427
5.095999999999661,2.2749406109085943
5.097999999999661,2.2735011640344522
5.09999999999966,2.2720629599348867
5.10199999999966,2.2706259973581573
5.10399999999966,2.269190274981816
5.10599999999966,2.2677557914753623
5.1079999999996595,2.2663225456154574
5.109999999999659,2.2648905360785605
5.111999999999659,2.2634597615263354
5.113999999999659,2.2620302206232985
5.115999999999659,2.260601912052621
5.117999999999658,2.259174834604029
5.119999999999658,2.25774898697694
5.121999999999658,2.2563243678442437
5.123999999999658,2.254900975887047
5.1259999999996575,2.2534788098960927
5.127999999999657,2.252057868567222
5.129999999999657,2.2506381505800017
5.131999999999657,2.249219654621811
5.133999999999657,2.2478023794796043
5.135999999999656,2.2463863237700314
5.137999999999656,2.244971486270834
5.139999999999656,2.243557865705494
5.141999999999656,2.2421454608603186
5.1439999999996555,2.2407342703523647
5.145999999999655,2.2393242929648167
5.147999999999655,2.237915527416405
5.149999999999655,2.23650797249851
5.151999999999655,2.2351016268348207
5.153999999999654,2.233696489208933
5.155999999999654,2.2322925582601014
5.157999999999654,2.230889832877705
5.159999999999654,2.2294883117114512
5.1619999999996535,2.2280879934706537
5.163999999999653,2.226688876963583
5.165999999999653,2.225290960918417
5.167999999999653,2.2238942440634952
5.169999999999653,2.2224987251277772
5.171999999999652,2.221104402913782
5.173999999999652,2.2197112760871143
5.175999999999652,2.2183193434481967
5.177999999999652,2.216928603743179
5.1799999999996515,2.2155390557819317
5.181999999999651,2.2141506982296253
5.183999999999651,2.212763529887495
5.185999999999651,2.2113775495072745
5.187999999999651,2.209992755825935
5.1899999999996504,2.208609147592099
5.19199999999965,2.207226723563643
5.19399999999965,2.2058454825560267
5.19599999999965,2.204465423268288
5.19799999999965,2.203086544512651
5.199999999999649,2.201708845119259
5.201999999999649,2.2003323237810606
5.203999999999649,2.198956979244443
5.205999999999649,2.197582810331401
5.2079999999996485,2.1962098158110557
5.209999999999648,2.194837994447426
5.211999999999648,2.193467345008788
5.213999999999648,2.192097866257306
5.215999999999648,2.1907295570299397
5.217999999999647,2.1893624160992697
5.219999999999647,2.1879964421826967
5.221999999999647,2.186631634102146
5.223999999999647,2.185267990692969
5.2259999999996465,2.1839055106907823
5.227999999999646,2.1825441929078506
5.229999999999646,2.181184036092808
5.231999999999646,2.179825039071037
5.233999999999646,2.178467200634708
5.235999999999645,2.1771105195677487
5.237999999999645,2.1757549947052124
5.239999999999645,2.174400624795339
5.241999999999645,2.173047408670517
5.2439999999996445,2.1716953450894296
5.245999999999644,2.1703444328864054
5.247999999999644,2.1689946708643455
5.249999999999644,2.167646057857725
5.251999999999644,2.1662985926334395
5.253999999999643,2.1649522740213114
5.255999999999643,2.16360710080179
5.257999999999643,2.162263071807604
5.259999999999643,2.1609201858523557
5.2619999999996425,2.1595784417444843
5.263999999999642,2.158237838295856
5.265999999999642,2.15689837434523
5.267999999999642,2.1555600486877204
5.269999999999642,2.15422286016015
5.271999999999641,2.152886807581251
5.273999999999641,2.151551889765641
5.275999999999641,2.1502181055396545
5.277999999999641,2.1488854537285493
5.2799999999996405,2.147553933163676
5.28199999999964,2.146223542677416
5.28399999999964,2.1448942811012692
5.28599999999964,2.143566147254014
5.28799999999964,2.142239139979944
5.289999999999639,2.140913258107665
5.291999999999639,2.1395885004774975
5.293999999999639,2.138264865931768
5.295999999999639,2.136942353304294
5.2979999999996386,2.1356209614326342
5.299999999999638,2.134300689158652
5.301999999999638,2.1329815353299764
5.303999999999638,2.131663498789255
5.305999999999638,2.1303465783853635
5.3079999999996375,2.1290307729625235
5.309999999999637,2.127716081365593
5.311999999999637,2.126402502454289
5.313999999999637,2.12509003507253
5.315999999999637,2.123778678082768
5.317999999999636,2.1224684303299366
5.319999999999636,2.1211592906884564
5.321999999999636,2.119851258000253
5.323999999999636,2.1185443311197623
5.3259999999996355,2.1172385089129775
5.327999999999635,2.115933790225702
5.329999999999635,2.114630173940069
5.331999999999635,2.113327658928184
5.333999999999635,2.1120262440353015
5.335999999999634,2.1107259281570068
5.337999999999634,2.109426710135023
5.339999999999634,2.1081285888392576
5.341999999999634,2.1068315631406187
5.3439999999996335,2.105535631919659
5.345999999999633,2.1042407940632284
5.347999999999633,2.1029470484409822
5.349999999999633,2.101654393935377
5.351999999999633,2.1003628294243293
5.353999999999632,2.099072353752475
5.355999999999632,2.097782965842698
5.357999999999632,2.0964946645415647
5.359999999999632,2.0952074487304606
5.3619999999996315,2.0939213173543445
5.363999999999631,2.092636269259824
5.365999999999631,2.0913523033277324
5.367999999999631,2.09006941845315
5.369999999999631,2.088787613526593
5.37199999999963,2.087506887394849
5.37399999999963,2.0862272390129215
5.37599999999963,2.084948667293298
5.37799999999963,2.083671171070989
5.3799999999996295,2.0823947492986363
5.381999999999629,2.081119400821633
5.383999999999629,2.0798451246080267
5.385999999999629,2.078571919500874
5.387999999999629,2.0772997844032224
5.389999999999628,2.076028718220322
5.391999999999628,2.0747587198644863
5.393999999999628,2.0734897882571555
5.395999999999628,2.0722219223138802
5.3979999999996275,2.070955120944523
5.399999999999627,2.0696893830605183
5.401999999999627,2.0684247075742177
5.403999999999627,2.0671610933174933
5.405999999999627,2.065898539294312
5.407999999999626,2.064637044357018
5.409999999999626,2.0633766075052575
5.411999999999626,2.062117227582952
5.413999999999626,2.0608589035936906
5.415999999999626,2.059601634383442
5.417999999999625,2.058345418868811
5.419999999999625,2.0570902560758877
5.421999999999625,2.0558361448436533
5.423999999999625,2.0545830840902464
5.4259999999996245,2.0533310727489607
5.427999999999624,2.052080109755846
5.429999999999624,2.050830194061231
5.431999999999624,2.049581324594242
5.433999999999624,2.0483335002906093
5.435999999999623,2.0470867199858604
5.437999999999623,2.0458409827221455
5.439999999999623,2.0445962874596484
5.441999999999623,2.0433526331402705
5.4439999999996225,2.0421100185816683
5.445999999999622,2.0408684428322403
5.447999999999622,2.039627904861297
5.449999999999622,2.0383884034866053
5.451999999999622,2.037149937764326
5.453999999999621,2.035912506535259
5.455999999999621,2.034676108743787
5.457999999999621,2.0334407434814006
5.459999999999621,2.0322064095884453
5.4619999999996205,2.03097310612995
5.46399999999962,2.02974083193478
5.46599999999962,2.028509585941561
5.46799999999962,2.0272793671212845
5.46999999999962,2.0260501745787245
5.471999999999619,2.024822007145767
5.473999999999619,2.023594863755956
5.475999999999619,2.022368743377361
5.477999999999619,2.021143644982374
5.4799999999996185,2.0199195660330305
5.481999999999618,2.0186965045976963
5.483999999999618,2.0174744631226575
5.485999999999618,2.0162534416042335
5.487999999999618,2.0150334385244575
5.489999999999617,2.0138144522934267
5.491999999999617,2.0125964814467423
5.493999999999617,2.0113795246826496
5.495999999999617,2.010163580641519
5.4979999999996165,2.0089486483720105
5.499999999999616,2.007734726846101
5.501999999999616,2.0065218150045614
5.503999999999616,2.0053099118032374
5.505999999999616,2.0040990162030456
5.507999999999615,2.0028891271731304
5.509999999999615,2.00168024369107
5.511999999999615,2.0004723647309643
5.513999999999615,1.9992654892781274
5.5159999999996145,1.998059616307171
5.517999999999614,1.996854744629815
5.519999999999614,1.9956508734167848
5.521999999999614,1.994448001697447
5.523999999999614,1.9932461284627927
5.525999999999613,1.9920452526853576
5.527999999999613,1.9908453733462836
5.529999999999613,1.9896464894268837
5.531999999999613,1.9884485999229933
5.533999999999613,1.9872518327975668
5.535999999999612,1.9860561571761233
5.537999999999612,1.9848615194613581
5.539999999999612,1.983667892709327
5.541999999999612,1.9824752639422234
5.5439999999996115,1.9812836267118386
5.545999999999611,1.980092977435369
5.547999999999611,1.9789033143323493
5.549999999999611,1.9777146360792475
5.551999999999611,1.9765269413469506
5.55399999999961,1.9753402293212923
5.55599999999961,1.9741544990561486
5.55799999999961,1.97296974955613
5.55999999999961,1.9717859795919501
5.5619999999996095,1.9706031883956898
5.563999999999609,1.9694213750285836
5.565999999999609,1.9682405384932606
5.567999999999609,1.967060677555311
5.569999999999609,1.9658817914507194
5.571999999999608,1.9647038792482971
5.573999999999608,1.9635269399519615
5.575999999999608,1.9623509725588062
5.577999999999608,1.9611759760745748
5.5799999999996075,1.960001949511602
5.581999999999607,1.958828891877362
5.583999999999607,1.9576568022031997
5.585999999999607,1.956485679504242
5.587999999999607,1.9553155228107721
5.589999999999606,1.9541463311446097
5.591999999999606,1.9529781037972647
5.593999999999606,1.9518108395360705
5.595999999999606,1.9506445373265167
5.5979999999996055,1.94947919620501
5.599999999999605,1.948314815484517
5.601999999999605,1.9471513939550147
5.603999999999605,1.9459889308634895
5.605999999999605,1.944827424982402
5.607999999999604,1.9436668755800444
5.609999999999604,1.9425072814446465
5.611999999999604,1.9413486418550283
5.613999999999604,1.9401909555992172
5.6159999999996035,1.9390342219774397
5.617999999999603,1.9378784400606364
5.619999999999603,1.9367236088533124
5.621999999999603,1.93556972707691
5.623999999999603,1.9344167940433719
5.625999999999602,1.9332648088475275
5.627999999999602,1.9321137705247737
5.629999999999602,1.9309636780969621
5.631999999999602,1.9298145305963488
5.6339999999996015,1.928666327054498
5.635999999999601,1.9275190668255116
5.637999999999601,1.9263727486450724
5.639999999999601,1.925227371487568
5.641999999999601,1.9240829347277764
5.6439999999996004,1.9229394371211186
5.6459999999996,1.9217968779975196
5.6479999999996,1.920655256101856
5.6499999999996,1.9195145707764119
5.6519999999996,1.9183748207765818
5.653999999999599,1.9172360054581443
5.655999999999599,1.916098123920037
5.657999999999599,1.9149611751821765
5.659999999999599,1.9138251582691876
5.6619999999995985,1.9126900722076168
5.663999999999598,1.9115559160497393
5.665999999999598,1.910422688846428
5.667999999999598,1.9092903896612006
5.669999999999598,1.9081590179082213
5.671999999999597,1.9070285723055
5.673999999999597,1.9058990518375503
5.675999999999597,1.904770455939126
5.677999999999597,1.9036427837035144
5.6799999999995965,1.90251603378018
5.681999999999596,1.9013902055446923
5.683999999999596,1.900265298111199
5.685999999999596,1.8991413105242152
5.687999999999596,1.8980182418149394
5.689999999999595,1.896896091030462
5.691999999999595,1.895774857231305
5.693999999999595,1.894654539483798
5.695999999999595,1.8935351368736208
5.6979999999995945,1.892416648856765
5.699999999999594,1.8912990741319968
5.701999999999594,1.890182412081952
5.703999999999594,1.8890666617962928
5.705999999999594,1.887951821897189
5.707999999999593,1.8868378918072157
5.709999999999593,1.8857248706629153
5.711999999999593,1.8846127575150529
5.713999999999593,1.8835015514156523
5.7159999999995925,1.882391251425944
5.717999999999592,1.8812818570228036
5.719999999999592,1.8801733668762073
5.721999999999592,1.879065780388621
5.723999999999592,1.8779590962388795
5.725999999999591,1.8768533138672383
5.727999999999591,1.8757484324056726
5.729999999999591,1.8746444508960782
5.731999999999591,1.8735413683758275
5.7339999999995905,1.8724391839012424
5.73599999999959,1.871337896545281
5.73799999999959,1.8702375054043905
5.73999999999959,1.8691380095658041
5.74199999999959,1.8680394085773182
5.743999999999589,1.8669417015393008
5.745999999999589,1.8658448870088413
5.747999999999589,1.8647489644324327
5.749999999999589,1.8636539329536506
5.7519999999995886,1.8625597916285044
5.753999999999588,1.861466539515242
5.755999999999588,1.8603741756857852
5.757999999999588,1.8592826996793486
5.759999999999588,1.8581921101376702
5.7619999999995875,1.8571024065148212
5.763999999999587,1.856013587925132
5.765999999999587,1.854925652933063
5.767999999999587,1.8538386010448942
5.769999999999587,1.8527524314396617
5.771999999999586,1.851667143672366
5.773999999999586,1.8505827363253473
5.775999999999586,1.849499208369431
5.777999999999586,1.8484165593834287
5.7799999999995855,1.847334788024021
5.781999999999585,1.8462538938029007
5.783999999999585,1.8451738758740472
5.785999999999585,1.8440947332902327
5.787999999999585,1.8430164650955894
5.789999999999584,1.841939070857701
5.791999999999584,1.8408625491664905
5.793999999999584,1.8397868990053163
5.795999999999584,1.8387121200159355
5.7979999999995835,1.8376382113547598
5.799999999999583,1.8365651720545124
5.801999999999583,1.8354930011506252
5.803999999999583,1.8344216977054613
5.805999999999583,1.8333512608111915
5.807999999999582,1.832281690095973
5.809999999999582,1.8312129841624587
5.811999999999582,1.8301451425396624
5.813999999999582,1.829078164362532
5.8159999999995815,1.8280120486786378
5.817999999999581,1.8269467945380578
5.819999999999581,1.8258824010117765
5.821999999999581,1.8248188677424764
5.823999999999581,1.8237561933076474
5.82599999999958,1.8226943777926168
5.82799999999958,1.821633419520911
5.82999999999958,1.8205733176751322
5.83199999999958,1.819514071374491
5.8339999999995795,1.818455679736412
5.835999999999579,1.817398141885978
5.837999999999579,1.8163414575206742
5.839999999999579,1.8152856257826742
5.841999999999579,1.81423064510874
5.843999999999578,1.8131765150829975
5.845999999999578,1.8121232349066247
5.847999999999578,1.8110708042432766
5.849999999999578,1.810019221592294
5.8519999999995775,1.8089684864943123
5.853999999999577,1.8079185980700505
5.855999999999577,1.8068695547664402
5.857999999999577,1.8058213562198377
5.859999999999577,1.8047740022485848
5.861999999999576,1.803727491361111
5.863999999999576,1.8026818231033361
5.865999999999576,1.8016369959867997
5.867999999999576,1.8005930096355913
5.869999999999576,1.7995498632344027
5.871999999999575,1.7985075558617656
5.873999999999575,1.797466086586154
5.875999999999575,1.7964254551241714
5.877999999999575,1.7953856605961702
5.8799999999995745,1.7943467013683863
5.881999999999574,1.7933085770741102
5.883999999999574,1.7922712869178803
5.885999999999574,1.7912348306318104
5.887999999999574,1.7901992066698464
5.889999999999573,1.7891644146225738
5.891999999999573,1.7881304536258995
5.893999999999573,1.7870973227156715
5.895999999999573,1.7860650209409261
5.8979999999995725,1.785033547384794
5.899999999999572,1.7840029011687573
5.901999999999572,1.7829730821046583
5.903999999999572,1.7819440893541836
5.905999999999572,1.7809159219262607
5.907999999999571,1.779888578836703
5.909999999999571,1.7788620591481272
5.911999999999571,1.7778363626360258
5.913999999999571,1.776811488450576
5.9159999999995705,1.7757874355840246
5.91799999999957,1.7747642030425839
5.91999999999957,1.7737417898851566
5.92199999999957,1.7727201952238805
5.92399999999957,1.7716994188888087
5.925999999999569,1.7706794600447093
5.927999999999569,1.7696603177029269
5.929999999999569,1.7686419908757376
5.931999999999569,1.767624478629464
5.9339999999995685,1.7666077807870297
5.935999999999568,1.76559189578753
5.937999999999568,1.7645768233313803
5.939999999999568,1.7635625626074154
5.941999999999568,1.7625491126787571
5.943999999999567,1.7615364733277228
5.945999999999567,1.7605246436582598
5.947999999999567,1.7595136219080867
5.949999999999567,1.7585034077891097
5.9519999999995665,1.7574940012686684
5.953999999999566,1.756485400718803
5.955999999999566,1.755477605789105
5.957999999999566,1.7544706148748228
5.959999999999566,1.7534644277334013
5.961999999999565,1.7524590443422599
5.963999999999565,1.7514544630442206
5.965999999999565,1.7504506834894302
5.967999999999565,1.7494477040421963
5.9699999999995645,1.7484455244712123
5.971999999999564,1.7474441440098514
5.973999999999564,1.746443562510987
5.975999999999564,1.7454437782941559
5.977999999999564,1.7444447910555865
5.979999999999563,1.7434465999524886
5.981999999999563,1.742449204024141
5.983999999999563,1.7414526031021198
5.985999999999563,1.7404567955107544
5.987999999999563,1.7394617809788413
5.989999999999562,1.7384675586963987
5.991999999999562,1.737474127709454
5.993999999999562,1.7364814878723192
5.995999999999562,1.7354896383012346
5.9979999999995615,1.7344985771461898
5.999999999999561,1.7335083041871377
