time,value
0.0,590920.754889287
0.002,798683.0161475302
0.004,890229.2198845346
0.006,1230762.445960242
0.008,1520493.3609827692
0.01,1697176.1227595008
0.012,1786238.1456364393
0.014,1824113.7939242127
0.016,1836717.839414973
0.018000000000000002,1838594.9971416781
0.020000000000000004,1836722.3949699062
0.022000000000000006,1833978.6726407246
0.024000000000000007,1831328.831842411
0.02600000000000001,1828973.5207675952
0.02800000000000001,1826870.9846792324
0.030000000000000013,1824938.8104192805
0.032000000000000015,1823113.4708799315
0.034000000000000016,1821357.4262140587
0.03600000000000002,1819651.848355753
0.03800000000000002,1817988.430743214
0.04000000000000002,1816364.051975077
0.04200000000000002,1814777.592577334
0.044000000000000025,1813228.6069130155
0.04600000000000003,1811716.8364682521
0.04800000000000003,1810241.8512088272
0.05000000000000003,1808803.1939343382
0.05200000000000003,1807400.3659416947
0.054000000000000034,1806032.6854214775
0.056000000000000036,1804699.5857577848
0.05800000000000004,1803400.3869654287
0.06000000000000004,1802134.4554284217
0.06200000000000004,1800901.071058693
0.06400000000000004,1799699.5761216737
0.06600000000000004,1798529.2354393315
0.06800000000000005,1797389.3821715189
0.07000000000000005,1796279.275980168
0.07200000000000005,1795198.2987782566
0.07400000000000005,1794145.630558297
0.07600000000000005,1793120.6736132065
0.07800000000000006,1792122.6733020185
0.08000000000000006,1791150.9629193698
0.08200000000000006,1790204.8162872924
0.08400000000000006,1789283.6383241867
0.08600000000000006,1788386.689842884
0.08800000000000006,1787513.3279337373
0.09000000000000007,1786662.9579678169
0.09200000000000007,1785834.8577091568
0.09400000000000007,1785028.459753215
0.09600000000000007,1784243.1155604515
0.09800000000000007,1783478.2487444985
0.10000000000000007,1782733.2774401738
0.10200000000000008,1782007.881242482
0.10400000000000008,1781301.4138365157
0.10600000000000008,1780613.2079483224
0.10800000000000008,1779942.6816927362
0.11000000000000008,1779289.2623474137
0.11200000000000009,1778652.394851173
0.11400000000000009,1778031.5415792346
0.11600000000000009,1777426.2307350377
0.11800000000000009,1776835.9735177301
0.12000000000000009,1776260.3300751834
0.1220000000000001,1775698.7856821252
0.1240000000000001,1775150.952791779
0.12600000000000008,1774616.3513527338
0.12800000000000009,1774094.569337066
0.1300000000000001,1773585.179295853
0.1320000000000001,1773087.803605223
0.1340000000000001,1772602.090880631
0.1360000000000001,1772127.6041439818
0.1380000000000001,1771663.9815107114
0.1400000000000001,1771210.898711688
0.1420000000000001,1770768.049401323
0.1440000000000001,1770335.0365643143
0.1460000000000001,1769911.5825607544
0.1480000000000001,1769497.313471839
0.1500000000000001,1769091.9712735876
0.1520000000000001,1768695.2503980785
0.1540000000000001,1768306.8793902246
0.1560000000000001,1767926.5551226048
0.1580000000000001,1767554.016495347
0.16000000000000011,1767188.9740091183
0.16200000000000012,1766831.2317736857
0.16400000000000012,1766480.4847329645
0.16600000000000012,1766136.5375664302
0.16800000000000012,1765799.1443591998
0.17000000000000012,1765468.0913392266
0.17200000000000013,1765143.131680889
0.17400000000000013,1764824.1096102807
0.17600000000000013,1764510.8094566115
0.17800000000000013,1764203.043301203
0.18000000000000013,1763900.588263264
0.18200000000000013,1763603.260888458
0.18400000000000014,1763310.8978864765
0.18600000000000014,1763023.3467110596
0.18800000000000014,1762740.4108116098
0.19000000000000014,1762461.9793542281
0.19200000000000014,1762187.8789680023
0.19400000000000014,1761917.9119503116
0.19600000000000015,1761651.9755400794
0.19800000000000015,1761389.9586406564
0.20000000000000015,1761131.6967330026
0.20200000000000015,1760877.0559623784
0.20400000000000015,1760625.9185564434
0.20600000000000016,1760378.1248780552
0.20800000000000016,1760133.6514533078
0.21000000000000016,1759892.2807675644
0.21200000000000016,1759653.967776043
0.21400000000000016,1759418.5918979705
0.21600000000000016,1759186.0514415172
0.21800000000000017,1758956.2549338539
0.22000000000000017,1758729.066381972
0.22200000000000017,1758504.4341430906
0.22400000000000017,1758282.293118437
0.22600000000000017,1758062.4717000446
0.22800000000000017,1757844.9580614818
0.23000000000000018,1757629.6582397483
0.23200000000000018,1757416.4937098015
0.23400000000000018,1757205.3944832992
0.23600000000000018,1756996.2954573825
0.23800000000000018,1756789.134648546
0.24000000000000019,1756583.801994479
0.2420000000000002,1756380.2195304967
0.2440000000000002,1756178.3752147546
0.2460000000000002,1755978.1838852882
0.2480000000000002,1755779.630548734
0.25000000000000017,1755582.5798555
0.25200000000000017,1755387.0487003373
0.25400000000000017,1755192.9685289015
0.25600000000000017,1755000.2340361658
0.2580000000000002,1754808.8780788016
0.2600000000000002,1754618.7907026801
0.2620000000000002,1754429.952662272
0.2640000000000002,1754242.334661981
0.2660000000000002,1754055.9027836204
0.2680000000000002,1753870.5210323033
0.2700000000000002,1753686.264368733
0.2720000000000002,1753503.045591881
0.2740000000000002,1753320.808210905
0.2760000000000002,1753139.5617366266
0.2780000000000002,1752959.242838221
0.2800000000000002,1752779.8078379047
0.2820000000000002,1752601.222912903
0.2840000000000002,1752423.5092209908
0.2860000000000002,1752246.6101884234
0.2880000000000002,1752070.492904779
0.2900000000000002,1751895.0877875765
0.2920000000000002,1751720.457187116
0.2940000000000002,1751546.5657248
0.2960000000000002,1751373.3844966115
0.2980000000000002,1751200.8884659098
0.3000000000000002,1751029.0548084495
0.3020000000000002,1750857.8620204749
0.3040000000000002,1750687.2393498782
0.3060000000000002,1750517.246982968
0.3080000000000002,1750347.799408582
0.3100000000000002,1750178.8999477846
0.3120000000000002,1750010.4929819042
0.3140000000000002,1749842.6478847947
0.3160000000000002,1749675.2845734467
0.3180000000000002,1749508.40942443
0.32000000000000023,1749341.9667096017
0.32200000000000023,1749175.9748440662
0.32400000000000023,1749010.3836574007
0.32600000000000023,1748845.2642534487
0.32800000000000024,1748680.4878972012
0.33000000000000024,1748516.0924933471
0.33200000000000024,1748352.0883819333
0.33400000000000024,1748188.4219893704
0.33600000000000024,1748025.1137116514
0.33800000000000024,1747862.1157582928
0.34000000000000025,1747699.45160954
0.34200000000000025,1747537.0751893583
0.34400000000000025,1747374.960920851
0.34600000000000025,1747213.143337612
0.34800000000000025,1747051.5814934853
0.35000000000000026,1746890.2522126664
0.35200000000000026,1746729.1912795587
0.35400000000000026,1746568.3586686007
0.35600000000000026,1746407.7320072264
0.35800000000000026,1746247.3478427683
0.36000000000000026,1746087.1670100759
0.36200000000000027,1745927.1679139396
0.36400000000000027,1745767.337800503
0.36600000000000027,1745607.7179870396
0.36800000000000027,1745448.271656214
0.3700000000000003,1745288.978587041
0.3720000000000003,1745129.8269906207
0.3740000000000003,1744970.8589718982
0.3760000000000003,1744812.0385915223
0.3780000000000003,1744653.3464396931
0.3800000000000003,1744494.7715160886
0.3820000000000003,1744336.3066667055
0.3840000000000003,1744177.9462873945
0.3860000000000003,1744019.7353750158
0.3880000000000003,1743861.6395767936
0.3900000000000003,1743703.5904937622
0.3920000000000003,1743545.6576064148
0.3940000000000003,1743387.8187803617
0.3960000000000003,1743230.1111277423
0.3980000000000003,1743072.4473138964
0.4000000000000003,1742914.8378571053
0.4020000000000003,1742757.3366288356
0.4040000000000003,1742599.8640433403
0.4060000000000003,1742442.483714096
0.4080000000000003,1742285.1712652766
0.4100000000000003,1742127.8634118473
0.4120000000000003,1741970.632188812
0.4140000000000003,1741813.457120836
0.4160000000000003,1741656.3266073316
0.4180000000000003,1741499.233927821
0.4200000000000003,1741342.1748162971
0.4220000000000003,1741185.146066499
0.4240000000000003,1741028.1449057688
0.4260000000000003,1740871.1687412679
0.4280000000000003,1740714.215036147
0.4300000000000003,1740557.2813480012
0.43200000000000033,1740400.365258046
0.43400000000000033,1740243.5143557359
0.43600000000000033,1740086.647068955
0.43800000000000033,1739929.776974452
0.44000000000000034,1739772.910085987
0.44200000000000034,1739616.0480621713
0.44400000000000034,1739459.192416276
0.44600000000000034,1739302.4005245809
0.44800000000000034,1739145.599818437
0.45000000000000034,1738988.8093276192
0.45200000000000035,1738832.0378114055
0.45400000000000035,1738675.3378230408
0.45600000000000035,1738518.6297965345
0.45800000000000035,1738361.927691766
0.46000000000000035,1738205.2872816967
0.46200000000000035,1738048.6308322656
0.46400000000000036,1737892.0230353614
0.46600000000000036,1737735.3912101567
0.46800000000000036,1737578.7527227157
0.47000000000000036,1737422.1649314542
0.47200000000000036,1737265.550937829
0.47400000000000037,1737108.9260032037
0.47600000000000037,1736952.3466372986
0.47800000000000037,1736795.7357780156
0.48000000000000037,1736639.1585257354
0.4820000000000004,1736482.5427123343
0.4840000000000004,1736325.9061156756
0.4860000000000004,1736169.2567023085
0.4880000000000004,1736012.6468447277
0.4900000000000004,1735855.997617622
0.4920000000000004,1735699.3236214295
0.4940000000000004,1735542.631612533
0.4960000000000004,1735385.9239045025
0.4980000000000004,1735229.200616193
0.5000000000000003,1735072.4609175285
0.5020000000000003,1734915.7036756952
0.5040000000000003,1734758.9276870864
0.5060000000000003,1734602.1317708138
0.5080000000000003,1734445.314809328
0.5100000000000003,1734288.4757512957
0.5120000000000003,1734131.6135780702
0.5140000000000003,1733974.6775970624
0.5160000000000003,1733817.7457085159
0.5180000000000003,1733660.802707598
0.5200000000000004,1733503.7921494378
0.5220000000000004,1733346.789886969
0.5240000000000004,1733189.7293595602
0.5260000000000004,1733032.6803330511
0.5280000000000004,1732875.5731241063
0.5300000000000004,1732718.4264110096
0.5320000000000004,1732561.298443524
0.5340000000000004,1732404.1135883408
0.5360000000000004,1732246.8878092126
0.5380000000000004,1732089.6286718303
0.5400000000000004,1731932.3390091553
0.5420000000000004,1731775.019342297
0.5440000000000004,1731617.6692578886
0.5460000000000004,1731460.2880051257
0.5480000000000004,1731302.8747600422
0.5500000000000004,1731145.3791346326
0.5520000000000004,1730987.8789876825
0.5540000000000004,1730830.358200655
0.5560000000000004,1730672.7584342982
0.5580000000000004,1730515.1539365575
0.5600000000000004,1730357.4776158924
0.5620000000000004,1730199.7493477124
0.5640000000000004,1730042.0279405313
0.5660000000000004,1729884.2383653098
0.5680000000000004,1729726.3968917334
0.5700000000000004,1729568.5113469153
0.5720000000000004,1729410.5849045974
0.5740000000000004,1729252.6184127347
0.5760000000000004,1729094.5622134404
0.5780000000000004,1728936.4943177532
0.5800000000000004,1728778.3988509744
0.5820000000000004,1728620.2177266576
0.5840000000000004,1728462.0252112448
0.5860000000000004,1728303.7545455669
0.5880000000000004,1728145.4257016408
0.5900000000000004,1727987.09761689
0.5920000000000004,1727828.6955950768
0.5940000000000004,1727670.236013478
0.5960000000000004,1727511.7268853043
0.5980000000000004,1727353.1715322998
0.6000000000000004,1727194.5223165802
0.6020000000000004,1727035.8648568091
0.6040000000000004,1726877.1911382657
0.6060000000000004,1726718.4481118005
0.6080000000000004,1726559.7124137965
0.6100000000000004,1726400.9678151966
0.6120000000000004,1726242.156031833
0.6140000000000004,1726083.3508645478
0.6160000000000004,1725924.4853401566
0.6180000000000004,1725765.5789623526
0.6200000000000004,1725606.6901268335
0.6220000000000004,1725447.7439281393
0.6240000000000004,1725288.7562115358
0.6260000000000004,1725129.734572526
0.6280000000000004,1724970.681913628
0.6300000000000004,1724811.5988845353
0.6320000000000005,1724652.4851512911
0.6340000000000005,1724493.3400518664
0.6360000000000005,1724334.162876068
0.6380000000000005,1724174.9529020016
0.6400000000000005,1724015.6600826303
0.6420000000000005,1723856.3618967978
0.6440000000000005,1723696.9931992851
0.6460000000000005,1723537.6235118858
0.6480000000000005,1723378.1840369042
0.6500000000000005,1723218.7428424335
0.6520000000000005,1723059.2307345779
0.6540000000000005,1722899.6663368568
0.6560000000000005,1722740.0585756062
0.6580000000000005,1722580.4110276878
0.6600000000000005,1722420.7246976963
0.6620000000000005,1722260.9995268118
0.6640000000000005,1722101.2350478312
0.6660000000000005,1721941.381430348
0.6680000000000005,1721781.5161558427
0.6700000000000005,1721621.6236648664
0.6720000000000005,1721461.6462633018
0.6740000000000005,1721301.6577945494
0.6760000000000005,1721141.5920144054
0.6780000000000005,1720981.468744189
0.6800000000000005,1720821.2974103878
0.6820000000000005,1720661.081775417
0.6840000000000005,1720500.8229899637
0.6860000000000005,1720340.5210640505
0.6880000000000005,1720180.1756638167
0.6900000000000005,1720019.7863704474
0.6920000000000005,1719859.3035572944
0.6940000000000005,1719698.80473354
0.6960000000000005,1719538.2745506063
0.6980000000000005,1719377.6555234296
0.7000000000000005,1719216.9722615115
0.7020000000000005,1719056.285779988
0.7040000000000005,1718895.5231620197
0.7060000000000005,1718734.7009867583
0.7080000000000005,1718573.8273861848
0.7100000000000005,1718412.9058162083
0.7120000000000005,1718251.8882011892
0.7140000000000005,1718090.8524107353
0.7160000000000005,1717929.7832798217
0.7180000000000005,1717768.6233842755
0.7200000000000005,1717607.4464443757
0.7220000000000005,1717446.1872252554
0.7240000000000005,1717284.867262022
0.7260000000000005,1717123.4976088437
0.7280000000000005,1716962.1322613324
0.7300000000000005,1716800.6952765568
0.7320000000000005,1716639.2018637827
0.7340000000000005,1716477.6105716329
0.7360000000000005,1716316.0022707589
0.7380000000000005,1716154.3631724596
0.7400000000000005,1715992.6362990541
0.7420000000000005,1715830.8952723376
0.7440000000000005,1715669.0742220122
0.7460000000000006,1715507.241945524
0.7480000000000006,1715345.3303118432
0.7500000000000006,1715183.3580637593
0.7520000000000006,1715021.3343104548
0.7540000000000006,1714859.262860669
0.7560000000000006,1714697.1449238646
0.7580000000000006,1714534.9840610807
0.7600000000000006,1714372.7868392915
0.7620000000000006,1714210.5091369508
0.7640000000000006,1714048.2311674282
0.7660000000000006,1713885.9496642733
0.7680000000000006,1713723.6991981089
0.7700000000000006,1713561.4199704775
0.7720000000000006,1713399.1708910004
0.7740000000000006,1713236.922481158
0.7760000000000006,1713074.608505431
0.7780000000000006,1712912.297416081
0.7800000000000006,1712749.9211185898
0.7820000000000006,1712587.5470868102
0.7840000000000006,1712425.10685474
0.7860000000000006,1712262.6186838693
0.7880000000000006,1712100.0914115787
0.7900000000000006,1711937.577605739
0.7920000000000006,1711775.0009797406
0.7940000000000006,1711612.3761685682
0.7960000000000006,1711449.7105528938
0.7980000000000006,1711286.9582399745
0.8000000000000006,1711124.1973944104
0.8020000000000006,1710961.413277051
0.8040000000000006,1710798.5486176389
0.8060000000000006,1710635.6764526959
0.8080000000000006,1710472.7800531043
0.8100000000000006,1710309.8016379236
0.8120000000000006,1710146.7651913965
0.8140000000000006,1709983.731270323
0.8160000000000006,1709820.6275498115
0.8180000000000006,1709657.4702201453
0.8200000000000006,1709494.267232546
0.8220000000000006,1709331.0219409144
0.8240000000000006,1709167.7353980185
0.8260000000000006,1709004.3586931478
0.8280000000000006,1708840.968611458
0.8300000000000006,1708677.550107469
0.8320000000000006,1708514.0460436626
0.8340000000000006,1708350.5294124507
0.8360000000000006,1708186.9348352137
0.8380000000000006,1708023.2817794904
0.8400000000000006,1707859.6285686854
0.8420000000000006,1707695.9020970236
0.8440000000000006,1707532.1182057506
0.8460000000000006,1707368.2848532281
0.8480000000000006,1707204.3565909185
0.8500000000000006,1707040.4115330772
0.8520000000000006,1706876.4352748345
0.8540000000000006,1706712.419783393
0.8560000000000006,1706548.3122210097
0.8580000000000007,1706384.1388390774
0.8600000000000007,1706219.961203689
0.8620000000000007,1706055.7077611436
0.8640000000000007,1705891.3948156438
0.8660000000000007,1705727.030496303
0.8680000000000007,1705562.618257606
0.8700000000000007,1705398.1593242334
0.8720000000000007,1705233.6538661215
0.8740000000000007,1705069.1017591876
0.8760000000000007,1704904.4539316418
0.8780000000000007,1704739.7869568358
0.8800000000000007,1704575.03730615
0.8820000000000007,1704410.2737561392
0.8840000000000007,1704245.4291477287
0.8860000000000007,1704080.5219645626
0.8880000000000007,1703915.561318399
0.8900000000000007,1703750.5511103445
0.8920000000000007,1703585.492684021
0.8940000000000007,1703420.3863001366
0.8960000000000007,1703255.2318298998
0.8980000000000007,1703089.9802959517
0.9000000000000007,1702924.7081733453
0.9020000000000007,1702759.352080984
0.9040000000000007,1702593.9807316053
0.9060000000000007,1702428.527103321
0.9080000000000007,1702263.009668353
0.9100000000000007,1702097.4375545275
0.9120000000000007,1701931.814704827
0.9140000000000007,1701766.1426458198
0.9160000000000007,1701600.4251944593
0.9180000000000007,1701434.6192572564
0.9200000000000007,1701268.8055119691
0.9220000000000007,1701102.9721362568
0.9240000000000007,1700937.0649026094
0.9260000000000007,1700771.1580645465
0.9280000000000007,1700605.1875677248
0.9300000000000007,1700439.2215774686
0.9320000000000007,1700273.1928580478
0.9340000000000007,1700107.1194526234
0.9360000000000007,1699941.0100687726
0.9380000000000007,1699774.8681961582
0.9400000000000007,1699608.6947869807
0.9420000000000007,1699442.4896828746
0.9440000000000007,1699276.2523546424
0.9460000000000007,1699109.9821932595
0.9480000000000007,1698943.678605171
0.9500000000000007,1698777.3410417794
0.9520000000000007,1698610.9203607829
0.9540000000000007,1698444.4924677557
0.9560000000000007,1698277.9939276848
0.9580000000000007,1698111.492945906
0.9600000000000007,1697944.9224324848
0.9620000000000007,1697778.3490321694
0.9640000000000007,1697611.7052402492
0.9660000000000007,1697445.0089706143
0.9680000000000007,1697278.2691025003
0.9700000000000008,1697111.4893325681
0.9720000000000008,1696944.6708207494
0.9740000000000008,1696777.813643283
0.9760000000000008,1696610.8688865837
0.9780000000000008,1696443.9123718594
0.9800000000000008,1696276.9294460665
0.9820000000000008,1696109.8633916231
0.9840000000000008,1695942.7864429015
0.9860000000000008,1695775.633900222
0.9880000000000008,1695608.4248818727
0.9900000000000008,1695441.168707749
0.9920000000000008,1695273.9178318186
0.9940000000000008,1695106.597304367
0.9960000000000008,1694939.221471158
0.9980000000000008,1694771.7492731723
1.0000000000000007,1694604.260182768
1.0020000000000007,1694436.7411795089
1.0040000000000007,1694269.1362538135
1.0060000000000007,1694101.5176608406
1.0080000000000007,1693933.8208922688
1.0100000000000007,1693766.113512714
1.0120000000000007,1693598.3288068345
1.0140000000000007,1693430.4848719202
1.0160000000000007,1693262.5907468384
1.0180000000000007,1693094.6502952226
1.0200000000000007,1692926.6648665136
1.0220000000000007,1692758.6346803056
1.0240000000000007,1692590.5595634948
1.0260000000000007,1692422.4392631561
1.0280000000000007,1692254.2250515078
1.0300000000000007,1692085.992696499
1.0320000000000007,1691917.6793988345
1.0340000000000007,1691749.3048152628
1.0360000000000007,1691580.8784692383
1.0380000000000007,1691412.4528131825
1.0400000000000007,1691243.9532262713
1.0420000000000007,1691075.394030837
1.0440000000000007,1690906.7343409846
1.0460000000000007,1690738.0534739569
1.0480000000000007,1690569.3386417415
1.0500000000000007,1690400.5340736622
1.0520000000000007,1690231.7119222514
1.0540000000000007,1690062.807980309
1.0560000000000007,1689893.8897246937
1.0580000000000007,1689724.8907206398
1.0600000000000007,1689555.8290999192
1.0620000000000007,1689386.7139398877
1.0640000000000007,1689217.549210434
1.0660000000000007,1689048.3363576108
1.0680000000000007,1688879.0757031366
1.0700000000000007,1688709.757571511
1.0720000000000007,1688540.3891231075
1.0740000000000007,1688370.8874328076
1.0760000000000007,1688201.4013736425
1.0780000000000007,1688031.8570972276
1.0800000000000007,1687862.2683811407
1.0820000000000007,1687692.690416289
1.0840000000000007,1687523.0502984764
1.0860000000000007,1687353.3628717412
1.0880000000000007,1687183.635712949
1.0900000000000007,1687013.8721143478
1.0920000000000007,1686844.0731663809
1.0940000000000007,1686674.190629969
1.0960000000000008,1686504.2998061636
1.0980000000000008,1686334.386297179
1.1000000000000008,1686164.3937035582
1.1020000000000008,1685994.393560231
1.1040000000000008,1685824.3216979213
1.1060000000000008,1685654.2451801072
1.1080000000000008,1685484.0976266596
1.1100000000000008,1685313.8968438942
1.1120000000000008,1685143.6516952505
1.1140000000000008,1684973.3659698467
1.1160000000000008,1684803.0409126913
1.1180000000000008,1684632.6768764234
1.1200000000000008,1684462.2746964267
1.1220000000000008,1684291.8350919732
1.1240000000000008,1684121.310123545
1.1260000000000008,1683950.7753140396
1.1280000000000008,1683780.168340129
1.1300000000000008,1683609.5567545367
1.1320000000000008,1683438.8744445182
1.1340000000000008,1683268.1391268424
1.1360000000000008,1683097.4077943023
1.1380000000000008,1682926.6087523913
1.1400000000000008,1682755.7570829422
1.1420000000000008,1682584.8605048005
1.1440000000000008,1682413.9224237131
1.1460000000000008,1682242.8957999507
1.1480000000000008,1682071.8562001744
1.1500000000000008,1681900.7895287164
1.1520000000000008,1681729.6396783893
1.1540000000000008,1681558.4779764183
1.1560000000000008,1681387.2405605612
1.1580000000000008,1681215.9461558822
1.1600000000000008,1681044.6522088035
1.1620000000000008,1680873.2873659506
1.1640000000000008,1680701.8667537444
1.1660000000000008,1680530.3981622176
1.1680000000000008,1680358.8850546987
1.1700000000000008,1680187.3286674025
1.1720000000000008,1680015.6810981897
1.1740000000000008,1679844.017441039
1.1760000000000008,1679672.2755363542
1.1780000000000008,1679500.5227465467
1.1800000000000008,1679328.6932614124
1.1820000000000008,1679156.8529225264
1.1840000000000008,1678984.9354370085
1.1860000000000008,1678812.9584393508
1.1880000000000008,1678640.9308837052
1.1900000000000008,1678468.8567061047
1.1920000000000008,1678296.737316853
1.1940000000000008,1678124.5249262226
1.1960000000000008,1677952.2945535576
1.1980000000000008,1677780.032227425
1.2000000000000008,1677607.6820646694
1.2020000000000008,1677435.3152813476
1.2040000000000008,1677262.868383973
1.2060000000000008,1677090.3601124391
1.2080000000000009,1676917.7998527244
1.2100000000000009,1676745.1916566694
1.2120000000000009,1676572.5369761141
1.2140000000000009,1676399.8360987736
1.2160000000000009,1676227.088925797
1.2180000000000009,1676054.2952164595
1.2200000000000009,1675881.4067616335
1.2220000000000009,1675708.4983809825
1.2240000000000009,1675535.50824637
1.2260000000000009,1675362.455628848
1.2280000000000009,1675189.398068094
1.2300000000000009,1675016.2646758875
1.2320000000000009,1674843.0711439466
1.2340000000000009,1674669.8292332843
1.2360000000000009,1674496.5465342733
1.2380000000000009,1674323.1790133151
1.2400000000000009,1674149.8032635595
1.2420000000000009,1673976.4061531385
1.2440000000000009,1673802.9800439943
1.2460000000000009,1673629.4729578155
1.2480000000000009,1673455.9098634664
1.2500000000000009,1673282.3510657658
1.252000000000001,1673108.7269586867
1.254000000000001,1672935.0528751295
1.256000000000001,1672761.3845043676
1.258000000000001,1672587.6503875758
1.260000000000001,1672413.8651994339
1.262000000000001,1672240.0366005192
1.264000000000001,1672066.1200468165
1.266000000000001,1671892.1915433072
1.268000000000001,1671718.237694188
1.270000000000001,1671544.2507635436
1.272000000000001,1671370.1788264974
1.274000000000001,1671196.0947259318
1.276000000000001,1671021.9361531737
1.278000000000001,1670847.721997894
1.280000000000001,1670673.4616138276
1.282000000000001,1670499.2068644962
1.284000000000001,1670324.8844193362
1.286000000000001,1670150.5079614588
1.288000000000001,1669976.0369167242
1.290000000000001,1669801.5492738802
1.292000000000001,1669627.0328062684
1.294000000000001,1669452.4802656155
1.296000000000001,1669277.8400162405
1.298000000000001,1669103.184862824
1.300000000000001,1668928.4526495463
1.302000000000001,1668753.6622769318
1.304000000000001,1668578.82313455
1.306000000000001,1668403.9871136525
1.308000000000001,1668229.0810315274
1.310000000000001,1668054.1187594838
1.312000000000001,1667879.0607054443
1.314000000000001,1667703.9857120118
1.316000000000001,1667528.8822501826
1.318000000000001,1667353.7434509988
1.320000000000001,1667178.5178566088
1.322000000000001,1667003.2782152365
1.324000000000001,1666827.9624822713
1.326000000000001,1666652.589459251
1.328000000000001,1666477.16850441
1.330000000000001,1666301.751413468
1.332000000000001,1666126.2651004551
1.334000000000001,1665950.6754242128
1.336000000000001,1665775.0640799794
1.338000000000001,1665599.4210433092
1.340000000000001,1665423.740133258
1.342000000000001,1665247.9702218533
1.344000000000001,1665072.1840269445
1.346000000000001,1664896.319654985
1.348000000000001,1664720.443637633
1.350000000000001,1664544.4910082505
1.352000000000001,1664368.4791827097
1.354000000000001,1664192.4170587051
1.356000000000001,1664016.3085595681
1.358000000000001,1663840.155105886
1.360000000000001,1663663.957000442
1.362000000000001,1663487.7141410317
1.364000000000001,1663311.378583183
1.366000000000001,1663135.024392592
1.368000000000001,1662958.5903487362
1.370000000000001,1662782.1430786848
1.372000000000001,1662605.6177563446
1.374000000000001,1662429.031757571
1.376000000000001,1662252.3939883334
1.378000000000001,1662075.7083801723
1.380000000000001,1661898.9763788753
1.382000000000001,1661722.1983420309
1.384000000000001,1661545.326527565
1.386000000000001,1661368.4349015174
1.388000000000001,1661191.5100063803
1.390000000000001,1661014.4965703285
1.392000000000001,1660837.4191651305
1.394000000000001,1660660.3406326952
1.396000000000001,1660483.1949208209
1.398000000000001,1660305.9989410492
1.400000000000001,1660128.7614201435
1.402000000000001,1659951.4862477707
1.404000000000001,1659774.1747463914
1.406000000000001,1659596.8271223842
1.408000000000001,1659419.4431026643
1.410000000000001,1659241.9746983938
1.412000000000001,1659064.4955678172
1.414000000000001,1658886.9445271622
1.416000000000001,1658709.3878366074
1.418000000000001,1658531.7607236987
1.420000000000001,1658354.0803106355
1.422000000000001,1658176.4028908655
1.424000000000001,1657998.6582764634
1.426000000000001,1657820.860952875
1.428000000000001,1657643.018546749
1.430000000000001,1657465.1345137046
1.432000000000001,1657287.1625412519
1.434000000000001,1657109.1768198651
1.436000000000001,1656931.1640283507
1.438000000000001,1656753.0689236505
1.440000000000001,1656574.9614574544
1.442000000000001,1656396.7790691913
1.444000000000001,1656218.58745078
1.446000000000001,1656040.3218792751
1.448000000000001,1655861.9995278614
1.450000000000001,1655683.6292200154
1.452000000000001,1655505.2148587871
1.454000000000001,1655326.757887605
1.456000000000001,1655148.2585860372
1.458000000000001,1654969.6693199973
1.460000000000001,1654791.0636302624
1.462000000000001,1654612.3806814356
1.464000000000001,1654433.6866277235
1.466000000000001,1654254.9170233188
1.468000000000001,1654076.1364906672
1.470000000000001,1653897.2800401726
1.472000000000001,1653718.3647038757
1.474000000000001,1653539.3992892527
1.476000000000001,1653360.3877870268
1.478000000000001,1653181.3316782576
1.480000000000001,1653002.183862322
1.482000000000001,1652823.0179742852
1.484000000000001,1652643.7733080375
1.486000000000001,1652464.515943048
1.488000000000001,1652285.1815528935
1.490000000000001,1652105.8346645364
1.492000000000001,1651926.4104389444
1.494000000000001,1651746.9258765252
1.496000000000001,1651567.3898141591
1.498000000000001,1651387.8063720397
1.500000000000001,1651208.1778395264
1.5020000000000011,1651028.457974893
1.5040000000000011,1650848.720832836
1.5060000000000011,1650668.953481391
1.5080000000000011,1650489.1384432183
1.5100000000000011,1650309.3601265561
1.5120000000000011,1650129.5441750307
1.5140000000000011,1649949.7406354246
1.5160000000000011,1649769.8737709722
1.5180000000000011,1649590.0010616416
1.5200000000000011,1649410.0541800153
1.5220000000000011,1649230.0483526057
1.5240000000000011,1649049.9917395285
1.5260000000000011,1648869.8881264296
1.5280000000000011,1648689.739000682
1.5300000000000011,1648509.5447634372
1.5320000000000011,1648329.3053782787
1.5340000000000011,1648148.9733389055
1.5360000000000011,1647968.6218748954
1.5380000000000011,1647788.1905453287
1.5400000000000011,1647607.6979708828
1.5420000000000011,1647427.2008381255
1.5440000000000011,1647246.6298664275
1.5460000000000012,1647065.9994335528
1.5480000000000012,1646885.3172127272
1.5500000000000012,1646704.5869428364
1.5520000000000012,1646523.7651602086
1.5540000000000012,1646342.928669777
1.5560000000000012,1646162.0668182885
1.5580000000000012,1645981.1260846218
1.5600000000000012,1645800.176515665
1.5620000000000012,1645619.1563624064
1.5640000000000012,1645438.1308154345
1.5660000000000012,1645257.0356650117
1.5680000000000012,1645075.887731351
1.5700000000000012,1644894.6956489757
1.5720000000000012,1644713.4632858182
1.5740000000000012,1644532.1919780362
1.5760000000000012,1644350.8819623035
1.5780000000000012,1644169.5330286983
1.5800000000000012,1643988.09760151
1.5820000000000012,1643806.64855336
1.5840000000000012,1643625.1255241788
1.5860000000000012,1643443.5941289302
1.5880000000000012,1643261.9904226032
1.5900000000000012,1643080.3312231833
1.5920000000000012,1642898.672398346
1.5940000000000012,1642716.9446931502
1.5960000000000012,1642535.1622916283
1.5980000000000012,1642353.33276076
1.6000000000000012,1642171.4124139477
1.6020000000000012,1641989.4756785338
1.6040000000000012,1641807.5100910151
1.6060000000000012,1641625.4610749707
1.6080000000000012,1641443.397832407
1.6100000000000012,1641261.2585769203
1.6120000000000012,1641079.108271361
1.6140000000000012,1640896.8829851453
1.6160000000000012,1640714.5995298473
1.6180000000000012,1640532.266665966
1.6200000000000012,1640349.8883846595
1.6220000000000012,1640167.4661457436
1.6240000000000012,1639985.0002925934
1.6260000000000012,1639802.4436188221
1.6280000000000012,1639619.868877003
1.6300000000000012,1639437.2631027566
1.6320000000000012,1639254.5717137123
1.6340000000000012,1639071.8167291044
1.6360000000000012,1638889.056596653
1.6380000000000012,1638706.2235205115
1.6400000000000012,1638523.3321196
1.6420000000000012,1638340.3901239857
1.6440000000000012,1638157.4011088407
1.6460000000000012,1637974.3193616995
1.6480000000000012,1637791.2181393069
1.6500000000000012,1637608.0847111857
1.6520000000000012,1637424.864587329
1.6540000000000012,1637241.6267803668
1.6560000000000012,1637058.3097948302
1.6580000000000013,1636874.9314172864
1.6600000000000013,1636691.500823609
1.6620000000000013,1636508.0221760822
1.6640000000000013,1636324.497027592
1.6660000000000013,1636140.9257819941
1.6680000000000013,1635957.308361666
1.6700000000000013,1635773.644600977
1.6720000000000013,1635589.8872809738
1.6740000000000013,1635406.108990793
1.6760000000000013,1635222.249980747
1.6780000000000013,1635038.3286134128
1.6800000000000013,1634854.3542595606
1.6820000000000013,1634670.378167894
1.6840000000000013,1634486.3297555363
1.6860000000000013,1634302.1756654654
1.6880000000000013,1634117.9962011897
1.6900000000000013,1633933.7824852022
1.6920000000000013,1633749.528827644
1.6940000000000013,1633565.185056886
1.6960000000000013,1633380.8222397326
1.6980000000000013,1633196.38009125
1.7000000000000013,1633011.8766894257
1.7020000000000013,1632827.3213338852
1.7040000000000013,1632642.7651463836
1.7060000000000013,1632458.1370845553
1.7080000000000013,1632273.403064214
1.7100000000000013,1632088.6433977038
1.7120000000000013,1631903.8515735585
1.7140000000000013,1631719.0243216627
1.7160000000000013,1631534.1131633744
1.7180000000000013,1631349.1899432281
1.7200000000000013,1631164.194811585
1.7220000000000013,1630979.145913656
1.7240000000000013,1630794.0993755285
1.7260000000000013,1630608.9867092785
1.7280000000000013,1630423.8218005574
1.7300000000000013,1630238.6120707458
1.7320000000000013,1630053.3609251806
1.7340000000000013,1629868.0227220112
1.7360000000000013,1629682.6701929802
1.7380000000000013,1629497.29069562
1.7400000000000013,1629311.8298761654
1.7420000000000013,1629126.3562384292
1.7440000000000013,1628940.8085281271
1.7460000000000013,1628755.2511273515
1.7480000000000013,1628569.6206429144
1.7500000000000013,1628383.933596559
1.7520000000000013,1628198.1986231715
1.7540000000000013,1628012.4196946374
1.7560000000000013,1627826.598251352
1.7580000000000013,1627640.7346509085
1.7600000000000013,1627454.7818997956
1.7620000000000013,1627268.812111783
1.7640000000000013,1627082.765735782
1.7660000000000013,1626896.7076956872
1.7680000000000013,1626710.5748712926
1.7700000000000014,1626524.3837537065
1.7720000000000014,1626338.1898283593
1.7740000000000014,1626151.9247265512
1.7760000000000014,1625965.6023462303
1.7780000000000014,1625779.2301966618
1.7800000000000014,1625592.765024209
1.7820000000000014,1625406.280483858
1.7840000000000014,1625219.764575357
1.7860000000000014,1625033.1632969244
1.7880000000000014,1624846.545056254
1.7900000000000014,1624659.848853827
1.7920000000000014,1624473.0921809126
1.7940000000000014,1624286.2841083137
1.7960000000000014,1624099.428769048
1.7980000000000014,1623912.5277270842
1.8000000000000014,1623725.5813588388
1.8020000000000014,1623538.5895798102
1.8040000000000014,1623351.552215896
1.8060000000000014,1623164.422282018
1.8080000000000014,1622977.2717369874
1.8100000000000014,1622790.0413558884
1.8120000000000014,1622602.795991255
1.8140000000000014,1622415.4728145762
1.8160000000000014,1622228.0883286218
1.8180000000000014,1622040.6512048403
1.8200000000000014,1621853.165467319
1.8220000000000014,1621665.6326585282
1.8240000000000014,1621478.0064777175
1.8260000000000014,1621290.3589603098
1.8280000000000014,1621102.6776482365
1.8300000000000014,1620914.908527046
1.8320000000000014,1620727.0731433684
1.8340000000000014,1620539.2294645044
1.8360000000000014,1620351.310681173
1.8380000000000014,1620163.3310671682
1.8400000000000014,1619975.2983212322
1.8420000000000014,1619787.2160420122
1.8440000000000014,1619599.0390308949
1.8460000000000014,1619410.8396745336
1.8480000000000014,1619222.6057218295
1.8500000000000014,1619034.2832765263
1.8520000000000014,1618845.8938146075
1.8540000000000014,1618657.4952909
1.8560000000000014,1618469.0209754151
1.8580000000000014,1618280.4851257966
1.8600000000000014,1618091.8954216028
1.8620000000000014,1617903.2555298212
1.8640000000000014,1617714.5673679984
1.8660000000000014,1617525.7853198547
1.8680000000000014,1617336.9816920357
1.8700000000000014,1617148.0990200401
1.8720000000000014,1616959.204457533
1.8740000000000014,1616770.237388292
1.8760000000000014,1616581.2153494095
1.8780000000000014,1616392.1942073281
1.8800000000000014,1616203.106333644
1.8820000000000014,1616013.9654611086
1.8840000000000015,1615824.732405138
1.8860000000000015,1615635.4824109066
1.8880000000000015,1615446.2046242885
1.8900000000000015,1615256.892234933
1.8920000000000015,1615067.4949007018
1.8940000000000015,1614878.0824568216
1.8960000000000015,1614688.5952613542
1.8980000000000015,1614499.0509391981
1.9000000000000015,1614309.5051875599
1.9020000000000015,1614119.8903962034
1.9040000000000015,1613930.2201868854
1.9060000000000015,1613740.501943512
1.9080000000000015,1613550.7391478946
1.9100000000000015,1613360.8866167413
1.9120000000000015,1613171.0163381041
1.9140000000000015,1612981.1161368794
1.9160000000000015,1612791.1321794093
1.9180000000000015,1612601.1322391857
1.9200000000000015,1612411.055799504
1.9220000000000015,1612220.920068199
1.9240000000000015,1612030.7340580102
1.9260000000000015,1611840.501887831
1.9280000000000015,1611650.2250909563
1.9300000000000015,1611459.9040514873
1.9320000000000015,1611269.538664751
1.9340000000000015,1611079.1286897887
1.9360000000000015,1610888.6274098938
1.9380000000000015,1610698.1061692531
1.9400000000000015,1610507.506204193
1.9420000000000015,1610316.845369816
1.9440000000000015,1610126.1328768067
1.9460000000000015,1609935.419329957
1.9480000000000015,1609744.6348084142
1.9500000000000015,1609553.7452215608
1.9520000000000015,1609362.8290293065
1.9540000000000015,1609171.8775889946
1.9560000000000015,1608980.8852978176
1.9580000000000015,1608789.8024989965
1.9600000000000015,1608598.6990175936
1.9620000000000015,1608407.5156405044
1.9640000000000015,1608216.2699859361
1.9660000000000015,1608024.971236183
1.9680000000000015,1607833.6235837475
1.9700000000000015,1607642.2286442758
1.9720000000000015,1607450.786829498
1.9740000000000015,1607259.2980987653
1.9760000000000015,1607067.7622435743
1.9780000000000015,1606876.132666334
1.9800000000000015,1606684.4805692914
1.9820000000000015,1606492.7474328808
1.9840000000000015,1606300.9510505304
1.9860000000000015,1606109.1006860514
1.9880000000000015,1605917.2005608275
1.9900000000000015,1605725.252241024
1.9920000000000015,1605533.2561597864
1.9940000000000015,1605341.2122780553
1.9960000000000016,1605149.1204100016
1.9980000000000016,1604956.9340075178
2.0000000000000013,1604764.7242006555
2.002000000000001,1604572.432580832
2.004000000000001,1604380.0769003406
2.0060000000000007,1604187.6664436993
2.0080000000000005,1603995.205423515
2.0100000000000002,1603802.6954627289
2.012,1603610.1369849774
2.014,1603417.5299704063
2.0159999999999996,1603224.874252597
2.0179999999999993,1603032.123340897
2.019999999999999,1602839.3482732375
2.021999999999999,1602646.490729708
2.0239999999999987,1602453.5684801925
2.0259999999999985,1602260.5907777066
2.0279999999999982,1602067.562124353
2.029999999999998,1601874.4860662464
2.031999999999998,1601681.3650570626
2.0339999999999976,1601488.2004425211
2.0359999999999974,1601294.9928026635
2.037999999999997,1601101.6960069626
2.039999999999997,1600908.381341226
2.0419999999999967,1600714.9910334817
2.0439999999999965,1600521.5893743578
2.0459999999999963,1600328.1146681851
2.047999999999996,1600134.5829833476
2.049999999999996,1599941.0028444205
2.0519999999999956,1599747.3781772137
2.0539999999999954,1599553.710485756
2.055999999999995,1599360.0000949563
2.057999999999995,1599166.2006346101
2.0599999999999947,1598972.3828405107
2.0619999999999945,1598778.4883850901
2.0639999999999943,1598584.58100272
2.065999999999994,1598390.5988188805
2.067999999999994,1598196.557738692
2.0699999999999936,1598002.466238499
2.0719999999999934,1597808.3282645394
2.073999999999993,1597614.1453371013
2.075999999999993,1597419.9178330272
2.0779999999999927,1597225.6456646353
2.0799999999999925,1597031.3286122696
2.0819999999999923,1596836.9202216638
2.083999999999992,1596642.4911737705
2.085999999999992,1596447.983317789
2.0879999999999916,1596253.41422031
2.0899999999999914,1596058.839193074
2.091999999999991,1595864.1915638486
2.093999999999991,1595669.4846224017
2.0959999999999908,1595474.6795574848
2.0979999999999905,1595279.8506924903
2.0999999999999903,1595084.9877342575
2.10199999999999,1594890.084136698
2.10399999999999,1594695.0901160042
2.1059999999999897,1594500.0285031376
2.1079999999999894,1594304.9575383775
2.109999999999989,1594109.8120441497
2.111999999999989,1593914.6059293232
2.1139999999999888,1593719.3467685902
2.1159999999999886,1593524.0381216498
2.1179999999999883,1593328.6814461167
2.119999999999988,1593133.2083789657
2.121999999999988,1592937.7244135053
2.1239999999999877,1592742.1658302338
2.1259999999999875,1592546.5928105311
2.1279999999999872,1592350.9420210803
2.129999999999987,1592155.228525037
2.131999999999987,1591959.4605123068
2.1339999999999866,1591763.6419159367
2.1359999999999864,1591567.7743537116
2.137999999999986,1591371.8583006721
2.139999999999986,1591175.893763634
2.1419999999999857,1590979.8345213663
2.1439999999999855,1590783.7510646342
2.1459999999999853,1590587.5855098525
2.147999999999985,1590391.401433617
2.149999999999985,1590195.1750748758
2.1519999999999846,1589998.9378861596
2.1539999999999844,1589802.6867179964
2.155999999999984,1589606.4562222778
2.157999999999984,1589410.165604377
2.1599999999999837,1589213.8195749226
2.1619999999999835,1589017.4210343584
2.1639999999999833,1588820.9255040535
2.165999999999983,1588624.40419799
2.167999999999983,1588427.845792258
2.1699999999999826,1588231.1974125465
2.1719999999999824,1588034.4798503132
2.173999999999982,1587837.7502825398
2.175999999999982,1587640.9434909793
2.1779999999999817,1587444.0731619948
2.1799999999999815,1587247.1468302628
2.1819999999999813,1587050.1681263647
2.183999999999981,1586853.0925807618
2.185999999999981,1586655.991206532
2.1879999999999806,1586458.8078953496
2.1899999999999804,1586261.6078588008
2.19199999999998,1586064.3311626788
2.19399999999998,1585866.994338591
2.1959999999999797,1585669.6062486765
2.1979999999999795,1585472.2170249573
2.1999999999999793,1585274.7119653155
2.201999999999979,1585077.17338266
2.203999999999979,1584879.596543998
2.2059999999999786,1584681.9779550466
2.2079999999999784,1584484.269478908
2.209999999999978,1584286.5401980006
2.211999999999978,1584088.7321296204
2.2139999999999778,1583890.8628247988
2.2159999999999775,1583692.941710919
2.2179999999999773,1583495.0191493703
2.219999999999977,1583297.026577243
2.221999999999977,1583098.9300020388
2.2239999999999767,1582900.806505932
2.2259999999999764,1582702.6479426955
2.227999999999976,1582504.4029502044
2.229999999999976,1582306.1385833556
2.231999999999976,1582107.7958081097
2.2339999999999756,1581909.437142236
2.2359999999999753,1581711.0012404465
2.237999999999975,1581512.5036793088
2.239999999999975,1581313.9528825628
2.2419999999999747,1581115.3528866721
2.2439999999999745,1580916.659392126
2.2459999999999742,1580717.943024287
2.247999999999974,1580519.1923118436
2.249999999999974,1580320.3543299148
2.2519999999999736,1580121.4954245358
2.2539999999999734,1579922.5564373734
2.255999999999973,1579723.5539700582
2.257999999999973,1579524.4969172424
2.2599999999999727,1579325.3894647197
2.2619999999999725,1579126.2332704335
2.2639999999999723,1578927.028778932
2.265999999999972,1578727.730114513
2.267999999999972,1578528.4071930302
2.2699999999999716,1578329.0025783272
2.2719999999999714,1578129.5793065855
2.273999999999971,1577930.0764245684
2.275999999999971,1577730.509515461
2.2779999999999707,1577530.8870469278
2.2799999999999705,1577331.2130526877
2.2819999999999703,1577131.4891530822
2.28399999999997,1576931.7158335254
2.28599999999997,1576731.8472778047
2.2879999999999696,1576531.9533426643
2.2899999999999694,1576331.9767008654
2.291999999999969,1576131.980352239
2.293999999999969,1575931.9034295978
2.2959999999999687,1575731.7615002824
2.2979999999999685,1575531.563043012
2.2999999999999683,1575331.3121156509
2.301999999999968,1575131.0103472585
2.303999999999968,1574930.6124702971
2.3059999999999676,1574730.188427217
2.3079999999999674,1574529.681002435
2.309999999999967,1574329.1531263695
2.311999999999967,1574128.5439944228
2.3139999999999668,1573927.8691571178
2.3159999999999665,1573727.1370630483
2.3179999999999663,1573526.3517548514
2.319999999999966,1573325.5149084919
2.321999999999966,1573124.5813062065
2.3239999999999656,1572923.6208141295
2.3259999999999654,1572722.622025254
2.327999999999965,1572521.5322613874
2.329999999999965,1572320.3719185127
2.3319999999999648,1572119.152033522
2.3339999999999645,1571917.8778888998
2.3359999999999643,1571716.5516173497
2.337999999999964,1571515.1738982035
2.339999999999964,1571313.744792316
2.3419999999999637,1571112.2641480973
2.3439999999999634,1570910.6862457702
2.3459999999999632,1570709.036342039
2.347999999999963,1570507.3743686974
2.349999999999963,1570305.6376231082
2.3519999999999626,1570103.840355709
2.3539999999999623,1569901.9902900811
2.355999999999962,1569700.091154528
2.357999999999962,1569498.1443825997
2.3599999999999617,1569296.1047333237
2.3619999999999615,1569094.0418151892
2.3639999999999612,1568891.9442174667
2.365999999999961,1568689.7592900626
2.367999999999961,1568487.5072311682
2.3699999999999606,1568285.1989931564
2.3719999999999604,1568082.8854058445
2.37399999999996,1567880.4989004692
2.37599999999996,1567678.0056461485
2.3779999999999597,1567475.4820224342
2.3799999999999595,1567272.920220986
2.3819999999999593,1567070.2695933825
2.383999999999959,1566867.5969714096
2.385999999999959,1566664.844169029
2.3879999999999586,1566462.0277228297
2.3899999999999584,1566259.2021431357
2.391999999999958,1566056.3020594984
2.393999999999958,1565853.3402539087
2.3959999999999577,1565650.2783376747
2.3979999999999575,1565447.1893780772
2.3999999999999573,1565244.0636745947
2.401999999999957,1565040.8493710558
2.403999999999957,1564837.6123646072
2.4059999999999566,1564634.2941060627
2.4079999999999564,1564430.9109077929
2.409999999999956,1564227.4715630389
2.411999999999956,1564023.980246618
2.4139999999999557,1563820.4386360194
2.4159999999999555,1563616.847192504
2.4179999999999553,1563413.2058787341
2.419999999999955,1563209.4689839971
2.421999999999955,1563005.7057223092
2.4239999999999546,1562801.8592714
2.4259999999999544,1562597.9466022237
2.427999999999954,1562393.9767776628
2.429999999999954,1562189.9540464655
2.4319999999999538,1561985.8800656751
2.4339999999999535,1561781.7552936047
2.4359999999999533,1561577.5796982942
2.437999999999953,1561373.3075827248
2.439999999999953,1561169.0081127768
2.4419999999999527,1560964.624524493
2.4439999999999524,1560760.2193088944
2.445999999999952,1560555.7321915855
2.447999999999952,1560351.1784880257
2.4499999999999518,1560146.5666079042
2.4519999999999516,1559941.8551261127
2.4539999999999513,1559737.1150022282
2.455999999999951,1559532.3356960516
2.457999999999951,1559327.4650554894
2.4599999999999507,1559122.5686571796
2.4619999999999505,1558917.5881296408
2.4639999999999502,1558712.539740307
2.46599999999995,1558507.4323231156
2.46799999999995,1558302.2701289484
2.4699999999999496,1558097.0548795739
2.4719999999999493,1557891.7871058078
2.473999999999949,1557686.4213828887
2.475999999999949,1557481.0267886491
2.4779999999999487,1557275.5467170323
2.4799999999999485,1557069.9980814399
2.4819999999999482,1556864.3899295467
2.483999999999948,1556658.7265409345
2.485999999999948,1556452.9695951072
2.4879999999999476,1556247.1806044157
2.4899999999999474,1556041.3498501715
2.491999999999947,1555835.4258521504
2.493999999999947,1555629.4744355064
2.4959999999999467,1555423.4375755596
2.4979999999999465,1555217.377000438
2.4999999999999463,1555011.2324730137
2.501999999999946,1554805.0199231165
2.503999999999946,1554598.7491734815
2.5059999999999456,1554392.3801263613
2.5079999999999454,1554185.9843197702
2.509999999999945,1553979.5517099483
2.511999999999945,1553773.0304552775
2.5139999999999447,1553566.4405684057
2.5159999999999445,1553359.8382512233
2.5179999999999443,1553153.1596398142
2.519999999999944,1552946.417743447
2.521999999999944,1552739.6198452164
2.5239999999999436,1552532.7694675513
2.5259999999999434,1552325.8227606365
2.527999999999943,1552118.8491545017
2.529999999999943,1551911.7923755532
2.5319999999999427,1551704.7145772008
2.5339999999999425,1551497.5557460121
2.5359999999999423,1551290.330982269
2.537999999999942,1551083.0485880733
2.539999999999942,1550875.7125727546
2.5419999999999416,1550668.3245960209
2.5439999999999414,1550460.8851455946
2.545999999999941,1550253.3943411966
2.547999999999941,1550045.807033973
2.5499999999999408,1549838.1469207336
2.5519999999999405,1549630.4720136153
2.5539999999999403,1549422.7194329705
2.55599999999994,1549214.9024276745
2.55799999999994,1549007.0283428906
2.5599999999999397,1548799.1007180715
2.5619999999999394,1548591.0757340344
2.563999999999939,1548383.0226753566
2.565999999999939,1548174.9306541397
2.5679999999999388,1547966.747606549
2.5699999999999386,1547758.4933125565
2.5719999999999383,1547550.1786476248
2.573999999999938,1547341.8540639824
2.575999999999938,1547133.407672789
2.5779999999999377,1546924.9197423747
2.5799999999999375,1546716.386113298
2.5819999999999372,1546507.8035325306
2.583999999999937,1546299.1246550197
2.585999999999937,1546090.4170594786
2.5879999999999366,1545881.6240710432
2.5899999999999364,1545672.7622527455
2.591999999999936,1545463.840530453
2.593999999999936,1545254.8631932891
2.5959999999999357,1545045.831948712
2.5979999999999355,1544836.7020726455
2.5999999999999353,1544627.5422909148
2.601999999999935,1544418.29641382
2.603999999999935,1544209.0263489664
2.6059999999999346,1543999.6723458653
2.6079999999999344,1543790.249447068
2.609999999999934,1543580.7659682
2.611999999999934,1543371.2259693965
2.6139999999999337,1543161.6311310143
2.6159999999999335,1542951.9368150912
2.6179999999999333,1542742.2117001784
2.619999999999933,1542532.3996982335
2.621999999999933,1542322.5626851448
2.6239999999999326,1542112.6410209911
2.6259999999999324,1541902.649710291
2.627999999999932,1541692.5970749038
2.629999999999932,1541482.4871927511
2.6319999999999317,1541272.2765920036
2.6339999999999315,1541062.034426883
2.6359999999999313,1540851.7048403376
2.637999999999931,1540641.3496801583
2.639999999999931,1540430.909369941
2.6419999999999306,1540220.3988808836
2.6439999999999304,1540009.8265002777
2.64599999999993,1539799.1963042626
2.64799999999993,1539588.5100008287
2.6499999999999297,1539377.723021838
2.6519999999999295,1539166.903923322
2.6539999999999293,1538955.9967916422
2.655999999999929,1538745.0633941141
2.657999999999929,1538534.0449376896
2.6599999999999286,1538322.9576055233
2.6619999999999284,1538111.810684415
2.663999999999928,1537900.608847933
2.665999999999928,1537689.3090193777
2.6679999999999278,1537477.9802965515
2.6699999999999275,1537266.5669839128
2.6719999999999273,1537055.1307680935
2.673999999999927,1536843.6121198237
2.675999999999927,1536632.0258711225
2.6779999999999267,1536420.3802519161
2.6799999999999264,1536208.6792606895
2.681999999999926,1535996.9245356037
2.683999999999926,1535785.071520569
2.685999999999926,1535573.1885727644
2.6879999999999256,1535361.2198326353
2.6899999999999253,1535149.2268693731
2.691999999999925,1534937.1502626427
2.693999999999925,1534725.0048521103
2.6959999999999247,1534512.7988973986
2.6979999999999245,1534300.536435981
2.6999999999999242,1534088.219138189
2.701999999999924,1533875.8024837552
2.703999999999924,1533663.3547922755
2.7059999999999236,1533450.820286361
2.7079999999999234,1533238.2156959844
2.709999999999923,1533025.6380746819
2.711999999999923,1532813.0352582228
2.7139999999999227,1532600.407052453
2.7159999999999225,1532387.7900019558
2.7179999999999223,1532175.107543014
2.719999999999922,1531962.3193416998
2.721999999999922,1531749.4965699085
2.7239999999999216,1531536.6302658208
2.7259999999999214,1531323.669662686
2.727999999999921,1531110.6796373127
2.729999999999921,1530897.6029547174
2.7319999999999207,1530684.455488424
2.7339999999999205,1530471.245967966
2.7359999999999203,1530257.9786249364
2.73799999999992,1530044.6552145502
2.73999999999992,1529831.276271092
2.7419999999999196,1529617.841803854
2.7439999999999194,1529404.3067103168
2.745999999999919,1529190.693954599
2.747999999999919,1528977.0609800937
2.7499999999999187,1528763.3456454899
2.7519999999999185,1528549.560900234
2.7539999999999183,1528335.6690827673
2.755999999999918,1528121.7418477826
2.757999999999918,1527907.7702112645
2.7599999999999176,1527693.7032107355
2.7619999999999174,1527479.605384366
2.763999999999917,1527265.419493433
2.765999999999917,1527051.1612498763
2.7679999999999167,1526836.8393674365
2.7699999999999165,1526622.4580845148
2.7719999999999163,1526408.0191622225
2.773999999999916,1526193.4782734893
2.775999999999916,1525978.9034500357
2.7779999999999156,1525764.2391863978
2.7799999999999154,1525549.501901956
2.781999999999915,1525334.7454126657
2.783999999999915,1525119.906010261
2.7859999999999148,1524904.9510329277
2.7879999999999145,1524689.9554671496
2.7899999999999143,1524474.9124350364
2.791999999999914,1524259.7721405448
2.793999999999914,1524044.599502075
2.7959999999999137,1523829.3375766126
2.7979999999999134,1523614.002145595
2.7999999999999132,1523398.6018934995
2.801999999999913,1523183.1410791932
2.803999999999913,1522967.6214568699
2.8059999999999126,1522751.9987637582
2.8079999999999123,1522536.3409193319
2.809999999999912,1522320.592557172
2.811999999999912,1522104.8153178266
2.8139999999999117,1521888.9513173187
2.8159999999999115,1521673.0161613298
2.8179999999999112,1521457.0186653887
2.819999999999911,1521240.91840105
2.821999999999911,1521024.7850610572
2.8239999999999106,1520808.608823137
2.8259999999999104,1520592.3384152537
2.82799999999991,1520375.9931448186
2.82999999999991,1520159.5836657474
2.8319999999999097,1519943.1151750055
2.8339999999999095,1519726.5898206956
2.8359999999999093,1519510.008302359
2.837999999999909,1519293.3706164935
2.839999999999909,1519076.6317892342
2.8419999999999086,1518859.85935465
2.8439999999999084,1518642.9979491977
2.845999999999908,1518426.0638677329
2.847999999999908,1518209.0660161762
2.8499999999999077,1517992.0086714332
2.8519999999999075,1517774.89355687
2.8539999999999073,1517557.7211928286
2.855999999999907,1517340.4468098492
2.857999999999907,1517123.137927735
2.8599999999999066,1516905.719410068
2.8619999999999064,1516688.2375294883
2.863999999999906,1516470.6966689546
2.865999999999906,1516253.0984549022
2.8679999999999057,1516035.4432942776
2.8699999999999055,1515817.7310854767
2.8719999999999053,1515599.9168843033
2.873999999999905,1515382.0680631555
2.875999999999905,1515164.129376614
2.8779999999999046,1514946.117090859
2.8799999999999044,1514728.040085425
2.881999999999904,1514509.9026430387
2.883999999999904,1514291.7065240878
2.8859999999999038,1514073.4075281972
2.8879999999999035,1513855.0732143167
2.8899999999999033,1513636.6484285456
2.891999999999903,1513418.194107674
2.893999999999903,1513199.6515234646
2.8959999999999027,1512981.0352416476
2.8979999999999024,1512762.3534448831
2.899999999999902,1512543.610171203
2.901999999999902,1512324.7624751455
2.9039999999999018,1512105.8784243453
2.9059999999999016,1511886.9031226228
2.9079999999999013,1511667.852830452
2.909999999999901,1511448.7364234717
2.911999999999901,1511229.5581350378
2.9139999999999007,1511010.3197137471
2.9159999999999004,1510791.0216739425
2.9179999999999002,1510571.6640235158
2.9199999999999,1510352.2019452234
2.9219999999999,1510132.65806184
2.9239999999998996,1509913.0894160196
2.9259999999998993,1509693.4345664664
2.927999999999899,1509473.706230248
2.929999999999899,1509253.8669795673
2.9319999999998987,1509033.9878277115
2.9339999999998985,1508814.0601067506
2.9359999999998982,1508594.0332653637
2.937999999999898,1508373.9266144598
2.939999999999898,1508153.795495808
2.9419999999998976,1507933.5777993957
2.9439999999998974,1507713.241339514
2.945999999999897,1507492.8606252181
2.947999999999897,1507272.4290543136
2.9499999999998967,1507051.8972196819
2.9519999999998965,1506831.3294674198
2.9539999999998963,1506610.669368277
2.955999999999896,1506389.932439123
2.957999999999896,1506169.1273397768
2.9599999999998956,1505948.2583198335
2.9619999999998954,1505727.327191711
2.963999999999895,1505506.2900602124
2.965999999999895,1505285.1705301555
2.9679999999998947,1505064.0264734274
2.9699999999998945,1504842.797208997
2.9719999999998943,1504621.4957197318
2.973999999999894,1504400.1293192415
2.975999999999894,1504178.7016342496
2.9779999999998936,1503957.1696242325
2.9799999999998934,1503735.6009908686
2.981999999999893,1503513.941054778
2.983999999999893,1503292.2504753766
2.9859999999998927,1503070.470856219
2.9879999999998925,1502848.6165478153
2.9899999999998923,1502626.6956773465
2.991999999999892,1502404.6677185388
2.993999999999892,1502182.6015709138
2.9959999999998916,1501960.4431476777
2.9979999999998914,1501738.2532433823
2.999999999999891,1501515.9735837774
3.001999999999891,1501293.618477025
3.0039999999998908,1501071.1960275238
3.0059999999998905,1500848.7102556627
3.0079999999998903,1500626.118358592
3.00999999999989,1500403.4879976145
3.01199999999989,1500180.7646274245
3.0139999999998897,1499958.008829677
3.0159999999998894,1499735.162344365
3.017999999999889,1499512.2395994102
3.019999999999889,1499289.2489323325
3.0219999999998888,1499066.1500867256
3.0239999999998886,1498843.0119489173
3.0259999999998883,1498619.7806236816
3.027999999999888,1498396.5168433064
3.029999999999888,1498173.1624272666
3.0319999999998877,1497949.7316847981
3.0339999999998875,1497726.232684047
3.0359999999998872,1497502.6694308843
3.037999999999887,1497278.9991962828
3.039999999999887,1497055.289524468
3.0419999999998866,1496831.4859834462
3.0439999999998864,1496607.6490547934
3.045999999999886,1496383.720561992
3.047999999999886,1496159.7148026694
3.0499999999998857,1495935.595437157
3.0519999999998855,1495711.433488665
3.0539999999998853,1495487.2206549698
3.055999999999885,1495262.9067257324
3.057999999999885,1495038.5107759675
3.0599999999998846,1494814.0878606183
3.0619999999998844,1494589.5763001763
3.063999999999884,1494364.9883324464
3.065999999999884,1494140.2866156178
3.0679999999998837,1493915.5416572797
3.0699999999998835,1493690.7006247793
3.0719999999998833,1493465.8246189994
3.073999999999883,1493240.8558022697
3.075999999999883,1493015.8084880598
3.0779999999998826,1492790.690779715
3.0799999999998824,1492565.4623005597
3.081999999999882,1492340.1916728192
3.083999999999882,1492114.8694756317
3.0859999999998817,1491889.4450615682
3.0879999999998815,1491663.9372626496
3.0899999999998813,1491438.3566848913
3.091999999999881,1491212.708599162
3.093999999999881,1490986.9952699794
3.0959999999998806,1490761.2174685649
3.0979999999998804,1490535.3309430003
3.09999999999988,1490309.3580203822
3.10199999999988,1490083.35533478
3.1039999999998797,1489857.2621187193
3.1059999999998795,1489631.0908246948
3.1079999999998793,1489404.8042565088
3.109999999999879,1489178.47273861
3.111999999999879,1488952.0879279783
3.1139999999998786,1488725.5997034279
3.1159999999998784,1488499.0275082814
3.117999999999878,1488272.382770046
3.119999999999878,1488045.6713889805
3.1219999999998778,1487818.896025188
3.1239999999998775,1487592.0576387562
3.1259999999998773,1487365.1120769635
3.127999999999877,1487138.0815693752
3.129999999999877,1486911.0227015752
3.1319999999998767,1486683.8747299544
3.1339999999998764,1486456.6500110289
3.135999999999876,1486229.355602576
3.137999999999876,1486001.9507576206
3.139999999999876,1485774.5036414189
3.1419999999998756,1485546.9605646138
3.1439999999998753,1485319.3818909677
3.145999999999875,1485091.7097980566
3.147999999999875,1484863.9584163926
3.1499999999998747,1484636.0915182424
3.1519999999998745,1484408.1797249673
3.1539999999998742,1484180.2148929504
3.155999999999874,1483952.1470119639
3.157999999999874,1483723.994974413
3.1599999999998736,1483495.7693473208
3.1619999999998734,1483267.4753701396
3.163999999999873,1483039.1152880767
3.165999999999873,1482810.689858461
3.1679999999998727,1482582.155064488
3.1699999999998725,1482353.5774846885
3.1719999999998723,1482124.9029507074
3.173999999999872,1481896.14735545
3.175999999999872,1481667.3195346687
3.1779999999998716,1481438.4237768815
3.1799999999998714,1481209.4618885762
3.181999999999871,1480980.3901774858
3.183999999999871,1480751.2751622319
3.1859999999998707,1480522.0626294545
3.1879999999998705,1480292.7683805807
3.1899999999998703,1480063.401161848
3.19199999999987,1479833.9652548325
3.19399999999987,1479604.418250861
3.1959999999998696,1479374.8271636898
3.1979999999998694,1479145.1380019432
3.199999999999869,1478915.454936989
3.201999999999869,1478685.7321188315
3.2039999999998687,1478455.9710636686
3.2059999999998685,1478226.2081481493
3.2079999999998683,1477996.3687448506
3.209999999999868,1477766.4124413258
3.211999999999868,1477536.4081048581
3.2139999999998676,1477306.3473860966
3.2159999999998674,1477076.1805920887
3.217999999999867,1476845.9266564802
3.219999999999867,1476615.5963381808
3.2219999999998667,1476385.194994817
3.2239999999998665,1476154.7249671551
3.2259999999998663,1475924.1870208713
3.227999999999866,1475693.5371475755
3.229999999999866,1475462.841517116
3.2319999999998656,1475232.0460526235
3.2339999999998654,1475001.166494466
3.235999999999865,1474770.2116325034
3.237999999999865,1474539.185786518
3.2399999999998648,1474308.0466615795
3.2419999999998645,1474076.8611106214
3.2439999999998643,1473845.575350082
3.245999999999864,1473614.2051483176
3.247999999999864,1473382.7592499813
3.2499999999998637,1473151.2419339702
3.2519999999998634,1472919.6550192279
3.2539999999998632,1472687.9549576028
3.255999999999863,1472456.1639214996
3.257999999999863,1472224.3382879628
3.2599999999998626,1471992.4178617059
3.2619999999998623,1471760.4148754703
3.263999999999862,1471528.292509317
3.265999999999862,1471296.1211848152
3.2679999999998617,1471063.8933857232
3.2699999999998615,1470831.5597462018
3.2719999999998612,1470599.1391544533
3.273999999999861,1470366.6422457201
3.275999999999861,1470134.0743204325
3.2779999999998606,1469901.4376470442
3.2799999999998604,1469668.6888999392
3.28199999999986,1469435.8942491217
3.28399999999986,1469202.9998061692
3.2859999999998597,1468970.0211847026
3.2879999999998595,1468736.9670849384
3.2899999999998593,1468503.8417738318
3.291999999999859,1468270.6470380502
3.293999999999859,1468037.3393801402
3.2959999999998586,1467803.940863206
3.2979999999998584,1467570.5077539992
3.299999999999858,1467336.979961886
3.301999999999858,1467103.3696133418
3.3039999999998577,1466869.6396965608
3.3059999999998575,1466635.8597979401
3.3079999999998573,1466401.977826954
3.309999999999857,1466168.0541214761
3.311999999999857,1465934.0316617528
3.3139999999998566,1465699.924539423
3.3159999999998564,1465465.740870636
3.317999999999856,1465231.440745125
3.319999999999856,1464997.0919667087
3.3219999999998557,1464762.64151466
3.3239999999998555,1464528.1052670756
3.3259999999998553,1464293.4919769159
3.327999999999855,1464058.8058838968
3.329999999999855,1463824.04877656
3.3319999999998546,1463589.2211765628
3.3339999999998544,1463354.2791067038
3.335999999999854,1463119.2443610586
3.337999999999854,1462884.1291020561
3.3399999999998538,1462648.9393553778
3.3419999999998535,1462413.6776691098
3.3439999999998533,1462178.3448769508
3.345999999999853,1461942.8970782973
3.347999999999853,1461707.4000199686
3.3499999999998527,1461471.799918755
3.3519999999998524,1461236.112360763
3.353999999999852,1461000.346042136
3.355999999999852,1460764.4613247996
3.3579999999998518,1460528.5259250728
3.3599999999998515,1460292.48693711
3.3619999999998513,1460056.4040858785
3.363999999999851,1459820.2202701094
3.365999999999851,1459583.90536288
3.3679999999998507,1459347.533146781
3.3699999999998504,1459111.0981354911
3.3719999999998502,1458874.5520165162
3.37399999999985,1458637.913838725
3.37599999999985,1458401.238238814
3.3779999999998496,1458164.4208288954
3.3799999999998493,1457927.539202597
3.381999999999849,1457690.5907879747
3.383999999999849,1457453.5290966227
3.3859999999998487,1457216.4180351207
3.3879999999998485,1456979.2030217675
3.3899999999998482,1456741.8990931301
3.391999999999848,1456504.4708611981
3.393999999999848,1456266.9883496142
3.3959999999998476,1456029.4438807273
3.3979999999998474,1455791.7880483011
3.399999999999847,1455554.0392904228
3.401999999999847,1455316.2080711483
3.4039999999998467,1455078.2996833383
3.4059999999998465,1454840.2725393611
3.4079999999998463,1454602.1931392497
3.409999999999846,1454364.0084484494
3.411999999999846,1454125.7345610566
3.4139999999998456,1453887.3806579078
3.4159999999998454,1453648.9513840943
3.417999999999845,1453410.448710624
3.419999999999845,1453171.8294226862
3.4219999999998447,1452933.1592354064
3.4239999999998445,1452694.3846757147
3.4259999999998443,1452455.5211776253
3.427999999999844,1452216.5774035286
3.429999999999844,1451977.5576369197
3.4319999999998436,1451738.4198320995
3.4339999999998434,1451499.2301666255
3.435999999999843,1451259.935397608
3.437999999999843,1451020.5509774855
3.4399999999998427,1450781.0855839779
3.4419999999998425,1450541.4996505063
3.4439999999998423,1450301.8605526355
3.445999999999842,1450062.1155954173
3.447999999999842,1449822.3242684233
3.4499999999998416,1449582.4296745812
3.4519999999998414,1449342.4455111742
3.453999999999841,1449102.3359660269
3.455999999999841,1448862.1707316374
3.4579999999998408,1448621.8984769792
3.4599999999998405,1448381.53546709
3.4619999999998403,1448141.1344406502
3.46399999999984,1447900.5904358423
3.46599999999984,1447659.9801416812
3.4679999999998397,1447419.3008088076
3.4699999999998394,1447178.5060174188
3.471999999999839,1446937.6155616825
3.473999999999839,1446696.6406021898
3.4759999999998388,1446455.5866514544
3.4779999999998386,1446214.4560684194
3.4799999999998383,1445973.249626382
3.481999999999838,1445731.923645243
3.483999999999838,1445490.4996449116
3.4859999999998377,1445248.9897352215
3.4879999999998375,1445007.3999061435
3.4899999999998372,1444765.7327412942
3.491999999999837,1444523.9453548559
3.493999999999837,1444282.1032424245
3.4959999999998366,1444040.153150647
3.4979999999998364,1443798.110402313
3.499999999999836,1443555.9836587335
3.501999999999836,1443313.7771994735
3.5039999999998357,1443071.4491291435
3.5059999999998355,1442829.0217131795
3.5079999999998353,1442586.5510208244
3.509999999999835,1442343.977769872
3.511999999999835,1442101.2701424104
3.5139999999998346,1441858.50040204
3.5159999999998344,1441615.619077849
3.517999999999834,1441372.6869758368
3.519999999999834,1441129.6481448694
3.5219999999998337,1440886.51645144
3.5239999999998335,1440643.2998530485
3.5259999999998333,1440399.9586922429
3.527999999999833,1440156.5600617975
3.529999999999833,1439913.0515638262
3.5319999999998326,1439669.4487957498
3.5339999999998324,1439425.7604807646
3.535999999999832,1439181.9909350888
3.537999999999832,1438938.0983228665
3.5399999999998317,1438694.148474452
3.5419999999998315,1438450.0884794362
3.5439999999998313,1438205.9337141076
3.545999999999831,1437961.6928337303
3.547999999999831,1437717.3264824976
3.5499999999998306,1437472.9017497152
3.5519999999998304,1437228.3663375897
3.55399999999983,1436983.7361810298
3.55599999999983,1436739.0204497091
3.5579999999998297,1436494.2237695416
3.5599999999998295,1436249.3481639414
3.5619999999998293,1436004.3506442963
3.563999999999829,1435759.2964838664
3.565999999999829,1435514.1326293782
3.5679999999998286,1435268.8743365342
3.5699999999998284,1435023.486613156
3.571999999999828,1434778.038907123
3.573999999999828,1434532.480187275
3.5759999999998278,1434286.8701363935
3.5779999999998275,1434041.152456458
3.5799999999998273,1433795.3407114854
3.581999999999827,1433549.3991411228
3.583999999999827,1433303.396869428
3.5859999999998267,1433057.2828031022
3.5879999999998264,1432811.0730108179
3.589999999999826,1432564.7764200848
3.591999999999826,1432318.3974827705
3.593999999999826,1432071.9380890192
3.5959999999998256,1431825.3552461455
3.5979999999998253,1431578.6704910537
3.599999999999825,1431331.9395055606
3.601999999999825,1431085.0596648864
3.6039999999998247,1430838.1078080623
3.6059999999998245,1430591.0816087252
3.6079999999998242,1430343.9350037002
3.609999999999824,1430096.687569793
3.611999999999824,1429849.3503603977
3.6139999999998236,1429601.9288901447
3.6159999999998234,1429354.4255237174
3.617999999999823,1429106.7975030008
3.619999999999823,1428859.1098982731
3.6219999999998227,1428611.3098296092
3.6239999999998225,1428363.4124804647
3.6259999999998223,1428115.382908
3.627999999999822,1427867.2904142528
3.629999999999822,1427619.1794705046
3.6319999999998216,1427371.0070719407
3.6339999999998214,1427122.8204059217
3.635999999999821,1426874.5487153425
3.637999999999821,1426626.1942019956
3.6399999999998207,1426377.7575223257
3.6419999999998205,1426129.1952044987
3.6439999999998203,1425880.571943396
3.64599999999982,1425631.834883037
3.64799999999982,1425382.9991939093
3.6499999999998196,1425134.0735314225
3.6519999999998194,1424885.0622517162
3.653999999999819,1424635.923767758
3.655999999999819,1424386.723608051
3.6579999999998187,1424137.4092279733
3.6599999999998185,1423887.995874221
3.6619999999998183,1423638.4921848201
3.663999999999818,1423388.8590035855
3.665999999999818,1423139.1630307701
3.6679999999998176,1422889.352300204
3.6699999999998174,1422639.4422600837
3.671999999999817,1422389.4415738385
3.673999999999817,1422139.3545508161
3.6759999999998167,1421889.139586979
3.6779999999998165,1421638.818627393
3.6799999999998163,1421388.4474504914
3.681999999999816,1421137.9239103864
3.683999999999816,1420887.3245230287
3.6859999999998156,1420636.64708655
3.6879999999998154,1420385.8457134825
3.689999999999815,1420134.9398830456
3.691999999999815,1419883.9407993695
3.6939999999998148,1419632.8543983703
3.6959999999998145,1419381.683455511
3.6979999999998143,1419130.3855846508
3.699999999999814,1418878.9823186388
3.701999999999814,1418627.4858197235
3.7039999999998137,1418375.9021545998
3.7059999999998134,1418124.2339046297
3.7079999999998132,1417872.438500662
3.709999999999813,1417620.5807563704
3.711999999999813,1417368.608023798
3.7139999999998126,1417116.5353476857
3.7159999999998123,1416864.3712897773
3.717999999999812,1416612.076753241
3.719999999999812,1416359.6748967695
3.7219999999998117,1416107.2220078718
3.7239999999998115,1415854.6598431647
3.7259999999998112,1415601.9567660487
3.727999999999811,1415349.1843052981
3.729999999999811,1415096.293613163
3.7319999999998106,1414843.3449375376
3.7339999999998104,1414590.2829774537
3.73599999999981,1414337.0779330842
3.73799999999981,1414083.802332365
3.7399999999998097,1413830.451218156
3.7419999999998095,1413576.9770480122
3.7439999999998093,1413323.3982408997
3.745999999999809,1413069.725364305
3.747999999999809,1412815.9204174147
3.7499999999998086,1412562.0503489831
3.7519999999998084,1412308.063640602
3.753999999999808,1412053.9756862707
3.755999999999808,1411799.7951485377
3.7579999999998077,1411545.5263460104
3.7599999999998075,1411291.1711617021
3.7619999999998073,1411036.6868513066
3.763999999999807,1410782.0947066047
3.765999999999807,1410527.4068295883
3.7679999999998066,1410272.6293564013
3.7699999999998064,1410017.721628475
3.771999999999806,1409762.7491110866
3.773999999999806,1409507.6596951068
3.7759999999998057,1409252.4684911661
3.7779999999998055,1408997.184124004
3.7799999999998053,1408741.7676506636
3.781999999999805,1408486.2854949934
3.783999999999805,1408230.6860770679
3.7859999999998046,1407974.9847543924
3.7879999999998044,1407719.1902435704
3.789999999999804,1407463.2636063134
3.791999999999804,1407207.2712433187
3.7939999999998038,1406951.1616064052
3.7959999999998035,1406694.9500289985
3.7979999999998033,1406438.6452212676
3.799999999999803,1406182.251573731
3.801999999999803,1405925.7277558488
3.8039999999998027,1405669.0956069212
3.8059999999998024,1405412.3674896937
3.807999999999802,1405155.5496329502
3.809999999999802,1404898.644784947
3.8119999999998018,1404641.6106633053
3.8139999999998015,1404384.511889196
3.8159999999998013,1404127.2962274593
3.817999999999801,1403869.9787734326
3.819999999999801,1403612.5249313896
3.8219999999998007,1403355.0035527095
3.8239999999998004,1403097.3645164
3.8259999999998002,1402839.6238274516
3.8279999999998,1402581.7907534563
3.8299999999998,1402323.8700991354
3.8319999999997996,1402065.8640744826
3.8339999999997993,1401807.7302745238
3.835999999999799,1401549.4899952475
3.837999999999799,1401291.15544522
3.8399999999997987,1401032.7328198173
3.8419999999997985,1400774.1816866081
3.8439999999997982,1400515.5673872542
3.845999999999798,1400256.8381108264
3.847999999999798,1399998.008999977
3.8499999999997976,1399739.0888070883
3.8519999999997974,1399480.038853754
3.853999999999797,1399220.925518292
3.855999999999797,1398961.6975584328
3.8579999999997967,1398702.3703825586
3.8599999999997965,1398442.9528317023
3.8619999999997963,1398183.4494396704
3.863999999999796,1397923.819077127
3.865999999999796,1397664.0836310494
3.8679999999997956,1397404.2988131742
3.8699999999997954,1397144.3635986329
3.871999999999795,1396884.3539701672
3.873999999999795,1396624.2681843298
3.8759999999997947,1396364.061011318
3.8779999999997945,1396103.7519406746
3.8799999999997943,1395843.3523055797
3.881999999999794,1395582.8680303514
3.883999999999794,1395322.3019361603
3.8859999999997936,1395061.6120550986
3.8879999999997934,1394800.8199357737
3.889999999999793,1394539.9380216943
3.891999999999793,1394278.9728378502
3.8939999999997927,1394017.9274975094
3.8959999999997925,1393756.7602376335
3.8979999999997923,1393495.5358385073
3.899999999999792,1393234.2027293984
3.901999999999792,1392972.7763232528
3.9039999999997916,1392711.2225991408
3.9059999999997914,1392449.610633365
3.907999999999791,1392187.8910416812
3.909999999999791,1391926.123347992
3.9119999999997908,1391664.2529852928
3.9139999999997905,1391402.2938542485
3.9159999999997903,1391140.2113072895
3.91799999999979,1390878.0742827787
3.91999999999979,1390615.8335593466
3.9219999999997897,1390353.5488448462
3.9239999999997894,1390091.1658522938
3.925999999999789,1389828.6556084212
3.927999999999789,1389566.0909788897
3.9299999999997888,1389303.46834445
3.9319999999997886,1389040.7416496756
3.9339999999997883,1388777.9302751203
3.935999999999788,1388515.045984564
3.937999999999788,1388252.0955071542
3.9399999999997877,1387989.0826562257
3.9419999999997875,1387726.0097748684
3.9439999999997872,1387462.8354980564
3.945999999999787,1387199.6253988813
3.947999999999787,1386936.3292369593
3.9499999999997866,1386672.9637641818
3.9519999999997864,1386409.539564344
3.953999999999786,1386146.0632952636
3.955999999999786,1385882.5394070677
3.9579999999997857,1385618.9281574765
3.9599999999997855,1385355.29634704
3.9619999999997852,1385091.5949017527
3.963999999999785,1384827.841655261
3.965999999999785,1384564.0914821743
3.9679999999997846,1384300.2882456542
3.9699999999997844,1384036.4463599864
3.971999999999784,1383772.5764534874
3.973999999999784,1383508.68652561
3.9759999999997837,1383244.740015671
3.9779999999997835,1382980.806775938
3.9799999999997833,1382716.8841005259
3.981999999999783,1382452.9724482875
3.983999999999783,1382189.0753311366
3.9859999999997826,1381925.1555887845
3.9879999999997824,1381661.2848817091
3.989999999999782,1381397.4638147312
3.991999999999782,1381133.6973078668
3.9939999999997817,1380869.9942170142
3.9959999999997815,1380606.366782029
3.9979999999997813,1380342.8733106446
3.999999999999781,1380079.4682347623
4.001999999999781,1379816.224819362
4.003999999999781,1379553.153667004
4.005999999999781,1379290.3196018324
4.007999999999781,1379027.7341978464
4.00999999999978,1378765.5152181138
4.01199999999978,1378503.747392792
4.01399999999978,1378242.456175796
4.01599999999978,1377981.7900124576
4.0179999999997795,1377721.864211631
4.019999999999779,1377462.9513578385
4.021999999999779,1377205.3703140474
4.023999999999779,1376949.9189645175
4.025999999999779,1376699.468569801
4.027999999999778,1193676.8670140347
4.029999999999778,1001762.7381828106
4.031999999999778,848877.372431745
4.033999999999778,738066.0243810525
4.0359999999997775,660805.5614166594
4.037999999999777,609946.8399049621
4.039999999999777,577539.7564914916
4.041999999999777,557189.1323253463
4.043999999999777,544467.0046922714
4.045999999999776,536482.6916721036
4.047999999999776,531398.1845524817
4.049999999999776,528065.9154286077
4.051999999999776,525780.174427698
4.053999999999776,524112.94078013266
4.055999999999775,522807.8272881819
4.057999999999775,521713.14644882025
4.059999999999775,520740.04164915823
4.061999999999775,519837.10012328596
4.0639999999997745,518974.77701881883
4.065999999999774,518136.291856105
4.067999999999774,517312.22117838083
4.069999999999774,516497.2824406807
4.071999999999774,515688.5123966996
4.073999999999773,514884.27552901115
4.075999999999773,514083.6441127379
4.077999999999773,513286.0878041775
4.079999999999773,512491.27539488435
4.0819999999997725,511699.0088331085
4.083999999999772,510909.11839368375
4.085999999999772,510121.518864645
4.087999999999772,509336.0827213451
4.089999999999772,508552.72624740563
4.091999999999771,507771.37069469324
4.093999999999771,506991.94141931005
4.095999999999771,506214.36833418335
4.097999999999771,505438.5856533769
4.0999999999997705,504664.5317272438
4.10199999999977,504871.43400252797
4.10399999999977,504742.61124714377
4.10599999999977,504401.89816615963
4.10799999999977,503930.72704549663
4.109999999999769,503380.9602709377
4.111999999999769,502784.82386327785
4.113999999999769,502161.94801619026
4.115999999999769,501524.0929409053
4.1179999999997685,500878.1983362574
4.119999999999768,500228.3041030822
4.121999999999768,499576.7329306617
4.123999999999768,498924.805240495
4.125999999999768,498273.26429390913
4.127999999999767,497622.51688890945
4.129999999999767,496972.7888964372
4.131999999999767,496324.1989332397
4.133999999999767,495676.8087489889
4.1359999999997665,495030.6526896424
4.137999999999766,494385.7408322207
4.139999999999766,493742.08211321314
4.141999999999766,493099.67631818
4.143999999999766,492458.518427778
4.145999999999765,491818.60923020606
4.147999999999765,491179.9446804556
4.149999999999765,490542.5205455657
4.151999999999765,489906.3353513897
4.1539999999997645,489271.3811771087
4.155999999999764,488637.6543586817
4.157999999999764,488005.15377149463
4.159999999999764,487373.87179811375
4.161999999999764,486743.8050581423
4.1639999999997634,486114.9523162581
4.165999999999763,485487.30883991125
4.167999999999763,484860.86768418207
4.169999999999763,484235.62795370596
4.171999999999763,483611.58522112103
4.173999999999762,482988.73508131196
4.175999999999762,482367.0712018665
4.177999999999762,481746.5928503886
4.179999999999762,481127.29562089336
4.1819999999997615,480509.17533354764
4.183999999999761,479892.22800139425
4.185999999999761,479276.44961955276
4.187999999999761,478661.8383889001
4.189999999999761,478048.38746789686
4.19199999999976,477436.09337044717
4.19399999999976,476824.95244935545
4.19599999999976,476214.96103597526
4.19799999999976,475606.115354973
4.1999999999997595,474998.41371474095
4.201999999999759,474391.8495563026
4.203999999999759,473786.4194629509
4.205999999999759,473182.12179368
4.207999999999759,472578.95024104934
4.209999999999758,471976.90153826505
4.211999999999758,471375.9739225412
4.213999999999758,470776.1613260266
4.215999999999758,470177.46044552664
4.2179999999997575,469579.8695191002
4.219999999999757,468983.3828004299
4.221999999999757,468387.9968125205
4.223999999999757,467793.7097699355
4.225999999999757,467200.51612612314
4.227999999999756,466608.4124633476
4.229999999999756,466017.39686693635
4.231999999999756,465427.4638717254
4.233999999999756,464838.61016569374
4.2359999999997555,464250.8325266633
4.237999999999755,463664.12882310955
4.239999999999755,463078.49376024056
4.241999999999755,462493.9240339561
4.243999999999755,461910.4162994499
4.245999999999754,461327.96732490644
4.247999999999754,460746.574790417
4.249999999999754,460166.23368159955
4.251999999999754,459586.9407305945
4.2539999999997535,459008.69275528507
4.255999999999753,458431.4863384857
4.257999999999753,457855.31824896886
4.259999999999753,457280.18511486665
4.261999999999753,456706.0826512593
4.263999999999752,456133.0090080158
4.265999999999752,455560.9606454904
4.267999999999752,454989.93426509784
4.269999999999752,454419.92551905604
4.2719999999997516,453850.9324022427
4.273999999999751,453282.951583294
4.275999999999751,452715.9788914543
4.277999999999751,452150.0122480911
4.279999999999751,451585.04740389454
4.2819999999997505,451021.0814939691
4.28399999999975,450458.1115674423
4.28599999999975,449896.13518235786
4.28799999999975,449335.1483083405
4.28999999999975,448775.1479961851
4.291999999999749,448216.13114684186
4.293999999999749,447658.09494017495
4.295999999999749,447101.0355197862
4.297999999999749,446544.9508690953
4.2999999999997485,445989.8377975643
4.301999999999748,445435.69271780865
4.303999999999748,444882.5134098253
4.305999999999748,444330.2961450024
4.307999999999748,443779.0376450257
4.309999999999747,443228.7332257892
4.311999999999747,442679.3877233439
4.313999999999747,442130.9920772558
4.315999999999747,441583.5436804043
4.3179999999997465,441037.0399636755
4.319999999999746,440491.4778461692
4.321999999999746,439946.85508394265
4.323999999999746,439403.1684435498
4.325999999999746,438860.41563179647
4.327999999999745,438318.5934138424
4.329999999999745,437777.6991816967
4.331999999999745,437237.73019983404
4.333999999999745,436698.6838249111
4.3359999999997445,436160.55724052526
4.337999999999744,435623.34774317243
4.339999999999744,435087.0524622173
4.341999999999744,434551.669018803
4.343999999999744,434017.1944865103
4.345999999999743,433483.6262985835
4.347999999999743,432950.96181084495
4.349999999999743,432419.19848251285
4.351999999999743,431888.3337081459
4.3539999999997425,431358.36486110475
4.355999999999742,430829.2892518535
4.357999999999742,430301.10443625104
4.359999999999742,429773.807844214
4.361999999999742,429247.39695391466
4.363999999999741,428721.8692144076
4.365999999999741,428197.2221986926
4.367999999999741,427673.4532811504
4.369999999999741,427150.5601541724
4.3719999999997405,426628.540250491
4.37399999999974,426107.3911474699
4.37599999999974,425587.1104665662
4.37799999999974,425067.695724014
4.37999999999974,424549.1445568778
4.381999999999739,424031.4545486774
4.383999999999739,423514.62330224004
4.385999999999739,422998.6485169408
4.387999999999739,422483.52781359944
4.3899999999997386,421969.2588676052
4.391999999999738,421455.8392542636
4.393999999999738,420943.26692793984
4.395999999999738,420431.53930230456
4.397999999999738,419920.654264082
4.3999999999997375,419410.60947632184
4.401999999999737,418901.40291784867
4.403999999999737,418393.0319906391
4.405999999999737,417885.4947286292
4.407999999999737,417378.7885834689
4.409999999999736,416872.9115993835
4.411999999999736,416367.8615739043
4.413999999999736,415863.6365334957
4.415999999999736,415360.2338373295
4.4179999999997355,414857.6517141295
4.419999999999735,414355.887838824
4.421999999999735,413854.94009582564
4.423999999999735,413354.8062888135
4.425999999999735,412855.4846008774
4.427999999999734,412356.9728291823
4.429999999999734,411859.26880542556
4.431999999999734,411362.3703271338
4.433999999999734,410866.2753360074
4.4359999999997335,410370.98216957087
4.437999999999733,409876.4885359136
4.439999999999733,409382.79232412507
4.441999999999733,408889.89148852136
4.443999999999733,408397.784408385
4.445999999999732,407906.4683711604
4.447999999999732,407415.94200850325
4.449999999999732,406926.2035888753
4.451999999999732,406437.25038218347
4.4539999999997315,405949.0809724653
4.455999999999731,405461.6932058132
4.457999999999731,404975.0850399457
4.459999999999731,404489.2545100241
4.461999999999731,404004.20014849433
4.46399999999973,403519.9198479703
4.46599999999973,403036.4115082586
4.46799999999973,402553.67319487006
4.46999999999973,402071.703555676
4.4719999999997295,401590.50039558025
4.473999999999729,401110.0617444057
4.475999999999729,400630.3856823107
4.477999999999729,400151.4708689788
4.479999999999729,399673.315208099
4.481999999999728,399195.9167371929
4.483999999999728,398719.273514428
4.485999999999728,398243.3842878049
4.487999999999728,397768.24699352187
4.4899999999997275,397293.8596595012
4.491999999999727,396820.22044105286
4.493999999999727,396347.3281086466
4.495999999999727,395875.1806476064
4.497999999999727,395403.7760759952
4.499999999999726,394933.11321962415
4.501999999999726,394463.190040548
4.503999999999726,393994.0045650865
4.505999999999726,393525.55569852184
4.507999999999726,393057.8406548447
4.509999999999725,392590.85851492366
4.511999999999725,392124.6080200962
4.513999999999725,391659.0863812169
4.515999999999725,391194.29261083284
4.5179999999997245,390730.2248432301
4.519999999999724,390266.8819567363
4.521999999999724,389804.2611039839
4.523999999999724,389342.36150950275
4.525999999999724,388881.18199590227
4.527999999999723,388420.7197066865
4.529999999999723,387960.9737944038
4.531999999999723,387501.9431396741
4.533999999999723,387043.62485761015
4.5359999999997225,386586.01815632754
4.537999999999722,386129.12112823216
4.539999999999722,385672.9327831521
4.541999999999722,385217.4511227405
4.543999999999722,384762.67427964136
4.545999999999721,384308.60140621953
4.547999999999721,383855.2296354851
4.549999999999721,383402.5583653177
4.551999999999721,382950.5865960858
4.5539999999997205,382499.3122248893
4.55599999999972,382048.733395937
4.55799999999972,381598.8484319969
4.55999999999972,381149.65656316385
4.56199999999972,380701.15585121803
4.563999999999719,380253.34538272547
4.565999999999719,379806.2231488846
4.567999999999719,379359.7873441491
4.569999999999719,378914.0363354537
4.5719999999997185,378468.969407555
4.573999999999718,378024.58468104835
4.575999999999718,377580.88127097144
4.577999999999718,377137.85719110805
4.579999999999718,376695.51068224234
4.581999999999717,376253.84012640995
4.583999999999717,375812.84487844177
4.585999999999717,375372.523934664
4.587999999999717,374932.87429162255
4.5899999999997165,374493.8954730208
4.591999999999716,374055.5865588888
4.593999999999716,373617.9446262356
4.595999999999716,373180.97011444415
4.597999999999716,372744.6599277544
4.599999999999715,372309.0135619343
4.601999999999715,371874.0291905043
4.603999999999715,371439.70610292786
4.605999999999715,371006.0423277935
4.6079999999997145,370573.03618425026
4.609999999999714,370140.6871010847
4.611999999999714,369708.99314998084
4.613999999999714,369277.9526730073
4.615999999999714,368847.5651325042
4.6179999999997134,368417.8295805266
4.619999999999713,367988.78698890365
4.621999999999713,367560.32423805667
4.623999999999713,367132.5206011232
4.625999999999713,366705.3691393642
4.627999999999712,366278.86523298686
4.629999999999712,365853.00571922807
4.631999999999712,365427.78927736013
4.633999999999712,365003.2145571227
4.6359999999997115,364579.27927060926
4.637999999999711,364155.9815765215
4.639999999999711,363733.3208614625
4.641999999999711,363311.29523737286
4.643999999999711,362889.90306266677
4.64599999999971,362469.1439079362
4.64799999999971,362049.01590230456
4.64999999999971,361629.51837323356
4.65199999999971,361210.6748604263
4.6539999999997095,360792.4198748779
4.655999999999709,360374.79756716464
4.657999999999709,359957.80342774745
4.659999999999709,359541.43533762015
4.661999999999709,359125.69050630106
4.663999999999708,358710.5678730727
4.665999999999708,358296.0652766166
4.667999999999708,357882.1809812043
4.669999999999708,357468.9145135149
4.6719999999997075,357056.2640335824
4.673999999999707,356644.2289895991
4.675999999999707,356232.80851515784
4.677999999999707,355821.99951434805
4.679999999999707,355411.801854944
4.681999999999706,355002.21487845783
4.683999999999706,354593.23663205624
4.685999999999706,354184.86548336665
4.687999999999706,353777.10107047873
4.6899999999997055,353369.94264175836
4.691999999999705,352963.38713040366
4.693999999999705,352557.4354800105
4.695999999999705,352152.08448654384
4.697999999999705,351747.33504421916
4.699999999999704,351343.1839111546
4.701999999999704,350939.63093499286
4.703999999999704,350536.67546869064
4.705999999999704,350134.3155419131
4.7079999999997035,349732.54958002013
4.709999999999703,349331.3772695795
4.711999999999703,348930.7978757403
4.713999999999703,348530.80830696033
4.715999999999703,348131.40961234726
4.717999999999702,347732.59968230565
4.719999999999702,347334.3822826322
4.721999999999702,346936.77389149077
4.723999999999702,346539.7731362531
4.7259999999997016,346143.37348052085
4.727999999999701,345747.56611200393
4.729999999999701,345352.3478835995
4.731999999999701,344957.7138965354
4.733999999999701,344563.6607905188
4.7359999999997004,344170.1872725862
4.7379999999997,343777.2909915669
4.7399999999997,343384.9712741521
4.7419999999997,342993.226149753
4.7439999999997,342602.0551465026
4.745999999999699,342211.4563873522
4.747999999999699,341821.4283563994
4.749999999999699,341431.9719582306
4.751999999999699,341043.0838180115
4.7539999999996985,340654.76494445454
4.755999999999698,340267.01206120686
4.757999999999698,339879.8456585311
4.759999999999698,339493.21102207655
4.761999999999698,339107.1472396957
4.763999999999697,338721.6483287348
4.765999999999697,338336.71376359684
4.767999999999697,337952.33948323404
4.769999999999697,337568.5261082603
4.7719999999996965,337185.2712770077
4.773999999999696,336802.57325926464
4.775999999999696,336420.43172465113
4.777999999999696,336038.84493005066
4.779999999999696,335657.8125439952
4.781999999999695,335277.3338493063
4.783999999999695,334897.4068914626
4.785999999999695,334518.03018280806
4.787999999999695,334139.2035107237
4.7899999999996945,333760.9262663416
4.791999999999694,333383.1965133445
4.793999999999694,333006.0127688067
4.795999999999694,332629.37594589277
4.797999999999694,332253.2827285709
4.799999999999693,331877.73418549553
4.801999999999693,331502.72708977445
4.803999999999693,331128.2625619494
4.805999999999693,330754.3384632815
4.8079999999996925,330380.95323490666
4.809999999999692,330008.1066608964
4.811999999999692,329635.80023883964
4.813999999999692,329264.03973559977
4.815999999999692,328892.80095700634
4.817999999999691,328522.09045999224
4.819999999999691,328151.9175167994
4.821999999999691,327782.2785133074
4.823999999999691,327413.1721675025
4.8259999999996905,327044.59728118073
4.82799999999969,326676.5517278587
4.82999999999969,326309.0339036973
4.83199999999969,325942.04360019875
4.83399999999969,325575.58022537007
4.835999999999689,325209.64194257674
4.837999999999689,324844.22835311544
4.839999999999689,324479.33877998474
4.841999999999689,324114.97134039307
4.8439999999996886,323751.1246038951
4.845999999999688,323387.7984490279
4.847999999999688,323024.9922873711
4.849999999999688,322662.7042793103
4.851999999999688,322300.9341229134
4.8539999999996875,321939.6800732565
4.855999999999687,321578.9418502491
4.857999999999687,321218.71883758064
4.859999999999687,320859.00918707234
4.861999999999687,320499.81252510607
4.863999999999686,320141.1271507191
4.865999999999686,319782.95281680074
4.867999999999686,319425.28888644563
4.869999999999686,319068.13349494716
4.8719999999996855,318711.4863310368
4.873999999999685,318355.34569117957
4.875999999999685,317999.711299688
4.877999999999685,317644.5825533436
4.879999999999685,317289.95763670007
4.881999999999684,316935.83624602715
4.883999999999684,316582.21664553595
4.885999999999684,316229.0985874364
4.887999999999684,315876.48150071164
4.8899999999996835,315524.3635444546
4.891999999999683,315172.7443883425
4.893999999999683,314821.6224120635
4.895999999999683,314470.99734692497
4.897999999999683,314120.8685762325
4.899999999999682,313771.2343396434
4.901999999999682,313422.0943010519
4.903999999999682,313073.44684275717
4.905999999999682,312725.2916949411
4.9079999999996815,312377.6282529258
4.909999999999681,312030.45475671365
4.911999999999681,311683.7708871516
4.913999999999681,311337.57605089317
4.915999999999681,310991.8684772423
4.91799999999968,310646.64779608673
4.91999999999968,310301.91342990944
4.92199999999968,309957.66362809495
4.92399999999968,309613.8980568102
4.9259999999996795,309270.6150959109
4.927999999999679,308927.814513151
4.929999999999679,308585.4957390042
4.931999999999679,308243.6570539021
4.933999999999679,307902.29815349984
4.935999999999678,307561.41842883365
4.937999999999678,307221.01614169445
4.939999999999678,306881.09096424136
4.941999999999678,306541.6413613452
4.9439999999996775,306202.66802951036
4.945999999999677,305864.1689566483
4.947999999999677,305526.1427232905
4.949999999999677,305188.5891160014
4.951999999999677,304851.50760933023
4.953999999999676,304514.8975019096
4.955999999999676,304178.75702704146
4.957999999999676,303843.0858652907
4.959999999999676,303507.88250889827
4.961999999999676,303173.1466709212
4.963999999999675,302838.8777725981
4.965999999999675,302505.0741903621
4.967999999999675,302171.7356330635
4.969999999999675,301838.86149510165
4.9719999999996745,301506.4510481712
4.973999999999674,301174.5025984103
4.975999999999674,300843.0157776671
4.977999999999674,300511.98909696675
4.979999999999674,300181.42229595815
4.981999999999673,299851.31482164434
4.983999999999673,299521.6659675377
4.985999999999673,299192.4740876764
4.987999999999673,298863.738790913
4.9899999999996725,298535.4586553302
4.991999999999672,298207.6333659045
4.993999999999672,297880.26239299576
4.995999999999672,297553.3450694307
4.997999999999672,297226.87969084946
4.999999999999671,296900.8659794341
5.001999999999671,296575.30330327665
5.003999999999671,296250.1901292022
5.005999999999671,295925.5261173513
5.0079999999996705,295601.3106695753
5.00999999999967,295277.5430995476
5.01199999999967,294954.2218220924
5.01399999999967,294631.34644222335
5.01599999999967,294308.9155997386
5.017999999999669,293986.9289927238
5.019999999999669,293665.38608555193
5.021999999999669,293344.28619257483
5.023999999999669,293023.62776377355
5.0259999999996685,292703.4104443532
5.027999999999668,292383.6336160451
5.029999999999668,292064.29662910453
5.031999999999668,291745.39790436573
5.033999999999668,291426.9371030308
5.035999999999667,291108.9136372458
5.037999999999667,290791.32604420785
5.039999999999667,290474.18760750303
5.041999999999667,290157.46154066786
5.0439999999996665,289841.1735569741
5.045999999999666,289525.32106769236
5.047999999999666,289209.9023642087
5.049999999999666,288894.91609097173
5.051999999999666,288580.3604987979
5.053999999999665,288266.23586693645
5.055999999999665,287952.53962932446
5.057999999999665,287639.2724385732
5.059999999999665,287326.4327072568
5.0619999999996645,287014.020044401
5.063999999999664,286702.0338036648
5.065999999999664,286390.47329669376
5.067999999999664,286079.33710078424
5.069999999999664,285768.6248453865
5.0719999999996634,285458.3359490171
5.073999999999663,285148.4690539866
5.075999999999663,284839.0237886723
5.077999999999663,284529.9995950483
5.079999999999663,284221.3958135893
5.081999999999662,283913.2110692709
5.083999999999662,283605.44562542636
5.085999999999662,283298.09723626776
5.087999999999662,282991.16642192466
5.0899999999996615,282684.65239542344
5.091999999999661,282378.5537203011
5.093999999999661,282072.86996762484
5.095999999999661,281767.5999170163
5.097999999999661,281462.74388382863
5.09999999999966,281158.3003670155
5.10199999999966,280854.2688910939
5.10399999999966,280550.6488225167
5.10599999999966,280247.43886580993
5.1079999999996595,279944.63865648693
5.109999999999659,279642.2476240144
5.111999999999659,279340.2651425936
5.113999999999659,279038.6904894528
5.115999999999659,278737.52236569714
5.117999999999658,278436.7603394718
5.119999999999658,278136.4038733552
5.121999999999658,277836.45230758016
5.123999999999658,277536.90435785445
5.1259999999996575,277237.7596415052
5.127999999999657,276939.01759547496
5.129999999999657,276640.6775676939
5.131999999999657,276342.73834182596
5.133999999999657,276045.2000201938
5.135999999999656,275748.06124360574
5.137999999999656,275451.3214625066
5.139999999999656,275154.9795982206
5.141999999999656,274859.03577176505
5.1439999999996555,274563.4886193187
5.145999999999655,274268.33766024024
5.147999999999655,273973.58179731685
5.149999999999655,273679.22115008935
5.151999999999655,273385.2543982577
5.153999999999654,273091.681557307
5.155999999999654,272798.5007397389
5.157999999999654,272505.71222396905
5.159999999999654,272213.3152319545
5.1619999999996535,271921.3085832565
5.163999999999653,271629.6918694928
5.165999999999653,271338.46445056703
5.167999999999653,271047.62568921363
5.169999999999653,270757.1745223005
5.171999999999652,270467.1109166512
5.173999999999652,270177.4336471912
5.175999999999652,269888.1422117805
5.177999999999652,269599.23557954025
5.1799999999996515,269310.71376393875
5.181999999999651,269022.57555905596
5.183999999999651,268734.820455743
5.185999999999651,268447.4478919392
5.187999999999651,268160.45719975355
5.1899999999996504,267873.84769710974
5.19199999999965,267587.6183976768
5.19399999999965,267301.7691715183
5.19599999999965,267016.29889101646
5.19799999999965,266731.2066612373
5.199999999999649,266446.4924474196
5.201999999999649,266162.1555070205
5.203999999999649,265878.19481816236
5.205999999999649,265594.60989421105
5.2079999999996485,265311.400129694
5.209999999999648,265028.56488514744
5.211999999999648,264746.1035748686
5.213999999999648,264464.01516578055
5.215999999999648,264182.2992230314
5.217999999999647,263900.9554507369
5.219999999999647,263619.98279079876
5.221999999999647,263339.3804169514
5.223999999999647,263059.1481264219
5.2259999999996465,262779.28498783195
5.227999999999646,262499.79066681874
5.229999999999646,262220.6642053854
5.231999999999646,261941.9050660651
5.233999999999646,261663.5126684326
5.235999999999645,261385.48611819377
5.237999999999645,261107.82517639597
5.239999999999645,260830.52887240823
5.241999999999645,260553.59690999193
5.2439999999996445,260277.02834905038
5.245999999999644,260000.8226546899
5.247999999999644,259724.97902496002
5.249999999999644,259449.49714375884
5.251999999999644,259174.37614341534
5.253999999999643,258899.61562711425
5.255999999999643,258625.21476073138
5.257999999999643,258351.17297605556
5.259999999999643,258077.48968494651
5.2619999999996425,257804.16427021215
5.263999999999642,257531.195975694
5.265999999999642,257258.58437813155
5.267999999999642,256986.3286954364
5.269999999999642,256714.4283741748
5.271999999999641,256442.88283796405
5.273999999999641,256171.691437041
5.275999999999641,255900.8535667113
5.277999999999641,255630.3685897297
5.2799999999996405,255360.2358857834
5.28199999999964,255090.45484786973
5.28399999999964,254821.0249443556
5.28599999999964,254551.94546717373
5.28799999999964,254283.21587572581
5.289999999999639,254014.83552326015
5.291999999999639,253746.80379034497
5.293999999999639,253479.120116891
5.295999999999639,253211.78390258277
5.2979999999996386,252944.79453855992
5.299999999999638,252678.1514007068
5.301999999999638,252411.8539147803
5.303999999999638,252145.90146232306
5.305999999999638,251880.29347409538
5.3079999999996375,251615.02936929904
5.309999999999637,251350.10848996212
5.311999999999637,251085.53031480356
5.313999999999637,250821.2941781715
5.315999999999637,250557.39957102799
5.317999999999636,250293.84577336797
5.319999999999636,250030.63233713765
5.321999999999636,249767.7586569901
5.323999999999636,249505.22410283508
5.3259999999996355,249243.02819608073
5.327999999999635,248981.17020166985
5.329999999999635,248719.64954848954
5.331999999999635,248458.46579328683
5.333999999999635,248197.6181393498
5.335999999999634,247937.10623922202
5.337999999999634,247676.92944071974
5.339999999999634,247417.08717032804
5.341999999999634,247157.5788082333
5.3439999999996335,246898.4037314096
5.345999999999633,246639.56143586172
5.347999999999633,246381.05130268587
5.349999999999633,246122.87277922817
5.351999999999633,245865.0254912004
5.353999999999632,245607.5085386745
5.355999999999632,245350.32167200514
5.357999999999632,245093.4642385837
5.359999999999632,244836.9353333404
5.3619999999996315,244580.73478222752
5.363999999999631,244324.86195071644
5.365999999999631,244069.31622532773
5.367999999999631,243814.09706256667
5.369999999999631,243559.20415436366
5.37199999999963,243304.63647395518
5.37399999999963,243050.39353695422
5.37599999999963,242796.4751759705
5.37799999999963,242542.88035993645
5.3799999999996295,242289.60898453213
5.381999999999629,242036.65997225954
5.383999999999629,241784.03328360064
5.385999999999629,241531.72820476076
5.387999999999629,241279.74418083442
5.389999999999628,241028.08062868522
5.391999999999628,240776.73693909083
5.393999999999628,240525.71256538038
5.395999999999628,240275.00698078313
5.3979999999996275,240024.6196388897
5.399999999999627,239774.54999722974
5.401999999999627,239524.79796437788
5.403999999999627,239275.36228292808
5.405999999999627,239026.24301013324
5.407999999999626,238777.4389789642
5.409999999999626,238528.95028981037
5.411999999999626,238280.7757408439
5.413999999999626,238032.91544066273
5.415999999999626,237785.3686808529
5.417999999999625,237538.13435080863
5.419999999999625,237291.2126720701
5.421999999999625,237044.6029228221
5.423999999999625,236798.3045199912
5.4259999999996245,236552.3169116086
5.427999999999624,236306.63947965976
5.429999999999624,236061.27176591157
5.431999999999624,235816.21322250782
5.433999999999624,235571.46387182229
5.435999999999623,235327.022337937
5.437999999999623,235082.8882620073
5.439999999999623,234839.06116555334
5.441999999999623,234595.54120218672
5.4439999999996225,234352.32693321627
5.445999999999622,234109.41798480184
5.447999999999622,233866.8145970272
5.449999999999622,233624.51530427166
5.451999999999622,233382.52046584967
5.453999999999621,233140.82929623834
5.455999999999621,232899.44049710289
5.457999999999621,232658.354538139
5.459999999999621,232417.56999187314
5.4619999999996205,232177.08732622265
5.46399999999962,231936.90577745828
5.46599999999962,231697.02470864425
5.46799999999962,231457.44285075125
5.46999999999962,231218.16077849356
5.471999999999619,230979.1777819698
5.473999999999619,230740.49324412408
5.475999999999619,230502.1066223092
5.477999999999619,230264.025544056
5.4799999999996185,230026.2502849653
5.481999999999618,229788.7591508839
5.483999999999618,229551.55548131934
5.485999999999618,229314.64417113172
5.487999999999618,229078.02642309864
5.489999999999617,228841.7025737532
5.491999999999617,228605.67242617678
5.493999999999617,228369.9365359246
5.495999999999617,228134.49311295617
5.4979999999996165,227899.34188113318
5.499999999999616,227664.48252999372
5.501999999999616,227429.9145885763
5.503999999999616,227195.63760338313
5.505999999999616,226961.65109465906
5.507999999999615,226727.95456371593
5.509999999999615,226494.54755732525
5.511999999999615,226261.42955715169
5.513999999999615,226028.60013624793
5.5159999999996145,225796.05971360143
5.517999999999614,225563.80635923048
5.519999999999614,225331.83986171076
5.521999999999614,225100.15984097464
5.523999999999614,224868.76591710217
5.525999999999613,224637.6576191268
5.527999999999613,224406.83450228558
5.529999999999613,224176.29604906627
5.531999999999613,223946.04290799375
5.533999999999613,223716.0855048105
5.535999999999612,223486.42688129257
5.537999999999612,223257.06423997856
5.539999999999612,223027.99120645426
5.541999999999612,222799.2043635214
5.5439999999996115,222570.70245940294
5.545999999999611,222342.4820901876
5.547999999999611,222114.54244281276
5.549999999999611,221886.88397592225
5.551999999999611,221659.5043513237
5.55399999999961,221432.4033424416
5.55599999999961,221205.5806360332
5.55799999999961,220979.0370527857
5.55999999999961,220752.7702948304
5.5619999999996095,220526.78023652965
5.563999999999609,220301.0666112168
5.565999999999609,220075.63027533068
5.567999999999609,219850.4689163058
5.569999999999609,219625.5823937303
5.571999999999608,219400.97047013583
5.573999999999608,219176.63277398312
5.575999999999608,218952.5688728644
5.577999999999608,218728.7783261978
5.5799999999996075,218505.26074118697
5.581999999999607,218282.01558784625
5.583999999999607,218059.04249125
5.585999999999607,217836.34095565346
5.587999999999607,217613.91057527272
5.589999999999606,217391.74948160502
5.591999999999606,217169.85933837926
5.593999999999606,216948.23934905822
5.595999999999606,216726.88887214544
5.5979999999996055,216505.80598215124
5.599999999999605,216284.99229048897
5.601999999999605,216064.44557499673
5.603999999999605,215844.16737001156
5.605999999999605,215624.15530264648
5.607999999999604,215404.4108857111
5.609999999999604,215184.9317420415
5.611999999999604,214965.71941925786
5.613999999999604,214746.7714355264
5.6159999999996035,214528.08789657615
5.617999999999603,214309.66865493916
5.619999999999603,214091.5148939074
5.621999999999603,213873.62391208974
5.623999999999603,213655.9957337092
5.625999999999602,213438.63012551575
5.627999999999602,213221.5267721085
5.629999999999602,213004.68527073858
5.631999999999602,212788.1052536879
5.6339999999996015,212571.78464793685
5.635999999999601,212355.72551081955
5.637999999999601,212139.92700335287
5.639999999999601,211924.38680588084
5.641999999999601,211709.10693346313
5.6439999999996004,211494.08473418542
5.6459999999996,211279.3221652409
5.6479999999996,211064.8164914812
5.6499999999996,210850.56965222646
5.6519999999996,210636.57887877699
5.653999999999599,210422.8443420658
5.655999999999599,210209.36595585372
5.657999999999599,209996.1434046175
5.659999999999599,209783.17637874425
5.6619999999995985,209570.4644420371
5.663999999999598,209358.0072370299
5.665999999999598,209145.8043397431
5.667999999999598,208933.85352345908
5.669999999999598,208722.1571368926
5.671999999999597,208510.71430808684
5.673999999999597,208299.52250902617
5.675999999999597,208088.58218412517
5.677999999999597,207877.89520930147
5.6799999999995965,207667.45850323408
5.681999999999596,207457.27225591557
5.683999999999596,207247.33634095258
5.685999999999596,207037.65052292813
5.687999999999596,206828.21445218293
5.689999999999595,206619.02775399943
5.691999999999595,206410.09006196464
5.693999999999595,206201.40092749993
5.695999999999595,205992.95802720013
5.6979999999995945,205784.76394941282
5.699999999999594,205576.81575396532
5.701999999999594,205369.113809306
5.703999999999594,205161.66015498174
5.705999999999594,204954.451458522
5.707999999999593,204747.48795803273
5.709999999999593,204540.76959710364
5.711999999999593,204334.29609340194
5.713999999999593,204128.06712355724
5.7159999999995925,203922.08023754225
5.717999999999592,203716.33824688537
5.719999999999592,203510.83808215518
5.721999999999592,203305.58231999987
5.723999999999592,203100.56772806172
5.725999999999591,202895.7946422501
5.727999999999591,202691.26306994914
5.729999999999591,202486.97281228635
5.731999999999591,202282.92356426467
5.7339999999995905,202079.1149872625
5.73599999999959,201875.54666793835
5.73799999999959,201672.21830436657
5.73999999999959,201469.12720203315
5.74199999999959,201266.2741612271
5.743999999999589,201063.66162833705
5.745999999999589,200861.28607909285
5.747999999999589,200659.1478392725
5.749999999999589,200457.24690881884
5.7519999999995886,200255.58305431277
5.753999999999588,200054.15598112627
5.755999999999588,199852.96303587442
5.757999999999588,199652.00737056966
5.759999999999588,199451.28567389696
5.7619999999995875,199250.79846200027
5.763999999999587,199050.54819855653
5.765999999999587,198850.53112153156
5.767999999999587,198650.74755824212
5.769999999999587,198451.19508002268
5.771999999999586,198251.87719369508
5.773999999999586,198052.7929375479
5.775999999999586,197853.93924239877
5.777999999999586,197655.31930046965
5.7799999999995855,197456.92959250673
5.781999999999585,197258.77060801093
5.783999999999585,197060.84244304
5.785999999999585,196863.14498275387
5.787999999999585,196665.67542968257
5.789999999999584,196468.4372959903
5.791999999999584,196271.42960758792
5.793999999999584,196074.6490487905
5.795999999999584,195878.09644705767
5.7979999999995835,195681.7720275431
5.799999999999583,195485.67569045533
5.801999999999583,195289.80720932462
5.803999999999583,195094.16627802086
5.805999999999583,194898.7499538276
5.807999999999582,194703.56184947348
5.809999999999582,194508.59829318785
5.811999999999582,194313.85995650606
5.813999999999582,194119.3469583937
5.8159999999995815,193925.05918703607
5.817999999999581,193730.9964343911
5.819999999999581,193537.1556621045
5.821999999999581,193343.54065493928
5.823999999999581,193150.14764817982
5.82599999999958,192956.97733896872
5.82799999999958,192764.02988458736
5.82999999999958,192571.30518650965
5.83199999999958,192378.80299838804
5.8339999999995795,192186.52303405636
5.835999999999579,191994.4621512554
5.837999999999579,191802.62144316526
5.839999999999579,191611.00415298133
5.841999999999579,191419.6059915951
5.843999999999578,191228.4274783375
5.845999999999578,191037.4658542816
5.847999999999578,190846.72536239278
5.849999999999578,190656.20210880804
5.8519999999995775,190465.89691748365
5.853999999999577,190275.8129360558
5.855999999999577,190085.94567457362
5.857999999999577,189896.29271492877
5.859999999999577,189706.85864648147
5.861999999999576,189517.6396004334
5.863999999999576,189328.6394709425
5.865999999999576,189139.85401607942
5.867999999999576,188951.28396864503
5.869999999999576,188762.92949693915
5.871999999999575,188574.79055728205
5.873999999999575,188386.86385501435
5.875999999999575,188199.15068396085
5.877999999999575,188011.65460811235
5.8799999999995745,187824.37101246318
5.881999999999574,187637.30057128248
5.883999999999574,187450.44027348695
5.885999999999574,187263.79477225617
5.887999999999574,187077.35990297364
5.889999999999573,186891.1365842864
5.891999999999573,186705.12510532583
5.893999999999573,186519.32544390688
5.895999999999573,186333.73744443484
5.8979999999995725,186148.36084866384
5.899999999999572,185963.19207889147
5.901999999999572,185778.23248819134
5.903999999999572,185593.48257818774
5.905999999999572,185408.94244120692
5.907999999999571,185224.61195785535
5.909999999999571,185040.48760697403
5.911999999999571,184856.57071912938
5.913999999999571,184672.86186233952
5.9159999999995705,184489.36114855288
5.91799999999957,184306.06846696022
5.91999999999957,184122.98357709145
5.92199999999957,183940.10283774848
5.92399999999957,183757.4276544104
5.925999999999569,183574.95855171792
5.927999999999569,183392.69567466024
5.929999999999569,183210.63890745497
5.931999999999569,183028.7845534139
5.9339999999995685,182847.1375733376
5.935999999999568,182665.6933405703
5.937999999999568,182484.45283837142
5.939999999999568,182303.41641335614
5.941999999999568,182122.5805826133
5.943999999999567,181941.94695245707
5.945999999999567,181761.51970994615
5.947999999999567,181581.29370840092
5.949999999999567,181401.26616474727
5.9519999999995665,181221.44272328916
5.953999999999566,181041.8188857463
5.955999999999566,180862.3994062104
5.957999999999566,180683.17932595094
5.959999999999566,180504.15594393315
5.961999999999565,180325.3350709115
5.963999999999565,180146.71215874533
5.965999999999565,179968.29211511472
5.967999999999565,179790.06987605817
5.9699999999995645,179612.0464087822
5.971999999999564,179434.21836562242
5.973999999999564,179256.5913665589
5.975999999999564,179079.16061102267
5.977999999999564,178901.92726867192
5.979999999999563,178724.89177385374
5.981999999999563,178548.05043194818
5.983999999999563,178371.4087872281
5.985999999999563,178194.9619172089
5.987999999999563,178018.71092124542
5.989999999999562,177842.6562926963
5.991999999999562,177666.7942642681
5.993999999999562,177491.1266027283
5.995999999999562,177315.6579638512
5.9979999999995615,177140.3827851405
5.999999999999561,176965.29807225315
