time,value
0.0,17161.318919830286
0.002,22975.11469144356
0.004,25507.420560713137
0.006,38059.34986998991
0.008,48386.04886313757
0.01,54479.21355256219
0.012,57404.41175897067
0.014,58560.814837616104
0.016,58890.56838577808
0.018000000000000002,58893.43552460442
0.020000000000000004,58794.964227120545
0.022000000000000006,58681.38964912197
0.024000000000000007,58577.9808764402
0.02600000000000001,58487.51706370104
0.02800000000000001,58406.7293643288
0.030000000000000013,58332.1128927369
0.032000000000000015,58261.292608109216
0.034000000000000016,58192.96392080621
0.03600000000000002,58126.513595933306
0.03800000000000002,58061.6798975603
0.04000000000000002,57998.37982762459
0.04200000000000002,57936.57652608332
0.044000000000000025,57876.25425785435
0.04600000000000003,57817.408639985864
0.04800000000000003,57760.013579245875
0.05000000000000003,57704.05315750897
0.05200000000000003,57649.51019701901
0.054000000000000034,57596.34554525346
0.056000000000000036,57544.54550786663
0.05800000000000004,57494.07659057122
0.06000000000000004,57444.91768205883
0.06200000000000004,57397.03420812345
0.06400000000000004,57350.40442466371
0.06600000000000004,57304.99342415834
0.06800000000000005,57260.77931362134
0.07000000000000005,57217.7271544074
0.07200000000000005,57175.82206895299
0.07400000000000005,57135.015985011916
0.07600000000000005,57095.30014632516
0.07800000000000006,57056.63403095084
0.08000000000000006,57018.99604714009
0.08200000000000006,56982.3520698285
0.08400000000000006,56946.68818361405
0.08600000000000006,56911.9645822669
0.08800000000000006,56878.16059306863
0.09000000000000007,56845.25705402788
0.09200000000000007,56813.21485526504
0.09400000000000007,56782.02110437097
0.09600000000000007,56751.644404154475
0.09800000000000007,56722.06629842529
0.10000000000000007,56693.26287027319
0.10200000000000008,56665.22368949184
0.10400000000000008,56637.917561286704
0.10600000000000008,56611.317986288734
0.10800000000000008,56585.40648269529
0.11000000000000008,56560.1595460091
0.11200000000000009,56535.554246398046
0.11400000000000009,56511.568238107604
0.11600000000000009,56488.186535113055
0.11800000000000009,56465.388341350175
0.12000000000000009,56443.15969405633
0.1220000000000001,56421.47373771557
0.1240000000000001,56400.32346671484
0.12600000000000008,56379.68313359696
0.12800000000000009,56359.53971172297
0.1300000000000001,56339.87441856742
0.1320000000000001,56320.6753118602
0.1340000000000001,56301.931280702745
0.1360000000000001,56283.6180044834
0.1380000000000001,56265.724074564605
0.1400000000000001,56248.23924701197
0.1420000000000001,56231.15384794077
0.1440000000000001,56214.444858082694
0.1460000000000001,56198.1087803291
0.1480000000000001,56182.1233397719
0.1500000000000001,56166.48565503754
0.1520000000000001,56151.18085369856
0.1540000000000001,56136.20039252663
0.1560000000000001,56121.52949801207
0.1580000000000001,56107.159950492205
0.16000000000000011,56093.07741601572
0.16200000000000012,56079.280965916725
0.16400000000000012,56065.75054721922
0.16600000000000012,56052.48525188577
0.16800000000000012,56039.47212577768
0.17000000000000012,56026.70445134817
0.17200000000000013,56014.16925388194
0.17400000000000013,56001.86687408837
0.17600000000000013,55989.78530217268
0.17800000000000013,55977.9186491412
0.18000000000000013,55966.2546964613
0.18200000000000013,55954.78770019605
0.18400000000000014,55943.51253124152
0.18600000000000014,55932.42441149274
0.18800000000000014,55921.511956270064
0.19000000000000014,55910.77691479587
0.19200000000000014,55900.20862100388
0.19400000000000014,55889.79568740214
0.19600000000000015,55879.54010057537
0.19800000000000015,55869.43837308478
0.20000000000000015,55859.48014621576
0.20200000000000015,55849.66122509003
0.20400000000000015,55839.97793010312
0.20600000000000016,55830.42004996712
0.20800000000000016,55820.99726408486
0.21000000000000016,55811.68714750856
0.21200000000000016,55802.49869995446
0.21400000000000016,55793.42294749392
0.21600000000000016,55784.456701797
0.21800000000000017,55775.59710349194
0.22000000000000017,55766.83470288593
0.22200000000000017,55758.17308160594
0.22400000000000017,55749.610200524025
0.22600000000000017,55741.130300843615
0.22800000000000017,55732.74341135772
0.23000000000000018,55724.44138780452
0.23200000000000018,55716.22178328709
0.23400000000000018,55708.08240880641
0.23600000000000018,55700.02122185064
0.23800000000000018,55692.03628782
0.24000000000000019,55684.11897959015
0.2420000000000002,55676.26686397915
0.2440000000000002,55668.484751403776
0.2460000000000002,55660.764794857896
0.2480000000000002,55653.111700913236
0.25000000000000017,55645.51088346804
0.25200000000000017,55637.973232776516
0.25400000000000017,55630.49142436631
0.25600000000000017,55623.05699041153
0.2580000000000002,55615.68131742881
0.2600000000000002,55608.35060884952
0.2620000000000002,55601.06944691406
0.2640000000000002,55593.83690841598
0.2660000000000002,55586.6519411459
0.2680000000000002,55579.49994295108
0.2700000000000002,55572.39878582073
0.2720000000000002,55565.33539335127
0.2740000000000002,55558.30800132093
0.2760000000000002,55551.32208462501
0.2780000000000002,55544.370487120694
0.2800000000000002,55537.45185093946
0.2820000000000002,55530.56511757333
0.2840000000000002,55523.716123374375
0.2860000000000002,55516.89792161434
0.2880000000000002,55510.10948725877
0.2900000000000002,55503.343492011
0.2920000000000002,55496.612204307865
0.2940000000000002,55489.909348413494
0.2960000000000002,55483.23403080765
0.2980000000000002,55476.5854675856
0.3000000000000002,55469.9629406714
0.3020000000000002,55463.36578254616
0.3040000000000002,55456.786630038034
0.3060000000000002,55450.23767993875
0.3080000000000002,55443.7059366157
0.3100000000000002,55437.1966720988
0.3120000000000002,55430.70298895261
0.3140000000000002,55424.23736836919
0.3160000000000002,55417.78699360482
0.3180000000000002,55411.357221649516
0.32000000000000023,55404.941163765194
0.32200000000000023,55398.54454370732
0.32400000000000023,55392.160646201984
0.32600000000000023,55385.801988762636
0.32800000000000024,55379.449106850065
0.33000000000000024,55373.1134830757
0.33200000000000024,55366.795441845185
0.33400000000000024,55360.48816008642
0.33600000000000024,55354.19742307086
0.33800000000000024,55347.91659256368
0.34000000000000025,55341.651545616165
0.34200000000000025,55335.39570429279
0.34400000000000025,55329.14827116979
0.34600000000000025,55322.91546232942
0.34800000000000025,55316.69086478399
0.35000000000000026,55310.47375292045
0.35200000000000026,55304.2703843573
0.35400000000000026,55298.07436482053
0.35600000000000026,55291.88500712607
0.35800000000000026,55285.7085863654
0.36000000000000026,55279.53873797728
0.36200000000000027,55273.374795157746
0.36400000000000027,55267.21636243386
0.36600000000000027,55261.0698584704
0.36800000000000027,55254.92899629791
0.3700000000000003,55248.7931569987
0.3720000000000003,55242.66196713066
0.3740000000000003,55236.541871422145
0.3760000000000003,55230.4266182399
0.3780000000000003,55224.31560153484
0.3800000000000003,55218.20848577007
0.3820000000000003,55212.10504000957
0.3840000000000003,55206.005095272805
0.3860000000000003,55199.915183092475
0.3880000000000003,55193.829098292015
0.3900000000000003,55187.73958702183
0.3920000000000003,55181.65906952007
0.3940000000000003,55175.581729728015
0.3960000000000003,55169.51384140431
0.3980000000000003,55163.44244083987
0.4000000000000003,55157.37298669027
0.4020000000000003,55151.31226793621
0.4040000000000003,55145.24757086962
0.4060000000000003,55139.191114770765
0.4080000000000003,55133.13701816237
0.4100000000000003,55127.078197138275
0.4120000000000003,55121.027128513444
0.4140000000000003,55114.97806087302
0.4160000000000003,55108.930622773165
0.4180000000000003,55102.88461858479
0.4200000000000003,55096.83990469899
0.4220000000000003,55090.796388146075
0.4240000000000003,55084.75398113336
0.4260000000000003,55078.71260583339
0.4280000000000003,55072.672177650944
0.4300000000000003,55066.632623535
0.43200000000000033,55060.59387117763
0.43400000000000033,55054.56250672522
0.43600000000000033,55048.52577460223
0.43800000000000033,55042.4892070718
0.44000000000000034,55036.452994352774
0.44200000000000034,55030.41718462743
0.44400000000000034,55024.38182572598
0.44600000000000034,55018.35380440232
0.44800000000000034,55012.32065931688
0.45000000000000034,55006.28807777649
0.45200000000000035,55000.25634107734
0.45400000000000035,54994.232180215666
0.45600000000000035,54988.202918773786
0.45800000000000035,54982.17409340062
0.46000000000000035,54976.15253458497
0.46200000000000035,54970.12562856738
0.46400000000000036,54964.10558770924
0.46600000000000036,54958.07995270761
0.46800000000000036,54952.05435985098
0.47000000000000036,54946.035698589316
0.47200000000000036,54940.01137241776
0.47400000000000037,54933.986957253284
0.47600000000000037,54927.96930908794
0.47800000000000037,54921.945835205916
0.48000000000000037,54915.92875693293
0.4820000000000004,54909.90563520744
0.4840000000000004,54903.882121687195
0.4860000000000004,54897.85846828015
0.4880000000000004,54891.84138266769
0.4900000000000004,54885.81823536475
0.4920000000000004,54879.79457446704
0.4940000000000004,54873.77060512567
0.4960000000000004,54867.74640049007
0.4980000000000004,54861.72196856405
0.5000000000000003,54855.69727886461
0.5020000000000003,54849.672299816426
0.5040000000000003,54843.64699336772
0.5060000000000003,54837.621317958925
0.5080000000000003,54831.595242501746
0.5100000000000003,54825.56873800578
0.5120000000000003,54819.541768043535
0.5140000000000003,54813.50767558835
0.5160000000000003,54807.479050076836
0.5180000000000003,54801.450334339905
0.5200000000000004,54795.41469609947
0.5220000000000004,54789.384646902814
0.5240000000000004,54783.347962067404
0.5260000000000004,54777.31697451938
0.5280000000000004,54771.27935129503
0.5300000000000004,54765.24075898907
0.5320000000000004,54759.20808218834
0.5340000000000004,54753.16881302662
0.5360000000000004,54747.128534204225
0.5380000000000004,54741.08747640573
0.5400000000000004,54735.04572497238
0.5420000000000004,54729.003296394985
0.5440000000000004,54722.96018184991
0.5460000000000004,54716.91635341413
0.5480000000000004,54710.87178929394
0.5500000000000004,54704.81985210343
0.5520000000000004,54698.773105954206
0.5540000000000004,54692.72597028075
0.5560000000000004,54686.671575683606
0.5580000000000004,54680.62235901789
0.5600000000000004,54674.56610276574
0.5620000000000004,54668.50849051201
0.5640000000000004,54662.4564160141
0.5660000000000004,54656.39741565076
0.5680000000000004,54650.3370651732
0.5700000000000004,54644.27560771677
0.5720000000000004,54638.21313516682
0.5740000000000004,54632.14967857
0.5760000000000004,54626.078638131774
0.5780000000000004,54620.012553903056
0.5800000000000004,54613.945871546624
0.5820000000000004,54607.871731574895
0.5840000000000004,54601.80255522571
0.5860000000000004,54595.72615588115
0.5880000000000004,54589.648214292254
0.5900000000000004,54583.57560529862
0.5920000000000004,54577.49591308868
0.5940000000000004,54571.41468991071
0.5960000000000004,54565.33219313535
0.5980000000000004,54559.24852352931
0.6000000000000004,54553.157150445215
0.6020000000000004,54547.07083110106
0.6040000000000004,54540.98426871819
0.6060000000000004,54534.89076409019
0.6080000000000004,54528.80279854685
0.6100000000000004,54522.71481398996
0.6120000000000004,54516.619960849515
0.6140000000000004,54510.53061777251
0.6160000000000004,54504.434614962374
0.6180000000000004,54498.337606644156
0.6200000000000004,54492.24644693935
0.6220000000000004,54486.14872864578
0.6240000000000004,54480.04997974692
0.6260000000000004,54473.950440113855
0.6280000000000004,54467.85020143401
0.6300000000000004,54461.74928005018
0.6320000000000005,54455.647665448196
0.6340000000000005,54449.545340923934
0.6360000000000005,54443.4422840776
0.6380000000000005,54437.33846796081
0.6400000000000005,54431.227314294
0.6420000000000005,54425.1212874104
0.6440000000000005,54419.008301488124
0.6460000000000005,54412.90058319259
0.6480000000000005,54406.785930354505
0.6500000000000005,54400.676516407664
0.6520000000000005,54394.56013401634
0.6540000000000005,54388.44239557127
0.6560000000000005,54382.32357455283
0.6580000000000005,54376.20378391534
0.6600000000000005,54370.0830554007
0.6620000000000005,54363.96138302085
0.6640000000000005,54357.83875622705
0.6660000000000005,54351.70860143346
0.6680000000000005,54345.58337917356
0.6700000000000005,54339.457571769926
0.6720000000000005,54333.3243764852
0.6740000000000005,54327.19612176038
0.6760000000000005,54321.06071651113
0.6780000000000005,54314.923793205395
0.6800000000000005,54308.78564523946
0.6820000000000005,54302.64638723938
0.6840000000000005,54296.5060597205
0.6860000000000005,54290.364658879735
0.6880000000000005,54284.22217422123
0.6900000000000005,54278.07859256964
0.6920000000000005,54271.927365502095
0.6940000000000005,54265.780925442494
0.6960000000000005,54259.63377572431
0.6980000000000005,54253.47912234689
0.7000000000000005,54247.322752724605
0.7020000000000005,54241.1715541075
0.7040000000000005,54235.01325533766
0.7060000000000005,54228.85337560417
0.7080000000000005,54222.692171547606
0.7100000000000005,54216.529748102505
0.7120000000000005,54210.359605497106
0.7140000000000005,54204.19417575134
0.7160000000000005,54198.02798415342
0.7180000000000005,54191.85423838183
0.7200000000000005,54185.6852389132
0.7220000000000005,54179.50895052684
0.7240000000000005,54173.331054139424
0.7260000000000005,54167.15188194591
0.7280000000000005,54160.97811412915
0.7300000000000005,54154.79739645796
0.7320000000000005,54148.61519884389
0.7340000000000005,54142.42523517668
0.7360000000000005,54136.24001870488
0.7380000000000005,54130.054110198726
0.7400000000000005,54123.860761043215
0.7420000000000005,54117.67223860617
0.7440000000000005,54111.476509280714
0.7460000000000006,54105.28569335959
0.7480000000000006,54099.087701527445
0.7500000000000006,54092.88809979436
0.7520000000000006,54086.68717137066
0.7540000000000006,54080.485040559644
0.7560000000000006,54074.281737282305
0.7580000000000006,54068.077378012145
0.7600000000000006,54061.87215748694
0.7620000000000006,54055.65973312487
0.7640000000000006,54049.45255429321
0.7660000000000006,54043.245536993556
0.7680000000000006,54037.03974651985
0.7700000000000006,54030.82835321255
0.7720000000000006,54024.62314472477
0.7740000000000006,54018.4182260432
0.7760000000000006,54012.20656702505
0.7780000000000006,54006.00024735793
0.7800000000000006,53999.78720027729
0.7820000000000006,53993.57947142136
0.7840000000000006,53987.364985513625
0.7860000000000006,53981.14928740151
0.7880000000000006,53974.93265162184
0.7900000000000006,53968.72167585277
0.7920000000000006,53962.50405288958
0.7940000000000006,53956.28521008936
0.7960000000000006,53950.06537604372
0.7980000000000006,53943.83815444966
0.8000000000000006,53937.615913590744
0.8020000000000006,53931.39322603832
0.8040000000000006,53925.163347477865
0.8060000000000006,53918.938475618466
0.8080000000000006,53912.71312678273
0.8100000000000006,53906.480543004895
0.8120000000000006,53900.246439238486
0.8140000000000006,53894.01765116393
0.8160000000000006,53887.78200748674
0.8180000000000006,53881.54497921944
0.8200000000000006,53875.306812899995
0.8220000000000006,53869.06760606271
0.8240000000000006,53862.82740012793
0.8260000000000006,53856.57971499569
0.8280000000000006,53850.33685297242
0.8300000000000006,53844.093383945976
0.8320000000000006,53837.84257919594
0.8340000000000006,53831.59662077392
0.8360000000000006,53825.3435641521
0.8380000000000006,53819.08897568433
0.8400000000000006,53812.83961418486
0.8420000000000006,53806.583304642365
0.8440000000000006,53800.32548857684
0.8460000000000006,53794.066420884534
0.8480000000000006,53787.79973949701
0.8500000000000006,53781.53776677856
0.8520000000000006,53775.27510563357
0.8540000000000006,53769.01150710139
0.8560000000000006,53762.74037955348
0.8580000000000007,53756.46749919891
0.8600000000000007,53750.19971067058
0.8620000000000007,53743.92490397426
0.8640000000000007,53737.64853136424
0.8660000000000007,53731.370848977196
0.8680000000000007,53725.091961598424
0.8700000000000007,53718.81190784645
0.8720000000000007,53712.53068904567
0.8740000000000007,53706.248309487055
0.8760000000000007,53699.95830026635
0.8780000000000007,53693.672920745616
0.8800000000000007,53687.38032008952
0.8820000000000007,53681.092508834314
0.8840000000000007,53674.79752501664
0.8860000000000007,53668.500888919945
0.8880000000000007,53662.202879430406
0.8900000000000007,53655.9036113085
0.8920000000000007,53649.60313506814
0.8940000000000007,53643.30145489126
0.8960000000000007,53636.99856269342
0.8980000000000007,53630.688017830566
0.9000000000000007,53624.382050592525
0.9020000000000007,53618.06883254296
0.9040000000000007,53611.76035442397
0.9060000000000007,53605.4446804556
0.9080000000000007,53599.1273136112
0.9100000000000007,53592.80853730118
0.9120000000000007,53586.488475728875
0.9140000000000007,53580.16716888091
0.9160000000000007,53573.84474510935
0.9180000000000007,53567.514936855674
0.9200000000000007,53561.190094542515
0.9220000000000007,53554.86492618402
0.9240000000000007,53548.53283235724
0.9260000000000007,53542.20595632175
0.9280000000000007,53535.87246946195
0.9300000000000007,53529.54432417338
0.9320000000000007,53523.20959898363
0.9340000000000007,53516.873776950335
0.9360000000000007,53510.53712816379
0.9380000000000007,53504.19975033194
0.9400000000000007,53497.86168560961
0.9420000000000007,53491.5229209292
0.9440000000000007,53485.18343965038
0.9460000000000007,53478.84323073458
0.9480000000000007,53472.50226741978
0.9500000000000007,53466.160536511044
0.9520000000000007,53459.81161016436
0.9540000000000007,53453.46765278431
0.9560000000000007,53447.11688605712
0.9580000000000007,53440.77123686338
0.9600000000000007,53434.418811064505
0.9620000000000007,53428.071487219095
0.9640000000000007,53421.7173654264
0.9660000000000007,53415.361903740675
0.9680000000000007,53409.00537758442
0.9700000000000008,53402.64790735582
0.9720000000000008,53396.289521513274
0.9740000000000008,53389.93022248524
0.9760000000000008,53383.56360352157
0.9780000000000008,53377.20180681961
0.9800000000000008,53370.83947455664
0.9820000000000008,53364.469960922375
0.9840000000000008,53358.10529842831
0.9860000000000008,53351.7336812383
0.9880000000000008,53345.36060855114
0.9900000000000008,53338.98636154442
0.9920000000000008,53332.617463941686
0.9940000000000008,53326.24180200282
0.9960000000000008,53319.86471752103
0.9980000000000008,53313.48004377966
1.0000000000000007,53307.10003599258
1.0020000000000007,53300.719384484175
1.0040000000000007,53294.33147479857
1.0060000000000007,53287.94832215257
1.0080000000000007,53281.55815271336
1.0100000000000007,53275.172830873016
1.0120000000000007,53268.78051664812
1.0140000000000007,53262.386658560776
1.0160000000000007,53255.9915409666
1.0180000000000007,53249.59528141037
1.0200000000000007,53243.19791835625
1.0220000000000007,53236.799462769806
1.0240000000000007,53230.39990523809
1.0260000000000007,53223.999241855374
1.0280000000000007,53217.591081073224
1.0300000000000007,53211.18753294994
1.0320000000000007,53204.77689299538
1.0340000000000007,53198.364650685435
1.0360000000000007,53191.95109753639
1.0380000000000007,53185.54273416159
1.0400000000000007,53179.127498886686
1.0420000000000007,53172.71071019637
1.0440000000000007,53166.28623376404
1.0460000000000007,53159.866274102176
1.0480000000000007,53153.44555146467
1.0500000000000007,53147.01747397343
1.0520000000000007,53140.59401592931
1.0540000000000007,53134.163454578316
1.0560000000000007,53127.73760992153
1.0580000000000007,53121.304692455225
1.0600000000000007,53114.87013715357
1.0620000000000007,53108.43421744877
1.0640000000000007,53101.99705820122
1.0660000000000007,53095.55870491399
1.0680000000000007,53089.11916774142
1.0700000000000007,53082.67328415441
1.0720000000000007,53076.21917271712
1.0740000000000007,53069.76821248837
1.0760000000000007,53063.322892171636
1.0780000000000007,53056.87120165073
1.0800000000000007,53050.418434847335
1.0820000000000007,53043.97115213775
1.0840000000000007,53037.51738202976
1.0860000000000007,53031.06244553872
1.0880000000000007,53024.60657684969
1.0900000000000007,53018.1498754735
1.0920000000000007,53011.6923796926
1.0940000000000007,53005.22773673118
1.0960000000000008,52998.76799152726
1.0980000000000008,52992.30783405737
1.1000000000000008,52985.8406814791
1.1020000000000008,52979.37843949545
1.1040000000000008,52972.90942761891
1.1060000000000008,52966.44541967986
1.1080000000000008,52959.9746570689
1.1100000000000008,52953.50255208243
1.1120000000000008,52947.029371337114
1.1140000000000008,52940.55523392717
1.1160000000000008,52934.080175027986
1.1180000000000008,52927.604213694605
1.1200000000000008,52921.127364286986
1.1220000000000008,52914.649657379276
1.1240000000000008,52908.1647700573
1.1260000000000008,52901.684717499804
1.1280000000000008,52895.19788902859
1.1300000000000008,52888.71606198528
1.1320000000000008,52882.22750201241
1.1340000000000008,52875.737604797905
1.1360000000000008,52869.25296478358
1.1380000000000008,52862.761697045
1.1400000000000008,52856.26910015741
1.1420000000000008,52849.775412659525
1.1440000000000008,52843.280745522985
1.1460000000000008,52836.778805368434
1.1480000000000008,52830.28159844686
1.1500000000000008,52823.7838533834
1.1520000000000008,52817.27900637199
1.1540000000000008,52810.77892553425
1.1560000000000008,52804.27197498032
1.1580000000000008,52797.763564325105
1.1600000000000008,52791.26030009474
1.1620000000000008,52784.750312147546
1.1640000000000008,52778.23890252477
1.1660000000000008,52771.72631590792
1.1680000000000008,52765.21265319464
1.1700000000000008,52758.6979532469
1.1720000000000008,52752.17591437273
1.1740000000000008,52745.658506391235
1.1760000000000008,52739.13415949249
1.1780000000000008,52732.6146013286
1.1800000000000008,52726.08815077404
1.1820000000000008,52719.5664923033
1.1840000000000008,52713.03792900637
1.1860000000000008,52706.507832661046
1.1880000000000008,52699.976480504294
1.1900000000000008,52693.44398836634
1.1920000000000008,52686.910404314665
1.1940000000000008,52680.36943556421
1.1960000000000008,52673.833031281094
1.1980000000000008,52667.29594363731
1.2000000000000008,52660.751632134095
1.2020000000000008,52654.21192547523
1.2040000000000008,52647.665235194705
1.2060000000000008,52641.11695560884
1.2080000000000009,52634.56737745562
1.2100000000000009,52628.01662403337
1.2120000000000009,52621.464737024355
1.2140000000000009,52614.91172943086
1.2160000000000009,52608.35759819459
1.2180000000000009,52601.80233579784
1.2200000000000009,52595.23964712945
1.2220000000000009,52588.68145340049
1.2240000000000009,52582.11623897517
1.2260000000000009,52575.54940266352
1.2280000000000009,52568.987521278745
1.2300000000000009,52562.41880376864
1.2320000000000009,52555.84853805714
1.2340000000000009,52549.277081502245
1.2360000000000009,52542.70467624293
1.2380000000000009,52536.12516184471
1.2400000000000009,52529.550496170385
1.2420000000000009,52522.97547580938
1.2440000000000009,52516.399865024454
1.2460000000000009,52509.817269208055
1.2480000000000009,52503.233256844374
1.2500000000000009,52496.6544704223
1.252000000000001,52490.0691853139
1.254000000000001,52483.48266518335
1.256000000000001,52476.90142080591
1.258000000000001,52470.31366270477
1.260000000000001,52463.72463533456
1.262000000000001,52457.1345790554
1.264000000000001,52450.53733227786
1.266000000000001,52443.94480873727
1.268000000000001,52437.35181135793
1.270000000000001,52430.758097497244
1.272000000000001,52424.15728911605
1.274000000000001,52417.561197961055
1.276000000000001,52410.95833665144
1.278000000000001,52404.35406663225
1.280000000000001,52397.74868522167
1.282000000000001,52391.148560467336
1.284000000000001,52384.54187767376
1.286000000000001,52377.93384335754
1.288000000000001,52371.31841887815
1.290000000000001,52364.707575643544
1.292000000000001,52358.09614756925
1.294000000000001,52351.48391904862
1.296000000000001,52344.8645195982
1.298000000000001,52338.24974741857
1.300000000000001,52331.628136109844
1.302000000000001,52325.0050414083
1.304000000000001,52318.380753902806
1.306000000000001,52311.761644016995
1.308000000000001,52305.13591406911
1.310000000000001,52298.50876265186
1.312000000000001,52291.87420371319
1.314000000000001,52285.244203549955
1.316000000000001,52278.613631793
1.318000000000001,52271.98228474978
1.320000000000001,52265.343807709374
1.322000000000001,52258.709976913065
1.324000000000001,52252.06934568802
1.326000000000001,52245.42726444241
1.328000000000001,52238.78401497109
1.330000000000001,52232.14595837511
1.332000000000001,52225.501324062934
1.334000000000001,52218.84905604231
1.336000000000001,52212.201191490174
1.338000000000001,52205.55266405741
1.340000000000001,52198.90328003043
1.342000000000001,52192.24671602816
1.344000000000001,52185.59471332191
1.346000000000001,52178.93586393758
1.348000000000001,52172.28172348229
1.350000000000001,52165.62078328789
1.352000000000001,52158.95833176466
1.354000000000001,52152.29464781078
1.356000000000001,52145.629846699005
1.358000000000001,52138.963976852545
1.360000000000001,52132.2970439331
1.362000000000001,52125.62904863155
1.364000000000001,52118.95376511426
1.366000000000001,52112.28296992934
1.368000000000001,52105.60528695282
1.370000000000001,52098.93225625982
1.372000000000001,52092.25238826708
1.374000000000001,52085.57097252344
1.376000000000001,52078.88827657228
1.378000000000001,52072.204423631905
1.380000000000001,52065.51945904316
1.382000000000001,52058.83339404653
1.384000000000001,52052.14001767376
1.386000000000001,52045.45108643584
1.388000000000001,52038.761443321
1.390000000000001,52032.064659408
1.392000000000001,52025.36622292069
1.394000000000001,52018.67280212817
1.396000000000001,52011.972896968335
1.398000000000001,52005.271760855954
1.400000000000001,51998.569663341244
1.402000000000001,51991.86672628299
1.404000000000001,51985.16298345141
1.406000000000001,51978.45845284731
1.408000000000001,51971.75311443109
1.410000000000001,51965.040772101296
1.412000000000001,51958.33314300037
1.414000000000001,51951.61889093363
1.416000000000001,51944.90951327787
1.418000000000001,51938.193557160936
1.420000000000001,51931.476284898265
1.422000000000001,51924.76414376518
1.424000000000001,51918.04552787813
1.426000000000001,51911.32561445124
1.428000000000001,51904.60463085981
1.430000000000001,51897.88268152313
1.432000000000001,51891.15363221929
1.434000000000001,51884.42919810147
1.436000000000001,51877.70424647347
1.438000000000001,51870.972369876705
1.440000000000001,51864.245145637426
1.442000000000001,51857.5112219627
1.444000000000001,51850.78205087783
1.446000000000001,51844.046208634616
1.448000000000001,51837.30893974058
1.450000000000001,51830.57052046824
1.452000000000001,51823.831065407765
1.454000000000001,51817.090619785915
1.456000000000001,51810.34919238111
1.458000000000001,51803.60061108052
1.460000000000001,51796.856556227576
1.462000000000001,51790.105735537654
1.464000000000001,51783.359606159356
1.466000000000001,51776.60676618899
1.468000000000001,51769.858617618585
1.470000000000001,51763.10375254115
1.472000000000001,51756.34739715984
1.474000000000001,51749.589827177675
1.476000000000001,51742.831163724484
1.478000000000001,51736.07144558661
1.480000000000001,51729.30453819264
1.482000000000001,51722.54209087973
1.484000000000001,51715.77285310513
1.486000000000001,51709.00824194504
1.488000000000001,51702.23688936089
1.490000000000001,51695.47017183979
1.492000000000001,51688.69670490394
1.494000000000001,51681.92170831061
1.496000000000001,51675.14545482063
1.498000000000001,51668.36806580658
1.500000000000001,51661.58961673313
1.5020000000000011,51654.80399415185
1.5040000000000011,51648.022856952484
1.5060000000000011,51641.24111400861
1.5080000000000011,51634.45354294758
1.5100000000000011,51627.67211376948
1.5120000000000011,51620.88516501094
1.5140000000000011,51614.103607247285
1.5160000000000011,51607.315746863234
1.5180000000000011,51600.53271225208
1.5200000000000011,51593.74304122907
1.5220000000000011,51586.95188624443
1.5240000000000011,51580.15949504162
1.5260000000000011,51573.36598607273
1.5280000000000011,51566.571402121124
1.5300000000000011,51559.77575955217
1.5320000000000011,51552.97905348107
1.5340000000000011,51546.17515224494
1.5360000000000011,51539.37565777649
1.5380000000000011,51532.56935859164
1.5400000000000011,51525.761509485616
1.5420000000000011,51518.95851832896
1.5440000000000011,51512.14890983461
1.5460000000000012,51505.33780356812
1.5480000000000012,51498.52543576627
1.5500000000000012,51491.71191962286
1.5520000000000012,51484.89125009758
1.5540000000000012,51478.075125507494
1.5560000000000012,51471.25855081606
1.5580000000000012,51464.43521283049
1.5600000000000012,51457.61660092549
1.5620000000000012,51450.79147942394
1.5640000000000012,51443.97118994763
1.5660000000000012,51437.14442330153
1.5680000000000012,51430.31636985859
1.5700000000000012,51423.487284569186
1.5720000000000012,51416.65729590547
1.5740000000000012,51409.826438149736
1.5760000000000012,51402.9947224849
1.5780000000000012,51396.16213862191
1.5800000000000012,51389.32257254352
1.5820000000000012,51382.487575590574
1.5840000000000012,51375.64598184225
1.5860000000000012,51368.80911607824
1.5880000000000012,51361.96570373697
1.5900000000000012,51355.120922030874
1.5920000000000012,51348.281131542826
1.5940000000000012,51341.43490810791
1.5960000000000012,51334.58733283356
1.5980000000000012,51327.73864225965
1.6000000000000012,51320.88284508673
1.6020000000000012,51314.03152780944
1.6040000000000012,51307.17965531971
1.6060000000000012,51300.32090605244
1.6080000000000012,51293.4666980388
1.6100000000000012,51286.605843038866
1.6120000000000012,51279.74962691296
1.6140000000000012,51272.886794102524
1.6160000000000012,51266.02251057464
1.6180000000000012,51259.157042649844
1.6200000000000012,51252.290515071625
1.6220000000000012,51245.42296975146
1.6240000000000012,51238.55442118906
1.6260000000000012,51231.678775625296
1.6280000000000012,51224.80754856537
1.6300000000000012,51217.935704002564
1.6320000000000012,51211.05692778632
1.6340000000000012,51204.17653720133
1.6360000000000012,51197.300954300714
1.6380000000000012,51190.41883084904
1.6400000000000012,51183.535257823845
1.6420000000000012,51176.65046185222
1.6440000000000012,51169.7645583833
1.6460000000000012,51162.87151646749
1.6480000000000012,51155.98284266233
1.6500000000000012,51149.09351303461
1.6520000000000012,51142.19723250434
1.6540000000000012,51135.30536988426
1.6560000000000012,51128.40678923867
1.6580000000000013,51121.506661668536
1.6600000000000013,51114.6052663761
1.6620000000000013,51107.702737111336
1.6640000000000013,51100.79911498201
1.6660000000000013,51093.89441264322
1.6680000000000013,51086.98863513183
1.6700000000000013,51080.08176988881
1.6720000000000013,51073.16775393453
1.6740000000000013,51066.25805052084
1.6760000000000013,51059.341588025665
1.6780000000000013,51052.423554421606
1.6800000000000013,51045.50423124144
1.6820000000000013,51038.58980673282
1.6840000000000013,51031.66888900975
1.6860000000000013,51024.7404577511
1.6880000000000013,51017.81619756526
1.6900000000000013,51010.891221846985
1.6920000000000013,51003.96536408048
1.6940000000000013,50997.03247127381
1.6960000000000013,50990.10394380829
1.6980000000000013,50983.168712326566
1.7000000000000013,50976.23194278665
1.7020000000000013,50969.29391815743
1.7040000000000013,50962.36081677903
1.7060000000000013,50955.421244080404
1.7080000000000013,50948.474157252946
1.7100000000000013,50941.53122946434
1.7120000000000013,50934.58765731628
1.7140000000000013,50927.643338763155
1.7160000000000013,50920.69218697244
1.7180000000000013,50913.74560751536
1.7200000000000013,50906.79256362016
1.7220000000000013,50899.838213895426
1.7240000000000013,50892.888876717
1.7260000000000013,50885.93325457859
1.7280000000000013,50878.97637426723
1.7300000000000013,50872.01846373232
1.7320000000000013,50865.05962192004
1.7340000000000013,50858.09386208786
1.7360000000000013,50851.13259818276
1.7380000000000013,50844.17085023163
1.7400000000000013,50837.2023622575
1.7420000000000013,50830.238414746105
1.7440000000000013,50823.267947865614
1.7460000000000013,50816.302117372514
1.7480000000000013,50809.32980015622
1.7500000000000013,50802.3560958343
1.7520000000000013,50795.381266504286
1.7540000000000013,50788.40543245034
1.7560000000000013,50781.428638640966
1.7580000000000013,50774.450896265116
1.7600000000000013,50767.466184109566
1.7620000000000013,50760.485877908526
1.7640000000000013,50753.49898464796
1.7660000000000013,50746.516663278046
1.7680000000000013,50739.52781291176
1.7700000000000014,50732.53752361125
1.7720000000000014,50725.55206895764
1.7740000000000014,50718.56020420593
1.7760000000000014,50711.566924974395
1.7780000000000014,50704.57246917329
1.7800000000000014,50697.57093736127
1.7820000000000014,50690.57372861148
1.7840000000000014,50683.57590633124
1.7860000000000014,50676.57124214495
1.7880000000000014,50669.57097720091
1.7900000000000014,50662.564099546704
1.7920000000000014,50655.55571730762
1.7940000000000014,50648.54610609865
1.7960000000000014,50641.53539483655
1.7980000000000014,50634.52363233095
1.8000000000000014,50627.510826709586
1.8020000000000014,50620.49697901142
1.8040000000000014,50613.48208020468
1.8060000000000014,50606.460133181245
1.8080000000000014,50599.44246510273
1.8100000000000014,50592.41813673884
1.8120000000000014,50585.39826111113
1.8140000000000014,50578.37179012101
1.8160000000000014,50571.34379072893
1.8180000000000014,50564.31452604618
1.8200000000000014,50557.28412519555
1.8220000000000014,50550.25262903171
1.8240000000000014,50543.21406969733
1.8260000000000014,50536.17976101377
1.8280000000000014,50529.14476735867
1.8300000000000014,50522.10288305563
1.8320000000000014,50515.05931812647
1.8340000000000014,50508.02039976478
1.8360000000000014,50500.974982241096
1.8380000000000014,50493.92805716681
1.8400000000000014,50486.879850041914
1.8420000000000014,50479.83048031154
1.8440000000000014,50472.77401602525
1.8460000000000014,50465.721764444854
1.8480000000000014,50458.66880501738
1.8500000000000014,50451.6089446125
1.8520000000000014,50444.54738601213
1.8540000000000014,50437.49044350498
1.8560000000000014,50430.426991321634
1.8580000000000014,50423.36200469703
1.8600000000000014,50416.29572659205
1.8620000000000014,50409.22826408236
1.8640000000000014,50402.15967695388
1.8660000000000014,50395.08402995517
1.8680000000000014,50388.01261578723
1.8700000000000014,50380.93459879601
1.8720000000000014,50373.861107613506
1.8740000000000014,50366.78121548231
1.8760000000000014,50359.69999923899
1.8780000000000014,50352.623693802605
1.8800000000000014,50345.54117003657
1.8820000000000014,50338.457376439204
1.8840000000000015,50331.36658967208
1.8860000000000015,50324.28017093819
1.8880000000000015,50317.19325324733
1.8900000000000015,50310.10563168436
1.8920000000000015,50303.01124247094
1.8940000000000015,50295.92127126405
1.8960000000000015,50288.824844527524
1.8980000000000015,50281.72702507587
1.9000000000000015,50274.634039980214
1.9020000000000015,50267.53477996088
1.9040000000000015,50260.43417696368
1.9060000000000015,50253.332460984486
1.9080000000000015,50246.229740487885
1.9100000000000015,50239.12011316867
1.9120000000000015,50232.0148159205
1.9140000000000015,50224.908962639915
1.9160000000000015,50217.79638789251
1.9180000000000015,50210.6881956308
1.9200000000000015,50203.57350611277
1.9220000000000015,50196.4573623311
1.9240000000000015,50189.34003778824
1.9260000000000015,50182.221660758245
1.9280000000000015,50175.1022754396
1.9300000000000015,50167.98189739926
1.9320000000000015,50160.86051983075
1.9340000000000015,50153.738138845176
1.9360000000000015,50146.60881593647
1.9380000000000015,50139.48374505493
1.9400000000000015,50132.352125731406
1.9420000000000015,50125.21900168548
1.9440000000000015,50118.08465610985
1.9460000000000015,50110.95514416375
1.9480000000000015,50103.81931794635
1.9500000000000015,50096.67613690128
1.9520000000000015,50089.53700413044
1.9540000000000015,50082.3971536749
1.9560000000000015,50075.256414741496
1.9580000000000015,50068.108770669605
1.9600000000000015,50060.965355854016
1.9620000000000015,50053.81535733085
1.9640000000000015,50046.66381969763
1.9660000000000015,50039.51102163937
1.9680000000000015,50032.357086547134
1.9700000000000015,50025.20207185395
1.9720000000000015,50018.04598329313
1.9740000000000015,50010.88882319506
1.9760000000000015,50003.73058510529
1.9780000000000015,49996.565356483196
1.9800000000000015,49989.40428979228
1.9820000000000015,49982.23661839021
1.9840000000000015,49975.067380019966
1.9860000000000015,49967.8968523063
1.9880000000000015,49960.72517017539
1.9900000000000015,49953.55237884217
1.9920000000000015,49946.37849182477
1.9940000000000015,49939.20350439635
1.9960000000000016,49932.0274179068
1.9980000000000016,49924.8443231844
2.0000000000000013,49917.66535983339
2.002000000000001,49910.47977876087
2.004000000000001,49903.29260766909
2.0060000000000007,49896.10412832581
2.0080000000000005,49888.914468268864
2.0100000000000002,49881.7236780199
2.012,49874.531770796944
2.014,49867.338749552546
2.0159999999999996,49860.144602084016
2.0179999999999993,49852.94344055533
2.019999999999999,49845.7463804374
2.021999999999999,49838.54269306074
2.0239999999999987,49831.33740143442
2.0259999999999985,49824.13077924067
2.0279999999999982,49816.9229665245
2.029999999999998,49809.71407360137
2.031999999999998,49802.50417680222
2.0339999999999976,49795.293314472685
2.0359999999999974,49788.08150820406
2.037999999999997,49780.86287970964
2.039999999999997,49773.64853792093
2.0419999999999967,49766.427792411734
2.0439999999999965,49759.21152752958
2.0459999999999963,49751.98894495383
2.047999999999996,49744.76498661991
2.049999999999996,49737.53991759539
2.0519999999999956,49730.31385995609
2.0539999999999954,49723.086856971175
2.055999999999995,49715.8589222861
2.057999999999995,49708.6241791331
2.0599999999999947,49701.39370154754
2.0619999999999945,49694.15679954904
2.0639999999999943,49686.92432596179
2.065999999999994,49679.68548409797
2.067999999999994,49672.445219613386
2.0699999999999936,49665.20378198305
2.0719999999999934,49657.961300904055
2.073999999999993,49650.717813148374
2.075999999999993,49643.47334096796
2.0779999999999927,49636.22787466514
2.0799999999999925,49628.981407442756
2.0819999999999923,49621.72807772051
2.083999999999992,49614.47893644721
2.085999999999992,49607.223316919684
2.0879999999999916,49599.96620062533
2.0899999999999914,49592.71371737935
2.091999999999991,49585.45494799948
2.093999999999991,49578.194741927175
2.0959999999999908,49570.92747437437
2.0979999999999905,49563.664289997076
2.0999999999999903,49556.400442147926
2.10199999999999,49549.13572397671
2.10399999999999,49541.864187307794
2.1059999999999897,49534.590958798515
2.1079999999999894,49527.3222545974
2.109999999999989,49520.04721452749
2.111999999999989,49512.77069933299
2.1139999999999888,49505.49294088724
2.1159999999999886,49498.21404633483
2.1179999999999883,49490.9340609858
2.119999999999988,49483.62970137971
2.121999999999988,49476.3466019199
2.1239999999999877,49469.05717219361
2.1259999999999875,49461.77210635752
2.1279999999999872,49454.48061768104
2.129999999999987,49447.18758784949
2.131999999999987,49439.89327474579
2.1339999999999866,49432.59779361437
2.1359999999999864,49425.30119477806
2.137999999999986,49418.00349641953
2.139999999999986,49410.70469188781
2.1419999999999857,49403.398957348334
2.1439999999999855,49396.09727719115
2.1459999999999853,49388.78905692704
2.147999999999985,49381.48506266136
2.149999999999985,49374.17574214948
2.1519999999999846,49366.86647271905
2.1539999999999844,49359.55715655635
2.155999999999984,49352.25326238741
2.157999999999984,49344.94349849382
2.1599999999999837,49337.63242573614
2.1619999999999835,49330.32012729011
2.1639999999999833,49323.00083987307
2.165999999999983,49315.68555410621
2.167999999999983,49308.3695177625
2.1699999999999826,49301.04670616797
2.1719999999999824,49293.72216377482
2.173999999999982,49286.40204363517
2.175999999999982,49279.07553994893
2.1779999999999817,49271.7474808455
2.1799999999999815,49264.418089906016
2.1819999999999813,49257.08748675837
2.183999999999981,49249.74990707519
2.185999999999981,49242.41632075693
2.1879999999999806,49235.07621893957
2.1899999999999804,49227.74038786476
2.19199999999998,49220.398200052296
2.19399999999998,49213.05456484518
2.1959999999999797,49205.709743551255
2.1979999999999795,49198.369666521656
2.1999999999999793,49191.01765391005
2.201999999999979,49183.669394328026
2.203999999999979,49176.32034907143
2.2059999999999786,49168.97041317398
2.2079999999999784,49161.61372967341
2.209999999999978,49154.261183557195
2.211999999999978,49146.90223267672
2.2139999999999778,49139.54179539497
2.2159999999999775,49132.180164247315
2.2179999999999773,49124.82326074274
2.219999999999977,49117.46021820432
2.221999999999977,49110.09000538797
2.2239999999999767,49102.72374289551
2.2259999999999764,49095.3567923904
2.227999999999976,49087.98321276407
2.229999999999976,49080.61380813745
2.231999999999976,49073.238018228316
2.2339999999999756,49065.866509657026
2.2359999999999753,49058.488654033295
2.237999999999975,49051.109301256
2.239999999999975,49043.728716061414
2.2419999999999747,49036.34701343935
2.2439999999999745,49028.958475193234
2.2459999999999742,49021.57399839797
2.247999999999974,49014.188864974814
2.249999999999974,49006.797085118524
2.2519999999999736,48999.409424600155
2.2539999999999734,48992.015342424915
2.255999999999973,48984.619708894184
2.257999999999973,48977.22280328138
2.2599999999999727,48969.82474860875
2.2619999999999725,48962.425596326466
2.2639999999999723,48955.025363657856
2.265999999999972,48947.6182798863
2.267999999999972,48940.215213869255
2.2699999999999716,48932.80568217783
2.2719999999999714,48925.40033335244
2.273999999999971,48917.9885853076
2.275999999999971,48910.57527807544
2.2779999999999707,48903.16066742486
2.2799999999999705,48895.74487505733
2.2819999999999703,48888.32795463323
2.28399999999997,48880.90991445377
2.28599999999997,48873.48501172796
2.2879999999999696,48866.06407845121
2.2899999999999694,48858.63666273365
2.291999999999969,48851.213390583325
2.293999999999969,48843.78370397908
2.2959999999999687,48836.3524267697
2.2979999999999685,48828.91981841293
2.2999999999999683,48821.48600471705
2.301999999999968,48814.05103621426
2.303999999999968,48806.60918175863
2.3059999999999676,48799.17126990044
2.3079999999999674,48791.72686502542
2.309999999999967,48784.28657475517
2.311999999999967,48776.83985923024
2.3139999999999668,48769.391533759226
2.3159999999999665,48761.941860195904
2.3179999999999663,48754.49096047175
2.319999999999966,48747.03887981527
2.321999999999966,48739.57991033715
2.3239999999999656,48732.12485517819
2.3259999999999654,48724.66902947406
2.327999999999965,48717.20648680506
2.329999999999965,48709.7421922067
2.3319999999999648,48702.276480932924
2.3339999999999645,48694.80950994869
2.3359999999999643,48687.34134873776
2.337999999999964,48679.87201501841
2.339999999999964,48672.40151407876
2.3419999999999637,48664.92983790488
2.3439999999999634,48657.451269708734
2.3459999999999632,48649.9709044522
2.347999999999963,48642.4948940532
2.349999999999963,48635.012680886575
2.3519999999999626,48627.529019656446
2.3539999999999623,48620.04414962603
2.355999999999962,48612.558182948145
2.357999999999962,48605.07116405268
2.3599999999999617,48597.57739157168
2.3619999999999615,48590.08763292351
2.3639999999999612,48582.597216713126
2.365999999999961,48575.10021821342
2.367999999999961,48567.60157588066
2.3699999999999606,48560.101625568874
2.3719999999999604,48552.60622625208
2.37399999999996,48545.10468799594
2.37599999999996,48537.59598613843
2.3779999999999597,48530.09107653207
2.3799999999999595,48522.585403143545
2.3819999999999593,48515.073113927574
2.383999999999959,48507.56486698689
2.385999999999959,48500.05027044921
2.3879999999999586,48492.5341370598
2.3899999999999584,48485.02243815226
2.391999999999958,48477.5045615341
2.393999999999958,48469.985207692625
2.3959999999999577,48462.45890055568
2.3979999999999575,48454.936481859004
2.3999999999999573,48447.413345928406
2.401999999999957,48439.88361253473
2.403999999999957,48432.357892672204
2.4059999999999566,48424.82580135209
2.4079999999999564,48417.292135406016
2.409999999999956,48409.75716371407
2.411999999999956,48402.22101552097
2.4139999999999557,48394.6837394656
2.4159999999999555,48387.14535317397
2.4179999999999553,48379.605848894345
2.419999999999955,48372.059548195095
2.421999999999955,48364.51714170226
2.4239999999999546,48356.96831753269
2.4259999999999544,48349.41788148604
2.427999999999954,48341.86611073253
2.429999999999954,48334.313136787474
2.4319999999999538,48326.75900764471
2.4339999999999535,48319.203740837605
2.4359999999999533,48311.64733210784
2.437999999999953,48304.08410838735
2.439999999999953,48296.52474241997
2.4419999999999527,48288.95893714908
2.4439999999999524,48281.397168384516
2.445999999999952,48273.82902749042
2.447999999999952,48266.25926907689
2.4499999999999518,48258.68814673773
2.4519999999999516,48251.11012269734
2.4539999999999513,48243.53591570651
2.455999999999951,48235.960925864565
2.457999999999951,48228.3792863239
2.4599999999999507,48220.80155045312
2.4619999999999505,48213.217386360906
2.4639999999999502,48205.63156429421
2.46599999999995,48198.04436081594
2.46799999999995,48190.45589756065
2.4699999999999496,48182.866231114596
2.4719999999999493,48175.27537464413
2.473999999999949,48167.677680060355
2.475999999999949,48160.083787824326
2.4779999999999487,48152.48343848253
2.4799999999999485,48144.88141176896
2.4819999999999482,48137.27798750401
2.483999999999948,48129.6732947797
2.485999999999948,48122.03919674844
2.4879999999999476,48114.43155076476
2.4899999999999474,48106.82304968063
2.491999999999947,48099.20785677236
2.493999999999947,48091.59650828169
2.4959999999999467,48083.97871105689
2.4979999999999465,48076.364867731434
2.4999999999999463,48068.74462368211
2.501999999999946,48061.12272142685
2.503999999999946,48053.49946466065
2.5059999999999456,48045.86937830708
2.5079999999999454,48038.243146005894
2.509999999999945,48030.616207619336
2.511999999999945,48022.98273762031
2.5139999999999447,48015.347592755315
2.5159999999999445,48007.71673807132
2.5179999999999443,48000.07972657397
2.519999999999944,47992.441208884135
2.521999999999944,47984.80140035682
2.5239999999999436,47977.160413149315
2.5259999999999434,47969.51266544514
2.527999999999943,47961.86876389875
2.529999999999943,47954.218503831864
2.5319999999999427,47946.57226661582
2.5339999999999425,47938.91973891544
2.5359999999999423,47931.265625474625
2.537999999999942,47923.61017311533
2.539999999999942,47915.953512258915
2.5419999999999416,47908.29568772989
2.5439999999999414,47900.63671788751
2.545999999999941,47892.97660321799
2.547999999999941,47885.309735197705
2.5499999999999408,47877.64107132812
2.5519999999999405,47869.97661576024
2.5539999999999403,47862.30598169668
2.55599999999994,47854.63380761269
2.55799999999994,47846.96032045641
2.5599999999999397,47839.28562312181
2.5619999999999394,47831.60415789315
2.563999999999939,47823.9264873395
2.565999999999939,47816.248053764946
2.5679999999999388,47808.563047558724
2.5699999999999386,47800.87629287621
2.5719999999999383,47793.18812889843
2.573999999999938,47785.50430950424
2.575999999999938,47777.808756558785
2.5779999999999377,47770.11659161792
2.5799999999999375,47762.423457314115
2.5819999999999372,47754.72926012405
2.583999999999937,47747.028333948576
2.585999999999937,47739.33117810399
2.5879999999999366,47731.627631920725
2.5899999999999364,47723.92241755284
2.591999999999936,47716.21580744515
2.593999999999936,47708.50792763047
2.5959999999999357,47700.798837315524
2.5979999999999355,47693.08295463989
2.5999999999999353,47685.37080785408
2.601999999999935,47677.65225125614
2.603999999999935,47669.93759889679
2.6059999999999346,47662.216608464856
2.6079999999999344,47654.493953419915
2.609999999999934,47646.769880876265
2.611999999999934,47639.044516220565
2.6139999999999337,47631.317911367725
2.6159999999999335,47623.5845051461
2.6179999999999333,47615.85479486174
2.619999999999933,47608.11866415934
2.621999999999933,47600.38640949269
2.6239999999999326,47592.647802152045
2.6259999999999324,47584.907509409786
2.627999999999932,47577.16577854726
2.629999999999932,47569.42273866866
2.6319999999999317,47561.67286884527
2.6339999999999315,47553.926666266816
2.6359999999999313,47546.174036445904
2.637999999999931,47538.42526018923
2.639999999999931,47530.67012872411
2.6419999999999306,47522.9132945789
2.6439999999999304,47515.15501033815
2.64599999999993,47507.39539862659
2.64799999999993,47499.63451219126
2.6499999999999297,47491.86680786637
2.6519999999999295,47484.102750904225
2.6539999999999293,47476.33226168205
2.655999999999929,47468.56559229193
2.657999999999929,47460.79258433903
2.6599999999999286,47453.017913144846
2.6619999999999284,47445.241865246644
2.663999999999928,47437.46458485913
2.665999999999928,47429.680572736805
2.6679999999999278,47421.900302366674
2.6699999999999275,47414.1137124398
2.6719999999999273,47406.33104093168
2.673999999999927,47398.542118344965
2.675999999999927,47390.75157735665
2.6779999999999267,47382.9596686754
2.6799999999999264,47375.16650931665
2.681999999999926,47367.37215619174
2.683999999999926,47359.5710728665
2.685999999999926,47351.77369641508
2.6879999999999256,47343.96997079471
2.6899999999999253,47336.17012001636
2.691999999999925,47328.36399143769
2.693999999999925,47320.55620973506
2.6959999999999247,47312.74702647652
2.6979999999999245,47304.93656303709
2.6999999999999242,47297.12487096897
2.701999999999924,47289.30643288424
2.703999999999924,47281.491652128825
2.7059999999999236,47273.670510846896
2.7079999999999234,47265.847679247316
2.709999999999923,47258.03026527395
2.711999999999923,47250.20836472258
2.7139999999999227,47242.38612954702
2.7159999999999225,47234.56883422362
2.7179999999999223,47226.74582489349
2.719999999999922,47218.91588950145
2.721999999999922,47211.08949944393
2.7239999999999216,47203.262228232066
2.7259999999999214,47195.42837403323
2.727999999999921,47187.598224366455
2.729999999999921,47179.761726055935
2.7319999999999207,47171.92351820633
2.7339999999999205,47164.08386990797
2.7359999999999203,47156.24290533795
2.73799999999992,47148.40067549875
2.73999999999992,47140.55720317507
2.7419999999999196,47132.71248869775
2.7439999999999194,47124.861007020154
2.745999999999919,47117.007612440575
2.747999999999919,47109.15819281875
2.7499999999999187,47101.30256865134
2.7519999999999185,47093.44527973949
2.7539999999999183,47085.58103815387
2.755999999999918,47077.720307894815
2.757999999999918,47069.85867418169
2.7599999999999176,47061.99044835324
2.7619999999999174,47054.125872670505
2.763999999999917,47046.254925460766
2.765999999999917,47038.38222520009
2.7679999999999167,47030.50804037503
2.7699999999999165,47022.63249535324
2.7719999999999163,47014.755647551276
2.773999999999916,47006.87201308902
2.775999999999916,46998.9919318948
2.7779999999999156,46991.10544560898
2.7799999999999154,46983.217191153366
2.781999999999915,46975.33293164972
2.783999999999915,46967.442471023074
2.7859999999999148,46959.54482185036
2.7879999999999145,46951.65051457581
2.7899999999999143,46943.75521395855
2.791999999999914,46935.85328551138
2.793999999999914,46927.95494711616
2.7959999999999137,46920.0502222424
2.7979999999999134,46912.14371674042
2.7999999999999132,46904.23569187272
2.801999999999913,46896.32627882448
2.803999999999913,46888.41552856367
2.8059999999999126,46880.49798359383
2.8079999999999123,46872.58393801918
2.809999999999912,46864.66348000721
2.811999999999912,46856.746712788394
2.8139999999999117,46848.823644554715
2.8159999999999115,46840.89887051172
2.8179999999999112,46832.9726559071
2.819999999999911,46825.039661691655
2.821999999999911,46817.110226536905
2.8239999999999106,46809.17994323939
2.8259999999999104,46801.243141796
2.82799999999991,46793.304522705024
2.82999999999991,46785.36441085767
2.8319999999999097,46777.422960086864
2.8339999999999095,46769.480236551084
2.8359999999999093,46761.536264913106
2.837999999999909,46753.5910389434
2.839999999999909,46745.63909838015
2.8419999999999086,46737.69069361068
2.8439999999999084,46729.73594152521
2.845999999999908,46721.779441550956
2.847999999999908,46713.82146163856
2.8499999999999077,46705.862130370675
2.8519999999999075,46697.90150390507
2.8539999999999073,46689.93959521159
2.855999999999907,46681.97095174198
2.857999999999907,46674.00581456803
2.8599999999999066,46666.018341653726
2.8619999999999064,46658.04479498925
2.863999999999906,46650.069918103065
2.865999999999906,46642.09375801523
2.8679999999999057,46634.116327291136
2.8699999999999055,46626.13762366246
2.8719999999999053,46618.152198276446
2.873999999999905,46610.17026720132
2.875999999999905,46602.18198100994
2.8779999999999046,46594.191923336235
2.8799999999999044,46586.20036429533
2.881999999999904,46578.207429554146
2.883999999999904,46570.21317635816
2.8859999999999038,46562.212177826754
2.8879999999999035,46554.21465400117
2.8899999999999033,46546.210765288495
2.891999999999903,46538.210521251494
2.893999999999903,46530.20398222305
2.8959999999999027,46522.195668129985
2.8979999999999024,46514.185830647926
2.899999999999902,46506.17459095488
2.901999999999902,46498.156574459084
2.9039999999999018,46490.14198956197
2.9059999999999016,46482.12102876611
2.9079999999999013,46474.09825547384
2.909999999999901,46466.073942635354
2.911999999999901,46458.04822045769
2.9139999999999007,46450.02113363546
2.9159999999999004,46441.99270714607
2.9179999999999002,46433.96293521203
2.9199999999999,46425.92639425259
2.9219999999999,46417.887842817305
2.9239999999998996,46409.85306637687
2.9259999999998993,46401.81207804599
2.927999999999899,46393.769329069386
2.929999999999899,46385.71962170113
2.9319999999998987,46377.67323452858
2.9339999999998985,46369.62584063077
2.9359999999998982,46361.571847805004
2.937999999999898,46353.5159053038
2.939999999999898,46345.46374469978
2.9419999999998976,46337.40537061504
2.9439999999998974,46329.33980899748
2.945999999999897,46321.27743259249
2.947999999999897,46313.213981447116
2.9499999999998967,46305.14390523844
2.9519999999998965,46297.07726474574
2.9539999999998963,46289.00424144239
2.955999999999896,46280.92935956144
2.957999999999896,46272.85288222815
2.9599999999998956,46264.77493705419
2.9619999999998954,46256.69558278715
2.963999999999895,46248.60943613505
2.965999999999895,46240.52126813832
2.9679999999998947,46232.43687162975
2.9699999999998945,46224.34632159423
2.9719999999998943,46216.254053919714
2.973999999999894,46208.16029332475
2.975999999999894,46200.06514526351
2.9779999999998936,46191.963268404514
2.9799999999998934,46183.86479705035
2.981999999999893,46175.75999289139
2.983999999999893,46167.6587731228
2.9859999999998927,46159.551289055686
2.9879999999998925,46151.442017107285
2.9899999999998923,46143.3312039422
2.991999999999892,46135.213589137886
2.993999999999892,46127.099324497685
2.9959999999998916,46118.97870614864
2.9979999999998914,46110.8616421657
2.999999999999891,46102.73830386949
3.001999999999891,46094.613156822765
3.0039999999998908,46086.48644396982
3.0059999999998905,46078.35829179494
3.0079999999998903,46070.22337762298
3.00999999999989,46062.091797043475
3.01199999999989,46053.95385619375
3.0139999999998897,46045.81943247716
3.0159999999998894,46037.678715816364
3.017999999999889,46029.536167948885
3.019999999999889,46021.392041910796
3.0219999999998888,46013.241099912935
3.0239999999998886,46005.09346481012
3.0259999999998883,45996.93946999211
3.027999999999888,45988.788990146815
3.029999999999888,45980.63222795258
3.0319999999998877,45972.47363492707
3.0339999999998875,45964.31345283321
3.0359999999998872,45956.151807643924
3.037999999999887,45947.98339334187
3.039999999999887,45939.81827633499
3.0419999999998866,45931.64678872609
3.0439999999998864,45923.47878228121
3.045999999999886,45915.30447502058
3.047999999999886,45907.12831354556
3.0499999999998857,45898.945184804914
3.0519999999998855,45890.765259389686
3.0539999999998853,45882.58427760557
3.055999999999885,45874.396712532674
3.057999999999885,45866.20714674485
3.0599999999998846,45858.02125397177
3.0619999999998844,45849.829159991175
3.063999999999884,45841.63523771769
3.065999999999884,45833.43435693679
3.0679999999998837,45825.23665119518
3.0699999999998835,45817.03252825921
3.0719999999998833,45808.83182632497
3.073999999999883,45800.62480637474
3.075999999999883,45792.41589934682
3.0779999999998826,45784.20534504075
3.0799999999998824,45775.98793569381
3.081999999999882,45767.77373066903
3.083999999999882,45759.55845004866
3.0859999999998817,45751.33657392893
3.0879999999998815,45743.112663242326
3.0899999999998813,45734.887040390706
3.091999999999881,45726.65986121251
3.093999999999881,45718.43119815023
3.0959999999998806,45710.20107197831
3.0979999999998804,45701.964161816606
3.09999999999988,45693.72513007767
3.10199999999988,45685.48966966893
3.1039999999998797,45677.24797741802
3.1059999999998795,45669.0044130399
3.1079999999998793,45660.753876817216
3.109999999999879,45652.50644762961
3.111999999999879,45644.25789763118
3.1139999999998786,45636.00273664696
3.1159999999998784,45627.7455252309
3.117999999999878,45619.48661377581
3.119999999999878,45611.226180295256
3.1219999999998778,45602.96430347939
3.1239999999998775,45594.70101280761
3.1259999999998773,45586.43100397317
3.127999999999877,45578.15892016556
3.129999999999877,45569.890442042066
3.1319999999998767,45561.61579398671
3.1339999999998764,45553.3393195363
3.135999999999876,45545.06123215773
3.137999999999876,45536.776337728974
3.139999999999876,45528.49462304847
3.1419999999998756,45520.20653827983
3.1439999999998753,45511.92183890539
3.145999999999875,45503.63084645612
3.147999999999875,45495.33795510532
3.1499999999998747,45487.03810632626
3.1519999999998745,45478.74135932861
3.1539999999998742,45470.44350345471
3.155999999999874,45462.13907524534
3.157999999999874,45453.832598454945
3.1599999999998736,45445.52439978942
3.1619999999998734,45437.214631159804
3.163999999999873,45428.903364302794
3.165999999999873,45420.590619592775
3.1679999999998727,45412.27111725009
3.1699999999998725,45403.95477525088
3.1719999999998723,45395.63204917527
3.173999999999872,45387.30737482328
3.175999999999872,45378.981020019855
3.1779999999998716,45370.6531104222
3.1799999999998714,45362.32370430408
3.181999999999871,45353.987535751774
3.183999999999871,45345.65450739318
3.1859999999998707,45337.31508689461
3.1879999999998705,45328.97370345002
3.1899999999998703,45320.630613481044
3.19199999999987,45312.28595391605
3.19399999999987,45303.93450111806
3.1959999999998696,45295.58616128094
3.1979999999998694,45287.23142043125
3.199999999999869,45278.88130703589
3.201999999999869,45270.52656011134
3.2039999999998687,45262.17116087272
3.2059999999998685,45253.820142511184
3.2079999999998683,45245.46338317388
3.209999999999868,45237.09966869304
3.211999999999868,45228.73893795956
3.2139999999998676,45220.37700820563
3.2159999999998674,45212.00845209789
3.217999999999867,45203.637771798254
3.219999999999867,45195.26528815488
3.2219999999998667,45186.89116808716
3.2239999999998665,45178.51548045542
3.2259999999998663,45170.13824876479
3.227999999999866,45161.7542198466
3.229999999999866,45153.3732383263
3.2319999999998656,45144.9858289247
3.2339999999998654,45136.59639125824
3.235999999999865,45128.205185865874
3.237999999999865,45119.812345020946
3.2399999999998648,45111.4126766943
3.2419999999998645,45103.016034788954
3.2439999999998643,45094.6129588901
3.245999999999864,45086.20784373331
3.247999999999864,45077.800956964486
3.2499999999998637,45069.39242106634
3.2519999999998634,45060.982297433984
3.2539999999998632,45052.565359694294
3.255999999999863,45044.14618523409
3.257999999999863,45035.73038826501
3.2599999999998626,45027.3083361623
3.2619999999998623,45018.88430218022
3.263999999999862,45010.45327067451
3.265999999999862,45002.02518424357
3.2679999999998617,44993.59590561077
3.2699999999998615,44985.1600410959
3.2719999999998612,44976.722068410745
3.273999999999861,44968.282304457854
3.275999999999861,44959.840917060865
3.2779999999998606,44951.3979672095
3.2799999999998604,44942.94825089633
3.28199999999986,44934.50156510002
3.28399999999986,44926.04848770802
3.2859999999998597,44917.593383916595
3.2879999999998595,44909.13652266115
3.2899999999998593,44900.67802887335
3.291999999999859,44892.21795725066
3.293999999999859,44883.751102588314
3.2959999999998586,44875.282028106216
3.2979999999998584,44866.81631640074
3.299999999999858,44858.34437964921
3.301999999999858,44849.87046875715
3.3039999999998577,44841.389584516975
3.3059999999998575,44832.91159938212
3.3079999999998573,44824.42716667254
3.309999999999857,44815.94588339256
3.311999999999857,44807.45825605698
3.3139999999998566,44798.96859829636
3.3159999999998564,44790.47714989283
3.317999999999856,44781.978829883265
3.319999999999856,44773.4834481407
3.3219999999998557,44764.98164035862
3.3239999999998555,44756.47776995449
3.3259999999998553,44747.97209615334
3.327999999999855,44739.46475417497
3.329999999999855,44730.95579039411
3.3319999999998546,44722.44522639812
3.3339999999998544,44713.927861991455
3.335999999999854,44705.40822723688
3.337999999999854,44696.88668830778
3.3399999999998538,44688.363432184015
3.3419999999998535,44679.838528456996
3.3439999999998533,44671.31201100645
3.345999999999853,44662.77867957663
3.347999999999853,44654.24825934886
3.3499999999998527,44645.71139277221
3.3519999999998524,44637.172418036265
3.353999999999852,44628.63159534486
3.355999999999852,44620.08386793346
3.3579999999998518,44611.539005803716
3.3599999999998515,44602.98768519126
3.3619999999998513,44594.43943359228
3.363999999999851,44585.88480852274
3.365999999999851,44577.32290117053
3.3679999999998507,44568.76365701498
3.3699999999998504,44560.203049678305
3.3719999999998502,44551.635768094086
3.37399999999985,44543.06624557029
3.37599999999985,44534.49997897225
3.3779999999998496,44525.9222626718
3.3799999999998493,44517.34699806381
3.381999999999849,44508.77025078575
3.383999999999849,44500.186774189184
3.3859999999998487,44491.60619169031
3.3879999999998485,44483.01916122627
3.3899999999998482,44474.42998581273
3.391999999999848,44465.833753463696
3.393999999999848,44457.24026651281
3.3959999999998476,44448.645446935596
3.3979999999998474,44440.043963190394
3.399999999999847,44431.440217304575
3.401999999999847,44422.834520585995
3.4039999999998467,44414.22703743335
3.4059999999998465,44405.61267349513
3.4079999999998463,44397.00111249618
3.409999999999846,44388.38307566328
3.411999999999846,44379.762893095925
3.4139999999998456,44371.1408368983
3.4159999999998454,44362.517051656396
3.417999999999845,44353.891589405546
3.419999999999845,44345.25932400549
3.4219999999998447,44336.62989596317
3.4239999999998445,44327.99403504455
3.4259999999998443,44319.35603347553
3.427999999999844,44310.71615567889
3.429999999999844,44302.07452972151
3.4319999999998436,44293.42606290878
3.4339999999998434,44284.78040076592
3.435999999999843,44276.12829185538
3.437999999999843,44267.474025855314
3.4399999999998427,44258.81786217502
3.4419999999998425,44250.1547914515
3.4439999999998423,44241.494485882446
3.445999999999842,44232.82771514409
3.447999999999842,44224.163912323886
3.4499999999998416,44215.493725553024
3.4519999999998414,44206.82138415217
3.453999999999841,44198.141999241416
3.455999999999841,44189.465299122116
3.4579999999998408,44180.78210958597
3.4599999999998405,44172.096734382525
3.4619999999998403,44163.41457217317
3.46399999999984,44154.7210298672
3.46599999999984,44146.029849335515
3.4679999999998397,44137.3371403929
3.4699999999998394,44128.637693167635
3.471999999999839,44119.935918581075
3.473999999999839,44111.23214627634
3.4759999999998388,44102.52654713151
3.4779999999998386,44093.81919046244
3.4799999999998383,44085.11009993307
3.481999999999838,44076.39415792826
3.483999999999838,44067.67581939712
3.4859999999998377,44058.955445583095
3.4879999999998375,44050.233219192785
3.4899999999998372,44041.50921371149
3.491999999999837,44032.77834878873
3.493999999999837,44024.050184427484
3.4959999999998366,44015.31552793981
3.4979999999998364,44006.57863578368
3.499999999999836,43997.83977206904
3.501999999999836,43989.09906197696
3.5039999999998357,43980.35145597981
3.5059999999998355,43971.60141556792
3.5079999999998353,43962.85441777389
3.509999999999835,43954.1010999838
3.511999999999835,43945.340509005466
3.5139999999998346,43936.58239394709
3.5159999999998344,43927.81769181231
3.517999999999834,43919.055803885305
3.519999999999834,43910.287478986305
3.5219999999998337,43901.51691744777
3.5239999999998335,43892.74436183755
3.5259999999998333,43883.96483384476
3.527999999999833,43875.187919045464
3.529999999999833,43866.40447911001
3.5319999999998326,43857.61876487225
3.5339999999998324,43848.83103687449
3.535999999999832,43840.0414267055
3.537999999999832,43831.24489836699
3.5399999999998317,43822.45098699763
3.5419999999998315,43813.65055056211
3.5439999999998313,43804.84782725961
3.545999999999831,43796.043075528694
3.547999999999831,43787.231342596664
3.5499999999998306,43778.4221893152
3.5519999999998304,43769.60650224281
3.55399999999983,43760.78853166685
3.55599999999983,43751.968551662394
3.5579999999998297,43743.14670056435
3.5599999999998295,43734.32304536135
3.5619999999998293,43725.49252438724
3.563999999999829,43716.66462918983
3.565999999999829,43707.830239885574
3.5679999999998286,43698.99357653399
3.5699999999998284,43690.14983291446
3.571999999999828,43681.30861178262
3.573999999999828,43672.4608627876
3.5759999999998278,43663.61589788492
3.5779999999998275,43654.76450771274
3.5799999999998273,43645.910860173564
3.581999999999827,43637.05012640528
3.583999999999827,43628.19189255382
3.5859999999998267,43619.3271156832
3.5879999999998264,43610.46003075112
3.589999999999826,43601.59091222497
3.591999999999826,43592.71988784292
3.593999999999826,43583.84701784891
3.5959999999998256,43574.96726290161
3.5979999999998253,43566.08501682801
3.599999999999825,43557.205700722676
3.601999999999825,43548.31499656004
3.6039999999998247,43539.42644834581
3.6059999999998245,43530.536237985514
3.6079999999998242,43521.63924137407
3.609999999999824,43512.73979456346
3.611999999999824,43503.838223567654
3.6139999999998236,43494.93469628599
3.6159999999998234,43486.029287363934
3.617999999999823,43477.116970529765
3.619999999999823,43468.20717762348
3.6219999999998227,43459.290847297765
3.6239999999998225,43450.37217495893
3.6259999999998223,43441.44637616633
3.627999999999822,43432.522995657484
3.629999999999822,43423.59964277214
3.6319999999998216,43414.67129070192
3.6339999999998214,43405.74682090812
3.635999999999821,43396.81664483862
3.637999999999821,43387.884563830994
3.6399999999998207,43378.95059535899
3.6419999999998205,43370.009708821846
3.6439999999998203,43361.071295306654
3.64599999999982,43352.126325996534
3.64799999999982,43343.17897364472
3.6499999999998196,43334.2295041543
3.6519999999998194,43325.27804493499
3.653999999999819,43316.319628799094
3.655999999999819,43307.36366525774
3.6579999999998187,43298.40113667081
3.6599999999998185,43289.43621989255
3.6619999999998183,43280.46917766735
3.663999999999818,43271.49511665377
3.665999999999818,43262.52346931765
3.6679999999998176,43253.545250799834
3.6699999999998174,43244.56463909784
3.671999999999817,43235.58188999098
3.673999999999817,43226.59713714505
3.6759999999998167,43217.60542403914
3.6779999999998165,43208.61111705648
3.6799999999998163,43199.619596619166
3.681999999999816,43190.616680256564
3.683999999999816,43181.61578452278
3.6859999999998156,43172.61313196834
3.6879999999998154,43163.60364966248
3.689999999999815,43154.59162304143
3.691999999999815,43145.57738760528
3.6939999999998148,43136.56112384435
3.6959999999998145,43127.5429162
3.6979999999998143,43118.51779048653
3.699999999999814,43109.49009719353
3.701999999999814,43100.46020088821
3.7039999999998137,43091.42828091553
3.7059999999998134,43082.39441580121
3.7079999999998132,43073.3536385602
3.709999999999813,43064.31527724432
3.711999999999813,43055.2703680139
3.7139999999998126,43046.22305973154
3.7159999999998123,43037.17360243974
3.717999999999812,43028.11713974782
3.719999999999812,43019.058056380374
3.7219999999998117,43010.00172402153
3.7239999999998115,43000.939026054926
3.7259999999998112,42991.86901745468
3.727999999999811,42982.80120692605
3.729999999999811,42973.72676929777
3.7319999999998106,42964.65487163657
3.7339999999998104,42955.576494289606
3.73599999999981,42946.49075067001
3.73799999999981,42937.407167122525
3.7399999999998097,42928.321921946044
3.7419999999998095,42919.22990947035
3.7439999999998093,42910.135363432455
3.745999999999809,42901.03859725745
3.747999999999809,42891.93480061579
3.7499999999998086,42882.83332828593
3.7519999999998084,42873.72528867893
3.753999999999808,42864.61482116045
3.755999999999808,42855.50217877719
3.7579999999998077,42846.387497764925
3.7599999999998075,42837.270830368085
3.7619999999998073,42828.14723192219
3.763999999999807,42819.02100576516
3.765999999999807,42809.89251935408
3.7679999999998066,42800.761951534485
3.7699999999998064,42791.62442506159
3.771999999999806,42782.48922723956
3.773999999999806,42773.347473380156
3.7759999999998057,42764.20327566282
3.7779999999998055,42755.05689594084
3.7799999999998053,42745.90350917783
3.781999999999805,42736.752419052864
3.783999999999805,42727.59477209747
3.7859999999998046,42718.43468045019
3.7879999999998044,42709.27240871335
3.789999999999804,42700.10313713128
3.791999999999804,42690.93616094374
3.7939999999998038,42681.762630346966
3.7959999999998035,42672.58666165946
3.7979999999998033,42663.408511791735
3.799999999999803,42654.22831156403
3.801999999999803,42645.04118227135
3.8039999999998027,42635.851421143656
3.8059999999998024,42626.659403314574
3.807999999999802,42617.465310392065
3.809999999999802,42608.26922832321
3.8119999999998018,42599.06624724462
3.8139999999998015,42589.8655883573
3.8159999999998013,42580.65840591482
3.817999999999801,42571.44879293445
3.819999999999801,42562.23207681973
3.8219999999998007,42553.01759143549
3.8239999999998004,42543.79656579941
3.8259999999998002,42534.57311645507
3.8279999999998,42525.34752206941
3.8299999999998,42516.11992351408
3.8319999999997996,42506.89039035564
3.8339999999997993,42497.654020414135
3.835999999999799,42488.4150855881
3.837999999999799,42479.17394876469
3.8399999999997987,42469.93079786695
3.8419999999997985,42460.68079712045
3.8439999999997982,42451.43315136742
3.845999999999798,42442.17906574661
3.847999999999798,42432.92261460509
3.8499999999997976,42423.66406090435
3.8519999999997974,42414.39862720729
3.853999999999797,42405.13554194542
3.855999999999797,42395.86603282403
3.8579999999997967,42386.59417962111
3.8599999999997965,42377.32025038799
3.8619999999997963,42368.04437530295
3.863999999999796,42358.76171617711
3.865999999999796,42349.47653774837
3.8679999999997956,42340.19412554139
3.8699999999997954,42330.9006144587
3.871999999999795,42321.60911838239
3.873999999999795,42312.315975039084
3.8759999999997947,42303.016216039185
3.8779999999997945,42293.71404195408
3.8799999999997943,42284.40978895152
3.881999999999794,42275.10363418874
3.883999999999794,42265.795663220735
3.8859999999997936,42256.481016554986
3.8879999999997934,42247.163942317005
3.889999999999793,42237.84481754084
3.891999999999793,42228.52383512082
3.8939999999997927,42219.20108702784
3.8959999999997925,42209.87172759465
3.8979999999997923,42200.54489384775
3.899999999999792,42191.21184383467
3.901999999999792,42181.87663991816
3.9039999999997916,42172.53466782848
3.9059999999997914,42163.19518400803
3.907999999999791,42153.849528177765
3.909999999999791,42144.50666094667
3.9119999999997908,42135.15776920328
3.9139999999997905,42125.806860972
3.9159999999997903,42116.44931162487
3.91799999999979,42107.0943609842
3.91999999999979,42097.73335881356
3.9219999999997897,42088.37527091032
3.9239999999997894,42079.011295393306
3.925999999999789,42069.64057278547
3.927999999999789,42060.27244902826
3.9299999999997888,42050.90323083084
3.9319999999997886,42041.527961301676
3.9339999999997883,42032.15080412342
3.935999999999788,42022.77210825042
3.937999999999788,42013.39207740573
3.9399999999997877,42004.01082227179
3.9419999999997875,41994.62841857644
3.9439999999997872,41985.24005048714
3.945999999999787,41975.85482926809
3.947999999999787,41966.46410742243
3.9499999999997866,41957.07195845289
3.9519999999997864,41947.67870027157
3.953999999999786,41938.28452959435
3.955999999999786,41928.88958107874
3.9579999999997857,41919.489097668615
3.9599999999997855,41910.09221557158
3.9619999999997852,41900.69032984395
3.963999999999785,41891.28754662391
3.965999999999785,41881.88906234218
3.9679999999997846,41872.48607876326
3.9699999999997844,41863.082586002536
3.971999999999784,41853.678903147695
3.973999999999784,41844.27526974266
3.9759999999997837,41834.86703428296
3.9779999999997835,41825.46340176663
3.9799999999997833,41816.06073406239
3.981999999999783,41806.65904255415
3.983999999999783,41797.25843330435
3.9859999999997826,41787.85424414623
3.9879999999997824,41778.455719578946
3.989999999999782,41769.05932654645
3.991999999999782,41759.66521122393
3.9939999999997817,41750.27363877464
3.9959999999997815,41740.884974290726
3.9979999999997813,41731.504505584686
3.999999999999781,41722.123779527516
4.001999999999781,41712.752074351636
4.003999999999781,41703.386161302056
4.005999999999781,41694.0315207245
4.007999999999781,41684.68495269011
4.00999999999978,41675.35351671211
4.01199999999978,41666.03973942419
4.01399999999978,41656.740840534185
4.01599999999978,41647.46832880365
4.0179999999997795,41638.22211015262
4.019999999999779,41629.017390598696
4.021999999999779,41619.860155635375
4.023999999999779,41610.7883716624
4.025999999999779,41601.91607152386
4.027999999999778,33817.87517875582
4.029999999999778,27295.866780334025
4.031999999999778,22760.344508660684
4.033999999999778,20182.44191693562
4.0359999999997775,18361.812650602173
4.037999999999777,16995.495207151285
4.039999999999777,16053.125540027073
4.041999999999777,15435.470253178919
4.043999999999777,15042.440349801911
4.045999999999776,14796.973381777363
4.047999999999776,14645.56065665722
4.049999999999776,14552.83799246951
4.051999999999776,14496.193396375658
4.053999999999776,14461.46223993089
4.055999999999775,14439.932254419364
4.057999999999775,14426.26675925437
4.059999999999775,14417.281079951359
4.061999999999775,14411.035735242447
4.0639999999997745,14406.410231833577
4.065999999999774,14402.723444059593
4.067999999999774,14399.561292737682
4.069999999999774,14396.685402639812
4.071999999999774,14393.95306720911
4.073999999999773,14391.26092393321
4.075999999999773,14388.545855116825
4.077999999999773,14385.75750961764
4.079999999999773,14382.861801917485
4.0819999999997725,14379.820784022282
4.083999999999772,14376.61683253812
4.085999999999772,14373.209446017388
4.087999999999772,14369.594002711343
4.089999999999772,14365.742074322934
4.091999999999771,14361.635851700763
4.093999999999771,14357.259227399643
4.095999999999771,14352.597813823733
4.097999999999771,14347.638879306644
4.0999999999997705,14342.371364600695
4.10199999999977,14908.612903715797
4.10399999999977,14917.372337684144
4.10599999999977,14919.682356864012
4.10799999999977,14917.858547066033
4.109999999999769,14913.463010142163
4.111999999999769,14907.507057191915
4.113999999999769,14900.62438672803
4.115999999999769,14893.200228633585
4.1179999999997685,14885.470900068167
4.119999999999768,14877.577586074549
4.121999999999768,14869.602851703019
4.123999999999768,14861.59276178937
4.125999999999768,14853.569971741197
4.127999999999767,14845.55772264116
4.129999999999767,14837.557130152813
4.131999999999767,14829.576993101055
4.133999999999767,14821.61883819521
4.1359999999997665,14813.677814067876
4.137999999999766,14805.764884417687
4.139999999999766,14797.86889544934
4.141999999999766,14789.99495835883
4.143999999999766,14782.148058942086
4.145999999999765,14774.316778268087
4.147999999999765,14766.506135300935
4.149999999999765,14758.715599712874
4.151999999999765,14750.939215880042
4.1539999999997645,14743.18742171621
4.155999999999764,14735.454201449013
4.157999999999764,14727.73358294709
4.159999999999764,14720.036048318523
4.161999999999764,14712.355572512548
4.1639999999997634,14704.68620254542
4.165999999999763,14697.032964594824
4.167999999999763,14689.400832289863
4.169999999999763,14681.778313159311
4.171999999999763,14674.170452396504
4.173999999999762,14666.576769646055
4.175999999999762,14659.002248266925
4.177999999999762,14651.435411256727
4.179999999999762,14643.881333822503
4.1819999999997615,14636.339525822561
4.183999999999761,14628.809524039703
4.185999999999761,14621.290867543285
4.187999999999761,14613.777606587753
4.189999999999761,14606.280301471375
4.19199999999976,14598.792946513888
4.19399999999976,14591.315103788978
4.19599999999976,14583.846346673303
4.19799999999976,14576.386212978357
4.1999999999997595,14568.92880623913
4.201999999999759,14561.484688703966
4.203999999999759,14554.047879675978
4.205999999999759,14546.612520688861
4.207999999999759,14539.189139132088
4.209999999999758,14531.771812673895
4.211999999999758,14524.354673881655
4.213999999999758,14516.948264606415
4.215999999999758,14509.546681867901
4.2179999999997575,14502.144072613888
4.219999999999757,14494.75098391528
4.221999999999757,14487.361512868085
4.223999999999757,14479.969847500903
4.225999999999757,14472.586524881732
4.227999999999756,14465.205668265537
4.229999999999756,14457.821471374722
4.231999999999756,14450.44446332577
4.233999999999756,14443.068805052506
4.2359999999997555,14435.694145271635
4.237999999999755,14428.314692535947
4.239999999999755,14420.940968059087
4.241999999999755,14413.567153967797
4.243999999999755,14406.192918678002
4.245999999999754,14398.817913739109
4.247999999999754,14391.436417688556
4.249999999999754,14384.05890042135
4.251999999999754,14376.679596043554
4.2539999999997535,14369.298197412145
4.255999999999753,14361.914385915956
4.257999999999753,14354.527837042631
4.259999999999753,14347.13824158339
4.261999999999753,14339.750628737509
4.263999999999752,14332.354003632407
4.265999999999752,14324.953425553771
4.267999999999752,14317.54861156441
4.269999999999752,14310.144565082737
4.2719999999997516,14302.730364898978
4.273999999999751,14295.311062698232
4.275999999999751,14287.891669184599
4.277999999999751,14280.461322952122
4.279999999999751,14273.030329671963
4.2819999999997505,14265.593118140549
4.28399999999975,14258.149446635942
4.28599999999975,14250.693817252375
4.28799999999975,14243.236479616642
4.28999999999975,14235.771932942642
4.291999999999749,14228.299931774132
4.293999999999749,14220.82023639581
4.295999999999749,14213.337827554042
4.297999999999749,14205.842039852221
4.2999999999997485,14198.337892506102
4.301999999999748,14190.830328066635
4.303999999999748,14183.308767008044
4.305999999999748,14175.783349630245
4.307999999999748,14168.248664267383
4.309999999999747,14160.699299553586
4.311999999999747,14153.145320091355
4.313999999999747,14145.581780792798
4.315999999999747,14138.008193834863
4.3179999999997465,14130.424393378453
4.319999999999746,14122.83527021839
4.321999999999746,14115.23048664852
4.323999999999746,14107.620020544973
4.325999999999746,14099.993564393144
4.327999999999745,14092.3610782966
4.329999999999745,14084.717336222868
4.331999999999745,14077.062178830805
4.333999999999745,14069.395459613042
4.3359999999997445,14061.717029897058
4.337999999999744,14054.026735663952
4.339999999999744,14046.329421189868
4.341999999999744,14038.614980974591
4.343999999999744,14030.893227570357
4.345999999999743,14023.159055425367
4.347999999999743,14015.412329378272
4.349999999999743,14007.652938955302
4.351999999999743,13999.880768722021
4.3539999999997425,13992.095694019334
4.355999999999742,13984.3024939179
4.357999999999742,13976.491285525159
4.359999999999742,13968.671712991232
4.361999999999742,13960.838794356105
4.363999999999741,13952.992440256805
4.365999999999741,13945.132551387456
4.367999999999741,13937.26385173104
4.369999999999741,13929.376625173823
4.3719999999997405,13921.480389382094
4.37399999999974,13913.570263780026
4.37599999999974,13905.64617093621
4.37799999999974,13897.70803293265
4.37999999999974,13889.755789312556
4.381999999999739,13881.79408455558
4.383999999999739,13873.813409669157
4.385999999999739,13865.823130534485
4.387999999999739,13857.818471609908
4.3899999999997386,13849.799381642597
4.391999999999738,13841.765803591046
4.393999999999738,13833.722336760427
4.395999999999738,13825.659638390394
4.397999999999738,13817.586943415268
4.3999999999997375,13809.499561625096
4.401999999999737,13801.402059728602
4.403999999999737,13793.285200478025
4.405999999999737,13785.158126859913
4.407999999999737,13777.011661501218
4.409999999999736,13768.854903509984
4.411999999999736,13760.683266114322
4.413999999999736,13752.501241252232
4.415999999999736,13744.299774246152
4.4179999999997355,13736.087857487108
4.419999999999735,13727.860976390564
4.421999999999735,13719.619110328427
4.423999999999735,13711.362260487054
4.425999999999735,13703.094855382278
4.427999999999734,13694.812433308989
4.429999999999734,13686.51499339857
4.431999999999734,13678.202535527767
4.433999999999734,13669.875062012326
4.4359999999997335,13661.536956601538
4.437999999999733,13653.183832242794
4.439999999999733,13644.815695085112
4.441999999999733,13636.432563410975
4.443999999999733,13628.038766436994
4.445999999999732,13619.625675411111
4.447999999999732,13611.201932865171
4.449999999999732,13602.767517238382
4.451999999999732,13594.313894208817
4.4539999999997315,13585.849619364746
4.455999999999731,13577.370452530664
4.457999999999731,13568.876413377537
4.459999999999731,13560.367536996397
4.461999999999731,13551.848052596904
4.46399999999973,13543.313778643042
4.46599999999973,13534.76474616977
4.46799999999973,13526.200993094903
4.46999999999973,13517.626699722336
4.4719999999997295,13509.03774898299
4.473999999999729,13500.434174574793
4.475999999999729,13491.816023570367
4.477999999999729,13483.187427187511
4.479999999999729,13474.544327911433
4.481999999999728,13465.886774775045
4.483999999999728,13457.214805475887
4.485999999999728,13448.532517478881
4.487999999999728,13439.835903777293
4.4899999999997275,13431.125017431648
4.491999999999727,13422.39991045254
4.493999999999727,13413.664624228883
4.495999999999727,13404.915218575357
4.497999999999727,13396.15174395431
4.499999999999726,13387.378205821677
4.501999999999726,13378.590709793822
4.503999999999726,13369.789306483155
4.505999999999726,13360.97796615617
4.507999999999726,13352.148945518693
4.509999999999725,13343.310083382914
4.511999999999725,13334.461423500483
4.513999999999725,13325.595305555233
4.515999999999725,13316.719487910672
4.5179999999997245,13307.830199074398
4.519999999999724,13298.931314378951
4.521999999999724,13290.015278788609
4.523999999999724,13281.089759089109
4.525999999999724,13272.15480712703
4.527999999999723,13263.20294682894
4.529999999999723,13254.241767061638
4.531999999999723,13245.271318788567
4.533999999999723,13236.284213527726
4.5359999999997225,13227.287957051845
4.537999999999722,13218.278910543091
4.539999999999722,13209.260834920993
4.541999999999722,13200.230113269525
4.543999999999722,13191.186818641305
4.545999999999721,13182.134674465486
4.547999999999721,13173.06647719437
4.549999999999721,13163.989561490607
4.551999999999721,13154.903990734569
4.5539999999997205,13145.80622986003
4.55599999999972,13136.696354597045
4.55799999999972,13127.574447073339
4.55999999999972,13118.4441436103
4.56199999999972,13109.301967715903
4.563999999999719,13100.151529760487
4.565999999999719,13090.989373192147
4.567999999999719,13081.815579048543
4.569999999999719,13072.630232547375
4.5719999999997185,13063.436895581406
4.573999999999718,13054.232175266934
4.575999999999718,13045.01960299366
4.577999999999718,13035.795806022701
4.579999999999718,13026.560864495359
4.581999999999717,13017.314865247326
4.583999999999717,13008.061302105458
4.585999999999717,12998.80024611348
4.587999999999717,12989.525000810898
4.5899999999997165,12980.242402356713
4.591999999999716,12970.952526769775
4.593999999999716,12961.648753219079
4.595999999999716,12952.341178135312
4.597999999999716,12943.019898689387
4.599999999999715,12933.691630342846
4.601999999999715,12924.3531526085
4.603999999999715,12915.007835215809
4.605999999999715,12905.65247711382
4.6079999999997145,12896.287164831185
4.609999999999714,12886.915235527882
4.611999999999714,12877.533527092604
4.613999999999714,12868.142125370508
4.615999999999714,12858.744332902419
4.6179999999997134,12849.340226825676
4.619999999999713,12839.921154356723
4.621999999999713,12830.497430125179
4.623999999999713,12821.068010027502
4.625999999999713,12811.629640037932
4.627999999999712,12802.182300974086
4.629999999999712,12792.726024307049
4.631999999999712,12783.263992844533
4.633999999999712,12773.796266339275
4.6359999999997115,12764.31980962653
4.637999999999711,12754.834701537548
4.639999999999711,12745.34410116485
4.641999999999711,12735.845022263324
4.643999999999711,12726.337549900794
4.64599999999971,12716.824814221392
4.64799999999971,12707.303863232306
4.64999999999971,12697.777797973937
4.65199999999971,12688.242276650604
4.6539999999997095,12678.702725824765
4.655999999999709,12669.155532676174
4.657999999999709,12659.600679174611
4.659999999999709,12650.041156166959
4.661999999999709,12640.474058055386
4.663999999999708,12630.902390426021
4.665999999999708,12621.3232906717
4.667999999999708,12611.73683565535
4.669999999999708,12602.14602030539
4.6719999999997075,12592.54802371486
4.673999999999707,12582.945815383346
4.675999999999707,12573.339470798264
4.677999999999707,12563.723326817164
4.679999999999707,12554.103185769896
4.681999999999706,12544.479129068943
4.683999999999706,12534.848395570896
4.685999999999706,12525.211063636185
4.687999999999706,12515.570032544802
4.6899999999997055,12505.925380503619
4.691999999999705,12496.271591736915
4.693999999999705,12486.617101172073
4.695999999999705,12476.953663670143
4.697999999999705,12467.28964924241
4.699999999999704,12457.616873158031
4.701999999999704,12447.940901892507
4.703999999999704,12438.261815238633
4.705999999999704,12428.57696228446
4.7079999999997035,12418.886419644457
4.709999999999703,12409.192971541746
4.711999999999703,12399.496693484893
4.713999999999703,12389.792290847106
4.715999999999703,12380.087861293498
4.717999999999702,12370.378154410248
4.719999999999702,12360.663434627022
4.721999999999702,12350.94441836343
4.723999999999702,12341.223780517237
4.7259999999997016,12331.50138868765
4.727999999999701,12321.771880898474
4.729999999999701,12312.042995773283
4.731999999999701,12302.309519330314
4.733999999999701,12292.571459327917
4.7359999999997004,12282.83143252255
4.7379999999997,12273.086926708493
4.7399999999997,12263.340561089852
4.7419999999997,12253.589855073365
4.7439999999997,12243.837415351794
4.745999999999699,12234.080783379537
4.747999999999699,12224.320029196411
4.749999999999699,12214.560248284382
4.751999999999699,12204.794008092873
4.7539999999996985,12195.028847382187
4.755999999999698,12185.257392067384
4.757999999999698,12175.487822343686
4.759999999999698,12165.708800300747
4.761999999999698,12155.93349413199
4.763999999999697,12146.152341102548
4.765999999999697,12136.372657251595
4.767999999999697,12126.58720326686
4.769999999999697,12116.803281628921
4.7719999999996965,12107.0161350452
4.773999999999696,12097.225821490505
4.775999999999696,12087.434798145914
4.777999999999696,12077.640751681596
4.779999999999696,12067.84612183348
4.781999999999695,12058.05097370795
4.783999999999695,12048.253011690807
4.785999999999695,12038.452298625214
4.787999999999695,12028.651241277654
4.7899999999996945,12018.849907227266
4.791999999999694,12009.046035309908
4.793999999999694,11999.239686701407
4.795999999999694,11989.43553693904
4.797999999999694,11979.626761088932
4.799999999999693,11969.820279798565
4.801999999999693,11960.009321396645
4.803999999999693,11950.200756208164
4.805999999999693,11940.390123614789
4.8079999999996925,11930.577479627531
4.809999999999692,11920.765133019435
4.811999999999692,11910.953222810786
4.813999999999692,11901.138549584297
4.815999999999692,11891.322966625052
4.817999999999691,11881.507681481417
4.819999999999691,11871.693111985758
4.821999999999691,11861.877055851595
4.823999999999691,11852.061722233222
4.8259999999996905,11842.247152063032
4.82799999999969,11832.431219828222
4.82999999999969,11822.61397305906
4.83199999999969,11812.79762695232
4.83399999999969,11802.982242999587
4.835999999999689,11793.165735324681
4.837999999999689,11783.350287401443
4.839999999999689,11773.535955621617
4.841999999999689,11763.720674716733
4.8439999999996886,11753.90449624371
4.845999999999688,11744.089582042863
4.847999999999688,11734.275990303722
4.849999999999688,11724.461685433858
4.851999999999688,11714.64879971144
4.8539999999996875,11704.835314254255
4.855999999999687,11695.023346180022
4.857999999999687,11685.212949766794
4.859999999999687,11675.40212608447
4.861999999999687,11665.592964042615
4.863999999999686,11655.783484206682
4.865999999999686,11645.975763234253
4.867999999999686,11636.169854077752
4.869999999999686,11626.363792328946
4.8719999999996855,11616.559629060592
4.873999999999685,11606.75542081702
4.875999999999685,11596.953203336225
4.877999999999685,11587.153030357103
4.879999999999685,11577.352973648423
4.881999999999684,11567.555046430187
4.883999999999684,11557.75733688856
4.885999999999684,11547.961846560047
4.887999999999684,11538.16862604426
4.8899999999996835,11528.375779802338
4.891999999999683,11518.585284061202
4.893999999999683,11508.795264603079
4.895999999999683,11499.00768379006
4.897999999999683,11489.222590203119
4.899999999999682,11479.43812419839
4.901999999999682,11469.65622378929
4.903999999999682,11459.87505039874
4.905999999999682,11450.096525679039
4.9079999999996815,11440.320699871521
4.909999999999681,11430.54574708509
4.911999999999681,11420.773567117925
4.913999999999681,11411.004208235006
4.915999999999681,11401.235863215974
4.91799999999968,11391.470410264228
4.91999999999968,11381.70789577531
4.92199999999968,11371.94653363213
4.92399999999968,11362.188180881893
4.9259999999996795,11352.431067035692
4.927999999999679,11342.677042104455
4.929999999999679,11332.926151167749
4.931999999999679,11323.17663696146
4.933999999999679,11313.430327950455
4.935999999999678,11303.687266840387
4.937999999999678,11293.94571226064
4.939999999999678,11284.207471582602
4.941999999999678,11274.470824483788
4.9439999999996775,11264.739322750296
4.945999999999677,11255.009506155646
4.947999999999677,11245.28140444667
4.949999999999677,11235.556796029994
4.951999999999677,11225.835724175071
4.953999999999676,11216.118223697304
4.955999999999676,11206.402608687715
4.957999999999676,11196.690625934401
4.959999999999676,11186.980608907132
4.961999999999676,11177.274294410532
4.963999999999675,11167.571718454441
4.965999999999675,11157.871230872364
4.967999999999675,11148.174547472763
4.969999999999675,11138.48170408919
4.9719999999996745,11128.792735279836
4.973999999999674,11119.106007398832
4.975999999999674,11109.42321007708
4.977999999999674,11099.742724751088
4.979999999999674,11090.066234383234
4.981999999999673,11080.393774942375
4.983999999999673,11070.725378257988
4.985999999999673,11061.059447415191
4.987999999999673,11051.397632442793
4.9899999999996725,11041.738353728519
4.991999999999672,11032.083251963106
4.993999999999672,11022.432365931034
4.995999999999672,11012.785723469879
4.997999999999672,11003.141759760807
4.999999999999671,10993.502091065733
5.001999999999671,10983.866751303827
5.003999999999671,10974.234194138236
5.005999999999671,10964.60601579214
5.0079999999996705,10954.982252537873
5.00999999999967,10945.36292946222
5.01199999999967,10935.746523051377
5.01399999999967,10926.134604202533
5.01599999999967,10916.525666122032
5.017999999999669,10906.92127161183
5.019999999999669,10897.32145575382
5.021999999999669,10887.72624389699
5.023999999999669,10878.134144618572
5.0259999999996685,10868.54669603845
5.027999999999668,10858.963925171438
5.029999999999668,10849.385863603407
5.031999999999668,10839.811032969506
5.033999999999668,10830.240953611441
5.035999999999667,10820.67565465024
5.037999999999667,10811.113676854524
5.039999999999667,10801.555322952348
5.041999999999667,10792.002706650219
5.0439999999996665,10782.45367197697
5.045999999999666,10772.909618711594
5.047999999999666,10763.370536871724
5.049999999999666,10753.836423190221
5.051999999999666,10744.305843763685
5.053999999999665,10734.781700412143
5.055999999999665,10725.259707827721
5.057999999999665,10715.744176794346
5.059999999999665,10706.232283591364
5.0619999999996645,10696.725473319962
5.063999999999664,10687.223767316103
5.065999999999664,10677.727187219572
5.067999999999664,10668.234348996702
5.069999999999664,10658.746675627728
5.0719999999996634,10649.264192019415
5.073999999999663,10639.78552825958
5.075999999999663,10630.312091895688
5.077999999999663,10620.843910143458
5.079999999999663,10611.380999746789
5.081999999999662,10601.92201265359
5.083999999999662,10592.46969949487
5.085999999999662,10583.020000482795
5.087999999999662,10573.576998515467
5.0899999999996615,10564.139373553351
5.091999999999661,10554.705788928728
5.093999999999661,10545.27760940349
5.095999999999661,10535.853519566372
5.097999999999661,10526.436200239219
5.09999999999966,10517.023024816039
5.10199999999966,10507.615327986248
5.10399999999966,10498.213131285733
5.10599999999966,10488.815136039737
5.1079999999996595,10479.422675519672
5.109999999999659,10470.035766260584
5.111999999999659,10460.654429233642
5.113999999999659,10451.27867934178
5.115999999999659,10441.907241387116
5.117999999999658,10432.54142022176
5.119999999999658,10423.181234777021
5.121999999999658,10413.826701457461
5.123999999999658,10404.476566971547
5.1259999999996575,10395.132114849444
5.127999999999657,10385.793359910602
5.129999999999657,10376.460324876598
5.131999999999657,10367.131768729616
5.133999999999657,10357.810206032747
5.135999999999656,10348.49316334371
5.137999999999656,10339.181892786568
5.139999999999656,10329.875181742565
5.141999999999656,10320.575503378353
5.1439999999996555,10311.280424448516
5.145999999999655,10301.99117707474
5.147999999999655,10292.70656172434
5.149999999999655,10283.42902382709
5.151999999999655,10274.156157734194
5.153999999999654,10264.890385518182
5.155999999999654,10255.628123364319
5.157999999999654,10246.372967639742
5.159999999999654,10237.123746894202
5.1619999999996535,10227.879283779042
5.163999999999653,10218.640776019458
5.165999999999653,10209.408238761545
5.167999999999653,10200.181684717372
5.169999999999653,10190.959956403387
5.171999999999652,10181.745398527979
5.173999999999652,10172.53570192442
5.175999999999652,10163.332035249849
5.177999999999652,10154.133262265492
5.1799999999996515,10144.941689467245
5.181999999999651,10135.75504441659
5.183999999999651,10126.574478777815
5.185999999999651,10117.400001627962
5.187999999999651,10108.231629942524
5.1899999999996504,10099.06936793345
5.19199999999965,10089.912107301767
5.19399999999965,10080.762097741066
5.19599999999965,10071.617118508975
5.19799999999965,10062.477181465478
5.199999999999649,10053.344516163008
5.201999999999649,10044.218030356726
5.203999999999649,10035.09663149661
5.205999999999649,10025.981429786472
5.2079999999996485,10016.872433149334
5.209999999999648,10007.76965050818
5.211999999999648,9998.673097576617
5.213999999999648,9989.581699317654
5.215999999999648,9980.496543218518
5.217999999999647,9971.418711883962
5.219999999999647,9962.346078571525
5.221999999999647,9953.278652783036
5.223999999999647,9944.21856553868
5.2259999999996465,9935.163716512227
5.227999999999646,9926.116214296831
5.229999999999646,9917.073971881295
5.231999999999646,9908.03804447654
5.233999999999646,9899.008438820907
5.235999999999645,9889.984128502058
5.237999999999645,9880.967193677589
5.239999999999645,9871.955574703677
5.241999999999645,9862.9513374571
5.2439999999996445,9853.952439927456
5.245999999999644,9844.959911105714
5.247999999999644,9835.972748476945
5.249999999999644,9826.992980677505
5.251999999999644,9818.018601100706
5.253999999999643,9809.051621000346
5.255999999999643,9800.09005127349
5.257999999999643,9791.134892549646
5.259999999999643,9782.186156873826
5.2619999999996425,9773.24384492932
5.263999999999642,9764.3069850602
5.265999999999642,9755.377545094072
5.267999999999642,9746.453573375296
5.269999999999642,9737.536057087524
5.271999999999641,9728.625000258715
5.273999999999641,9719.720409089821
5.275999999999641,9710.822288812235
5.277999999999641,9701.930643287385
5.2799999999996405,9693.04452427304
5.28199999999964,9684.164895770376
5.28399999999964,9675.292711192249
5.28599999999964,9666.426078460534
5.28799999999964,9657.565951136763
5.289999999999639,9648.712331894052
5.291999999999639,9639.864296629508
5.293999999999639,9631.023712257342
5.295999999999639,9622.1896518758
5.2979999999996386,9613.36119600556
5.299999999999638,9604.539279665494
5.301999999999638,9595.723902328204
5.303999999999638,9586.915980246224
5.305999999999638,9578.112785463094
5.3079999999996375,9569.317054521129
5.309999999999637,9560.52788012146
5.311999999999637,9551.744367595853
5.313999999999637,9542.968316731944
5.315999999999637,9534.197943302515
5.317999999999636,9525.435029552635
5.319999999999636,9516.67780593373
5.321999999999636,9507.927163841749
5.323999999999636,9499.183109623897
5.3259999999996355,9490.444768651878
5.327999999999635,9481.713895935287
5.329999999999635,9472.989617811894
5.331999999999635,9464.27106987749
5.333999999999635,9455.5599885517
5.335999999999634,9446.854651538546
5.337999999999634,9438.155925252075
5.339999999999634,9429.463814647104
5.341999999999634,9420.778320183734
5.3439999999996335,9412.099439460151
5.345999999999633,9403.427179746368
5.347999999999633,9394.76154119905
5.349999999999633,9386.102523756705
5.351999999999633,9377.449305170321
5.353999999999632,9368.803548430176
5.355999999999632,9360.163594103064
5.357999999999632,9351.530282525271
5.359999999999632,9342.904427203732
5.3619999999996315,9334.284388998696
5.363999999999631,9325.6709944623
5.365999999999631,9317.06424559216
5.367999999999631,9308.464141665976
5.369999999999631,9299.869885757858
5.37199999999963,9291.283084769908
5.37399999999963,9282.70292929102
5.37599999999963,9274.128630805983
5.37799999999963,9265.561783724614
5.3799999999996295,9257.000802851973
5.381999999999629,9248.447263857746
5.383999999999629,9239.899600551751
5.385999999999629,9231.35860075525
5.387999999999629,9222.824264901072
5.389999999999628,9214.296592242288
5.391999999999628,9205.775586258835
5.393999999999628,9197.261242078877
5.395999999999628,9188.753563476967
5.3979999999996275,9180.252548051838
5.399999999999627,9171.758201452656
5.401999999999627,9163.269770674642
5.403999999999627,9154.788766883908
5.405999999999627,9146.31368016171
5.407999999999626,9137.84601390823
5.409999999999626,9129.384276011899
5.411999999999626,9120.929946691302
5.413999999999626,9112.4815502475
5.415999999999626,9104.03983403223
5.417999999999625,9095.605516363215
5.419999999999625,9087.17713921685
5.421999999999625,9078.75544099538
5.423999999999625,9070.340419313372
5.4259999999996245,9061.932070204297
5.427999999999624,9053.530395123647
5.429999999999624,9045.135390831527
5.431999999999624,9036.747061296142
5.433999999999624,9028.364702257142
5.435999999999623,9019.989726930888
5.437999999999623,9011.621418993871
5.439999999999623,9003.259776666479
5.441999999999623,8994.904113564951
5.4439999999996225,8986.555824477511
5.445999999999622,8978.21419462909
5.447999999999622,8969.878548505889
5.449999999999622,8961.550263970232
5.451999999999622,8953.227963471347
5.453999999999621,8944.912344546654
5.455999999999621,8936.604063887471
5.457999999999621,8928.301774171228
5.459999999999621,8920.006817740179
5.4619999999996205,8911.717857290114
5.46399999999962,8903.43557252347
5.46599999999962,8895.159954457564
5.46799999999962,8886.891650524864
5.46999999999962,8878.629344834073
5.471999999999619,8870.373708654159
5.473999999999619,8862.124733439565
5.475999999999619,8853.882418823077
5.477999999999619,8845.64707281519
5.4799999999996185,8837.416952424353
5.481999999999618,8829.192518601323
5.483999999999618,8820.975091214032
5.485999999999618,8812.763554485586
5.487999999999618,8804.558630853486
5.489999999999617,8796.360353035387
5.491999999999617,8788.168727793549
5.493999999999617,8779.983151779094
5.495999999999617,8771.804861514076
5.4979999999996165,8763.633219089432
5.499999999999616,8755.468226610863
5.501999999999616,8747.309888028578
5.503999999999616,8739.15819710771
5.505999999999616,8731.013154620237
5.507999999999615,8722.874755144074
5.509999999999615,8714.743003028601
5.511999999999615,8706.617891953656
5.513999999999615,8698.499421742861
5.5159999999996145,8690.387006751513
5.517999999999614,8682.281829798154
5.519999999999614,8674.18327576153
5.521999999999614,8666.091345989145
5.523999999999614,8658.006044468197
5.525999999999613,8649.927366211308
5.527999999999613,8641.855312574939
5.529999999999613,8633.789879345322
5.531999999999613,8625.730507959197
5.533999999999613,8617.678808219733
5.535999999999612,8609.634318371474
5.537999999999612,8601.596345687629
5.539999999999612,8593.565856389274
5.541999999999612,8585.542134233041
5.5439999999996115,8577.52456904246
5.545999999999611,8569.51421245428
5.547999999999611,8561.510466031557
5.549999999999611,8553.512781319661
5.551999999999611,8545.522245196013
5.55399999999961,8537.538280378338
5.55599999999961,8529.560892378116
5.55799999999961,8521.589555510778
5.55999999999961,8513.625342503086
5.5619999999996095,8505.667686087456
5.563999999999609,8497.716593325353
5.565999999999609,8489.771548653756
5.567999999999609,8481.833605994872
5.569999999999609,8473.902208969534
5.571999999999608,8465.977365524379
5.573999999999608,8458.059070259158
5.575999999999608,8450.14732618793
5.577999999999608,8442.242127833048
5.5799999999996075,8434.343474208112
5.581999999999607,8426.451361678739
5.583999999999607,8418.565789831078
5.585999999999607,8410.686750824607
5.587999999999607,8402.814245644266
5.589999999999606,8394.948747357019
5.591999999999606,8387.089269208844
5.593999999999606,8379.236325023534
5.595999999999606,8371.389906458251
5.5979999999996055,8363.550480880973
5.599999999999605,8355.717065843091
5.601999999999605,8347.890643065843
5.603999999999605,8340.070235644813
5.605999999999605,8332.256810756851
5.607999999999604,8324.449404558918
5.609999999999604,8316.64896456155
5.611999999999604,8308.854542123301
5.613999999999604,8301.067077470918
5.6159999999996035,8293.286072668236
5.617999999999603,8285.511537865441
5.619999999999603,8277.743029990654
5.621999999999603,8269.981460896137
5.623999999999603,8262.226345882538
5.625999999999602,8254.477683467498
5.627999999999602,8246.735477050066
5.629999999999602,8238.999723896983
5.631999999999602,8231.270425280934
5.6339999999996015,8223.547995624862
5.635999999999601,8215.831555982857
5.637999999999601,8208.121573202554
5.639999999999601,8200.418451189169
5.641999999999601,8192.721318973085
5.6439999999996004,8185.031043800571
5.6459999999996,8177.34676063261
5.6479999999996,8169.669325146783
5.6499999999996,8161.997879748628
5.6519999999996,8154.333273201681
5.653999999999599,8146.675051555892
5.655999999999599,8139.023220999133
5.657999999999599,8131.377784191428
5.659999999999599,8123.738743973676
5.6619999999995985,8116.106090151459
5.663999999999598,8108.479823619076
5.665999999999598,8100.859942648117
5.667999999999598,8093.246822782286
5.669999999999598,8085.639659813635
5.671999999999597,8078.03888638379
5.673999999999597,8070.444862898074
5.675999999999597,8062.857173199695
5.677999999999597,8055.275451101907
5.6799999999995965,8047.700484045231
5.681999999999596,8040.131841123063
5.683999999999596,8032.5695290441145
5.685999999999596,8025.013555627806
5.687999999999596,8017.463913464797
5.689999999999595,8009.920602199436
5.691999999999595,8002.383616378039
5.693999999999595,7994.852955380546
5.695999999999595,7987.328962551815
5.6979999999995945,7979.810898069474
5.699999999999594,7972.299509462443
5.701999999999594,7964.794392113372
5.703999999999594,7957.295224731182
5.705999999999594,7949.8027224076195
5.707999999999593,7942.316489265016
5.709999999999593,7934.836528825694
5.711999999999593,7927.362849217196
5.713999999999593,7919.89544352857
5.7159999999995925,7912.434635690337
5.717999999999592,7904.9797303913065
5.719999999999592,7897.531430881267
5.721999999999592,7890.0890430424715
5.723999999999592,7882.653253354149
5.725999999999591,7875.223684102729
5.727999999999591,7867.80034630504
5.729999999999591,7860.383242936222
5.731999999999591,7852.972370141276
5.7339999999995905,7845.567730742598
5.73599999999959,7838.169316602043
5.73799999999959,7830.777129214663
5.73999999999959,7823.391454290417
5.74199999999959,7816.011947094412
5.743999999999589,7808.638334335695
5.745999999999589,7801.271251583228
5.747999999999589,7793.910341232322
5.749999999999589,7786.555610946488
5.7519999999995886,7779.207064623929
5.753999999999588,7771.864701082858
5.755999999999588,7764.528792326504
5.757999999999588,7757.198739420609
5.759999999999588,7749.875151738347
5.7619999999995875,7742.557694597854
5.763999999999587,7735.246113727231
5.765999999999587,7727.940995061262
5.767999999999587,7720.641999386547
5.769999999999587,7713.349399530887
5.771999999999586,7706.062625447912
5.773999999999586,7698.78201141996
5.775999999999586,7691.5077944477025
5.777999999999586,7684.2394111686845
5.7799999999995855,7676.977428258481
5.781999999999585,7669.721525476483
5.783999999999585,7662.47171897561
5.785999999999585,7655.228014026961
5.787999999999585,7647.990647036757
5.789999999999584,7640.759088818227
5.791999999999584,7633.53365108976
5.793999999999584,7626.314544567627
5.795999999999584,7619.101479977762
5.7979999999995835,7611.89447034122
5.799999999999583,7604.693526585515
5.801999999999583,7597.498644111979
5.803999999999583,7590.309823116652
5.805999999999583,7583.127283100822
5.807999999999582,7575.950525749099
5.809999999999582,7568.780059632648
5.811999999999582,7561.615598300158
5.813999999999582,7554.457158332212
5.8159999999995815,7547.304742032174
5.817999999999581,7540.158353196579
5.819999999999581,7533.0181896296
5.821999999999581,7525.883787144233
5.823999999999581,7518.755630795649
5.82599999999958,7511.633442143253
5.82799999999958,7504.517236432015
5.82999999999958,7497.407024170393
5.83199999999958,7490.30279958427
5.8339999999995795,7483.204560574314
5.835999999999579,7476.112497037953
5.837999999999579,7469.02635377079
5.839999999999579,7461.945974149613
5.841999999999579,7454.871790831735
5.843999999999578,7447.803536694069
5.845999999999578,7440.741402428766
5.847999999999578,7433.684984470976
5.849999999999578,7426.63471156422
5.8519999999995775,7419.590337944369
5.853999999999577,7412.551717896331
5.855999999999577,7405.519241225635
5.857999999999577,7398.492825083228
5.859999999999577,7391.472097482333
5.861999999999576,7384.457469793626
5.863999999999576,7377.448552417514
5.865999999999576,7370.44573523917
5.867999999999576,7363.448782581827
5.869999999999576,7356.4577095817
5.871999999999575,7349.472520494169
5.873999999999575,7342.493360595471
5.875999999999575,7335.520025435328
5.877999999999575,7328.552398078015
5.8799999999995745,7321.59082970085
5.881999999999574,7314.635094168214
5.883999999999574,7307.68533915478
5.885999999999574,7300.7412420444825
5.887999999999574,7293.803155274695
5.889999999999573,7286.870868945305
5.891999999999573,7279.9444052369245
5.893999999999573,7273.023769003921
5.895999999999573,7266.108962461286
5.8979999999995725,7259.199986377719
5.899999999999572,7252.2969474643905
5.901999999999572,7245.399665336749
5.903999999999572,7238.508167746835
5.905999999999572,7231.622463892975
5.907999999999571,7224.742559842415
5.909999999999571,7217.868558599314
5.911999999999571,7211.0002846037105
5.913999999999571,7204.137768097823
5.9159999999995705,7197.281018951215
5.91799999999957,7190.430046017985
5.91999999999957,7183.584842815587
5.92199999999957,7176.7455026757025
5.92399999999957,7169.911857712547
5.925999999999569,7163.083941478347
5.927999999999569,7156.261765016855
5.929999999999569,7149.445331737032
5.931999999999569,7142.634721867291
5.9339999999995685,7135.829704623349
5.935999999999568,7129.030533735979
5.937999999999568,7122.23704394058
5.939999999999568,7115.449254043019
5.941999999999568,7108.667244295787
5.943999999999567,7101.890876066039
5.945999999999567,7095.1201129021165
5.947999999999567,7088.35517607999
5.949999999999567,7081.5959572551255
5.9519999999995665,7074.842281662466
5.953999999999566,7068.094380963281
5.955999999999566,7061.3520546526415
5.957999999999566,7054.615504811101
5.959999999999566,7047.8846363524835
5.961999999999565,7041.1592895855665
5.963999999999565,7034.43968296542
5.965999999999565,7027.725635570538
5.967999999999565,7021.017331633469
5.9699999999995645,7014.314628474075
5.971999999999564,7007.617586987627
5.973999999999564,7000.926066896703
5.975999999999564,6994.2402497775565
5.977999999999564,6987.5600072239495
5.979999999999563,6980.885366187914
5.981999999999563,6974.216363393719
5.983999999999563,6967.5528690594265
5.985999999999563,6960.895051435236
5.987999999999563,6954.242782269687
5.989999999999562,6947.596088231067
5.991999999999562,6940.955000163983
5.993999999999562,6934.31942312875
5.995999999999562,6927.6893789016385
5.9979999999995615,6921.064991519087
5.999999999999561,6914.446141562731
