time,value
0.0,4713030.94842906
0.002,4708819.049516114
0.004,4704733.774615492
0.006,4698671.066048626
0.008,4691825.808387313
0.01,4684781.161505145
0.012,4677781.506802403
0.014,4670909.775853009
0.016,4664183.920650067
0.018000000000000002,4657601.364596162
0.020000000000000004,4651156.081052743
0.022000000000000006,4644843.504728829
0.024000000000000007,4638661.004122641
0.02600000000000001,4632607.212829462
0.02800000000000001,4626681.344868578
0.030000000000000013,4620882.753725512
0.032000000000000015,4615210.708570416
0.034000000000000016,4609664.30557925
0.03600000000000002,4604242.448332964
0.03800000000000002,4598943.857764714
0.04000000000000002,4593767.091760381
0.04200000000000002,4588710.566058571
0.044000000000000025,4583772.573438063
0.04600000000000003,4578951.300700202
0.04800000000000003,4574244.843700474
0.05000000000000003,4569651.220655055
0.05200000000000003,4565168.389441983
0.054000000000000034,4560794.30831739
0.056000000000000036,4556526.843177408
0.05800000000000004,4552363.810387961
0.06000000000000004,4548302.998191456
0.06200000000000004,4544342.174299931
0.06400000000000004,4540479.092777553
0.06600000000000004,4536711.500371213
0.06800000000000005,4533037.142218148
0.07000000000000005,4529453.767077078
0.07200000000000005,4525959.132029676
0.07400000000000005,4522551.006796322
0.07600000000000005,4519227.177537392
0.07800000000000006,4515985.450360419
0.08000000000000006,4512823.654352327
0.08200000000000006,4509739.6443819655
0.08400000000000006,4506731.303529317
0.08600000000000006,4503796.5452864915
0.08800000000000006,4500933.315831725
0.09000000000000007,4498139.609894461
0.09200000000000007,4495413.455341357
0.09400000000000007,4492752.906057642
0.09600000000000007,4490156.053398823
0.09800000000000007,4487621.0269893985
0.10000000000000007,4485145.995383393
0.10200000000000008,4482729.16629136
0.10400000000000008,4480368.78604985
0.10600000000000008,4478063.141934143
0.10800000000000008,4475810.561843849
0.11000000000000008,4473609.414076721
0.11200000000000009,4471458.107032787
0.11400000000000009,4469355.089013197
0.11600000000000009,4467298.847973612
0.11800000000000009,4465287.911226722
0.12000000000000009,4463320.845061121
0.1220000000000001,4461396.254326961
0.1240000000000001,4459512.781918743
0.12600000000000008,4457669.108283211
0.12800000000000009,4455863.950825835
0.1300000000000001,4454096.063322965
0.1320000000000001,4452364.235288256
0.1340000000000001,4450667.291334515
0.1360000000000001,4449004.093323061
0.1380000000000001,4447373.572547975
0.1400000000000001,4445774.666732806
0.1420000000000001,4444206.331770616
0.1440000000000001,4442667.555219152
0.1460000000000001,4441157.355541333
0.1480000000000001,4439674.781407021
0.1500000000000001,4438218.910940706
0.1520000000000001,4436788.851023398
0.1540000000000001,4435383.736535287
0.1560000000000001,4434002.729653479
0.1580000000000001,4432645.019122098
0.16000000000000011,4431309.819549687
0.16200000000000012,4429996.370695269
0.16400000000000012,4428703.936805107
0.16600000000000012,4427431.805894334
0.16800000000000012,4426179.289098493
0.17000000000000012,4424945.720001275
0.17200000000000013,4423730.453994722
0.17400000000000013,4422532.867611546
0.17600000000000013,4421352.357933037
0.17800000000000013,4420188.341961774
0.18000000000000013,4419040.256021847
0.18200000000000013,4417907.55515519
0.18400000000000014,4416789.712553315
0.18600000000000014,4415686.2190052
0.18800000000000014,4414596.582355945
0.19000000000000014,4413520.326955217
0.19200000000000014,4412456.993161152
0.19400000000000014,4411406.13681691
0.19600000000000015,4410367.3287368575
0.19800000000000015,4409340.154253385
0.20000000000000015,4408324.212756846
0.20200000000000015,4407319.117220465
0.20400000000000015,4406324.493759328
0.20600000000000016,4405339.981206183
0.20800000000000016,4404365.230678058
0.21000000000000016,4403399.905217143
0.21200000000000016,4402443.679339253
0.21400000000000016,4401496.238692723
0.21600000000000016,4400557.279675766
0.21800000000000017,4399626.509077696
0.22000000000000017,4398703.643733882
0.22200000000000017,4397788.410170744
0.22400000000000017,4396880.54430321
0.22600000000000017,4395979.79112325
0.22800000000000017,4395085.904351735
0.23000000000000018,4394198.646184767
0.23200000000000018,4393317.786993067
0.23400000000000018,4392443.105042547
0.23600000000000018,4391574.386226977
0.23800000000000018,4390711.423809365
0.24000000000000019,4389854.018171204
0.2420000000000002,4389001.976549336
0.2440000000000002,4388155.112803025
0.2460000000000002,4387313.247212789
0.2480000000000002,4386476.206241766
0.25000000000000017,4385643.822343519
0.25200000000000017,4384815.933717173
0.25400000000000017,4383992.384148099
0.25600000000000017,4383173.02280065
0.2580000000000002,4382357.704010175
0.2600000000000002,4381546.287146451
0.2620000000000002,4380738.636404314
0.2640000000000002,4379934.620653726
0.2660000000000002,4379134.113281986
0.2680000000000002,4378336.992036876
0.2700000000000002,4377543.138835062
0.2720000000000002,4376752.439678777
0.2740000000000002,4375964.784481256
0.2760000000000002,4375180.066926058
0.2780000000000002,4374398.184358758
0.2800000000000002,4373619.037642493
0.2820000000000002,4372842.531034355
0.2840000000000002,4372068.572070135
0.2860000000000002,4371297.072749381
0.2880000000000002,4370528.01346322
0.2900000000000002,4369761.3636370255
0.2920000000000002,4368997.039146278
0.2940000000000002,4368234.958744683
0.2960000000000002,4367475.04396201
0.2980000000000002,4366717.2190117715
0.3000000000000002,4365961.410675496
0.3020000000000002,4365207.548225922
0.3040000000000002,4364455.563342507
0.3060000000000002,4363705.390009393
0.3080000000000002,4362956.964475814
0.3100000000000002,4362210.227573948
0.3120000000000002,4361465.145525517
0.3140000000000002,4360721.663992678
0.3160000000000002,4359979.726227968
0.3180000000000002,4359239.277394579
0.32000000000000023,4358500.264515753
0.32200000000000023,4357762.636394775
0.32400000000000023,4357026.34357326
0.32600000000000023,4356291.338255214
0.32800000000000024,4355557.574286949
0.33000000000000024,4354825.007044261
0.33200000000000024,4354093.593413658
0.33400000000000024,4353363.2917469125
0.33600000000000024,4352634.061789983
0.33800000000000024,4351905.864652105
0.34000000000000025,4351178.662741978
0.34200000000000025,4350452.419740996
0.34400000000000025,4349727.1005425565
0.34600000000000025,4349002.671209413
0.34800000000000025,4348279.098955226
0.35000000000000026,4347556.352087819
0.35200000000000026,4346834.399968403
0.35400000000000026,4346113.212998065
0.35600000000000026,4345392.762564248
0.35800000000000026,4344673.021004047
0.36000000000000026,4343953.9615921
0.36200000000000027,4343235.558490796
0.36400000000000027,4342517.786717474
0.36600000000000027,4341800.622117164
0.36800000000000027,4341084.041355044
0.3700000000000003,4340368.021870235
0.3720000000000003,4339652.541846328
0.3740000000000003,4338937.58018745
0.3760000000000003,4338223.116514277
0.3780000000000003,4337509.131121463
0.3800000000000003,4336795.604950761
0.3820000000000003,4336082.519570919
0.3840000000000003,4335369.8571584765
0.3860000000000003,4334657.600478678
0.3880000000000003,4333945.732884533
0.3900000000000003,4333234.238277814
0.3920000000000003,4332523.101068599
0.3940000000000003,4331812.306196674
0.3960000000000003,4331101.83909999
0.3980000000000003,4330391.685712293
0.4000000000000003,4329681.832409028
0.4020000000000003,4328972.266008641
0.4040000000000003,4328262.97378127
0.4060000000000003,4327553.943397709
0.4080000000000003,4326845.162949011
0.4100000000000003,4326136.620917553
0.4120000000000003,4325428.306142665
0.4140000000000003,4324720.207845994
0.4160000000000003,4324012.315604581
0.4180000000000003,4323304.619335035
0.4200000000000003,4322597.109281883
0.4220000000000003,4321889.776007313
0.4240000000000003,4321182.610381271
0.4260000000000003,4320475.603571649
0.4280000000000003,4319768.7470346885
0.4300000000000003,4319062.0325054275
0.43200000000000033,4318355.451988612
0.43400000000000033,4317648.997749642
0.43600000000000033,4316942.662323534
0.43800000000000033,4316236.438469487
0.44000000000000034,4315530.319178404
0.44200000000000034,4314824.297670085
0.44400000000000034,4314118.387485108
0.44600000000000034,4313412.6610192275
0.44800000000000034,4312707.115709654
0.45000000000000034,4312001.742559486
0.45200000000000035,4311296.532853119
0.45400000000000035,4310591.478153834
0.45600000000000035,4309886.570315935
0.45800000000000035,4309181.80143882
0.46000000000000035,4308477.163873046
0.46200000000000035,4307772.650233484
0.46400000000000036,4307068.253354296
0.46600000000000036,4306363.96631527
0.46800000000000036,4305659.782401628
0.47000000000000036,4304955.695112062
0.47200000000000036,4304251.698173049
0.47400000000000037,4303547.785496087
0.47600000000000037,4302843.951185482
0.47800000000000037,4302140.189553077
0.48000000000000037,4301436.4950764
0.4820000000000004,4300732.862424237
0.4840000000000004,4300029.286423849
0.4860000000000004,4299325.762077206
0.4880000000000004,4298622.2845337065
0.4900000000000004,4297918.849115821
0.4920000000000004,4297215.451278779
0.4940000000000004,4296512.086619918
0.4960000000000004,4295808.750878296
0.4980000000000004,4295105.439930671
0.5000000000000003,4294402.149786618
0.5020000000000003,4293698.876583689
0.5040000000000003,4292995.616582905
0.5060000000000003,4292292.366164576
0.5080000000000003,4291589.121824329
0.5100000000000003,4290885.880169368
0.5120000000000003,4290182.63791489
0.5140000000000003,4289479.391880631
0.5160000000000003,4288776.139078205
0.5180000000000003,4288072.889396236
0.5200000000000004,4287369.651273971
0.5220000000000004,4286666.421040634
0.5240000000000004,4285963.19515661
0.5260000000000004,4285259.970180064
0.5280000000000004,4284556.742794445
0.5300000000000004,4283853.509773573
0.5320000000000004,4283150.267992547
0.5340000000000004,4282447.014444515
0.5360000000000004,4281743.7462026635
0.5380000000000004,4281040.4604308
0.5400000000000004,4280337.154384172
0.5420000000000004,4279633.825406984
0.5440000000000004,4278930.470928948
0.5460000000000004,4278227.088462033
0.5480000000000004,4277523.675597278
0.5500000000000004,4276820.230002125
0.5520000000000004,4276116.749401601
0.5540000000000004,4275413.231610381
0.5560000000000004,4274709.674516047
0.5580000000000004,4274006.076056124
0.5600000000000004,4273302.4342493825
0.5620000000000004,4272598.747163661
0.5640000000000004,4271895.0129278265
0.5660000000000004,4271191.229749259
0.5680000000000004,4270487.395877632
0.5700000000000004,4269783.5096163
0.5720000000000004,4269079.569324228
0.5740000000000004,4268375.57341501
0.5760000000000004,4267671.520353596
0.5780000000000004,4266967.40863786
0.5800000000000004,4266263.236831961
0.5820000000000004,4265559.0035497
0.5840000000000004,4264854.7074324265
0.5860000000000004,4264150.347180483
0.5880000000000004,4263445.921522217
0.5900000000000004,4262741.429226351
0.5920000000000004,4262036.869119854
0.5940000000000004,4261332.24005292
0.5960000000000004,4260627.540910706
0.5980000000000004,4259922.770615853
0.6000000000000004,4259217.935209953
0.6020000000000004,4258513.10587313
0.6040000000000004,4257808.28883394
0.6060000000000004,4257103.480727307
0.6080000000000004,4256398.678272398
0.6100000000000004,4255693.878309261
0.6120000000000004,4254989.077774982
0.6140000000000004,4254284.273679786
0.6160000000000004,4253579.463140292
0.6180000000000004,4252874.64334773
0.6200000000000004,4252169.811578701
0.6220000000000004,4251464.965211409
0.6240000000000004,4250760.101689897
0.6260000000000004,4250055.218534303
0.6280000000000004,4249350.313342065
0.6300000000000004,4248645.383785846
0.6320000000000005,4247940.427610683
0.6340000000000005,4247235.442631201
0.6360000000000005,4246530.42672907
0.6380000000000005,4245825.377850769
0.6400000000000005,4245120.294005483
0.6420000000000005,4244415.173247726
0.6440000000000005,4243710.013707998
0.6460000000000005,4243004.8135620775
0.6480000000000005,4242299.571057344
0.6500000000000005,4241594.28448146
0.6520000000000005,4240888.952189095
0.6540000000000005,4240183.572571249
0.6560000000000005,4239478.144067047
0.6580000000000005,4238772.665165732
0.6600000000000005,4238067.134405237
0.6620000000000005,4237361.550369932
0.6640000000000005,4236655.911688545
0.6660000000000005,4235950.217032309
0.6680000000000005,4235244.465098246
0.6700000000000005,4234538.654639817
0.6720000000000005,4233832.784452401
0.6740000000000005,4233126.853352597
0.6760000000000005,4232420.8602082925
0.6780000000000005,4231714.803909479
0.6800000000000005,4231008.683383837
0.6820000000000005,4230302.497612503
0.6840000000000005,4229596.245591859
0.6860000000000005,4228889.926349218
0.6880000000000005,4228183.538942717
0.6900000000000005,4227477.082459412
0.6920000000000005,4226770.556015903
0.6940000000000005,4226063.958741421
0.6960000000000005,4225357.289808423
0.6980000000000005,4224650.548418699
0.7000000000000005,4223943.733783365
0.7020000000000005,4223236.8451379035
0.7040000000000005,4222529.881760101
0.7060000000000005,4221822.842937671
0.7080000000000005,4221115.727979357
0.7100000000000005,4220408.536217523
0.7120000000000005,4219701.267007604
0.7140000000000005,4218993.919711997
0.7160000000000005,4218286.4937299965
0.7180000000000005,4217578.98848389
0.7200000000000005,4216871.403399115
0.7220000000000005,4216163.744210489
0.7240000000000005,4215456.022759877
0.7260000000000005,4214748.23860248
0.7280000000000005,4214040.390607709
0.7300000000000005,4213332.477696136
0.7320000000000005,4212624.498807028
0.7340000000000005,4211916.452909435
0.7360000000000005,4211208.338990215
0.7380000000000005,4210500.156084392
0.7400000000000005,4209791.903261058
0.7420000000000005,4209083.579603201
0.7440000000000005,4208375.184236434
0.7460000000000006,4207666.716301002
0.7480000000000006,4206958.174977828
0.7500000000000006,4206249.559460059
0.7520000000000006,4205540.868964764
0.7540000000000006,4204832.1027353695
0.7560000000000006,4204123.260040936
0.7580000000000006,4203414.375641115
0.7600000000000006,4202705.486866868
0.7620000000000006,4201996.591526875
0.7640000000000006,4201287.6870618295
0.7660000000000006,4200578.770997535
0.7680000000000006,4199869.840880075
0.7700000000000006,4199160.894121253
0.7720000000000006,4198451.928377649
0.7740000000000006,4197742.941439337
0.7760000000000006,4197033.931183511
0.7780000000000006,4196324.895535566
0.7800000000000006,4195615.832494124
0.7820000000000006,4194906.74010277
0.7840000000000006,4194197.616474744
0.7860000000000006,4193488.4597647595
0.7880000000000006,4192779.2681796895
0.7900000000000006,4192070.0399802853
0.7920000000000006,4191360.7734938245
0.7940000000000006,4190651.46708235
0.7960000000000006,4189942.1191527233
0.7980000000000006,4189232.7281588656
0.8000000000000006,4188523.2925866116
0.8020000000000006,4187813.8109809826
0.8040000000000006,4187104.281934071
0.8060000000000006,4186394.70406459
0.8080000000000006,4185685.0760450806
0.8100000000000006,4184975.3965888377
0.8120000000000006,4184265.664431271
0.8140000000000006,4183555.8783437693
0.8160000000000006,4182846.037150319
0.8180000000000006,4182136.139697185
0.8200000000000006,4181426.1848628414
0.8220000000000006,4180716.171560089
0.8240000000000006,4180006.098735256
0.8260000000000006,4179295.965366729
0.8280000000000006,4178585.77044958
0.8300000000000006,4177875.513023419
0.8320000000000006,4177165.192159373
0.8340000000000006,4176454.8069414743
0.8360000000000006,4175744.356494022
0.8380000000000006,4175033.8399554174
0.8400000000000006,4174323.256489077
0.8420000000000006,4173612.605299298
0.8440000000000006,4172901.8856015536
0.8460000000000006,4172191.096632778
0.8480000000000006,4171480.2376538725
0.8500000000000006,4170769.3079356267
0.8520000000000006,4170058.3067862606
0.8540000000000006,4169347.233538518
0.8560000000000006,4168636.087544791
0.8580000000000007,4167924.8681619694
0.8600000000000007,4167213.5747660175
0.8620000000000007,4166502.2067686436
0.8640000000000007,4165790.7635879195
0.8660000000000007,4165079.2446582625
0.8680000000000007,4164367.649432813
0.8700000000000007,4163655.9773830106
0.8720000000000007,4162944.227997555
0.8740000000000007,4162232.4007813353
0.8760000000000007,4161520.495254619
0.8780000000000007,4160808.5109388917
0.8800000000000007,4160096.4473910583
0.8820000000000007,4159384.3041889607
0.8840000000000007,4158672.0809155153
0.8860000000000007,4157959.7771530496
0.8880000000000007,4157247.392496037
0.8900000000000007,4156534.9265536284
0.8920000000000007,4155822.378949245
0.8940000000000007,4155109.749319478
0.8960000000000007,4154397.0373130813
0.8980000000000007,4153684.242590216
0.9000000000000007,4152971.364808513
0.9020000000000007,4152258.4036507406
0.9040000000000007,4151545.3587995428
0.9060000000000007,4150832.229961225
0.9080000000000007,4150119.0168400947
0.9100000000000007,4149405.7191492035
0.9120000000000007,4148692.336612574
0.9140000000000007,4147978.8701065714
0.9160000000000007,4147265.355622148
0.9180000000000007,4146551.8178828857
0.9200000000000007,4145838.2550552557
0.9220000000000007,4145124.6686655176
0.9240000000000007,4144411.0683980645
0.9260000000000007,4143697.4530146825
0.9280000000000007,4142983.8204163318
0.9300000000000007,4142270.168550159
0.9320000000000007,4141556.495432291
0.9340000000000007,4140842.7991215438
0.9360000000000007,4140129.0777289765
0.9380000000000007,4139415.3294193116
0.9400000000000007,4138701.552409509
0.9420000000000007,4137987.7449666774
0.9440000000000007,4137273.90540609
0.9460000000000007,4136560.03208945
0.9480000000000007,4135846.1234234124
0.9500000000000007,4135132.1778582414
0.9520000000000007,4134418.1938865907
0.9540000000000007,4133704.170029334
0.9560000000000007,4132990.104861644
0.9580000000000007,4132275.996988449
0.9600000000000007,4131561.84506624
0.9620000000000007,4130847.6477766517
0.9640000000000007,4130133.4038497224
0.9660000000000007,4129419.112038644
0.9680000000000007,4128704.771129811
0.9700000000000008,4127990.379944853
0.9720000000000008,4127275.937339805
0.9740000000000008,4126561.4422035287
0.9760000000000008,4125846.8934562863
0.9780000000000008,4125132.2900355915
0.9800000000000008,4124417.630922064
0.9820000000000008,4123702.915127565
0.9840000000000008,4122988.141677943
0.9860000000000008,4122273.3096383405
0.9880000000000008,4121558.4180890117
0.9900000000000008,4120843.466135352
0.9920000000000008,4120128.4529098384
0.9940000000000008,4119413.377583982
0.9960000000000008,4118698.2393402425
0.9980000000000008,4117983.0373815424
1.0000000000000007,4117267.770921129
1.0020000000000007,4116552.439208989
1.0040000000000007,4115837.0415201103
1.0060000000000007,4115121.5771372076
1.0080000000000007,4114406.045375608
1.0100000000000007,4113690.4455593573
1.0120000000000007,4112974.777043797
1.0140000000000007,4112259.0391912675
1.0160000000000007,4111543.231381175
1.0180000000000007,4110827.3530123183
1.0200000000000007,4110111.4035024266
1.0220000000000007,4109395.3822870036
1.0240000000000007,4108679.288817591
1.0260000000000007,4107963.1225619977
1.0280000000000007,4107246.8830036605
1.0300000000000007,4106530.5696282024
1.0320000000000007,4105814.181949164
1.0340000000000007,4105097.71948446
1.0360000000000007,4104381.1817660695
1.0380000000000007,4103664.5683419737
1.0400000000000007,4102947.878787923
1.0420000000000007,4102231.1126802005
1.0440000000000007,4101514.269605118
1.0460000000000007,4100797.3491493594
1.0480000000000007,4100080.3509260407
1.0500000000000007,4099363.2745635314
1.0520000000000007,4098646.1196887987
1.0540000000000007,4097928.8859519837
1.0560000000000007,4097211.5730032693
1.0580000000000007,4096494.180515183
1.0600000000000007,4095776.708163092
1.0620000000000007,4095059.1556377914
1.0640000000000007,4094341.522631311
1.0660000000000007,4093623.808846062
1.0680000000000007,4092906.0139946844
1.0700000000000007,4092188.1377991615
1.0720000000000007,4091470.1799877924
1.0740000000000007,4090752.164897366
1.0760000000000007,4090034.120485515
1.0780000000000007,4089316.0457117506
1.0800000000000007,4088597.9390678974
1.0820000000000007,4087879.799086844
1.0840000000000007,4087161.624380525
1.0860000000000007,4086443.413562815
1.0880000000000007,4085725.1652756156
1.0900000000000007,4085006.878197404
1.0920000000000007,4084288.5510427062
1.0940000000000007,4083570.1825608164
1.0960000000000008,4082851.771522295
1.0980000000000008,4082133.3167431466
1.1000000000000008,4081414.81707351
1.1020000000000008,4080696.271381216
1.1040000000000008,4079977.678575516
1.1060000000000008,4079259.037584208
1.1080000000000008,4078540.3473750087
1.1100000000000008,4077821.6069321893
1.1120000000000008,4077102.8152658977
1.1140000000000008,4076383.9714141865
1.1160000000000008,4075665.074442358
1.1180000000000008,4074946.1255232
1.1200000000000008,4074227.133604626
1.1220000000000008,4073508.098330711
1.1240000000000008,4072789.018492101
1.1260000000000008,4072069.8928988418
1.1280000000000008,4071350.7204047125
1.1300000000000008,4070631.4998844382
1.1320000000000008,4069912.230254391
1.1340000000000008,4069192.910448711
1.1360000000000008,4068473.5394286257
1.1380000000000008,4067754.1161969313
1.1400000000000008,4067034.639771879
1.1420000000000008,4066315.10919585
1.1440000000000008,4065595.5235380037
1.1460000000000008,4064875.8818935966
1.1480000000000008,4064156.1833701986
1.1500000000000008,4063436.4271119838
1.1520000000000008,4062716.6122888443
1.1540000000000008,4061996.7380804196
1.1560000000000008,4061276.803699387
1.1580000000000008,4060556.8083693353
1.1600000000000008,4059836.751334
1.1620000000000008,4059116.6318709776
1.1640000000000008,4058396.449266593
1.1660000000000008,4057676.202824536
1.1680000000000008,4056955.891868107
1.1700000000000008,4056235.515740007
1.1720000000000008,4055515.0738014537
1.1740000000000008,4054794.565419527
1.1760000000000008,4054073.9899908267
1.1780000000000008,4053353.346919322
1.1800000000000008,4052632.6356368656
1.1820000000000008,4051911.855580575
1.1840000000000008,4051191.0062136096
1.1860000000000008,4050470.087003017
1.1880000000000008,4049749.097429112
1.1900000000000008,4049028.0369878467
1.1920000000000008,4048306.9051905056
1.1940000000000008,4047585.7015627893
1.1960000000000008,4046864.425632315
1.1980000000000008,4046143.0769520304
1.2000000000000008,4045421.6550899805
1.2020000000000008,4044700.159618197
1.2040000000000008,4043978.5901398337
1.2060000000000008,4043256.9462477225
1.2080000000000009,4042535.2275445056
1.2100000000000009,4041813.433645742
1.2120000000000009,4041091.564179507
1.2140000000000009,4040369.61878542
1.2160000000000009,4039647.5971137625
1.2180000000000009,4038925.498824814
1.2200000000000009,4038203.323588345
1.2220000000000009,4037481.0710718366
1.2240000000000009,4036758.7409640397
1.2260000000000009,4036036.3329536906
1.2280000000000009,4035313.846738405
1.2300000000000009,4034591.282038017
1.2320000000000009,4033868.6441858388
1.2340000000000009,4033145.969774138
1.2360000000000009,4032423.260992592
1.2380000000000009,4031700.5165276425
1.2400000000000009,4030977.735087676
1.2420000000000009,4030254.915426051
1.2440000000000009,4029532.0563302604
1.2460000000000009,4028809.1566179353
1.2480000000000009,4028086.215124723
1.2500000000000009,4027363.230715321
1.252000000000001,4026640.202297107
1.254000000000001,4025917.128795694
1.256000000000001,4025194.0091627357
1.258000000000001,4024470.8423889102
1.260000000000001,4023747.6274799146
1.262000000000001,4023024.3634647494
1.264000000000001,4022301.0493978476
1.266000000000001,4021577.6843475234
1.268000000000001,4020854.267418425
1.270000000000001,4020130.797741137
1.272000000000001,4019407.274468099
1.274000000000001,4018683.6967610084
1.276000000000001,4017960.0638136696
1.278000000000001,4017236.374831256
1.280000000000001,4016512.629038918
1.282000000000001,4015788.825683555
1.284000000000001,4015064.964044317
1.286000000000001,4014341.0434092907
1.288000000000001,4013617.063108833
1.290000000000001,4012893.0224705026
1.292000000000001,4012168.9208344175
1.294000000000001,4011444.7575611155
1.296000000000001,4010720.532027555
1.298000000000001,4009996.243614705
1.300000000000001,4009271.8917302014
1.302000000000001,4008547.4757878873
1.304000000000001,4007822.995216461
1.306000000000001,4007098.44946133
1.308000000000001,4006373.8379951166
1.310000000000001,4005649.1617326895
1.312000000000001,4004924.4284967333
1.314000000000001,4004199.638257564
1.316000000000001,4003474.7902328353
1.318000000000001,4002749.8836633167
1.320000000000001,4002024.917809065
1.322000000000001,4001299.891937073
1.324000000000001,4000574.8053436233
1.326000000000001,3999849.657334231
1.328000000000001,3999124.447232472
1.330000000000001,3998399.1743803346
1.332000000000001,3997673.83814929
1.334000000000001,3996948.4379165294
1.336000000000001,3996222.973062102
1.338000000000001,3995497.442993901
1.340000000000001,3994771.847140023
1.342000000000001,3994046.184957746
1.344000000000001,3993320.4558946583
1.346000000000001,3992594.6594200446
1.348000000000001,3991868.795008077
1.350000000000001,3991142.8621571036
1.352000000000001,3990416.8603689466
1.354000000000001,3989690.7891569193
1.356000000000001,3988964.6480484875
1.358000000000001,3988238.436585335
1.360000000000001,3987512.1543220733
1.362000000000001,3986785.800825394
1.364000000000001,3986059.3756734445
1.366000000000001,3985332.8784445394
1.368000000000001,3984606.308739184
1.370000000000001,3983879.66616006
1.372000000000001,3983152.950331045
1.374000000000001,3982426.160876637
1.376000000000001,3981699.297430372
1.378000000000001,3980972.359636938
1.380000000000001,3980245.347151937
1.382000000000001,3979518.2596411114
1.384000000000001,3978791.0967795704
1.386000000000001,3978063.858240517
1.388000000000001,3977336.5437170244
1.390000000000001,3976609.1529128794
1.392000000000001,3975881.704508444
1.394000000000001,3975154.2181050694
1.396000000000001,3974426.6927088574
1.398000000000001,3973699.1271759793
1.400000000000001,3972971.520388838
1.402000000000001,3972243.8712581466
1.404000000000001,3971516.1787225623
1.406000000000001,3970788.4417473883
1.408000000000001,3970060.6593235545
1.410000000000001,3969332.830466701
1.412000000000001,3968604.954205785
1.414000000000001,3967877.029604354
1.416000000000001,3967149.0557406596
1.418000000000001,3966421.031725966
1.420000000000001,3965692.956684112
1.422000000000001,3964964.8297594856
1.424000000000001,3964236.6501293276
1.426000000000001,3963508.4169814317
1.428000000000001,3962780.1295217886
1.430000000000001,3962051.7869765926
1.432000000000001,3961323.3885920523
1.434000000000001,3960594.9336231127
1.436000000000001,3959866.42135433
1.438000000000001,3959137.8510905127
1.440000000000001,3958409.222142699
1.442000000000001,3957680.533848666
1.444000000000001,3956951.7855536165
1.446000000000001,3956222.97662873
1.448000000000001,3955494.1064513824
1.450000000000001,3954765.1744132824
1.452000000000001,3954036.1799224843
1.454000000000001,3953307.1224030848
1.456000000000001,3952578.0012943638
1.458000000000001,3951848.8160499264
1.460000000000001,3951119.566126637
1.462000000000001,3950390.251005519
1.464000000000001,3949660.8701718957
1.466000000000001,3948931.42313483
1.468000000000001,3948201.909406746
1.470000000000001,3947472.328521665
1.472000000000001,3946742.6800157847
1.474000000000001,3946012.963435702
1.476000000000001,3945283.1783473208
1.478000000000001,3944553.324337009
1.480000000000001,3943823.4009885336
1.482000000000001,3943093.4078853475
1.484000000000001,3942363.3446322163
1.486000000000001,3941633.2108360645
1.488000000000001,3940903.00612397
1.490000000000001,3940172.730123581
1.492000000000001,3939442.3824820295
1.494000000000001,3938711.9628753113
1.496000000000001,3937981.470980398
1.498000000000001,3937250.9073299
1.500000000000001,3936520.2787876325
1.5020000000000011,3935789.5855053216
1.5040000000000011,3935058.8269208693
1.5060000000000011,3934328.0024973294
1.5080000000000011,3933597.1116913618
1.5100000000000011,3932866.153866027
1.5120000000000011,3932135.128403081
1.5140000000000011,3931404.03477212
1.5160000000000011,3930672.872504306
1.5180000000000011,3929941.6411372563
1.5200000000000011,3929210.3402295313
1.5220000000000011,3928478.9693408622
1.5240000000000011,3927747.52804012
1.5260000000000011,3927016.0159076033
1.5280000000000011,3926284.4325351226
1.5300000000000011,3925552.777525398
1.5320000000000011,3924821.050491428
1.5340000000000011,3924089.251055956
1.5360000000000011,3923357.378841083
1.5380000000000011,3922625.433488607
1.5400000000000011,3921893.414641641
1.5420000000000011,3921161.3219521903
1.5440000000000011,3920429.1550928005
1.5460000000000012,3919696.9137355406
1.5480000000000012,3918964.597559272
1.5500000000000012,3918232.208008794
1.5520000000000012,3917499.768660046
1.5540000000000012,3916767.286848911
1.5560000000000012,3916034.7615467175
1.5580000000000012,3915302.1917507593
1.5600000000000012,3914569.5764715523
1.5620000000000012,3913836.914752344
1.5640000000000012,3913104.20565058
1.5660000000000012,3912371.4482551897
1.5680000000000012,3911638.641667793
1.5700000000000012,3910905.7850101646
1.5720000000000012,3910172.877425494
1.5740000000000012,3909439.918078743
1.5760000000000012,3908706.90615569
1.5780000000000012,3907973.8408617205
1.5800000000000012,3907240.721421043
1.5820000000000012,3906507.547066244
1.5840000000000012,3905774.317058068
1.5860000000000012,3905041.0306671485
1.5880000000000012,3904307.6871910626
1.5900000000000012,3903574.285935542
1.5920000000000012,3902840.8262218726
1.5940000000000012,3902107.3073984194
1.5960000000000012,3901373.7288201363
1.5980000000000012,3900640.0898556355
1.6000000000000012,3899906.389889134
1.6020000000000012,3899172.6283106655
1.6040000000000012,3898438.804535535
1.6060000000000012,3897704.917995697
1.6080000000000012,3896970.9681319143
1.6100000000000012,3896236.954420768
1.6120000000000012,3895502.876326129
1.6140000000000012,3894768.733332291
1.6160000000000012,3894034.524927189
1.6180000000000012,3893300.250609943
1.6200000000000012,3892565.9098928003
1.6220000000000012,3891831.5023009367
1.6240000000000012,3891097.0273717158
1.6260000000000012,3890362.4846539306
1.6280000000000012,3889627.873697607
1.6300000000000012,3888893.194073461
1.6320000000000012,3888158.4453647328
1.6340000000000012,3887423.6271545356
1.6360000000000012,3886688.739035268
1.6380000000000012,3885953.7806205223
1.6400000000000012,3885218.751525029
1.6420000000000012,3884483.651371535
1.6440000000000012,3883748.479792676
1.6460000000000012,3883013.2364309733
1.6480000000000012,3882277.9209286626
1.6500000000000012,3881542.5329468767
1.6520000000000012,3880807.0721573983
1.6540000000000012,3880071.538230038
1.6560000000000012,3879335.930851452
1.6580000000000013,3878600.249707803
1.6600000000000013,3877864.494492246
1.6620000000000013,3877128.6649068026
1.6640000000000013,3876392.7606621645
1.6660000000000013,3875656.7814769666
1.6680000000000013,3874920.7270771204
1.6700000000000013,3874184.597195292
1.6720000000000013,3873448.391570575
1.6740000000000013,3872712.1099387356
1.6760000000000013,3871975.752051612
1.6780000000000013,3871239.3176597822
1.6800000000000013,3870502.806519523
1.6820000000000013,3869766.2189279683
1.6840000000000013,3869029.5604234454
1.6860000000000013,3868292.83163723
1.6880000000000013,3867556.0321406745
1.6900000000000013,3866819.1615252993
1.6920000000000013,3866082.219395473
1.6940000000000013,3865345.205365311
1.6960000000000013,3864608.1190481605
1.6980000000000013,3863870.960075636
1.7000000000000013,3863133.728084795
1.7020000000000013,3862396.4227654925
1.7040000000000013,3861659.0437792405
1.7060000000000013,3860921.5907959724
1.7080000000000013,3860184.063484751
1.7100000000000013,3859446.4669139483
1.7120000000000013,3858708.822563881
1.7140000000000013,3857971.1313525233
1.7160000000000013,3857233.392357727
1.7180000000000013,3856495.6046682317
1.7200000000000013,3855757.767402381
1.7220000000000013,3855019.879691148
1.7240000000000013,3854281.940685098
1.7260000000000013,3853543.949565048
1.7280000000000013,3852805.905522347
1.7300000000000013,3852067.8077653497
1.7320000000000013,3851329.65552111
1.7340000000000013,3850591.448035223
1.7360000000000013,3849853.184561842
1.7380000000000013,3849114.8643961744
1.7400000000000013,3848376.486851912
1.7420000000000013,3847638.0512349214
1.7440000000000013,3846899.5568754813
1.7460000000000013,3846161.0031113303
1.7480000000000013,3845422.3893039394
1.7500000000000013,3844683.7148211654
1.7520000000000013,3843944.979044313
1.7540000000000013,3843206.1813699193
1.7560000000000013,3842467.321209533
1.7580000000000013,3841728.3979889583
1.7600000000000013,3840989.4111474887
1.7620000000000013,3840250.3601281377
1.7640000000000013,3839511.244396064
1.7660000000000013,3838772.0634216443
1.7680000000000013,3838032.816696432
1.7700000000000014,3837293.50371574
1.7720000000000014,3836554.1239855955
1.7740000000000014,3835814.6770336037
1.7760000000000014,3835075.162389966
1.7780000000000014,3834335.579594092
1.7800000000000014,3833595.928196519
1.7820000000000014,3832856.207749847
1.7840000000000014,3832116.417826979
1.7860000000000014,3831376.558013176
1.7880000000000014,3830636.627893455
1.7900000000000014,3829896.627071251
1.7920000000000014,3829156.5551515757
1.7940000000000014,3828416.4117479245
1.7960000000000014,3827676.1964840074
1.7980000000000014,3826935.9089935347
1.8000000000000014,3826195.548919504
1.8020000000000014,3825455.1159135145
1.8040000000000014,3824714.609635259
1.8060000000000014,3823974.0297521455
1.8080000000000014,3823233.3759300057
1.8100000000000014,3822492.6478514597
1.8120000000000014,3821751.845199485
1.8140000000000014,3821010.96767323
1.8160000000000014,3820270.014971029
1.8180000000000014,3819528.9867973295
1.8200000000000014,3818787.8828644995
1.8220000000000014,3818046.702892755
1.8240000000000014,3817305.4466095436
1.8260000000000014,3816564.113739994
1.8280000000000014,3815822.704024914
1.8300000000000014,3815081.2172132963
1.8320000000000014,3814339.6530505847
1.8340000000000014,3813598.01128738
1.8360000000000014,3812856.291690644
1.8380000000000014,3812114.494025174
1.8400000000000014,3811372.6180600105
1.8420000000000014,3810630.663570268
1.8440000000000014,3809888.630337196
1.8460000000000014,3809146.518138822
1.8480000000000014,3808404.3267678013
1.8500000000000014,3807662.056023899
1.8520000000000014,3806919.705702567
1.8540000000000014,3806177.2756037437
1.8560000000000014,3805434.765541962
1.8580000000000014,3804692.175328515
1.8600000000000014,3803949.50477788
1.8620000000000014,3803206.7539980416
1.8640000000000014,3802463.9270368707
1.8660000000000014,3801721.0252611605
1.8680000000000014,3800978.048329075
1.8700000000000014,3800235.008451224
1.8720000000000014,3799491.917557952
1.8740000000000014,3798748.774809919
1.8760000000000014,3798005.579369023
1.8780000000000014,3797262.3304147394
1.8800000000000014,3796519.027154652
1.8820000000000014,3795775.668806063
1.8840000000000015,3795032.2546021407
1.8860000000000015,3794288.7837848123
1.8880000000000015,3793545.2556226803
1.8900000000000015,3792801.6694033807
1.8920000000000015,3792058.0244303592
1.8940000000000015,3791314.3200126896
1.8960000000000015,3790570.555482804
1.8980000000000015,3789826.730181121
1.9000000000000015,3789082.84346225
1.9020000000000015,3788338.894705195
1.9040000000000015,3787594.883295025
1.9060000000000015,3786850.808628985
1.9080000000000015,3786106.6701212386
1.9100000000000015,3785362.467245812
1.9120000000000015,3784618.199453738
1.9140000000000015,3783873.866195703
1.9160000000000015,3783129.466936804
1.9180000000000015,3782385.0011449456
1.9200000000000015,3781640.468307764
1.9220000000000015,3780895.867916871
1.9240000000000015,3780151.1994744716
1.9260000000000015,3779406.4624950127
1.9280000000000015,3778661.6565049393
1.9300000000000015,3777916.781041951
1.9320000000000015,3777171.8356543262
1.9340000000000015,3776426.8199003623
1.9360000000000015,3775681.733347978
1.9380000000000015,3774936.5755657754
1.9400000000000015,3774191.3461405206
1.9420000000000015,3773446.04466144
1.9440000000000015,3772700.6707266434
1.9460000000000015,3771955.2239445825
1.9480000000000015,3771209.703942324
1.9500000000000015,3770464.1103471485
1.9520000000000015,3769718.4427841054
1.9540000000000015,3768972.7008955865
1.9560000000000015,3768226.884334701
1.9580000000000015,3767480.992762478
1.9600000000000015,3766735.0258382903
1.9620000000000015,3765988.9832371287
1.9640000000000015,3765242.864634209
1.9660000000000015,3764496.6697115055
1.9680000000000015,3763750.3981593437
1.9700000000000015,3763004.049676166
1.9720000000000015,3762257.6239678725
1.9740000000000015,3761511.120747193
1.9760000000000015,3760764.539733206
1.9780000000000015,3760017.880651019
1.9800000000000015,3759271.143223043
1.9820000000000015,3758524.327186258
1.9840000000000015,3757777.432276856
1.9860000000000015,3757030.4582366063
1.9880000000000015,3756283.4048273405
1.9900000000000015,3755536.2718252926
1.9920000000000015,3754789.0589928087
1.9940000000000015,3754041.766096949
1.9960000000000016,3753294.392909904
1.9980000000000016,3752546.939208699
2.0000000000000013,3751799.404766432
2.002000000000001,3751051.789369196
2.004000000000001,3750304.0928016845
2.0060000000000007,3749556.3148531034
2.0080000000000005,3748808.45531869
2.0100000000000002,3748060.513999467
2.012,3747312.490701614
2.014,3746564.3852358717
2.0159999999999996,3745816.1974171386
2.0179999999999993,3745067.927064343
2.019999999999999,3744319.5739917164
2.021999999999999,3743571.138026377
2.0239999999999987,3742822.618992124
2.0259999999999985,3742074.016716294
2.0279999999999982,3741325.3333000466
2.029999999999998,3740576.5861594346
2.031999999999998,3739827.776393313
2.0339999999999976,3739078.9033850227
2.0359999999999974,3738329.9665309065
2.037999999999997,3737580.9652803843
2.039999999999997,3736831.901810681
2.0419999999999967,3736082.777866064
2.0439999999999965,3735333.5927484254
2.0459999999999963,3734584.345782678
2.047999999999996,3733835.0363011
2.049999999999996,3733085.663649492
2.0519999999999956,3732336.2271887073
2.0539999999999954,3731586.7262944067
2.055999999999995,3730837.160356357
2.057999999999995,3730087.528777724
2.0599999999999947,3729337.830966216
2.0619999999999945,3728588.0663505965
2.0639999999999943,3727838.2343655485
2.065999999999994,3727088.334465934
2.067999999999994,3726338.3661112
2.0699999999999936,3725588.328771496
2.0719999999999934,3724838.221929267
2.073999999999993,3724088.045079075
2.075999999999993,3723337.797726961
2.0779999999999927,3722587.4793898044
2.0799999999999925,3721837.0895948075
2.0819999999999923,3721086.6278791036
2.083999999999992,3720336.0937812366
2.085999999999992,3719585.4868577435
2.0879999999999916,3718834.806668262
2.0899999999999914,3718084.0527815865
2.091999999999991,3717333.2247852394
2.093999999999991,3716582.322268398
2.0959999999999908,3715831.3448275947
2.0979999999999905,3715080.292060235
2.0999999999999903,3714329.163581388
2.10199999999999,3713577.959016905
2.10399999999999,3712826.6780006127
2.1059999999999897,3712075.320165063
2.1079999999999894,3711323.8851513
2.109999999999989,3710572.3726420207
2.111999999999989,3709820.782305482
2.1139999999999888,3709069.1138052307
2.1159999999999886,3708317.366812573
2.1179999999999883,3707565.5410314756
2.119999999999988,3706813.636205473
2.121999999999988,3706061.6520184674
2.1239999999999877,3705309.5881698476
2.1259999999999875,3704557.4443601873
2.1279999999999872,3703805.2203041944
2.129999999999987,3703052.9157152474
2.131999999999987,3702300.5303115486
2.1339999999999866,3701548.0638178694
2.1359999999999864,3700795.5159656126
2.137999999999986,3700042.886492361
2.139999999999986,3699290.1751413825
2.1419999999999857,3698537.3816612586
2.1439999999999855,3697784.5057975454
2.1459999999999853,3697031.547309082
2.147999999999985,3696278.505953468
2.149999999999985,3695525.381483441
2.1519999999999846,3694772.173575411
2.1539999999999844,3694018.881900673
2.155999999999984,3693265.5062046926
2.157999999999984,3692512.0462809196
2.1599999999999837,3691758.5019225758
2.1619999999999835,3691004.872925613
2.1639999999999833,3690251.15908978
2.165999999999983,3689497.3602107028
2.167999999999983,3688743.4760962087
2.1699999999999826,3687989.5065599685
2.1719999999999824,3687235.45141115
2.173999999999982,3686481.310462028
2.175999999999982,3685727.0835379446
2.1779999999999817,3684972.7704610717
2.1799999999999815,3684218.371055972
2.1819999999999813,3683463.8851512666
2.183999999999981,3682709.312579753
2.185999999999981,3681954.6540943924
2.1879999999999806,3681199.922472644
2.1899999999999804,3680445.121943146
2.19199999999998,3679690.2519529737
2.19399999999998,3678935.311953652
2.1959999999999797,3678180.301407254
2.1979999999999795,3677425.21978796
2.1999999999999793,3676670.0665897783
2.201999999999979,3675914.84130198
2.203999999999979,3675159.5434306604
2.2059999999999786,3674404.1724943263
2.2079999999999784,3673648.7280218173
2.209999999999978,3672893.209543553
2.211999999999978,3672137.6178128524
2.2139999999999778,3671381.9553347914
2.2159999999999775,3670626.2217528913
2.2179999999999773,3669870.416521103
2.219999999999977,3669114.539113688
2.221999999999977,3668358.5890085753
2.2239999999999767,3667602.5656849896
2.2259999999999764,3666846.468641061
2.227999999999976,3666090.297406465
2.229999999999976,3665334.0515171867
2.231999999999976,3664577.73050434
2.2339999999999756,3663821.333901892
2.2359999999999753,3663064.8612606428
2.237999999999975,3662308.312133779
2.239999999999975,3661551.6860827277
2.2419999999999747,3660794.982678718
2.2439999999999745,3660038.2015027152
2.2459999999999742,3659281.342137141
2.247999999999974,3658524.4041811167
2.249999999999974,3657767.387243991
2.2519999999999736,3657010.290935073
2.2539999999999734,3656253.1148786107
2.255999999999973,3655495.858699937
2.257999999999973,3654738.522031322
2.2599999999999727,3653981.1045135143
2.2619999999999725,3653223.6057956005
2.2639999999999723,3652466.025534427
2.265999999999972,3651708.363394038
2.267999999999972,3650950.619037549
2.2699999999999716,3650192.7921425304
2.2719999999999714,3649434.882387134
2.273999999999971,3648676.8894633865
2.275999999999971,3647918.8130628765
2.2779999999999707,3647160.6528824847
2.2799999999999705,3646402.4086259557
2.2819999999999703,3645644.0800038544
2.28399999999997,3644885.6667330773
2.28599999999997,3644127.168536359
2.2879999999999696,3643368.5851342306
2.2899999999999694,3642609.9162603533
2.291999999999969,3641851.161647755
2.293999999999969,3641092.321042075
2.2959999999999687,3640333.394187369
2.2979999999999685,3639574.3808318097
2.2999999999999683,3638815.2807292934
2.301999999999968,3638056.093639414
2.303999999999968,3637296.819327093
2.3059999999999676,3636537.4575544777
2.3079999999999674,3635778.0080958633
2.309999999999967,3635018.4707241114
2.311999999999967,3634258.845223802
2.3139999999999668,3633499.131377103
2.3159999999999665,3632739.3289693887
2.3179999999999663,3631979.437790551
2.319999999999966,3631219.4576357454
2.321999999999966,3630459.388304594
2.3239999999999656,3629699.2295931387
2.3259999999999654,3628938.9813097385
2.327999999999965,3628178.6433204245
2.329999999999965,3627418.2154787835
2.3319999999999648,3626657.6975952773
2.3339999999999645,3625897.089485113
2.3359999999999643,3625136.3909682264
2.337999999999964,3624375.6018687016
2.339999999999964,3623614.722014214
2.3419999999999637,3622853.751235602
2.3439999999999634,3622092.690478528
2.3459999999999632,3621331.551890378
2.347999999999963,3620570.3375506853
2.349999999999963,3619809.0469546183
2.3519999999999626,3619047.679601324
2.3539999999999623,3618286.2349991263
2.355999999999962,3617524.712666873
2.357999999999962,3616763.1121338615
2.3599999999999617,3616001.432939297
2.3619999999999615,3615239.674624295
2.3639999999999612,3614477.836746667
2.365999999999961,3613715.918874821
2.367999999999961,3612953.9205779033
2.3699999999999606,3612191.8414328024
2.3719999999999604,3611429.681026004
2.37399999999996,3610667.438960914
2.37599999999996,3609905.114842001
2.3779999999999597,3609142.7082724674
2.3799999999999595,3608380.2190736393
2.3819999999999593,3607617.6495292215
2.383999999999959,3606855.000040325
2.385999999999959,3606092.270149679
2.3879999999999586,3605329.4594029738
2.3899999999999584,3604566.5673543895
2.391999999999958,3603803.593575384
2.393999999999958,3603040.5376394205
2.3959999999999577,3602277.399127066
2.3979999999999575,3601514.1776201376
2.3999999999999573,3600750.872716818
2.401999999999957,3599987.4840255715
2.403999999999957,3599224.011155218
2.4059999999999566,3598460.453729044
2.4079999999999564,3597696.8113715323
2.409999999999956,3596933.0837138514
2.411999999999956,3596169.2703953055
2.4139999999999557,3595405.3710631877
2.4159999999999555,3594641.3853722424
2.4179999999999553,3593877.312984118
2.419999999999955,3593113.153566903
2.421999999999955,3592348.9067871645
2.4239999999999546,3591584.5723253996
2.4259999999999544,3590820.1498625902
2.427999999999954,3590055.6390855066
2.429999999999954,3589291.0396880168
2.4319999999999538,3588526.3513708813
2.4339999999999535,3587761.573841171
2.4359999999999533,3586996.7068117177
2.437999999999953,3586231.7500007106
2.439999999999953,3585466.7031240994
2.4419999999999527,3584701.5659103
2.4439999999999524,3583936.338087325
2.445999999999952,3583171.0193949994
2.447999999999952,3582405.6095716357
2.4499999999999518,3581640.1083594835
2.4519999999999516,3580874.5155062443
2.4539999999999513,3580108.8307578056
2.455999999999951,3579343.0538725937
2.457999999999951,3578577.184638676
2.4599999999999507,3577811.2228435962
2.4619999999999505,3577045.1682597375
2.4639999999999502,3576279.0206570583
2.46599999999995,3575512.7798089357
2.46799999999995,3574746.445493653
2.4699999999999496,3573980.0174943544
2.4719999999999493,3573213.4955985723
2.473999999999949,3572446.8795977645
2.475999999999949,3571680.169279731
2.4779999999999487,3570913.364443078
2.4799999999999485,3570146.464884311
2.4819999999999482,3569379.470403124
2.483999999999948,3568612.38080374
2.485999999999948,3567845.1958947554
2.4879999999999476,3567077.9154822794
2.4899999999999474,3566310.539382367
2.491999999999947,3565543.0674157725
2.493999999999947,3564775.499398748
2.4959999999999467,3564007.835157027
2.4979999999999465,3563240.0745131155
2.4999999999999463,3562472.2172989114
2.501999999999946,3561704.269827607
2.503999999999946,3560936.2388851913
2.5059999999999456,3560168.124072807
2.5079999999999454,3559399.9249186767
2.509999999999945,3558631.6409678576
2.511999999999945,3557863.271776344
2.5139999999999447,3557094.816901459
2.5159999999999445,3556326.275908388
2.5179999999999443,3555557.6483789836
2.519999999999944,3554788.933897108
2.521999999999944,3554020.1320534274
2.5239999999999436,3553251.2424466945
2.5259999999999434,3552482.264683625
2.527999999999943,3551713.198371951
2.529999999999943,3550944.043134139
2.5319999999999427,3550174.7985944482
2.5339999999999425,3549405.464391067
2.5359999999999423,3548636.0401683953
2.537999999999942,3547866.5256506093
2.539999999999942,3547096.920518907
2.5419999999999416,3546327.224431719
2.5439999999999414,3545557.4370542625
2.545999999999941,3544787.5592212374
2.547999999999941,3544017.5924977814
2.5499999999999408,3543247.5365585554
2.5519999999999405,3542477.39099905
2.5539999999999403,3541707.1554311444
2.55599999999994,3540936.82946848
2.55799999999994,3540166.412731075
2.5599999999999397,3539395.9048466096
2.5619999999999394,3538625.3054503677
2.563999999999939,3537854.6141777905
2.565999999999939,3537083.8306783345
2.5679999999999388,3536312.9546120563
2.5699999999999386,3535541.985671851
2.5719999999999383,3534770.923534786
2.573999999999938,3533999.7678698055
2.575999999999938,3533228.5183601025
2.5779999999999377,3532457.174681339
2.5799999999999375,3531685.7365207123
2.5819999999999372,3530914.2035728213
2.583999999999937,3530142.5755380574
2.585999999999937,3529370.852114833
2.5879999999999366,3528599.0330135166
2.5899999999999364,3527827.11794399
2.591999999999936,3527055.10662081
2.593999999999936,3526282.9987645224
2.5959999999999357,3525510.7941015256
2.5979999999999355,3524738.492363555
2.5999999999999353,3523966.0932802106
2.601999999999935,3523193.5965927425
2.603999999999935,3522421.0020415233
2.6059999999999346,3521648.309378017
2.6079999999999344,3520875.518351904
2.609999999999934,3520102.6287161848
2.611999999999934,3519329.640228657
2.6139999999999337,3518556.552651922
2.6159999999999335,3517783.365752976
2.6179999999999333,3517010.079295855
2.619999999999933,3516236.693055396
2.621999999999933,3515463.2068047947
2.6239999999999326,3514689.620327546
2.6259999999999324,3513915.933404634
2.627999999999932,3513142.145819365
2.629999999999932,3512368.2573592644
2.6319999999999317,3511594.2678161147
2.6339999999999315,3510820.176978511
2.6359999999999313,3510045.9846454607
2.637999999999931,3509271.6906139418
2.639999999999931,3508497.294690711
2.6419999999999306,3507722.7966795387
2.6439999999999304,3506948.196386274
2.64599999999993,3506173.493620313
2.64799999999993,3505398.6881946186
2.6499999999999297,3504623.7799253697
2.6519999999999295,3503848.768624674
2.6539999999999293,3503073.654114221
2.655999999999929,3502298.436386496
2.657999999999929,3501523.121793086
2.6599999999999286,3500747.7149460027
2.6619999999999284,3499972.2154014916
2.663999999999928,3499196.6227243966
2.665999999999928,3498420.9364883527
2.6679999999999278,3497645.1562685235
2.6699999999999275,3496869.2816549838
2.6719999999999273,3496093.3122402844
2.673999999999927,3495317.247631039
2.675999999999927,3494541.0874351715
2.6779999999999267,3493764.8312821947
2.6799999999999264,3492988.4788340246
2.681999999999926,3492212.0297221057
2.683999999999926,3491435.4835821833
2.685999999999926,3490658.8400497935
2.6879999999999256,3489882.0987737062
2.6899999999999253,3489105.25940369
2.691999999999925,3488328.321602143
2.693999999999925,3487551.285031498
2.6959999999999247,3486774.149359159
2.6979999999999245,3485996.914258897
2.6999999999999242,3485219.5794108175
2.701999999999924,3484442.1445009443
2.703999999999924,3483664.6092139897
2.7059999999999236,3482886.973378127
2.7079999999999234,3482109.23857953
2.709999999999923,3481331.4051628606
2.711999999999923,3480553.4726780294
2.7139999999999227,3479775.4406824205
2.7159999999999225,3478997.3087921375
2.7179999999999223,3478219.0766650033
2.719999999999922,3477440.743960793
2.721999999999922,3476662.310337011
2.7239999999999216,3475883.775463355
2.7259999999999214,3475105.139016853
2.727999999999921,3474326.4006731804
2.729999999999921,3473547.560119285
2.7319999999999207,3472768.617041805
2.7339999999999205,3471989.571132184
2.7359999999999203,3471210.422087808
2.73799999999992,3470431.1696119173
2.73999999999992,3469651.813413164
2.7419999999999196,3468872.353205136
2.7439999999999194,3468092.788705994
2.745999999999919,3467313.1196541996
2.747999999999919,3466533.3458708622
2.7499999999999187,3465753.4670966957
2.7519999999999185,3464973.4830626873
2.7539999999999183,3464193.39350317
2.755999999999918,3463413.1981504676
2.757999999999918,3462632.8967483295
2.7599999999999176,3461852.4890466174
2.7619999999999174,3461071.9747924143
2.763999999999917,3460291.3537426665
2.765999999999917,3459510.6256524012
2.7679999999999167,3458729.7902796427
2.7699999999999165,3457948.8473867727
2.7719999999999163,3457167.796740487
2.773999999999916,3456386.638111391
2.775999999999916,3455605.371266964
2.7779999999999156,3454823.9959845915
2.7799999999999154,3454042.5120397983
2.781999999999915,3453260.9192109774
2.783999999999915,3452479.217290412
2.7859999999999148,3451697.4061089186
2.7879999999999145,3450915.4854628197
2.7899999999999143,3450133.4551426396
2.791999999999914,3449351.31494397
2.793999999999914,3448569.0646587955
2.7959999999999137,3447786.704087964
2.7979999999999134,3447004.2330294964
2.7999999999999132,3446221.6512834327
2.801999999999913,3445438.958653145
2.803999999999913,3444656.1549453195
2.8059999999999126,3443873.239969549
2.8079999999999123,3443090.2135314676
2.809999999999912,3442307.0754459514
2.811999999999912,3441523.829584371
2.8139999999999117,3440740.4812943074
2.8159999999999115,3439957.030333004
2.8179999999999112,3439173.476283818
2.819999999999911,3438389.8187379413
2.821999999999911,3437606.057287896
2.8239999999999106,3436822.1915402957
2.8259999999999104,3436038.2211104673
2.82799999999991,3435254.1456136997
2.82999999999991,3434469.964671112
2.8319999999999097,3433685.677910974
2.8339999999999095,3432901.2849690663
2.8359999999999093,3432116.7854880528
2.837999999999909,3431332.179116808
2.839999999999909,3430547.465510075
2.8419999999999086,3429762.6443216945
2.8439999999999084,3428977.71521715
2.845999999999908,3428192.677862276
2.847999999999908,3427407.531927918
2.8499999999999077,3426622.2770910934
2.8519999999999075,3425836.913034837
2.8539999999999073,3425051.4394476856
2.855999999999907,3424265.8560232
2.857999999999907,3423480.162453146
2.8599999999999066,3422694.358440274
2.8619999999999064,3421908.443684017
2.863999999999906,3421122.418427512
2.865999999999906,3420336.284020185
2.8679999999999057,3419550.0402375646
2.8699999999999055,3418763.6867343807
2.8719999999999053,3417977.2231708993
2.873999999999905,3417190.649206223
2.875999999999905,3416403.964511053
2.8779999999999046,3415617.1687563336
2.8799999999999044,3414830.261617848
2.881999999999904,3414043.2427773713
2.883999999999904,3413256.111922526
2.8859999999999038,3412468.8687462797
2.8879999999999035,3411681.512940297
2.8899999999999033,3410894.0442422777
2.891999999999903,3410106.4623871013
2.893999999999903,3409318.7670867
2.8959999999999027,3408530.958051771
2.8979999999999024,3407743.0349963945
2.899999999999902,3406954.9976393725
2.901999999999902,3406166.8457042393
2.9039999999999018,3405378.5789125203
2.9059999999999016,3404590.1969962064
2.9079999999999013,3403801.6996863233
2.909999999999901,3403013.086717393
2.911999999999901,3402224.3578285496
2.9139999999999007,3401435.51276338
2.9159999999999004,3400646.551269443
2.9179999999999002,3399857.473097806
2.9199999999999,3399068.278002724
2.9219999999999,3398278.965735055
2.9239999999998996,3397489.5360486014
2.9259999999998993,3396699.988708067
2.927999999999899,3395910.3234761176
2.929999999999899,3395120.540117492
2.9319999999998987,3394330.638393751
2.9339999999998985,3393540.618076157
2.9359999999998982,3392750.4789409963
2.937999999999898,3391960.2207609112
2.939999999999898,3391169.843310603
2.9419999999998976,3390379.346374697
2.9439999999998974,3389588.7297349903
2.945999999999897,3388797.993168363
2.947999999999897,3388007.1364608197
2.9499999999998967,3387216.1594029153
2.9519999999998965,3386425.0617814185
2.9539999999998963,3385633.843395438
2.955999999999896,3384842.50413016
2.957999999999896,3384051.0438340064
2.9599999999998956,3383259.4623024515
2.9619999999998954,3382467.759333827
2.963999999999895,3381675.935496211
2.965999999999895,3380883.997408461
2.9679999999998947,3380091.9453400606
2.9699999999998945,3379299.778889291
2.9719999999998943,3378507.4976560446
2.973999999999894,3377715.10124587
2.975999999999894,3376922.5892711114
2.9779999999998936,3376129.961350871
2.9799999999998934,3375337.217104373
2.981999999999893,3374544.35616317
2.983999999999893,3373751.378159913
2.9859999999998927,3372958.282738924
2.9879999999998925,3372165.0695446543
2.9899999999998923,3371371.738226119
2.991999999999892,3370578.2884650705
2.993999999999892,3369784.719960881
2.9959999999998916,3368991.032381101
2.9979999999998914,3368197.225391753
2.999999999999891,3367403.2986698197
3.001999999999891,3366609.2518917015
3.0039999999998908,3365815.084737605
3.0059999999998905,3365020.796892805
3.0079999999998903,3364226.388047629
3.00999999999989,3363431.857890884
3.01199999999989,3362637.206121963
3.0139999999998897,3361842.432439723
3.0159999999998894,3361047.5365660004
3.017999999999889,3360252.5192255466
3.019999999999889,3359457.3809891636
3.0219999999998888,3358662.121511498
3.0239999999998886,3357866.740446733
3.0259999999998883,3357071.2374606854
3.027999999999888,3356275.6122196694
3.029999999999888,3355479.8644008343
3.0319999999998877,3354683.9936806094
3.0339999999998875,3353887.99973902
3.0359999999998872,3353091.882261317
3.037999999999887,3352295.640937746
3.039999999999887,3351499.2754570018
3.0419999999998866,3350702.785518221
3.0439999999998864,3349906.17081999
3.045999999999886,3349109.431070736
3.047999999999886,3348312.5659774165
3.0499999999998857,3347515.575249907
3.0519999999998855,3346718.4585961425
3.0539999999998853,3345921.2157345125
3.055999999999885,3345123.8463889603
3.057999999999885,3344326.35028074
3.0599999999998846,3343528.7271338725
3.0619999999998844,3342730.976682756
3.063999999999884,3341933.0986597906
3.065999999999884,3341135.0927994056
3.0679999999998837,3340336.9588332186
3.0699999999998835,3339538.6965024397
3.0719999999998833,3338740.3055469966
3.073999999999883,3337941.785715787
3.075999999999883,3337143.1367553477
3.0779999999998826,3336344.358414151
3.0799999999998824,3335545.450443846
3.081999999999882,3334746.412593189
3.083999999999882,3333947.244619975
3.0859999999998817,3333147.946286174
3.0879999999998815,3332348.517349846
3.0899999999998813,3331548.957570803
3.091999999999881,3330749.2667346336
3.093999999999881,3329949.4446612643
3.0959999999998806,3329149.4911222733
3.0979999999998804,3328349.405888124
3.09999999999988,3327549.1887254054
3.10199999999988,3326748.839402327
3.1039999999998797,3325948.3576965113
3.1059999999998795,3325147.7433826816
3.1079999999998793,3324346.996236554
3.109999999999879,3323546.116029972
3.111999999999879,3322745.1025431547
3.1139999999998786,3321943.955662174
3.1159999999998784,3321142.679009396
3.117999999999878,3320341.2751655225
3.119999999999878,3319539.7437246144
3.1219999999998778,3318738.0842876825
3.1239999999998775,3317936.2964622853
3.1259999999998773,3317134.379862014
3.127999999999877,3316332.3341000564
3.129999999999877,3315530.1587949703
3.1319999999998767,3314727.8535779347
3.1339999999998764,3313925.418080658
3.135999999999876,3313122.851939295
3.137999999999876,3312320.154795343
3.139999999999876,3311517.3262896594
3.1419999999998756,3310714.366074191
3.1439999999998753,3309911.2738012034
3.145999999999875,3309108.0491333464
3.147999999999875,3308304.69173256
3.1499999999998747,3307501.2012642818
3.1519999999998745,3306697.577392688
3.1539999999998742,3305893.8197927284
3.155999999999874,3305089.9281453597
3.157999999999874,3304285.902129481
3.1599999999998736,3303481.741427226
3.1619999999998734,3302677.445729772
3.163999999999873,3301873.01483397
3.165999999999873,3301068.44860907
3.1679999999998727,3300263.747966279
3.1699999999998725,3299458.9128117533
3.1719999999998723,3298653.942798009
3.173999999999872,3297848.83757746
3.175999999999872,3297043.596806615
3.1779999999998716,3296238.220147159
3.1799999999998714,3295432.7072658
3.181999999999871,3294627.057833819
3.183999999999871,3293821.271520687
3.1859999999998707,3293015.348005642
3.1879999999998705,3292209.2869671867
3.1899999999998703,3291403.0881098243
3.19199999999987,3290596.751179332
3.19399999999987,3289790.2758697635
3.1959999999998696,3288983.6618690253
3.1979999999998694,3288176.9088744805
3.199999999999869,3287370.0165668037
3.201999999999869,3286562.98457452
3.2039999999998687,3285755.8125289334
3.2059999999998685,3284948.5001109964
3.2079999999998683,3284141.0470374506
3.209999999999868,3283333.4530245275
3.211999999999868,3282525.7177842236
3.2139999999998676,3281717.8410362927
3.2159999999998674,3280909.8225044175
3.217999999999867,3280101.6619087057
3.219999999999867,3279293.358971044
3.2219999999998667,3278484.913416619
3.2239999999998665,3277676.324973928
3.2259999999998663,3276867.5933743445
3.227999999999866,3276058.71835165
3.229999999999866,3275249.699635761
3.2319999999998656,3274440.5369641986
3.2339999999998654,3273631.23007221
3.235999999999865,3272821.778696692
3.237999999999865,3272012.182577469
3.2399999999998648,3271202.4414569964
3.2419999999998645,3270392.555074041
3.2439999999998643,3269582.5231750957
3.245999999999864,3268772.3455040497
3.247999999999864,3267962.021806206
3.2499999999998637,3267151.55182933
3.2519999999998634,3266340.9353235373
3.2539999999998632,3265530.172040909
3.255999999999863,3264719.2617293005
3.257999999999863,3263908.2041379143
3.2599999999998626,3263096.9990245225
3.2619999999998623,3262285.646143691
3.263999999999862,3261474.1470714477
3.265999999999862,3260662.505068454
3.2679999999998617,3259850.7199219232
3.2699999999998615,3259038.7912270236
3.2719999999998612,3258226.7185784876
3.273999999999861,3257414.5015757224
3.275999999999861,3256602.1398241827
3.2779999999998606,3255789.6329352804
3.2799999999998604,3254976.980525869
3.28199999999986,3254164.182211974
3.28399999999986,3253351.23761994
3.2859999999998597,3252538.1464036074
3.2879999999998595,3251724.908255124
3.2899999999998593,3250911.522813023
3.291999999999859,3250097.98971689
3.293999999999859,3249284.308610759
3.2959999999998586,3248470.4791369406
3.2979999999998584,3247656.500941465
3.299999999999858,3246842.3736811713
3.301999999999858,3246028.097012
3.3039999999998577,3245213.670592555
3.3059999999998575,3244399.094079439
3.3079999999998573,3243584.367138765
3.309999999999857,3242769.489435973
3.311999999999857,3241954.4610827467
3.3139999999998566,3241139.2825324475
3.3159999999998564,3240323.9534545047
3.317999999999856,3239508.473481529
3.319999999999856,3238692.8422450293
3.3219999999998557,3237877.0593865104
3.3239999999998555,3237061.1245472436
3.3259999999998553,3236245.0373720764
3.327999999999855,3235428.7975103464
3.329999999999855,3234612.404615762
3.3319999999998546,3233795.85834581
3.3339999999998544,3232979.158361353
3.335999999999854,3232162.3043206222
3.337999999999854,3231345.2958847205
3.3399999999998538,3230528.1327190436
3.3419999999998535,3229710.8144931416
3.3439999999998533,3228893.340880151
3.345999999999853,3228075.711556255
3.347999999999853,3227257.92619459
3.3499999999998527,3226439.984476354
3.3519999999998524,3225621.8860808453
3.353999999999852,3224803.630689426
3.355999999999852,3223985.2179865837
3.3579999999998518,3223166.647654186
3.3599999999998515,3222347.919382419
3.3619999999998513,3221529.032859642
3.363999999999851,3220709.987781811
3.365999999999851,3219890.7838420863
3.3679999999998507,3219071.4207291463
3.3699999999998504,3218251.898201591
3.3719999999998502,3217432.216093232
3.37399999999985,3216612.37410854
3.37599999999985,3215792.3719452005
3.3779999999998496,3214972.2093091835
3.3799999999998493,3214151.8859347613
3.381999999999849,3213331.4015857643
3.383999999999849,3212510.7559708445
3.3859999999998487,3211689.948792223
3.3879999999998485,3210868.9797589383
3.3899999999998482,3210047.848576892
3.391999999999848,3209226.5549528133
3.393999999999848,3208405.098589758
3.3959999999998476,3207583.4791983296
3.3979999999998474,3206761.696492263
3.399999999999847,3205939.750180887
3.401999999999847,3205117.6399740386
3.4039999999998467,3204295.3655834636
3.4059999999998465,3203472.9267228236
3.4079999999998463,3202650.323101695
3.409999999999846,3201827.5559268794
3.411999999999846,3201004.62764444
3.4139999999998456,3200181.537963676
3.4159999999998454,3199358.286451035
3.417999999999845,3198534.8726786156
3.419999999999845,3197711.2962237108
3.4219999999998447,3196887.556662776
3.4239999999998445,3196063.653582179
3.4259999999998443,3195239.586568106
3.427999999999844,3194415.35521088
3.429999999999844,3193590.959105695
3.4319999999998436,3192766.397852423
3.4339999999998434,3191941.6710496107
3.435999999999843,3191116.7783051715
3.437999999999843,3190291.7192264693
3.4399999999998427,3189466.4934240715
3.4419999999998425,3188641.100512728
3.4439999999998423,3187815.5401059776
3.445999999999842,3186989.8118261145
3.447999999999842,3186163.9152945387
3.4499999999998416,3185337.8501409767
3.4519999999998414,3184511.6160454024
3.453999999999841,3183685.213341446
3.455999999999841,3182858.641866862
3.4579999999998408,3182031.9012169475
3.4599999999998405,3181204.9909870164
3.4619999999998403,3180377.910775993
3.46399999999984,3179550.660192734
3.46599999999984,3178723.2388392235
3.4679999999998397,3177895.6463250807
3.4699999999998394,3177067.8822646956
3.471999999999839,3176239.9463220397
3.473999999999839,3175411.838167318
3.4759999999998388,3174583.557418801
3.4779999999998386,3173755.103698057
3.4799999999998383,3172926.4766298956
3.481999999999838,3172097.675841852
3.483999999999838,3171268.7009583204
3.4859999999998377,3170439.5516058
3.4879999999998375,3169610.227414253
3.4899999999998372,3168780.728016981
3.491999999999837,3167951.0530500617
3.493999999999837,3167121.2021463597
3.4959999999998366,3166291.1749460846
3.4979999999998364,3165460.9710871116
3.499999999999836,3164630.5902087274
3.501999999999836,3163800.0319526363
3.5039999999998357,3162969.295962985
3.5059999999998355,3162138.3818804324
3.5079999999998353,3161307.28934707
3.509999999999835,3160476.01801324
3.511999999999835,3159644.567526402
3.5139999999998346,3158812.9375290335
3.5159999999998344,3157981.127670549
3.517999999999834,3157149.1375979837
3.519999999999834,3156316.9669650407
3.5219999999998337,3155484.6154218325
3.5239999999998335,3154652.0826190463
3.5259999999998333,3153819.3682087767
3.527999999999833,3152986.471839075
3.529999999999833,3152153.3931645215
3.5319999999998326,3151320.13183656
3.5339999999998324,3150486.687507149
3.535999999999832,3149653.0598296854
3.537999999999832,3148819.248458892
3.5399999999998317,3147985.253044999
3.5419999999998315,3147151.0732442196
3.5439999999998313,3146316.7087091575
3.545999999999831,3145482.1590925218
3.547999999999831,3144647.4240481113
3.5499999999998306,3143812.5032253205
3.5519999999998304,3142977.396483894
3.55399999999983,3142142.10594948
3.55599999999983,3141306.6318318634
3.5579999999998297,3140470.9736487847
3.5599999999998295,3139635.1309257443
3.5619999999998293,3138799.103259076
3.563999999999829,3137962.890218825
3.565999999999829,3137126.4913393836
3.5679999999998286,3136289.906154771
3.5699999999998284,3135453.134202276
3.571999999999828,3134616.1750179967
3.573999999999828,3133779.02815778
3.5759999999998278,3132941.693325885
3.5779999999998275,3132104.170141716
3.5799999999998273,3131266.4581568534
3.581999999999827,3130428.556925014
3.583999999999827,3129590.465997706
3.5859999999998267,3128752.1849349192
3.5879999999998264,3127913.7132955682
3.589999999999826,3127075.0510021565
3.591999999999826,3126236.1979877315
3.593999999999826,3125397.153787129
3.5959999999998256,3124557.9179353295
3.5979999999998253,3123718.489965179
3.599999999999825,3122878.8694123784
3.601999999999825,3122039.055822054
3.6039999999998247,3121199.0487325354
3.6059999999998245,3120358.847689263
3.6079999999998242,3119518.452241911
3.609999999999824,3118677.8619375234
3.611999999999824,3117837.076325123
3.6139999999998236,3116996.0949568716
3.6159999999998234,3116154.91738773
3.617999999999823,3115313.5431751776
3.619999999999823,3114471.9718734715
3.6219999999998227,3113630.2030437468
3.6239999999998225,3112788.23624462
3.6259999999998223,3111946.0710358005
3.627999999999822,3111103.706973725
3.629999999999822,3110261.1436056695
3.6319999999998216,3109418.380418597
3.6339999999998214,3108575.416917951
3.635999999999821,3107732.2526520756
3.637999999999821,3106888.887188095
3.6399999999998207,3106045.320094494
3.6419999999998205,3105201.5509406114
3.6439999999998203,3104357.579290992
3.64599999999982,3103513.404715648
3.64799999999982,3102669.0267878547
3.6499999999998196,3101824.445164192
3.6519999999998194,3100979.659438912
3.653999999999819,3100134.669179124
3.655999999999819,3099289.4739472056
3.6579999999998187,3098444.0733109056
3.6599999999998185,3097598.4668340827
3.6619999999998183,3096752.654080273
3.663999999999818,3095906.6346139447
3.665999999999818,3095060.4079945693
3.6679999999998176,3094213.9737868286
3.6699999999998174,3093367.3315514037
3.671999999999817,3092520.4808484414
3.673999999999817,3091673.4212384173
3.6759999999998167,3090826.152282009
3.6779999999998165,3089978.673534494
3.6799999999998163,3089130.9845505776
3.681999999999816,3088283.0848908187
3.683999999999816,3087434.9741058205
3.6859999999998156,3086586.651749816
3.6879999999998154,3085738.117377921
3.689999999999815,3084889.3705395153
3.691999999999815,3084040.4115203535
3.6939999999998148,3083191.241372497
3.6959999999998145,3082341.8596141753
3.6979999999998143,3081492.265674081
3.699999999999814,3080642.458979265
3.701999999999814,3079792.4389598686
3.7039999999998137,3078942.2050502277
3.7059999999998134,3078091.756688607
3.7079999999998132,3077241.0933165196
3.709999999999813,3076390.2143727313
3.711999999999813,3075539.1193034155
3.7139999999998126,3074687.807552953
3.7159999999998123,3073836.278567222
3.717999999999812,3072984.531794451
3.719999999999812,3072132.5666798553
3.7219999999998117,3071280.3828995945
3.7239999999998115,3070427.9801797336
3.7259999999998112,3069575.3579477007
3.727999999999811,3068722.5156202503
3.729999999999811,3067869.4526215736
3.7319999999998106,3067016.1683743913
3.7339999999998104,3066162.6623252756
3.73599999999981,3065308.9340087944
3.73799999999981,3064454.982856666
3.7399999999998097,3063600.808297195
3.7419999999998095,3062746.409761652
3.7439999999998093,3061891.7866772604
3.745999999999809,3061036.938471482
3.747999999999809,3060181.864573135
3.7499999999998086,3059326.5644071037
3.7519999999998084,3058471.037404121
3.753999999999808,3057615.282991598
3.755999999999808,3056759.300596631
3.7579999999998077,3055903.089646824
3.7599999999998075,3055046.6495700637
3.7619999999998073,3054189.9797940548
3.763999999999807,3053333.079740745
3.765999999999807,3052475.948831071
3.7679999999998066,3051618.5864861975
3.7699999999998064,3050760.992127693
3.771999999999806,3049903.165171113
3.773999999999806,3049045.1050359006
3.7759999999998057,3048186.811136315
3.7779999999998055,3047328.2830086416
3.7799999999998053,3046469.5202117832
3.781999999999805,3045610.522153078
3.783999999999805,3044751.2882407494
3.7859999999998046,3043891.817877433
3.7879999999998044,3043032.1104634814
3.789999999999804,3042172.165397741
3.791999999999804,3041311.9820722826
3.7939999999998038,3040451.5598821235
3.7959999999998035,3039590.898216094
3.7979999999998033,3038729.99646013
3.799999999999803,3037868.853998052
3.801999999999803,3037007.4702112786
3.8039999999998027,3036145.8444733038
3.8059999999998024,3035283.9761546585
3.807999999999802,3034421.864623815
3.809999999999802,3033559.5092469444
3.8119999999998018,3032696.9093873273
3.8139999999998015,3031834.0643997146
3.8159999999998013,3030970.9736400107
3.817999999999801,3030107.6365035186
3.819999999999801,3029244.05242617
3.8219999999998007,3028380.220747153
3.8239999999998004,3027516.140801954
3.8259999999998002,3026651.812079293
3.8279999999998,3025787.2350638094
3.8299999999998,3024922.4090821277
3.8319999999997996,3024057.333344348
3.8339999999997993,3023192.0070614433
3.835999999999799,3022326.429439533
3.837999999999799,3021460.5996842817
3.8399999999997987,3020594.5170018426
3.8419999999997985,3019728.180598429
3.8439999999997982,3018861.5896744924
3.845999999999798,3017994.743433961
3.847999999999798,3017127.641094685
3.8499999999997976,3016260.2820800375
3.8519999999997974,3015392.665618468
3.853999999999797,3014524.790869527
3.855999999999797,3013656.6569961123
3.8579999999997967,3012788.263155217
3.8599999999997965,3011919.6085008504
3.8619999999997963,3011050.6921845437
3.863999999999796,3010181.513354873
3.865999999999796,3009312.07115173
3.8679999999997956,3008442.364710594
3.8699999999997954,3007572.393168498
3.871999999999795,3006702.155648686
3.873999999999795,3005831.651272936
3.8759999999997947,3004960.8791583055
3.8779999999997945,3004089.8384107235
3.8799999999997943,3003218.52812895
3.881999999999794,3002346.9474053765
3.883999999999794,3001475.095325578
3.8859999999997936,3000602.970967496
3.8879999999997934,2999730.5733956397
3.889999999999793,2998857.9016653174
3.891999999999793,2997984.954823453
3.8939999999997927,2997111.7319078604
3.8959999999997925,2996238.231946536
3.8979999999997923,2995364.4539534966
3.899999999999792,2994490.397018925
3.901999999999792,2993616.060202454
3.9039999999997916,2992741.442480331
3.9059999999997914,2991866.5428113914
3.907999999999791,2990991.3601463535
3.909999999999791,2990115.8934184723
3.9119999999997908,2989240.141551076
3.9139999999997905,2988364.103447832
3.9159999999997903,2987487.777995417
3.91799999999979,2986611.1640588837
3.91999999999979,2985734.260490841
3.9219999999997897,2984857.0661220155
3.9239999999997894,2983979.5797685934
3.925999999999789,2983101.8002223093
3.927999999999789,2982223.7262479197
3.9299999999997888,2981345.356593091
3.9319999999997886,2980466.6899839547
3.9339999999997883,2979587.7251174063
3.935999999999788,2978708.4606641443
3.937999999999788,2977828.895268589
3.9399999999997877,2976949.0275475215
3.9419999999997875,2976068.856088255
3.9439999999997872,2975188.379446686
3.945999999999787,2974307.596140395
3.947999999999787,2973426.504656444
3.9499999999997866,2972545.1034409045
3.9519999999997864,2971663.390900133
3.953999999999786,2970781.365574186
3.955999999999786,2969899.0261192615
3.9579999999997857,2969016.370742721
3.9599999999997855,2968133.3975817226
3.9619999999997852,2967250.104733212
3.963999999999785,2966366.4902411127
3.965999999999785,2965482.5520950593
3.9679999999997846,2964598.288231196
3.9699999999997844,2963713.6965613593
3.971999999999784,2962828.7749285586
3.973999999999784,2961943.5210326086
3.9759999999997837,2961057.9325011005
3.9779999999997835,2960172.0070733684
3.9799999999997833,2959285.7424020926
3.981999999999783,2958399.1358334185
3.983999999999783,2957512.18455917
3.9859999999997826,2956624.8856336474
3.9879999999997824,2955737.235952909
3.989999999999782,2954849.2322457433
3.991999999999782,2953960.8710485017
3.9939999999997817,2953072.1486779735
3.9959999999997815,2952183.0612001424
3.9979999999997813,2951293.6043928843
3.999999999999781,2950403.7737052836
4.001999999999781,2949513.564191357
4.003999999999781,2948622.9704469093
4.005999999999781,2947731.9865143136
4.007999999999781,2946840.6057659555
4.00999999999978,2945948.8207248347
4.01199999999978,2945056.6228136015
4.01399999999978,2944164.0020667515
4.01599999999978,2943270.9466970153
4.0179999999997795,2942377.442302221
4.019999999999779,2941483.4705243795
4.021999999999779,2940589.006523464
4.023999999999779,2939694.0134024266
4.025999999999779,2938798.4297740627
4.027999999999778,2936599.492231444
4.029999999999778,2932973.5646881233
4.031999999999778,2929228.637729762
4.033999999999778,2925394.7611723053
4.0359999999997775,2921500.513171995
4.037999999999777,2917567.2702879724
4.039999999999777,2913611.1120289615
4.041999999999777,2909643.0058131428
4.043999999999777,2905670.0199741363
4.045999999999776,2901696.5572420275
4.047999999999776,2897725.361599981
4.049999999999776,2893758.09306045
4.051999999999776,2889795.744395663
4.053999999999776,2885838.9015344223
4.055999999999775,2881887.9049067833
4.057999999999775,2877942.948340358
4.059999999999775,2874004.1390944477
4.061999999999775,2870071.5337845418
4.0639999999997745,2866145.1597547783
4.065999999999774,2862225.02754748
4.067999999999774,2858311.1381768677
4.069999999999774,2854403.487319579
4.071999999999774,2850502.0676726745
4.073999999999773,2846606.870274086
4.075999999999773,2842717.8852583035
4.077999999999773,2838835.102259208
4.079999999999773,2834958.510636179
4.0819999999997725,2831088.099587426
4.083999999999772,2827223.858225709
4.085999999999772,2823365.7755945143
4.087999999999772,2819513.84071604
4.089999999999772,2815668.042567239
4.091999999999771,2811828.370104692
4.093999999999771,2807994.8122674255
4.095999999999771,2804167.3579792497
4.097999999999771,2800345.996151336
4.0999999999997705,2796530.7156846416
4.10199999999977,2792721.5054722545
4.10399999999977,2788918.9086180166
4.10599999999977,2785122.7222257582
4.10799999999977,2781332.8137276294
4.109999999999769,2777549.096856255
4.111999999999769,2773771.514857031
4.113999999999769,2770000.029328817
4.115999999999769,2766234.61306205
4.1179999999997685,2762475.245562814
4.119999999999768,2758721.9103109753
4.121999999999768,2754974.5931107593
4.123999999999768,2751233.281114014
4.125999999999768,2747497.962250107
4.127999999999767,2743768.6248976407
4.129999999999767,2740045.257693057
4.131999999999767,2736327.849427685
4.133999999999767,2732616.3889866928
4.1359999999997665,2728910.8653166867
4.137999999999766,2725211.267410046
4.139999999999766,2721517.584291072
4.141999999999766,2717829.805015247
4.143999999999766,2714147.9186639716
4.145999999999765,2710471.914341758
4.147999999999765,2706801.7811794514
4.149999999999765,2703137.508331408
4.151999999999765,2699479.0849753194
4.1539999999997645,2695826.5003136992
4.155999999999764,2692179.743570157
4.157999999999764,2688538.8039917406
4.159999999999764,2684903.670850298
4.161999999999764,2681274.333438729
4.1639999999997634,2677650.781073313
4.165999999999763,2674033.0030948506
4.167999999999763,2670420.9888666123
4.169999999999763,2666814.7277730126
4.171999999999763,2663214.209222968
4.173999999999762,2659619.4226478217
4.175999999999762,2656030.3575012875
4.177999999999762,2652447.0032582926
4.179999999999762,2648869.349418073
4.1819999999997615,2645297.3855020255
4.183999999999761,2641731.101053763
4.185999999999761,2638170.4856391647
4.187999999999761,2634615.528846285
4.189999999999761,2631066.220286536
4.19199999999976,2627522.5495917704
4.19399999999976,2623984.506416111
4.19599999999976,2620452.080435789
4.19799999999976,2616925.2613490666
4.1999999999997595,2613404.0388761107
4.201999999999759,2609888.4027600987
4.203999999999759,2606378.342764405
4.205999999999759,2602873.8486743052
4.207999999999759,2599374.9102979233
4.209999999999758,2595881.517463513
4.211999999999758,2592393.66002113
4.213999999999758,2588911.327843399
4.215999999999758,2585434.510823025
4.2179999999997575,2581963.198874286
4.219999999999757,2578497.3819338456
4.221999999999757,2575037.0499584284
4.223999999999757,2571582.192926046
4.225999999999757,2568132.8008368826
4.227999999999756,2564688.863711108
4.229999999999756,2561250.3715900197
4.231999999999756,2557817.314536826
4.233999999999756,2554389.6826345767
4.2359999999997555,2550967.4659873163
4.237999999999755,2547550.6547200773
4.239999999999755,2544139.2389794257
4.241999999999755,2540733.20893162
4.243999999999755,2537332.554763665
4.245999999999754,2533937.266683239
4.247999999999754,2530547.334918681
4.249999999999754,2527162.749719459
4.251999999999754,2523783.50135458
4.2539999999997535,2520409.5801135097
4.255999999999753,2517040.976306178
4.257999999999753,2513677.6802627663
4.259999999999753,2510319.682333765
4.261999999999753,2506966.97288983
4.263999999999752,2503619.542321208
4.265999999999752,2500277.381039052
4.267999999999752,2496940.479474404
4.269999999999752,2493608.8280782797
4.2719999999997516,2490282.4173210124
4.273999999999751,2486961.2376935147
4.275999999999751,2483645.2797064795
4.277999999999751,2480334.5338898366
4.279999999999751,2477028.9907938885
4.2819999999997505,2473728.640988014
4.28399999999975,2470433.4750614055
4.28599999999975,2467143.483622953
4.28799999999975,2463858.6573014767
4.28999999999975,2460578.986744777
4.291999999999749,2457304.462620182
4.293999999999749,2454035.0756144137
4.295999999999749,2450770.8164336793
4.297999999999749,2447511.675803042
4.2999999999997485,2444257.6444673943
4.301999999999748,2441008.713190743
4.303999999999748,2437764.872755927
4.305999999999748,2434526.1139653395
4.307999999999748,2431292.427640015
4.309999999999747,2428063.804619833
4.311999999999747,2424840.235762671
4.313999999999747,2421621.7119497103
4.315999999999747,2418408.224077556
4.3179999999997465,2415199.76306181
4.319999999999746,2411996.3198370505
4.321999999999746,2408797.8853564835
4.323999999999746,2405604.4505923605
4.325999999999746,2402416.006535373
4.327999999999745,2399232.544195116
4.329999999999745,2396054.0545995208
4.331999999999745,2392880.528795143
4.333999999999745,2389711.9578470453
4.3359999999997445,2386548.3328387886
4.337999999999744,2383389.6448722933
4.339999999999744,2380235.885067839
4.341999999999744,2377087.044563926
4.343999999999744,2373943.1145174997
4.345999999999743,2370804.0861035865
4.347999999999743,2367669.9505154495
4.349999999999743,2364540.6989644915
4.351999999999743,2361416.3226802587
4.3539999999997425,2358296.8129103607
4.355999999999742,2355182.1609204025
4.357999999999742,2352072.3579938966
4.359999999999742,2348967.395432359
4.361999999999742,2345867.2645551767
4.363999999999741,2342771.9566995963
4.365999999999741,2339681.4632206494
4.367999999999741,2336595.775491175
4.369999999999741,2333514.8849016572
4.3719999999997405,2330438.782860359
4.37399999999974,2327367.4607931213
4.37599999999974,2324300.910143398
4.37799999999974,2321239.122372232
4.37999999999974,2318182.088958145
4.381999999999739,2315129.801397161
4.383999999999739,2312082.2512027216
4.385999999999739,2309039.4299056563
4.387999999999739,2306001.32905418
4.3899999999997386,2302967.9402138083
4.391999999999738,2299939.254967335
4.393999999999738,2296915.264914733
4.395999999999738,2293895.9616733165
4.397999999999738,2290881.336877388
4.3999999999997375,2287871.382178463
4.401999999999737,2284866.089245092
4.403999999999737,2281865.449762993
4.405999999999737,2278869.4554346795
4.407999999999737,2275878.097979771
4.409999999999736,2272891.3691346184
4.411999999999736,2269909.260652592
4.413999999999736,2266931.764303891
4.415999999999736,2263958.8718756363
4.4179999999997355,2260990.575171437
4.419999999999735,2258026.8660118477
4.421999999999735,2255067.736234
4.423999999999735,2252113.1776916794
4.425999999999735,2249163.1822552364
4.427999999999734,2246217.7418117514
4.429999999999734,2243276.848264775
4.431999999999734,2240340.493534301
4.433999999999734,2237408.6695567034
4.4359999999997335,2234481.3682847745
4.437999999999733,2231558.581687901
4.439999999999733,2228640.301751664
4.441999999999733,2225726.520477904
4.443999999999733,2222817.2298847036
4.445999999999732,2219912.4220065926
4.447999999999732,2217012.0888938825
4.449999999999732,2214116.2226133845
4.451999999999732,2211224.815248156
4.4539999999997315,2208337.8588969028
4.455999999999731,2205455.3456746703
4.457999999999731,2202577.2677123854
4.459999999999731,2199703.6171568804
4.461999999999731,2196834.3861708925
4.46399999999973,2193969.5669332957
4.46599999999973,2191109.1516387053
4.46799999999973,2188253.132497437
4.46999999999973,2185401.5017355583
4.4719999999997295,2182554.251595174
4.473999999999729,2179711.3743339083
4.475999999999729,2176872.8622249933
4.477999999999729,2174038.7075572545
4.479999999999729,2171208.9026353927
4.481999999999728,2168383.43977952
4.483999999999728,2165562.3113251934
4.485999999999728,2162745.509623388
4.487999999999728,2159933.027040836
4.4899999999997275,2157124.8559595393
4.491999999999727,2154320.988776774
4.493999999999727,2151521.4179051244
4.495999999999727,2148726.135772786
4.497999999999727,2145935.1348230867
4.499999999999726,2143148.4075144613
4.501999999999726,2140365.94632087
4.503999999999726,2137587.74373127
4.505999999999726,2134813.7922496125
4.507999999999726,2132044.0843952964
4.509999999999725,2129278.6127021825
4.511999999999725,2126517.3697195994
4.513999999999725,2123760.3480121084
4.515999999999725,2121007.5401586173
4.5179999999997245,2118258.9387533423
4.519999999999724,2115514.536405281
4.521999999999724,2112774.3257385893
4.523999999999724,2110038.2993915775
4.525999999999724,2107306.45001783
4.527999999999723,2104578.770285941
4.529999999999723,2101855.2528785435
4.531999999999723,2099135.8904933846
4.533999999999723,2096420.6758431438
4.5359999999997225,2093709.6016544038
4.537999999999722,2091002.6606687857
4.539999999999722,2088299.8456422843
4.541999999999722,2085601.149345744
4.543999999999722,2082906.5645642618
4.545999999999721,2080216.0840972175
4.547999999999721,2077529.700758811
4.549999999999721,2074847.407376896
4.551999999999721,2072169.1967942056
4.5539999999997205,2069495.0618680955
4.55599999999972,2066824.9954698894
4.55799999999972,2064158.9904849867
4.55999999999972,2061497.0398129157
4.56199999999972,2058839.1363678118
4.563999999999719,2056185.2730777261
4.565999999999719,2053535.4428851574
4.567999999999719,2050889.6387464132
4.569999999999719,2048247.8536316806
4.5719999999997185,2045610.0805250912
4.573999999999718,2042976.3124251915
4.575999999999718,2040346.5423442656
4.577999999999718,2037720.763308846
4.579999999999718,2035098.96835907
4.581999999999717,2032481.150548771
4.583999999999717,2029867.3029455184
4.585999999999717,2027257.4186311292
4.587999999999717,2024651.490701427
4.5899999999997165,2022049.5122650992
4.591999999999716,2019451.4764450681
4.593999999999716,2016857.3763782063
4.595999999999716,2014267.2052141933
4.597999999999716,2011680.956117344
4.599999999999715,2009098.622264615
4.601999999999715,2006520.196847009
4.603999999999715,2003945.6730688033
4.605999999999715,2001375.0441481394
4.6079999999997145,1998808.3033162886
4.609999999999714,1996245.4438177766
4.611999999999714,1993686.458910969
4.613999999999714,1991131.3418672825
4.615999999999714,1988580.0859713024
4.6179999999997134,1986032.68452137
4.619999999999713,1983489.1308293247
4.621999999999713,1980949.4182436822
4.623999999999713,1978413.5400642182
4.625999999999713,1975881.4896486027
4.627999999999712,1973353.260364539
4.629999999999712,1970828.845591021
4.631999999999712,1968308.2387191106
4.633999999999712,1965791.4331529269
4.6359999999997115,1963278.4223095984
4.637999999999711,1960769.1996187102
4.639999999999711,1958263.7585225224
4.641999999999711,1955762.092476615
4.643999999999711,1953264.19494915
4.64599999999971,1950770.0594209798
4.64799999999971,1948279.6793862842
4.64999999999971,1945793.0483517377
4.65199999999971,1943310.1598371468
4.6539999999997095,1940831.0073887948
4.655999999999709,1938355.584530182
4.657999999999709,1935883.884822654
4.659999999999709,1933415.9018384325
4.661999999999709,1930951.629161909
4.663999999999708,1928491.0603892377
4.665999999999708,1926034.1891292734
4.667999999999708,1923581.0090029193
4.669999999999708,1921131.5136433442
4.6719999999997075,1918685.6966966402
4.673999999999707,1916243.5518210398
4.675999999999707,1913805.0726876007
4.677999999999707,1911370.2529799955
4.679999999999707,1908939.0863932527
4.681999999999706,1906511.5666353644
4.683999999999706,1904087.687426964
4.685999999999706,1901667.4425005803
4.687999999999706,1899250.8256007882
4.6899999999997055,1896837.830484876
4.691999999999705,1894428.450922603
4.693999999999705,1892022.6806948893
4.695999999999705,1889620.513596002
4.697999999999705,1887221.943431239
4.699999999999704,1884826.9640191519
4.701999999999704,1882435.5691892442
4.703999999999704,1880047.7527836433
4.705999999999704,1877663.5086567944
4.7079999999997035,1875282.8306747074
4.709999999999703,1872905.7127151429
4.711999999999703,1870532.148668279
4.713999999999703,1868162.1324364492
4.715999999999703,1865795.6579328163
4.717999999999702,1863432.7190836254
4.719999999999702,1861073.3098036852
4.721999999999702,1858717.42393919
4.723999999999702,1856365.0554641588
4.7259999999997016,1854016.1983184929
4.727999999999701,1851670.84602899
4.729999999999701,1849328.9925994733
4.731999999999701,1846990.632043498
4.733999999999701,1844655.7582579441
4.7359999999997004,1842324.365277718
4.7379999999997,1839996.4471492257
4.7399999999997,1837671.9979297754
4.7419999999997,1835351.0116884587
4.7439999999997,1833033.4825054163
4.745999999999699,1830719.4044726263
4.747999999999699,1828408.7716931156
4.749999999999699,1826101.578281126
4.751999999999699,1823797.818363396
4.7539999999996985,1821497.4860768232
4.755999999999698,1819200.5755707994
4.757999999999698,1816907.0810048785
4.759999999999698,1814616.9965615426
4.761999999999698,1812330.3164056665
4.763999999999697,1810047.034735046
4.765999999999697,1807767.1457560668
4.767999999999697,1805490.6436866156
4.769999999999697,1803217.5227541563
4.7719999999996965,1800947.777198224
4.773999999999696,1798681.4012687923
4.775999999999696,1796418.3892265859
4.777999999999696,1794158.73534381
4.779999999999696,1791902.4339033635
4.781999999999695,1789649.4791995725
4.783999999999695,1787399.8655379554
4.785999999999695,1785153.5872345315
4.787999999999695,1782910.638616046
4.7899999999996945,1780671.0140206353
4.791999999999694,1778434.707797578
4.793999999999694,1776201.714306564
4.795999999999694,1773972.0279179078
4.797999999999694,1771745.6430138142
4.799999999999693,1769522.5539860781
4.801999999999693,1767302.7552384129
4.803999999999693,1765086.2411841229
4.805999999999693,1762873.006248407
4.8079999999996925,1760663.0448665894
4.809999999999692,1758456.3514843998
4.811999999999692,1756252.9205586747
4.813999999999692,1754052.7465582457
4.815999999999692,1751855.8239662028
4.817999999999691,1749662.1472638045
4.819999999999691,1747471.7109469543
4.821999999999691,1745284.5095276288
4.823999999999691,1743100.5375269316
4.8259999999996905,1740919.7894763248
4.82799999999969,1738742.259917646
4.82999999999969,1736567.9434025905
4.83199999999969,1734396.8344929686
4.83399999999969,1732228.927761423
4.835999999999689,1730064.217791205
4.837999999999689,1727902.6991754808
4.839999999999689,1725744.3665180784
4.841999999999689,1723589.2144333124
4.8439999999996886,1721437.2375453182
4.845999999999688,1719288.4304882667
4.847999999999688,1717142.7879070442
4.849999999999688,1715000.3044569765
4.851999999999688,1712860.9748031364
4.8539999999996875,1710724.7936211436
4.855999999999687,1708591.7555963658
4.857999999999687,1706461.8554246838
4.859999999999687,1704335.087812284
4.861999999999687,1702211.4474749777
4.863999999999686,1700090.9291389661
4.865999999999686,1697973.5275401096
4.867999999999686,1695859.237424676
4.869999999999686,1693748.053549117
4.8719999999996855,1691639.9706793807
4.873999999999685,1689534.9835917254
4.875999999999685,1687433.0870719485
4.877999999999685,1685334.2759161284
4.879999999999685,1683238.5449304269
4.881999999999684,1681145.888930417
4.883999999999684,1679056.3027418698
4.885999999999684,1676969.7811999659
4.887999999999684,1674886.319150068
4.8899999999996835,1672805.9114475248
4.891999999999683,1670728.552956971
4.893999999999683,1668654.238553112
4.895999999999683,1666582.963120013
4.897999999999683,1664514.7215517962
4.899999999999682,1662449.5087524352
4.901999999999682,1660387.319635121
4.903999999999682,1658328.149123
4.905999999999682,1656271.9921484718
4.9079999999996815,1654218.843653879
4.909999999999681,1652168.6985913124
4.911999999999681,1650121.5519219716
4.913999999999681,1648077.3986169107
4.915999999999681,1646036.23365687
4.91799999999968,1643998.0520316279
4.91999999999968,1641962.8487407265
4.92199999999968,1639930.618793336
4.92399999999968,1637901.357207612
4.9259999999996795,1635875.0590114275
4.927999999999679,1633851.719241666
4.929999999999679,1631831.3329449396
4.931999999999679,1629813.8951773879
4.933999999999679,1627799.4010040439
4.935999999999678,1625787.845499567
4.937999999999678,1623779.223748059
4.939999999999678,1621773.530842446
4.941999999999678,1619770.7618851988
4.9439999999996775,1617770.9119876798
4.945999999999677,1615773.9762713024
4.947999999999677,1613779.9498660723
4.949999999999677,1611788.8279108808
4.951999999999677,1609800.6055541283
4.953999999999676,1607815.2779535332
4.955999999999676,1605832.8402760178
4.957999999999676,1603853.2876971278
4.959999999999676,1601876.6154017742
4.961999999999676,1599902.8185835849
4.963999999999675,1597931.8924455324
4.965999999999675,1595963.8321997558
4.967999999999675,1593998.63306699
4.969999999999675,1592036.2902772499
4.9719999999996745,1590076.7990696416
4.973999999999674,1588120.1546922836
4.975999999999674,1586166.352401764
4.977999999999674,1584215.3874638358
4.979999999999674,1582267.255152795
4.981999999999673,1580321.9507521144
4.983999999999673,1578379.4695542657
4.985999999999673,1576439.8068606209
4.987999999999673,1574502.9579809364
4.9899999999996725,1572568.9182339935
4.991999999999672,1570637.6829470382
4.993999999999672,1568709.2474563431
4.995999999999672,1566783.6071070756
4.997999999999672,1564860.7572532045
4.999999999999671,1562940.6932569363
5.001999999999671,1561023.410489443
5.003999999999671,1559108.9043306632
5.005999999999671,1557197.1701687996
5.0079999999996705,1555288.2034009362
5.00999999999967,1553381.9994328772
5.01199999999967,1551478.5536790856
5.01399999999967,1549577.8615621855
5.01599999999967,1547679.918513576
5.017999999999669,1545784.719972899
5.019999999999669,1543892.2613885815
5.021999999999669,1542002.5382176903
5.023999999999669,1540115.545925835
5.0259999999996685,1538231.279986695
5.027999999999668,1536349.735882629
5.029999999999668,1534470.9091045165
5.031999999999668,1532594.7951517266
5.033999999999668,1530721.389531605
5.035999999999667,1528850.6877601119
5.037999999999667,1526982.6853616696
5.039999999999667,1525117.3778686863
5.041999999999667,1523254.760829287
5.0439999999996665,1521394.8297809702
5.045999999999666,1519537.5802834653
5.047999999999666,1517683.0079038169
5.049999999999666,1515831.108216831
5.051999999999666,1513981.876805245
5.053999999999665,1512135.309259503
5.055999999999665,1510291.4011788003
5.057999999999665,1508450.148169576
5.059999999999665,1506611.5458471805
5.0619999999996645,1504775.5898346861
5.063999999999664,1502942.2757634937
5.065999999999664,1501111.5992731815
5.067999999999664,1499283.5560114656
5.069999999999664,1497458.1416337967
5.0719999999996634,1495635.3518038946
5.073999999999663,1493815.1821936187
5.075999999999663,1491997.6284825462
5.077999999999663,1490182.6863584674
5.079999999999663,1488370.3515172726
5.081999999999662,1486560.6196628823
5.083999999999662,1484753.4865068516
5.085999999999662,1482948.9477692144
5.087999999999662,1481146.9991771502
5.0899999999996615,1479347.6364664142
5.091999999999661,1477550.855380638
5.093999999999661,1475756.6516709696
5.095999999999661,1473965.0210965849
5.097999999999661,1472175.9594242582
5.09999999999966,1470389.462429146
5.10199999999966,1468605.5258938181
5.10399999999966,1466824.145608782
5.10599999999966,1465045.3173723777
5.1079999999996595,1463269.036990419
5.109999999999659,1461495.300276661
5.111999999999659,1459724.103052676
5.113999999999659,1457955.441147807
5.115999999999659,1456189.310399101
5.117999999999658,1454425.7066509915
5.119999999999658,1452664.6257557336
5.121999999999658,1450906.0635733323
5.123999999999658,1449150.015971464
5.1259999999996575,1447396.4788251312
5.127999999999657,1445645.4480171166
5.129999999999657,1443896.9194378762
5.131999999999657,1442150.88898547
5.133999999999657,1440407.3525652585
5.135999999999656,1438666.306090566
5.137999999999656,1436927.7454819088
5.139999999999656,1435191.6666673983
5.141999999999656,1433458.0655824486
5.1439999999996555,1431726.9381703858
5.145999999999655,1429998.2803816583
5.147999999999655,1428272.088174281
5.149999999999655,1426548.3575134971
5.151999999999655,1424827.0843723975
5.153999999999654,1423108.2647311513
5.155999999999654,1421391.8945776897
5.157999999999654,1419677.9699066961
5.159999999999654,1417966.4867207182
5.1619999999996535,1416257.4410296036
5.163999999999653,1414550.8288502728
5.165999999999653,1412846.6462071063
5.167999999999653,1411144.8891318094
5.169999999999653,1409445.553663393
5.171999999999652,1407748.6358479427
5.173999999999652,1406054.1317391337
5.175999999999652,1404362.0373975988
5.177999999999652,1402672.3488912869
5.1799999999996515,1400985.0622951728
5.181999999999651,1399300.173691785
5.183999999999651,1397617.6791705545
5.185999999999651,1395937.5748281667
5.187999999999651,1394259.8567685108
5.1899999999996504,1392584.5211026154
5.19199999999965,1390911.5639486231
5.19399999999965,1389240.9814316183
5.19599999999965,1387572.7696840563
5.19799999999965,1385906.924845229
5.199999999999649,1384243.4430613718
5.201999999999649,1382582.3204860967
5.203999999999649,1380923.5532800036
5.205999999999649,1379267.1376105277
5.2079999999996485,1377613.0696521976
5.209999999999648,1375961.3455865602
5.211999999999648,1374311.961602146
5.213999999999648,1372664.9138944861
5.215999999999648,1371020.198665861
5.217999999999647,1369377.8121255992
5.219999999999647,1367737.7504901309
5.221999999999647,1366100.0099825826
5.223999999999647,1364464.5868328784
5.2259999999996465,1362831.477278051
5.227999999999646,1361200.6775618475
5.229999999999646,1359572.1839350255
5.231999999999646,1357945.9926550144
5.233999999999646,1356322.0999861204
5.235999999999645,1354700.5021994866
5.237999999999645,1353081.1955729185
5.239999999999645,1351464.176391208
5.241999999999645,1349849.4409457408
5.2439999999996445,1348236.985534829
5.245999999999644,1346626.8064633661
5.247999999999644,1345018.9000430196
5.249999999999644,1343413.2625920817
5.251999999999644,1341809.890435704
5.253999999999643,1340208.7799055977
5.255999999999643,1338609.9273402647
5.257999999999643,1337013.3290847563
5.259999999999643,1335418.9814907957
5.2619999999996425,1333826.8809167552
5.263999999999642,1332237.0237276258
5.265999999999642,1330649.4062949314
5.267999999999642,1329064.0249968881
5.269999999999642,1327480.8762182037
5.271999999999641,1325899.9563501808
5.273999999999641,1324321.2617906933
5.275999999999641,1322744.788944134
5.277999999999641,1321170.5342214224
5.2799999999996405,1319598.4940399753
5.28199999999964,1318028.6648237014
5.28399999999964,1316461.0430029964
5.28599999999964,1314895.6250147636
5.28799999999964,1313332.4073023142
5.289999999999639,1311771.386315436
5.291999999999639,1310212.5585103284
5.293999999999639,1308655.9203495996
5.295999999999639,1307101.4683022865
5.2979999999996386,1305549.1988438172
5.299999999999638,1303999.1084559974
5.301999999999638,1302451.1936269852
5.303999999999638,1300905.450851305
5.305999999999638,1299361.8766298105
5.3079999999996375,1297820.4674696985
5.309999999999637,1296281.219884487
5.311999999999637,1294744.130393965
5.313999999999637,1293209.195524245
5.315999999999637,1291676.4118076817
5.317999999999636,1290145.7757829342
5.319999999999636,1288617.2839948463
5.321999999999636,1287090.9329945743
5.323999999999636,1285566.7193394895
5.3259999999996355,1284044.6395931558
5.327999999999635,1282524.690325392
5.329999999999635,1281006.8681121308
5.331999999999635,1279491.1695354849
5.333999999999635,1277977.5911838014
5.335999999999634,1276466.1296514717
5.337999999999634,1274956.7815391414
5.339999999999634,1273449.5434535474
5.341999999999634,1271944.412007542
5.3439999999996335,1270441.3838200583
5.345999999999633,1268940.4555160943
5.347999999999633,1267441.6237267621
5.349999999999633,1265944.8850892154
5.351999999999633,1264450.2362466708
5.353999999999632,1262957.673848487
5.355999999999632,1261467.1945498828
5.357999999999632,1259978.795012257
5.359999999999632,1258492.47190297
5.3619999999996315,1257008.2218952007
5.363999999999631,1255526.0416683122
5.365999999999631,1254045.9279075968
5.367999999999631,1252567.8773042797
5.369999999999631,1251091.8865555406
5.37199999999963,1249617.952364621
5.37399999999963,1248146.0714404462
5.37599999999963,1246676.2404978876
5.37799999999963,1245208.4562579137
5.3799999999996295,1243742.7154471383
5.381999999999629,1242279.0147982775
5.383999999999629,1240817.3510496453
5.385999999999629,1239357.7209456658
5.387999999999629,1237900.1212365208
5.389999999999628,1236444.548678217
5.391999999999628,1234991.0000325611
5.393999999999628,1233539.4720671328
5.395999999999628,1232089.9615553052
5.3979999999996275,1230642.465276242
5.399999999999627,1229196.9800148772
5.401999999999627,1227753.5025619033
5.403999999999627,1226312.0297139876
5.405999999999627,1224872.5582731727
5.407999999999626,1223435.085047527
5.409999999999626,1221999.6068505123
5.411999999999626,1220566.1205016181
5.413999999999626,1219134.622825686
5.415999999999626,1217705.110653563
5.417999999999625,1216277.5808216762
5.419999999999625,1214852.0301718176
5.421999999999625,1213428.4555518064
5.423999999999625,1212006.8538149975
5.4259999999996245,1210587.2218203454
5.427999999999624,1209169.5564324034
5.429999999999624,1207753.8545212792
5.431999999999624,1206340.1129627058
5.433999999999624,1204928.328637985
5.435999999999623,1203518.4984342603
5.437999999999623,1202110.6192438034
5.439999999999623,1200704.687964513
5.441999999999623,1199300.7014998458
5.4439999999996225,1197898.6567591212
5.445999999999622,1196498.550656708
5.447999999999622,1195100.3801125502
5.449999999999622,1193704.1420524647
5.451999999999622,1192309.83340727
5.453999999999621,1190917.4511136955
5.455999999999621,1189526.99211379
5.457999999999621,1188138.453354657
5.459999999999621,1186751.8317893306
5.4619999999996205,1185367.1243758113
5.46399999999962,1183984.328078005
5.46599999999962,1182603.4398650972
5.46799999999962,1181224.456711601
5.46999999999962,1179847.3755970295
5.471999999999619,1178472.1935068138
5.473999999999619,1177098.9074316442
5.475999999999619,1175727.5143675054
5.477999999999619,1174358.0113157034
5.4799999999996185,1172990.3952869575
5.481999999999618,1171624.663297688
5.483999999999618,1170260.8123589784
5.485999999999618,1168898.839489151
5.487999999999618,1167538.7417145304
5.489999999999617,1166180.5160675775
5.491999999999617,1164824.1595864387
5.493999999999617,1163469.6693146692
5.495999999999617,1162117.0423015968
5.4979999999996165,1160766.275601137
5.499999999999616,1159417.3662725391
5.501999999999616,1158070.3113803624
5.503999999999616,1156725.1079943792
5.505999999999616,1155381.7531895773
5.507999999999615,1154040.2440461346
5.509999999999615,1152700.577649399
5.511999999999615,1151362.7510898993
5.513999999999615,1150026.7614633047
5.5159999999996145,1148692.6058704578
5.517999999999614,1147360.281417787
5.519999999999614,1146029.7852161226
5.521999999999614,1144701.114381543
5.523999999999614,1143374.2660352844
5.525999999999613,1142049.2373037273
5.527999999999613,1140726.0253183404
5.529999999999613,1139404.6272156849
5.531999999999613,1138085.040137366
5.533999999999613,1136767.2611783482
5.535999999999612,1135451.2874753126
5.537999999999612,1134137.1161930116
5.539999999999612,1132824.7443834913
5.541999999999612,1131514.1690416497
5.5439999999996115,1130205.3873428567
5.545999999999611,1128898.3964608207
5.547999999999611,1127593.193512488
5.549999999999611,1126289.7756864778
5.551999999999611,1124988.1401768213
5.55399999999961,1123688.284181589
5.55599999999961,1122390.2049039118
5.55799999999961,1121093.8995519276
5.55999999999961,1119799.3653393234
5.5619999999996095,1118506.5994838066
5.563999999999609,1117215.599208153
5.565999999999609,1115926.3617401281
5.567999999999609,1114638.8843130236
5.569999999999609,1113353.1641641043
5.571999999999608,1112069.1985356575
5.573999999999608,1110786.9846749334
5.575999999999608,1109506.5198340723
5.577999999999608,1108227.801270062
5.5799999999996075,1106950.826244728
5.581999999999607,1105675.5920247436
5.583999999999607,1104402.0958815538
5.585999999999607,1103130.3350914419
5.587999999999607,1101860.306935461
5.589999999999606,1100592.008699467
5.591999999999606,1099325.4376733997
5.593999999999606,1098060.591152989
5.595999999999606,1096797.4664385465
5.5979999999996055,1095536.0608350358
5.599999999999605,1094276.371651437
5.601999999999605,1093018.396202456
5.603999999999605,1091762.131806651
5.605999999999605,1090507.57578825
5.607999999999604,1089254.7254752405
5.609999999999604,1088003.5782012497
5.611999999999604,1086754.1313036457
5.613999999999604,1085506.3821254296
5.6159999999996035,1084260.3280132771
5.617999999999603,1083015.9663187815
5.619999999999603,1081773.294398319
5.621999999999603,1080532.309613685
5.623999999999603,1079293.0093302052
5.625999999999602,1078055.3909180441
5.627999999999602,1076819.4517520734
5.629999999999602,1075585.1892118186
5.631999999999602,1074352.6006814127
5.6339999999996015,1073121.6835495993
5.635999999999601,1071892.4352089015
5.637999999999601,1070664.8530576094
5.639999999999601,1069438.9344983678
5.641999999999601,1068214.6769374565
5.6439999999996004,1066992.0777868698
5.6459999999996,1065771.1344620571
5.6479999999996,1064551.844384138
5.6499999999996,1063334.2049776285
5.6519999999996,1062118.213672686
5.653999999999599,1060903.8679028302
5.655999999999599,1059691.1651063538
5.657999999999599,1058480.1027261866
5.659999999999599,1057270.6782097772
5.6619999999995985,1056062.8890090857
5.663999999999598,1054856.7325805146
5.665999999999598,1053652.2063849368
5.667999999999598,1052449.3078876564
5.669999999999598,1051248.0345575311
5.671999999999597,1050048.3838691644
5.673999999999597,1048850.3533013475
5.675999999999597,1047653.9403362544
5.677999999999597,1046459.1424608635
5.6799999999995965,1045265.9571676344
5.681999999999596,1044074.381952117
5.683999999999596,1042884.414314516
5.685999999999596,1041696.0517595307
5.687999999999596,1040509.2917962903
5.689999999999595,1039324.131938294
5.691999999999595,1038140.5697033877
5.693999999999595,1036958.6026137592
5.695999999999595,1035778.228195892
5.6979999999995945,1034599.4439796571
5.699999999999594,1033422.24750066
5.701999999999594,1032246.6362975789
5.703999999999594,1031072.6079137458
5.705999999999594,1029900.159897935
5.707999999999593,1028729.2898017829
5.709999999999593,1027559.9951814876
5.711999999999593,1026392.2735976644
5.713999999999593,1025226.1226152219
5.7159999999995925,1024061.5398033394
5.717999999999592,1022898.5227344395
5.719999999999592,1021737.0689866953
5.721999999999592,1020577.1761412118
5.723999999999592,1019418.8417847127
5.725999999999591,1018262.0635067588
5.727999999999591,1017106.8389014449
5.729999999999591,1015953.1655672326
5.731999999999591,1014801.0411068453
5.7339999999995905,1013650.4631272062
5.73599999999959,1012501.4292394172
5.73799999999959,1011353.9370587108
5.73999999999959,1010207.9842044992
5.74199999999959,1009063.5682992231
5.743999999999589,1007920.6869700126
5.745999999999589,1006779.3378494587
5.747999999999589,1005639.518572762
5.749999999999589,1004501.2267795594
5.7519999999995886,1003364.4601137615
5.753999999999588,1002229.2162234293
5.755999999999588,1001095.4927607415
5.757999999999588,999963.2873808611
5.759999999999588,998832.5977446911
5.7619999999995875,997703.4215157899
5.763999999999587,996575.7563621869
5.765999999999587,995449.5999572956
5.767999999999587,994324.9499769479
5.769999999999587,993201.8041013303
5.771999999999586,992080.1600136701
5.773999999999586,990960.0154030406
5.775999999999586,989841.3679622322
5.777999999999586,988724.2153867469
5.7799999999995855,987608.5553777588
5.781999999999585,986494.3856389237
5.783999999999585,985381.7038782726
5.785999999999585,984270.5078080168
5.787999999999585,983160.7951444406
5.789999999999584,982052.5636066226
5.791999999999584,980945.8109194153
5.793999999999584,979840.5348113124
5.795999999999584,978736.733013332
5.7979999999995835,977634.4032609739
5.799999999999583,976533.5432939238
5.801999999999583,975434.1508558913
5.803999999999583,974336.2236945424
5.805999999999583,973239.7595614548
5.807999999999582,972144.7562108632
5.809999999999582,971051.2114027516
5.811999999999582,969959.1228994004
5.813999999999582,968868.4884674334
5.8159999999995815,967779.3058775493
5.817999999999581,966691.5729044023
5.819999999999581,965605.287326551
5.821999999999581,964520.4469251132
5.823999999999581,963437.0494869829
5.82599999999958,962355.0935686384
5.82799999999958,961274.5754272232
5.82999999999958,960195.4936290405
5.83199999999958,959117.8459754452
5.8339999999995795,958041.630271595
5.835999999999579,956966.844326497
5.837999999999579,955893.4859515603
5.839999999999579,954821.5529626722
5.841999999999579,953751.0431811608
5.843999999999578,952681.9544302446
5.845999999999578,951614.2845372846
5.847999999999578,950548.0313322557
5.849999999999578,949483.192650974
5.8519999999995775,948419.7663313647
5.853999999999577,947357.7502155759
5.855999999999577,946297.1421511243
5.857999999999577,945237.9399872671
5.859999999999577,944180.1415759708
5.861999999999576,943123.7447751942
5.863999999999576,942068.7474449504
5.865999999999576,941015.1474508849
5.867999999999576,939962.9426604735
5.869999999999576,938912.130945361
5.871999999999575,937862.7101810862
5.873999999999575,936814.6782469501
5.875999999999575,935768.0330245045
5.877999999999575,934722.7723997207
5.8799999999995745,933678.8942639802
5.881999999999574,932636.3965103081
5.883999999999574,931595.2770357936
5.885999999999574,930555.5337398906
5.887999999999574,929517.1645279397
5.889999999999573,928480.1673071308
5.891999999999573,927444.539988757
5.893999999999573,926410.2804880604
5.895999999999573,925377.386723927
5.8979999999995725,924345.8566189067
5.899999999999572,923315.6880991318
5.901999999999572,922286.8790927683
5.903999999999572,921259.427532314
5.905999999999572,920233.3313541644
5.907999999999571,919208.5884984769
5.909999999999571,918185.196908995
5.911999999999571,917163.1545314941
5.913999999999571,916142.4593160368
5.9159999999995705,915123.1092165834
5.91799999999957,914105.102190815
5.91999999999957,913088.4361999894
5.92199999999957,912073.1092088686
5.92399999999957,911059.1191841812
5.925999999999569,910046.4640968908
5.927999999999569,909035.1419218312
5.929999999999569,908025.1506375044
5.931999999999569,907016.4882259739
5.9339999999995685,906009.152671105
5.935999999999568,905003.1419627465
5.937999999999568,903998.4540921266
5.939999999999568,902995.0870545197
5.941999999999568,901993.0388488661
5.943999999999567,900992.3074761403
5.945999999999567,899992.8909415158
5.947999999999567,898994.7872557272
5.949999999999567,897997.9944306305
5.9519999999995665,897002.5104802891
5.953999999999566,896008.3334249398
5.955999999999566,895015.4612862603
5.957999999999566,894023.8920916212
5.959999999999566,893033.6238695995
5.961999999999565,892044.6546510428
5.963999999999565,891056.9824728994
5.965999999999565,890070.6053736338
5.967999999999565,889085.5213973164
5.9699999999995645,888101.7285892096
5.971999999999564,887119.2249985117
5.973999999999564,886138.0086762854
5.975999999999564,885158.0776796606
5.977999999999564,884179.4300669638
5.979999999999563,883202.0639005665
5.981999999999563,882225.9772463865
5.983999999999563,881251.1681721519
5.985999999999563,880277.634751477
5.987999999999563,879305.375059169
5.989999999999562,878334.3871739111
5.991999999999562,877364.6691781117
5.993999999999562,876396.2191556859
5.995999999999562,875429.0351948428
5.9979999999995615,874463.1153893062
5.999999999999561,873498.4578336183
