time,value
0.0,494.17151460944797
0.002,847.4043232122856
0.004,1002.8961589425428
0.006,1597.5326289184864
0.008,2101.6065447193914
0.01,2407.941173508469
0.012,2561.603427848486
0.014,2626.5000241440066
0.016,2647.8119364459626
0.018000000000000002,2650.7474619676477
0.020000000000000004,2647.3259090749743
0.022000000000000006,2642.471048328486
0.024000000000000007,2637.8146950986015
0.02600000000000001,2633.6833790396554
0.02800000000000001,2629.9952718134628
0.030000000000000013,2626.6040660018107
0.032000000000000015,2623.398667393927
0.034000000000000016,2620.313937588033
0.03600000000000002,2617.317418441832
0.03800000000000002,2614.3948355654047
0.04000000000000002,2611.540904252718
0.04200000000000002,2608.753692616516
0.044000000000000025,2606.032426172367
0.04600000000000003,2603.376680145663
0.04800000000000003,2600.7856508842638
0.05000000000000003,2598.2585449619346
0.05200000000000003,2595.794497878604
0.054000000000000034,2593.392246861371
0.056000000000000036,2591.0508397133385
0.05800000000000004,2588.769045687904
0.06000000000000004,2586.545770072089
0.06200000000000004,2584.3797141466325
0.06400000000000004,2582.26974240393
0.06600000000000004,2580.214530921718
0.06800000000000005,2578.212929253295
0.07000000000000005,2576.2636052827215
0.07200000000000005,2574.36552061285
0.07400000000000005,2572.5171513990335
0.07600000000000005,2570.717522535725
0.07800000000000006,2568.9652508351946
0.08000000000000006,2567.2591876052616
0.08200000000000006,2565.5980269471465
0.08400000000000006,2563.980771214425
0.08600000000000006,2562.406064948389
0.08800000000000006,2560.872801216907
0.09000000000000007,2559.379956000946
0.09200000000000007,2557.926203803475
0.09400000000000007,2556.510595313808
0.09600000000000007,2555.131959493612
0.09800000000000007,2553.7893043446516
0.10000000000000007,2552.481601163616
0.10200000000000008,2551.2082976373767
0.10400000000000008,2549.968227228702
0.10600000000000008,2548.760215021278
0.10800000000000008,2547.5832603256613
0.11000000000000008,2546.4363507872376
0.11200000000000009,2545.318504494173
0.11400000000000009,2544.228769676358
0.11600000000000009,2543.16633496318
0.11800000000000009,2542.1303325432064
0.12000000000000009,2541.120006026245
0.1220000000000001,2540.13441599346
0.1240000000000001,2539.1729233373017
0.12600000000000008,2538.2346483031197
0.12800000000000009,2537.31888262004
0.1300000000000001,2536.424864318497
0.1320000000000001,2535.5519442503846
0.1340000000000001,2534.69951838217
0.1360000000000001,2533.8667813351267
0.1380000000000001,2533.0531112019326
0.1400000000000001,2532.2579506095362
0.1420000000000001,2531.480773012859
0.1440000000000001,2530.720841922955
0.1460000000000001,2529.9777073343153
0.1480000000000001,2529.2506725330804
0.1500000000000001,2528.5393212104163
0.1520000000000001,2527.8431011994694
0.1540000000000001,2527.16154607294
0.1560000000000001,2526.494107970929
0.1580000000000001,2525.840338246679
0.16000000000000011,2525.1997125113407
0.16200000000000012,2524.5719212034114
0.16400000000000012,2523.956386212652
0.16600000000000012,2523.3527989702334
0.16800000000000012,2522.7607100179125
0.17000000000000012,2522.179752094809
0.17200000000000013,2521.6094742190676
0.17400000000000013,2521.049635794529
0.17600000000000013,2520.499839290804
0.17800000000000013,2519.959761946356
0.18000000000000013,2519.4289939355394
0.18200000000000013,2518.907220190981
0.18400000000000014,2518.394160190289
0.18600000000000014,2517.889551938508
0.18800000000000014,2517.393030878337
0.19000000000000014,2516.9044336020556
0.19200000000000014,2516.4234353246693
0.19400000000000014,2515.949669681602
0.19600000000000015,2515.4829870500685
0.19800000000000015,2515.023196584617
0.20000000000000015,2514.569988858065
0.20200000000000015,2514.123133965886
0.20400000000000015,2513.682429684401
0.20600000000000016,2513.2475749423265
0.20800000000000016,2512.818583180217
0.21000000000000016,2512.3950002383267
0.21200000000000016,2511.9768024887167
0.21400000000000016,2511.563756011046
0.21600000000000016,2511.1556861354693
0.21800000000000017,2510.7524357889583
0.22000000000000017,2510.353744616557
0.22200000000000017,2509.9595507593153
0.22400000000000017,2509.569742411077
0.22600000000000017,2509.183971241059
0.22800000000000017,2508.8022706152246
0.23000000000000018,2508.424452307328
0.23200000000000018,2508.050381517535
0.23400000000000018,2507.679938058681
0.23600000000000018,2507.3130101006223
0.23800000000000018,2506.9494912233304
0.24000000000000019,2506.589165660288
0.2420000000000002,2506.2318995541095
0.2440000000000002,2505.87769900041
0.2460000000000002,2505.526390999492
0.2480000000000002,2505.177976519041
0.25000000000000017,2504.832169691215
0.25200000000000017,2504.4890530142907
0.25400000000000017,2504.14848202385
0.25600000000000017,2503.810249176542
0.2580000000000002,2503.474464366188
0.2600000000000002,2503.1408853103703
0.2620000000000002,2502.8095057196138
0.2640000000000002,2502.4802752504547
0.2660000000000002,2502.153135701669
0.2680000000000002,2501.827800117681
0.2700000000000002,2501.50447737551
0.2720000000000002,2501.182964308997
0.2740000000000002,2500.8631639228206
0.2760000000000002,2500.545119274865
0.2780000000000002,2500.22869489573
0.2800000000000002,2499.9138158222627
0.2820000000000002,2499.6004239690437
0.2840000000000002,2499.2885823803103
0.2860000000000002,2498.9781671801647
0.2880000000000002,2498.669121875417
0.2900000000000002,2498.361300381303
0.2920000000000002,2498.054863031645
0.2940000000000002,2497.749722389485
0.2960000000000002,2497.4458288736732
0.2980000000000002,2497.143139485779
0.3000000000000002,2496.841615009206
0.3020000000000002,2496.541218542778
0.3040000000000002,2496.2418020017117
0.3060000000000002,2495.9435219838115
0.3080000000000002,2495.64617836737
0.3100000000000002,2495.349803533608
0.3120000000000002,2495.0542753463506
0.3140000000000002,2494.75976616578
0.3160000000000002,2494.466085238423
0.3180000000000002,2494.1732701379874
0.32000000000000023,2493.8811986027204
0.32200000000000023,2493.5899288292094
0.32400000000000023,2493.2993480977543
0.32600000000000023,2493.0096316480103
0.32800000000000024,2492.720478716849
0.33000000000000024,2492.4320075505075
0.33200000000000024,2492.144235910748
0.33400000000000024,2491.857045226564
0.33600000000000024,2491.5704970942384
0.33800000000000024,2491.2844828941857
0.34000000000000025,2490.9990694950066
0.34200000000000025,2490.714151255658
0.34400000000000025,2490.4296842672743
0.34600000000000025,2490.145754345451
0.34800000000000025,2489.8622646815647
0.35000000000000026,2489.5791754730653
0.35200000000000026,2489.296574696079
0.35400000000000026,2489.014367070731
0.35600000000000026,2488.7325142425207
0.35800000000000026,2488.451105464847
0.36000000000000026,2488.1700469497346
0.36200000000000027,2487.889301657295
0.36400000000000027,2487.6088477036296
0.36600000000000027,2487.328782504496
0.36800000000000027,2487.049016325032
0.3700000000000003,2486.769514510553
0.3720000000000003,2486.4902567921754
0.3740000000000003,2486.211341945796
0.3760000000000003,2485.93268178478
0.3780000000000003,2485.6542429829233
0.3800000000000003,2485.3760066938694
0.3820000000000003,2485.097960595321
0.3840000000000003,2484.8200950960654
0.3860000000000003,2484.5425139195454
0.3880000000000003,2484.2651315871162
0.3900000000000003,2483.9878042376495
0.3920000000000003,2483.7107040853693
0.3940000000000003,2483.433766669525
0.3960000000000003,2483.157082116056
0.3980000000000003,2482.8804476276005
0.4000000000000003,2482.603907747749
0.4020000000000003,2482.327581336308
0.4040000000000003,2482.0512789419613
0.4060000000000003,2481.775162614189
0.4080000000000003,2481.499164067069
0.4100000000000003,2481.2231482726215
0.4120000000000003,2480.9472917121443
0.4140000000000003,2480.6715328393884
0.4160000000000003,2480.395851688749
0.4180000000000003,2480.120236794678
0.4200000000000003,2479.8446807787986
0.4220000000000003,2479.569178172907
0.4240000000000003,2479.2937242101175
0.4260000000000003,2479.0183144547427
0.4280000000000003,2478.7429445232788
0.4300000000000003,2478.4676102387352
0.43200000000000033,2478.192307464721
0.43400000000000033,2477.9171442410097
0.43600000000000033,2477.641927808649
0.43800000000000033,2477.366707850234
0.44000000000000034,2477.0914947038946
0.44200000000000034,2476.816291198817
0.44400000000000034,2476.5410999362516
0.44600000000000034,2476.266045734281
0.44800000000000034,2475.990951359971
0.45000000000000034,2475.7158757802895
0.45200000000000035,2475.440834074986
0.45400000000000035,2475.165942754574
0.45600000000000035,2474.891012589136
0.45800000000000035,2474.6160938803378
0.46000000000000035,2474.341308661619
0.46200000000000035,2474.066470876414
0.46400000000000036,2473.791744218322
0.46600000000000036,2473.51695128977
0.46800000000000036,2473.24214820628
0.47000000000000036,2472.9674597724816
0.47200000000000036,2472.6927013204154
0.47400000000000037,2472.4179253795837
0.47600000000000037,2472.143255261609
0.47800000000000037,2471.8685060634252
0.48000000000000037,2471.593842161002
0.4820000000000004,2471.3190870583585
0.4840000000000004,2471.0442975913074
0.4860000000000004,2470.7694874545764
0.4880000000000004,2470.494772757702
0.4900000000000004,2470.2199655086197
0.4920000000000004,2469.94511706526
0.4940000000000004,2469.6702389982015
0.4960000000000004,2469.3953352845037
0.4980000000000004,2469.120406150395
0.5000000000000003,2468.8454501470974
0.5020000000000003,2468.5704653491903
0.5040000000000003,2468.295449687678
0.5060000000000003,2468.0204011108094
0.5080000000000003,2467.745317719425
0.5100000000000003,2467.4701977282134
0.5120000000000003,2467.19503936433
0.5140000000000003,2466.9197293928573
0.5160000000000003,2466.6444540052566
0.5180000000000003,2466.3691608559875
0.5200000000000004,2466.0937268559796
0.5220000000000004,2465.8183346096234
0.5240000000000004,2465.5428174502285
0.5260000000000004,2465.267347589993
0.5280000000000004,2464.9917529448157
0.5300000000000004,2464.7160918293152
0.5320000000000004,2464.440490410855
0.5340000000000004,2464.1647664453103
0.5360000000000004,2463.8889735910725
0.5380000000000004,2463.613124809641
0.5400000000000004,2463.337224949076
0.5420000000000004,2463.061274905245
0.5440000000000004,2462.7852739894965
0.5460000000000004,2462.5092208895885
0.5480000000000004,2462.233114211095
0.5500000000000004,2461.9568412937333
0.5520000000000004,2461.680588134995
0.5540000000000004,2461.404300846391
0.5560000000000004,2461.127853199325
0.5580000000000004,2460.851424916848
0.5600000000000004,2460.5748485420063
0.5620000000000004,2460.2981843401567
0.5640000000000004,2460.0215593958587
0.5660000000000004,2459.7447926324044
0.5680000000000004,2459.467938148828
0.5700000000000004,2459.191009377636
0.5720000000000004,2458.9140117308343
0.5740000000000004,2458.6369466879582
0.5760000000000004,2458.359702918228
0.5780000000000004,2458.082466532712
0.5800000000000004,2457.805184157222
0.5820000000000004,2457.527730007193
0.5840000000000004,2457.250283754741
0.5860000000000004,2456.972678618612
0.5880000000000004,2456.694975000303
0.5900000000000004,2456.417300087719
0.5920000000000004,2456.139473567814
0.5940000000000004,2455.8615495861445
0.5960000000000004,2455.583541938227
0.5980000000000004,2455.305456312192
0.6000000000000004,2455.027184876506
0.6020000000000004,2454.748926700037
0.6040000000000004,2454.4706419662602
0.6060000000000004,2454.192213554582
0.6080000000000004,2453.9138251353197
0.6100000000000004,2453.635422763024
0.6120000000000004,2453.3568803961975
0.6140000000000004,2453.078376763759
0.6160000000000004,2452.7997448372794
0.6180000000000004,2452.521044153222
0.6200000000000004,2452.2424009502693
0.6220000000000004,2451.963634633252
0.6240000000000004,2451.6847983952925
0.6260000000000004,2451.405905291701
0.6280000000000004,2451.1269603115147
0.6300000000000004,2450.847964549891
0.6320000000000005,2450.5689174329805
0.6340000000000005,2450.289817844588
0.6360000000000005,2450.010664564164
0.6380000000000005,2449.7314563294794
0.6400000000000005,2449.452081314286
0.6420000000000005,2449.172724413009
0.6440000000000005,2448.8932218736863
0.6460000000000005,2448.613744984484
0.6480000000000005,2448.3341237101736
0.6500000000000005,2448.054526802608
0.6520000000000005,2447.774783583345
0.6540000000000005,2447.494952004159
0.6560000000000005,2447.2150473643533
0.6580000000000005,2446.9350758118894
0.6600000000000005,2446.655039073567
0.6620000000000005,2446.3749370269693
0.6640000000000005,2446.094768890778
0.6660000000000005,2445.814423199528
0.6680000000000005,2445.5340848330793
0.6700000000000005,2445.2537010953647
0.6720000000000005,2444.9731471036
0.6740000000000005,2444.692601395832
0.6760000000000005,2444.411898482018
0.6780000000000005,2444.131098281516
0.6800000000000005,2443.8502169745793
0.6820000000000005,2443.569261006472
0.6840000000000005,2443.2882323765843
0.6860000000000005,2443.0071310808794
0.6880000000000005,2442.725956545759
0.6900000000000005,2442.444708051621
0.6920000000000005,2442.1632745794786
0.6940000000000005,2441.881840908057
0.6960000000000005,2441.600354777386
0.6980000000000005,2441.318691674564
0.7000000000000005,2441.036919768635
0.7020000000000005,2440.7551695460006
0.7040000000000005,2440.4732642048343
0.7060000000000005,2440.191258036056
0.7080000000000005,2439.909165016196
0.7100000000000005,2439.6269910636383
0.7120000000000005,2439.3446278232204
0.7140000000000005,2439.062260633044
0.7160000000000005,2438.779837631699
0.7180000000000005,2438.4972344093335
0.7200000000000005,2438.214629169692
0.7220000000000005,2437.931858279825
0.7240000000000005,2437.648984576311
0.7260000000000005,2437.366026972002
0.7280000000000005,2437.0831039639293
0.7300000000000005,2436.800033612516
0.7320000000000005,2436.5168678235123
0.7340000000000005,2436.233509650327
0.7360000000000005,2435.9501495201625
0.7380000000000005,2435.6667378956486
0.7400000000000005,2435.3831512868383
0.7420000000000005,2435.099567574101
0.7440000000000005,2434.8158221434555
0.7460000000000006,2434.532084610488
0.7480000000000006,2434.248186556281
0.7500000000000006,2433.96418588039
0.7520000000000006,2433.68009821683
0.7540000000000006,2433.395930132906
0.7560000000000006,2433.1116836647407
0.7580000000000006,2432.8273649538505
0.7600000000000006,2432.542985222362
0.7620000000000006,2432.2584430774723
0.7640000000000006,2431.973927594964
0.7660000000000006,2431.6894074412303
0.7680000000000006,2431.404941900292
0.7700000000000006,2431.120402674769
0.7720000000000006,2430.8359422805765
0.7740000000000006,2430.5514844167633
0.7760000000000006,2430.2668897361577
0.7780000000000006,2429.98232710881
0.7800000000000006,2429.6976282879014
0.7820000000000006,2429.4129604456402
0.7840000000000006,2429.128154713175
0.7860000000000006,2428.843268132659
0.7880000000000006,2428.558315870452
0.7900000000000006,2428.2734137774564
0.7920000000000006,2427.988379620034
0.7940000000000006,2427.7032641918704
0.7960000000000006,2427.4180801558064
0.7980000000000006,2427.1327230854627
0.8000000000000006,2426.8473784518483
0.8020000000000006,2426.5619952987154
0.8040000000000006,2426.276449702004
0.8060000000000006,2425.990918274157
0.8080000000000006,2425.7053466724747
0.8100000000000006,2425.4196101078096
0.8120000000000006,2425.133775404317
0.8140000000000006,2424.84797207106
0.8160000000000006,2424.5620247387665
0.8180000000000006,2424.2759868466305
0.8200000000000006,2423.989872037799
0.8220000000000006,2423.7036860337344
0.8240000000000006,2423.4174306861623
0.8260000000000006,2423.1309964403063
0.8280000000000006,2422.844566281421
0.8300000000000006,2422.5580887623328
0.8320000000000006,2422.271440245513
0.8340000000000006,2421.9847971949284
0.8360000000000006,2421.697996218189
0.8380000000000006,2421.4110963457433
0.8400000000000006,2421.1242232156023
0.8420000000000006,2420.837200223519
0.8440000000000006,2420.550080113843
0.8460000000000006,2420.2628765839954
0.8480000000000006,2419.975486074537
0.8500000000000006,2419.688093742837
0.8520000000000006,2419.4006493084376
0.8540000000000006,2419.113138988782
0.8560000000000006,2418.825446543176
0.8580000000000007,2418.537642640028
0.8600000000000007,2418.2498584056484
0.8620000000000007,2417.9619199854305
0.8640000000000007,2417.6738808997675
0.8660000000000007,2417.3857551181177
0.8680000000000007,2417.0975485558756
0.8700000000000007,2416.8092633177544
0.8720000000000007,2416.52089967497
0.8740000000000007,2416.23245745665
0.8760000000000007,2415.943826914322
0.8780000000000007,2415.6551904837797
0.8800000000000007,2415.3663881329867
0.8820000000000007,2415.0775888831677
0.8840000000000007,2414.788626480241
0.8860000000000007,2414.499558186932
0.8880000000000007,2414.21039961893
0.8900000000000007,2413.9211574379565
0.8920000000000007,2413.6318339951918
0.8940000000000007,2413.342429717835
0.8960000000000007,2413.052944363773
0.8980000000000007,2412.763268476991
0.9000000000000007,2412.473584191011
0.9020000000000007,2412.183731818186
0.9040000000000007,2411.8938801790277
0.9060000000000007,2411.6038633673024
0.9080000000000007,2411.313738538978
0.9100000000000007,2411.023521358097
0.9120000000000007,2410.733218600291
0.9140000000000007,2410.442832847002
0.9160000000000007,2410.1523706992234
0.9180000000000007,2409.8617327481475
0.9200000000000007,2409.5711082866965
0.9220000000000007,2409.2804515936705
0.9240000000000007,2408.9896442248014
0.9260000000000007,2408.698864408989
0.9280000000000007,2408.407951409331
0.9300000000000007,2408.1170729976184
0.9320000000000007,2407.8260630078944
0.9340000000000007,2407.5349778262334
0.9360000000000007,2407.2438323940974
0.9380000000000007,2406.9526326450527
0.9400000000000007,2406.661380278171
0.9420000000000007,2406.370074979594
0.9440000000000007,2406.0787158401035
0.9460000000000007,2405.787301855222
0.9480000000000007,2405.495831963335
0.9500000000000007,2405.204305242838
0.9520000000000007,2404.912612046236
0.9540000000000007,2404.6209332827993
0.9560000000000007,2404.329109437891
0.9580000000000007,2404.0373082148058
0.9600000000000007,2403.745363814537
0.9620000000000007,2403.4534412631187
0.9640000000000007,2403.1613740863672
0.9660000000000007,2402.8692183407156
0.9680000000000007,2402.5769892622056
0.9700000000000008,2402.2846932236243
0.9720000000000008,2401.9923321764763
0.9740000000000008,2401.699906251917
0.9760000000000008,2401.407306266774
0.9780000000000008,2401.1147128852517
0.9800000000000008,2400.822075641297
0.9820000000000008,2400.529271976151
0.9840000000000008,2400.2364764076397
0.9860000000000008,2399.943527310433
0.9880000000000008,2399.6504828275515
0.9900000000000008,2399.357358910313
0.9920000000000008,2399.0642708541527
0.9940000000000008,2398.771039497056
0.9960000000000008,2398.4777147445598
0.9980000000000008,2398.1842008722706
1.0000000000000007,2397.890684809035
1.0020000000000007,2397.5971188769463
1.0040000000000007,2397.3033817802234
1.0060000000000007,2397.009647980516
1.0080000000000007,2396.71575631467
1.0100000000000007,2396.4218731683595
1.0120000000000007,2396.12783360314
1.0140000000000007,2395.833693912405
1.0160000000000007,2395.539469626676
1.0180000000000007,2395.2451673637643
1.0200000000000007,2394.9507894216727
1.0220000000000007,2394.6563361986696
1.0240000000000007,2394.361807376843
1.0260000000000007,2394.0672025425442
1.0280000000000007,2393.7724128792324
1.0300000000000007,2393.4776188041574
1.0320000000000007,2393.182662170186
1.0340000000000007,2392.8876019086633
1.0360000000000007,2392.5924543409765
1.0380000000000007,2392.297334641638
1.0400000000000007,2392.0020644275232
1.0420000000000007,2391.7066934481677
1.0440000000000007,2391.4111264149633
1.0460000000000007,2391.1155497552654
1.0480000000000007,2390.819916306475
1.0500000000000007,2390.5241052602614
1.0520000000000007,2390.2282907089725
1.0540000000000007,2389.9323122200426
1.0560000000000007,2389.6363358150347
1.0580000000000007,2389.3401972510287
1.0600000000000007,2389.0439528059383
1.0620000000000007,2388.747618013743
1.0640000000000007,2388.451199695337
1.0660000000000007,2388.1547003353844
1.0680000000000007,2387.858120486835
1.0700000000000007,2387.561418434157
1.0720000000000007,2387.264595599557
1.0740000000000007,2386.9675817454263
1.0760000000000007,2386.6706213293096
1.0780000000000007,2386.3735374346907
1.0800000000000007,2386.076378837447
1.0820000000000007,2385.7792652818584
1.0840000000000007,2385.4820215195414
1.0860000000000007,2385.1846981255403
1.0880000000000007,2384.8873080968006
1.0900000000000007,2384.589857069077
1.0920000000000007,2384.2923469365137
1.0940000000000007,2383.99466984189
1.0960000000000008,2383.697005142182
1.0980000000000008,2383.3993030131514
1.1000000000000008,2383.1014417140295
1.1020000000000008,2382.803594023868
1.1040000000000008,2382.5055997855898
1.1060000000000008,2382.2076241409995
1.1080000000000008,2381.9095030899307
1.1100000000000008,2381.6112922877596
1.1120000000000008,2381.3130069004783
1.1140000000000008,2381.01465343797
1.1160000000000008,2380.716234018785
1.1180000000000008,2380.417749289954
1.1200000000000008,2380.1192006252595
1.1220000000000008,2379.820589301599
1.1240000000000008,2379.521808081476
1.1260000000000008,2379.2230365143782
1.1280000000000008,2378.92411767466
1.1300000000000008,2378.6252174842684
1.1320000000000008,2378.3261724833897
1.1340000000000008,2378.027038102747
1.1360000000000008,2377.7279370667484
1.1380000000000008,2377.428696454091
1.1400000000000008,2377.1293670948407
1.1420000000000008,2376.829962229306
1.1440000000000008,2376.5304877290105
1.1460000000000008,2376.2308379084056
1.1480000000000008,2375.931192339759
1.1500000000000008,2375.6315018675027
1.1520000000000008,2375.3316453029283
1.1540000000000008,2375.031794909763
1.1560000000000008,2374.7317912370163
1.1580000000000008,2374.4316913563957
1.1600000000000008,2374.1316187608795
1.1620000000000008,2373.831401135343
1.1640000000000008,2373.5310893975516
1.1660000000000008,2373.2306969302954
1.1680000000000008,2372.930229642641
1.1700000000000008,2372.6296896585022
1.1720000000000008,2372.328969907271
1.1740000000000008,2372.0282490386303
1.1760000000000008,2371.7273705909815
1.1780000000000008,2371.4264999353204
1.1800000000000008,2371.125474355675
1.1820000000000008,2370.824456634199
1.1840000000000008,2370.5232832223464
1.1860000000000008,2370.22200930031
1.1880000000000008,2369.920650230049
1.1900000000000008,2369.619212732655
1.1920000000000008,2369.317699251402
1.1940000000000008,2369.016002935671
1.1960000000000008,2368.7143022131695
1.1980000000000008,2368.412548242352
1.2000000000000008,2368.1106203025424
1.2020000000000008,2367.8086902826794
1.2040000000000008,2367.5065995486393
1.2060000000000008,2367.204405117068
1.2080000000000009,2366.902123091457
1.2100000000000009,2366.599760412119
1.2120000000000009,2366.2973195529894
1.2140000000000009,2365.994801028821
1.2160000000000009,2365.6922046700543
1.2180000000000009,2365.3895300633544
1.2200000000000009,2365.0866696936537
1.2220000000000009,2364.7838015345687
1.2240000000000009,2364.480769918214
1.2260000000000009,2364.1776327111356
1.2280000000000009,2363.8745133991492
1.2300000000000009,2363.5712407967926
1.2320000000000009,2363.267866629601
1.2340000000000009,2362.9644110400145
1.2360000000000009,2362.66088708708
1.2380000000000009,2362.357194446897
1.2400000000000009,2362.0535140420607
1.2420000000000009,2361.7497985657683
1.2440000000000009,2361.4460349178557
1.2460000000000009,2361.1421092051396
1.2480000000000009,2360.838089035051
1.2500000000000009,2360.534102534761
1.252000000000001,2360.229980855823
1.254000000000001,2359.925775040641
1.256000000000001,2359.6216053557746
1.258000000000001,2359.3172997351908
1.260000000000001,2359.0129080981915
1.262000000000001,2358.7084436038585
1.264000000000001,2358.403805127796
1.266000000000001,2358.0991724506116
1.268000000000001,2357.7944978871337
1.270000000000001,2357.489768149302
1.272000000000001,2357.184869512159
1.274000000000001,2356.879976310545
1.276000000000001,2356.5749322730476
1.278000000000001,2356.269794480842
1.280000000000001,2355.9645790212503
1.282000000000001,2355.659399472362
1.284000000000001,2355.3540807250697
1.286000000000001,2355.0486709606203
1.288000000000001,2354.7430758651685
1.290000000000001,2354.4374786042385
1.292000000000001,2354.131833471134
1.294000000000001,2353.8261280760657
1.296000000000001,2353.520249182571
1.298000000000001,2353.214370996961
1.300000000000001,2352.9083375931114
1.302000000000001,2352.6022060400387
1.304000000000001,2352.295992446052
1.306000000000001,2351.9898104450886
1.308000000000001,2351.6834852450625
1.310000000000001,2351.377065279508
1.312000000000001,2351.0704580335687
1.314000000000001,2350.763847975582
1.316000000000001,2350.457190668229
1.318000000000001,2350.150474373367
1.320000000000001,2349.8435862122146
1.322000000000001,2349.5367001906984
1.324000000000001,2349.2296606567247
1.326000000000001,2348.9225244982385
1.328000000000001,2348.615307729367
1.330000000000001,2348.3081237877213
1.332000000000001,2348.0007981707636
1.334000000000001,2347.69327231058
1.336000000000001,2347.385735480263
1.338000000000001,2347.0781459134123
1.340000000000001,2346.7704929937636
1.342000000000001,2346.462664517163
1.344000000000001,2346.1548342624474
1.346000000000001,2345.846847011627
1.348000000000001,2345.538865960847
1.350000000000001,2345.230730591051
1.352000000000001,2344.922495314736
1.354000000000001,2344.614175414624
1.356000000000001,2344.3057775896423
1.358000000000001,2343.9973042999295
1.360000000000001,2343.6887560457676
1.362000000000001,2343.3801326717335
1.364000000000001,2343.07132742969
1.366000000000001,2342.7625163783428
1.368000000000001,2342.453545510428
1.370000000000001,2342.1445780910994
1.372000000000001,2341.8354539177135
1.374000000000001,2341.5262273468134
1.376000000000001,2341.2169136153266
1.378000000000001,2340.907519476007
1.380000000000001,2340.5980474122634
1.382000000000001,2340.2884980384615
1.384000000000001,2339.978764997755
1.386000000000001,2339.6690240910425
1.388000000000001,2339.359227741902
1.390000000000001,2339.049256753579
1.392000000000001,2338.7391777038047
1.394000000000001,2338.429122802479
1.396000000000001,2338.118929884518
1.398000000000001,2337.8086523979136
1.400000000000001,2337.4983053111737
1.402000000000001,2337.1878953048904
1.404000000000001,2336.87742461084
1.406000000000001,2336.5668936430766
1.408000000000001,2336.2563018732553
1.410000000000001,2335.945542636959
1.412000000000001,2335.634791053845
1.414000000000001,2335.3238933783978
1.416000000000001,2335.013012086124
1.418000000000001,2334.701987245779
1.420000000000001,2334.390872679457
1.422000000000001,2334.0797892686464
1.424000000000001,2333.768567866709
1.426000000000001,2333.4572577542835
1.428000000000001,2333.145871970585
1.430000000000001,2332.834416430871
1.432000000000001,2332.522787397845
1.434000000000001,2332.2111608096725
1.436000000000001,2331.899489426722
1.438000000000001,2331.5876542069827
1.440000000000001,2331.2758237826547
1.442000000000001,2330.9638421847594
1.444000000000001,2330.651870771521
1.446000000000001,2330.339749838141
1.448000000000001,2330.0275331945463
1.450000000000001,2329.7152359944384
1.452000000000001,2329.4028649016655
1.454000000000001,2329.0904223953808
1.456000000000001,2328.7779089558585
1.458000000000001,2328.4652185936093
1.460000000000001,2328.152526057204
1.462000000000001,2327.8396783681656
1.464000000000001,2327.5268376310855
1.466000000000001,2327.2138446844124
1.468000000000001,2326.9008589650334
1.470000000000001,2326.587720434279
1.472000000000001,2326.2744825883865
1.474000000000001,2325.961160553217
1.476000000000001,2325.6477611627975
1.478000000000001,2325.3342869215558
1.480000000000001,2325.0206328634285
1.482000000000001,2324.7069737243028
1.484000000000001,2324.393156941658
1.486000000000001,2324.0793442976187
1.488000000000001,2323.765376990487
1.490000000000001,2323.451414177663
1.492000000000001,2323.137296174932
1.494000000000001,2322.8230763964243
1.496000000000001,2322.508769998547
1.498000000000001,2322.1943840179947
1.500000000000001,2321.8799224061263
1.5020000000000011,2321.5652816417605
1.5040000000000011,2321.250637163758
1.5060000000000011,2320.9359425514494
1.5080000000000011,2320.621143634888
1.5100000000000011,2320.3064335670874
1.5120000000000011,2319.9916364263036
1.5140000000000011,2319.6768864374517
1.5160000000000011,2319.362005365107
1.5180000000000011,2319.047140123198
1.5200000000000011,2318.7321251982594
1.5220000000000011,2318.417010897624
1.5240000000000011,2318.101811195635
1.5260000000000011,2317.786532593449
1.5280000000000011,2317.471177625959
1.5300000000000011,2317.155747001781
1.5320000000000011,2316.840240639032
1.5340000000000011,2316.5245529545823
1.5360000000000011,2316.2088578106063
1.5380000000000011,2315.8930032569224
1.5400000000000011,2315.5770454101316
1.5420000000000011,2315.2611055619095
1.5440000000000011,2314.9450166473384
1.5460000000000012,2314.628827483942
1.5480000000000012,2314.3125512291654
1.5500000000000012,2313.996194284263
1.5520000000000012,2313.679658008929
1.5540000000000012,2313.363122326008
1.5560000000000012,2313.0465448552523
1.5580000000000012,2312.7298097182106
1.5600000000000012,2312.4130852452263
1.5620000000000012,2312.0962173252874
1.5640000000000012,2311.7793659707772
1.5660000000000012,2311.462372862658
1.5680000000000012,2311.145290984296
1.5700000000000012,2310.828135085282
1.5720000000000012,2310.5109118465575
1.5740000000000012,2310.1936235238522
1.5760000000000012,2309.8762705431313
1.5780000000000012,2309.5588525246794
1.5800000000000012,2309.2412638677106
1.5820000000000012,2308.923677619406
1.5840000000000012,2308.605942189063
1.5860000000000012,2308.288218163045
1.5880000000000012,2307.9703478122515
1.5900000000000012,2307.6523840490104
1.5920000000000012,2307.3344466476888
1.5940000000000012,2307.0163688456078
1.5960000000000012,2306.6981989611345
1.5980000000000012,2306.379949988002
1.6000000000000012,2306.061523009217
1.6020000000000012,2305.7430936729365
1.6040000000000012,2305.424616574871
1.6060000000000012,2305.1059741507356
1.6080000000000012,2304.7873330497036
1.6100000000000012,2304.46853934591
1.6120000000000012,2304.1497524111337
1.6140000000000012,2303.830814635937
1.6160000000000012,2303.511778865056
1.6180000000000012,2303.1926601027917
1.6200000000000012,2302.8734652025196
1.6220000000000012,2302.5541966517576
1.6240000000000012,2302.2348550595984
1.6260000000000012,2301.915335503615
1.6280000000000012,2301.595810660792
1.6300000000000012,2301.2762343425147
1.6320000000000012,2300.9564890130832
1.6340000000000012,2300.636636400679
1.6360000000000012,2300.316800611743
1.6380000000000012,2299.996817544112
1.6400000000000012,2299.676736244507
1.6420000000000012,2299.356569909147
1.6440000000000012,2299.036324696258
1.6460000000000012,2298.715898331584
1.6480000000000012,2298.3954642309363
1.6500000000000012,2298.0749766315867
1.6520000000000012,2297.75431823967
1.6540000000000012,2297.433655157167
1.6560000000000012,2297.112834179335
1.6580000000000013,2296.7919096949686
1.6600000000000013,2296.4708974210967
1.6620000000000013,2296.1498045238445
1.6640000000000013,2295.828633631363
1.6660000000000013,2295.5073854372968
1.6680000000000013,2295.186059846928
1.6700000000000013,2294.8646565377053
1.6720000000000013,2294.5430707258406
1.6740000000000013,2294.221474565779
1.6760000000000013,2293.8997179001685
1.6780000000000013,2293.5778561014104
1.6800000000000013,2293.2559052017714
1.6820000000000013,2292.9339769013536
1.6840000000000013,2292.6119025351254
1.6860000000000013,2292.2896249393307
1.6880000000000013,2291.967329413505
1.6900000000000013,2291.644976897598
1.6920000000000013,2291.3225576798322
1.6940000000000013,2290.9999619176015
1.6960000000000013,2290.6773590731186
1.6980000000000013,2290.3545981672537
1.7000000000000013,2290.0317340163524
1.7020000000000013,2289.7087825494264
1.7040000000000013,2289.385855218309
1.7060000000000013,2289.062782628469
1.7080000000000013,2288.739506368754
1.7100000000000013,2288.4162116941525
1.7120000000000013,2288.092863654847
1.7140000000000013,2287.7694566364357
1.7160000000000013,2287.4458837714365
1.7180000000000013,2287.1223157595678
1.7200000000000013,2286.798602466414
1.7220000000000013,2286.4747987753353
1.7240000000000013,2286.151024647054
1.7260000000000013,2285.827115161635
1.7280000000000013,2285.503117895055
1.7300000000000013,2285.1790455701666
1.7320000000000013,2284.854903995715
1.7340000000000013,2284.5305912340855
1.7360000000000013,2284.2062794091244
1.7380000000000013,2283.8819231205052
1.7400000000000013,2283.5574054867384
1.7420000000000013,2283.232891365137
1.7440000000000013,2282.9082283161224
1.7460000000000013,2282.5835741407577
1.7480000000000013,2282.2587727449863
1.7500000000000013,2281.9338761823333
1.7520000000000013,2281.6088992398654
1.7540000000000013,2281.283848717941
1.7560000000000013,2280.9587270896527
1.7580000000000013,2280.6335349691135
1.7600000000000013,2280.3081681374106
1.7620000000000013,2279.9827975605617
1.7640000000000013,2279.657273793057
1.7660000000000013,2279.3317554960554
1.7680000000000013,2279.0060871142427
1.7700000000000014,2278.680320604496
1.7720000000000014,2278.354574700331
1.7740000000000014,2278.0286849381296
1.7760000000000014,2277.7026987528384
1.7780000000000014,2277.3766290554927
1.7800000000000014,2277.050378073918
1.7820000000000014,2276.72411929304
1.7840000000000014,2276.397808534893
1.7860000000000014,2276.0713296073154
1.7880000000000014,2275.7448470165355
1.7900000000000014,2275.4182089649976
1.7920000000000014,2275.091469059198
1.7940000000000014,2274.7646428341864
1.7960000000000014,2274.4377373855787
1.7980000000000014,2274.1107553985603
1.8000000000000014,2273.783697500705
1.8020000000000014,2273.4565635659283
1.8040000000000014,2273.1293532767336
1.8060000000000014,2272.801962551031
1.8080000000000014,2272.474561864499
1.8100000000000014,2272.147002555239
1.8120000000000014,2271.819442937782
1.8140000000000014,2271.4917281816533
1.8160000000000014,2271.1639101433484
1.8180000000000014,2270.8360036720455
1.8200000000000014,2270.5080156949793
1.8220000000000014,2270.1799488227834
1.8240000000000014,2269.8517001887544
1.8260000000000014,2269.523440319474
1.8280000000000014,2269.195124328984
1.8300000000000014,2268.866636121883
1.8320000000000014,2268.538036140603
1.8340000000000014,2268.209447257737
1.8360000000000014,2267.88070794488
1.8380000000000014,2267.5518662021136
1.8400000000000014,2267.2229351710957
1.8420000000000014,2266.8939210672243
1.8440000000000014,2266.5647229234846
1.8460000000000014,2266.2355117796924
1.8480000000000014,2265.9062431493553
1.8500000000000014,2265.5768011854043
1.8520000000000014,2265.2472461833295
1.8540000000000014,2264.9177009300006
1.8560000000000014,2264.5880041227642
1.8580000000000014,2264.258203652327
1.8600000000000014,2263.9283127207354
1.8620000000000014,2263.5983375857727
1.8640000000000014,2263.2682815393787
1.8660000000000014,2262.9380429473454
1.8680000000000014,2262.6077926506014
1.8700000000000014,2262.2773852587998
1.8720000000000014,2261.946982749072
1.8740000000000014,2261.6164343572427
1.8760000000000014,2261.2857936009805
1.8780000000000014,2260.9551796086994
1.8800000000000014,2260.6244296618675
1.8820000000000014,2260.293590696931
1.8840000000000015,2259.9625721797315
1.8860000000000015,2259.6315498771105
1.8880000000000015,2259.3004817517813
1.8900000000000015,2258.9693561504773
1.8920000000000015,2258.6380634226643
1.8940000000000015,2258.306770012483
1.8960000000000015,2257.9753269455796
1.8980000000000015,2257.643787804162
1.9000000000000015,2257.312271413242
1.9020000000000015,2256.980615184336
1.9040000000000015,2256.6488657960967
1.9060000000000015,2256.3170359236474
1.9080000000000015,2255.985131543889
1.9100000000000015,2255.653051865615
1.9120000000000015,2255.320966947387
1.9140000000000015,2254.9888325977204
1.9160000000000015,2254.6565332088203
1.9180000000000015,2254.324231596212
1.9200000000000015,2253.991777391782
1.9220000000000015,2253.6592234269574
1.9240000000000015,2253.326585135535
1.9260000000000015,2252.993869587851
1.9280000000000015,2252.6610793975387
1.9300000000000015,2252.3282152425672
1.9320000000000015,2251.9952769249367
1.9340000000000015,2251.662264049717
1.9360000000000015,2251.329073252731
1.9380000000000015,2250.995873369969
1.9400000000000015,2250.662517169294
1.9420000000000015,2250.3290584931597
1.9440000000000015,2249.9955131333777
1.9460000000000015,2249.6619911055377
1.9480000000000015,2249.3283260254248
1.9500000000000015,2248.9944594835433
1.9520000000000015,2248.6605724666156
1.9540000000000015,2248.326626898436
1.9560000000000015,2247.992613180555
1.9580000000000015,2247.6584229708606
1.9600000000000015,2247.3242224352266
1.9620000000000015,2246.9898635769696
1.9640000000000015,2246.6553998749823
1.9660000000000015,2246.3208470536074
1.9680000000000015,2245.9862122724467
1.9700000000000015,2245.651498341641
1.9720000000000015,2245.316705931316
1.9740000000000015,2244.981834990287
1.9760000000000015,2244.64688516086
1.9780000000000015,2244.311753397552
1.9800000000000015,2243.9766081027255
1.9820000000000015,2243.6413025972197
1.9840000000000015,2243.3058905974567
1.9860000000000015,2242.9703879491008
1.9880000000000015,2242.6348019162992
1.9900000000000015,2242.2991351690794
1.9920000000000015,2241.9633884511086
1.9940000000000015,2241.6275616772054
1.9960000000000016,2241.291654565278
1.9980000000000016,2240.9555641638617
2.0000000000000013,2240.6194586973015
2.002000000000001,2240.2831917490284
2.004000000000001,2239.9468169199577
2.0060000000000007,2239.6103501093803
2.0080000000000005,2239.273798529609
2.0100000000000002,2238.937164966404
2.012,2238.600450147104
2.014,2238.263654056087
2.0159999999999996,2237.9267763714133
2.0179999999999993,2237.5897143408893
2.019999999999999,2237.2526359215753
2.021999999999999,2236.9153949396537
2.0239999999999987,2236.5780449995154
2.0259999999999985,2236.240601909667
2.0279999999999982,2235.903073397392
2.029999999999998,2235.565465549182
2.031999999999998,2235.2277825765022
2.0339999999999976,2234.8900267709387
2.0359999999999974,2234.5521991464057
2.037999999999997,2234.214197559904
2.039999999999997,2233.8761903210398
2.0419999999999967,2233.538032305277
2.0439999999999965,2233.1998797799274
2.0459999999999963,2232.8615809589514
2.047999999999996,2232.523186381324
2.049999999999996,2232.1847106778578
2.0519999999999956,2231.846160586486
2.0539999999999954,2231.507538670514
2.055999999999995,2231.1688455059057
2.057999999999995,2230.8299785842905
2.0599999999999947,2230.4911051800746
2.0619999999999945,2230.1520793059763
2.0639999999999943,2229.8130562018296
2.065999999999994,2229.4738838110643
2.067999999999994,2229.1346124382835
2.0699999999999936,2228.795256558682
2.0719999999999934,2228.4558229813633
2.073999999999993,2228.1163142613464
2.075999999999993,2227.776731099861
2.0779999999999927,2227.4370733103933
2.0799999999999925,2227.097340516123
2.0819999999999923,2226.7574301559653
2.083999999999992,2226.4175093005847
2.085999999999992,2226.0774323570977
2.0879999999999916,2225.73725240026
2.0899999999999914,2225.397087156347
2.091999999999991,2225.0567764713956
2.093999999999991,2224.7163660847823
2.0959999999999908,2224.3757665484763
2.0979999999999905,2224.035151084163
2.0999999999999903,2223.694479145175
2.10199999999999,2223.353739479332
2.10399999999999,2223.0128238981515
2.1059999999999897,2222.6717944162747
2.1079999999999894,2222.330773762156
2.109999999999989,2221.989604411213
2.111999999999989,2221.64833312465
2.1139999999999888,2221.306972884078
2.1159999999999886,2220.9655297807385
2.1179999999999883,2220.62400631628
2.119999999999988,2220.2821757947477
2.121999999999988,2219.940438202635
2.1239999999999877,2219.5985518049374
2.1259999999999875,2219.2566654967095
2.1279999999999872,2218.9146250012236
2.129999999999987,2218.5724789838578
2.131999999999987,2218.2302415176814
2.1339999999999866,2217.887919316576
2.1359999999999864,2217.5455151572623
2.137999999999986,2217.2030298727013
2.139999999999986,2216.860463439119
2.1419999999999857,2216.5177138519157
2.1439999999999855,2216.174947544129
2.1459999999999853,2215.8320197095572
2.147999999999985,2215.489084897521
2.149999999999985,2215.1460567694044
2.1519999999999846,2214.8030120479907
2.1539999999999844,2214.4599453284254
2.155999999999984,2214.116938782981
2.157999999999984,2213.7738083610216
2.1599999999999837,2213.430584965944
2.1619999999999835,2213.087273539573
2.1639999999999833,2212.743775100636
2.165999999999983,2212.4002572402405
2.167999999999983,2212.056677778175
2.1699999999999826,2211.7129233217606
2.1719999999999824,2211.369052289355
2.173999999999982,2211.025185430464
2.175999999999982,2210.681165435817
2.1779999999999817,2210.3370385531503
2.1799999999999815,2209.9928176589747
2.1819999999999813,2209.64850901931
2.183999999999981,2209.304013661258
2.185999999999981,2208.959498757052
2.1879999999999806,2208.6148227030535
2.1899999999999804,2208.2701426976155
2.19199999999998,2207.9253105723537
2.19399999999998,2207.580377421117
2.1959999999999797,2207.2353583803892
2.1979999999999795,2206.8903620899778
2.1999999999999793,2206.545123899167
2.201999999999979,2206.199852950938
2.203999999999979,2205.854518420812
2.2059999999999786,2205.509114330585
2.2079999999999784,2205.1635355232015
2.209999999999978,2204.817945729573
2.211999999999978,2204.4722002573726
2.2139999999999778,2204.126351833238
2.2159999999999775,2203.7804166343562
2.2179999999999773,2203.434503612003
2.219999999999977,2203.0884499376884
2.221999999999977,2202.7421974027047
2.2239999999999767,2202.3959234006525
2.2259999999999764,2202.0495912820784
2.227999999999976,2201.7030904374933
2.229999999999976,2201.35658102659
2.231999999999976,2201.009916627117
2.2339999999999756,2200.663249630303
2.2359999999999753,2200.3164296663545
2.237999999999975,2199.9695060370395
2.239999999999975,2199.622493214598
2.2419999999999747,2199.2753980724674
2.2439999999999745,2198.928122139566
2.2459999999999742,2198.5808316108155
2.247999999999974,2198.2334842517153
2.249999999999974,2197.8859667696643
2.2519999999999736,2197.538438024255
2.2539999999999734,2197.190751498754
2.255999999999973,2196.8429581952905
2.257999999999973,2196.495073393799
2.2599999999999727,2196.1471042415264
2.2619999999999725,2195.7990535834915
2.2639999999999723,2195.4509222002616
2.265999999999972,2195.1026088969684
2.267999999999972,2194.754278619808
2.2699999999999716,2194.4057878279928
2.2719999999999714,2194.0572896271538
2.273999999999971,2193.708634495291
2.275999999999971,2193.3598716941788
2.2779999999999707,2193.0110157180325
2.2799999999999705,2192.662073470712
2.2819999999999703,2192.313047750169
2.28399999999997,2191.9639393544167
2.28599999999997,2191.6146473251147
2.2879999999999696,2191.2653363267045
2.2899999999999694,2190.9158631501145
2.291999999999969,2190.566380728695
2.293999999999969,2190.2167397979597
2.2959999999999687,2189.86698951175
2.2979999999999685,2189.5171444005437
2.2999999999999683,2189.167211426993
2.301999999999968,2188.8171933864414
2.303999999999968,2188.4669902339033
2.3059999999999676,2188.1167667500117
2.3079999999999674,2187.7663799828406
2.309999999999967,2187.4159826634022
2.311999999999967,2187.0654257177735
2.3139999999999668,2186.7147582298244
2.3159999999999665,2186.3639946955636
2.3179999999999663,2186.013142033907
2.319999999999966,2185.6622030857498
2.321999999999966,2185.3110780034235
2.3239999999999656,2184.959931318167
2.3259999999999654,2184.6087210657424
2.327999999999965,2184.257334560093
2.329999999999965,2183.9058291968413
2.3319999999999648,2183.554223877706
2.3339999999999645,2183.2025276313725
2.3359999999999643,2182.8507441346096
2.337999999999964,2182.498874535765
2.339999999999964,2182.14691895684
2.3419999999999637,2181.794877120614
2.3439999999999634,2181.4426483520833
2.3459999999999632,2181.0902982800017
2.347999999999963,2180.737951936582
2.349999999999963,2180.3854572021096
2.3519999999999626,2180.0328608255095
2.3539999999999623,2179.680176058203
2.355999999999962,2179.3274092795878
2.357999999999962,2178.9745629493345
2.3599999999999617,2178.6215372166716
2.3619999999999615,2178.2684960288193
2.3639999999999612,2177.9153974846563
2.365999999999961,2177.5621290532713
2.367999999999961,2177.208747685915
2.3699999999999606,2176.8552721559363
2.3719999999999604,2176.501811822902
2.37399999999996,2176.14820631264
2.37599999999996,2175.7943977018904
2.3779999999999597,2175.4405614454217
2.3799999999999595,2175.0866618419236
2.3819999999999593,2174.732589849648
2.383999999999959,2174.3785045321806
2.385999999999959,2174.024261651184
2.3879999999999586,2173.6699118125625
2.3899999999999584,2173.315570682333
2.391999999999958,2172.9610817071652
2.393999999999958,2172.606489072228
2.3959999999999577,2172.2517047499223
2.3979999999999575,2171.8968984533726
2.3999999999999573,2171.5420312808733
2.401999999999957,2171.1869921658645
2.403999999999957,2170.83193847527
2.4059999999999566,2170.476725440677
2.4079999999999564,2170.1214032373114
2.409999999999956,2169.765986933625
2.411999999999956,2169.4104836919614
2.4139999999999557,2169.054896373208
2.4159999999999555,2168.6992257860156
2.4179999999999553,2168.3434718322274
2.419999999999955,2167.9875340478184
2.421999999999955,2167.631575371642
2.4239999999999546,2167.2754540988713
2.4259999999999544,2166.919221475896
2.427999999999954,2166.5628930334688
2.429999999999954,2166.2064760606695
2.4319999999999538,2165.849973383252
2.4339999999999535,2165.4933858047984
2.4359999999999533,2165.136713253586
2.437999999999953,2164.7798553142748
2.439999999999953,2164.422974759073
2.4419999999999527,2164.0659300498255
2.4439999999999524,2163.7088725576723
2.445999999999952,2163.3516547067784
2.447999999999952,2162.9943249041025
2.4499999999999518,2162.636897542425
2.4519999999999516,2162.2792795507767
2.4539999999999513,2161.921636729937
2.455999999999951,2161.5639289008186
2.457999999999951,2161.2060446046735
2.4599999999999507,2160.8481404140402
2.4619999999999505,2160.490072109339
2.4639999999999502,2160.1318896595144
2.46599999999995,2159.7736082360398
2.46799999999995,2159.4152350802315
2.4699999999999496,2159.056773162946
2.4719999999999493,2158.6982233779763
2.473999999999949,2158.339485861953
2.475999999999949,2157.9807230845763
2.4779999999999487,2157.621793946372
2.4799999999999485,2157.262749470467
2.4819999999999482,2156.9036051776584
2.483999999999948,2156.544368392459
2.485999999999948,2156.184834022261
2.4879999999999476,2155.825386566251
2.4899999999999474,2155.465869713135
2.491999999999947,2155.1061732043795
2.493999999999947,2154.7464539118537
2.4959999999999467,2154.3865683544373
2.4979999999999465,2154.0266663402604
2.4999999999999463,2153.6666006286755
2.501999999999946,2153.306420520821
2.503999999999946,2152.946142866574
2.5059999999999456,2152.5856769828706
2.5079999999999454,2152.225189390795
2.509999999999945,2151.8646408880477
2.511999999999945,2151.5039207114532
2.5139999999999447,2151.143085103965
2.5159999999999445,2150.7822523327977
2.5179999999999443,2150.4212690374175
2.519999999999944,2150.0601795011216
2.521999999999944,2149.698996166512
2.5239999999999436,2149.337725092776
2.5259999999999434,2148.976269208102
2.527999999999943,2148.614791357231
2.529999999999943,2148.253151239076
2.5319999999999427,2147.8914992146647
2.5339999999999425,2147.529688603504
2.5359999999999423,2147.16776722168
2.537999999999942,2146.8057492596004
2.539999999999942,2146.4436416282742
2.5419999999999416,2146.081447141203
2.5439999999999414,2145.7191666519984
2.545999999999941,2145.356800349404
2.547999999999941,2144.99424900241
2.5499999999999408,2144.6315751064553
2.5519999999999405,2144.2688999475217
2.5539999999999403,2143.906072006019
2.55599999999994,2143.5431358758456
2.55799999999994,2143.180104156105
2.5599999999999397,2142.816982884559
2.5619999999999394,2142.4536751609853
2.563999999999939,2142.0903433772833
2.565999999999939,2141.72694702963
2.5679999999999388,2141.363375090424
2.5699999999999386,2140.999683273236
2.5719999999999383,2140.635890248969
2.573999999999938,2140.272104250287
2.575999999999938,2139.908068092145
2.5779999999999377,2139.5439848268015
2.5799999999999375,2139.179825452323
2.5819999999999372,2138.8155844249554
2.583999999999937,2138.451158799044
2.585999999999937,2138.086707986744
2.5879999999999366,2137.7220912881394
2.5899999999999364,2137.357358885713
2.591999999999936,2136.9925260726523
2.593999999999936,2136.6276001724946
2.5959999999999357,2136.26258414739
2.5979999999999355,2135.8973795639954
2.5999999999999353,2135.532147768981
2.601999999999935,2135.1667488939665
2.603999999999935,2134.8013325722636
2.6059999999999346,2134.4357528969035
2.6079999999999344,2134.070057433783
2.609999999999934,2133.7042603958557
2.611999999999934,2133.3383687471296
2.6139999999999337,2132.972385369883
2.6159999999999335,2132.606212071374
2.6179999999999333,2132.2400099654
2.619999999999933,2131.8736394927773
2.621999999999933,2131.507250147182
2.6239999999999326,2131.1406962632736
2.6259999999999324,2130.774025316141
2.627999999999932,2130.407251529297
2.629999999999932,2130.040381913641
2.6319999999999317,2129.6733202981495
2.6339999999999315,2129.3062285365504
2.6359999999999313,2128.9389675414386
2.637999999999931,2128.571686682482
2.639999999999931,2128.2042404956305
2.6419999999999306,2127.8366763281992
2.6439999999999304,2127.4690083773608
2.64599999999993,2127.101243617727
2.64799999999993,2126.733384978877
2.6499999999999297,2126.3653344691315
2.6519999999999295,2125.997252847255
2.6539999999999293,2125.629001014007
2.655999999999929,2125.260728066066
2.657999999999929,2124.892290017734
2.6599999999999286,2124.5237362197527
2.6619999999999284,2124.155082599618
2.663999999999928,2123.7863371728977
2.665999999999928,2123.4174044946867
2.6679999999999278,2123.04844620967
2.6699999999999275,2122.6793236519547
2.6719999999999273,2122.310185720331
2.673999999999927,2121.9408872258646
2.675999999999927,2121.5714751973774
2.6779999999999267,2121.2019637331077
2.6799999999999264,2120.832359657862
2.681999999999926,2120.4626658141387
2.683999999999926,2120.092784263161
2.685999999999926,2119.7228753099594
2.6879999999999256,2119.352800060059
2.6899999999999253,2118.9827071580394
2.691999999999925,2118.612451670897
2.693999999999925,2118.2420805983143
2.6959999999999247,2117.8716080891654
2.6979999999999245,2117.501041051459
2.6999999999999242,2117.1303823500084
2.701999999999924,2116.7595341999195
2.703999999999924,2116.3886566740207
2.7059999999999236,2116.0176112024433
2.7079999999999234,2115.6464479609863
2.709999999999923,2115.2753546760096
2.711999999999923,2114.904198985432
2.7139999999999227,2114.533002059467
2.7159999999999225,2114.161848020878
2.7179999999999223,2113.7905626770066
2.719999999999922,2113.4190770200107
2.721999999999922,2113.047555912102
2.7239999999999216,2112.6759625209775
2.7259999999999214,2112.3041883909896
2.727999999999921,2111.932387641628
2.729999999999921,2111.5604192521396
2.7319999999999207,2111.188331905731
2.7339999999999205,2110.816140572832
2.7359999999999203,2110.4438524779002
2.73799999999992,2110.071470614944
2.73999999999992,2109.698995932885
2.7419999999999196,2109.3264284478964
2.7439999999999194,2108.9536694289727
2.745999999999919,2108.58077970191
2.747999999999919,2108.207879070378
2.7499999999999187,2107.834818227739
2.7519999999999185,2107.461640795621
2.7539999999999183,2107.088260843526
2.755999999999918,2106.714843947709
2.757999999999918,2106.341353301239
2.7599999999999176,2105.9676802114873
2.7619999999999174,2105.593978038428
2.763999999999917,2105.2201059171193
2.765999999999917,2104.846112173387
2.7679999999999167,2104.4720117499783
2.7699999999999165,2104.0978118829184
2.7719999999999163,2103.7235156085626
2.773999999999916,2103.3490256144414
2.775999999999916,2102.9745012003887
2.7779999999999156,2102.599804524436
2.7799999999999154,2102.2249851085007
2.781999999999915,2101.8501564693174
2.783999999999915,2101.475166775855
2.7859999999999148,2101.0999601159656
2.7879999999999145,2100.724707593348
2.7899999999999143,2100.349376087892
2.791999999999914,2099.9738590009088
2.793999999999914,2099.598310158968
2.7959999999999137,2099.2225893893374
2.7979999999999134,2098.8467450612634
2.7999999999999132,2098.470792034611
2.801999999999913,2098.094737612503
2.803999999999913,2097.718584787177
2.8059999999999126,2097.3422364820262
2.8079999999999123,2096.9658515865153
2.809999999999912,2096.58929271436
2.811999999999912,2096.2127080011855
2.8139999999999117,2095.8359557308922
2.8159999999999115,2095.4590839446373
2.8179999999999112,2095.0821077267415
2.819999999999911,2094.7049365771863
2.821999999999911,2094.327732374776
2.8239999999999106,2093.9504570465992
2.8259999999999104,2093.573001513738
2.82799999999991,2093.195420120153
2.82999999999991,2092.817731118239
2.8319999999999097,2092.4399433874455
2.8339999999999095,2092.0620606113025
2.8359999999999093,2091.6840840055065
2.837999999999909,2091.306013532398
2.839999999999909,2090.927750994313
2.8419999999999086,2090.5494544564235
2.8439999999999084,2090.170986684173
2.845999999999908,2089.792396813128
2.847999999999908,2089.413700082201
2.8499999999999077,2089.0349038091067
2.8519999999999075,2088.6560109649813
2.8539999999999073,2088.277022426293
2.855999999999907,2087.8978403529227
2.857999999999907,2087.5186227402824
2.8599999999999066,2087.1391190524973
2.8619999999999064,2086.759588823495
2.863999999999906,2086.3799599599433
2.865999999999906,2086.000235234937
2.8679999999999057,2085.620415346478
2.8699999999999055,2085.2405001247953
2.8719999999999053,2084.860391476773
2.873999999999905,2084.480247039833
2.875999999999905,2084.099929936137
2.8779999999999046,2083.7194891755826
2.8799999999999044,2083.3389399672305
2.881999999999904,2082.958289622769
2.883999999999904,2082.5775411765453
2.8859999999999038,2082.196597805817
2.8879999999999035,2081.8156174592705
2.8899999999999033,2081.434463451758
2.891999999999903,2081.0532823428202
2.893999999999903,2080.6719313697376
2.8959999999999027,2080.290456568218
2.8979999999999024,2079.9088719679735
2.899999999999902,2079.5271844768636
2.901999999999902,2079.145299494279
2.9039999999999018,2078.7633757005683
2.9059999999999016,2078.381276976853
2.9079999999999013,2077.999052220083
2.909999999999901,2077.6167166479204
2.911999999999901,2077.234277518748
2.9139999999999007,2076.851737783655
2.9159999999999004,2076.4690983718874
2.9179999999999002,2076.086359265847
2.9199999999999,2075.7034226996834
2.9219999999999,2075.3203484764044
2.9239999999998996,2074.937255250141
2.9259999999998993,2074.5539957925985
2.927999999999899,2074.1706129093063
2.929999999999899,2073.7870214964373
2.9319999999998987,2073.4033851803447
2.9339999999998985,2073.0196680967842
2.9359999999998982,2072.635762688196
2.937999999999898,2072.2517230410417
2.939999999999898,2071.8676648852897
2.9419999999998976,2071.4834399079296
2.9439999999998974,2071.098993006554
2.945999999999897,2070.7144937326607
2.947999999999897,2070.3299097813297
2.9499999999998967,2069.945135591127
2.9519999999998965,2069.560323291922
2.9539999999998963,2069.175334321286
2.955999999999896,2068.790216217833
2.957999999999896,2068.4049838127107
2.9599999999998956,2068.019644376131
2.9619999999998954,2067.63420103114
2.963999999999895,2067.2485576536537
2.965999999999895,2066.8627756396827
2.9679999999998947,2066.4769749721318
2.9699999999998945,2066.091009923606
2.9719999999998943,2065.704923634496
2.973999999999894,2065.318728643299
2.975999999999894,2064.9324311367495
2.9779999999998936,2064.545936536957
2.9799999999998934,2064.159402574687
2.981999999999893,2063.7726938232295
2.983999999999893,2063.3859559364564
2.9859999999998927,2062.999047134778
2.9879999999998925,2062.612012895858
2.9899999999998923,2062.224867137192
2.991999999999892,2061.837519609976
2.993999999999892,2061.4501299992376
2.9959999999998916,2061.062563977605
2.9979999999998914,2060.6749673625213
2.999999999999891,2060.2871986674268
3.001999999999891,2059.8993032482385
3.0039999999998908,2059.51129496777
3.0059999999998905,2059.123180733881
3.0079999999998903,2058.7348664342985
3.00999999999989,2058.3465095378897
3.01199999999989,2057.957975055245
3.0139999999998897,2057.569408314608
3.0159999999998894,2057.180667947188
3.017999999999889,2056.7917994756995
3.019999999999889,2056.402817177781
3.0219999999998888,2056.0136313408802
3.0239999999998886,2055.6244014809267
3.0259999999998883,2055.2349937601202
3.027999999999888,2054.8455537275076
3.029999999999888,2054.4559402033597
3.0319999999998877,2054.0661984731964
3.0339999999998875,2053.676342337328
3.0359999999998872,2053.2863786783882
3.037999999999887,2052.896213584523
3.039999999999887,2052.5060041926886
3.0419999999998866,2052.1156158228982
3.0439999999998864,2051.725193516258
3.045999999999886,2051.3345961780274
3.047999999999886,2050.9438690505444
3.0499999999998857,2050.5529291583152
3.0519999999998855,2050.1619395891166
3.0539999999998853,2049.7708653929844
3.055999999999885,2049.379599878119
3.057999999999885,2048.9881964214655
3.0599999999998846,2048.5967700099436
3.0619999999998844,2048.2051736222584
3.063999999999884,2047.8134489159145
3.065999999999884,2047.4215112675322
3.0679999999998837,2047.029522771851
3.0699999999998835,2046.6373516269098
3.0719999999998833,2046.2451437680113
3.073999999999883,2045.852758848634
3.075999999999883,2045.4602420552778
3.0779999999998826,2045.0676072328467
3.0799999999998824,2044.6747646359338
3.081999999999882,2044.2818730434587
3.083999999999882,2043.8888956602646
3.0859999999998817,2043.4957251503934
3.0879999999998815,2043.1024144014582
3.0899999999998813,2042.7089815784593
3.091999999999881,2042.3154356861758
3.093999999999881,2041.921780621723
3.0959999999998806,2041.5280176921824
3.0979999999998804,2041.1340505388657
3.09999999999988,2040.7399380110087
3.10199999999988,2040.34579765181
3.1039999999998797,2039.9514842245314
3.1059999999998795,2039.557039653142
3.1079999999998793,2039.1623796977178
3.109999999999879,2038.7676658869464
3.111999999999879,2038.3728633710384
3.1139999999998786,2037.977865785841
3.1159999999998784,2037.5827269683955
3.117999999999878,2037.1874665062953
3.119999999999878,2036.7920944980242
3.1219999999998778,2036.3966154883358
3.1239999999998775,2036.0010311231063
3.1259999999998773,2035.6052452831468
3.127999999999877,2035.209316567087
3.129999999999877,2034.813362379869
3.1319999999998767,2034.4172376633524
3.1339999999998764,2034.0209841090664
3.135999999999876,2033.62461379936
3.137999999999876,2033.228036482296
3.139999999999876,2032.8314098528385
3.1419999999998756,2032.4346009930189
3.1439999999998753,2032.0377542664744
3.145999999999875,2031.640729660845
3.147999999999875,2031.2435718892457
3.1499999999998747,2030.84619843043
3.1519999999998745,2030.4487711747865
3.1539999999998742,2030.0512556707865
3.155999999999874,2029.6535458642752
3.157999999999874,2029.2556945457948
3.1599999999998736,2028.857719841973
3.1619999999998734,2028.4596306884011
3.163999999999873,2028.0614309485038
3.165999999999873,2027.6631219056856
3.1679999999998727,2027.2646077782401
3.1699999999998725,2026.8660434381914
3.1719999999998723,2026.4672952493688
3.173999999999872,2026.0684108820521
3.175999999999872,2025.6694054653547
3.1779999999998716,2025.2702863199127
3.1799999999998714,2024.8710565571068
3.181999999999871,2024.471620971499
3.183999999999871,2024.0721342630604
3.1859999999998707,2023.672462787608
3.1879999999998705,2023.2726540392277
3.1899999999998703,2022.8727229487977
3.19199999999987,2022.472676884474
3.19399999999987,2022.0724228558604
3.1959999999998696,2021.6721163519976
3.1979999999998694,2021.2716241685084
3.199999999999869,2020.8711653971973
3.201999999999869,2020.4706208058246
3.2039999999998687,2020.0700133513108
3.2059999999998685,2019.6694256565627
3.2079999999998683,2019.2686892737668
3.209999999999868,2018.8677350620746
3.211999999999868,2018.4667215633644
3.2139999999998676,2018.06561414922
3.2159999999998674,2017.664307444723
3.217999999999867,2017.2628541940344
3.219999999999867,2016.8612727919278
3.2219999999998667,2016.4595724354615
3.2239999999998665,2016.057757121815
3.2259999999998663,2015.6558281635696
3.227999999999866,2015.2536899286256
3.229999999999866,2014.8514962761597
3.2319999999998656,2014.4491140676878
3.2339999999998654,2014.0465905501894
3.235999999999865,2013.6439407436992
3.237999999999865,2013.2411720517111
3.2399999999998648,2012.8381918233963
3.2419999999998645,2012.4351550288854
3.2439999999998643,2012.0319290623543
3.245999999999864,2011.6285611893027
3.247999999999864,2011.2250663962125
3.2499999999998637,2010.8214519723292
3.2519999999998634,2010.4177210645653
3.2539999999998632,2010.0137788948161
3.255999999999863,2009.6096836348463
3.257999999999863,2009.2055520239433
3.2599999999998626,2008.801240591668
3.2619999999998623,2008.3967904758915
3.263999999999862,2007.9921184538855
3.265999999999862,2007.5873855063792
3.2679999999998617,2007.182558535125
3.2699999999998615,2006.7775328470752
3.2719999999998612,2006.3723609902543
3.273999999999861,2005.967061146664
3.275999999999861,2005.561642429075
3.2779999999998606,2005.1561086814731
3.2799999999998604,2004.7503655871092
3.28199999999986,2004.344566760906
3.28399999999986,2003.9385796305537
3.2859999999998597,2003.5324510688095
3.2879999999998595,2003.1261959997194
3.2899999999998593,2002.7198217066182
3.291999999999859,2002.3133312515574
3.293999999999859,2001.9066300440472
3.2959999999998586,2001.49977601332
3.2979999999998584,2001.0928855643015
3.299999999999858,2000.6858156195917
3.301999999999858,2000.278607036918
3.3039999999998577,1999.871176379384
3.3059999999998575,1999.4636829672913
3.3079999999998573,1999.055997414184
3.309999999999857,1998.6482632299471
3.311999999999857,1998.240342601344
3.3139999999998566,1997.8322797675462
3.3159999999998564,1997.4240885932743
3.317999999999856,1997.0156807100143
3.319999999999856,1996.6072123421495
3.3219999999998557,1996.1985525646187
3.3239999999998555,1995.7897486530965
3.3259999999998553,1995.380815563411
3.327999999999855,1994.971760589776
3.329999999999855,1994.5625867540841
3.3319999999998546,1994.1532949794441
3.3339999999998544,1993.743789954297
3.335999999999854,1993.3341290186415
3.337999999999854,1992.9243329848396
3.3399999999998538,1992.5144121928465
3.3419999999998535,1992.1043709661014
3.3439999999998533,1991.6942107766672
3.345999999999853,1991.283836431581
3.347999999999853,1990.8734005186066
3.3499999999998527,1990.462770960571
3.3519999999998524,1990.0519944489859
3.353999999999852,1989.6410858563759
3.355999999999852,1989.229957362064
3.3579999999998518,1988.8187648495098
3.3599999999998515,1988.4073777806443
3.3619999999998513,1987.9959383543899
3.363999999999851,1987.5843088925988
3.365999999999851,1987.1724378327294
3.3679999999998507,1986.7604914021958
3.3699999999998504,1986.348440231953
3.3719999999998502,1985.9361816928345
3.37399999999985,1985.5237683549938
3.37599999999985,1985.1113136458553
3.3779999999998496,1984.698579101056
3.3799999999998493,1984.2857573473625
3.381999999999849,1983.8728240246846
3.383999999999849,1983.4596796741585
3.3859999999998487,1983.0464734961197
3.3879999999998485,1982.633072250068
3.3899999999998482,1982.219521591495
3.391999999999848,1981.8057410587844
3.393999999999848,1981.3918902929304
3.3959999999998476,1980.977936248723
3.3979999999998474,1980.563774489318
3.399999999999847,1980.149456473499
3.401999999999847,1979.735000088056
3.4039999999998467,1979.3204144162626
3.4059999999998465,1978.905608409611
3.4079999999998463,1978.4907356152478
3.409999999999846,1978.075665525756
3.411999999999846,1977.660445582099
3.4139999999998456,1977.2450914722692
3.4159999999998454,1976.8296111694717
3.417999999999845,1976.4140080087016
3.419999999999845,1975.9981882457569
3.4219999999998447,1975.5823039838392
3.4239999999998445,1975.1662240771095
3.4259999999998443,1974.749994744122
3.427999999999844,1974.333630826722
3.429999999999844,1973.9171396502072
3.4319999999998436,1973.5004294616554
3.4339999999998434,1973.0836531099765
3.435999999999843,1972.6666799041482
3.437999999999843,1972.2495560784328
3.4399999999998427,1971.8322964725803
3.4419999999998425,1971.4148136207355
3.4439999999998423,1970.9972623735962
3.445999999999842,1970.5795130012953
3.447999999999842,1970.1617068514379
3.4499999999998416,1969.7437070290296
3.4519999999998414,1969.3255567262884
3.453999999999841,1968.9071749402096
3.455999999999841,1968.4887204160523
3.4579999999998408,1968.0700658353078
3.4599999999998405,1967.6512587693987
3.4619999999998403,1967.2324091870607
3.46399999999984,1966.8132783085523
3.46599999999984,1966.39405653315
3.4679999999998397,1965.9747194517338
3.4699999999998394,1965.5551679007815
3.471999999999839,1965.1354554957659
3.473999999999839,1964.7156013017468
3.4759999999998388,1964.2956147771738
3.4779999999998386,1963.8754999498667
3.4799999999998383,1963.4552581450766
3.481999999999838,1963.0347949378004
3.483999999999838,1962.6141668558062
3.4859999999998377,1962.1933946041297
3.4879999999998375,1961.7724884450768
3.4899999999998372,1961.351452777488
3.491999999999837,1960.9301946044407
3.493999999999837,1960.5088652738862
3.4959999999998366,1960.0873343802127
3.4979999999998364,1959.6656477852907
3.499999999999836,1959.2438203276697
3.501999999999836,1958.8218593115962
3.5039999999998357,1958.3996734399257
3.5059999999998355,1957.977320434287
3.5079999999998353,1957.5549158502376
3.509999999999835,1957.1323190249907
3.511999999999835,1956.7094755361911
3.5139999999998346,1956.286548238138
3.5159999999998344,1955.86341327878
3.517999999999834,1955.440213891463
3.519999999999834,1955.016815170823
3.5219999999998337,1954.593260423622
3.5239999999998335,1954.1695632822336
3.5259999999998333,1953.7456362985079
3.527999999999833,1953.3216334383196
3.529999999999833,1952.897425906618
3.5319999999998326,1952.473059963995
3.5339999999998324,1952.0485505267923
3.535999999999832,1951.6239049894307
3.537999999999832,1951.199032216709
3.5399999999998317,1950.774083950394
3.5419999999998315,1950.348930578616
3.5439999999998313,1949.9236179528655
3.545999999999831,1949.4981608729381
3.547999999999831,1949.0724724915965
3.5499999999998306,1948.6467066422306
3.5519999999998304,1948.2207348134116
3.55399999999983,1947.7946037882582
3.55599999999983,1947.368329247596
3.5579999999998297,1946.9419191024576
3.5599999999998295,1946.5153768467285
3.5619999999998293,1946.0886094189188
3.563999999999829,1945.6617674696438
3.565999999999829,1945.2347212785266
3.5679999999998286,1944.8075164160855
3.5699999999998284,1944.3800735802452
3.571999999999828,1943.952550490606
3.573999999999828,1943.5248209315046
3.5759999999998278,1943.097025929221
3.5779999999998275,1942.6690302529853
3.5799999999998273,1942.2408765724078
3.581999999999827,1941.8124842731781
3.583999999999827,1941.3840104857522
3.5859999999998267,1940.9553289357127
3.5879999999998264,1940.5264865355625
3.589999999999826,1940.097498591506
3.591999999999826,1939.6683726890126
3.593999999999826,1939.2391120797859
3.5959999999998256,1938.809623810872
3.5979999999998253,1938.379964122385
3.599999999999825,1937.9502476795815
3.601999999999825,1937.5202407531408
3.6039999999998247,1937.0901329597918
3.6059999999998245,1936.6599009187148
3.6079999999998242,1936.2294464622469
3.609999999999824,1935.7988224830174
3.611999999999824,1935.368047860573
3.6139999999998236,1934.93713204124
3.6159999999998234,1934.5060790893444
3.617999999999823,1934.0747964839902
3.619999999999823,1933.643434253257
3.6219999999998227,1933.211863247149
3.6239999999998225,1932.7801287973268
3.6259999999998223,1932.3481517900689
3.627999999999822,1931.916089420069
3.629999999999822,1931.4839984819114
3.6319999999998216,1931.0517860679292
3.6339999999998214,1930.6195715435172
3.635999999999821,1930.1871952237375
3.637999999999821,1929.7546802095903
3.6399999999998207,1929.3220276125426
3.6419999999998205,1928.8891437787224
3.6439999999998203,1928.4561779423464
3.64599999999982,1928.0230011580813
3.64799999999982,1927.589658620645
3.6499999999998196,1927.156165168694
3.6519999999998194,1926.7225282371119
3.653999999999819,1926.2886574315692
3.655999999999819,1925.854703378705
3.6579999999998187,1925.4205376748446
3.6599999999998185,1924.9862056546967
3.6619999999998183,1924.5517221135383
3.663999999999818,1924.1170008199276
3.665999999999818,1923.6821943422178
3.6679999999998176,1923.247175345712
3.6699999999998174,1922.8119894846452
3.671999999999817,1922.3766515577513
3.673999999999817,1921.9411689595127
3.6759999999998167,1921.5054513239281
3.6779999999998165,1921.069555385489
3.6799999999998163,1920.6335957507886
3.681999999999816,1920.1973401322361
3.683999999999816,1919.7609769891278
3.6859999999998156,1919.3244833430572
3.6879999999998154,1918.8877615629553
3.689999999999815,1918.4508641292707
3.691999999999815,1918.0138102050896
3.6939999999998148,1917.5766099571704
3.6959999999998145,1917.139268139451
3.6979999999998143,1916.7016930776101
3.699999999999814,1916.2639407831625
3.701999999999814,1915.826032059872
3.7039999999998137,1915.3879772719704
3.7059999999998134,1914.9497808408823
3.7079999999998132,1914.5113508447153
3.709999999999813,1914.0728363787825
3.711999999999813,1913.6341091550241
3.7139999999998126,1913.1952140502249
3.7159999999998123,1912.7561656752553
3.717999999999812,1912.3168780811952
3.719999999999812,1911.877409985932
3.7219999999998117,1911.4378767434528
3.7239999999998115,1910.9981405715153
3.7259999999998112,1910.5581473720626
3.727999999999811,1910.1180576206227
3.729999999999811,1909.677749656885
3.7319999999998106,1909.2373646423148
3.7339999999998104,1908.7967698726898
3.73599999999981,1908.3559144092922
3.73799999999981,1907.9149603734022
3.7399999999998097,1907.4738802710554
3.7419999999998095,1907.0325737265584
3.7439999999998093,1906.591091304751
3.745999999999809,1906.1494510642488
3.747999999999809,1905.7075689986532
3.7499999999998086,1905.2655976640262
3.7519999999998084,1904.8234109015605
3.753999999999808,1904.3810540828995
3.755999999999808,1903.9385419912549
3.7579999999998077,1903.4958820488162
3.7599999999998075,1903.053077454786
3.7619999999998073,1902.6100361293143
3.763999999999807,1902.166813466157
3.765999999999807,1901.7234301903268
3.7679999999998066,1901.279896771482
3.7699999999998064,1900.8361247226635
3.771999999999806,1900.392263944198
3.773999999999806,1899.9481873933473
3.7759999999998057,1899.5039398607269
3.7779999999998055,1899.059536116325
3.7799999999998053,1898.6148906116234
3.781999999999805,1898.1701548230244
3.783999999999805,1897.725202692096
3.7859999999998046,1897.2800793934202
3.7879999999998044,1896.8347998540996
3.789999999999804,1896.389278560014
3.791999999999804,1895.9436669082588
3.7939999999998038,1895.497838908364
3.7959999999998035,1895.0518397192855
3.7979999999998033,1894.605684218302
3.799999999999803,1894.1593799114146
3.801999999999803,1893.7128372583268
3.8039999999998027,1893.2661124735598
3.8059999999998024,1892.8192267274158
3.807999999999802,1892.372190647946
3.809999999999802,1891.9250089545756
3.8119999999998018,1891.4775904650653
3.8139999999998015,1891.0300834263435
3.8159999999998013,1890.5823607995685
3.817999999999801,1890.1344672532034
3.819999999999801,1889.6863247885174
3.8219999999998007,1889.238088815406
3.8239999999998004,1888.7896359700037
3.8259999999998002,1888.3410124575491
3.8279999999998,1887.8922341349378
3.8299999999998,1887.4433092044271
3.8319999999997996,1886.994241463461
3.8339999999997993,1886.5449395784647
3.835999999999799,1886.0954587884287
3.837999999999799,1885.6458199604558
3.8399999999997987,1885.196033703327
3.8419999999997985,1884.746012095061
3.8439999999997982,1884.2959044196919
3.845999999999798,1883.8455845604399
3.847999999999798,1883.3950971632999
3.8499999999997976,1882.9444572025343
3.8519999999997974,1882.4935797860721
3.853999999999797,1882.0426159328201
3.855999999999797,1881.5914405268777
3.8579999999997967,1881.140098655857
3.8599999999997965,1880.6886054582549
3.8619999999997963,1880.236968659608
3.863999999999796,1879.7850992410722
3.865999999999796,1879.3330533243536
3.8679999999997956,1878.8809449247942
3.8699999999997954,1878.4285451300839
3.871999999999795,1877.9760400145992
3.873999999999795,1877.5234079054158
3.8759999999997947,1877.0705527317969
3.8779999999997945,1876.617526554684
3.8799999999997943,1876.1643487413314
3.881999999999794,1875.7110294232025
3.883999999999794,1875.2575734310903
3.8859999999997936,1874.8038903311751
3.8879999999997934,1874.350035633307
3.889999999999793,1873.89603064325
3.891999999999793,1873.4418865081793
3.8939999999997927,1872.9876085464161
3.8959999999997925,1872.5331067141528
3.8979999999997923,1872.0785290733613
3.899999999999792,1871.623750152602
3.901999999999792,1871.1688149573095
3.9039999999997916,1870.7136466830318
3.9059999999997914,1870.2584006920322
3.907999999999791,1869.8029553360998
3.909999999999791,1869.3474495889332
3.9119999999997908,1868.8917529500188
3.9139999999997905,1868.4359077916088
3.9159999999997903,1867.9798362807608
3.91799999999979,1867.5236934796264
3.91999999999979,1867.0673580448292
3.9219999999997897,1866.610969263518
3.9239999999997894,1866.1543971283586
3.925999999999789,1865.6975921265769
3.927999999999789,1865.2407159783702
3.9299999999997888,1864.7837439316158
3.9319999999997886,1864.3265786898776
3.9339999999997883,1863.8692719547216
3.935999999999788,1863.4118438293203
3.937999999999788,1862.9543058344468
3.9399999999997877,1862.496664474135
3.9419999999997875,1862.0389237847362
3.9439999999997872,1861.5809944949776
3.945999999999787,1861.12302576845
3.947999999999787,1860.6648946899509
3.9499999999997866,1860.2066484060385
3.9519999999997864,1859.7483050239157
3.953999999999786,1859.2898759171367
3.955999999999786,1858.831368704278
3.9579999999997857,1858.3726969419972
3.9599999999997855,1857.9140118326782
3.9619999999997852,1857.455192494964
3.963999999999785,1856.9962879271511
3.965999999999785,1856.5374103832512
3.9679999999997846,1856.0784269959352
3.9699999999997844,1855.6193808447028
3.971999999999784,1855.1602901120839
3.973999999999784,1854.7011684800477
3.9759999999997837,1854.2419349997858
3.9779999999997835,1853.7827459769644
3.9799999999997833,1853.3235783646203
3.981999999999783,1852.8644329353774
3.983999999999783,1852.4053157005328
3.9859999999997826,1851.946144723304
3.9879999999997824,1851.48707932661
3.989999999999782,1851.0281021565283
3.991999999999782,1850.5692216221014
3.9939999999997817,1850.1104528699839
3.9959999999997815,1849.65181682735
3.9979999999997813,1849.1934315615867
3.999999999999781,1848.735182428666
4.001999999999781,1848.2772314222161
4.003999999999781,1847.8195783132553
4.005999999999781,1847.362352301269
4.007999999999781,1846.9055548173374
4.00999999999978,1846.4494055741634
4.01199999999978,1845.9940494360746
4.01399999999978,1845.5395115944202
4.01599999999978,1845.0860825216084
4.0179999999997795,1844.6339410701237
4.019999999999779,1844.1835899314187
4.021999999999779,1843.735556026904
4.023999999999779,1843.2912769056793
4.025999999999779,1842.8558087284273
4.027999999999778,1517.8700811953424
4.029999999999778,1185.589459273301
4.031999999999778,924.3159614806023
4.033999999999778,738.642087464011
4.0359999999997775,609.0630156925483
4.037999999999777,522.8902340289044
4.039999999999777,467.6077022836877
4.041999999999777,432.75732024744076
4.043999999999777,410.9347451973343
4.045999999999776,397.24526774194834
4.047999999999776,388.553167371317
4.049999999999776,382.8904565044067
4.051999999999776,379.0423940008163
4.053999999999776,376.26987967794213
4.055999999999775,374.1290019047992
4.057999999999775,372.3561782635516
4.059999999999775,370.79670075213573
4.061999999999775,369.3605507296726
4.0639999999997745,367.9959671295548
4.065999999999774,366.6733186503542
4.067999999999774,365.3758008645667
4.069999999999774,364.09396115467564
4.071999999999774,362.82245033773756
4.073999999999773,361.55818808970974
4.075999999999773,360.29940387227174
4.077999999999773,359.0450113882097
4.079999999999773,357.7943185796696
4.0819999999997725,356.54682034881824
4.083999999999772,355.3021613848896
4.085999999999772,354.0599988146009
4.087999999999772,352.82011060718474
4.089999999999772,351.58221905840765
4.091999999999771,350.3461094345323
4.093999999999771,349.1115822495042
4.095999999999771,347.8784540592438
4.097999999999771,346.64655672826837
4.0999999999997705,345.41573725567577
4.10199999999977,348.6772758942168
4.10399999999977,348.52237130660137
4.10599999999977,348.00451320205565
4.10799999999977,347.26234306393036
4.109999999999769,346.38461159020983
4.111999999999769,345.4266771450489
4.113999999999769,344.4223523899326
4.115999999999769,343.39192305651375
4.1179999999997685,342.34740637308073
4.119999999999768,341.2958168252613
4.121999999999768,340.2411945163129
4.123999999999768,339.18583167240655
4.125999999999768,338.13100160898006
4.127999999999767,337.07745741939425
4.129999999999767,336.02555615110765
4.131999999999767,334.9755278722302
4.133999999999767,333.92747652355786
4.1359999999997665,332.8814303794543
4.137999999999766,331.8374619202746
4.139999999999766,330.795527249244
4.141999999999766,329.75565251565666
4.143999999999766,328.7178557412968
4.145999999999765,327.6820789930476
4.147999999999765,326.648341982103
4.149999999999765,325.6166353778491
4.151999999999765,324.5869260401381
4.1539999999997645,323.5592557157536
4.155999999999764,322.53358754660314
4.157999999999764,321.50988885621763
4.159999999999764,320.4882020849233
4.161999999999764,319.46849077327084
4.1639999999997634,318.45072217735265
4.165999999999763,317.4349149676268
4.167999999999763,316.42108409625735
4.169999999999763,315.4091686700798
4.171999999999763,314.3991879296804
4.173999999999762,313.3911325406737
4.175999999999762,312.3850184542062
4.177999999999762,311.3807851238661
4.179999999999762,310.3784519748096
4.1819999999997615,309.37800997407237
4.183999999999761,308.37945052845913
4.185999999999761,307.3827650291431
4.187999999999761,306.38791989443837
4.189999999999761,305.3949591394732
4.19199999999976,304.40384626856144
4.19399999999976,303.4145733498982
4.19599999999976,302.42713247719314
4.19799999999976,301.44151539459403
4.1999999999997595,300.45768897446277
4.201999999999759,299.47569766650037
4.203999999999759,298.49550522333385
4.205999999999759,297.5170787981174
4.207999999999759,296.5404630439297
4.209999999999758,295.5656222540128
4.211999999999758,294.5925233511936
4.213999999999758,293.6212114284591
4.215999999999758,292.6516508279824
4.2179999999997575,291.6838085537348
4.219999999999757,290.7177302182334
4.221999999999757,289.7533798991422
4.223999999999757,288.7907247817314
4.225999999999757,287.8298107298935
4.227999999999756,286.87060205413314
4.229999999999756,285.9130657734982
4.231999999999756,284.95724782972115
4.233999999999756,284.00311289790136
4.2359999999997555,283.050654163127
4.237999999999755,282.099838390874
4.239999999999755,281.1507117368024
4.241999999999755,280.20323900494935
4.243999999999755,279.25741329272455
4.245999999999754,278.3132277864494
4.247999999999754,277.37064932896294
4.249999999999754,276.42972423408327
4.251999999999754,275.49041763955375
4.2539999999997535,274.55272302363704
4.255999999999753,273.61663343993195
4.257999999999753,272.6821422011217
4.259999999999753,271.7492424804349
4.261999999999753,270.8179536048166
4.263999999999752,269.88821592050846
4.265999999999752,268.9600500712217
4.267999999999752,268.0334494809267
4.269999999999752,267.1084332408884
4.2719999999997516,266.1849418492217
4.273999999999751,265.26299622962154
4.275999999999751,264.3426157829221
4.277999999999751,263.42374121078484
4.279999999999751,262.5064191305341
4.2819999999997505,261.5906163374795
4.28399999999975,260.6763270112142
4.28599999999975,259.7635189908071
4.28799999999975,258.8522389346379
4.28999999999975,257.94245387675494
4.291999999999749,257.0341577477419
4.293999999999749,256.12734494195286
4.295999999999749,255.22203518296288
4.297999999999749,254.3181703104221
4.2999999999997485,253.4157712841187
4.301999999999748,252.51485804552925
4.303999999999748,251.61537256958934
4.305999999999748,250.71736139706383
4.307999999999748,249.82079152377082
4.309999999999747,248.92562776534197
4.311999999999747,248.0319295902512
4.313999999999747,247.13965740935043
4.315999999999747,246.2488046703089
4.3179999999997465,245.35936654113226
4.319999999999746,244.47136347375488
4.321999999999746,243.58473867859743
4.323999999999746,242.69953860635036
4.325999999999746,241.81570655197157
4.327999999999745,240.93328886733775
4.329999999999745,240.0522545647891
4.331999999999745,239.17259858771848
4.333999999999745,238.2943160892192
4.3359999999997445,237.4174019420334
4.337999999999744,236.54185116709436
4.339999999999744,235.66768429183747
4.341999999999744,234.79484554085866
4.343999999999744,233.92338096541192
4.345999999999743,233.05326027413093
4.347999999999743,232.18447867787046
4.349999999999743,231.31703167567838
4.351999999999743,230.45091464047465
4.3539999999997425,229.58612286470213
4.355999999999742,228.7226768120865
4.357999999999742,227.86052177340446
4.359999999999742,226.99970346706522
4.361999999999742,226.1401923189597
4.363999999999741,225.2819839214194
4.365999999999741,224.42507400844534
4.367999999999741,223.5694828523682
4.369999999999741,222.71515683045794
4.3719999999997405,221.86214099956766
4.37399999999974,221.01040646968244
4.37599999999974,220.15994916300872
4.37799999999974,219.3107648355097
4.37999999999974,218.46284952111836
4.381999999999739,217.6162233999956
4.383999999999739,216.77083379339933
4.385999999999739,215.92672537499675
4.387999999999739,215.0838698716061
4.3899999999997386,214.2422634241745
4.391999999999738,213.4019019880697
4.393999999999738,212.5628060810962
4.395999999999738,211.72492359970977
4.397999999999738,210.8882988211746
4.3999999999997375,210.0529039841257
4.401999999999737,209.21875947209713
4.403999999999737,208.3858137153286
4.405999999999737,207.55411073787974
4.407999999999737,206.72359935979483
4.409999999999736,205.894323390845
4.411999999999736,205.06625581782868
4.413999999999736,204.239416706864
4.415999999999736,203.41375537400296
4.4179999999997355,202.58931535817385
4.419999999999735,201.76606983098213
4.421999999999735,200.94401541576008
4.423999999999735,200.1231487223684
4.425999999999735,199.30348972773936
4.427999999999734,198.48501206980336
4.429999999999734,197.66771239127326
4.431999999999734,196.85158728544263
4.433999999999734,196.03663358246456
4.4359999999997335,195.22287126393104
4.437999999999733,194.41027421798634
4.439999999999733,193.59883921241413
4.441999999999733,192.7885631788344
4.443999999999733,191.97946587909132
4.445999999999732,191.17149873853958
4.447999999999732,190.36470409181135
4.449999999999732,189.55907915135174
4.451999999999732,188.7545758064236
4.4539999999997315,187.9512358643928
4.455999999999731,187.14903419174453
4.457999999999731,186.34796773186434
4.459999999999731,185.548033627853
4.461999999999731,184.74925135636335
4.46399999999973,183.95159616122896
4.46599999999973,183.15506495374143
4.46799999999973,182.3596549383899
4.46999999999973,181.56538551603143
4.4719999999997295,180.77223212870723
4.473999999999729,179.9801919033756
4.475999999999729,179.18926211396877
4.477999999999729,178.39946192346258
4.479999999999729,177.6107672369776
4.481999999999728,176.82317527184244
4.483999999999728,176.03668321916444
4.485999999999728,175.25131020201377
4.487999999999728,174.46703243879477
4.4899999999997275,173.68384715215234
4.491999999999727,172.90175175750812
4.493999999999727,172.1207651209379
4.495999999999727,171.34086388366404
4.497999999999727,170.56204523918433
4.499999999999726,169.7843279522844
4.501999999999726,169.00768886546837
4.503999999999726,168.23212518551617
4.505999999999726,167.4576556173713
4.507999999999726,166.68423607534498
4.509999999999725,165.91190540421468
4.511999999999725,165.1406618856833
4.513999999999725,164.37046185983633
4.515999999999725,163.60134364677634
4.5179999999997245,162.8332849938941
4.519999999999724,162.06630407025978
4.521999999999724,161.30035767178822
4.523999999999724,160.53548397156237
4.525999999999724,159.77168141868668
4.527999999999723,159.00890720456323
4.529999999999723,158.2471989852
4.531999999999723,157.4865552951789
4.533999999999723,156.7269337355582
4.5359999999997225,155.9683716173961
4.537999999999722,155.21084731059773
4.539999999999722,154.45437859284533
4.541999999999722,153.698943806437
4.543999999999722,152.94454043648312
4.545999999999721,152.19118628761737
4.547999999999721,151.43883994737945
4.549999999999721,150.6875381329404
4.551999999999721,149.93727962802842
4.5539999999997205,149.188043035857
4.55599999999972,148.4398258725368
4.55799999999972,147.69262596485657
4.55999999999972,146.94646078572583
4.56199999999972,146.20130949760147
4.563999999999719,145.45718921520483
4.565999999999719,144.71407909454973
4.567999999999719,143.97197675645214
4.569999999999719,143.2308801115708
4.5719999999997185,142.49080633134287
4.573999999999718,141.7517351020498
4.575999999999718,141.01368317289848
4.577999999999718,140.27663016829075
4.579999999999718,139.54057377583325
4.581999999999717,138.80551193725034
4.583999999999717,138.0714615793874
4.585999999999717,137.338421517244
4.587999999999717,136.6063527517099
4.5899999999997165,135.87528960941978
4.591999999999716,135.1452310608966
4.593999999999716,134.41613862348805
4.595999999999716,133.6880647600433
4.597999999999716,132.96095389386767
4.599999999999715,132.23483968248803
4.601999999999715,131.50970278587914
4.603999999999715,130.78555938552972
4.605999999999715,130.06239001637647
4.6079999999997145,129.34019251908506
4.609999999999714,128.61898312300497
4.611999999999714,127.8987426312068
4.613999999999714,127.17946891618084
4.615999999999714,126.46117808000707
4.6179999999997134,125.74386905407329
4.619999999999713,125.02756130340026
4.621999999999713,124.31213156866897
4.623999999999713,123.59769794232614
4.625999999999713,122.88423295821565
4.627999999999712,122.1717293380371
4.629999999999712,121.46018233160942
4.631999999999712,120.74960620282803
4.633999999999712,120.03999916678191
4.6359999999997115,119.33134212261768
4.637999999999711,118.6236326199878
4.639999999999711,117.91688590009971
4.641999999999711,117.2110837366028
4.643999999999711,116.50622402173065
4.64599999999971,115.80232213299826
4.64799999999971,115.09936004752245
4.64999999999971,114.39735261392087
4.65199999999971,113.69631425974609
4.6539999999997095,112.99617081512997
4.655999999999709,112.29697253581583
4.657999999999709,111.59871231940605
4.659999999999709,110.90140219474995
4.661999999999709,110.20502294744813
4.663999999999708,109.50958832858754
4.665999999999708,108.81508032441923
4.667999999999708,108.12149663725876
4.669999999999708,107.428851876554
4.6719999999997075,106.7371287436344
4.673999999999707,106.04634159438325
4.675999999999707,105.35648947597196
4.677999999999707,104.6675385837961
4.679999999999707,103.97951842949453
4.681999999999706,103.29242841408092
4.683999999999706,102.6062513713299
4.685999999999706,101.92098517124657
4.687999999999706,101.23664410204947
4.6899999999997055,100.55322740295094
4.691999999999705,99.87070207473221
4.693999999999705,99.18911277189716
4.695999999999705,98.50841231228338
4.697999999999705,97.82864493842999
4.699999999999704,97.14976372084294
4.701999999999704,96.47179692165543
4.703999999999704,95.79474395048857
4.705999999999704,95.11858818189938
4.7079999999997035,94.44332756579229
4.709999999999703,93.76897587125791
4.711999999999703,93.09553234892888
4.713999999999703,92.4229651011886
4.715999999999703,91.75131720591219
4.717999999999702,91.08055852115587
4.719999999999702,90.41069627405847
4.721999999999702,89.74175980164455
4.723999999999702,89.07376066066308
4.7259999999997016,88.40668800249352
4.727999999999701,87.74050068077838
4.729999999999701,87.07523339257591
4.731999999999701,86.41085184360702
4.733999999999701,85.74735084944018
4.7359999999997004,85.08474179064063
4.7379999999997,84.42300816338587
4.7399999999997,83.7621623248836
4.7419999999997,83.10218852631402
4.7439999999997,82.4430993737135
4.745999999999699,81.78487937729079
4.747999999999699,81.12752654301278
4.749999999999699,80.47106834731858
4.751999999999699,79.81546153044775
4.7539999999996985,79.16074622507705
4.755999999999698,78.50687962580406
4.757999999999698,77.85393548431347
4.759999999999698,77.20177061676583
4.761999999999698,76.550513243338
4.763999999999697,75.90010515581082
4.765999999999697,75.25058295164058
4.767999999999697,74.60190329826014
4.769999999999697,73.95410450679577
4.7719999999996965,73.30715858284356
4.773999999999696,72.66106313587846
4.775999999999696,72.01583022097856
4.777999999999696,71.37144530387138
4.779999999999696,70.72792034796123
4.781999999999695,70.08525457569817
4.783999999999695,69.4434332148819
4.785999999999695,68.8024542772007
4.787999999999695,68.16232974107555
4.7899999999996945,67.52305901003825
4.791999999999694,66.884627517333
4.793999999999694,66.24703327320566
4.795999999999694,65.61030160354892
4.797999999999694,64.97439246792095
4.799999999999693,64.33934290798419
4.801999999999693,63.70511329604335
4.803999999999693,63.07174049545864
4.805999999999693,62.439198385194516
4.8079999999996925,61.80748483034398
4.809999999999692,61.17661129928064
4.811999999999692,60.54658084089124
4.813999999999692,59.91738609513527
4.815999999999692,59.2889988544689
4.817999999999691,58.66143550793532
4.819999999999691,58.034712638452106
4.821999999999691,57.40881337038792
4.823999999999691,56.7837470001615
4.8259999999996905,56.159511876174236
4.82799999999969,55.5360938328393
4.82999999999969,54.9134906211562
4.83199999999969,54.2917132391911
4.83399999999969,53.670761084400624
4.835999999999689,53.050620646019865
4.837999999999689,52.43130246281544
4.839999999999689,51.812805773629975
4.841999999999689,51.19511710170241
4.8439999999996886,50.57823448826343
4.845999999999688,49.96216879214148
4.847999999999688,49.346919399134606
4.849999999999688,48.7324730521338
4.851999999999688,48.11884017694081
4.8539999999996875,47.506007749690866
4.855999999999687,46.89398615216669
4.857999999999687,46.28277470650221
4.859999999999687,45.67236033048869
4.861999999999687,45.062753115268606
4.863999999999686,44.453940307895834
4.865999999999686,43.84593213341532
4.867999999999686,43.23872787487676
4.869999999999686,42.63231460157965
4.8719999999996855,42.026702307118796
4.873999999999685,41.421878419212305
4.875999999999685,40.81785290801139
4.877999999999685,40.214625112830845
4.879999999999685,39.61218236535382
4.881999999999684,39.01053447624105
4.883999999999684,38.40966898544326
4.885999999999684,37.809595730559295
4.887999999999684,37.210314084822244
4.8899999999996835,36.61181150806425
4.891999999999683,36.01409757930139
4.893999999999683,35.4171602111922
4.895999999999683,34.82100900744882
4.897999999999683,34.22564325963759
4.899999999999682,33.63105073719714
4.901999999999682,33.03724081375657
4.903999999999682,32.44420158883196
4.905999999999682,31.85194245528868
4.9079999999996815,31.260462731683162
4.909999999999681,30.669750361121203
4.911999999999681,30.079814547316346
4.913999999999681,29.490654616276174
4.915999999999681,28.90225859022388
4.91799999999968,28.314635482540154
4.91999999999968,27.727784634238503
4.92199999999968,27.14169420700557
4.92399999999968,26.556373162050875
4.9259999999996795,25.971809944380254
4.927999999999679,25.388013637075744
4.929999999999679,24.80498358669638
4.931999999999679,24.222708151317477
4.933999999999679,23.641196191059066
4.935999999999678,23.06044697882504
4.937999999999678,22.480448925207895
4.939999999999678,21.901210745413664
4.941999999999678,21.32272127409624
4.9439999999996775,20.744999721952468
4.945999999999677,20.168025303386173
4.947999999999677,19.59179596287646
4.949999999999677,19.01632044496654
4.951999999999677,18.441598155261715
4.953999999999676,17.867628182155556
4.955999999999676,17.294399176148545
4.957999999999676,16.721919554485225
4.959999999999676,16.150178470204935
4.961999999999676,15.57918433981996
4.963999999999675,15.008936448660052
4.965999999999675,14.439423853240555
4.967999999999675,13.870654855799273
4.969999999999675,13.302628698862407
4.9719999999996745,12.73534442726077
4.973999999999674,12.168791072811871
4.975999999999674,11.60297668346152
4.977999999999674,11.037890687417928
4.979999999999674,10.473541266161817
4.981999999999673,9.909927744685035
4.983999999999673,9.347049187712685
4.985999999999673,8.784894889817735
4.987999999999673,8.223472659973709
4.9899999999996725,7.66277223029789
4.991999999999672,7.102801480357414
4.993999999999672,6.543559785720163
4.995999999999672,5.98504625183449
4.997999999999672,5.4272502467329105
4.999999999999671,4.870179582634364
5.001999999999671,4.313833450857601
5.003999999999671,3.7582015807490734
5.005999999999671,3.2032915851454504
5.0079999999996705,2.6491027198815686
5.00999999999967,2.0956340463536662
5.01199999999967,1.542875329748881
5.01399999999967,0.9908339671795829
5.01599999999967,0.4395001598209092
5.017999999999669,-0.11111859182955186
5.019999999999669,-0.6610229407565953
5.021999999999669,-1.210213823320089
5.023999999999669,-1.7587012552465353
5.0259999999996685,-2.3064779449395587
5.027999999999668,-2.8535447153629434
5.029999999999668,-3.3999024152403763
5.031999999999668,-3.9455610386863214
5.033999999999668,-4.490513360470629
5.035999999999667,-5.034760145527969
5.037999999999667,-5.578311108808975
5.039999999999667,-6.121144008123281
5.041999999999667,-6.6633053809005105
5.0439999999996665,-7.204766152361572
5.045999999999666,-7.7455232182445
5.047999999999666,-8.285579289123064
5.049999999999666,-8.824936491276503
5.051999999999666,-9.36360485599414
5.053999999999665,-9.90156915568383
5.055999999999665,-10.43885522711264
5.057999999999665,-10.975440080299563
5.059999999999665,-11.511340577603221
5.0619999999996645,-12.046549960767152
5.063999999999664,-12.581069125842589
5.065999999999664,-13.114899032807386
5.067999999999664,-13.648048949291649
5.069999999999664,-14.180512198534302
5.0719999999996634,-14.712289557415716
5.073999999999663,-15.24339012000786
5.075999999999663,-15.77380729029403
5.077999999999663,-16.303541796902323
5.079999999999663,-16.832594579982924
5.081999999999662,-17.360974648836475
5.083999999999662,-17.888667575121474
5.085999999999662,-18.41569754220717
5.087999999999662,-18.942042933574783
5.0899999999996615,-19.467711699508357
5.091999999999661,-19.992712886556376
5.093999999999661,-20.517040207241905
5.095999999999661,-21.04070226294141
5.097999999999661,-21.56368490167057
5.09999999999966,-22.086003842457103
5.10199999999966,-22.607653024094247
5.10399999999966,-23.128633322063592
5.10599999999966,-23.648953369031688
5.1079999999996595,-24.168606938449955
5.109999999999659,-24.687594833149205
5.111999999999659,-25.205917919484875
5.113999999999659,-25.723577245841398
5.115999999999659,-26.24058133017735
5.117999999999658,-26.75692419631389
5.119999999999658,-27.27260658336303
5.121999999999658,-27.7876294339556
5.123999999999658,-28.302001131367035
5.1259999999996575,-28.81571573188137
5.127999999999657,-29.328774035564038
5.129999999999657,-29.841176940942262
5.131999999999657,-30.35293266255576
5.133999999999657,-30.864028231368593
5.135999999999656,-31.37447836171674
5.137999999999656,-31.884277530578174
5.139999999999656,-32.39343359302512
5.141999999999656,-32.90193376257588
5.1439999999996555,-33.40979255533688
5.145999999999655,-33.91700444323493
5.147999999999655,-34.42357724326172
5.149999999999655,-34.92949831331765
5.151999999999655,-35.43478196045663
5.153999999999654,-35.93941582407041
5.155999999999654,-36.44342109448496
5.157999999999654,-36.94677902152
5.159999999999654,-37.449496781632945
5.1619999999996535,-37.951582207990555
5.163999999999653,-38.45302983606143
5.165999999999653,-38.953840584574266
5.167999999999653,-39.45401538025175
5.169999999999653,-39.95356177202052
5.171999999999652,-40.452467870800035
5.173999999999652,-40.950747342129034
5.175999999999652,-41.44839501620123
5.177999999999652,-41.94541828322315
5.1799999999996515,-42.44180537674242
5.181999999999651,-42.93756974481073
5.183999999999651,-43.43270631546335
5.185999999999651,-43.9272159168662
5.187999999999651,-44.42109950189018
5.1899999999996504,-44.91435811051048
5.19199999999965,-45.406998920776005
5.19399999999965,-45.89901068014626
5.19599999999965,-46.3904064503933
5.19799999999965,-46.8811875640518
5.199999999999649,-47.371342723331395
5.201999999999649,-47.86087864456647
5.203999999999649,-48.34980248062118
5.205999999999649,-48.83810933656571
5.2079999999996485,-49.32580011421982
5.209999999999648,-49.81287576329112
5.211999999999648,-50.2993371151569
5.213999999999648,-50.785191250658954
5.215999999999648,-51.2704333102634
5.217999999999647,-51.75505824305003
5.219999999999647,-52.23907852222192
5.221999999999647,-52.7224953854826
5.223999999999647,-53.205298300401694
5.2259999999996465,-53.68749940784926
5.227999999999646,-54.169088494919436
5.229999999999646,-54.650077675919874
5.231999999999646,-55.13046241619429
5.233999999999646,-55.610243584703824
5.235999999999645,-56.08942779785173
5.237999999999645,-56.56800483955169
5.239999999999645,-57.04598670385167
5.241999999999645,-57.52336333691795
5.2439999999996445,-58.00014659521332
5.245999999999644,-58.476332074089896
5.247999999999644,-58.951926124077715
5.249999999999644,-59.42691891241526
5.251999999999644,-59.90132200202032
5.253999999999643,-60.37512577465793
5.255999999999643,-60.84834165164551
5.257999999999643,-61.32096542505661
5.259999999999643,-61.79299794900214
5.2619999999996425,-62.26444018069185
5.263999999999642,-62.7352982418123
5.265999999999642,-63.2055627771727
5.267999999999642,-63.675244935716364
5.269999999999642,-64.14434055536162
5.271999999999641,-64.61285051275007
5.273999999999641,-65.08077578782633
5.275999999999641,-65.54811729524567
5.277999999999641,-66.01487600736988
5.2799999999996405,-66.48105771462713
5.28199999999964,-66.94665845681021
5.28399999999964,-67.41167421038324
5.28599999999964,-67.8761157047565
5.28799999999964,-68.33997892956648
5.289999999999639,-68.80326487808594
5.291999999999639,-69.26597921624943
5.293999999999639,-69.72811331740263
5.295999999999639,-70.18967283200266
5.2979999999996386,-70.65066338583676
5.299999999999638,-71.11108119344414
5.301999999999638,-71.5709271514346
5.303999999999638,-72.0301975613047
5.305999999999638,-72.48890718740569
5.3079999999996375,-72.94704301201892
5.309999999999637,-73.40461067538047
5.311999999999637,-73.86161554023442
5.313999999999637,-74.31804948715433
5.315999999999637,-74.77392238509219
5.317999999999636,-75.22922628879923
5.319999999999636,-75.6839708973178
5.321999999999636,-76.13815261856286
5.323999999999636,-76.59177240129333
5.3259999999996355,-77.04483543946469
5.327999999999635,-77.49733395039874
5.329999999999635,-77.94927326739332
5.331999999999635,-78.40065847718938
5.333999999999635,-78.85148198808861
5.335999999999634,-79.30175310122075
5.337999999999634,-79.75146842504984
5.339999999999634,-80.2006288273073
5.341999999999634,-80.64923527074961
5.3439999999996335,-81.0972887377012
5.345999999999633,-81.5447899757965
5.347999999999633,-81.99173994793858
5.349999999999633,-82.43813951489608
5.351999999999633,-82.88399344109763
5.353999999999632,-83.3292946702478
5.355999999999632,-83.77405203039035
5.357999999999632,-84.21826226385491
5.359999999999632,-84.66192264306835
5.3619999999996315,-85.10504177478566
5.363999999999631,-85.54761644342454
5.365999999999631,-85.98964759413093
5.367999999999631,-86.43113607682164
5.369999999999631,-86.87208642358178
5.37199999999963,-87.31249206193297
5.37399999999963,-87.75235786229837
5.37599999999963,-88.1916880946327
5.37799999999963,-88.63047625698078
5.3799999999996295,-89.06873057232883
5.381999999999629,-89.50644470657147
5.383999999999629,-89.94362668489475
5.385999999999629,-90.38027361278523
5.387999999999629,-90.81638635212829
5.389999999999628,-91.25196581481293
5.391999999999628,-91.68701293189616
5.393999999999628,-92.12152857942317
5.395999999999628,-92.55551355846188
5.3979999999996275,-92.98896873209878
5.399999999999627,-93.42189491635145
5.401999999999627,-93.85429608173735
5.403999999999627,-94.28616650352797
5.405999999999627,-94.71751376910129
5.407999999999626,-95.14833205253473
5.409999999999626,-95.57862878328677
5.411999999999626,-96.00839830770519
5.413999999999626,-96.4376479588596
5.415999999999626,-96.86637504033666
5.417999999999625,-97.29457763032292
5.419999999999625,-97.72226279578263
5.421999999999625,-98.14942790682369
5.423999999999625,-98.57607388366114
5.4259999999996245,-99.0022016060799
5.427999999999624,-99.42781202923601
5.429999999999624,-99.8529058831387
5.431999999999624,-100.27748400083675
5.433999999999624,-100.70154992713339
5.435999999999623,-101.12509862132049
5.437999999999623,-101.54813428371841
5.439999999999623,-101.97065766849073
5.441999999999623,-102.39267202489634
5.4439999999996225,-102.81417250405553
5.445999999999622,-103.2351633216607
5.447999999999622,-103.65564753685203
5.449999999999622,-104.07562042898849
5.451999999999622,-104.4950884401103
5.453999999999621,-104.91404924803425
5.455999999999621,-105.3325015375994
5.457999999999621,-105.75045142495975
5.459999999999621,-106.16789431094503
5.4619999999996205,-106.58483626343036
5.46399999999962,-107.0012750171216
5.46599999999962,-107.41721160981984
5.46799999999962,-107.83264472797947
5.46999999999962,-108.24758016393656
5.471999999999619,-108.66201561151883
5.473999999999619,-109.07595207534189
5.475999999999619,-109.48939040248234
5.477999999999619,-109.90231713873703
5.4799999999996185,-110.31474071304348
5.481999999999618,-110.72669259398344
5.483999999999618,-111.13816086772857
5.485999999999618,-111.54914357572096
5.487999999999618,-111.95963517093924
5.489999999999617,-112.36963496205851
5.491999999999617,-112.77914322111178
5.493999999999617,-113.1881621481175
5.495999999999617,-113.59668824807125
5.4979999999996165,-114.00472519295118
5.499999999999616,-114.41227345543865
5.501999999999616,-114.81933374899893
5.503999999999616,-115.22590681164507
5.505999999999616,-115.63199338670938
5.507999999999615,-116.03759427851469
5.509999999999615,-116.44271017087596
5.511999999999615,-116.84734190331079
5.513999999999615,-117.25149014168028
5.5159999999996145,-117.65515720861583
5.517999999999614,-118.05834010082299
5.519999999999614,-118.46104227333399
5.521999999999614,-118.86326431121233
5.523999999999614,-119.26500678588042
5.525999999999613,-119.66627045628036
5.527999999999613,-120.06705600827604
5.529999999999613,-120.46736426943033
5.531999999999613,-120.86719706681328
5.533999999999613,-121.26652996988639
5.535999999999612,-121.66536058363215
5.537999999999612,-122.06369678781687
5.539999999999612,-122.46154360763364
5.541999999999612,-122.85891000831896
5.5439999999996115,-123.25580104095195
5.545999999999611,-123.65221666693094
5.547999999999611,-124.04816119391808
5.549999999999611,-124.44363669337997
5.551999999999611,-124.8386412867336
5.55399999999961,-125.23317825996492
5.55599999999961,-125.62724807288436
5.55799999999961,-126.02085211688268
5.55999999999961,-126.4139885226324
5.5619999999996095,-126.80666036782367
5.563999999999609,-127.19886803180947
5.565999999999609,-127.59061279875027
5.567999999999609,-127.9818929179682
5.569999999999609,-128.37271143477835
5.571999999999608,-128.76306867853998
5.573999999999608,-129.15296525539685
5.575999999999608,-129.54240182361917
5.577999999999608,-129.9313790973643
5.5799999999996075,-130.3198976934927
5.581999999999607,-130.70795845615464
5.583999999999607,-131.09556197145287
5.585999999999607,-131.4827090515413
5.587999999999607,-131.86940032352294
5.589999999999606,-132.25563629608422
5.591999999999606,-132.64141938866766
5.593999999999606,-133.02674823204433
5.595999999999606,-133.41162386811544
5.5979999999996055,-133.79604692343838
5.599999999999605,-134.18001987697238
5.601999999999605,-134.5635412047303
5.603999999999605,-134.94661347756778
5.605999999999605,-135.3292354804019
5.607999999999604,-135.71140975121727
5.609999999999604,-136.09313518158774
5.611999999999604,-136.47441417794255
5.613999999999604,-136.85524583208723
5.6159999999996035,-137.23563250835144
5.617999999999603,-137.61557438468708
5.619999999999603,-137.99507186704454
5.621999999999603,-138.37412453375129
5.623999999999603,-138.75273480887546
5.625999999999602,-139.13090306317798
5.627999999999602,-139.5086297706751
5.629999999999602,-139.88591557268558
5.631999999999602,-140.26276103557944
5.6339999999996015,-140.63916728520917
5.635999999999601,-141.01513557906975
5.637999999999601,-141.39066485321013
5.639999999999601,-141.76575667139986
5.641999999999601,-142.1404123164158
5.6439999999996004,-142.5146315164656
5.6459999999996,-142.88841561433696
5.6479999999996,-143.2617645268088
5.6499999999996,-143.63467958665234
5.6519999999996,-144.00716079813355
5.653999999999599,-144.37921020022475
5.655999999999599,-144.75082789561617
5.657999999999599,-145.1220143623076
5.659999999999599,-145.49277006817022
5.6619999999995985,-145.86309574459477
5.663999999999598,-146.23299194393337
5.665999999999598,-146.60245933554006
5.667999999999598,-146.9714994826315
5.669999999999598,-147.34011280839576
5.671999999999597,-147.7082984743393
5.673999999999597,-148.0760585902604
5.675999999999597,-148.44339457674823
5.677999999999597,-148.8103053692153
5.6799999999995965,-149.17679177114934
5.681999999999596,-149.54285567458732
5.683999999999596,-149.90849724219498
5.685999999999596,-150.27371680093887
5.687999999999596,-150.6385149332014
5.689999999999595,-151.00289222460628
5.691999999999595,-151.36684927372374
5.693999999999595,-151.73038678265317
5.695999999999595,-152.09350662908287
5.6979999999995945,-152.4562085353058
5.699999999999594,-152.81849328779862
5.701999999999594,-153.18036236679654
5.703999999999594,-153.541814224498
5.705999999999594,-153.90285042368805
5.707999999999593,-154.2634726033562
5.709999999999593,-154.62368083328954
5.711999999999593,-154.98347551205092
5.713999999999593,-155.34285717854095
5.7159999999995925,-155.70182800656028
5.717999999999592,-156.06038714423806
5.719999999999592,-156.41853580467205
5.721999999999592,-156.77627349600647
5.723999999999592,-157.13360177052022
5.725999999999591,-157.4905220224128
5.727999999999591,-157.84703418399226
5.729999999999591,-158.20313854990872
5.731999999999591,-158.55883561491987
5.7339999999995905,-158.91412589229157
5.73599999999959,-159.26901006742048
5.73799999999959,-159.62348860311653
5.73999999999959,-159.9775642485269
5.74199999999959,-160.33123750644944
5.743999999999589,-160.68450595096738
5.745999999999589,-161.03737184817794
5.747999999999589,-161.38983650585567
5.749999999999589,-161.74189988495368
5.7519999999995886,-162.0935623293068
5.753999999999588,-162.4448243039571
5.755999999999588,-162.7956885636395
5.757999999999588,-163.14615323593705
5.759999999999588,-163.49622038817068
5.7619999999995875,-163.84589091491995
5.763999999999587,-164.19516226666178
5.765999999999587,-164.5440373323662
5.767999999999587,-164.8925173239369
5.769999999999587,-165.24060464171652
5.771999999999586,-165.58829671340732
5.773999999999586,-165.93559334064855
5.775999999999586,-166.28249810415264
5.777999999999586,-166.6290088880301
5.7799999999995855,-166.97512830074083
5.781999999999585,-167.3208572049889
5.783999999999585,-167.66619536883195
5.785999999999585,-168.01114294432227
5.787999999999585,-168.35570309171356
5.789999999999584,-168.69987302277258
5.791999999999584,-169.0436526730948
5.793999999999584,-169.3870461411875
5.795999999999584,-169.73005360567015
5.7979999999995835,-170.0726746492772
5.799999999999583,-170.41490937189826
5.801999999999583,-170.75675814971748
5.803999999999583,-171.09822145875353
5.805999999999583,-171.4393027715853
5.807999999999582,-171.7799989863468
5.809999999999582,-172.1203132445272
5.811999999999582,-172.46024595341686
5.813999999999582,-172.79979684321688
5.8159999999995815,-173.13896607635485
5.817999999999581,-173.47775395768082
5.819999999999581,-173.8161642190734
5.821999999999581,-174.1541933171332
5.823999999999581,-174.49184465774113
5.82599999999958,-174.82911856755402
5.82799999999958,-175.16601472383763
5.82999999999958,-175.50253322666168
5.83199999999958,-175.83867448918363
5.8339999999995795,-176.17443896797732
5.835999999999579,-176.5098305971012
5.837999999999579,-176.84484896786427
5.839999999999579,-177.17948981961223
5.841999999999579,-177.51375764180375
5.843999999999578,-177.84765298076644
5.845999999999578,-178.1811791690182
5.847999999999578,-178.5143316409837
5.849999999999578,-178.847114289932
5.8519999999995775,-179.1795270788839
5.853999999999577,-179.51156584073402
5.855999999999577,-179.84323559565433
5.857999999999577,-180.17454053349996
5.859999999999577,-180.50547538835582
5.861999999999576,-180.8360441026939
5.863999999999576,-181.16624258368688
5.865999999999576,-181.49607546454774
5.867999999999576,-181.8255427991475
5.869999999999576,-182.15464424815457
5.871999999999575,-182.48337985791647
5.873999999999575,-182.81175402671283
5.875999999999575,-183.1397657753427
5.877999999999575,-183.46741014152656
5.8799999999995745,-183.79469253662018
5.881999999999574,-184.12161305726903
5.883999999999574,-184.44817564756494
5.885999999999574,-184.77437469136294
5.887999999999574,-185.10021489158373
5.889999999999573,-185.42569588149985
5.891999999999573,-185.75081709768097
5.893999999999573,-186.07557854993905
5.895999999999573,-186.39998046944788
5.8979999999995725,-186.72402325474377
5.899999999999572,-187.04771194116478
5.901999999999572,-187.3710453349389
5.903999999999572,-187.69402251311988
5.905999999999572,-188.01664328497077
5.907999999999571,-188.33890780568834
5.909999999999571,-188.66082104131397
5.911999999999571,-188.98238180865349
5.913999999999571,-189.3035890686291
5.9159999999995705,-189.62444259651352
5.91799999999957,-189.94494251998424
5.91999999999957,-190.26508924668354
5.92199999999957,-190.58488797890305
5.92399999999957,-190.90433737769928
5.925999999999569,-191.22343645481948
5.927999999999569,-191.542184928079
5.929999999999569,-191.86058296055
5.931999999999569,-192.17863590755758
5.9339999999995685,-192.49633720711472
5.935999999999568,-192.81369278364383
5.937999999999568,-193.1307019430584
5.939999999999568,-193.44736404947503
5.941999999999568,-193.76368412487318
5.943999999999567,-194.07966036873114
5.945999999999567,-194.39528643887246
5.947999999999567,-194.7105692351401
5.949999999999567,-195.0255136457692
5.9519999999995665,-195.34011175890498
5.953999999999566,-195.6543694109365
5.955999999999566,-195.9682802083605
5.957999999999566,-196.2818508554933
5.959999999999566,-196.59508604539576
5.961999999999565,-196.90797753020632
5.963999999999565,-197.22053129110316
5.965999999999565,-197.53274059573926
5.967999999999565,-197.84461240309304
5.9699999999995645,-198.15614592944019
5.971999999999564,-198.46734608423344
5.973999999999564,-198.77820481844316
5.975999999999564,-199.0887286939623
5.977999999999564,-199.39891653901714
5.979999999999563,-199.70876753963978
5.981999999999563,-200.01828726883338
5.983999999999563,-200.3274677422973
5.985999999999563,-200.63631577963906
5.987999999999563,-200.94483031788474
5.989999999999562,-201.25301045251877
5.991999999999562,-201.56086189969176
5.993999999999562,-201.86838238695043
5.995999999999562,-202.17556454588248
5.9979999999995615,-202.48241641821875
5.999999999999561,-202.78894327775498
