time,value
0.0,1985.8535742524502
0.002,1964.8178498568677
0.004,1954.8294996223067
0.006,2119.721159597036
0.008,2163.305627151719
0.01,2176.0945729682176
0.012,2178.630699381228
0.014,2177.966136136715
0.016,2176.68634214027
0.018000000000000002,2175.5947443809355
0.020000000000000004,2174.8147510145654
0.022000000000000006,2174.2707656218754
0.024000000000000007,2173.866502920442
0.02600000000000001,2173.534322887676
0.02800000000000001,2173.2358793859153
0.030000000000000013,2172.9530373267676
0.032000000000000015,2172.67822298282
0.034000000000000016,2172.408928521412
0.03600000000000002,2172.144739904707
0.03800000000000002,2171.885680900228
0.04000000000000002,2171.6321070282083
0.04200000000000002,2171.3840383277034
0.044000000000000025,2171.141494036874
0.04600000000000003,2170.90460492383
0.04800000000000003,2170.673165368304
0.05000000000000003,2170.4471930239006
0.05200000000000003,2170.226705155728
0.054000000000000034,2170.0113812001773
0.056000000000000036,2169.801349337962
0.05800000000000004,2169.596399699122
0.06000000000000004,2169.3965468546944
0.06200000000000004,2169.201579257192
0.06400000000000004,2169.0115102254395
0.06600000000000004,2168.82612660212
0.06800000000000005,2168.645440550075
0.07000000000000005,2168.4692373991584
0.07200000000000005,2168.2976415602343
0.07400000000000005,2168.130210332999
0.07600000000000005,2167.967180554101
0.07800000000000006,2167.808221450925
0.08000000000000006,2167.6533421082963
0.08200000000000006,2167.5023238949625
0.08400000000000006,2167.3552888240865
0.08600000000000006,2167.2119034116577
0.08800000000000006,2167.0721750477624
0.09000000000000007,2166.9361109016686
0.09200000000000007,2166.80337569741
0.09400000000000007,2166.6740898495436
0.09600000000000007,2166.5480311874667
0.09800000000000007,2166.42520546442
0.10000000000000007,2166.305503943394
0.10200000000000008,2166.188931774748
0.10400000000000008,2166.075265215826
0.10600000000000008,2165.964394503203
0.10800000000000008,2165.8563241115744
0.11000000000000008,2165.750943742412
0.11200000000000009,2165.648142777559
0.11400000000000009,2165.547810309777
0.11600000000000009,2165.449949899266
0.11800000000000009,2165.3544501920924
0.12000000000000009,2165.261314430023
0.1220000000000001,2165.170315953697
0.1240000000000001,2165.0815725552447
0.12600000000000008,2164.9948571025993
0.12800000000000009,2164.9101721726056
0.1300000000000001,2164.8274051810226
0.1320000000000001,2164.7465584472643
0.1340000000000001,2164.6676342349306
0.1360000000000001,2164.5904043417722
0.1380000000000001,2164.5148707202316
0.1400000000000001,2164.441035250336
0.1420000000000001,2164.3688997711547
0.1440000000000001,2164.298235382988
0.1460000000000001,2164.229159038989
0.1480000000000001,2164.1614415195895
0.1500000000000001,2164.0951996705694
0.1520000000000001,2164.030319451641
0.1540000000000001,2163.9668021937614
0.1560000000000001,2163.9045336520444
0.1580000000000001,2163.843515001064
0.16000000000000011,2163.783631791997
0.16200000000000012,2163.725000700492
0.16400000000000012,2163.667391497658
0.16600000000000012,2163.6109207927975
0.16800000000000012,2163.5554738393375
0.17000000000000012,2163.5010515107147
0.17200000000000013,2163.447538890926
0.17400000000000013,2163.395052550697
0.17600000000000013,2163.3434774653033
0.17800000000000013,2163.2928143763843
0.18000000000000013,2163.2429481185445
0.18200000000000013,2163.1938793346358
0.18400000000000014,2163.1456086322764
0.18600000000000014,2163.0981366201727
0.18800000000000014,2163.0513479113515
0.19000000000000014,2163.005359026752
0.19200000000000014,2162.9600544961822
0.19400000000000014,2162.9153187977995
0.19600000000000015,2162.8712684123684
0.19800000000000015,2162.827903803845
0.20000000000000015,2162.7851093369536
0.20200000000000015,2162.742885409952
0.20400000000000015,2162.7012324216553
0.20600000000000016,2162.6600345789457
0.20800000000000016,2162.6195245823887
0.21000000000000016,2162.5793542222823
0.21200000000000016,2162.5397562175526
0.21400000000000016,2162.5006146716732
0.21600000000000016,2162.4619298754906
0.21800000000000017,2162.4237021218487
0.22000000000000017,2162.385815394493
0.22200000000000017,2162.3483862457083
0.22400000000000017,2162.3114149429625
0.22600000000000017,2162.274669036123
0.22800000000000017,2162.238381462234
0.23000000000000018,2162.2024360657006
0.23200000000000018,2162.1668330655148
0.23400000000000018,2162.131572665396
0.23600000000000018,2162.0966550584353
0.23800000000000018,2162.0620804454798
0.24000000000000019,2162.027732540563
0.2420000000000002,2161.993611495437
0.2440000000000002,2161.959833966562
0.2460000000000002,2161.926283600243
0.2480000000000002,2161.893077075513
0.25000000000000017,2161.8599814479344
0.25200000000000017,2161.827229973532
0.25400000000000017,2161.7947062192416
0.25600000000000017,2161.762293704676
0.2580000000000002,2161.730225777304
0.2600000000000002,2161.698269298603
0.2620000000000002,2161.6665410224846
0.2640000000000002,2161.6350410565537
0.2660000000000002,2161.6037695262607
0.2680000000000002,2161.572493126537
0.2700000000000002,2161.5415620779972
0.2720000000000002,2161.5107430360845
0.2740000000000002,2161.48003607828
0.2760000000000002,2161.449558051432
0.2780000000000002,2161.419192265815
0.2800000000000002,2161.388938798368
0.2820000000000002,2161.358797711938
0.2840000000000002,2161.328885908308
0.2860000000000002,2161.299086626913
0.2880000000000002,2161.2693999346666
0.2900000000000002,2161.239709024205
0.2920000000000002,2161.210247686492
0.2940000000000002,2161.1808990961013
0.2960000000000002,2161.151663324
0.2980000000000002,2161.1225404271404
0.3000000000000002,2161.0935304575564
0.3020000000000002,2161.064633476616
0.3040000000000002,2161.0357325694335
0.3060000000000002,2161.0070617393126
0.3080000000000002,2160.9783870482815
0.3100000000000002,2160.9498255517888
0.3120000000000002,2160.921260258812
0.3140000000000002,2160.8929252866888
0.3160000000000002,2160.86458658283
0.3180000000000002,2160.8363612501475
0.32000000000000023,2160.8081322500375
0.32200000000000023,2160.7800166995166
0.32400000000000023,2160.7518975270746
0.32600000000000023,2160.7240090094947
0.32800000000000024,2160.6959997884405
0.33000000000000024,2160.6681041733686
0.33200000000000024,2160.6403222054037
0.33400000000000024,2160.612536738357
0.33600000000000024,2160.5848649915215
0.33800000000000024,2160.557189790926
0.34000000000000025,2160.5296283787
0.34200000000000025,2160.5020635579626
0.34400000000000025,2160.474495342286
0.34600000000000025,2160.4470410056383
0.34800000000000025,2160.419583309872
0.35000000000000026,2160.3921222638282
0.35200000000000026,2160.3647751873405
0.35400000000000026,2160.337424786942
0.35600000000000026,2160.310071085706
0.35800000000000026,2160.2828314395906
0.36000000000000026,2160.2555885141996
0.36200000000000027,2160.228342327901
0.36400000000000027,2160.2010928896407
0.36600000000000027,2160.1739576050945
0.36800000000000027,2160.1468190853866
0.3700000000000003,2160.119677353682
0.3720000000000003,2160.092532409488
0.3740000000000003,2160.06550171737
0.3760000000000003,2160.0384678389255
0.3780000000000003,2160.0114307832246
0.3800000000000003,2159.984390563991
0.3820000000000003,2159.957347176083
0.3840000000000003,2159.9303006285318
0.3860000000000003,2159.903368466808
0.3880000000000003,2159.876433162106
0.3900000000000003,2159.849377160219
0.3920000000000003,2159.8224356022038
0.3940000000000003,2159.7954909189502
0.3960000000000003,2159.7686607184114
0.3980000000000003,2159.7417097969474
0.4000000000000003,2159.714755777474
0.4020000000000003,2159.687916294005
0.4040000000000003,2159.660956062393
0.4060000000000003,2159.634110407125
0.4080000000000003,2159.607261664937
0.4100000000000003,2159.580292147486
0.4120000000000003,2159.5534372549587
0.4140000000000003,2159.5265792886503
0.4160000000000003,2159.499718243487
0.4180000000000003,2159.472854138035
0.4200000000000003,2159.445986962487
0.4220000000000003,2159.4191167259514
0.4240000000000003,2159.392243428092
0.4260000000000003,2159.365367073288
0.4280000000000003,2159.3384876564196
0.4300000000000003,2159.311605181932
0.43200000000000033,2159.284719654176
0.43400000000000033,2159.2579489312116
0.43600000000000033,2159.2310572951023
0.43800000000000033,2159.2041626142013
0.44000000000000034,2159.1772648881893
0.44200000000000034,2159.150364111979
0.44400000000000034,2159.1234602852014
0.44600000000000034,2159.0966713415382
0.44800000000000034,2159.0697614022083
0.45000000000000034,2159.042848401766
0.45200000000000035,2159.0159323446014
0.45400000000000035,2158.989131218044
0.45600000000000035,2158.962209035957
0.45800000000000035,2158.935283800908
0.46000000000000035,2158.908473540379
0.46200000000000035,2158.8815421878517
0.46400000000000036,2158.854725850258
0.46600000000000036,2158.827788397967
0.46800000000000036,2158.800847895669
0.47000000000000036,2158.774022452349
0.47200000000000036,2158.7470758482436
0.47400000000000037,2158.720126197873
0.47600000000000037,2158.6932916457017
0.47800000000000037,2158.6663358962282
0.48000000000000037,2158.639495280666
0.4820000000000004,2158.61253344499
0.4840000000000004,2158.585568571006
0.4860000000000004,2158.558600658316
0.4880000000000004,2158.5317479175756
0.4900000000000004,2158.504773906454
0.4920000000000004,2158.4777968604385
0.4940000000000004,2158.4508167695926
0.4960000000000004,2158.4238336335707
0.4980000000000004,2158.3968474568865
0.5000000000000003,2158.3698582343736
0.5020000000000003,2158.342865970505
0.5040000000000003,2158.3158706649183
0.5060000000000003,2158.2888723125407
0.5080000000000003,2158.261870917772
0.5100000000000003,2158.2348664851124
0.5120000000000003,2158.207859009401
0.5140000000000003,2158.180730090016
0.5160000000000003,2158.153716533022
0.5180000000000003,2158.1266999272034
0.5200000000000004,2158.0995618362035
0.5220000000000004,2158.072539137471
0.5240000000000004,2158.0453949162456
0.5260000000000004,2158.0183661232722
0.5280000000000004,2157.991215775314
0.5300000000000004,2157.9640623687565
0.5320000000000004,2157.9370244203606
0.5340000000000004,2157.90986487541
0.5360000000000004,2157.8827022756827
0.5380000000000004,2157.8555366111523
0.5400000000000004,2157.8283678767175
0.5420000000000004,2157.80119607207
0.5440000000000004,2157.774021201601
0.5460000000000004,2157.7468432602586
0.5480000000000004,2157.71966225245
0.5500000000000004,2157.692359529198
0.5520000000000004,2157.6651723884547
0.5540000000000004,2157.637982165806
0.5560000000000004,2157.6106701907597
0.5580000000000004,2157.5834738331855
0.5600000000000004,2157.5561556856787
0.5620000000000004,2157.5288344519213
0.5640000000000004,2157.501628870539
0.5660000000000004,2157.474301452637
0.5680000000000004,2157.4469709522646
0.5700000000000004,2157.4196373642594
0.5720000000000004,2157.392300678603
0.5740000000000004,2157.364960899826
0.5760000000000004,2157.3374992067183
0.5780000000000004,2157.3101532415503
0.5800000000000004,2157.2828041725456
0.5820000000000004,2157.2553331423796
0.5840000000000004,2157.227977880105
0.5860000000000004,2157.2005006238396
0.5880000000000004,2157.173020259282
0.5900000000000004,2157.145655688081
0.5920000000000004,2157.118169085677
0.5940000000000004,2157.090679364242
0.5960000000000004,2157.0631865283426
0.5980000000000004,2157.035690572731
0.6000000000000004,2157.0080725071543
0.6020000000000004,2156.9805702974627
0.6040000000000004,2156.953064947556
0.6060000000000004,2156.925437426035
0.6080000000000004,2156.8979257956767
0.6100000000000004,2156.8704110143253
0.6120000000000004,2156.8427740239626
0.6140000000000004,2156.815252960018
0.6160000000000004,2156.7876096490645
0.6180000000000004,2156.759963182569
0.6200000000000004,2156.7324326778817
0.6220000000000004,2156.7047798886524
0.6240000000000004,2156.6771239380178
0.6260000000000004,2156.6494648254893
0.6280000000000004,2156.6218025508147
0.6300000000000004,2156.594137108685
0.6320000000000005,2156.566468498827
0.6340000000000005,2156.5387967256943
0.6360000000000005,2156.511121788962
0.6380000000000005,2156.483443683392
0.6400000000000005,2156.45564315787
0.6420000000000005,2156.4279587241404
0.6440000000000005,2156.4001518274595
0.6460000000000005,2156.372461054444
0.6480000000000005,2156.344647790054
0.6500000000000005,2156.3169506713743
0.6520000000000005,2156.2891310329123
0.6540000000000005,2156.2613082146922
0.6560000000000005,2156.233482206483
0.6580000000000005,2156.205653007985
0.6600000000000005,2156.1778206187782
0.6620000000000005,2156.149985033702
0.6640000000000005,2156.1221462571734
0.6660000000000005,2156.0941848433454
0.6680000000000005,2156.066339683823
0.6700000000000005,2156.038491317147
0.6720000000000005,2156.0105202751847
0.6740000000000005,2155.982665518418
0.6760000000000005,2155.9546880529265
0.6780000000000005,2155.926707375541
0.6800000000000005,2155.8987234809283
0.6820000000000005,2155.870736363885
0.6840000000000005,2155.842746028888
0.6860000000000005,2155.8147524707274
0.6880000000000005,2155.786755688996
0.6900000000000005,2155.758755683343
0.6920000000000005,2155.7306328363447
0.6940000000000005,2155.702626392405
0.6960000000000005,2155.6746167135857
0.6980000000000005,2155.6464841405705
0.7000000000000005,2155.6183483384084
0.7020000000000005,2155.5903289741354
0.7040000000000005,2155.5621866725023
0.7060000000000005,2155.534041125887
0.7080000000000005,2155.5058923338756
0.7100000000000005,2155.4777402912664
0.7120000000000005,2155.4494652305366
0.7140000000000005,2155.421306681323
0.7160000000000005,2155.3931448754133
0.7180000000000005,2155.3648600031893
0.7200000000000005,2155.336691683541
0.7220000000000005,2155.3084002637693
0.7240000000000005,2155.2801055774003
0.7260000000000005,2155.2518076043784
0.7280000000000005,2155.2236262239317
0.7300000000000005,2155.19532168551
0.7320000000000005,2155.1670138691416
0.7340000000000005,2155.138582847451
0.7360000000000005,2155.1102684648818
0.7380000000000005,2155.0819507785004
0.7400000000000005,2155.053509848205
0.7420000000000005,2155.0251855884453
0.7440000000000005,2154.9967380408384
0.7460000000000006,2154.9684071863803
0.7480000000000006,2154.939953024913
0.7500000000000006,2154.911495553782
0.7520000000000006,2154.8830347676744
0.7540000000000006,2154.854570671131
0.7560000000000006,2154.826103253954
0.7580000000000006,2154.797632520591
0.7600000000000006,2154.7691584558565
0.7620000000000006,2154.7405609537113
0.7640000000000006,2154.712080230629
0.7660000000000006,2154.6835961601223
0.7680000000000006,2154.655108711978
0.7700000000000006,2154.626497728291
0.7720000000000006,2154.598003559057
0.7740000000000006,2154.5695060357443
0.7760000000000006,2154.540884957786
0.7780000000000006,2154.5123807556447
0.7800000000000006,2154.4837529696065
0.7820000000000006,2154.455242087023
0.7840000000000006,2154.426607591239
0.7860000000000006,2154.397969745327
0.7880000000000006,2154.369328543897
0.7900000000000006,2154.3408042914307
0.7920000000000006,2154.3121563671707
0.7940000000000006,2154.283505091131
0.7960000000000006,2154.2548504580095
0.7980000000000006,2154.2260720903873
0.8000000000000006,2154.197410732539
0.8020000000000006,2154.1687460064195
0.8040000000000006,2154.1399575016885
0.8060000000000006,2154.1112860435164
0.8080000000000006,2154.0826112158315
0.8100000000000006,2154.0538125654216
0.8120000000000006,2154.0250105410105
0.8140000000000006,2153.9963256138612
0.8160000000000006,2153.9675168097497
0.8180000000000006,2153.9387046254637
0.8200000000000006,2153.9098890556147
0.8220000000000006,2153.881070089846
0.8240000000000006,2153.8522477376805
0.8260000000000006,2153.8233014210077
0.8280000000000006,2153.7944722855614
0.8300000000000006,2153.7656397475193
0.8320000000000006,2153.7366831955937
0.8340000000000006,2153.70784386686
0.8360000000000006,2153.6788804895787
0.8380000000000006,2153.649913704279
0.8400000000000006,2153.6210641742186
0.8420000000000006,2153.5920905511402
0.8440000000000006,2153.5631135088497
0.8460000000000006,2153.534133051906
0.8480000000000006,2153.505028443504
0.8500000000000006,2153.476041141678
0.8520000000000006,2153.447050408965
0.8540000000000006,2153.418056249975
0.8560000000000006,2153.3889378700064
0.8580000000000007,2153.359816059026
0.8600000000000007,2153.3308116149283
0.8620000000000007,2153.3016829000644
0.8640000000000007,2153.272550737929
0.8660000000000007,2153.2434151281163
0.8680000000000007,2153.214276065178
0.8700000000000007,2153.185133548689
0.8720000000000007,2153.155987573234
0.8740000000000007,2153.126838148426
0.8760000000000007,2153.0975643292804
0.8780000000000007,2153.0684079900107
0.8800000000000007,2153.039127221416
0.8820000000000007,2153.0099639559976
0.8840000000000007,2152.98067622621
0.8860000000000007,2152.951385025469
0.8880000000000007,2152.9220903433816
0.8900000000000007,2152.8927921693808
0.8920000000000007,2152.8634905131735
0.8940000000000007,2152.8341853692677
0.8960000000000007,2152.804876732186
0.8980000000000007,2152.7754435164934
0.9000000000000007,2152.7461279074714
0.9020000000000007,2152.7166876746
0.9040000000000007,2152.6873650717444
0.9060000000000007,2152.6579178148713
0.9080000000000007,2152.628467048167
0.9100000000000007,2152.599012766095
0.9120000000000007,2152.569554968249
0.9140000000000007,2152.5400936441138
0.9160000000000007,2152.510628803338
0.9180000000000007,2152.48103918848
0.9200000000000007,2152.451567283365
0.9220000000000007,2152.422091834992
0.9240000000000007,2152.3924915620587
0.9260000000000007,2152.363009036569
0.9280000000000007,2152.333401646039
0.9300000000000007,2152.3039120264725
0.9320000000000007,2152.2742975115
0.9340000000000007,2152.244679441437
0.9360000000000007,2152.2150578107908
0.9380000000000007,2152.185432603918
0.9400000000000007,2152.155803835573
0.9420000000000007,2152.1261714951966
0.9440000000000007,2152.096535582287
0.9460000000000007,2152.066896106572
0.9480000000000007,2152.037253057474
0.9500000000000007,2152.00760643957
0.9520000000000007,2151.977834764792
0.9540000000000007,2151.9481810084367
0.9560000000000007,2151.918402154544
0.9580000000000007,2151.888741247824
0.9600000000000007,2151.858955207913
0.9620000000000007,2151.8292871439394
0.9640000000000007,2151.799493921315
0.9660000000000007,2151.769697106843
0.9680000000000007,2151.7398966949845
0.9700000000000008,2151.7100926903986
0.9720000000000008,2151.680285082456
0.9740000000000008,2151.650473870697
0.9760000000000008,2151.620537393975
0.9780000000000008,2151.5907189838063
0.9800000000000008,2151.560896958274
0.9820000000000008,2151.5309496166665
0.9840000000000008,2151.501120390014
0.9860000000000008,2151.4711658013116
0.9880000000000008,2151.4412075961527
0.9900000000000008,2151.411245758859
0.9920000000000008,2151.3814020841614
0.9940000000000008,2151.351432985883
0.9960000000000008,2151.3214602643084
0.9980000000000008,2151.2913620736913
1.0000000000000007,2151.261382094155
1.0020000000000007,2151.231398464457
1.0040000000000007,2151.201289319421
1.0060000000000007,2151.1712984188453
1.0080000000000007,2151.1411819669784
1.0100000000000007,2151.1111837835024
1.0120000000000007,2151.081060012739
1.0140000000000007,2151.050932584519
1.0160000000000007,2151.0208014984173
1.0180000000000007,2150.9906667488476
1.0200000000000007,2150.960528330188
1.0220000000000007,2150.930386247116
1.0240000000000007,2150.9002404940916
1.0260000000000007,2150.8700910756975
1.0280000000000007,2150.8398159262633
1.0300000000000007,2150.8096591709896
1.0320000000000007,2150.779376648504
1.0340000000000007,2150.749090438883
1.0360000000000007,2150.718800531471
1.0380000000000007,2150.688629061327
1.0400000000000007,2150.658331756589
1.0420000000000007,2150.6280307577363
1.0440000000000007,2150.597603883425
1.0460000000000007,2150.567295495229
1.0480000000000007,2150.5369833909763
1.0500000000000007,2150.506545354158
1.0520000000000007,2150.4762258372207
1.0540000000000007,2150.4457803564646
1.0560000000000007,2150.415453419757
1.0580000000000007,2150.385000482824
1.0600000000000007,2150.3545438275346
1.0620000000000007,2150.324083437903
1.0640000000000007,2150.2936193135283
1.0660000000000007,2150.2631514539103
1.0680000000000007,2150.232679858529
1.0700000000000007,2150.2020821231345
1.0720000000000007,2150.171564503018
1.0740000000000007,2150.1409593206963
1.0760000000000007,2150.110472783726
1.0780000000000007,2150.079860038725
1.0800000000000007,2150.0492435246383
1.0820000000000007,2150.018745700177
1.0840000000000007,2149.9881216256003
1.0860000000000007,2149.957493780431
1.0880000000000007,2149.9268621590227
1.0900000000000007,2149.89622675571
1.0920000000000007,2149.8655875751883
1.0940000000000007,2149.834822045436
1.0960000000000008,2149.8041752988306
1.0980000000000008,2149.773524752864
1.1000000000000008,2149.7427478206123
1.1020000000000008,2149.712089705594
1.1040000000000008,2149.6813051623053
1.1060000000000008,2149.6506394710964
1.1080000000000008,2149.6198473096338
1.1100000000000008,2149.5890513512913
1.1120000000000008,2149.5582515801016
1.1140000000000008,2149.5274479955665
1.1160000000000008,2149.496640592004
1.1180000000000008,2149.465829379226
1.1200000000000008,2149.435014341204
1.1220000000000008,2149.404195487855
1.1240000000000008,2149.3732500272245
1.1260000000000008,2149.3424235365887
1.1280000000000008,2149.3114703913043
1.1300000000000008,2149.2806362509864
1.1320000000000008,2149.249675419048
1.1340000000000008,2149.218710748234
1.1360000000000008,2149.187865111567
1.1380000000000008,2149.1568927458216
1.1400000000000008,2149.1259165345004
1.1420000000000008,2149.094936471902
1.1440000000000008,2149.063952562674
1.1460000000000008,2149.0328418348427
1.1480000000000008,2149.001850215437
1.1500000000000008,2148.9708547322834
1.1520000000000008,2148.9397323825497
1.1540000000000008,2148.908729186126
1.1560000000000008,2148.8775990858744
1.1580000000000008,2148.8464651096274
1.1600000000000008,2148.815450326482
1.1620000000000008,2148.7843085810723
1.1640000000000008,2148.753162958093
1.1660000000000008,2148.722013457022
1.1680000000000008,2148.6908600669854
1.1700000000000008,2148.6597027874827
1.1720000000000008,2148.628418455036
1.1740000000000008,2148.597253400174
1.1760000000000008,2148.5659612498634
1.1780000000000008,2148.534788402048
1.1800000000000008,2148.5034884212923
1.1820000000000008,2148.472307778382
1.1840000000000008,2148.4409999703225
1.1860000000000008,2148.409688253011
1.1880000000000008,2148.3783726207735
1.1900000000000008,2148.347053062207
1.1920000000000008,2148.3157295827955
1.1940000000000008,2148.284278841903
1.1960000000000008,2148.2529475132583
1.1980000000000008,2148.2216122513532
1.2000000000000008,2148.190149674213
1.2020000000000008,2148.1588065547003
1.2040000000000008,2148.127336082269
1.2060000000000008,2148.095861664034
1.2080000000000009,2148.0643832942023
1.2100000000000009,2148.032900967047
1.2120000000000009,2148.0014146767476
1.2140000000000009,2147.9699244280387
1.2160000000000009,2147.9384302203825
1.2180000000000009,2147.9069320532385
1.2200000000000009,2147.875306382238
1.2220000000000009,2147.8438002892367
1.2240000000000009,2147.8121666545985
1.2260000000000009,2147.780529037258
1.2280000000000009,2147.749011033105
1.2300000000000009,2147.717365433168
1.2320000000000009,2147.685715848898
1.2340000000000009,2147.654062264066
1.2360000000000009,2147.6224046833513
1.2380000000000009,2147.5906194151594
1.2400000000000009,2147.558953820022
1.2420000000000009,2147.5272842064314
1.2440000000000009,2147.4956105789415
1.2460000000000009,2147.463809198564
1.2480000000000009,2147.4320037977814
1.2500000000000009,2147.400318130668
1.252000000000001,2147.3685046508836
1.254000000000001,2147.3366871386015
1.256000000000001,2147.30498941636
1.258000000000001,2147.2731638269456
1.260000000000001,2147.2413342033187
1.262000000000001,2147.2095005449182
1.264000000000001,2147.1775389592935
1.266000000000001,2147.1456972138335
1.268000000000001,2147.1138514161767
1.270000000000001,2147.0820015657355
1.272000000000001,2147.0500237221386
1.274000000000001,2147.0181657853914
1.276000000000001,2146.9861798119846
1.278000000000001,2146.9541897674703
1.280000000000001,2146.922195656554
1.282000000000001,2146.8903214929687
1.284000000000001,2146.8583192213596
1.286000000000001,2146.826312886963
1.288000000000001,2146.7941783900583
1.290000000000001,2146.762163901774
1.292000000000001,2146.730145317306
1.294000000000001,2146.6981226519183
1.296000000000001,2146.665971757836
1.298000000000001,2146.6339409287275
1.300000000000001,2146.6017818324644
1.302000000000001,2146.5696186314967
1.304000000000001,2146.537451320025
1.306000000000001,2146.505404119564
1.308000000000001,2146.473228580231
1.310000000000001,2146.4410489338793
1.312000000000001,2146.4087409043395
1.314000000000001,2146.3765530314895
1.316000000000001,2146.344361023544
1.318000000000001,2146.312164895739
1.320000000000001,2146.2798403075003
1.322000000000001,2146.2476359380103
1.324000000000001,2146.215303064135
1.326000000000001,2146.1829660517205
1.328000000000001,2146.150624884357
1.330000000000001,2146.1184039819855
1.332000000000001,2146.086054513701
1.334000000000001,2146.0535764463084
1.336000000000001,2146.0212186742697
1.338000000000001,2145.9888567389758
1.340000000000001,2145.95649063987
1.342000000000001,2145.9239958746407
1.344000000000001,2145.8916214564692
1.346000000000001,2145.8591183280337
1.348000000000001,2145.826735583129
1.350000000000001,2145.7942240890925
1.352000000000001,2145.761708411164
1.354000000000001,2145.729188548779
1.356000000000001,2145.69666449075
1.358000000000001,2145.6641362417886
1.360000000000001,2145.6316037959914
1.362000000000001,2145.599067158007
1.364000000000001,2145.566401631204
1.366000000000001,2145.533856601535
1.368000000000001,2145.501182643956
1.370000000000001,2145.4686292095553
1.372000000000001,2145.4359468028656
1.374000000000001,2145.403260183776
1.376000000000001,2145.370569335819
1.378000000000001,2145.3378742583195
1.380000000000001,2145.305174950709
1.382000000000001,2145.272471412367
1.384000000000001,2145.239638783406
1.386000000000001,2145.206926776096
1.388000000000001,2145.174210520274
1.390000000000001,2145.1413651282373
1.392000000000001,2145.1085154803613
1.394000000000001,2145.075786501208
1.396000000000001,2145.042928313565
1.398000000000001,2145.0100658575593
1.400000000000001,2144.9771991272773
1.402000000000001,2144.944328122061
1.404000000000001,2144.9114528306127
1.406000000000001,2144.878573268325
1.408000000000001,2144.84568941861
1.410000000000001,2144.812676224308
1.412000000000001,2144.7797838133943
1.414000000000001,2144.74676200773
1.416000000000001,2144.713861022448
1.418000000000001,2144.680830602902
1.420000000000001,2144.6477958859487
1.422000000000001,2144.614882020833
1.424000000000001,2144.5818386702235
1.426000000000001,2144.548791020256
1.428000000000001,2144.5157390543236
1.430000000000001,2144.4826827664433
1.432000000000001,2144.4494969181555
1.434000000000001,2144.416432000039
1.436000000000001,2144.383362747371
1.438000000000001,2144.3501638774674
1.440000000000001,2144.317085980097
1.442000000000001,2144.2838784203873
1.444000000000001,2144.250791870394
1.446000000000001,2144.217575618346
1.448000000000001,2144.1843550215913
1.450000000000001,2144.151130079471
1.452000000000001,2144.1179007806536
1.454000000000001,2144.0846671245176
1.456000000000001,2144.0514291103677
1.458000000000001,2144.018061273594
1.460000000000001,2143.9848145464325
1.462000000000001,2143.951437945964
1.464000000000001,2143.918182487078
1.466000000000001,2143.8847971203436
1.468000000000001,2143.851532921821
1.470000000000001,2143.818138786189
1.472000000000001,2143.784740264885
1.474000000000001,2143.751337357219
1.476000000000001,2143.7179300572066
1.478000000000001,2143.684518353436
1.480000000000001,2143.6509766140143
1.482000000000001,2143.6175561163095
1.484000000000001,2143.5840055374606
1.486000000000001,2143.5505762324965
1.488000000000001,2143.517016800857
1.490000000000001,2143.4835786806193
1.492000000000001,2143.450010398892
1.494000000000001,2143.4164376962335
1.496000000000001,2143.3828605665876
1.498000000000001,2143.349278998502
1.500000000000001,2143.3156929967536
1.5020000000000011,2143.281976723534
1.5040000000000011,2143.248381846416
1.5060000000000011,2143.2147825174598
1.5080000000000011,2143.181052832285
1.5100000000000011,2143.147444548517
1.5120000000000011,2143.1137058627546
1.5140000000000011,2143.0800886268453
1.5160000000000011,2143.046340980877
1.5180000000000011,2143.012714827854
1.5200000000000011,2142.9789582351214
1.5220000000000011,2142.94519717845
1.5240000000000011,2142.9114316464033
1.5260000000000011,2142.877661638303
1.5280000000000011,2142.843887148056
1.5300000000000011,2142.810108180435
1.5320000000000011,2142.7763247292814
1.5340000000000011,2142.7424106980216
1.5360000000000011,2142.708618288023
1.5380000000000011,2142.6746952465114
1.5400000000000011,2142.640767706587
1.5420000000000011,2142.6069618205183
1.5440000000000011,2142.5730252446338
1.5460000000000012,2142.539084162885
1.5480000000000012,2142.505138569223
1.5500000000000012,2142.4711884575436
1.5520000000000012,2142.4371075677527
1.5540000000000012,2142.4031484063794
1.5560000000000012,2142.3691847086834
1.5580000000000012,2142.3350901690014
1.5600000000000012,2142.301117406687
1.5620000000000012,2142.267013756165
1.5640000000000012,2142.2330319156163
1.5660000000000012,2142.198919151419
1.5680000000000012,2142.1648018398323
1.5700000000000012,2142.1306799584086
1.5720000000000012,2142.0965535173473
1.5740000000000012,2142.0624225050997
1.5760000000000012,2142.0282869263683
1.5780000000000012,2141.994146775047
1.5800000000000012,2141.9598755633215
1.5820000000000012,2141.925726274763
1.5840000000000012,2141.8914458793365
1.5860000000000012,2141.8572874344904
1.5880000000000012,2141.822997841696
1.5900000000000012,2141.7887036596
1.5920000000000012,2141.754531466503
1.5940000000000012,2141.7202280773786
1.5960000000000012,2141.6859200859753
1.5980000000000012,2141.651607491574
1.6000000000000012,2141.6171636241593
1.6020000000000012,2141.582841815357
1.6040000000000012,2141.5485153851505
1.6060000000000012,2141.514057622796
1.6080000000000012,2141.4797219630664
1.6100000000000012,2141.445254929897
1.6120000000000012,2141.4109100323585
1.6140000000000012,2141.37643372011
1.6160000000000012,2141.341952774922
1.6180000000000012,2141.307467185224
1.6200000000000012,2141.2729769503294
1.6220000000000012,2141.2384820639995
1.6240000000000012,2141.203982530996
1.6260000000000012,2141.1693514518965
1.6280000000000012,2141.134842611598
1.6300000000000012,2141.100329111575
1.6320000000000012,2141.06568401139
1.6340000000000012,2141.031034242707
1.6360000000000012,2140.9965067627977
1.6380000000000012,2140.961847617716
1.6400000000000012,2140.9271838019226
1.6420000000000012,2140.892515292904
1.6440000000000012,2140.8578420954054
1.6460000000000012,2140.823037147594
1.6480000000000012,2140.7883545698846
1.6500000000000012,2140.7536672850947
1.6520000000000012,2140.718848190235
1.6540000000000012,2140.6841515099713
1.6560000000000012,2140.6493229779035
1.6580000000000013,2140.614489728368
1.6600000000000013,2140.579651749677
1.6620000000000013,2140.5448090465557
1.6640000000000013,2140.509961607325
1.6660000000000013,2140.4751094312323
1.6680000000000013,2140.440252528503
1.6700000000000013,2140.405390887436
1.6720000000000013,2140.370397225277
1.6740000000000013,2140.3355261152324
1.6760000000000013,2140.3005229311793
1.6780000000000013,2140.2655149928178
1.6800000000000013,2140.2305022828705
1.6820000000000013,2140.1956121756416
1.6840000000000013,2140.160589921392
1.6860000000000013,2140.1254354942776
1.6880000000000013,2140.0904037015534
1.6900000000000013,2140.0553671170837
1.6920000000000013,2140.020325756536
1.6940000000000013,2139.9851521334126
1.6960000000000013,2139.950101211906
1.6980000000000013,2139.9149179801807
1.7000000000000013,2139.8797299451844
1.7020000000000013,2139.8445370951813
1.7040000000000013,2139.8094670031523
1.7060000000000013,2139.7742645220037
1.7080000000000013,2139.738929625524
1.7100000000000013,2139.703717518834
1.7120000000000013,2139.6685005822974
1.7140000000000013,2139.6332788151944
1.7160000000000013,2139.5979245426706
1.7180000000000013,2139.5626931164265
1.7200000000000013,2139.5273291369035
1.7220000000000013,2139.491960304868
1.7240000000000013,2139.4567143588124
1.7260000000000013,2139.4213357986077
1.7280000000000013,2139.3859523835345
1.7300000000000013,2139.3505641073266
1.7320000000000013,2139.3151709582226
1.7340000000000013,2139.2796451075446
1.7360000000000013,2139.2442422200124
1.7380000000000013,2139.208834451764
1.7400000000000013,2139.1732939208337
1.7420000000000013,2139.1378764040032
1.7440000000000013,2139.1023260763764
1.7460000000000013,2139.066898796825
1.7480000000000013,2139.0313386693538
1.7500000000000013,2138.995773648423
1.7520000000000013,2138.9602037222057
1.7540000000000013,2138.924628884401
1.7560000000000013,2138.8890491342054
1.7580000000000013,2138.853464470852
1.7600000000000013,2138.817746828894
1.7620000000000013,2138.7821523410616
1.7640000000000013,2138.7464248207493
1.7660000000000013,2138.7108204887113
1.7680000000000013,2138.6750830868723
1.7700000000000014,2138.6393407479454
1.7720000000000014,2138.6037216319583
1.7740000000000014,2138.567969395649
1.7760000000000014,2138.5322122087914
1.7780000000000014,2138.496450076076
1.7800000000000014,2138.460554747702
1.7820000000000014,2138.4247827030204
1.7840000000000014,2138.3890056935215
1.7860000000000014,2138.353095421034
1.7880000000000014,2138.3173084891587
1.7900000000000014,2138.2813882512633
1.7920000000000014,2138.245463031521
1.7940000000000014,2138.209532818026
1.7960000000000014,2138.1735976099962
1.7980000000000014,2138.1376574066076
1.8000000000000014,2138.1017122015255
1.8020000000000014,2138.0657619994386
1.8040000000000014,2138.0298067939966
1.8060000000000014,2137.9937181125606
1.8080000000000014,2137.9577529076864
1.8100000000000014,2137.9216541724304
1.8120000000000014,2137.8856789481715
1.8140000000000014,2137.8495701558177
1.8160000000000014,2137.813456335694
1.8180000000000014,2137.777337475937
1.8200000000000014,2137.741213581209
1.8220000000000014,2137.7050846396323
1.8240000000000014,2137.6688220157193
1.8260000000000014,2137.6326829875575
1.8280000000000014,2137.596538904509
1.8300000000000014,2137.5602610767005
1.8320000000000014,2137.5239781782097
1.8340000000000014,2137.487818933611
1.8360000000000014,2137.4515258761694
1.8380000000000014,2137.4152277511243
1.8400000000000014,2137.3789245354114
1.8420000000000014,2137.342616239298
1.8440000000000014,2137.306174034521
1.8460000000000014,2137.269855562413
1.8480000000000014,2137.233531990765
1.8500000000000014,2137.197074447614
1.8520000000000014,2137.1606117945275
1.8540000000000014,2137.124272932633
1.8560000000000014,2137.087800030863
1.8580000000000014,2137.0513220054245
1.8600000000000014,2137.0148388610714
1.8620000000000014,2136.9783505858472
1.8640000000000014,2136.941857178813
1.8660000000000014,2136.9052296107916
1.8680000000000014,2136.8687259360995
1.8700000000000014,2136.8320880508613
1.8720000000000014,2136.7955740828397
1.8740000000000014,2136.7589258602516
1.8760000000000014,2136.7222724752664
1.8780000000000014,2136.6857430431555
1.8800000000000014,2136.649079298892
1.8820000000000014,2136.612410378426
1.8840000000000015,2136.5756070928437
1.8860000000000015,2136.5389278157613
1.8880000000000015,2136.5022433375807
1.8900000000000015,2136.4655536685736
1.8920000000000015,2136.4287295517447
1.8940000000000015,2136.3920295079797
1.8960000000000015,2136.3551949666
1.8980000000000015,2136.318355210773
1.9000000000000015,2136.281639569595
1.9020000000000015,2136.2447893728045
1.9040000000000015,2136.2079339533493
1.9060000000000015,2136.1710733103514
1.9080000000000015,2136.1342074429112
1.9100000000000015,2136.0972069165814
1.9120000000000015,2136.060330584746
1.9140000000000015,2136.0234490146945
1.9160000000000015,2135.9864327218966
1.9180000000000015,2135.949540676481
1.9200000000000015,2135.9125138639506
1.9220000000000015,2135.8754817949152
1.9240000000000015,2135.838444457306
1.9260000000000015,2135.8014018501613
1.9280000000000015,2135.764353967084
1.9300000000000015,2135.7273008127363
1.9320000000000015,2135.6902423806
1.9340000000000015,2135.6531786753953
1.9360000000000015,2135.61598002128
1.9380000000000015,2135.578905754302
1.9400000000000015,2135.541696499301
1.9420000000000015,2135.5044819359837
1.9440000000000015,2135.4672620578267
1.9460000000000015,2135.430166632168
1.9480000000000015,2135.392936123507
1.9500000000000015,2135.35557050283
1.9520000000000015,2135.3183293674697
1.9540000000000015,2135.281082901562
1.9560000000000015,2135.243831109735
1.9580000000000015,2135.2064441162497
1.9600000000000015,2135.169181679304
1.9620000000000015,2135.13178398452
1.9640000000000015,2135.09438094522
1.9660000000000015,2135.056972549227
1.9680000000000015,2135.0195587843577
1.9700000000000015,2134.982139660962
1.9720000000000015,2134.9447151668396
1.9740000000000015,2134.90728530677
1.9760000000000015,2134.869850079746
1.9780000000000015,2134.832279422231
1.9800000000000015,2134.794833456676
1.9820000000000015,2134.7572520042477
1.9840000000000015,2134.719665160413
1.9860000000000015,2134.682072907361
1.9880000000000015,2134.644475249769
1.9900000000000015,2134.6068721810866
1.9920000000000015,2134.56926370041
1.9940000000000015,2134.531649801127
1.9960000000000016,2134.4940304935994
1.9980000000000016,2134.456275514238
2.0000000000000013,2134.4186453740917
2.002000000000001,2134.3808795111304
2.004000000000001,2134.3431082095676
2.0060000000000007,2134.305331457159
2.0080000000000005,2134.267549247388
2.0100000000000002,2134.2297615792504
2.012,2134.191968451849
2.014,2134.1541698698034
2.0159999999999996,2134.1163658209634
2.0179999999999993,2134.0784258688227
2.019999999999999,2134.04061089832
2.021999999999999,2134.002659967656
2.0239999999999987,2133.964703556502
2.0259999999999985,2133.9267416413873
2.0279999999999982,2133.8887742212414
2.029999999999998,2133.8508012951756
2.031999999999998,2133.812822862223
2.0339999999999976,2133.774838915748
2.0359999999999974,2133.736849460454
2.037999999999997,2133.698723852222
2.039999999999997,2133.6607233629634
2.0419999999999967,2133.6225866749455
2.0439999999999965,2133.584575130829
2.0459999999999963,2133.5464273534576
2.047999999999996,2133.5082740231455
2.049999999999996,2133.4701151389772
2.0519999999999956,2133.4319506999527
2.0539999999999954,2133.3937806994277
2.055999999999995,2133.3556051421215
2.057999999999995,2133.3172931922254
2.0599999999999947,2133.279106504807
2.0619999999999945,2133.240783378792
2.0639999999999943,2133.202585546022
2.065999999999994,2133.1642512285703
2.067999999999994,2133.125911326912
2.0699999999999936,2133.087565817459
2.0719999999999934,2133.049214710491
2.073999999999993,2133.0108579880684
2.075999999999993,2132.9724956661817
2.0779999999999927,2132.934127732495
2.0799999999999925,2132.8957541860123
2.0819999999999923,2132.8572439711443
2.083999999999992,2132.818859205146
2.085999999999992,2132.7803377187643
2.0879999999999916,2132.7418105939328
2.0899999999999914,2132.703408956024
2.091999999999991,2132.664870531017
2.093999999999991,2132.626326464541
2.0959999999999908,2132.587645554165
2.0979999999999905,2132.549090176741
2.0999999999999903,2132.510529137861
2.10199999999999,2132.4719624308123
2.10399999999999,2132.433258798174
2.1059999999999897,2132.394549479199
2.1079999999999894,2132.355965779544
2.109999999999989,2132.3172450703123
2.111999999999989,2132.2785186716346
2.1139999999999888,2132.239786576838
2.1159999999999886,2132.2010487792704
2.1179999999999883,2132.1623052778705
2.119999999999988,2132.123358885061
2.121999999999988,2132.084604044711
2.1239999999999877,2132.045712012315
2.1259999999999875,2132.006945731931
2.1279999999999872,2131.968042224037
2.129999999999987,2131.9291329727816
2.131999999999987,2131.890217982765
2.1339999999999866,2131.8512972416443
2.1359999999999864,2131.812370748252
2.137999999999986,2131.773438507414
2.139999999999986,2131.7345005066436
2.1419999999999857,2131.6954251120296
2.1439999999999855,2131.6564755971076
2.1459999999999853,2131.617388641336
2.147999999999985,2131.57842759677
2.149999999999985,2131.5393290300844
2.1519999999999846,2131.5002246351255
2.1539999999999844,2131.4611144108762
2.155999999999984,2131.4221301437015
2.157999999999984,2131.383008282995
2.1599999999999837,2131.343880629663
2.1619999999999835,2131.3047471712625
2.1639999999999833,2131.2654760518603
2.165999999999983,2131.2263309832624
2.167999999999983,2131.187180100769
2.1699999999999826,2131.1478914835398
2.1719999999999824,2131.1085970336044
2.173999999999982,2131.069428703459
2.175999999999982,2131.0301225647677
2.1779999999999817,2130.9908105901877
2.1799999999999815,2130.9514927615105
2.1819999999999813,2130.9121690891197
2.183999999999981,2130.872707502287
2.185999999999981,2130.833372113751
2.1879999999999806,2130.7938987632233
2.1899999999999804,2130.7545516428017
2.19199999999998,2130.7150665071754
2.19399999999998,2130.6755754874157
2.1959999999999797,2130.6360785596075
2.1979999999999795,2130.596707925611
2.1999999999999793,2130.557066981236
2.201999999999979,2130.517552351323
2.203999999999979,2130.478031803313
2.2059999999999786,2130.4385053418423
2.2079999999999784,2130.3988406747408
2.209999999999978,2130.3593023859985
2.211999999999978,2130.3196258438584
2.2139999999999778,2130.279943355445
2.2159999999999775,2130.2402549196495
2.2179999999999773,2130.2006929262516
2.219999999999977,2130.1609925780845
2.221999999999977,2130.1211538483153
2.2239999999999767,2130.0814416005574
2.2259999999999764,2130.041723377052
2.227999999999976,2130.0018666971523
2.229999999999976,2129.962136544567
2.231999999999976,2129.9222678818637
2.2339999999999756,2129.88252578434
2.2359999999999753,2129.842645134416
2.237999999999975,2129.8027584848605
2.239999999999975,2129.7628658402955
2.2419999999999747,2129.7229671824707
2.2439999999999745,2129.6829298643233
2.2459999999999742,2129.6430191851146
2.247999999999974,2129.603102489247
2.249999999999974,2129.563047057885
2.2519999999999736,2129.523118322462
2.2539999999999734,2129.4830508089844
2.255999999999973,2129.4429772455724
2.257999999999973,2129.4028976367904
2.2599999999999727,2129.362811970026
2.2619999999999725,2129.322720244201
2.2639999999999723,2129.282622463885
2.265999999999972,2129.242385737173
2.267999999999972,2129.2022758300413
2.2699999999999716,2129.162026927971
2.2719999999999714,2129.121904872266
2.273999999999971,2129.081643778811
2.275999999999971,2129.041376595065
2.2779999999999707,2129.0011033083733
2.2799999999999705,2128.9608239118556
2.2819999999999703,2128.920538410106
2.28399999999997,2128.8802467904507
2.28599999999997,2128.839815986828
2.2879999999999696,2128.7995121421613
2.2899999999999694,2128.7590690532434
2.291999999999969,2128.718752961698
2.293999999999969,2128.678297582873
2.2959999999999687,2128.6378360558097
2.2979999999999685,2128.597368373548
2.2999999999999683,2128.5568945349924
2.301999999999968,2128.5164145389226
2.303999999999968,2128.47579511272
2.3059999999999676,2128.43530278351
2.3079999999999674,2128.394670975166
2.309999999999967,2128.354166296692
2.311999999999967,2128.3135220957715
2.3139999999999668,2128.2728716951788
2.3159999999999665,2128.2322150938157
2.3179999999999663,2128.191552284658
2.319999999999966,2128.150883255017
2.321999999999966,2128.1100745708704
2.3239999999999656,2128.069393116594
2.3259999999999654,2128.028705438311
2.327999999999965,2127.987878023016
2.329999999999965,2127.947044369034
2.3319999999999648,2127.9062044636676
2.3339999999999645,2127.8653582941665
2.3359999999999643,2127.824505865148
2.337999999999964,2127.783647169606
2.339999999999964,2127.742782212133
2.3419999999999637,2127.7019109857215
2.3439999999999634,2127.6608998240235
2.3459999999999632,2127.6198823669797
2.347999999999963,2127.578992314303
2.349999999999963,2127.537962243359
2.3519999999999626,2127.496925861923
2.3539999999999623,2127.455883168809
2.355999999999962,2127.414834157038
2.357999999999962,2127.3737788253666
2.3599999999999617,2127.332583330127
2.3619999999999615,2127.2915153517056
2.3639999999999612,2127.2504410381816
2.365999999999961,2127.2092264893818
2.367999999999961,2127.168005590475
2.3699999999999606,2127.1267783343665
2.3719999999999604,2127.0856786697054
2.37399999999996,2127.0444386701824
2.37599999999996,2127.003058306762
2.3779999999999597,2126.961805580857
2.3799999999999595,2126.920546468508
2.3819999999999593,2126.879146908712
2.383999999999959,2126.8378750336656
2.385999999999959,2126.796462661169
2.3879999999999586,2126.755043878705
2.3899999999999584,2126.7137528341514
2.391999999999958,2126.6723212141856
2.393999999999958,2126.6308831804804
2.3959999999999577,2126.589304508387
2.3979999999999575,2126.54785362843
2.3999999999999573,2126.5063963078564
2.401999999999957,2126.464798276431
2.403999999999957,2126.4233280847093
2.4059999999999566,2126.381717131871
2.4079999999999564,2126.340099714625
2.409999999999956,2126.298475825941
2.411999999999956,2126.256845464491
2.4139999999999557,2126.215208623298
2.4159999999999555,2126.1735653068463
2.4179999999999553,2126.131915502276
2.419999999999955,2126.090124755904
2.421999999999955,2126.048461985059
2.4239999999999546,2126.006658216124
2.4259999999999544,2125.9648479292396
2.427999999999954,2125.9230311172996
2.429999999999954,2125.881207779096
2.4319999999999538,2125.8393779074854
2.4339999999999535,2125.7975415069945
2.4359999999999533,2125.755698570574
2.437999999999953,2125.7137144484795
2.439999999999953,2125.671858438394
2.4419999999999527,2125.62986118027
2.4439999999999524,2125.5879920797493
2.445999999999952,2125.5459816804514
2.447999999999952,2125.503964712508
2.4499999999999518,2125.4619411630024
2.4519999999999516,2125.419776227882
2.4539999999999513,2125.3777395076127
2.455999999999951,2125.3356961902637
2.457999999999951,2125.2935114079432
2.4599999999999507,2125.2514549003995
2.4619999999999505,2125.2092568768358
2.4639999999999502,2125.167052225847
2.46599999999995,2125.1248409519635
2.46799999999995,2125.0826230363623
2.4699999999999496,2125.040398483604
2.4719999999999493,2124.9981672865074
2.473999999999949,2124.955794412236
2.475999999999949,2124.9135499303634
2.4779999999999487,2124.8711637141882
2.4799999999999485,2124.828770817257
2.4819999999999482,2124.7863712382496
2.483999999999948,2124.743964969994
2.485999999999948,2124.7014308033035
2.4879999999999476,2124.659011343009
2.4899999999999474,2124.6165851834326
2.491999999999947,2124.5740170818444
2.493999999999947,2124.531577515735
2.4959999999999467,2124.4889959618913
2.4979999999999465,2124.4465429780716
2.4999999999999463,2124.403947960812
2.501999999999946,2124.361346204889
2.503999999999946,2124.3187377089425
2.5059999999999456,2124.2759870852256
2.5079999999999454,2124.233365083621
2.509999999999945,2124.1907363146324
2.511999999999945,2124.147965343216
2.5139999999999447,2124.1051875817825
2.5159999999999445,2124.062538517634
2.5179999999999443,2124.019747164601
2.519999999999944,2123.9769490232848
2.521999999999944,2123.934144074898
2.5239999999999436,2123.8913323237884
2.5259999999999434,2123.8483781658488
2.527999999999943,2123.8055527953534
2.529999999999943,2123.7625849601336
2.5319999999999427,2123.719745947189
2.5339999999999425,2123.6767644233373
2.5359999999999423,2123.6337760568504
2.537999999999942,2123.5907808287843
2.539999999999942,2123.547778749444
2.5419999999999416,2123.5047698057556
2.5439999999999414,2123.4617540021864
2.545999999999941,2123.4187313315024
2.547999999999941,2123.375565955947
2.5499999999999408,2123.3323936843835
2.5519999999999405,2123.289350395497
2.5539999999999403,2123.246164314498
2.55599999999994,2123.2029713274464
2.55799999999994,2123.15977143293
2.5599999999999397,2123.116564617848
2.5619999999999394,2123.073214897189
2.563999999999939,2123.029994238265
2.565999999999939,2122.986766648726
2.5679999999999388,2122.9433960777687
2.5699999999999386,2122.900018547015
2.5719999999999383,2122.8566340609223
2.573999999999938,2122.8133787275347
2.575999999999938,2122.769844152628
2.5779999999999377,2122.726438761993
2.5799999999999375,2122.6830263876122
2.5819999999999372,2122.6396070390883
2.583999999999937,2122.596044472092
2.585999999999937,2122.5526111547815
2.5879999999999366,2122.5090345720805
2.5899999999999364,2122.4654509770876
2.591999999999936,2122.4218603625504
2.593999999999936,2122.3782627153187
2.5959999999999357,2122.3346580456296
2.5979999999999355,2122.290909948673
2.5999999999999353,2122.2472912135277
2.601999999999935,2122.2035289922046
2.603999999999935,2122.1598961624163
2.6059999999999346,2122.116119805068
2.6079999999999344,2122.0723363840348
2.609999999999934,2122.028545880243
2.611999999999934,2121.984748292234
2.6139999999999337,2121.940943618567
2.6159999999999335,2121.89699527225
2.6179999999999333,2121.8531764182594
2.619999999999933,2121.8092138265793
2.621999999999933,2121.765380774626
2.6239999999999326,2121.721403931672
2.6259999999999324,2121.6774199673264
2.627999999999932,2121.6334288625217
2.629999999999932,2121.589430621623
2.6319999999999317,2121.5452884734204
2.6339999999999315,2121.5012759394967
2.6359999999999313,2121.4571194329446
2.637999999999931,2121.4130925882614
2.639999999999931,2121.3689217232914
2.6419999999999306,2121.324743674452
2.6439999999999304,2121.2805584344064
2.64599999999993,2121.236365995752
2.64799999999993,2121.1921663570233
2.6499999999999297,2121.147822551193
2.6519999999999295,2121.1036085088363
2.6539999999999293,2121.0592502397353
2.655999999999929,2121.015021764257
2.657999999999929,2120.970649014008
2.6599999999999286,2120.9262690155883
2.6619999999999284,2120.8818817674482
2.663999999999928,2120.837487268081
2.665999999999928,2120.792948352757
2.6679999999999278,2120.748539323825
2.6699999999999275,2120.703985824847
2.6719999999999273,2120.659562242621
2.673999999999927,2120.614994142114
2.675999999999927,2120.5704187419647
2.6779999999999267,2120.525836034735
2.6799999999999264,2120.4812460071053
2.681999999999926,2120.436648669316
2.683999999999926,2120.391906653068
2.685999999999926,2120.347294673567
2.6879999999999256,2120.3025379554124
2.6899999999999253,2120.2579113045085
2.691999999999925,2120.2131398723027
2.693999999999925,2120.16836108119
2.6959999999999247,2120.123574923692
2.6979999999999245,2120.0787813923507
2.6999999999999242,2120.0339804856912
2.701999999999924,2119.989034648383
2.703999999999924,2119.944218975297
2.7059999999999236,2119.899258316991
2.7079999999999234,2119.8542902432036
2.709999999999923,2119.8094523502555
2.711999999999923,2119.764469345798
2.7139999999999227,2119.719478879874
2.7159999999999225,2119.6746186820887
2.7179999999999223,2119.6296133172887
2.719999999999922,2119.5844627683327
2.721999999999922,2119.5394425351133
2.7239999999999216,2119.494414856135
2.7259999999999214,2119.4492418959476
2.727999999999921,2119.4041993213773
2.729999999999921,2119.3590114106933
2.7319999999999207,2119.313816019746
2.7339999999999205,2119.268613146885
2.7359999999999203,2119.223402778772
2.73799999999992,2119.178184907902
2.73999999999992,2119.1329595444386
2.7419999999999196,2119.0877266867697
2.7439999999999194,2119.0423482809724
2.745999999999919,2118.9969623493917
2.747999999999919,2118.951706959545
2.7499999999999187,2118.9063059415816
2.7519999999999185,2118.8608973812575
2.7539999999999183,2118.8153431149703
2.755999999999918,2118.7699194419492
2.757999999999918,2118.724488203887
2.7599999999999176,2118.6789111797843
2.7619999999999174,2118.6334648133784
2.763999999999917,2118.587872599522
2.765999999999917,2118.5422727856317
2.7679999999999167,2118.4966653700253
2.7699999999999165,2118.4510503393003
2.7719999999999163,2118.4054276976885
2.773999999999916,2118.3596590498832
2.775999999999916,2118.3140211701943
2.7779999999999156,2118.268237222723
2.7799999999999154,2118.222445623107
2.781999999999915,2118.1767848386944
2.783999999999915,2118.130977911734
2.7859999999999148,2118.085024800197
2.7879999999999145,2118.039202534056
2.7899999999999143,2117.993372583802
2.791999999999914,2117.947396362127
2.793999999999914,2117.901551044952
2.7959999999999137,2117.855559394469
2.7979999999999134,2117.8095600301367
2.7999999999999132,2117.7635529384715
2.801999999999913,2117.7175381177763
2.803999999999913,2117.6715155604948
2.8059999999999126,2117.6253465152863
2.8079999999999123,2117.5793084798843
2.809999999999912,2117.533123894527
2.811999999999912,2117.487070362497
2.8139999999999117,2117.4408702182673
2.8159999999999115,2117.39466229812
2.8179999999999112,2117.348446588449
2.819999999999911,2117.302084161592
2.821999999999911,2117.2558528502273
2.8239999999999106,2117.2096137323847
2.8259999999999104,2117.16322780971
2.82799999999991,2117.1168340536633
2.82999999999991,2117.070432456632
2.8319999999999097,2117.024023005054
2.8339999999999095,2116.9776056971364
2.8359999999999093,2116.9311805371544
2.837999999999909,2116.8847475115153
2.839999999999909,2116.838167474024
2.8419999999999086,2116.791718723745
2.8439999999999084,2116.7451228929885
2.845999999999908,2116.6985191660015
2.847999999999908,2116.6519075291135
2.8499999999999077,2116.6052879746812
2.8519999999999075,2116.5586605068816
2.8539999999999073,2116.512025118023
2.855999999999907,2116.465242460068
2.857999999999907,2116.418591223859
2.8599999999999066,2116.371729772354
2.8619999999999064,2116.3249233189877
2.863999999999906,2116.2781088940856
2.865999999999906,2116.2312864899222
2.8679999999999057,2116.1844561047146
2.8699999999999055,2116.1376177353022
2.8719999999999053,2116.0906318516854
2.873999999999905,2116.0437775126734
2.875999999999905,2115.9967755888374
2.8779999999999046,2115.949765645087
2.8799999999999044,2115.9027476736997
2.881999999999904,2115.855721660983
2.883999999999904,2115.808687611099
2.8859999999999038,2115.761505805651
2.8879999999999035,2115.714455663984
2.8899999999999033,2115.6672577091167
2.891999999999903,2115.6201914506782
2.893999999999903,2115.572977327301
2.8959999999999027,2115.5257551139252
2.8979999999999024,2115.4785248086387
2.899999999999902,2115.4312864037324
2.901999999999902,2115.383900000035
2.9039999999999018,2115.3366453781955
2.9059999999999016,2115.289242693803
2.9079999999999013,2115.2418318601667
2.909999999999901,2115.194412875421
2.911999999999901,2115.1469857378097
2.9139999999999007,2115.0995504276275
2.9159999999999004,2115.0521069608553
2.9179999999999002,2115.0046553238135
2.9199999999999,2114.9570553995186
2.9219999999999,2114.909447282488
2.9239999999998996,2114.8619711107863
2.9259999999998993,2114.8143465616035
2.927999999999899,2114.7667138022575
2.929999999999899,2114.7189325822746
2.9319999999998987,2114.6712833726924
2.9339999999998985,2114.623625923527
2.9359999999998982,2114.5758199232555
2.937999999999898,2114.52800566074
2.939999999999898,2114.4803234807155
2.9419999999998976,2114.43249266484
2.9439999999998974,2114.384513161863
2.945999999999897,2114.336665783969
2.947999999999897,2114.288810104664
2.9499999999998967,2114.2408056413487
2.9519999999998965,2114.1929333649023
2.9539999999998963,2114.1449122457407
2.955999999999896,2114.096882792485
2.957999999999896,2114.048844997305
2.9599999999998956,2114.000798852341
2.9619999999998954,2113.952744361595
2.963999999999895,2113.9045408528627
2.965999999999895,2113.8563289633103
2.9679999999998947,2113.8082493748416
2.9699999999998945,2113.760020682858
2.9719999999998943,2113.7117835864165
2.973999999999894,2113.6635380835596
2.975999999999894,2113.615284160453
2.9779999999998936,2113.566880990215
2.9799999999998934,2113.5186102260104
2.981999999999893,2113.4701901494714
2.983999999999893,2113.421902518526
2.9859999999998927,2113.3734655160065
2.9879999999998925,2113.3250200500943
2.9899999999998923,2113.276566112946
2.991999999999892,2113.2279626983814
2.993999999999892,2113.1794917940247
2.9959999999998916,2113.1308713408216
2.9979999999998914,2113.0823834435582
2.999999999999891,2113.0337459439456
3.001999999999891,2112.985099917636
3.0039999999998908,2112.936445350737
3.0059999999998905,2112.887782247277
3.0079999999998903,2112.8389694022353
3.00999999999989,2112.7902891948374
3.01199999999989,2112.7414591860597
3.0139999999998897,2112.692761860833
3.0159999999998894,2112.6439146684515
3.017999999999889,2112.595058883725
3.019999999999889,2112.5461944986673
3.0219999999998888,2112.4971801334927
3.0239999999998886,2112.4482985228215
3.0259999999998883,2112.3992668659785
3.027999999999888,2112.3503680097597
3.029999999999888,2112.3013190472875
3.0319999999998877,2112.252261428366
3.0339999999998875,2112.203195139029
3.0359999999998872,2112.1541201832783
3.037999999999887,2112.10489498051
3.039999999999887,2112.0558026666345
3.0419999999998866,2112.006560039481
3.0439999999998864,2111.957450347518
3.045999999999886,2111.908190281847
3.047999999999886,2111.8589214992153
3.0499999999998857,2111.8095022498887
3.0519999999998855,2111.760215989997
3.0539999999998853,2111.710920983117
3.055999999999885,2111.6614754216503
3.057999999999885,2111.612021076476
3.0599999999998846,2111.5626998017055
3.0619999999998844,2111.513227884278
3.063999999999884,2111.4637471769984
3.065999999999884,2111.4141157396025
3.0679999999998837,2111.364617420962
3.0699999999998835,2111.314968311355
3.0719999999998833,2111.2654523551646
3.073999999999883,2111.215785547059
3.075999999999883,2111.166109891799
3.0779999999998826,2111.116425369381
3.0799999999998824,2111.0665898795164
3.081999999999882,2111.0168876209486
3.083999999999882,2110.967176477006
3.0859999999998817,2110.917314270863
3.0879999999998815,2110.867443153998
3.0899999999998813,2110.817563118381
3.091999999999881,2110.7676741498544
3.093999999999881,2110.717776252367
3.0959999999998806,2110.667869417768
3.0979999999998804,2110.617811309837
3.09999999999988,2110.567744233266
3.10199999999988,2110.5178105594296
3.1039999999998797,2110.467725510995
3.1059999999998795,2110.4176314755646
3.1079999999998793,2110.3673859885353
3.109999999999879,2110.317273953032
3.111999999999879,2110.267152906114
3.1139999999998786,2110.216880312066
3.1159999999998784,2110.16659866882
3.117999999999878,2110.116307974249
3.119999999999878,2110.066008220204
3.1219999999998778,2110.0156993985224
3.1239999999998775,2109.9653815070183
3.1259999999998773,2109.914911849086
3.127999999999877,2109.864433083313
3.129999999999877,2109.8140879477596
3.1319999999998767,2109.763590943688
3.1339999999998764,2109.7130848192187
3.135999999999876,2109.66256956618
3.137999999999876,2109.6119023324695
3.139999999999876,2109.561368801788
3.1419999999998756,2109.5106832161414
3.1439999999998753,2109.4601313870726
3.145999999999875,2109.409427440709
3.147999999999875,2109.358714312633
3.1499999999998747,2109.3078489767117
3.1519999999998745,2109.2571174466043
3.1539999999998742,2109.2063766981546
3.155999999999874,2109.155483657047
3.157999999999874,2109.104581365017
3.1599999999998736,2109.0536698257706
3.1619999999998734,2109.002749019127
3.163999999999873,2108.951818948858
3.165999999999873,2108.9008796067296
3.1679999999998727,2108.849787749412
3.1699999999998725,2108.7988298606338
3.1719999999998723,2108.7477193817845
3.173999999999872,2108.6965995876562
3.175999999999872,2108.64547047
3.1779999999998716,2108.594332014563
3.1799999999998714,2108.5431842250637
3.181999999999871,2108.491883668392
3.183999999999871,2108.4407171957146
3.1859999999998707,2108.389397880675
3.1879999999998705,2108.338069187877
3.1899999999998703,2108.2867310909915
3.19199999999987,2108.2353835997615
3.19399999999987,2108.183883116814
3.1959999999998696,2108.1325168096105
3.1979999999998694,2108.080997435247
3.199999999999869,2108.0296122428704
3.201999999999869,2107.978073883808
3.2039999999998687,2107.9265260277393
3.2059999999998685,2107.875112426096
3.2079999999998683,2107.823545601451
3.209999999999868,2107.7718255140467
3.211999999999868,2107.7202397366477
3.2139999999998676,2107.6686444685924
3.2159999999998674,2107.6168958391627
3.217999999999867,2107.5651376913406
3.219999999999867,2107.513370004783
3.2219999999998667,2107.461592783155
3.2239999999998665,2107.409806018097
3.2259999999998663,2107.3580097072663
3.227999999999866,2107.3060598080287
3.229999999999866,2107.254244383982
3.2319999999998656,2107.2022753074766
3.2339999999998654,2107.150296640441
3.235999999999865,2107.0983083624537
3.237999999999865,2107.0463104712067
3.2399999999998648,2106.9941587695967
3.2419999999998645,2106.942141641922
3.2439999999998643,2106.889970627523
3.245999999999864,2106.8377899487514
3.247999999999864,2106.7855996031863
3.2499999999998637,2106.733399570445
3.2519999999998634,2106.6811898601177
3.2539999999998632,2106.6288260811657
3.255999999999863,2106.576452571986
3.257999999999863,2106.5242137667888
3.2599999999998626,2106.47182079291
3.2619999999998623,2106.419418075602
3.263999999999862,2106.3668610889094
3.265999999999862,2106.3144388684445
3.2679999999998617,2106.2620068792335
3.2699999999998615,2106.2094205202875
3.2719999999998612,2106.1568243637257
3.273999999999861,2106.104218389019
3.275999999999861,2106.0516026057685
3.2779999999998606,2105.9989769935073
3.2799999999998604,2105.9461968156666
3.28199999999986,2105.8935515409125
3.28399999999986,2105.840751635368
3.2859999999998597,2105.7879418487314
3.2879999999998595,2105.735122184406
3.2899999999998593,2105.682292628007
3.291999999999859,2105.629453176989
3.293999999999859,2105.576458898424
3.2959999999998586,2105.5234546897946
3.2979999999998584,2105.470585509709
3.299999999999858,2105.417561406714
3.301999999999858,2105.3645273481598
3.3039999999998577,2105.3113382703673
3.3059999999998575,2105.2582842838283
3.3079999999998573,2105.2050751942797
3.309999999999857,2105.1520012456763
3.311999999999857,2105.0987721342362
3.3139999999998566,2105.0455330093673
3.3159999999998564,2104.9922838505313
3.317999999999856,2104.9388794020806
3.319999999999856,2104.8856101703086
3.3219999999998557,2104.8321855707454
3.3239999999998555,2104.7787508901265
3.3259999999998553,2104.7253061077827
3.327999999999855,2104.671851233171
3.329999999999855,2104.618386245725
3.3319999999998546,2104.564911154935
3.3339999999998544,2104.511280478601
3.335999999999854,2104.4576396505013
3.337999999999854,2104.4039886560927
3.3399999999998538,2104.3503274987743
3.3419999999998535,2104.2966561579015
3.3439999999998533,2104.242974648908
3.345999999999853,2104.189137305456
3.347999999999853,2104.1354354187984
3.3499999999998527,2104.081577636978
3.3519999999998524,2104.0277096271734
3.353999999999852,2103.97383137479
3.355999999999852,2103.919797092372
3.3579999999998518,2103.86589833715
3.3599999999998515,2103.811843472905
3.3619999999998513,2103.757924180252
3.363999999999851,2103.7038487236136
3.365999999999851,2103.6496170346973
3.3679999999998507,2103.5955209493586
3.3699999999998504,2103.5414145325994
3.3719999999998502,2103.4871517796755
3.37399999999985,2103.4328786641468
3.37599999999985,2103.378741229415
3.3779999999998496,2103.3243012623166
3.3799999999998493,2103.2699970007675
3.381999999999849,2103.215682335808
3.383999999999849,2103.1612111004433
3.3859999999998487,2103.106875628721
3.3879999999998485,2103.052383512952
3.3899999999998482,2102.9978809508893
3.391999999999848,2102.94322164485
3.393999999999848,2102.888698153976
3.3959999999998476,2102.834164184661
3.3979999999998474,2102.779473366547
3.399999999999847,2102.7247720382106
3.401999999999847,2102.670060178824
3.4039999999998467,2102.6153377917326
3.4059999999998465,2102.560458381318
3.4079999999998463,2102.505714908305
3.409999999999846,2102.450814331758
3.411999999999846,2102.395903171892
3.4139999999998456,2102.3409814078827
3.4159999999998454,2102.286049042983
3.417999999999845,2102.2311060563493
3.419999999999845,2102.1760057777815
3.4219999999998447,2102.1210415531705
3.4239999999998445,2102.06591996209
3.4259999999998443,2102.010787699379
3.427999999999844,2101.955644762206
3.429999999999844,2101.900491141781
3.4319999999998436,2101.845179978666
3.4339999999998434,2101.790004966836
3.435999999999843,2101.734672343552
3.437999999999843,2101.6793289807033
3.4399999999998427,2101.6239748633784
3.4419999999998425,2101.568462995034
3.4439999999998423,2101.513087355803
3.445999999999842,2101.4575538844247
3.447999999999842,2101.402156687876
3.4499999999998416,2101.346601596117
3.4519999999998414,2101.2910356815364
3.453999999999841,2101.2353117751277
3.455999999999841,2101.179724195662
3.4579999999998408,2101.1239785429375
3.4599999999998405,2101.068222004352
3.4619999999998403,2101.0126018525216
3.46399999999984,2100.9566762099303
3.46599999999984,2100.900886972415
3.4679999999998397,2100.845086825457
3.4699999999998394,2100.789128356989
3.471999999999839,2100.7331589395253
3.473999999999839,2100.6771785460865
3.4759999999998388,2100.6211871797673
3.4779999999998386,2100.565184831601
3.4799999999998383,2100.509171498719
3.481999999999838,2100.4529996009323
3.483999999999838,2100.396816678571
3.4859999999998377,2100.340622710596
3.4879999999998375,2100.2844176940475
3.4899999999998372,2100.2282016139707
3.491999999999837,2100.1718267625547
3.493999999999837,2100.11558855355
3.4959999999998366,2100.0591914908873
3.4979999999998364,2100.002783312582
3.499999999999836,2099.9463640156296
3.501999999999836,2099.8899335850647
3.5039999999998357,2099.833344125538
3.5059999999998355,2099.7767434858615
3.5079999999998353,2099.7202796080865
3.509999999999835,2099.6636565863632
3.511999999999835,2099.606874359731
3.5139999999998346,2099.5502289334177
3.5159999999998344,2099.4934242132513
3.517999999999834,2099.4367563341466
3.519999999999834,2099.3799290962806
3.5219999999998337,2099.3230905893683
3.5239999999998335,2099.266240810324
3.5259999999998333,2099.2092315220634
3.527999999999833,2099.1523591601917
3.529999999999833,2099.095327217885
3.5319999999998326,2099.0382839382582
3.5339999999998324,2098.9812293061077
3.535999999999832,2098.924163318427
3.537999999999832,2098.8669375665027
3.5399999999998317,2098.809848840961
3.5419999999998315,2098.75260027965
3.5439999999998313,2098.69534030322
3.545999999999831,2098.63806889647
3.547999999999831,2098.580637508168
3.5499999999998306,2098.523343219864
3.5519999999998304,2098.4658888721424
3.55399999999983,2098.4084230342087
3.55599999999983,2098.350945690809
3.5579999999998297,2098.2934568328455
3.5599999999998295,2098.2359564692138
3.5619999999998293,2098.178295827653
3.563999999999829,2098.120772407362
3.565999999999829,2098.063088637055
3.5679999999998286,2098.00539328863
3.5699999999998284,2097.947537488075
3.571999999999828,2097.889818956083
3.573999999999828,2097.831939881458
3.5759999999998278,2097.7741981291206
3.5779999999998275,2097.716295761676
3.5799999999998273,2097.6583817430724
3.581999999999827,2097.6003070067304
3.583999999999827,2097.5423696460757
3.5859999999998267,2097.484271482893
3.5879999999998264,2097.4261615893893
3.589999999999826,2097.368039968368
3.591999999999826,2097.3099065985075
3.593999999999826,2097.2517614826065
3.5959999999998256,2097.1934553486417
3.5979999999998253,2097.1351374136348
3.599999999999825,2097.0769569978147
3.601999999999825,2097.018466091436
3.6039999999998247,2096.9601127217825
3.6059999999998245,2096.901747513996
3.6079999999998242,2096.8432210198707
3.609999999999824,2096.784682656415
3.611999999999824,2096.7261323961843
3.6139999999998236,2096.6675702359043
3.6159999999998234,2096.608996178324
3.617999999999823,2096.5502606047767
3.619999999999823,2096.491662712176
3.6219999999998227,2096.432903229919
3.6239999999998225,2096.3741317880927
3.6259999999998223,2096.315198645721
3.627999999999822,2096.25640322612
3.629999999999822,2096.1975957707186
3.6319999999998216,2096.138626446567
3.6339999999998214,2096.079794896955
3.635999999999821,2096.0208014286945
3.637999999999821,2095.961795904092
3.6399999999998207,2095.9027783138076
3.6419999999998205,2095.8435986833492
3.6439999999998203,2095.7845569328747
3.64599999999982,2095.72535307389
3.64799999999982,2095.6661370801553
3.6499999999998196,2095.606908954287
3.6519999999998194,2095.5476686808524
3.653999999999819,2095.4882661002584
3.655999999999819,2095.4290015146644
3.6579999999998187,2095.369574541265
3.6599999999998185,2095.3101353568245
3.6619999999998183,2095.2506839579455
3.663999999999818,2095.191070018171
3.665999999999818,2095.131594143064
3.6679999999998176,2095.0719556521044
3.6699999999998174,2095.0123048768373
3.671999999999817,2094.952641795755
3.673999999999817,2094.8929664114216
3.6759999999998167,2094.833128222864
3.6779999999998165,2094.77327767381
3.6799999999998163,2094.713565308637
3.681999999999816,2094.6535394260277
3.683999999999816,2094.5936517504247
3.6859999999998156,2094.533751670228
3.6879999999998154,2094.4736885150655
3.689999999999815,2094.413612915808
3.691999999999815,2094.353524856878
3.6939999999998148,2094.293424334752
3.6959999999998145,2094.2333113458862
3.6979999999998143,2094.173035032967
3.699999999999814,2094.1127462014338
3.701999999999814,2094.0524448356896
3.7039999999998137,2093.9921309201704
3.7059999999998134,2093.931804451227
3.7079999999998132,2093.871314432199
3.709999999999813,2093.810962838338
3.711999999999813,2093.750447606072
3.7139999999998126,2093.689919767106
3.7159999999998123,2093.6293792936444
3.717999999999812,2093.5686750311093
3.719999999999812,2093.507958087676
3.7219999999998117,2093.447379662142
3.7239999999998115,2093.386637323549
3.7259999999998112,2093.3257310031986
3.727999999999811,2093.2649632335615
3.729999999999811,2093.2040313932234
3.7319999999998106,2093.1432381538657
3.7339999999998104,2093.0822807608697
3.73599999999981,2093.0211591511866
3.73799999999981,2092.9601761692575
3.7399999999998097,2092.8991803821477
3.7419999999998095,2092.838020241559
3.7439999999998093,2092.776847248673
3.745999999999809,2092.715661381714
3.747999999999809,2092.6543110023736
3.7499999999998086,2092.593099362192
3.7519999999998084,2092.531723120029
3.753999999999808,2092.4703339428847
3.755999999999808,2092.4089318029055
3.7579999999998077,2092.3475167084002
3.7599999999998075,2092.2860886435724
3.7619999999998073,2092.2244957513562
3.763999999999807,2092.1628898350245
3.765999999999807,2092.101270890763
3.7679999999998066,2092.0396388967197
3.7699999999998064,2091.977841866871
3.771999999999806,2091.916183759764
3.773999999999806,2091.8543605325926
3.7759999999998057,2091.792524187917
3.7779999999998055,2091.7306747218445
3.7799999999998053,2091.6686599746304
3.781999999999805,2091.606784221949
3.783999999999805,2091.5447431095977
3.7859999999998046,2091.482688795635
3.7879999999998044,2091.420621276254
3.789999999999804,2091.358388229238
3.791999999999804,2091.296294260885
3.7939999999998038,2091.23403467403
3.7959999999998035,2091.171761813162
3.7979999999998033,2091.1094756563457
3.799999999999803,2091.0471761936506
3.801999999999803,2090.9847109253046
3.8039999999998027,2090.9222322959167
3.8059999999998024,2090.859740301618
3.807999999999802,2090.797234920382
3.809999999999802,2090.7347161543385
3.8119999999998018,2090.6720313218043
3.8139999999998015,2090.6094857534754
3.8159999999998013,2090.546774039177
3.817999999999801,2090.4840488706113
3.819999999999801,2090.4211574347605
3.8219999999998007,2090.358405306823
3.8239999999998004,2090.2954868197544
3.8259999999998002,2090.2325547965766
3.8279999999998,2090.1696092273087
3.8299999999998,2090.1066500959028
3.8319999999997996,2090.0436774043196
3.8339999999997993,2089.98053810862
3.835999999999799,2089.9173851965566
3.837999999999799,2089.8542186461646
3.8399999999997987,2089.791038453286
3.8419999999997985,2089.7276914474264
3.8439999999997982,2089.6644839303367
3.845999999999798,2089.6011095197246
3.847999999999798,2089.5377213900047
3.8499999999997976,2089.474319531078
3.8519999999997974,2089.410750606165
3.853999999999797,2089.3473212552217
3.855999999999797,2089.2837247514567
3.8579999999997967,2089.2201144413702
3.8599999999997965,2089.1564903208773
3.8619999999997963,2089.092852367803
3.863999999999796,2089.0290470630857
3.865999999999796,2088.9652278686203
3.8679999999997956,2088.9015483801254
3.8699999999997954,2088.8375477637164
3.871999999999795,2088.773686862926
3.873999999999795,2088.7098120436726
3.8759999999997947,2088.645769555683
3.8779999999997945,2088.5817130976934
3.8799999999997943,2088.51764264746
3.881999999999794,2088.4535581948135
3.883999999999794,2088.389459735464
3.8859999999997936,2088.3251933628335
3.8879999999997934,2088.260912919678
3.889999999999793,2088.1966184017
3.891999999999793,2088.1323097926334
3.8939999999997927,2088.067987082258
3.8959999999997925,2088.0034962009404
3.8979999999997923,2087.939145271306
3.899999999999792,2087.8746260764497
3.901999999999792,2087.810092713473
3.9039999999997916,2087.745390959094
3.9059999999997914,2087.6808292010014
3.907999999999791,2087.6160989688997
3.909999999999791,2087.5515087804383
3.9119999999997908,2087.486750029367
3.9139999999997905,2087.421977010306
3.9159999999997903,2087.3570353017362
3.91799999999979,2087.292233699511
3.91999999999979,2087.227263306889
3.9219999999997897,2087.162433080066
3.9239999999997894,2087.0974339799573
3.925999999999789,2087.0322659354456
3.927999999999789,2086.967238077833
3.9299999999997888,2086.902195818973
3.9319999999997886,2086.8369844759513
3.9339999999997883,2086.771758684376
3.935999999999788,2086.706518421823
3.937999999999788,2086.64126368389
3.9399999999997877,2086.575994454129
3.9419999999997875,2086.510710740171
3.9439999999997872,2086.4452576347853
3.945999999999787,2086.3799448986238
3.947999999999787,2086.314462687379
3.9499999999997866,2086.248965905235
3.9519999999997864,2086.183454541795
3.953999999999786,2086.1179285805456
3.955999999999786,2086.052388017005
3.9579999999997857,2085.9866777086318
3.9599999999997855,2085.9211079046368
3.9619999999997852,2085.85536825964
3.963999999999785,2085.789613937303
3.965999999999785,2085.7240001736473
3.9679999999997846,2085.6582164517636
3.9699999999997844,2085.592418014999
3.971999999999784,2085.5266048528815
3.973999999999784,2085.460776954855
3.9759999999997837,2085.3947788665487
3.9779999999997835,2085.3289214484776
3.9799999999997833,2085.26304925703
3.981999999999783,2085.1971622817077
3.983999999999783,2085.1312605179824
3.9859999999997826,2085.0651883436835
3.9879999999997824,2084.999256954794
3.989999999999782,2084.9333107339876
3.991999999999782,2084.86734967082
3.9939999999997817,2084.8013737547753
3.9959999999997815,2084.735382969308
3.9979999999997813,2084.6695331183596
3.999999999999781,2084.6035125556673
4.001999999999781,2084.537632964105
4.003999999999781,2084.4717384710684
4.005999999999781,2084.4059850194335
4.007999999999781,2084.340216661146
4.00999999999978,2084.274589360716
4.01199999999978,2084.20910313999
4.01399999999978,2084.1436019408607
4.01599999999978,2084.0783979757466
4.0179999999997795,2084.013335149067
4.019999999999779,2083.9487257938486
4.021999999999779,2083.884413668101
4.023999999999779,2083.8210235191004
4.025999999999779,2083.759804196756
4.027999999999778,1922.9955618285155
4.029999999999778,1789.1182496034394
4.031999999999778,1704.444457447592
4.033999999999778,1669.3632080109994
4.0359999999997775,1657.7659089999079
4.037999999999777,1653.5518870413005
4.039999999999777,1652.157917936988
4.041999999999777,1651.8453156740475
4.043999999999777,1651.8484980819119
4.045999999999776,1651.8493752370484
4.047999999999776,1651.7390563205897
4.049999999999776,1651.505009522605
4.051999999999776,1651.1694564319528
4.053999999999776,1650.7617177464508
4.055999999999775,1650.3066606739055
4.057999999999775,1649.8236333819411
4.059999999999775,1649.3249733118032
4.061999999999775,1648.8195503485579
4.0639999999997745,1648.3120176618984
4.065999999999774,1647.8055065316935
4.067999999999774,1647.3019690002602
4.069999999999774,1646.8021513859355
4.071999999999774,1646.3062171451973
4.073999999999773,1645.8143547272846
4.075999999999773,1645.3263600680966
4.077999999999773,1644.8420449577204
4.079999999999773,1644.3610345533589
4.0819999999997725,1643.8831666934072
4.083999999999772,1643.4078979776648
4.085999999999772,1642.9352899085955
4.087999999999772,1642.4646375130615
4.089999999999772,1641.995838495802
4.091999999999771,1641.5286129461542
4.093999999999771,1641.0626991760544
4.095999999999771,1640.597854321181
4.097999999999771,1640.1338532151565
4.0999999999997705,1639.6704898733165
4.10199999999977,1647.864365345982
4.10399999999977,1647.7864836950562
4.10599999999977,1647.6980027894986
4.10799999999977,1647.6041728339146
4.109999999999769,1647.5078360572795
4.111999999999769,1647.4105355842537
4.113999999999769,1647.3131181949577
4.115999999999769,1647.2160601601227
4.1179999999997685,1647.1195958666096
4.119999999999768,1647.0238423466549
4.121999999999768,1646.9288580843922
4.123999999999768,1646.8346793297085
4.125999999999768,1646.741338605259
4.127999999999767,1646.6487999444548
4.129999999999767,1646.5570963207795
4.131999999999767,1646.46620375416
4.133999999999767,1646.376121195128
4.1359999999997665,1646.2868701991617
4.137999999999766,1646.1983981221185
4.139999999999766,1646.1107494831783
4.141999999999766,1646.0238950905762
4.143999999999766,1645.9378070412752
4.145999999999765,1645.852527415599
4.147999999999765,1645.7680281876612
4.149999999999765,1645.6843039723094
4.151999999999765,1645.6013722289324
4.1539999999997645,1645.5191837304008
4.155999999999764,1645.4377562254624
4.157999999999764,1645.3571049385905
4.159999999999764,1645.2771833516802
4.161999999999764,1645.198007360396
4.1639999999997634,1645.1195919091713
4.165999999999763,1645.0419114156455
4.167999999999763,1644.9649419723482
4.169999999999763,1644.8887168422805
4.171999999999763,1644.8132113673544
4.173999999999762,1644.7384210724242
4.175999999999762,1644.6643224682734
4.177999999999762,1644.5909462037944
4.179999999999762,1644.518269636355
4.1819999999997615,1644.4462870499758
4.183999999999761,1644.374993513451
4.185999999999761,1644.304384088244
4.187999999999761,1644.2344689970398
4.189999999999761,1644.1652118469667
4.19199999999976,1644.096622745735
4.19399999999976,1644.0286967274958
4.19599999999976,1643.961429229703
4.19799999999976,1643.8948140658547
4.1999999999997595,1643.8288604637182
4.201999999999759,1643.7635355714986
4.203999999999759,1643.6988472770574
4.205999999999759,1643.634804771655
4.207999999999759,1643.5713752896875
4.209999999999758,1643.508567492888
4.211999999999758,1643.446388516017
4.213999999999758,1643.38480810147
4.215999999999758,1643.3238340832029
4.2179999999997575,1643.263472378807
4.219999999999757,1643.2036948046596
4.221999999999757,1643.1445075603117
4.223999999999757,1643.0859166155306
4.225999999999757,1643.02789541849
4.227999999999756,1642.9704493892114
4.229999999999756,1642.913582911019
4.231999999999756,1642.857271448118
4.233999999999756,1642.8015200861337
4.2359999999997555,1642.7463239689196
4.237999999999755,1642.6916856727494
4.239999999999755,1642.6375835925408
4.241999999999755,1642.5840210038364
4.243999999999755,1642.5309935328673
4.245999999999754,1642.4784955484406
4.247999999999754,1642.4265297546794
4.249999999999754,1642.3750762286581
4.251999999999754,1642.32413709538
4.2539999999997535,1642.27370807202
4.255999999999753,1642.2237844695273
4.257999999999753,1642.1743607590026
4.259999999999753,1642.125432289627
4.261999999999753,1642.0769881470248
4.263999999999752,1642.0290362771611
4.265999999999752,1641.9815648023887
4.267999999999752,1641.9345697557596
4.269999999999752,1641.8880407547113
4.2719999999997516,1641.8419838839743
4.273999999999751,1641.7963885889922
4.275999999999751,1641.7512460619712
4.277999999999751,1641.7065611828893
4.279999999999751,1641.6623201872887
4.2819999999997505,1641.6185225763263
4.28399999999975,1641.5751644152242
4.28599999999975,1641.532244675219
4.28799999999975,1641.4897508853762
4.28999999999975,1641.4476831494148
4.291999999999749,1641.4060367614024
4.293999999999749,1641.3648065986106
4.295999999999749,1641.323986992226
4.297999999999749,1641.2835773043025
4.2999999999997485,1641.243571733654
4.301999999999748,1641.203963485442
4.303999999999748,1641.1647522067444
4.305999999999748,1641.1259304474024
4.307999999999748,1641.0874954973362
4.309999999999747,1641.0494439513257
4.311999999999747,1641.0117726286428
4.313999999999747,1640.9744730267016
4.315999999999747,1640.9375434545914
4.3179999999997465,1640.900980465139
4.319999999999746,1640.864778646954
4.321999999999746,1640.8289360722142
4.323999999999746,1640.7934473567068
4.325999999999746,1640.7583086122092
4.327999999999745,1640.723516529193
4.329999999999745,1640.6890672508282
4.331999999999745,1640.65495663527
4.333999999999745,1640.6211810245884
4.3359999999997445,1640.5877367922835
4.337999999999744,1640.5546194319354
4.339999999999744,1640.5218272340053
4.341999999999744,1640.4893535567792
4.343999999999744,1640.457197845711
4.345999999999743,1640.425355223106
4.347999999999743,1640.3938213266733
4.349999999999743,1640.3625931986212
4.351999999999743,1640.3316674552345
4.3539999999997425,1640.3010398240556
4.355999999999742,1640.2707100017983
4.357999999999742,1640.2406697154622
4.359999999999742,1640.210920036847
4.361999999999742,1640.181455170006
4.363999999999741,1640.152272373052
4.365999999999741,1640.1233675474352
4.367999999999741,1640.094741377953
4.369999999999741,1640.0663836880105
4.3719999999997405,1640.0382977866782
4.37399999999974,1640.0104777173274
4.37599999999974,1639.9829199892513
4.37799999999974,1639.9556211403155
4.37999999999974,1639.928578670675
4.381999999999739,1639.9017929489314
4.383999999999739,1639.8752531778566
4.385999999999739,1639.8489646061346
4.387999999999739,1639.8229201437473
4.3899999999997386,1639.7971169688453
4.391999999999738,1639.771551819383
4.393999999999738,1639.7462263945977
4.395999999999738,1639.7211286729746
4.397999999999738,1639.6962659251221
4.3999999999997375,1639.6716295933832
4.401999999999737,1639.6472228670987
4.403999999999737,1639.62303201269
4.405999999999737,1639.5990652798225
4.407999999999737,1639.5753085641813
4.409999999999736,1639.5517710650618
4.411999999999736,1639.5284442087607
4.413999999999736,1639.505331021496
4.415999999999736,1639.4824176320299
4.4179999999997355,1639.4597127326692
4.419999999999735,1639.4372088714133
4.421999999999735,1639.4149022334566
4.423999999999735,1639.392791412363
4.425999999999735,1639.370880167219
4.427999999999734,1639.349159328799
4.429999999999734,1639.3276266118696
4.431999999999734,1639.3062797572318
4.433999999999734,1639.285116051889
4.4359999999997335,1639.2641407867718
4.437999999999733,1639.2433444531255
4.439999999999733,1639.2227244082853
4.441999999999733,1639.2022789957339
4.443999999999733,1639.182012983664
4.445999999999732,1639.1619091601294
4.447999999999732,1639.1419812299173
4.449999999999732,1639.1222259474484
4.451999999999732,1639.1026266386891
4.4539999999997315,1639.0831966006278
4.455999999999731,1639.0639262490542
4.457999999999731,1639.0448126610104
4.459999999999731,1639.0258543892346
4.461999999999731,1639.0070575990826
4.46399999999973,1638.9884119933654
4.46599999999973,1638.9699157045077
4.46799999999973,1638.9515668871074
4.46999999999973,1638.9333715962352
4.4719999999997295,1638.9153202924147
4.473999999999729,1638.8974102160184
4.475999999999729,1638.8796400916863
4.477999999999729,1638.8620163327166
4.479999999999729,1638.8445287073962
4.481999999999728,1638.8271760016335
4.483999999999728,1638.8099550615777
4.485999999999728,1638.7928746029152
4.487999999999728,1638.7759227286826
4.4899999999997275,1638.7590983018245
4.491999999999727,1638.742399222318
4.493999999999727,1638.7258335538552
4.495999999999727,1638.7093901950295
4.497999999999727,1638.6930670983377
4.499999999999726,1638.6768725626769
4.501999999999726,1638.660795846755
4.503999999999726,1638.6448344604617
4.505999999999726,1638.628996929369
4.507999999999726,1638.6132628119979
4.509999999999725,1638.59764925086
4.511999999999725,1638.5821549789582
4.513999999999725,1638.5667592665884
4.515999999999725,1638.5514796363989
4.5179999999997245,1638.536305515662
4.519999999999724,1638.521244934732
4.521999999999724,1638.5062762994703
4.523999999999724,1638.4914186142535
4.525999999999724,1638.476670708789
4.527999999999723,1638.4620102263805
4.529999999999723,1638.447457020919
4.531999999999723,1638.4330089608482
4.533999999999723,1638.418644934712
4.5359999999997225,1638.404383633273
4.537999999999722,1638.3902131206605
4.539999999999722,1638.376143561178
4.541999999999722,1638.3621624496311
4.543999999999722,1638.348268589286
4.545999999999721,1638.334471316202
4.547999999999721,1638.3207484680636
4.549999999999721,1638.3071199696478
4.551999999999721,1638.2935843026144
4.5539999999997205,1638.2801297725046
4.55599999999972,1638.2667552602559
4.55799999999972,1638.2534596599007
4.55999999999972,1638.2402521836595
4.56199999999972,1638.2271210181839
4.563999999999719,1638.2140764888118
4.565999999999719,1638.2011057124269
4.567999999999719,1638.1882081477045
4.569999999999719,1638.1753827593957
4.5719999999997185,1638.1626385478446
4.573999999999718,1638.1499645488516
4.575999999999718,1638.1373698550663
4.577999999999718,1638.124842942116
4.579999999999718,1638.1123823190878
4.581999999999717,1638.0999870146534
4.583999999999717,1638.0876673180626
4.585999999999717,1638.075422379482
4.587999999999717,1638.0632282148324
4.5899999999997165,1638.0511064905702
4.591999999999716,1638.0390568934477
4.593999999999716,1638.0270547610278
4.595999999999716,1638.0151344466647
4.597999999999716,1638.0032592877128
4.599999999999715,1637.9914523380662
4.601999999999715,1637.979700767956
4.603999999999715,1637.9680152711924
4.605999999999715,1637.9563829737272
4.6079999999997145,1637.944803540682
4.609999999999714,1637.9332872612595
4.611999999999714,1637.9218217143764
4.613999999999714,1637.9104060762372
4.615999999999714,1637.8990507395754
4.6179999999997134,1637.8877560071726
4.619999999999713,1637.8764611897454
4.621999999999713,1637.8652581602464
4.623999999999713,1637.8541129607918
4.625999999999713,1637.843013039918
4.627999999999712,1637.8319571107481
4.629999999999712,1637.8209438928664
4.631999999999712,1637.809985069205
4.633999999999712,1637.7990794414018
4.6359999999997115,1637.7882138524208
4.637999999999711,1637.7773880876675
4.639999999999711,1637.7666129047739
4.641999999999711,1637.7558756198455
4.643999999999711,1637.745176040291
4.64599999999971,1637.7345244826436
4.64799999999971,1637.7239082178676
4.64999999999971,1637.7133391785892
4.65199999999971,1637.7027852901526
4.6539999999997095,1637.6922947402418
4.655999999999709,1637.6818373364415
4.657999999999709,1637.6714124091018
4.659999999999709,1637.6610299159934
4.661999999999709,1637.650678610888
4.663999999999708,1637.6403684941783
4.665999999999708,1637.6300877726915
4.667999999999708,1637.6198347526938
4.669999999999708,1637.6096215983293
4.6719999999997075,1637.5994349067557
4.673999999999707,1637.5892863559764
4.675999999999707,1637.5791758952073
4.677999999999707,1637.5690772286412
4.679999999999707,1637.5590149240923
4.681999999999706,1637.5489878870364
4.683999999999706,1637.5389837104026
4.685999999999706,1637.5290012681555
4.687999999999706,1637.519051835174
4.6899999999997055,1637.5091359188589
4.691999999999705,1637.4992270699793
4.693999999999705,1637.4893625000427
4.695999999999705,1637.4795038433067
4.697999999999705,1637.4696878544955
4.699999999999704,1637.4598766417296
4.701999999999704,1637.4500940251726
4.703999999999704,1637.4403400078788
4.705999999999704,1637.4306015737839
4.7079999999997035,1637.4208776401908
4.709999999999703,1637.4111801684837
4.711999999999703,1637.4015086413222
4.713999999999703,1637.391836963933
4.715999999999703,1637.3822027037952
4.717999999999702,1637.372580299855
4.719999999999702,1637.3629686897405
4.721999999999702,1637.353369494185
4.723999999999702,1637.3437942174326
4.7259999999997016,1637.3342418275554
4.727999999999701,1637.324686160202
4.729999999999701,1637.315163869413
4.731999999999701,1637.3056493265362
4.733999999999701,1637.2961420293393
4.7359999999997004,1637.2866529865928
4.7379999999997,1637.2771702024852
4.7399999999997,1637.2677041585325
4.7419999999997,1637.2582433972505
4.7439999999997,1637.2487984100933
4.745999999999699,1637.2393566602575
4.747999999999699,1637.229918207288
4.749999999999699,1637.2205066983931
4.751999999999699,1637.211083853252
4.7539999999996985,1637.201687553356
4.755999999999698,1637.192279516105
4.757999999999698,1637.1828976360937
4.759999999999698,1637.1734700140603
4.761999999999698,1637.1640977305483
4.763999999999697,1637.1547107665922
4.765999999999697,1637.145347027168
4.767999999999697,1637.1359676957557
4.769999999999697,1637.1266101326141
4.7719999999996965,1637.1172492219976
4.773999999999696,1637.107883426843
4.775999999999696,1637.0985254443235
4.777999999999696,1637.0891622315085
4.779999999999696,1637.0798053934177
4.781999999999695,1637.0704544828052
4.783999999999695,1637.061096469906
4.785999999999695,1637.0517309214958
4.787999999999695,1637.0423699824914
4.7899999999996945,1637.0330132114852
4.791999999999694,1637.0236470535392
4.793999999999694,1637.0142710836926
4.795999999999694,1637.0049099896428
4.797999999999694,1636.995526219316
4.799999999999693,1636.9861559019678
4.801999999999693,1636.9767615238247
4.803999999999693,1636.9673797289133
4.805999999999693,1636.9579855689992
4.8079999999996925,1636.94857808239
4.809999999999692,1636.9391693678665
4.811999999999692,1636.9297595475962
4.813999999999692,1636.9203293740834
4.815999999999692,1636.9108894712044
4.817999999999691,1636.9014455527786
4.819999999999691,1636.8919982983548
4.821999999999691,1636.8825342741045
4.823999999999691,1636.873066082972
4.8259999999996905,1636.863592746826
4.82799999999969,1636.854100862885
4.82999999999969,1636.8445905947945
4.83199999999969,1636.8350739557918
4.83399999999969,1636.825549969045
4.835999999999689,1636.8160058348203
4.837999999999689,1636.8064535349765
4.839999999999689,1636.7968926500143
4.841999999999689,1636.7873104195107
4.8439999999996886,1636.7777064637942
4.845999999999688,1636.7680921619176
4.847999999999688,1636.7584670965975
4.849999999999688,1636.7488191226425
4.851999999999688,1636.7391590213767
4.8539999999996875,1636.7294752374305
4.855999999999687,1636.7197785245917
4.857999999999687,1636.710069028278
4.859999999999687,1636.7003341219167
4.861999999999687,1636.6905850751943
4.863999999999686,1636.680809293864
4.865999999999686,1636.6710185783413
4.867999999999686,1636.6612125164722
4.869999999999686,1636.651378565852
4.8719999999996855,1636.6415284798616
4.873999999999685,1636.6316491892007
4.875999999999685,1636.6217529771786
4.877999999999685,1636.6118388702128
4.879999999999685,1636.601894417673
4.881999999999684,1636.5919312872616
4.883999999999684,1636.5819370678257
4.885999999999684,1636.5719228256617
4.887999999999684,1636.5618887172175
4.8899999999996835,1636.5518223923432
4.891999999999683,1636.5417348594544
4.893999999999683,1636.5316138099142
4.895999999999683,1636.5214707783432
4.897999999999683,1636.5113053574412
4.899999999999682,1636.501105304269
4.901999999999682,1636.4908820916569
4.903999999999682,1636.480622385186
4.905999999999682,1636.4703393197863
4.9079999999996815,1636.4600313526107
4.909999999999681,1636.4496857860972
4.911999999999681,1636.4393151216484
4.913999999999681,1636.428918384367
4.915999999999681,1636.4184829489218
4.91799999999968,1636.408020678105
4.91999999999968,1636.3975311670486
4.92199999999968,1636.3870012937791
4.92399999999968,1636.3764434204404
4.9259999999996795,1636.365845048704
4.927999999999679,1636.3552173479309
4.929999999999679,1636.3445599136849
4.931999999999679,1636.3338608998895
4.933999999999679,1636.3231308244915
4.935999999999678,1636.3123692826464
4.937999999999678,1636.3015650855186
4.939999999999678,1636.2907286693585
4.941999999999678,1636.2798483287286
4.9439999999996775,1636.268946290603
4.945999999999677,1636.2579995778262
4.947999999999677,1636.2470078748534
4.949999999999677,1636.2359814743904
4.951999999999677,1636.2249199723606
4.953999999999676,1636.213823541624
4.955999999999676,1636.2026801106117
4.957999999999676,1636.1915004281516
4.959999999999676,1636.1802730629536
4.961999999999676,1636.1690081241395
4.963999999999675,1636.1577063652505
4.965999999999675,1636.1463552952596
4.967999999999675,1636.1349655060023
4.969999999999675,1636.123537173573
4.9719999999996745,1636.112069314745
4.973999999999674,1636.1005507295652
4.975999999999674,1636.0889912973475
4.977999999999674,1636.0773810495157
4.979999999999674,1636.0657292168235
4.981999999999673,1636.0540359771528
4.983999999999673,1636.0423009271983
4.985999999999673,1636.0305124971344
4.987999999999673,1636.0186809390284
4.9899999999996725,1636.0067953385987
4.991999999999672,1635.9948658764904
4.993999999999672,1635.9828915653925
4.995999999999672,1635.9708731692206
4.997999999999672,1635.9587987565608
4.999999999999671,1635.9466789438734
5.001999999999671,1635.9345127425452
5.003999999999671,1635.9222895056478
5.005999999999671,1635.9100197360808
5.0079999999996705,1635.8977018582825
5.00999999999967,1635.8853366402261
5.01199999999967,1635.8729124229953
5.01399999999967,1635.8604395518405
5.01599999999967,1635.847907036212
5.017999999999669,1635.8353251414462
5.019999999999669,1635.8226928758684
5.021999999999669,1635.8100104234268
5.023999999999669,1635.7972663727621
5.0259999999996685,1635.784470823025
5.027999999999668,1635.7716239594376
5.029999999999668,1635.7587241985143
5.031999999999668,1635.7457620702633
5.033999999999668,1635.7327463226845
5.035999999999667,1635.7196765504523
5.037999999999667,1635.7065434200997
5.039999999999667,1635.693337958462
5.041999999999667,1635.6800944899333
5.0439999999996665,1635.6667860845016
5.045999999999666,1635.653422403749
5.047999999999666,1635.6400018581844
5.049999999999666,1635.626524635049
5.051999999999666,1635.6129811381145
5.053999999999665,1635.5993887983527
5.055999999999665,1635.585719782232
5.057999999999665,1635.5720011117317
5.059999999999665,1635.5582148376118
5.0619999999996645,1635.544368459054
5.063999999999664,1635.5304621649934
5.065999999999664,1635.5164955495736
5.067999999999664,1635.5024594131128
5.069999999999664,1635.4883616490567
5.0719999999996634,1635.4742018509003
5.073999999999663,1635.4599715706768
5.075999999999663,1635.4456785482516
5.077999999999663,1635.4313217797255
5.079999999999663,1635.4169020538975
5.081999999999662,1635.4024099406258
5.083999999999662,1635.3878613403963
5.085999999999662,1635.3732313292137
5.087999999999662,1635.3585446168365
5.0899999999996615,1635.3437912253291
5.091999999999661,1635.328964393968
5.093999999999661,1635.3140701796215
5.095999999999661,1635.2991007351309
5.097999999999661,1635.2840723903298
5.09999999999966,1635.268967514009
5.10199999999966,1635.2537943398956
5.10399999999966,1635.2385518591022
5.10599999999966,1635.2232331158186
5.1079999999996595,1635.2078437654272
5.109999999999659,1635.192384605291
5.111999999999659,1635.1768546254928
5.113999999999659,1635.161253418072
5.115999999999659,1635.145573723928
5.117999999999658,1635.1298215034192
5.119999999999658,1635.1139969525996
5.121999999999658,1635.0980996637684
5.123999999999658,1635.0821214142416
5.1259999999996575,1635.066069129125
5.127999999999657,1635.0499436117195
5.129999999999657,1635.0337426374754
5.131999999999657,1635.017460051328
5.133999999999657,1635.0011082124108
5.135999999999656,1634.9846740729367
5.137999999999656,1634.9681635767358
5.139999999999656,1634.951569007719
5.141999999999656,1634.9349040303828
5.1439999999996555,1634.9181542936058
5.145999999999655,1634.9013266975755
5.147999999999655,1634.8844143986041
5.149999999999655,1634.8674287090128
5.151999999999655,1634.8503576339162
5.153999999999654,1634.833212825194
5.155999999999654,1634.815974565006
5.157999999999654,1634.7986623638965
5.159999999999654,1634.7812683594934
5.1619999999996535,1634.7637867957749
5.163999999999653,1634.7462233606839
5.165999999999653,1634.7285770344895
5.167999999999653,1634.7108474078964
5.169999999999653,1634.6930290093203
5.171999999999652,1634.675132237958
5.173999999999652,1634.657145407833
5.175999999999652,1634.639073784569
5.177999999999652,1634.6209109608837
5.1799999999996515,1634.6026685975105
5.181999999999651,1634.5843343624388
5.183999999999651,1634.565913231475
5.185999999999651,1634.5474060246995
5.187999999999651,1634.52881048963
5.1899999999996504,1634.510127446285
5.19199999999965,1634.4913510085776
5.19399999999965,1634.4724905673822
5.19599999999965,1634.4535360653258
5.19799999999965,1634.434487324051
5.199999999999649,1634.4153532749187
5.201999999999649,1634.3961281829438
5.203999999999649,1634.3768078584346
5.205999999999649,1634.3573958290572
5.2079999999996485,1634.3378923035418
5.209999999999648,1634.3182968733988
5.211999999999648,1634.2986078928398
5.213999999999648,1634.2788215729406
5.215999999999648,1634.2589422827516
5.217999999999647,1634.2389728294525
5.219999999999647,1634.2189044337727
5.221999999999647,1634.1987375524022
5.223999999999647,1634.178479198625
5.2259999999996465,1634.158121087355
5.227999999999646,1634.1376705196394
5.229999999999646,1634.1171195434345
5.231999999999646,1634.0964712528908
5.233999999999646,1634.0757258607655
5.235999999999645,1634.0548792575403
5.237999999999645,1634.0339366558433
5.239999999999645,1634.012892819712
5.241999999999645,1633.9917519941876
5.2439999999996445,1633.970508667538
5.245999999999644,1633.9491653377288
5.247999999999644,1633.9277184172797
5.249999999999644,1633.9061733203018
5.251999999999644,1633.8845239931813
5.253999999999643,1633.8627754948154
5.255999999999643,1633.8409215033696
5.257999999999643,1633.818965237202
5.259999999999643,1633.796905037625
5.2619999999996425,1633.7747417471269
5.263999999999642,1633.7524718747786
5.265999999999642,1633.7300993921538
5.267999999999642,1633.7076203222916
5.269999999999642,1633.6850354618343
5.271999999999641,1633.662345029943
5.273999999999641,1633.639547991658
5.275999999999641,1633.6166439387205
5.277999999999641,1633.5936324628021
5.2799999999996405,1633.5705127071492
5.28199999999964,1633.5472849051346
5.28399999999964,1633.5239489043915
5.28599999999964,1633.5005030617463
5.28799999999964,1633.4769479506388
5.289999999999639,1633.4532831640126
5.291999999999639,1633.429507173204
5.293999999999639,1633.4056212827916
5.295999999999639,1633.381623864714
5.2979999999996386,1633.3575149498615
5.299999999999638,1633.3332932620658
5.301999999999638,1633.3089596571065
5.303999999999638,1633.2845129860266
5.305999999999638,1633.2599531765177
5.3079999999996375,1633.2352794878377
5.309999999999637,1633.21049099217
5.311999999999637,1633.1855884381655
5.313999999999637,1633.1605704774242
5.315999999999637,1633.1354372210817
5.317999999999636,1633.1101875372415
5.319999999999636,1633.0848219550435
5.321999999999636,1633.0593399713177
5.323999999999636,1633.0337399119069
5.3259999999996355,1633.0080239024262
5.327999999999635,1632.9821884858882
5.329999999999635,1632.9562337764305
5.331999999999635,1632.9301622257408
5.333999999999635,1632.9039690930076
5.335999999999634,1632.8776578916131
5.337999999999634,1632.8512266310038
5.339999999999634,1632.8246742705828
5.341999999999634,1632.7980004057538
5.3439999999996335,1632.7712052693685
5.345999999999633,1632.744287820187
5.347999999999633,1632.7172476538376
5.349999999999633,1632.6900850042048
5.351999999999633,1632.662800891485
5.353999999999632,1632.635390262733
5.355999999999632,1632.6078588690136
5.357999999999632,1632.5802023297845
5.359999999999632,1632.5524170816725
5.3619999999996315,1632.5245095657867
5.363999999999631,1632.49647633546
5.365999999999631,1632.4683163484035
5.367999999999631,1632.4400298425119
5.369999999999631,1632.4116195219217
5.37199999999963,1632.383077609586
5.37399999999963,1632.3544073315454
5.37599999999963,1632.3256130321568
5.37799999999963,1632.2966849370148
5.3799999999996295,1632.267631616775
5.381999999999629,1632.2384440986145
5.383999999999629,1632.2091301532284
5.385999999999629,1632.1796856765989
5.387999999999629,1632.1501102689654
5.389999999999628,1632.120403530687
5.391999999999628,1632.0905637747962
5.393999999999628,1632.060591888451
5.395999999999628,1632.030486828201
5.3979999999996275,1632.0002488388366
5.399999999999627,1631.9698762319747
5.401999999999627,1631.939375609427
5.403999999999627,1631.908733985655
5.405999999999627,1631.877963804237
5.407999999999626,1631.8470515695155
5.409999999999626,1631.8160089459357
5.411999999999626,1631.7848245071846
5.413999999999626,1631.7535091425132
5.415999999999626,1631.7220562300192
5.417999999999625,1631.6904592736585
5.419999999999625,1631.6587305906273
5.421999999999625,1631.6268631693556
5.423999999999625,1631.5948566134964
5.4259999999996245,1631.562711175052
5.427999999999624,1631.5304251620837
5.429999999999624,1631.4979994754508
5.431999999999624,1631.465432422702
5.433999999999624,1631.4327320726152
5.435999999999623,1631.3998825352216
5.437999999999623,1631.3668904461229
5.439999999999623,1631.3337560600037
5.441999999999623,1631.3004873464074
5.4439999999996225,1631.2670660215695
5.445999999999622,1631.2335012174426
5.447999999999622,1631.1998013213815
5.449999999999622,1631.1659472165811
5.451999999999622,1631.1319575142427
5.453999999999621,1631.097821739406
5.455999999999621,1631.0635314591545
5.457999999999621,1631.02910352581
5.459999999999621,1630.9945200197415
5.4619999999996205,1630.9597983626174
5.46399999999962,1630.9249286763993
5.46599999999962,1630.889911223669
5.46799999999962,1630.8547354070674
5.46999999999962,1630.819420453555
5.471999999999619,1630.7839559109764
5.473999999999619,1630.74834204414
5.475999999999619,1630.7125778104444
5.477999999999619,1630.676663475899
5.4799999999996185,1630.6405517049186
5.481999999999618,1630.604271518574
5.483999999999618,1630.5678268315773
5.485999999999618,1630.5312412800035
5.487999999999618,1630.49450319152
5.489999999999617,1630.4576115208415
5.491999999999617,1630.4205665353218
5.493999999999617,1630.3833793811834
5.495999999999617,1630.346026098028
5.4979999999996165,1630.3085176794655
5.499999999999616,1630.270854395421
5.501999999999616,1630.233034543612
5.503999999999616,1630.1950590525798
5.505999999999616,1630.1569268782605
5.507999999999615,1630.1186382931082
5.509999999999615,1630.0801915945804
5.511999999999615,1630.0415870557758
5.513999999999615,1630.0028242918988
5.5159999999996145,1629.9639168309386
5.517999999999614,1629.9248359645546
5.519999999999614,1629.885595721403
5.521999999999614,1629.8461957184368
5.523999999999614,1629.8066349125984
5.525999999999613,1629.7669135816975
5.527999999999613,1629.7270306831476
5.529999999999613,1629.6869858350321
5.531999999999613,1629.6467938663036
5.533999999999613,1629.6064261250265
5.535999999999612,1629.565896618884
5.537999999999612,1629.525220672513
5.539999999999612,1629.4843653375435
5.541999999999612,1629.4433471009977
5.5439999999996115,1629.4021798071985
5.545999999999611,1629.360832152645
5.547999999999611,1629.3193184756592
5.549999999999611,1629.2776557798666
5.551999999999611,1629.2358097599754
5.55399999999961,1629.1937972510916
5.55599999999961,1629.151617213609
5.55799999999961,1629.1092873405319
5.55999999999961,1629.0667712930356
5.5619999999996095,1629.0240872572347
5.563999999999609,1628.9812341947686
5.565999999999609,1628.9382304982255
5.567999999999609,1628.8950384387833
5.569999999999609,1628.8516762347547
5.571999999999608,1628.808142848496
5.573999999999608,1628.7644392405596
5.575999999999608,1628.7205637082275
5.577999999999608,1628.6765165474878
5.5799999999996075,1628.632297388961
5.581999999999607,1628.5879051967722
5.583999999999607,1628.5433396020765
5.585999999999607,1628.4986009041527
5.587999999999607,1628.453688068257
5.589999999999606,1628.408581143187
5.591999999999606,1628.3633187476983
5.593999999999606,1628.31788178285
5.595999999999606,1628.272269215517
5.5979999999996055,1628.2264590221346
5.599999999999605,1628.1804939707304
5.601999999999605,1628.1343301920792
5.603999999999605,1628.0880112011994
5.605999999999605,1628.04149238186
5.607999999999604,1627.9948166614745
5.609999999999604,1627.9479413509148
5.611999999999604,1627.9009087948427
5.613999999999604,1627.8536742071578
5.6159999999996035,1627.806260014886
5.617999999999603,1627.7586651872466
5.619999999999603,1627.7109124395279
5.621999999999603,1627.6629561276352
5.623999999999603,1627.614817432684
5.625999999999602,1627.5664973402254
5.627999999999602,1627.5179948219122
5.629999999999602,1627.4693095215914
5.631999999999602,1627.4204404112763
5.6339999999996015,1627.3713640369563
5.635999999999601,1627.322127389569
5.637999999999601,1627.2727065418476
5.639999999999601,1627.223076100043
5.641999999999601,1627.1732849211903
5.6439999999996004,1627.1232830430747
5.6459999999996,1627.073120125554
5.6479999999996,1627.0227454039377
5.6499999999996,1626.9722093463843
5.6519999999996,1626.9214597056841
5.653999999999599,1626.8705219792655
5.655999999999599,1626.8193964933887
5.657999999999599,1626.7680822253603
5.659999999999599,1626.7165781524263
5.6619999999995985,1626.6648852790067
5.663999999999598,1626.61300258423
5.665999999999598,1626.5609290472407
5.667999999999598,1626.5086370892468
5.669999999999598,1626.45618197824
5.671999999999597,1626.4035356708791
5.673999999999597,1626.3506692824853
5.675999999999597,1626.2976092368967
5.677999999999597,1626.244386192236
5.6799999999995965,1626.190940051549
5.681999999999596,1626.137300584964
5.683999999999596,1626.0834674534774
5.685999999999596,1626.0294389625058
5.687999999999596,1625.9752161303925
5.689999999999595,1625.9207979421367
5.691999999999595,1625.8661847405172
5.693999999999595,1625.8113748329947
5.695999999999595,1625.7563376449732
5.6979999999995945,1625.7011344609537
5.699999999999594,1625.6457022091636
5.701999999999594,1625.5900728340898
5.703999999999594,1625.5342764485456
5.705999999999594,1625.478250014234
5.707999999999593,1625.4220241023181
5.709999999999593,1625.3655997437804
5.711999999999593,1625.3089745680136
5.713999999999593,1625.2521496082022
5.7159999999995925,1625.1950907010998
5.717999999999592,1625.1378642848076
5.719999999999592,1625.0804028131067
5.721999999999592,1625.0227729555763
5.723999999999592,1624.964906935292
5.725999999999591,1624.906838039288
5.727999999999591,1624.8485659441758
5.729999999999591,1624.790090327597
5.731999999999591,1624.7314115510717
5.7339999999995905,1624.672527928887
5.73599999999959,1624.6134398244888
5.73799999999959,1624.5541462363208
5.73999999999959,1624.4946115932876
5.74199999999959,1624.4348710430709
5.743999999999589,1624.3749606800466
5.745999999999589,1624.3148069193826
5.747999999999589,1624.2544456195012
5.749999999999589,1624.1938771506186
5.7519999999995886,1624.1331005152567
5.753999999999588,1624.0721154012713
5.755999999999588,1624.0108843304888
5.757999999999588,1623.9494810848607
5.759999999999588,1623.8878307769592
5.7619999999995875,1623.8259702641412
5.763999999999587,1623.7639380664546
5.765999999999587,1623.7016564651121
5.767999999999587,1623.6391637371657
5.769999999999587,1623.5764193221084
5.771999999999586,1623.5135031783163
5.773999999999586,1623.4503743084142
5.775999999999586,1623.3869927812893
5.777999999999586,1623.3234379909918
5.7799999999995855,1623.2596294408183
5.781999999999585,1623.1956071467266
5.783999999999585,1623.1313701218926
5.785999999999585,1623.0669180680281
5.787999999999585,1623.002209544313
5.789999999999584,1622.9373269758933
5.791999999999584,1622.872228490783
5.793999999999584,1622.8068718839445
5.795999999999584,1622.7412975710513
5.7979999999995835,1622.67550663699
5.799999999999583,1622.6094974118414
5.801999999999583,1622.5432709838456
5.803999999999583,1622.4768263746978
5.805999999999583,1622.4101184470073
5.807999999999582,1622.3432356607973
5.809999999999582,1622.2760891472562
5.811999999999582,1622.2087227800155
5.813999999999582,1622.1411355835887
5.8159999999995815,1622.0733279649412
5.817999999999581,1622.0052989509572
5.819999999999581,1621.9370029363383
5.821999999999581,1621.8685314043266
5.823999999999581,1621.799790392926
5.82599999999958,1621.7308270212684
5.82799999999958,1621.661641011863
5.82999999999958,1621.5922307042708
5.83199999999958,1621.5225972075655
5.8339999999995795,1621.4527402485423
5.835999999999579,1621.3826092919521
5.837999999999579,1621.3122537800668
5.839999999999579,1621.2417221777014
5.841999999999579,1621.1709156329393
5.843999999999578,1621.0998830300969
5.845999999999578,1621.0285738397654
5.847999999999578,1620.9570873469988
5.849999999999578,1620.8853238698644
5.8519999999995775,1620.8133327113653
5.853999999999577,1620.7411636033198
5.855999999999577,1620.6687165745682
5.857999999999577,1620.5959884330448
5.859999999999577,1620.5230825358647
5.861999999999576,1620.4498951326834
5.863999999999576,1620.3765300265352
5.865999999999576,1620.3028823296413
5.867999999999576,1620.2290036110833
5.869999999999576,1620.154893616472
5.871999999999575,1620.0805527891182
5.873999999999575,1620.0059266289684
5.875999999999575,1619.9310671611327
5.877999999999575,1619.8560296640376
5.8799999999995745,1619.7807052130543
5.881999999999574,1619.7051474052207
5.883999999999574,1619.6293002809457
5.885999999999574,1619.5532740316928
5.887999999999574,1619.4769580843383
5.889999999999573,1619.4004072127589
5.891999999999573,1619.3236204776383
5.893999999999573,1619.2465983368886
5.895999999999573,1619.169340552469
5.8979999999995725,1619.0918461897004
5.899999999999572,1619.014058308272
5.901999999999572,1618.936032775882
5.903999999999572,1618.8577693583577
5.905999999999572,1618.7792685224706
5.907999999999571,1618.700529338719
5.909999999999571,1618.6214926540192
5.911999999999571,1618.5422165520667
5.913999999999571,1618.4627008049865
5.9159999999995705,1618.3829458867838
5.91799999999957,1618.3029501731428
5.91999999999957,1618.22271484193
5.92199999999957,1618.1421774938387
5.92399999999957,1618.0613994650125
5.925999999999569,1617.9803791344657
5.927999999999569,1617.8991169851104
5.929999999999569,1617.8176128010484
5.931999999999569,1617.7358033195144
5.9339999999995685,1617.6538134076632
5.935999999999568,1617.5715178423943
5.937999999999568,1617.4889780580115
5.939999999999568,1617.4061945471283
5.941999999999568,1617.3231024613133
5.943999999999567,1617.2397648916808
5.945999999999567,1617.1562476195713
5.947999999999567,1617.0724194913341
5.949999999999567,1616.9882800383552
5.9519999999995665,1616.903959896463
5.953999999999566,1616.8193273798638
5.955999999999566,1616.734513724013
5.957999999999566,1616.6493873514194
5.959999999999566,1616.56394497295
5.961999999999565,1616.4783226051886
5.963999999999565,1616.392383890349
5.965999999999565,1616.306264054817
5.967999999999565,1616.21982753611
5.9699999999995645,1616.1331416677529
5.971999999999564,1616.0461367077148
5.973999999999564,1615.9589505451252
5.975999999999564,1615.8714449591205
5.977999999999564,1615.7836886190241
5.979999999999563,1615.6956806391033
5.981999999999563,1615.6073503060293
5.983999999999563,1615.5188395865634
5.985999999999563,1615.4300047772058
5.987999999999563,1615.3409176508676
5.989999999999562,1615.2515780356575
5.991999999999562,1615.1619121059578
5.993999999999562,1615.071991953891
5.995999999999562,1614.981891756995
5.9979999999995615,1614.8914637104513
5.999999999999561,1614.8007080263303
