time,value
0.0,0.7452185790861404
0.002,0.7141328219574001
0.004,0.6949578741179291
0.006,1.0301274018395925
0.008,1.1693972617142436
0.01,1.2107584657240085
0.012,1.2098645648613464
0.014,1.1953313544713562
0.016,1.1798300660465735
0.018000000000000002,1.1676405857237784
0.020000000000000004,1.159268384950702
0.022000000000000006,1.1538866683756532
0.024000000000000007,1.150469695320939
0.02600000000000001,1.148194465163385
0.02800000000000001,1.1465137776109762
0.030000000000000013,1.1451078360905391
0.032000000000000015,1.143810334560818
0.034000000000000016,1.142545743227957
0.03600000000000002,1.1412863168303202
0.03800000000000002,1.1400263776036597
0.04000000000000002,1.1387686061340527
0.04200000000000002,1.137517606497028
0.044000000000000025,1.1362774025169327
0.04600000000000003,1.1350508010615243
0.04800000000000003,1.1338395097006753
0.05000000000000003,1.132644568905515
0.05200000000000003,1.1314665844724234
0.054000000000000034,1.1303058023621144
0.056000000000000036,1.129162281618011
0.05800000000000004,1.1280360031062804
0.06000000000000004,1.1269272926306397
0.06200000000000004,1.1258361415562574
0.06400000000000004,1.1247622097058523
0.06600000000000004,1.1237052945238357
0.06800000000000005,1.1226652692425374
0.07000000000000005,1.1216420389436272
0.07200000000000005,1.1206355205250476
0.07400000000000005,1.1196456240565582
0.07600000000000005,1.118672254039134
0.07800000000000006,1.1177153057610294
0.08000000000000006,1.11677466466907
0.08200000000000006,1.1158502070482808
0.08400000000000006,1.1149418663051882
0.08600000000000006,1.114050111971423
0.08800000000000006,1.1131753772524895
0.09000000000000007,1.1123177938376612
0.09200000000000007,1.1114773010188426
0.09400000000000007,1.1106537527660316
0.09600000000000007,1.1098469680343859
0.09800000000000007,1.109056756210025
0.10000000000000007,1.1082829211331702
0.10200000000000008,1.107525268880608
0.10400000000000008,1.1067835924870146
0.10600000000000008,1.10605768332857
0.10800000000000008,1.105347325746218
0.11000000000000008,1.1046522991744365
0.11200000000000009,1.1039723710490899
0.11400000000000009,1.1033073110995613
0.11600000000000009,1.1026568791329068
0.11800000000000009,1.1020208263219777
0.12000000000000009,1.101398904282035
0.1220000000000001,1.1007908595494766
0.1240000000000001,1.1001964361765095
0.12600000000000008,1.0996153691457078
0.12800000000000009,1.099047399068673
0.1300000000000001,1.0984922601167524
0.1320000000000001,1.0979497101410889
0.1340000000000001,1.0974207743441733
0.1360000000000001,1.0969067576775484
0.1380000000000001,1.0964078749003874
0.1400000000000001,1.0959238202455253
0.1420000000000001,1.0954540812639342
0.1440000000000001,1.0949980887284214
0.1460000000000001,1.0945552820779327
0.1480000000000001,1.0941251248299184
0.1500000000000001,1.0937071044105482
0.1520000000000001,1.0933007310805407
0.1540000000000001,1.092905529419928
0.1560000000000001,1.0925210334849826
0.1580000000000001,1.0921467843971069
0.16000000000000011,1.0917823294257638
0.16200000000000012,1.09142722556625
0.16400000000000012,1.091081032392236
0.16600000000000012,1.0907433184275082
0.16800000000000012,1.0904136589286841
0.17000000000000012,1.090091635280337
0.17200000000000013,1.0897768312433596
0.17400000000000013,1.0894688443195841
0.17600000000000013,1.0891672725118746
0.17800000000000013,1.0888717230971947
0.18000000000000013,1.088581811004263
0.18200000000000013,1.088297478402486
0.18400000000000014,1.088019433974888
0.18600000000000014,1.0877483202261666
0.18800000000000014,1.0874842211634128
0.19000000000000014,1.0872269674789545
0.19200000000000014,1.0869762963435559
0.19400000000000014,1.0867319222400804
0.19600000000000015,1.086493573649178
0.19800000000000015,1.0862609910775896
0.20000000000000015,1.0860339359592266
0.20200000000000015,1.085812181946891
0.20400000000000015,1.0855955140697313
0.20600000000000016,1.0853837229892294
0.20800000000000016,1.0851766028907472
0.21000000000000016,1.0849739585720086
0.21200000000000016,1.0847755947892042
0.21400000000000016,1.0845813252568957
0.21600000000000016,1.0843909667302314
0.21800000000000017,1.0842043335752076
0.22000000000000017,1.0840212489392664
0.22200000000000017,1.0838415394901921
0.22400000000000017,1.0836651291736195
0.22600000000000017,1.083493483477422
0.22800000000000017,1.0833279013269057
0.23000000000000018,1.0831684846384415
0.23200000000000018,1.0830148126939454
0.23400000000000018,1.0828662812640808
0.23600000000000018,1.082722267307509
0.23800000000000018,1.0825821864336647
0.24000000000000019,1.0824455133587836
0.2420000000000002,1.082311766307544
0.2440000000000002,1.0821805024688596
0.2460000000000002,1.082051302540822
0.2480000000000002,1.081923770481147
0.25000000000000017,1.0817975264630957
0.25200000000000017,1.0816722028952794
0.25400000000000017,1.0815474383211003
0.25600000000000017,1.081422883266277
0.2580000000000002,1.0812981967877406
0.2600000000000002,1.0811730407492264
0.2620000000000002,1.0810470818927875
0.2640000000000002,1.0809214485045242
0.2660000000000002,1.080798077469627
0.2680000000000002,1.0806776821358324
0.2700000000000002,1.0805603424072505
0.2720000000000002,1.0804458788264557
0.2740000000000002,1.08033404183531
0.2760000000000002,1.0802245747756034
0.2780000000000002,1.0801172557241743
0.2800000000000002,1.0800118880339087
0.2820000000000002,1.0799082997492686
0.2840000000000002,1.0798063344866757
0.2860000000000002,1.0797058532357173
0.2880000000000002,1.0796067162537721
0.2900000000000002,1.0795087973696935
0.2920000000000002,1.079411966879308
0.2940000000000002,1.0793161029556855
0.2960000000000002,1.079221082579024
0.2980000000000002,1.079126787225369
0.3000000000000002,1.079033100374305
0.3020000000000002,1.078939906799686
0.3040000000000002,1.078847100212974
0.3060000000000002,1.0787545687313636
0.3080000000000002,1.0786622073949297
0.3100000000000002,1.078569909434298
0.3120000000000002,1.0784775719980522
0.3140000000000002,1.0783850935745418
0.3160000000000002,1.078292377025343
0.3180000000000002,1.0781993221548234
0.32000000000000023,1.078105832035182
0.32200000000000023,1.0780118144887538
0.32400000000000023,1.077917170141283
0.32600000000000023,1.0778218058991338
0.32800000000000024,1.0777256302177631
0.33000000000000024,1.0776290195240845
0.33200000000000024,1.0775332261110429
0.33400000000000024,1.0774388440074105
0.33600000000000024,1.077345987981507
0.33800000000000024,1.0772545886519085
0.34000000000000025,1.0771645119020512
0.34200000000000025,1.0770756169106006
0.34400000000000025,1.0769877843569327
0.34600000000000025,1.0769009090611927
0.34800000000000025,1.076814902258063
0.35000000000000026,1.076729681020652
0.35200000000000026,1.0766451715092056
0.35400000000000026,1.0765613081391496
0.35600000000000026,1.076478023960599
0.35800000000000026,1.0763952520808902
0.36000000000000026,1.0763129302590748
0.36200000000000027,1.0762309976846485
0.36400000000000027,1.076149393893342
0.36600000000000027,1.0760680624514998
0.36800000000000027,1.0759869398729163
0.3700000000000003,1.0759059694383728
0.3720000000000003,1.0758250964993468
0.3740000000000003,1.075744262858489
0.3760000000000003,1.0756634176050133
0.3780000000000003,1.0755825036039102
0.3800000000000003,1.0755014664467972
0.3820000000000003,1.0754202568345266
0.3840000000000003,1.0753388264171684
0.3860000000000003,1.0752571225474081
0.3880000000000003,1.0751750916592258
0.3900000000000003,1.0750926845647308
0.3920000000000003,1.0750098572219757
0.3940000000000003,1.074926558283325
0.3960000000000003,1.0748432424487495
0.3980000000000003,1.0747606475779348
0.4000000000000003,1.0746793574675582
0.4020000000000003,1.0745996417231876
0.4040000000000003,1.0745214991185827
0.4060000000000003,1.0744448159199598
0.4080000000000003,1.074369457231009
0.4100000000000003,1.0742952940905504
0.4120000000000003,1.0742222073210328
0.4140000000000003,1.0741500984494996
0.4160000000000003,1.0740788770419722
0.4180000000000003,1.074008462872726
0.4200000000000003,1.073938780699597
0.4220000000000003,1.0738697577905847
0.4240000000000003,1.0738013267832585
0.4260000000000003,1.0737334179307383
0.4280000000000003,1.0736659652996585
0.4300000000000003,1.0735989004319766
0.43200000000000033,1.0735321628684673
0.43400000000000033,1.0734656864110463
0.43600000000000033,1.0733994119003336
0.43800000000000033,1.0733332821466322
0.44000000000000034,1.0732672362309192
0.44200000000000034,1.0732012165907503
0.44400000000000034,1.073135166848356
0.44600000000000034,1.0730690310638136
0.44800000000000034,1.0730027536105575
0.45000000000000034,1.0729363778452843
0.45200000000000035,1.0728698450275291
0.45400000000000035,1.0728030467474208
0.45600000000000035,1.0727359064583362
0.45800000000000035,1.0726683638983463
0.46000000000000035,1.0726005264206397
0.46200000000000035,1.0725330366222654
0.46400000000000036,1.0724662249431414
0.46600000000000036,1.072400160378443
0.46800000000000036,1.072334806314012
0.47000000000000036,1.0722700903192002
0.47200000000000036,1.0722059392349084
0.47400000000000037,1.072142283120491
0.47600000000000037,1.0720790636932869
0.47800000000000037,1.0720162305302146
0.48000000000000037,1.0719537381668593
0.4820000000000004,1.071891544181001
0.4840000000000004,1.0718296080325165
0.4860000000000004,1.0717678942805586
0.4880000000000004,1.0717063648544696
0.4900000000000004,1.07164498123802
0.4920000000000004,1.0715837131610306
0.4940000000000004,1.0715225241312516
0.4960000000000004,1.0714613761623157
0.4980000000000004,1.0714002395251592
0.5000000000000003,1.0713390824501254
0.5020000000000003,1.0712778684531499
0.5040000000000003,1.071216568336029
0.5060000000000003,1.0711551508232318
0.5080000000000003,1.0710935840455678
0.5100000000000003,1.0710318401397345
0.5120000000000003,1.0709698881490421
0.5140000000000003,1.0709077003245737
0.5160000000000003,1.0708452457524522
0.5180000000000003,1.0707824969002644
0.5200000000000004,1.0707194271303035
0.5220000000000004,1.0706560097805147
0.5240000000000004,1.0705922344293217
0.5260000000000004,1.0705284491038203
0.5280000000000004,1.0704650164795972
0.5300000000000004,1.0704020481362306
0.5320000000000004,1.0703395502342943
0.5340000000000004,1.0702774786802158
0.5360000000000004,1.0702157807101726
0.5380000000000004,1.0701544065984838
0.5400000000000004,1.070093312832145
0.5420000000000004,1.0700324656439648
0.5440000000000004,1.0699718321893066
0.5460000000000004,1.0699113814874255
0.5480000000000004,1.069851088276154
0.5500000000000004,1.0697909291194425
0.5520000000000004,1.0697308769597025
0.5540000000000004,1.0696709081015885
0.5560000000000004,1.0696109998843748
0.5580000000000004,1.0695511259128767
0.5600000000000004,1.06949126716105
0.5620000000000004,1.0694313983583563
0.5640000000000004,1.0693715007245734
0.5660000000000004,1.069311549085541
0.5680000000000004,1.0692515248753742
0.5700000000000004,1.0691914071785638
0.5720000000000004,1.069131174380843
0.5740000000000004,1.0690708088348497
0.5760000000000004,1.0690102858369905
0.5780000000000004,1.068949591272223
0.5800000000000004,1.068888701521584
0.5820000000000004,1.0688275987712113
0.5840000000000004,1.068766266847407
0.5860000000000004,1.068704685661293
0.5880000000000004,1.0686428381983863
0.5900000000000004,1.0685807293201028
0.5920000000000004,1.068518631384197
0.5940000000000004,1.0684567917698193
0.5960000000000004,1.0683952798860545
0.5980000000000004,1.068334095518111
0.6000000000000004,1.0682732070455305
0.6020000000000004,1.0682125752868565
0.6040000000000004,1.068152166990112
0.6060000000000004,1.0680919520215801
0.6080000000000004,1.0680319783036896
0.6100000000000004,1.067972315836682
0.6120000000000004,1.0679129722217864
0.6140000000000004,1.0678539266176528
0.6160000000000004,1.0677951513790709
0.6180000000000004,1.0677366130065058
0.6200000000000004,1.0676782778786498
0.6220000000000004,1.0676201181504192
0.6240000000000004,1.067562104601157
0.6260000000000004,1.0675042125727396
0.6280000000000004,1.0674464151053238
0.6300000000000004,1.0673886930892988
0.6320000000000005,1.0673310211644575
0.6340000000000005,1.0672733764789428
0.6360000000000005,1.0672157371112934
0.6380000000000005,1.0671580814408468
0.6400000000000005,1.0671003879683278
0.6420000000000005,1.0670426353206839
0.6440000000000005,1.0669848062157494
0.6460000000000005,1.0669268761398047
0.6480000000000005,1.066868827124791
0.6500000000000005,1.066810638996507
0.6520000000000005,1.066752291060742
0.6540000000000005,1.066693766756177
0.6560000000000005,1.0666350464254013
0.6580000000000005,1.0665762505658871
0.6600000000000005,1.0665176243028545
0.6620000000000005,1.0664592683644547
0.6640000000000005,1.066401190464402
0.6660000000000005,1.0663433742988846
0.6680000000000005,1.066285783322469
0.6700000000000005,1.066228386460466
0.6720000000000005,1.0661711534700475
0.6740000000000005,1.0661140650657384
0.6760000000000005,1.0660570940941252
0.6780000000000005,1.0660002248966896
0.6800000000000005,1.0659434373344048
0.6820000000000005,1.065886714515291
0.6840000000000005,1.0658300367679676
0.6860000000000005,1.0657733921814265
0.6880000000000005,1.0657167625667416
0.6900000000000005,1.0656601361601137
0.6920000000000005,1.0656034945940616
0.6940000000000005,1.0655468260022125
0.6960000000000005,1.0654901160195585
0.6980000000000005,1.0654333455319853
0.7000000000000005,1.0653765029145699
0.7020000000000005,1.0653195744990773
0.7040000000000005,1.065262549868851
0.7060000000000005,1.065205411093675
0.7080000000000005,1.0651481467892645
0.7100000000000005,1.0650907433958723
0.7120000000000005,1.0650331907681592
0.7140000000000005,1.0649754753725251
0.7160000000000005,1.064917582874318
0.7180000000000005,1.0648595031359291
0.7200000000000005,1.0648012230330568
0.7220000000000005,1.0647427327386354
0.7240000000000005,1.0646840197551783
0.7260000000000005,1.0646252153136682
0.7280000000000005,1.0645665028458553
0.7300000000000005,1.0645079465959664
0.7320000000000005,1.064449553459354
0.7340000000000005,1.0643913028675933
0.7360000000000005,1.0643331670243237
0.7380000000000005,1.0642751271103719
0.7400000000000005,1.064217160735787
0.7420000000000005,1.0641592505778588
0.7440000000000005,1.0641013821021517
0.7460000000000006,1.0640435422163221
0.7480000000000006,1.063985718547221
0.7500000000000006,1.0639278951553681
0.7520000000000006,1.0638700638553833
0.7540000000000006,1.063812214284
0.7560000000000006,1.063754331252763
0.7580000000000006,1.0636964068965677
0.7600000000000006,1.063638431107932
0.7620000000000006,1.0635803929557983
0.7640000000000006,1.063522285325622
0.7660000000000006,1.063464093745435
0.7680000000000006,1.0634058103149493
0.7700000000000006,1.0633474209450502
0.7720000000000006,1.063288922433133
0.7740000000000006,1.0632303018106841
0.7760000000000006,1.0631716476226307
0.7780000000000006,1.0631129263861725
0.7800000000000006,1.0630540829908743
0.7820000000000006,1.0629950860809694
0.7840000000000006,1.0629359213376652
0.7860000000000006,1.0628765774589501
0.7880000000000006,1.0628170487488273
0.7900000000000006,1.062757326834371
0.7920000000000006,1.0626974025574651
0.7940000000000006,1.0626372955480572
0.7960000000000006,1.0625771723941804
0.7980000000000006,1.0625171299873042
0.8000000000000006,1.0624571877230982
0.8020000000000006,1.0623973385802685
0.8040000000000006,1.0623375661870607
0.8060000000000006,1.0622778526388625
0.8080000000000006,1.0622181814468057
0.8100000000000006,1.0621585342926327
0.8120000000000006,1.0620989022059182
0.8140000000000006,1.0620392713430538
0.8160000000000006,1.0619796352447717
0.8180000000000006,1.0619199814262137
0.8200000000000006,1.061860307818539
0.8220000000000006,1.061800644374836
0.8240000000000006,1.0617410180534508
0.8260000000000006,1.061681426548489
0.8280000000000006,1.0616218640632549
0.8300000000000006,1.0615623145364175
0.8320000000000006,1.0615027636997507
0.8340000000000006,1.0614431986979538
0.8360000000000006,1.0613836116078117
0.8380000000000006,1.0613239876808511
0.8400000000000006,1.0612643149614915
0.8420000000000006,1.0612045868020379
0.8440000000000006,1.061144793611441
0.8460000000000006,1.0610849248382872
0.8480000000000006,1.0610249698845249
0.8500000000000006,1.0609649184578172
0.8520000000000006,1.0609047645836436
0.8540000000000006,1.060844499064251
0.8560000000000006,1.0607841117567132
0.8580000000000007,1.0607235925793352
0.8600000000000007,1.0606629357896047
0.8620000000000007,1.060602132520905
0.8640000000000007,1.0605411864892367
0.8660000000000007,1.0604802088791008
0.8680000000000007,1.0604192927114626
0.8700000000000007,1.0603584613253403
0.8720000000000007,1.0602977162516887
0.8740000000000007,1.0602370414158933
0.8760000000000007,1.060176424469187
0.8780000000000007,1.060115847152722
0.8800000000000007,1.0600552954099225
0.8820000000000007,1.0599947577941196
0.8840000000000007,1.0599342243735206
0.8860000000000007,1.0598736860513016
0.8880000000000007,1.0598131302494003
0.8900000000000007,1.059752552183693
0.8920000000000007,1.059691944910409
0.8940000000000007,1.059631304512144
0.8960000000000007,1.0595706192788845
0.8980000000000007,1.0595098798901876
0.9000000000000007,1.0594490782585773
0.9020000000000007,1.0593882108406532
0.9040000000000007,1.059327270784458
0.9060000000000007,1.059266250129164
0.9080000000000007,1.0592051408140326
0.9100000000000007,1.0591439350616243
0.9120000000000007,1.059082629416044
0.9140000000000007,1.059021217176223
0.9160000000000007,1.058959690661811
0.9180000000000007,1.0588980461669162
0.9200000000000007,1.058836276762611
0.9220000000000007,1.0587743746821054
0.9240000000000007,1.0587123323276408
0.9260000000000007,1.0586501465334601
0.9280000000000007,1.0585878110330769
0.9300000000000007,1.0585253226593891
0.9320000000000007,1.0584626747586974
0.9340000000000007,1.0583998598362312
0.9360000000000007,1.05833688554817
0.9380000000000007,1.0582738547257018
0.9400000000000007,1.0582108406963937
0.9420000000000007,1.0581478586155284
0.9440000000000007,1.0580849083136457
0.9460000000000007,1.0580219751106732
0.9480000000000007,1.0579590454071852
0.9500000000000007,1.0578961076018727
0.9520000000000007,1.0578331519476751
0.9540000000000007,1.0577701740596366
0.9560000000000007,1.0577071629468875
0.9580000000000007,1.0576441105633805
0.9600000000000007,1.0575810142663729
0.9620000000000007,1.0575178644921173
0.9640000000000007,1.0574546582275843
0.9660000000000007,1.0573913900129788
0.9680000000000007,1.0573280535650216
0.9700000000000008,1.0572646425255146
0.9720000000000008,1.0572011547139442
0.9740000000000008,1.0571375846283726
0.9760000000000008,1.057073921800393
0.9780000000000008,1.0570101673086927
0.9800000000000008,1.0569463126910938
0.9820000000000008,1.0568823551450215
0.9840000000000008,1.056818285323668
0.9860000000000008,1.0567541047411029
0.9880000000000008,1.0566898051235112
0.9900000000000008,1.0566253838167343
0.9920000000000008,1.0565608356226286
0.9940000000000008,1.0564961547131202
0.9960000000000008,1.0564313393929927
0.9980000000000008,1.0563663847641669
1.0000000000000007,1.056301289037349
1.0020000000000007,1.0562360469443142
1.0040000000000007,1.0561706523850578
1.0060000000000007,1.056105103480877
1.0080000000000007,1.056039395306331
1.0100000000000007,1.0559735540711175
1.0120000000000007,1.0559076698249836
1.0140000000000007,1.0558417837828595
1.0160000000000007,1.0557759036567211
1.0180000000000007,1.0557100237236279
1.0200000000000007,1.0556441299938768
1.0220000000000007,1.0555782158026743
1.0240000000000007,1.0555122732878095
1.0260000000000007,1.0554462988601536
1.0280000000000007,1.0553802921082784
1.0300000000000007,1.0553142699386975
1.0320000000000007,1.0552482376498802
1.0340000000000007,1.0551821965548571
1.0360000000000007,1.0551161371270577
1.0380000000000007,1.0550500511261582
1.0400000000000007,1.0549839353045325
1.0420000000000007,1.0549177795250844
1.0440000000000007,1.0548515804416678
1.0460000000000007,1.0547853324667562
1.0480000000000007,1.0547190293407909
1.0500000000000007,1.0546526648282408
1.0520000000000007,1.0545862329674054
1.0540000000000007,1.0545197320927602
1.0560000000000007,1.0544531532125525
1.0580000000000007,1.0543864938812981
1.0600000000000007,1.054319749278219
1.0620000000000007,1.0542529138425576
1.0640000000000007,1.0541859859946503
1.0660000000000007,1.054118956805643
1.0680000000000007,1.0540518239770056
1.0700000000000007,1.0539845869163942
1.0720000000000007,1.0539172367580585
1.0740000000000007,1.0538497710067816
1.0760000000000007,1.0537821848995885
1.0780000000000007,1.0537144770999314
1.0800000000000007,1.0536466388049435
1.0820000000000007,1.0535786719011977
1.0840000000000007,1.0535105733321157
1.0860000000000007,1.0534424065831782
1.0880000000000007,1.053374225411932
1.0900000000000007,1.053306045525731
1.0920000000000007,1.0532378657198165
1.0940000000000007,1.05316967836576
1.0960000000000008,1.0531014743935698
1.0980000000000008,1.0530332452852074
1.1000000000000008,1.052964983625238
1.1020000000000008,1.052896683041339
1.1040000000000008,1.052828341964274
1.1060000000000008,1.0527599517537487
1.1080000000000008,1.0526915104752508
1.1100000000000008,1.0526230098748082
1.1120000000000008,1.0525544486022473
1.1140000000000008,1.0524858229541032
1.1160000000000008,1.0524172196931278
1.1180000000000008,1.0523486134848778
1.1200000000000008,1.0522799553182316
1.1220000000000008,1.0522112201523646
1.1240000000000008,1.0521423998180666
1.1260000000000008,1.0520734848309123
1.1280000000000008,1.0520044746230606
1.1300000000000008,1.051935370894165
1.1320000000000008,1.0518661669556324
1.1340000000000008,1.05179686210238
1.1360000000000008,1.0517274530300058
1.1380000000000008,1.0516579356108482
1.1400000000000008,1.0515883096593788
1.1420000000000008,1.0515185716404343
1.1440000000000008,1.051448717042471
1.1460000000000008,1.0513787413985112
1.1480000000000008,1.0513086446101745
1.1500000000000008,1.0512384234034613
1.1520000000000008,1.0511680775520413
1.1540000000000008,1.0510975992862264
1.1560000000000008,1.0510269914845973
1.1580000000000008,1.0509562473059366
1.1600000000000008,1.0508853656867694
1.1620000000000008,1.050814384253752
1.1640000000000008,1.0507433571549907
1.1660000000000008,1.0506723072862232
1.1680000000000008,1.0506012330374919
1.1700000000000008,1.0505301322088516
1.1720000000000008,1.0504589981005203
1.1740000000000008,1.05038782326894
1.1760000000000008,1.0503166009567955
1.1780000000000008,1.0502453254188333
1.1800000000000008,1.0501739918115938
1.1820000000000008,1.0501025959608756
1.1840000000000008,1.0500311381305019
1.1860000000000008,1.0499596152702313
1.1880000000000008,1.0498880192392375
1.1900000000000008,1.0498163533867846
1.1920000000000008,1.0497446114132492
1.1940000000000008,1.0496727886178356
1.1960000000000008,1.0496008852570444
1.1980000000000008,1.0495288985200748
1.2000000000000008,1.04945682460477
1.2020000000000008,1.0493846596437386
1.2040000000000008,1.0493124040314896
1.2060000000000008,1.049240054886403
1.2080000000000009,1.0491676083249923
1.2100000000000009,1.0490950604619842
1.2120000000000009,1.049022411750462
1.2140000000000009,1.0489496594163064
1.2160000000000009,1.0488767997230242
1.2180000000000009,1.0488038289527428
1.2200000000000009,1.0487307477364223
1.2220000000000009,1.0486575534833102
1.2240000000000009,1.0485842426365464
1.2260000000000009,1.0485108196901631
1.2280000000000009,1.0484372974068363
1.2300000000000009,1.048363679887058
1.2320000000000009,1.0482899652891342
1.2340000000000009,1.0482161537069201
1.2360000000000009,1.048142241186493
1.2380000000000009,1.0480682227115214
1.2400000000000009,1.0479941223658384
1.2420000000000009,1.047919990312878
1.2440000000000009,1.04784584503403
1.2460000000000009,1.0477716880490466
1.2480000000000009,1.0476975142151077
1.2500000000000009,1.0476233125642764
1.252000000000001,1.047549079973154
1.254000000000001,1.0474748118528803
1.256000000000001,1.0474005074428767
1.258000000000001,1.04732615865611
1.260000000000001,1.0472517601370255
1.262000000000001,1.0471773119692098
1.264000000000001,1.047102807288527
1.266000000000001,1.0470282458560978
1.268000000000001,1.046953624989809
1.270000000000001,1.0468789411653303
1.272000000000001,1.0468041947533657
1.274000000000001,1.0467293786572458
1.276000000000001,1.0466544923556178
1.278000000000001,1.0465795329956444
1.280000000000001,1.046504497010171
1.282000000000001,1.0464293808283947
1.284000000000001,1.0463541811285717
1.286000000000001,1.0462788988888538
1.288000000000001,1.0462035317069018
1.290000000000001,1.0461280760707827
1.292000000000001,1.0460525283761113
1.294000000000001,1.0459768893178119
1.296000000000001,1.0459011563167264
1.298000000000001,1.0458253257994699
1.300000000000001,1.0457493941977838
1.302000000000001,1.045673362305343
1.304000000000001,1.0455972276754841
1.306000000000001,1.0455209868863968
1.308000000000001,1.0454446365267143
1.310000000000001,1.0453681775496608
1.312000000000001,1.045291607669744
1.314000000000001,1.0452149236219648
1.316000000000001,1.0451381261779487
1.318000000000001,1.0450612128231547
1.320000000000001,1.0449842083381813
1.322000000000001,1.0449071512564627
1.324000000000001,1.044830059415668
1.326000000000001,1.0447529347382432
1.328000000000001,1.0446757688166584
1.330000000000001,1.0445985592362022
1.332000000000001,1.0445213015230572
1.334000000000001,1.0444439909925372
1.336000000000001,1.0443666274548753
1.338000000000001,1.0442892036482179
1.340000000000001,1.0442117191762994
1.342000000000001,1.0441341714615242
1.344000000000001,1.0440565532511998
1.346000000000001,1.0439788690208924
1.348000000000001,1.043901113509003
1.350000000000001,1.0438232829900747
1.352000000000001,1.0437453786739344
1.354000000000001,1.0436673986285911
1.356000000000001,1.0435893398716731
1.358000000000001,1.0435111993133876
1.360000000000001,1.0434329781484024
1.362000000000001,1.0433546742466016
1.364000000000001,1.0432762804087512
1.366000000000001,1.0431978011233438
1.368000000000001,1.0431192311977528
1.370000000000001,1.0430405711109172
1.372000000000001,1.0429618186860175
1.374000000000001,1.042882970983312
1.376000000000001,1.042804025119777
1.378000000000001,1.0427249825714107
1.380000000000001,1.0426458415231479
1.382000000000001,1.0425665991293036
1.384000000000001,1.0424872525180207
1.386000000000001,1.042407803178185
1.388000000000001,1.042328249327686
1.390000000000001,1.0422485881832613
1.392000000000001,1.0421688210021536
1.394000000000001,1.0420889457430993
1.396000000000001,1.0420089594307482
1.398000000000001,1.0419288591629452
1.400000000000001,1.041848648401913
1.402000000000001,1.041768356653352
1.404000000000001,1.0416880117553506
1.406000000000001,1.0416076261563942
1.408000000000001,1.041527195913786
1.410000000000001,1.0414467201820377
1.412000000000001,1.0413661948375257
1.414000000000001,1.0412856111237696
1.416000000000001,1.04120497080573
1.418000000000001,1.0411242862773826
1.420000000000001,1.041043556702689
1.422000000000001,1.0409627795063585
1.424000000000001,1.0408819557661895
1.426000000000001,1.040801082960658
1.428000000000001,1.0407201574537117
1.430000000000001,1.0406391715286456
1.432000000000001,1.0405581295824278
1.434000000000001,1.0404770263857404
1.436000000000001,1.0403958583067678
1.438000000000001,1.0403146266880106
1.440000000000001,1.0402333297162962
1.442000000000001,1.0401519645078325
1.444000000000001,1.0400705280588818
1.446000000000001,1.0399890175995095
1.448000000000001,1.0399074347273156
1.450000000000001,1.0398258473579458
1.452000000000001,1.0397442573072602
1.454000000000001,1.0396626179745727
1.456000000000001,1.0395809049955071
1.458000000000001,1.039499106656764
1.460000000000001,1.0394172218299826
1.462000000000001,1.0393352447494375
1.464000000000001,1.039253177147673
1.466000000000001,1.0391710184842262
1.468000000000001,1.0390887672430047
1.470000000000001,1.03900642564064
1.472000000000001,1.0389239922667457
1.474000000000001,1.0388414645069926
1.476000000000001,1.0387588396368956
1.478000000000001,1.0386761192541611
1.480000000000001,1.0385933016937103
1.482000000000001,1.0385103842917687
1.484000000000001,1.038427370392074
1.486000000000001,1.03834429632971
1.488000000000001,1.0382611756508053
1.490000000000001,1.0381780150851987
1.492000000000001,1.038094813430983
1.494000000000001,1.03801156669609
1.496000000000001,1.037928274504701
1.498000000000001,1.037844929285358
1.500000000000001,1.0377615304979178
1.5020000000000011,1.037678071593747
1.5040000000000011,1.037594553236171
1.5060000000000011,1.037510973924194
1.5080000000000011,1.0374273314124154
1.5100000000000011,1.0373436274151826
1.5120000000000011,1.0372598561257014
1.5140000000000011,1.037176018309927
1.5160000000000011,1.0370921123676409
1.5180000000000011,1.0370081359471803
1.5200000000000011,1.0369240866680012
1.5220000000000011,1.0368399623662246
1.5240000000000011,1.0367557651833557
1.5260000000000011,1.03667149384818
1.5280000000000011,1.0365871459441771
1.5300000000000011,1.0365027189283957
1.5320000000000011,1.0364182145689127
1.5340000000000011,1.0363336272735868
1.5360000000000011,1.0362489581080085
1.5380000000000011,1.0361642057930407
1.5400000000000011,1.0360793723478563
1.5420000000000011,1.0359944520560525
1.5440000000000011,1.0359094457864266
1.5460000000000012,1.0358243521002704
1.5480000000000012,1.0357391688738353
1.5500000000000012,1.0356538980586687
1.5520000000000012,1.0355685341674636
1.5540000000000012,1.0354830783704572
1.5560000000000012,1.0353975335724193
1.5580000000000012,1.0353118942465205
1.5600000000000012,1.0352261612195408
1.5620000000000012,1.0351403329783375
1.5640000000000012,1.035054407366408
1.5660000000000012,1.0349683863620078
1.5680000000000012,1.0348822649468805
1.5700000000000012,1.0347960638780613
1.5720000000000012,1.0347098109429207
1.5740000000000012,1.034623510189864
1.5760000000000012,1.0345371605613962
1.5780000000000012,1.0344507632720124
1.5800000000000012,1.0343643156346813
1.5820000000000012,1.0342778139621103
1.5840000000000012,1.0341912547704926
1.5860000000000012,1.0341046351408831
1.5880000000000012,1.0340179527251911
1.5900000000000012,1.0339312096872784
1.5920000000000012,1.0338444048516484
1.5940000000000012,1.0337575359186097
1.5960000000000012,1.0336706004627745
1.5980000000000012,1.0335835963529905
1.6000000000000012,1.0334965265628502
1.6020000000000012,1.0334094000256016
1.6040000000000012,1.0333222181350665
1.6060000000000012,1.0332349791160522
1.6080000000000012,1.0331476802157036
1.6100000000000012,1.0330603186687126
1.6120000000000012,1.0329728961078937
1.6140000000000012,1.0328854068106548
1.6160000000000012,1.032797851756037
1.6180000000000012,1.032710229577161
1.6200000000000012,1.032622538150364
1.6220000000000012,1.0325347753029157
1.6240000000000012,1.0324469431496786
1.6260000000000012,1.032359040411123
1.6280000000000012,1.0322710646989361
1.6300000000000012,1.0321830135408365
1.6320000000000012,1.0320948847489237
1.6340000000000012,1.032006676479746
1.6360000000000012,1.0319183912711196
1.6380000000000012,1.0318300282280248
1.6400000000000012,1.0317415852746454
1.6420000000000012,1.0316530642703592
1.6440000000000012,1.0315644595730726
1.6460000000000012,1.03147577226901
1.6480000000000012,1.031387001161217
1.6500000000000012,1.0312981443440015
1.6520000000000012,1.0312092039899547
1.6540000000000012,1.0311201788511197
1.6560000000000012,1.031031074344401
1.6580000000000013,1.0309419127258725
1.6600000000000013,1.0308527044987323
1.6620000000000013,1.030763455635014
1.6640000000000013,1.030674160922379
1.6660000000000013,1.0305848204712893
1.6680000000000013,1.0304954317653654
1.6700000000000013,1.0304059916992903
1.6720000000000013,1.030316497392465
1.6740000000000013,1.0302269464270812
1.6760000000000013,1.0301373409140133
1.6780000000000013,1.0300476755490497
1.6800000000000013,1.029957951681311
1.6820000000000013,1.0298681682345094
1.6840000000000013,1.0297783233144757
1.6860000000000013,1.0296884149404377
1.6880000000000013,1.0295984413129382
1.6900000000000013,1.029508404968801
1.6920000000000013,1.0294183049941676
1.6940000000000013,1.029328139297502
1.6960000000000013,1.0292379056464402
1.6980000000000013,1.0291476020536863
1.7000000000000013,1.0290572309560584
1.7020000000000013,1.0289667873112065
1.7040000000000013,1.0288762727082688
1.7060000000000013,1.0287856863051346
1.7080000000000013,1.0286950305416769
1.7100000000000013,1.0286043000041354
1.7120000000000013,1.0285134958894298
1.7140000000000013,1.02842261705768
1.7160000000000013,1.0283316616630709
1.7180000000000013,1.0282406278722696
1.7200000000000013,1.0281495140950987
1.7220000000000013,1.0280583231253284
1.7240000000000013,1.0279670543196575
1.7260000000000013,1.027875705861233
1.7280000000000013,1.0277842799019545
1.7300000000000013,1.0276927710633714
1.7320000000000013,1.0276011807247944
1.7340000000000013,1.0275095079649175
1.7360000000000013,1.0274177511507547
1.7380000000000013,1.027325912751352
1.7400000000000013,1.0272339876867673
1.7420000000000013,1.027141977580938
1.7440000000000013,1.0270498882360208
1.7460000000000013,1.0269577361264992
1.7480000000000013,1.0268655316391344
1.7500000000000013,1.026773281373666
1.7520000000000013,1.0266809850444192
1.7540000000000013,1.0265886398804822
1.7560000000000013,1.0264962426813147
1.7580000000000013,1.0264037906075942
1.7600000000000013,1.0263112854958212
1.7620000000000013,1.0262187218903405
1.7640000000000013,1.0261261011518206
1.7660000000000013,1.026033422307104
1.7680000000000013,1.0259406836186102
1.7700000000000014,1.0258478832927165
1.7720000000000014,1.0257551069636512
1.7740000000000014,1.0256623381045142
1.7760000000000014,1.0255695302233576
1.7780000000000014,1.0254766658869325
1.7800000000000014,1.0253837436223712
1.7820000000000014,1.0252907621395921
1.7840000000000014,1.025197720324209
1.7860000000000014,1.0251046171534126
1.7880000000000014,1.0250114516530155
1.7900000000000014,1.024918222871208
1.7920000000000014,1.024824933975304
1.7940000000000014,1.0247315845025908
1.7960000000000014,1.0246381726680212
1.7980000000000014,1.024544696453477
1.8000000000000014,1.0244511540256533
1.8020000000000014,1.0243575479432676
1.8040000000000014,1.0242638732818299
1.8060000000000014,1.0241701317294856
1.8080000000000014,1.0240763225468847
1.8100000000000014,1.023982444167852
1.8120000000000014,1.023888499037934
1.8140000000000014,1.0237944820294644
1.8160000000000014,1.0237003946634455
1.8180000000000014,1.0236062360977614
1.8200000000000014,1.023512004729259
1.8220000000000014,1.0234177030132603
1.8240000000000014,1.023323325855361
1.8260000000000014,1.023228874832936
1.8280000000000014,1.0231343491673068
1.8300000000000014,1.0230397473223172
1.8320000000000014,1.0229450677122323
1.8340000000000014,1.022850314726924
1.8360000000000014,1.0227555049411488
1.8380000000000014,1.0226606491178032
1.8400000000000014,1.0225657494967118
1.8420000000000014,1.0224708048810802
1.8440000000000014,1.0223758170875281
1.8460000000000014,1.0222807801028977
1.8480000000000014,1.0221856946504762
1.8500000000000014,1.0220905551402417
1.8520000000000014,1.0219953631429703
1.8540000000000014,1.021900117992487
1.8560000000000014,1.0218048223429261
1.8580000000000014,1.0217094709557708
1.8600000000000014,1.0216140610392752
1.8620000000000014,1.0215185952054626
1.8640000000000014,1.0214230730099754
1.8660000000000014,1.021327492906185
1.8680000000000014,1.0212318531569142
1.8700000000000014,1.0211361521868763
1.8720000000000014,1.0210403927979446
1.8740000000000014,1.0209445743576215
1.8760000000000014,1.0208486909385532
1.8780000000000014,1.0207527442549842
1.8800000000000014,1.0206567380762
1.8820000000000014,1.0205606676198657
1.8840000000000015,1.0204645302711437
1.8860000000000015,1.0203683287284946
1.8880000000000015,1.0202720626192885
1.8900000000000015,1.0201757304768906
1.8920000000000015,1.0200793306696232
1.8940000000000015,1.0199828658780585
1.8960000000000015,1.0198863312552828
1.8980000000000015,1.0197897286337603
1.9000000000000015,1.019693057446214
1.9020000000000015,1.019596316324296
1.9040000000000015,1.0194995079527338
1.9060000000000015,1.0194026274138204
1.9080000000000015,1.0193056764876511
1.9100000000000015,1.019208654572461
1.9120000000000015,1.019111560291704
1.9140000000000015,1.0190143963462428
1.9160000000000015,1.0189171578401446
1.9180000000000015,1.0188198465765
1.9200000000000015,1.01872246199442
1.9220000000000015,1.018625002759703
1.9240000000000015,1.0185274716244428
1.9260000000000015,1.0184298653836268
1.9280000000000015,1.0183322015316945
1.9300000000000015,1.0182344899134639
1.9320000000000015,1.0181367325161421
1.9340000000000015,1.0180389282061113
1.9360000000000015,1.0179410790305954
1.9380000000000015,1.0178431792108196
1.9400000000000015,1.0177452297441276
1.9420000000000015,1.0176472252659932
1.9440000000000015,1.0175491675988177
1.9460000000000015,1.0174510563018107
1.9480000000000015,1.0173528943830825
1.9500000000000015,1.0172546797699678
1.9520000000000015,1.0171564173829095
1.9540000000000015,1.0170581034161186
1.9560000000000015,1.0169597400884354
1.9580000000000015,1.0168613268483406
1.9600000000000015,1.0167628621641756
1.9620000000000015,1.0166643443485046
1.9640000000000015,1.016565776037989
1.9660000000000015,1.0164671522952708
1.9680000000000015,1.0163684748620607
1.9700000000000015,1.0162697430568333
1.9720000000000015,1.016170955381766
1.9740000000000015,1.0160721102527175
1.9760000000000015,1.0159732062721716
1.9780000000000015,1.0158742464338792
1.9800000000000015,1.0157752261112531
1.9820000000000015,1.0156761473010993
1.9840000000000015,1.015577009517941
1.9860000000000015,1.015477811413044
1.9880000000000015,1.015378555681179
1.9900000000000015,1.0152792373480002
1.9920000000000015,1.015179858145384
1.9940000000000015,1.0150804174222583
1.9960000000000016,1.0149809137486188
1.9980000000000016,1.0148813456359929
2.0000000000000013,1.014781711801596
2.002000000000001,1.0146820153754803
2.004000000000001,1.0145822560167532
2.0060000000000007,1.0144824321753498
2.0080000000000005,1.0143825421405777
2.0100000000000002,1.0142825844296506
2.012,1.0141825578757986
2.014,1.0140824657496772
2.0159999999999996,1.013982307840732
2.0179999999999993,1.0138820827088937
2.019999999999999,1.0137817920573968
2.021999999999999,1.013681448661166
2.0239999999999987,1.0135810631127882
2.0259999999999985,1.013480637185639
2.0279999999999982,1.0133801650625531
2.029999999999998,1.013279647840799
2.031999999999998,1.0131790844093755
2.0339999999999976,1.013078477180555
2.0359999999999974,1.0129778207474467
2.037999999999997,1.012877112291481
2.039999999999997,1.0127763545561175
2.0419999999999967,1.0126755472513602
2.0439999999999965,1.012574688989572
2.0459999999999963,1.0124737781941526
2.047999999999996,1.012372813450128
2.049999999999996,1.0122717935976167
2.0519999999999956,1.0121707218775184
2.0539999999999954,1.0120695938355966
2.055999999999995,1.0119684116341172
2.057999999999995,1.0118671749171328
2.0599999999999947,1.0117658824365217
2.0619999999999945,1.0116645369962336
2.0639999999999943,1.011563133685749
2.065999999999994,1.0114616743228628
2.067999999999994,1.011360154150318
2.0699999999999936,1.0112585754994083
2.0719999999999934,1.0111569383177215
2.073999999999993,1.0110552458383482
2.075999999999993,1.0109534932333646
2.0779999999999927,1.0108516822825495
2.0799999999999925,1.0107499172828658
2.0819999999999923,1.0106481453288383
2.083999999999992,1.0105463314451675
2.085999999999992,1.010444458516094
2.0879999999999916,1.0103425192627395
2.0899999999999914,1.0102405113087953
2.091999999999991,1.0101384344039164
2.093999999999991,1.010036293160414
2.0959999999999908,1.009934084429792
2.0979999999999905,1.0098318113644622
2.0999999999999903,1.0097294784929862
2.10199999999999,1.00962708141044
2.10399999999999,1.0095246177440385
2.1059999999999897,1.0094220904360336
2.1079999999999894,1.0093194993614274
2.109999999999989,1.009216843313426
2.111999999999989,1.0091141209232721
2.1139999999999888,1.009011331013847
2.1159999999999886,1.008908484153205
2.1179999999999883,1.0088055930122464
2.119999999999988,1.0087026592641217
2.121999999999988,1.0085996871281004
2.1239999999999877,1.0084966805848667
2.1259999999999875,1.0083936341716624
2.1279999999999872,1.00829054444461
2.129999999999987,1.0081874134544007
2.131999999999987,1.0080842361934717
2.1339999999999866,1.0079810145706707
2.1359999999999864,1.007877748133205
2.137999999999986,1.0077744355950662
2.139999999999986,1.0076710755446596
2.1419999999999857,1.0075676667259592
2.1439999999999855,1.0074642080944716
2.1459999999999853,1.0073607029687106
2.147999999999985,1.0072571511278632
2.149999999999985,1.0071535469059363
2.1519999999999846,1.0070498922769224
2.1539999999999844,1.0069461912807351
2.155999999999984,1.0068424393044155
2.157999999999984,1.0067386338780795
2.1599999999999837,1.0066347778905387
2.1619999999999835,1.0065308669633337
2.1639999999999833,1.0064269034714206
2.165999999999983,1.0063228872944332
2.167999999999983,1.0062188173898998
2.1699999999999826,1.0061146967275725
2.1719999999999824,1.0060105205449807
2.173999999999982,1.0059062907755658
2.175999999999982,1.0058020069381224
2.1779999999999817,1.005697663558674
2.1799999999999815,1.0055932671528487
2.1819999999999813,1.0054888142486007
2.183999999999981,1.005384302835823
2.185999999999981,1.0052797359639098
2.1879999999999806,1.0051751134718976
2.1899999999999804,1.0050704298738087
2.19199999999998,1.004965691577039
2.19399999999998,1.004860894997037
2.1959999999999797,1.0047560380454716
2.1979999999999795,1.0046511237343636
2.1999999999999793,1.0045461519015286
2.201999999999979,1.0044411170808123
2.203999999999979,1.0043360215265564
2.2059999999999786,1.004230869573184
2.2079999999999784,1.0041256568531938
2.209999999999978,1.0040203853218188
2.211999999999978,1.0039150557674774
2.2139999999999778,1.0038096737622784
2.2159999999999775,1.0037042520928898
2.2179999999999773,1.0035987891294247
2.219999999999977,1.003493282887339
2.221999999999977,1.0033877357923657
2.2239999999999767,1.0032821427457108
2.2259999999999764,1.00317650550075
2.227999999999976,1.0030708234698782
2.229999999999976,1.002965095298586
2.231999999999976,1.002859319576129
2.2339999999999756,1.0027534950930157
2.2359999999999753,1.002647620886822
2.237999999999975,1.002541700407685
2.239999999999975,1.0024357335616796
2.2419999999999747,1.0023297147737296
2.2439999999999745,1.0022236461502898
2.2459999999999742,1.0021175318852635
2.247999999999974,1.0020113674653284
2.249999999999974,1.0019051505180514
2.2519999999999736,1.0017988840658663
2.2539999999999734,1.001692563819167
2.255999999999973,1.0015861922763525
2.257999999999973,1.0014797694272168
2.2599999999999727,1.001373294337824
2.2619999999999725,1.0012667701026938
2.2639999999999723,1.0011601920209992
2.265999999999972,1.0010535621231358
2.267999999999972,1.0009468800185846
2.2699999999999716,1.0008401402962241
2.2719999999999714,1.000733349605458
2.273999999999971,1.0006265045542135
2.275999999999971,1.0005196032125583
2.2779999999999707,1.0004126487426226
2.2799999999999705,1.0003056368593088
2.2819999999999703,1.0001985707615633
2.28399999999997,1.000091452969412
2.28599999999997,0.9999842838367473
2.2879999999999696,0.9998770668104211
2.2899999999999694,0.9997697971445886
2.291999999999969,0.9996624767000608
2.293999999999969,0.9995551049026195
2.2959999999999687,0.9994476804004115
2.2979999999999685,0.9993402018055225
2.2999999999999683,0.9992326679602925
2.301999999999968,0.9991250779768007
2.303999999999968,0.9990174354186634
2.3059999999999676,0.9989097360893655
2.3079999999999674,0.9988019824547589
2.309999999999967,0.9986941749245809
2.311999999999967,0.9985863242723954
2.3139999999999668,0.9984784327221436
2.3159999999999665,0.9983705003873453
2.3179999999999663,0.9982625308019049
2.319999999999966,0.9981545235623553
2.321999999999966,0.9980464726715637
2.3239999999999656,0.9979383799033991
2.3259999999999654,0.997830244984776
2.327999999999965,0.997722066910698
2.329999999999965,0.9976138487875859
2.3319999999999648,0.9975055858913222
2.3339999999999645,0.9973972802345152
2.3359999999999643,0.997288927147554
2.337999999999964,0.9971805290806464
2.339999999999964,0.9970720860763842
2.3419999999999637,0.9969635972591001
2.3439999999999634,0.9968550657926369
2.3459999999999632,0.9967464869729941
2.347999999999963,0.9966378585975877
2.349999999999963,0.9965291839766985
2.3519999999999626,0.9964204632754112
2.3539999999999623,0.9963116954683557
2.355999999999962,0.9962028792784423
2.357999999999962,0.9960940135591905
2.3599999999999617,0.9959850973923184
2.3619999999999615,0.9958761343270943
2.3639999999999612,0.9957671243532704
2.365999999999961,0.9956580619345613
2.367999999999961,0.995548949284411
2.3699999999999606,0.9954397864921731
2.3719999999999604,0.9953305770848809
2.37399999999996,0.9952214320052416
2.37599999999996,0.995112284775084
2.3779999999999597,0.9950031002134505
2.3799999999999595,0.9948938665963692
2.3819999999999593,0.9947845743842304
2.383999999999959,0.9946752252844886
2.385999999999959,0.9945658202296939
2.3879999999999586,0.9944563596383797
2.3899999999999584,0.9943468436089645
2.391999999999958,0.9942372720631689
2.393999999999958,0.9941276490595237
2.3959999999999577,0.994017970695561
2.3979999999999575,0.9939082395913696
2.3999999999999573,0.9937984557736221
2.401999999999957,0.9936886183274112
2.403999999999957,0.993578730406365
2.4059999999999566,0.9934687873734711
2.4079999999999564,0.993358791348764
2.409999999999956,0.9932487380969669
2.411999999999956,0.9931386362814105
2.4139999999999557,0.9930284927185702
2.4159999999999555,0.9929183091359486
2.4179999999999553,0.9928080893055329
2.419999999999955,0.9926978283391145
2.421999999999955,0.9925875278250009
2.4239999999999546,0.9924771827022646
2.4259999999999544,0.9923667951301618
2.427999999999954,0.9922563649898014
2.429999999999954,0.9921458913332529
2.4319999999999538,0.9920353730657436
2.4339999999999535,0.9919248092195497
2.4359999999999533,0.9918142032552626
2.437999999999953,0.991703555106887
2.439999999999953,0.9915928592035494
2.4419999999999527,0.991482117736688
2.4439999999999524,0.991371332012778
2.445999999999952,0.9912605031300799
2.447999999999952,0.9911496308905885
2.4499999999999518,0.9910387188405048
2.4519999999999516,0.9909277624881718
2.4539999999999513,0.9908167639673855
2.455999999999951,0.9907057229234597
2.457999999999951,0.9905946381511311
2.4599999999999507,0.9904835083501582
2.4619999999999505,0.9903723324115191
2.4639999999999502,0.9902611094729838
2.46599999999995,0.9901498388879822
2.46799999999995,0.9900385244126975
2.4699999999999496,0.9899271661927408
2.4719999999999493,0.9898157630374878
2.473999999999949,0.9897043134996729
2.475999999999949,0.9895928163098568
2.4779999999999487,0.9894812704795841
2.4799999999999485,0.9893696752868818
2.4819999999999482,0.9892580344608928
2.483999999999948,0.9891463481484002
2.485999999999948,0.9890346109218631
2.4879999999999476,0.9889228250786475
2.4899999999999474,0.9888109950387332
2.491999999999947,0.9886991164281254
2.493999999999947,0.9885871870013948
2.4959999999999467,0.9884752099593541
2.4979999999999465,0.9883631853818886
2.4999999999999463,0.988251107953417
2.501999999999946,0.9881389801357543
2.503999999999946,0.9880268065040095
2.5059999999999456,0.9879145827967397
2.5079999999999454,0.9878023068574129
2.509999999999945,0.9876899819559313
2.511999999999945,0.9875776087040011
2.5139999999999447,0.9874651879384394
2.5159999999999445,0.9873527273409901
2.5179999999999443,0.98724023327966
2.519999999999944,0.9871277017238838
2.521999999999944,0.987015130122776
2.5239999999999436,0.986902521195016
2.5259999999999434,0.9867898702893603
2.527999999999943,0.9866771796930485
2.529999999999943,0.9865644492648413
2.5319999999999427,0.9864516779888532
2.5339999999999425,0.9863388647112878
2.5359999999999423,0.98622600842353
2.537999999999942,0.9861131126183356
2.539999999999942,0.9860001729717304
2.5419999999999416,0.985887191890772
2.5439999999999414,0.985774169254563
2.545999999999941,0.9856610997683036
2.547999999999941,0.985547986003817
2.5499999999999408,0.9854348326414621
2.5519999999999405,0.9853216354673534
2.5539999999999403,0.9852083923343646
2.55599999999994,0.9850951065128286
2.55799999999994,0.9849817781107764
2.5599999999999397,0.9848684017911113
2.5619999999999394,0.9847549800142165
2.563999999999939,0.9846415130805948
2.565999999999939,0.9845280047143461
2.5679999999999388,0.9844144504049779
2.5699999999999386,0.9843008523012416
2.5719999999999383,0.9841872057846549
2.573999999999938,0.9840735134300751
2.575999999999938,0.9839597754189904
2.5779999999999377,0.9838459910384781
2.5799999999999375,0.9837321594015429
2.5819999999999372,0.9836182797067754
2.583999999999937,0.9835043556066899
2.585999999999937,0.9833903871833516
2.5879999999999366,0.9832763689353243
2.5899999999999364,0.9831623031794872
2.591999999999936,0.9830481901155596
2.593999999999936,0.9829340291351281
2.5959999999999357,0.9828198237448744
2.5979999999999355,0.9827055694983948
2.5999999999999353,0.9825912687231819
2.601999999999935,0.982476921886274
2.603999999999935,0.9823625295641456
2.6059999999999346,0.9822480913845157
2.6079999999999344,0.9821336065825803
2.609999999999934,0.9820190743929501
2.611999999999934,0.9819044984783378
2.6139999999999337,0.9817898746067414
2.6159999999999335,0.9816752070325627
2.6179999999999333,0.9815605019640764
2.619999999999933,0.9814457616576171
2.621999999999933,0.9813309858836485
2.6239999999999326,0.9812161735868031
2.6259999999999324,0.9811013278949499
2.627999999999932,0.9809864440332047
2.629999999999932,0.9808715240733273
2.6319999999999317,0.9807565633415124
2.6339999999999315,0.9806415643907449
2.6359999999999313,0.9805265273633937
2.637999999999931,0.9804114514775238
2.639999999999931,0.9802963357444012
2.6419999999999306,0.9801811792634033
2.6439999999999304,0.9800659856178617
2.64599999999993,0.979950750508286
2.64799999999993,0.9798354764039157
2.6499999999999297,0.9797201632164096
2.6519999999999295,0.9796048099408132
2.6539999999999293,0.9794894993896612
2.655999999999929,0.9793742154671368
2.657999999999929,0.9792589145540113
2.6599999999999286,0.9791435711965866
2.6619999999999284,0.9790281846218679
2.663999999999928,0.9789127499050652
2.665999999999928,0.9787972659966638
2.6679999999999278,0.9786817376686985
2.6699999999999275,0.978566162065891
2.6719999999999273,0.9784505428346566
2.673999999999927,0.9783348807630632
2.675999999999927,0.9782191754397833
2.6779999999999267,0.9781034260845644
2.6799999999999264,0.9779876319264913
2.681999999999926,0.977871796620523
2.683999999999926,0.9777559202418602
2.685999999999926,0.9776399959850877
2.6879999999999256,0.9775240300024988
2.6899999999999253,0.9774080205349992
2.691999999999925,0.9772919661527277
2.693999999999925,0.9771758658271643
2.6959999999999247,0.977059723155716
2.6979999999999245,0.9769435339436932
2.6999999999999242,0.9768273007628232
2.701999999999924,0.9767110236574263
2.703999999999924,0.9765947017538077
2.7059999999999236,0.9764783340259273
2.7079999999999234,0.9763619195918953
2.709999999999923,0.9762454620872878
2.711999999999923,0.9761289573051501
2.7139999999999227,0.9760124078057184
2.7159999999999225,0.975895809324671
2.7179999999999223,0.9757791647581434
2.719999999999922,0.9756624749379914
2.721999999999922,0.9755457484470764
2.7239999999999216,0.9754289846059614
2.7259999999999214,0.9753121825421377
2.727999999999921,0.9751953457999925
2.729999999999921,0.9750784743424943
2.7319999999999207,0.9749615625325414
2.7339999999999205,0.9748446125840043
2.7359999999999203,0.9747276246064893
2.73799999999992,0.9746106022210256
2.73999999999992,0.974493540821534
2.7419999999999196,0.9743764382030209
2.7439999999999194,0.9742592977480169
2.745999999999919,0.974142115387522
2.747999999999919,0.9740248939246399
2.7499999999999187,0.9739076358439355
2.7519999999999185,0.9737903384581008
2.7539999999999183,0.973673000076889
2.755999999999918,0.973555619680818
2.757999999999918,0.9734382016886484
2.7599999999999176,0.9733207432248622
2.7619999999999174,0.9732032474551013
2.763999999999917,0.9730857145639507
2.765999999999917,0.9729681436170543
2.7679999999999167,0.9728505334470432
2.7699999999999165,0.9727328830188159
2.7719999999999163,0.9726151915273413
2.773999999999916,0.9724974583825947
2.775999999999916,0.9723796874807635
2.7779999999999156,0.9722618747530789
2.7799999999999154,0.9721440228465487
2.781999999999915,0.9720261318153157
2.783999999999915,0.9719082007627857
2.7859999999999148,0.9717902286176441
2.7879999999999145,0.971672218777341
2.7899999999999143,0.9715541667700667
2.791999999999914,0.9714360706432311
2.793999999999914,0.9713179340491362
2.7959999999999137,0.9711997574393022
2.7979999999999134,0.9710815400236056
2.7999999999999132,0.9709632807172146
2.801999999999913,0.9708449785439689
2.803999999999913,0.9707266327430808
2.8059999999999126,0.9706082471061688
2.8079999999999123,0.9704898174946475
2.809999999999912,0.9703713465441881
2.811999999999912,0.9702528382689994
2.8139999999999117,0.9701342883713275
2.8159999999999115,0.9700156945099294
2.8179999999999112,0.9698970555126931
2.819999999999911,0.9697783708470978
2.821999999999911,0.9696596446402332
2.8239999999999106,0.9695408730455242
2.8259999999999104,0.969422059226325
2.82799999999991,0.9693032074482906
2.82999999999991,0.9691843204846777
2.8319999999999097,0.9690653985758799
2.8339999999999095,0.968946441007142
2.8359999999999093,0.9688274511878177
2.837999999999909,0.9687084244906823
2.839999999999909,0.9685893631357757
2.8419999999999086,0.9684702668674237
2.8439999999999084,0.9683511302298158
2.845999999999908,0.968231955787256
2.847999999999908,0.968112743964606
2.8499999999999077,0.9679934943106068
2.8519999999999075,0.9678742104784654
2.8539999999999073,0.9677548880243678
2.855999999999907,0.9676355293267869
2.857999999999907,0.9675161299221905
2.8599999999999066,0.9673966925695856
2.8619999999999064,0.967277217561529
2.863999999999906,0.9671577042357047
2.865999999999906,0.9670381517072493
2.8679999999999057,0.9669185591721812
2.8699999999999055,0.9667989303566015
2.8719999999999053,0.9666792610198823
2.873999999999905,0.9665595537426614
2.875999999999905,0.9664398085429426
2.8779999999999046,0.9663200245142776
2.8799999999999044,0.9662002005912498
2.881999999999904,0.9660803358621354
2.883999999999904,0.9659604296367328
2.8859999999999038,0.9658404814293291
2.8879999999999035,0.9657204952702638
2.8899999999999033,0.9656004715113063
2.891999999999903,0.9654804047508847
2.893999999999903,0.9653602974520173
2.8959999999999027,0.9652401499112441
2.8979999999999024,0.9651199615789574
2.899999999999902,0.964999736076463
2.901999999999902,0.9648794689470684
2.9039999999999018,0.9647591625877134
2.9059999999999016,0.9646388125162296
2.9079999999999013,0.9645184215336069
2.909999999999901,0.9643979900820687
2.911999999999901,0.9642775185447369
2.9139999999999007,0.9641570068710663
2.9159999999999004,0.9640364589420299
2.9179999999999002,0.963915870406421
2.9199999999999,0.9637952436943342
2.9219999999999,0.963674662204433
2.9239999999998996,0.9635541072458884
2.9259999999998993,0.9634335330507187
2.927999999999899,0.9633129227727668
2.929999999999899,0.963192268969583
2.9319999999998987,0.963071569084107
2.9339999999998985,0.9629508234411218
2.9359999999998982,0.9628300369073983
2.937999999999898,0.9627092125528739
2.939999999999898,0.9625883516115293
2.9419999999998976,0.9624674587618742
2.9439999999998974,0.9623465344944011
2.945999999999897,0.9622255733227155
2.947999999999897,0.9621045775176349
2.9499999999998967,0.9619835471904965
2.9519999999998965,0.9618624816289855
2.9539999999998963,0.9617413799506125
2.955999999999896,0.9616202457263445
2.957999999999896,0.9614990745657072
2.9599999999998956,0.9613778689234886
2.9619999999998954,0.9612566243836103
2.963999999999895,0.9611353437477431
2.965999999999895,0.9610140273528731
2.9679999999998947,0.9608926745649258
2.9699999999998945,0.960771284515469
2.9719999999998943,0.9606498564123043
2.973999999999894,0.9605283939930336
2.975999999999894,0.9604068930229687
2.9779999999998936,0.9602853560832387
2.9799999999998934,0.9601637831986259
2.981999999999893,0.9600421690946794
2.983999999999893,0.9599205164832948
2.9859999999998927,0.9597988259014812
2.9879999999998925,0.9596771013550547
2.9899999999998923,0.9595553384392473
2.991999999999892,0.9594335350875871
2.993999999999892,0.9593116948520329
2.9959999999998916,0.9591898181051841
2.9979999999998914,0.959067904029909
2.999999999999891,0.9589459515253221
3.001999999999891,0.9588239596028247
3.0039999999998908,0.9587019275081774
3.0059999999998905,0.9585798547098355
3.0079999999998903,0.9584577452281104
3.00999999999989,0.9583355950400344
3.01199999999989,0.9582134069060053
3.0139999999998897,0.9580911809783964
3.0159999999998894,0.957968916440439
3.017999999999889,0.9578466122942054
3.019999999999889,0.9577242676786222
3.0219999999998888,0.957601881947521
3.0239999999998886,0.9574794590408757
3.0259999999998883,0.9573569948772953
3.027999999999888,0.957234492189813
3.029999999999888,0.9571119511205741
3.0319999999998877,0.9569893708558235
3.0339999999998875,0.9568667504091877
3.0359999999998872,0.9567440889308176
3.037999999999887,0.9566213857910523
3.039999999999887,0.9564986449514039
3.0419999999998866,0.9563758668935858
3.0439999999998864,0.9562530490552115
3.045999999999886,0.956130196786737
3.047999999999886,0.9560073114252867
3.0499999999998857,0.9558843925916658
3.0519999999998855,0.955761439353973
3.0539999999998853,0.9556384551521138
3.055999999999885,0.9555154353990025
3.057999999999885,0.9553923824369848
3.0599999999998846,0.9552692917196424
3.0619999999998844,0.9551461665384734
3.063999999999884,0.9550230080656592
3.065999999999884,0.9548998160053559
3.0679999999998837,0.9547765895568787
3.0699999999998835,0.9546533278822037
3.0719999999998833,0.9545300346806112
3.073999999999883,0.954406705615967
3.075999999999883,0.9542833432294475
3.0779999999998826,0.9541599430991526
3.0799999999998824,0.9540365080820601
3.081999999999882,0.9539130385496918
3.083999999999882,0.9537895338900622
3.0859999999998817,0.9536659932490629
3.0879999999998815,0.9535424158432877
3.0899999999998813,0.9534188054657629
3.091999999999881,0.9532951578610436
3.093999999999881,0.9531714756476382
3.0959999999998806,0.9530477588708302
3.0979999999998804,0.9529240066350478
3.09999999999988,0.9528002134665283
3.10199999999988,0.9526763866716104
3.1039999999998797,0.9525525232300386
3.1059999999998795,0.9524286215208386
3.1079999999998793,0.9523046851597534
3.109999999999879,0.9521807099803595
3.111999999999879,0.9520566987791995
3.1139999999998786,0.9519326517749576
3.1159999999998784,0.9518085682065147
3.117999999999878,0.9516844471162808
3.119999999999878,0.9515602876602167
3.1219999999998778,0.9514360892005062
3.1239999999998775,0.9513118557170748
3.1259999999998773,0.9511875830986951
3.127999999999877,0.9510632740945664
3.129999999999877,0.9509389288439409
3.1319999999998767,0.950814542097627
3.1339999999998764,0.9506901166626933
3.135999999999876,0.9505656575806642
3.137999999999876,0.9504411607363036
3.139999999999876,0.9503166241123158
3.1419999999998756,0.9501920512575199
3.1439999999998753,0.950067442481836
3.145999999999875,0.9499427924382964
3.147999999999875,0.9498181037844395
3.1499999999998747,0.9496933769869702
3.1519999999998745,0.9495686118182575
3.1539999999998742,0.9494438147345317
3.155999999999874,0.949318983701407
3.157999999999874,0.9491941220119622
3.1599999999998736,0.9490692252520441
3.1619999999998734,0.9489442960852043
3.163999999999873,0.9488193346524647
3.165999999999873,0.9486943401317367
3.1679999999998727,0.9485693115102493
3.1699999999998725,0.948444247899423
3.1719999999998723,0.9483191486145115
3.173999999999872,0.9481940176102088
3.175999999999872,0.9480688507222043
3.1779999999998716,0.9479437421408647
3.1799999999998714,0.9478186602152543
3.181999999999871,0.9476935671710626
3.183999999999871,0.9475684396161121
3.1859999999998707,0.9474432730494361
3.1879999999998705,0.9473180661645701
3.1899999999998703,0.9471928190392954
3.19199999999987,0.9470675322091879
3.19399999999987,0.9469422062346051
3.1959999999998696,0.9468168415457814
3.1979999999998694,0.9466914384175357
3.199999999999869,0.9465660014146089
3.201999999999869,0.9464405312097196
3.2039999999998687,0.9463150225100074
3.2059999999998685,0.9461894778754619
3.2079999999998683,0.9460638976583817
3.209999999999868,0.9459382815982266
3.211999999999868,0.9458126341230333
3.2139999999998676,0.9456869511054825
3.2159999999998674,0.9455612306265389
3.217999999999867,0.9454354763721513
3.219999999999867,0.945309688771775
3.2219999999998667,0.9451838669944288
3.2239999999998665,0.9450580054876879
3.2259999999998663,0.9449321114949945
3.227999999999866,0.9448061819199595
3.229999999999866,0.9446802150876747
3.2319999999998656,0.9445542101647197
3.2339999999998654,0.9444281712098714
3.235999999999865,0.944302098701202
3.237999999999865,0.9441759872904059
3.2399999999998648,0.9440498393022565
3.2419999999998645,0.9439236537802911
3.2439999999998643,0.9437974332899673
3.245999999999864,0.9436711807436611
3.247999999999864,0.9435448912616411
3.2499999999998637,0.9434185671136193
3.2519999999998634,0.9432922037220194
3.2539999999998632,0.9431658039299322
3.255999999999863,0.9430393681480913
3.257999999999863,0.942912895828961
3.2599999999998626,0.9427863861897225
3.2619999999998623,0.9426598385422043
3.263999999999862,0.942533257888154
3.265999999999862,0.9424066427417144
3.2679999999998617,0.9422799970822062
3.2699999999998615,0.9421533168791341
3.2719999999998612,0.9420266050136079
3.273999999999861,0.9418998617218862
3.275999999999861,0.9417730862280214
3.2779999999998606,0.9416462775384138
3.2799999999998604,0.9415194347685037
3.28199999999986,0.9413925617198076
3.28399999999986,0.9412656541174212
3.2859999999998597,0.941138714605527
3.2879999999998595,0.9410117432370884
3.2899999999998593,0.9408847346549143
3.291999999999859,0.9407576916226381
3.293999999999859,0.940630614711685
3.2959999999998586,0.9405035080369302
3.2979999999998584,0.9403763671510165
3.299999999999858,0.9402491899601155
3.301999999999858,0.9401219800953664
3.3039999999998577,0.9399947334957834
3.3059999999998575,0.9398674531534206
3.3079999999998573,0.9397401394385163
3.309999999999857,0.9396127916970809
3.311999999999857,0.9394854090364559
3.3139999999998566,0.9393579906497347
3.3159999999998564,0.9392305403875688
3.317999999999856,0.9391030539799881
3.319999999999856,0.9389755341109018
3.3219999999998557,0.9388479764018225
3.3239999999998555,0.9387203838309013
3.3259999999998553,0.938592756865823
3.327999999999855,0.938465094972781
3.329999999999855,0.9383373973621842
3.3319999999998546,0.93820966331169
3.3339999999998544,0.938081896738874
3.335999999999854,0.9379540934103271
3.337999999999854,0.9378262560421788
3.3399999999998538,0.9376983847545263
3.3419999999998535,0.937570478706651
3.3439999999998533,0.9374425368878051
3.345999999999853,0.9373145584304152
3.347999999999853,0.9371865426930717
3.3499999999998527,0.937058489238216
3.3519999999998524,0.936930402272587
3.353999999999852,0.9368022777800034
3.355999999999852,0.9366741188154919
3.3579999999998518,0.9365459262281136
3.3599999999998515,0.9364176995738518
3.3619999999998513,0.9362894379651648
3.363999999999851,0.9361611405311392
3.365999999999851,0.9360328065806319
3.3679999999998507,0.9359044401099037
3.3699999999998504,0.9357760369379622
3.3719999999998502,0.935647599838751
3.37399999999985,0.9355191289641449
3.37599999999985,0.9353906245226522
3.3779999999998496,0.9352620878399187
3.3799999999998493,0.9351335191022532
3.381999999999849,0.9350049178981288
3.383999999999849,0.9348762836785541
3.3859999999998487,0.9347476204315494
3.3879999999998485,0.9346189283947702
3.3899999999998482,0.934490201892779
3.391999999999848,0.934361443333913
3.393999999999848,0.9342326529639817
3.3959999999998476,0.9341038301835795
3.3979999999998474,0.9339749741996559
3.399999999999847,0.9338460842979945
3.401999999999847,0.9337171644264775
3.4039999999998467,0.9335882103248149
3.4059999999998465,0.9334592247074021
3.4079999999998463,0.9333302031642559
3.409999999999846,0.9332011486777649
3.411999999999846,0.9330720617060674
3.4139999999998456,0.9329429416910449
3.4159999999998454,0.9328137878165655
3.417999999999845,0.9326846038417569
3.419999999999845,0.9325553853166908
3.4219999999998447,0.9324261926162201
3.4239999999998445,0.9322970478181336
3.4259999999998443,0.9321678983361917
3.427999999999844,0.9320387232600313
3.429999999999844,0.9319095083613786
3.4319999999998436,0.9317802537516784
3.4339999999998434,0.931650960125811
3.435999999999843,0.931521623733864
3.437999999999843,0.9313922489998068
3.4399999999998427,0.9312628444030432
3.4419999999998425,0.9311334049028563
3.4439999999998423,0.9310039282780441
3.445999999999842,0.9308744182653759
3.447999999999842,0.9307448709329195
3.4499999999998416,0.9306152894290122
3.4519999999998414,0.9304856742539884
3.453999999999841,0.9303560248506048
3.455999999999841,0.9302263404144941
3.4579999999998408,0.9300966202117333
3.4599999999998405,0.9299668636684832
3.4619999999998403,0.9298370748824651
3.46399999999984,0.9297072542395977
3.46599999999984,0.929577396214788
3.4679999999998397,0.9294475033368248
3.4699999999998394,0.929317575963933
3.471999999999839,0.9291876135940802
3.473999999999839,0.9290576155231284
3.4759999999998388,0.9289275811110145
3.4779999999998386,0.9287975143785205
3.4799999999998383,0.928667411139051
3.481999999999838,0.9285372741728531
3.483999999999838,0.9284071036447343
3.4859999999998377,0.9282768987464406
3.4879999999998375,0.9281466586992209
3.4899999999998372,0.9280163847239418
3.491999999999837,0.9278860775190616
3.493999999999837,0.9277557370533953
3.4959999999998366,0.9276253675510826
3.4979999999998364,0.9274949693292269
3.499999999999836,0.9273645369022013
3.501999999999836,0.9272340731693245
3.5039999999998357,0.9271035785972042
3.5059999999998355,0.9269730526318191
3.5079999999998353,0.9268424944524825
3.509999999999835,0.926711903297345
3.511999999999835,0.9265812830867329
3.5139999999998346,0.9264506295197654
3.5159999999998344,0.9263199452963455
3.517999999999834,0.9261892259755968
3.519999999999834,0.9260584745408713
3.5219999999998337,0.9259276914489596
3.5239999999998335,0.9257968761414567
3.5259999999998333,0.9256660277987097
3.527999999999833,0.9255351501945073
3.529999999999833,0.9254042388701678
3.5319999999998326,0.9252732964148975
3.5339999999998324,0.9251423183070209
3.535999999999832,0.9250113074917613
3.537999999999832,0.9248802644115789
3.5399999999998317,0.9247491885076293
3.5419999999998315,0.9246180789681112
3.5439999999998313,0.9244869350490565
3.545999999999831,0.9243557561728539
3.547999999999831,0.9242245464702691
3.5499999999998306,0.9240933018048068
3.5519999999998304,0.9239620250449172
3.55399999999983,0.923830716388518
3.55599999999983,0.9236993750259028
3.5579999999998297,0.9235679999450486
3.5599999999998295,0.9234365902679015
3.5619999999998293,0.9233051453364229
3.563999999999829,0.9231736646993283
3.565999999999829,0.9230421526111589
3.5679999999998286,0.922910605011088
3.5699999999998284,0.9227790248057471
3.571999999999828,0.922647412255809
3.573999999999828,0.9225157666274263
3.5759999999998278,0.9223840869525262
3.5779999999998275,0.9222523723748415
3.5799999999998273,0.92212062224693
3.581999999999827,0.9219888406832079
3.583999999999827,0.9218570235178083
3.5859999999998267,0.9217251736040931
3.5879999999998264,0.9215932911433395
3.589999999999826,0.9214613753408823
3.591999999999826,0.921329425206004
3.593999999999826,0.9211974398826469
3.5959999999998256,0.9210654187337302
3.5979999999998253,0.9209333658945611
3.599999999999825,0.920801277206787
3.601999999999825,0.9206691561190599
3.6039999999998247,0.9205370000948777
3.6059999999998245,0.9204048131070972
3.6079999999998242,0.9202725959077629
3.609999999999824,0.9201403479293297
3.611999999999824,0.9200080728017989
3.6139999999998236,0.9198757657434027
3.6159999999998234,0.919743424519939
3.617999999999823,0.9196110528273237
3.619999999999823,0.9194786465592277
3.6219999999998227,0.9193462087979966
3.6239999999998225,0.9192137399681495
3.6259999999998223,0.9190812394405596
3.627999999999822,0.9189487063283079
3.629999999999822,0.9188161398220975
3.6319999999998216,0.9186835438740625
3.6339999999998214,0.9185509141472774
3.635999999999821,0.9184182533871426
3.637999999999821,0.9182855571332057
3.6399999999998207,0.9181528284273208
3.6419999999998205,0.9180200680253716
3.6439999999998203,0.917887275791216
3.64599999999982,0.9177544511025699
3.64799999999982,0.9176215932564822
3.6499999999998196,0.9174887062361728
3.6519999999998194,0.9173557856857073
3.653999999999819,0.9172228343325078
3.655999999999819,0.917089935395877
3.6579999999998187,0.916957070185842
3.6599999999998185,0.916824197402753
3.6619999999998183,0.9166912918873331
3.663999999999818,0.9165583486408821
3.665999999999818,0.9164253663623207
3.6679999999998176,0.9162923453330157
3.6699999999998174,0.9161592863367743
3.671999999999817,0.916026190161246
3.673999999999817,0.915893057420111
3.6759999999998167,0.9157598930897363
3.6779999999998165,0.9156266935309461
3.6799999999998163,0.9154934619001108
3.681999999999816,0.9153601985542764
3.683999999999816,0.9152269027650872
3.6859999999998156,0.9150935735577377
3.6879999999998154,0.9149602100654177
3.689999999999815,0.9148268116377264
3.691999999999815,0.9146933823975287
3.6939999999998148,0.9145599181695602
3.6959999999998145,0.9144264218146414
3.6979999999998143,0.9142928889631576
3.699999999999814,0.914159322710418
3.701999999999814,0.9140257236003513
3.7039999999998137,0.913892095718654
3.7059999999998134,0.9137584344092864
3.7079999999998132,0.9136247374250545
3.709999999999813,0.9134910084265573
3.711999999999813,0.9133572432665354
3.7139999999998126,0.9132234450189485
3.7159999999998123,0.9130896146638517
3.717999999999812,0.9129557531459536
3.719999999999812,0.9128218603929878
3.7219999999998117,0.9126879358248752
3.7239999999998115,0.9125539787840882
3.7259999999998112,0.9124199932993297
3.727999999999811,0.9122859750438764
3.729999999999811,0.9121519267605139
3.7319999999998106,0.9120178439646176
3.7339999999998104,0.9118837296760357
3.73599999999981,0.9117495843838173
3.73799999999981,0.9116154075795427
3.7399999999998097,0.9114812030682986
3.7419999999998095,0.9113469662018224
3.7439999999998093,0.9112126948502376
3.745999999999809,0.911078392816826
3.747999999999809,0.9109440606319086
3.7499999999998086,0.9108096929349124
3.7519999999998084,0.9106752925506623
3.753999999999808,0.91054086004875
3.755999999999808,0.9104063950549404
3.7579999999998077,0.9102719015306918
3.7599999999998075,0.9101373749504649
3.7619999999998073,0.9100028132807914
3.763999999999807,0.9098682204013258
3.765999999999807,0.909733596893846
3.7679999999998066,0.9095989420280817
3.7699999999998064,0.9094642501393158
3.771999999999806,0.9093295287848749
3.773999999999806,0.9091947748677804
3.7759999999998057,0.9090599867067173
3.7779999999998055,0.9089251634753495
3.7799999999998053,0.9087903094646784
3.781999999999805,0.9086554255925046
3.783999999999805,0.9085205065954427
3.7859999999998046,0.9083855552351439
3.7879999999998044,0.9082505719622316
3.789999999999804,0.9081155562904059
3.791999999999804,0.9079805121110054
3.7939999999998038,0.9078454348276312
3.7959999999998035,0.9077103223678856
3.7979999999998033,0.9075751786083621
3.799999999999803,0.9074400041289735
3.801999999999803,0.907304798194644
3.8039999999998027,0.9071695551242687
3.8059999999998024,0.907034282501218
3.807999999999802,0.906898977227794
3.809999999999802,0.9067636376211675
3.8119999999998018,0.9066282628570503
3.8139999999998015,0.9064928572129489
3.8159999999998013,0.9063574212776055
3.817999999999801,0.9062219495528395
3.819999999999801,0.9060864447560599
3.8219999999998007,0.9059509073549018
3.8239999999998004,0.9058153369104078
3.8259999999998002,0.9056797373730733
3.8279999999998,0.9055441041974739
3.8299999999998,0.9054084356894849
3.8319999999997996,0.9052727371588128
3.8339999999997993,0.9051370099030851
3.835999999999799,0.9050012533651896
3.837999999999799,0.9048654617950038
3.8399999999997987,0.9047296426714699
3.8419999999997985,0.9045937927454866
3.8439999999997982,0.9044579102093792
3.845999999999798,0.9043219941366571
3.847999999999798,0.9041860487432517
3.8499999999997976,0.9040500699168548
3.8519999999997974,0.9039140606835462
3.853999999999797,0.9037780213480238
3.855999999999797,0.9036419511650551
3.8579999999997967,0.9035058491535017
3.8599999999997965,0.903369714441505
3.8619999999997963,0.9032335510182274
3.863999999999796,0.903097354481461
3.865999999999796,0.9029611276317153
3.8679999999997956,0.9028248660183107
3.8699999999997954,0.9026885727685299
3.871999999999795,0.9025522484202895
3.873999999999795,0.9024158924565395
3.8759999999997947,0.9022795040808232
3.8779999999997945,0.9021431090151755
3.8799999999997943,0.9020067857006941
3.881999999999794,0.9018704711701226
3.883999999999794,0.9017341336789843
3.8859999999997936,0.9015977593229989
3.8879999999997934,0.9014613435169825
3.889999999999793,0.9013248906121072
3.891999999999793,0.9011884026387427
3.8939999999997927,0.9010518757292916
3.8959999999997925,0.9009153139590598
3.8979999999997923,0.9007787187799732
3.899999999999792,0.9006420903943224
3.901999999999792,0.9005054331427884
3.9039999999997916,0.900368742679958
3.9059999999997914,0.9002320217036073
3.907999999999791,0.9000952656079021
3.909999999999791,0.8999584773898506
3.9119999999997908,0.8998216575246814
3.9139999999997905,0.8996848054719048
3.9159999999997903,0.8995479204406021
3.91799999999979,0.8994110019125501
3.91999999999979,0.8992740496257716
3.9219999999997897,0.8991370679554958
3.9239999999997894,0.8990000527384884
3.925999999999789,0.8988630068901546
3.927999999999789,0.8987259306209143
3.9299999999997888,0.8985888231131733
3.9319999999997886,0.8984516833517096
3.9339999999997883,0.8983145104500108
3.935999999999788,0.8981773037536068
3.937999999999788,0.8980400628225043
3.9399999999997877,0.8979027920406994
3.9419999999997875,0.8977654919625662
3.9439999999997872,0.8976281571259884
3.945999999999787,0.8974907913909265
3.947999999999787,0.8973533958075166
3.9499999999997866,0.8972159700501877
3.9519999999997864,0.8970785133595158
3.953999999999786,0.8969410296298485
3.955999999999786,0.8968035142881182
3.9579999999997857,0.8966659699697821
3.9599999999997855,0.8965283920251886
3.9619999999997852,0.8963907834607505
3.963999999999785,0.896253144748002
3.965999999999785,0.8961154753347507
3.9679999999997846,0.8959777744032891
3.9699999999997844,0.8958400412051116
3.971999999999784,0.8957022798334264
3.973999999999784,0.8955644859263643
3.9759999999997837,0.8954266623179402
3.9779999999997835,0.8952888044924583
3.9799999999997833,0.895150915562766
3.981999999999783,0.8950129960714845
3.983999999999783,0.8948750455117762
3.9859999999997826,0.8947370631003032
3.9879999999997824,0.8945990527885522
3.989999999999782,0.8944610100557333
3.991999999999782,0.8943229329330024
3.9939999999997817,0.8941848254617274
3.9959999999997815,0.8940466883322462
3.9979999999997813,0.8939085208773927
3.999999999999781,0.8937703220720408
4.001999999999781,0.8936320909747477
4.003999999999781,0.8934938268660252
4.005999999999781,0.8933555292573039
4.007999999999781,0.893217202562963
4.00999999999978,0.8930788426714977
4.01199999999978,0.8929404526092812
4.01399999999978,0.8928020326611665
4.01599999999978,0.8926635821086795
4.0179999999997795,0.8925251000320005
4.019999999999779,0.8923865855923374
4.021999999999779,0.8922480381573104
4.023999999999779,0.892109461999543
4.025999999999779,0.8919708528831747
4.027999999999778,0.8918322137749641
4.029999999999778,0.8916935402278299
4.031999999999778,0.8915548354451259
4.033999999999778,0.8914161000295486
4.0359999999997775,0.8912773335239261
4.037999999999777,0.8911385398898879
4.039999999999777,0.8909997144591699
4.041999999999777,0.8908608551138286
4.043999999999777,0.8907219658118318
4.045999999999776,0.8905830471880336
4.047999999999776,0.8904440938317908
4.049999999999776,0.8903051086969191
4.051999999999776,0.8901660925947057
4.053999999999776,0.8900270454194201
4.055999999999775,0.8898879713653773
4.057999999999775,0.8897488661120807
4.059999999999775,0.8896097333042962
4.061999999999775,0.8894705687030391
4.0639999999997745,0.8893313754342087
4.065999999999774,0.8891921539256539
4.067999999999774,0.8890529035286618
4.069999999999774,0.8889136233365945
4.071999999999774,0.888774312526027
4.073999999999773,0.8886349704729526
4.075999999999773,0.8884956014722454
4.077999999999773,0.8883562012547855
4.079999999999773,0.8882167727869112
4.0819999999997725,0.8880773115830527
4.083999999999772,0.8879378208381944
4.085999999999772,0.8877983011375794
4.087999999999772,0.8876587520021927
4.089999999999772,0.8875191726619963
4.091999999999771,0.8873796549909467
4.093999999999771,0.8872401726214015
4.095999999999771,0.8871006816408813
4.097999999999771,0.8869611612609617
4.0999999999997705,0.8868216033475678
4.10199999999977,0.8866820107438526
4.10399999999977,0.886542380270781
4.10599999999977,0.8864027166448782
4.10799999999977,0.8862630217643089
4.109999999999769,0.8861232961192694
4.111999999999769,0.8859835395960522
4.113999999999769,0.8858437518889641
4.115999999999769,0.8857039326917447
4.1179999999997685,0.8855640817672453
4.119999999999768,0.885424203682166
4.121999999999768,0.8852842990876906
4.123999999999768,0.8851443623738042
4.125999999999768,0.8850043962668221
4.127999999999767,0.8848644012384552
4.129999999999767,0.8847243768593378
4.131999999999767,0.8845843224727374
4.133999999999767,0.8844442374840285
4.1359999999997665,0.8843041261823275
4.137999999999766,0.8841639843020535
4.139999999999766,0.8840238148252726
4.141999999999766,0.8838836180307534
4.143999999999766,0.8837433931730678
4.145999999999765,0.8836031393040804
4.147999999999765,0.8834628556135182
4.149999999999765,0.8833225415223531
4.151999999999765,0.8831821966708303
4.1539999999997645,0.8830418208704431
4.155999999999764,0.8829014187868958
4.157999999999764,0.8827609911669296
4.159999999999764,0.8826205324638752
4.161999999999764,0.8824800454841425
4.1639999999997634,0.882339530768617
4.165999999999763,0.8821989879999712
4.167999999999763,0.8820584166411591
4.169999999999763,0.8819178209629401
4.171999999999763,0.8817771972630969
4.173999999999762,0.8816365490036151
4.175999999999762,0.8814958718210149
4.177999999999762,0.881355168918267
4.179999999999762,0.881214440852419
4.1819999999997615,0.8810736871743786
4.183999999999761,0.8809329073552117
4.185999999999761,0.8807921008142535
4.187999999999761,0.8806512670638396
4.189999999999761,0.8805104057736004
4.19199999999976,0.8803695215040649
4.19399999999976,0.8802286101637167
4.19599999999976,0.8800876748960113
4.19799999999976,0.8799467160847954
4.1999999999997595,0.8798057330611267
4.201999999999759,0.879664724930315
4.203999999999759,0.8795236909279813
4.205999999999759,0.87938263052095
4.207999999999759,0.8792415433967802
4.209999999999758,0.8791004294194387
4.211999999999758,0.8789592933433059
4.213999999999758,0.8788181312189838
4.215999999999758,0.8786769463178605
4.2179999999997575,0.8785357391303784
4.219999999999757,0.8783945090744858
4.221999999999757,0.878253255336117
4.223999999999757,0.8781119772266275
4.225999999999757,0.8779706742886539
4.227999999999756,0.8778293462859393
4.229999999999756,0.8776879979352787
4.231999999999756,0.8775466252802004
4.233999999999756,0.8774052316306469
4.2359999999997555,0.8772638127509503
4.237999999999755,0.8771223721491523
4.239999999999755,0.8769809107044588
4.241999999999755,0.8768394282167351
4.243999999999755,0.876697924196528
4.245999999999754,0.87655639821545
4.247999999999754,0.8764148500219362
4.249999999999754,0.8762732795479353
4.251999999999754,0.8761316916670017
4.2539999999997535,0.8759900825467306
4.255999999999753,0.8758484556297079
4.257999999999753,0.8757068115922066
4.259999999999753,0.8755651452502076
4.261999999999753,0.8754234600320856
4.263999999999752,0.8752817570905482
4.265999999999752,0.8751400366092974
4.267999999999752,0.8749982985185248
4.269999999999752,0.8748565427731407
4.2719999999997516,0.8747147742267769
4.273999999999751,0.874572989030838
4.275999999999751,0.874431185880887
4.277999999999751,0.8742893695825431
4.279999999999751,0.8741475367081288
4.2819999999997505,0.8740056917028955
4.28399999999975,0.8738638363479256
4.28599999999975,0.8737219660898137
4.28799999999975,0.8735800847534252
4.28999999999975,0.8734381937685403
4.291999999999749,0.8732962935465035
4.293999999999749,0.8731544011953618
4.295999999999749,0.8730126064199674
4.297999999999749,0.8728708479586843
4.2999999999997485,0.8727290946285926
4.301999999999748,0.8725873280111571
4.303999999999748,0.8724455478997005
4.305999999999748,0.8723037561999433
4.307999999999748,0.8721619554313467
4.309999999999747,0.8720201481634947
4.311999999999747,0.8718783367269274
4.313999999999747,0.871736523092467
4.315999999999747,0.8715947090137796
4.3179999999997465,0.871452896175235
4.319999999999746,0.8713110861728203
4.321999999999746,0.8711692853858077
4.323999999999746,0.8710274914112743
4.325999999999746,0.870885704341341
4.327999999999745,0.8707439255866074
4.329999999999745,0.8706021620158445
4.331999999999745,0.8704604119679829
4.333999999999745,0.8703186763523876
4.3359999999997445,0.8701769574021316
4.337999999999744,0.8700352579944107
4.339999999999744,0.8698935861275825
4.341999999999744,0.8697519411418226
4.343999999999744,0.8696103249522619
4.345999999999743,0.8694687408794005
4.347999999999743,0.869327193013989
4.349999999999743,0.8691856859197289
4.351999999999743,0.8690442245672987
4.3539999999997425,0.868902809496225
4.355999999999742,0.8687614505069696
4.357999999999742,0.8686201554912328
4.359999999999742,0.8684789269287962
4.361999999999742,0.8683377715661136
4.363999999999741,0.8681966985079106
4.365999999999741,0.8680557183316449
4.367999999999741,0.8679148428273071
4.369999999999741,0.8677740802615762
4.3719999999997405,0.8676334445589546
4.37399999999974,0.8674929533366613
4.37599999999974,0.8673526224384
4.37799999999974,0.8672124750490726
4.37999999999974,0.8670725401051412
4.381999999999739,0.8669328475979399
4.383999999999739,0.866793434092486
4.385999999999739,0.8666543474967162
4.387999999999739,0.866515656220652
4.3899999999997386,0.8663774420221193
4.391999999999738,0.8662398233506322
4.393999999999738,0.8661029762707508
4.395999999999738,0.8659671702984029
4.397999999999738,0.8658328967277216
4.3999999999997375,0.8657012683550134
4.401999999999737,0.865581151794454
4.403999999999737,0.635511381904091
4.405999999999737,0.5272401226284804
4.407999999999737,0.4806232254673708
4.409999999999736,0.4637224501992999
4.411999999999736,0.4602307798647469
4.413999999999736,0.4621334431638997
4.415999999999736,0.4656720335568372
4.4179999999997355,0.4692222788310313
4.419999999999735,0.472177201439263
4.421999999999735,0.4744028431822677
4.423999999999735,0.47595398385594356
4.425999999999735,0.47695614262365366
4.427999999999734,0.47753232508384524
4.429999999999734,0.47779198660213645
4.431999999999734,0.4778229590583758
4.433999999999734,0.4776920067859601
4.4359999999997335,0.47744882083909823
4.437999999999733,0.477127548606802
4.439999999999733,0.47675252674177915
4.441999999999733,0.47634084301708135
4.443999999999733,0.4759043607208574
4.445999999999732,0.475451246611051
4.447999999999732,0.4749870874152894
4.449999999999732,0.4745156834582091
4.451999999999732,0.47403960815251883
4.4539999999997315,0.4735605995905337
4.455999999999731,0.4730798276593481
4.457999999999731,0.4725980787204751
4.459999999999731,0.4721158801977189
4.461999999999731,0.4716335835196321
4.46399999999973,0.4711514248304087
4.46599999999973,0.47066956055912573
4.46799999999973,0.4701880952259032
4.46999999999973,0.46970709746615685
4.4719999999997295,0.46922661438466495
4.473999999999729,0.46874667495673294
4.475999999999729,0.46826729882026497
4.477999999999729,0.46778849922425325
4.479999999999729,0.46731028502663224
4.481999999999728,0.4668326620555795
4.483999999999728,0.4663556323735532
4.485999999999728,0.4658791961857839
4.487999999999728,0.46540335615690565
4.4899999999997275,0.46492811203243317
4.491999999999727,0.4644534640093997
4.493999999999727,0.46397941061250497
4.495999999999727,0.46350595145870144
4.497999999999727,0.46303308481518934
4.499999999999726,0.4625608118688036
4.501999999999726,0.4620891312643264
4.503999999999726,0.46161804072195034
4.505999999999726,0.4611475394477901
4.507999999999726,0.460677627173942
4.509999999999725,0.46020830372269345
4.511999999999725,0.4597395671577512
4.513999999999725,0.4592714149945779
4.515999999999725,0.45880384807518926
4.5179999999997245,0.4583368649011882
4.519999999999724,0.45787046314448365
4.521999999999724,0.45740464367427947
4.523999999999724,0.45693940496737484
4.525999999999724,0.456474746323774
4.527999999999723,0.4560106656346904
4.529999999999723,0.4555471620670898
4.531999999999723,0.4550842352388026
4.533999999999723,0.4546218831737474
4.5359999999997225,0.45416010508247806
4.537999999999722,0.45369890058547835
4.539999999999722,0.4532382676935552
4.541999999999722,0.45277820559801363
4.543999999999722,0.4523187139001129
4.545999999999721,0.45185979059374526
4.547999999999721,0.4514014348542593
4.549999999999721,0.45094364626955474
4.551999999999721,0.450486424489859
4.5539999999997205,0.45002976741860623
4.55599999999972,0.44957367409859167
4.55799999999972,0.44911814231630337
4.55999999999972,0.4486631711984636
4.56199999999972,0.4482087603478925
4.563999999999719,0.44775490944980373
4.565999999999719,0.4473016164460269
4.567999999999719,0.4468488804057952
4.569999999999719,0.44639670080111427
4.5719999999997185,0.44594507717418963
4.573999999999718,0.4454940073366822
4.575999999999718,0.4450434902476272
4.577999999999718,0.4445935236244581
4.579999999999718,0.44414410819102884
4.581999999999717,0.44369524223398793
4.583999999999717,0.443246924849766
4.585999999999717,0.4427991537451603
4.587999999999717,0.44235192957069525
4.5899999999997165,0.4419052505277337
4.591999999999716,0.441459113969918
4.593999999999716,0.44101352043996694
4.595999999999716,0.4405684681445722
4.597999999999716,0.4401239561351377
4.599999999999715,0.43967998374999495
4.601999999999715,0.43923654752714936
4.603999999999715,0.4387936484066933
4.605999999999715,0.4383512852184271
4.6079999999997145,0.4379094571240034
4.609999999999714,0.43746816172748215
4.611999999999714,0.43702739947840263
4.613999999999714,0.4365871683807183
4.615999999999714,0.436147465604994
4.6179999999997134,0.4357082915026928
4.619999999999713,0.43526964412470914
4.621999999999713,0.43483152237430356
4.623999999999713,0.4343939254495227
4.625999999999713,0.4339568525895356
4.627999999999712,0.4335203019870968
4.629999999999712,0.4330842734877786
4.631999999999712,0.4326487644868877
4.633999999999712,0.4322137737407413
4.6359999999997115,0.4317792986477394
4.637999999999711,0.4313453395145833
4.639999999999711,0.43091189426474985
4.641999999999711,0.43047896162768146
4.643999999999711,0.4300465406167929
4.64599999999971,0.4296146302917748
4.64799999999971,0.42918322803393355
4.64999999999971,0.42875233235992816
4.65199999999971,0.4283219438348407
4.6539999999997095,0.42789206029064425
4.655999999999709,0.42746268021792133
4.657999999999709,0.4270338007411763
4.659999999999709,0.4266054218614408
4.661999999999709,0.426177541249318
4.663999999999708,0.4257501573886622
4.665999999999708,0.4253232706650376
4.667999999999708,0.42489687871638043
4.669999999999708,0.42447097823149604
4.6719999999997075,0.42404556894598866
4.673999999999707,0.42362064997433807
4.675999999999707,0.4231962184981326
4.677999999999707,0.42277227269239515
4.679999999999707,0.4223488127081082
4.681999999999706,0.4219258360332722
4.683999999999706,0.4215033408134411
4.685999999999706,0.4210813254571854
4.687999999999706,0.4206597884393636
4.6899999999997055,0.42023872821939756
4.691999999999705,0.41981814164981945
4.693999999999705,0.41939802825294353
4.695999999999705,0.4189783852762179
4.697999999999705,0.41855921230707527
4.699999999999704,0.41814050653654766
4.701999999999704,0.41772226743069624
4.703999999999704,0.4173044920629338
4.705999999999704,0.41688717824880883
4.7079999999997035,0.41647032563953706
4.709999999999703,0.4160539313108239
4.711999999999703,0.4156379929977343
4.713999999999703,0.41522250871142247
4.715999999999703,0.4148074779310681
4.717999999999702,0.4143928977329558
4.719999999999702,0.4139787660444584
4.721999999999702,0.41356508053572644
4.723999999999702,0.4131518390909895
4.7259999999997016,0.4127390411438974
4.727999999999701,0.41232668355708135
4.729999999999701,0.41191476380869363
4.731999999999701,0.4115032811088797
4.733999999999701,0.4110922322316066
4.7359999999997004,0.41068161605208836
4.7379999999997,0.4102714292109776
4.7399999999997,0.4098616705144826
4.7419999999997,0.40945233802708814
4.7439999999997,0.4090434280552906
4.745999999999699,0.4086349392741699
4.747999999999699,0.40822686971891153
4.749999999999699,0.40781921853338654
4.751999999999699,0.40741198230807163
4.7539999999996985,0.4070051582048627
4.755999999999698,0.4065987450627212
4.757999999999698,0.40619273945982787
4.759999999999698,0.4057871400067675
4.761999999999698,0.40538194462234217
4.763999999999697,0.4049771509343326
4.765999999999697,0.4045727578245069
4.767999999999697,0.4041687618277572
4.769999999999697,0.40376516142905283
4.7719999999996965,0.4033619544441248
4.773999999999696,0.40295913839364
4.775999999999696,0.4025567107853698
4.777999999999696,0.4021546704610456
4.779999999999696,0.40175305314707244
4.781999999999695,0.4013518715439601
4.783999999999695,0.4009510950522692
4.785999999999695,0.40055070705067697
4.787999999999695,0.40015069823368765
4.7899999999996945,0.39975106433485164
4.791999999999694,0.39935180086499644
4.793999999999694,0.39895290610332085
4.795999999999694,0.39855437938895144
4.797999999999694,0.3981562179247933
4.799999999999693,0.3977584206901887
4.801999999999693,0.3973609860930315
4.803999999999693,0.39696391354710897
4.805999999999693,0.3965672015784711
4.8079999999996925,0.39617084842400463
4.809999999999692,0.395774853452679
4.811999999999692,0.3953792136762134
4.813999999999692,0.3949839297707889
4.815999999999692,0.39458899981510753
4.817999999999691,0.39419442328487003
4.819999999999691,0.39380019906133257
4.821999999999691,0.3934063269781217
4.823999999999691,0.3930128061165262
4.8259999999996905,0.39261963533948735
4.82799999999969,0.39222681356268285
4.82999999999969,0.391834340908637
4.83199999999969,0.3914422179207432
4.83399999999969,0.39105044318360244
4.835999999999689,0.3906590178155295
4.837999999999689,0.3902679407471384
4.839999999999689,0.38987721228529504
4.841999999999689,0.38948683227400716
4.8439999999996886,0.3890968005035329
4.845999999999688,0.388707117825169
4.847999999999688,0.3883177845143994
4.849999999999688,0.3879288016688057
4.851999999999688,0.38754016972526784
4.8539999999996875,0.387151888951442
4.855999999999687,0.38676395965661614
4.857999999999687,0.38637638322829143
4.859999999999687,0.3859891614364329
4.861999999999687,0.3856022943051035
4.863999999999686,0.38521578320410993
4.865999999999686,0.38482962913083474
4.867999999999686,0.38444383388734615
4.869999999999686,0.38405839780299544
4.8719999999996855,0.3836733225569255
4.873999999999685,0.3832886103452122
4.875999999999685,0.3829042617717887
4.877999999999685,0.38252027868703037
4.879999999999685,0.38213666256695994
4.881999999999684,0.3817534156187572
4.883999999999684,0.38137053943609694
4.885999999999684,0.3809880345666704
4.887999999999684,0.3806059038235965
4.8899999999996835,0.3802241482684852
4.891999999999683,0.37984277003846045
4.893999999999683,0.37946177000004944
4.895999999999683,0.37908115029067585
4.897999999999683,0.3787009126561497
4.899999999999682,0.37832105950041706
4.901999999999682,0.37794159179095715
4.903999999999682,0.37756251163251164
4.905999999999682,0.3771838207012375
4.9079999999996815,0.37680552050807353
4.909999999999681,0.3764276125029299
4.911999999999681,0.37605009811936796
4.913999999999681,0.3756729795725987
4.915999999999681,0.3752962577117571
4.91799999999968,0.3749199344970516
4.91999999999968,0.374544011433537
4.92199999999968,0.374168489064024
4.92399999999968,0.37379336918328687
4.9259999999996795,0.3734186532141448
4.927999999999679,0.37304434239935885
4.929999999999679,0.37267043786628384
4.931999999999679,0.37229694069535946
4.933999999999679,0.3719238526790139
4.935999999999678,0.37155117424398076
4.937999999999678,0.37117890609255433
4.939999999999678,0.37080704980610124
4.941999999999678,0.3704356056594179
4.9439999999996775,0.370064574236358
4.945999999999677,0.36969395699554486
4.947999999999677,0.36932375408053464
4.949999999999677,0.36895396594125696
4.951999999999677,0.3685845938907205
4.953999999999676,0.36821563793255996
4.955999999999676,0.36784709911391134
4.957999999999676,0.3674789772722056
4.959999999999676,0.3671112725886749
4.961999999999676,0.3667439861183579
4.963999999999675,0.3663771176214552
4.965999999999675,0.3660106671585085
4.967999999999675,0.3656446356521534
4.969999999999675,0.3652453969763445
4.9719999999996745,0.364837610866474
4.973999999999674,0.3644318329153112
4.975999999999674,0.3640318265160978
4.977999999999674,0.3636382675679064
4.979999999999674,0.3632505725502959
4.981999999999673,0.3628677639028429
4.983999999999673,0.3624888516856642
4.985999999999673,0.36211297927099717
4.987999999999673,0.36173945971505156
4.9899999999996725,0.3613677658907847
4.991999999999672,0.36099750463603764
4.993999999999672,0.3606283879866767
4.995999999999672,0.36026020787481183
4.997999999999672,0.35989281527640216
4.999999999999671,0.35952610430654386
5.001999999999671,0.3591600000336488
5.003999999999671,0.35879444955803474
5.005999999999671,0.3584294155895414
5.0079999999996705,0.3580648719421381
5.00999999999967,0.3577008001842549
5.01199999999967,0.35733718721469965
5.01399999999967,0.3569740237857747
5.01599999999967,0.35661130330821184
5.017999999999669,0.356249021035428
5.019999999999669,0.3558871734240387
5.021999999999669,0.3555257579588019
5.023999999999669,0.3551647726264986
5.0259999999996685,0.35480421588175487
5.027999999999668,0.3544440865730124
5.029999999999668,0.3540843836265194
5.031999999999668,0.353725106142027
5.033999999999668,0.3533662533361291
5.035999999999667,0.3530078245008366
5.037999999999667,0.3526498189792965
5.039999999999667,0.3522922361422355
5.041999999999667,0.35193507531250084
5.0439999999996665,0.3515783359562935
5.045999999999666,0.35122201744899945
5.047999999999666,0.350866119280864
5.049999999999666,0.35051064083789857
5.051999999999666,0.3501555816200861
5.053999999999665,0.3498009410195658
5.055999999999665,0.34944671846732733
5.057999999999665,0.34909291347994503
5.059999999999665,0.3487395617805015
5.0619999999996645,0.3483866495957445
5.063999999999664,0.34803416393479303
5.065999999999664,0.34768209814144124
5.067999999999664,0.3473304487396758
5.069999999999664,0.346979213772864
5.0719999999996634,0.34662839218659053
5.073999999999663,0.34627798321442704
5.075999999999663,0.34592798629388255
5.077999999999663,0.3455784010066462
5.079999999999663,0.3452292268392614
5.081999999999662,0.34488046330308963
5.083999999999662,0.34453210991345645
5.085999999999662,0.3441841661812746
5.087999999999662,0.34383663160497163
5.0899999999996615,0.34348950567271874
5.091999999999661,0.34314278787303276
5.093999999999661,0.3427964776840826
5.095999999999661,0.3424505745823804
5.097999999999661,0.3421050780396126
5.09999999999966,0.34175998747152814
5.10199999999966,0.3414153023917131
5.10399999999966,0.34107102228296704
5.10599999999966,0.34072714656709446
5.1079999999996595,0.34038367475736575
5.109999999999659,0.3400406063385199
5.111999999999659,0.3396979407335329
5.113999999999659,0.33935567744935563
5.115999999999659,0.33901381592050317
5.117999999999658,0.3386723556097102
5.119999999999658,0.33833129604392365
5.121999999999658,0.3379906366613561
5.123999999999658,0.3376503769317376
5.1259999999996575,0.33731051638056775
5.127999999999657,0.3369710544467813
5.129999999999657,0.3366319905982592
5.131999999999657,0.33629332431194364
5.133999999999657,0.33595505506693535
5.135999999999656,0.3356171823462873
5.137999999999656,0.335279705635118
5.139999999999656,0.33494262441572903
5.141999999999656,0.33460593817235934
5.1439999999996555,0.33426964638679957
5.145999999999655,0.3339337485425564
5.147999999999655,0.3335982441229674
5.149999999999655,0.33326313261274443
5.151999999999655,0.3329284134980512
5.153999999999654,0.33259408626108533
5.155999999999654,0.332260150390783
5.157999999999654,0.3319266053328938
5.159999999999654,0.3315934506067796
5.1619999999996535,0.3312606857079823
5.163999999999653,0.33092831013289203
5.165999999999653,0.33059632337057787
5.167999999999653,0.33026472487409947
5.169999999999653,0.3299335141615335
5.171999999999652,0.32960269073197956
5.173999999999652,0.3292722540468318
5.175999999999652,0.32894220362533766
5.177999999999652,0.3286125389732627
5.1799999999996515,0.32828325954929816
5.181999999999651,0.3279543648740133
5.183999999999651,0.3276258544189567
5.185999999999651,0.327297727705283
5.187999999999651,0.3269699842398832
5.1899999999996504,0.3266426234909676
5.19199999999965,0.3263156449790862
5.19399999999965,0.32598904817860486
5.19599999999965,0.32566283261530526
5.19799999999965,0.3253369977966237
5.199999999999649,0.3250115431918581
5.201999999999649,0.3246864683258015
5.203999999999649,0.32436177267674204
5.205999999999649,0.3240374557726485
5.2079999999996485,0.32371351709397733
5.209999999999648,0.3233899561687979
5.211999999999648,0.3230667724795374
5.213999999999648,0.3227439655562661
5.215999999999648,0.3224215348851345
5.217999999999647,0.32209947999292876
5.219999999999647,0.3217778003926778
5.221999999999647,0.32145649556572437
5.223999999999647,0.3211355650409147
5.2259999999996465,0.3208150083068205
5.227999999999646,0.3204948248945918
5.229999999999646,0.3201750142951496
5.231999999999646,0.3198555760400025
5.233999999999646,0.31953650964386177
5.235999999999645,0.3192178145991078
5.237999999999645,0.3188994904367253
5.239999999999645,0.31858153667360556
5.241999999999645,0.3182639528022976
5.2439999999996445,0.31794673835367687
5.245999999999644,0.3176298928275566
5.247999999999644,0.3173134157595812
5.249999999999644,0.31699730667020154
5.251999999999644,0.31668156508027756
5.253999999999643,0.3163661904862885
5.255999999999643,0.31605118242090746
5.257999999999643,0.3157365404093948
5.259999999999643,0.31542226396975437
5.2619999999996425,0.31510835262303394
5.263999999999642,0.31479480587200426
5.265999999999642,0.3144816232515992
5.267999999999642,0.3141688042913071
5.269999999999642,0.3138563485158522
5.271999999999641,0.3135442554491299
5.273999999999641,0.313232524613894
5.275999999999641,0.31292115553416266
5.277999999999641,0.3126101477361982
5.2799999999996405,0.3122995007459986
5.28199999999964,0.31198921409222946
5.28399999999964,0.31167928730130434
5.28599999999964,0.3113697199006158
5.28799999999964,0.3110605114207463
5.289999999999639,0.3107516614064901
5.291999999999639,0.3104431693769306
5.293999999999639,0.31013503485720006
5.295999999999639,0.30982725737907013
5.2979999999996386,0.30951983648738174
5.299999999999638,0.3092127717058024
5.301999999999638,0.3089060625646461
5.303999999999638,0.3085997086103341
5.305999999999638,0.30829370936948414
5.3079999999996375,0.3079880643840097
5.309999999999637,0.30768277318320897
5.311999999999637,0.3073778353105013
5.313999999999637,0.30707325029190735
5.315999999999637,0.30676901767526865
5.317999999999636,0.30646513700100264
5.319999999999636,0.3061616077978365
5.321999999999636,0.3058584296130312
5.323999999999636,0.30555560198838055
5.3259999999996355,0.30525312446567765
5.327999999999635,0.30495099658423963
5.329999999999635,0.3046492178862329
5.331999999999635,0.3043477879137227
5.333999999999635,0.3040467062115384
5.335999999999634,0.3037459723207768
5.337999999999634,0.3034455857866925
5.339999999999634,0.30314554615585354
5.341999999999634,0.3028458529793995
5.3439999999996335,0.30254650579810605
5.345999999999633,0.30224750415783924
5.347999999999633,0.30194884761065544
5.349999999999633,0.3016505357006826
5.351999999999633,0.30135256798305277
5.353999999999632,0.301054944001076
5.355999999999632,0.3007576633078556
5.357999999999632,0.30046072545665403
5.359999999999632,0.3001641299923243
5.3619999999996315,0.2998678764700832
5.363999999999631,0.2995719644429422
5.365999999999631,0.29927639346549295
5.367999999999631,0.2989811630907768
5.369999999999631,0.2986862728713334
5.37199999999963,0.2983917223634407
5.37399999999963,0.2980975111218915
5.37599999999963,0.2978036387067049
5.37799999999963,0.2975101046701722
5.3799999999996295,0.29721690856977934
5.381999999999629,0.296924049966127
5.383999999999629,0.2966315284141102
5.385999999999629,0.2963393434762286
5.387999999999629,0.29604749471158864
5.389999999999628,0.2957559816790526
5.391999999999628,0.29546480393829405
5.393999999999628,0.2951739610536512
5.395999999999628,0.29488345258637483
5.3979999999996275,0.2945932780998427
5.399999999999627,0.2943034371575609
5.401999999999627,0.29401392932311693
5.403999999999627,0.2937247541603998
5.405999999999627,0.2934359112335795
5.407999999999626,0.2931474001096199
5.409999999999626,0.2928592203552297
5.411999999999626,0.29257137153745305
5.413999999999626,0.292283853221464
5.415999999999626,0.2919966649776492
5.417999999999625,0.29170980637475563
5.419999999999625,0.2914232769808369
5.421999999999625,0.2911370763649871
5.423999999999625,0.29085120409883086
5.4259999999996245,0.2905656597529398
5.427999999999624,0.29028044289919475
5.429999999999624,0.2899955531103977
5.431999999999624,0.28971098995609157
5.433999999999624,0.28942675301252724
5.435999999999623,0.2891428418502271
5.437999999999623,0.288859256048896
5.439999999999623,0.288575995180974
5.441999999999623,0.2882930588203072
5.4439999999996225,0.28801044654415675
5.445999999999622,0.2877281579304428
5.447999999999622,0.2874461925562206
5.449999999999622,0.28716455000042096
5.451999999999622,0.2868832298435734
5.453999999999621,0.28660223165820553
5.455999999999621,0.2863215550295276
5.457999999999621,0.28604119953950896
5.459999999999621,0.285761164764061
5.4619999999996205,0.28548145028356187
5.46399999999962,0.28520205568002904
5.46599999999962,0.28492298053814635
5.46799999999962,0.2846442244424579
5.46999999999962,0.2843657869781794
5.471999999999619,0.28408766772834226
5.473999999999619,0.28380986627970684
5.475999999999619,0.2835323822114174
5.477999999999619,0.28325521511647156
5.4799999999996185,0.28297836457578573
5.481999999999618,0.28270183018238204
5.483999999999618,0.2824256115208301
5.485999999999618,0.2821497081777459
5.487999999999618,0.28187411974371623
5.489999999999617,0.2815988458082615
5.491999999999617,0.2813238859550453
5.493999999999617,0.2810492397829373
5.495999999999617,0.280774906887026
5.4979999999996165,0.28050088685058505
5.499999999999616,0.2802271792657823
5.501999999999616,0.27995378373439295
5.503999999999616,0.2796806998452006
5.505999999999616,0.27940792719099544
5.507999999999615,0.27913546535783185
5.509999999999615,0.27886331395031105
5.511999999999615,0.27859147256829536
5.513999999999615,0.27831994079957667
5.5159999999996145,0.2780487182510485
5.517999999999614,0.27777780451268286
5.519999999999614,0.27750719918118905
5.521999999999614,0.2772369018579433
5.523999999999614,0.2769669121424421
5.525999999999613,0.2766972296374155
5.527999999999613,0.27642785394387015
5.529999999999613,0.27615878465299226
5.531999999999613,0.27589002137716756
5.533999999999613,0.27562156370991553
5.535999999999612,0.2753534112543052
5.537999999999612,0.27508556361467595
5.539999999999612,0.2748180203974765
5.541999999999612,0.27455078120858156
5.5439999999996115,0.274283845654526
5.545999999999611,0.27401721334219253
5.547999999999611,0.27375088386664786
5.549999999999611,0.27348485683322366
5.551999999999611,0.27321913186332547
5.55399999999961,0.2729537085573492
5.55599999999961,0.27268858652282113
5.55799999999961,0.2724237653560209
5.55999999999961,0.27215924467920427
5.5619999999996095,0.2718950241072703
5.563999999999609,0.2716311032412717
5.565999999999609,0.2713674816907377
5.567999999999609,0.2711041590692196
5.569999999999609,0.2708411349916237
5.571999999999608,0.2705784090733214
5.573999999999608,0.2703159809294675
5.575999999999608,0.27005385017565986
5.577999999999608,0.2697920164149268
5.5799999999996075,0.2695304792591232
5.581999999999607,0.26926923834092437
5.583999999999607,0.2690082932676358
5.585999999999607,0.2687476436545133
5.587999999999607,0.26848728910606295
5.589999999999606,0.26822722925374515
5.591999999999606,0.2679674637078514
5.593999999999606,0.26770799210234864
5.595999999999606,0.2674488140467898
5.5979999999996055,0.267189929160519
5.599999999999605,0.2669313370652761
5.601999999999605,0.26667303738513437
5.603999999999605,0.2664150297285234
5.605999999999605,0.26615731373188634
5.607999999999604,0.2658998890085898
5.609999999999604,0.2656427551813838
5.611999999999604,0.2653859118762987
5.613999999999604,0.2651293587212639
5.6159999999996035,0.2648730953436794
5.617999999999603,0.26461712135580007
5.619999999999603,0.2643614363977736
5.621999999999603,0.26410604008658467
5.623999999999603,0.2638509320478349
5.625999999999602,0.26359611191191035
5.627999999999602,0.263341579310363
5.629999999999602,0.2630873338745855
5.631999999999602,0.26283337521961325
5.6339999999996015,0.26257970297340527
5.635999999999601,0.2623263167697042
5.637999999999601,0.26207321624355334
5.639999999999601,0.2618204010305324
5.641999999999601,0.2615678707654837
5.6439999999996004,0.26131562508303235
5.6459999999996,0.2610636636011854
5.6479999999996,0.26081198595081456
5.6499999999996,0.2605605917689892
5.6519999999996,0.26030948069442106
5.653999999999599,0.26005865236614056
5.655999999999599,0.2598081064052674
5.657999999999599,0.2595578424642629
5.659999999999599,0.25930786016941554
5.6619999999995985,0.259058159157609
5.663999999999598,0.2588087390687399
5.665999999999598,0.25855959952691554
5.667999999999598,0.25831074018879463
5.669999999999598,0.2580621606841879
5.671999999999597,0.257813860670683
5.673999999999597,0.2575658397773887
5.675999999999597,0.2573180976247923
5.677999999999597,0.25707063387153384
5.6799999999995965,0.25682344816824576
5.681999999999596,0.2565765401430713
5.683999999999596,0.25632990943768746
5.685999999999596,0.2560835556986739
5.687999999999596,0.25583747857465783
5.689999999999595,0.2555916777137608
5.691999999999595,0.2553461527451557
5.693999999999595,0.25510090331320434
5.695999999999595,0.25485592908722565
5.6979999999995945,0.2546112296842166
5.699999999999594,0.25436680476536977
5.701999999999594,0.2541226539862511
5.703999999999594,0.25387877698009637
5.705999999999594,0.2536351733948701
5.707999999999593,0.2533918428832355
5.709999999999593,0.25314878509971295
5.711999999999593,0.2529059996984264
5.713999999999593,0.2526634863142054
5.7159999999995925,0.25242124461712306
5.717999999999592,0.25217927424685554
5.719999999999592,0.251937574854179
5.721999999999592,0.25169614607608576
5.723999999999592,0.25145498758533646
5.725999999999591,0.25121409902559155
5.727999999999591,0.2509734800525351
5.729999999999591,0.25073313032426703
5.731999999999591,0.2504930495012968
5.7339999999995905,0.25025323724385123
5.73599999999959,0.2500136931910689
5.73799999999959,0.24977441699854572
5.73999999999959,0.24953540834707028
5.74199999999959,0.24929666686402763
5.743999999999589,0.24905819222194325
5.745999999999589,0.24881998406825245
5.747999999999589,0.2485820420830928
5.749999999999589,0.24834436591465286
5.7519999999995886,0.24810695522266873
5.753999999999588,0.24786980965065863
5.755999999999588,0.24763292888039812
5.757999999999588,0.24739631256319855
5.759999999999588,0.247159960362158
5.7619999999995875,0.24692387194416415
5.763999999999587,0.24668804697723978
5.765999999999587,0.2464524851088487
5.767999999999587,0.24621718600253156
5.769999999999587,0.24598217892122692
5.771999999999586,0.2457474576485419
5.773999999999586,0.24551300908359647
5.775999999999586,0.24527882656356448
5.777999999999586,0.24504490673920626
5.7799999999995855,0.24481124790592024
5.781999999999585,0.2445778491973568
5.783999999999585,0.2443447101299206
5.785999999999585,0.24411183037558926
5.787999999999585,0.24387920965913554
5.789999999999584,0.2436468476964177
5.791999999999584,0.24341474421156944
5.793999999999584,0.2431828989242289
5.795999999999584,0.24295131154280686
5.7979999999995835,0.24271998174570286
5.799999999999583,0.24248890924097433
5.801999999999583,0.24225809369960494
5.803999999999583,0.24202753480156355
5.805999999999583,0.2417972322071511
5.807999999999582,0.24156718561434237
5.809999999999582,0.24133739468949597
5.811999999999582,0.24110785910971239
5.813999999999582,0.24087857855565853
5.8159999999995815,0.24064955268791227
5.817999999999581,0.2404207812040436
5.819999999999581,0.2401922637701354
5.821999999999581,0.23996400006452662
5.823999999999581,0.23973598976900462
5.82599999999958,0.23950823254566003
5.82799999999958,0.23928072807341416
5.82999999999958,0.23905347603716331
5.83199999999958,0.23882647612423455
5.8339999999995795,0.23859972802050955
5.835999999999579,0.23837323138967498
5.837999999999579,0.23814698591246397
5.839999999999579,0.23792099127564106
5.841999999999579,0.23769524716698776
5.843999999999578,0.23746975325346398
5.845999999999578,0.2372445092392558
5.847999999999578,0.23701951479554034
5.849999999999578,0.2367947696067816
5.8519999999995775,0.23657027333980063
5.853999999999577,0.2363460256806297
5.855999999999577,0.23612202634269208
5.857999999999577,0.23589827498038607
5.859999999999577,0.23567477129732856
5.861999999999576,0.23545151496901845
5.863999999999576,0.23522850570547088
5.865999999999576,0.2350057431823755
5.867999999999576,0.23478322706606566
5.869999999999576,0.23456095706652402
5.871999999999575,0.2343389328619528
5.873999999999575,0.23411715414331175
5.875999999999575,0.23389562060606167
5.877999999999575,0.23367433192475062
5.8799999999995745,0.23345328781256325
5.881999999999574,0.2332324879498095
5.883999999999574,0.2330119320284299
5.885999999999574,0.23279161972382334
5.887999999999574,0.23257155075092825
5.889999999999573,0.23235172268769688
5.891999999999573,0.23213213919789552
5.893999999999573,0.23191279877384258
5.895999999999573,0.23169370060595246
5.8979999999995725,0.23147484417143022
5.899999999999572,0.23125622910557575
5.901999999999572,0.23103785508777774
5.903999999999572,0.23081972185755537
5.905999999999572,0.23060182912580823
5.907999999999571,0.23038417661141655
5.909999999999571,0.2301667640114794
5.911999999999571,0.22994959105854293
5.913999999999571,0.2297326574487663
5.9159999999995705,0.22951596288757575
5.91799999999957,0.22929950708285413
5.91999999999957,0.22908328972027903
5.92199999999957,0.2288673105028546
5.92399999999957,0.2286515691369742
5.925999999999569,0.22843606533150443
5.927999999999569,0.22822079877296608
5.929999999999569,0.2280057691846909
5.931999999999569,0.22779097625848382
5.9339999999995685,0.22757641967607872
5.935999999999568,0.22736209916161265
5.937999999999568,0.2271480144091586
5.939999999999568,0.22693416512409215
5.941999999999568,0.22672055099623864
5.943999999999567,0.22650717175323254
5.945999999999567,0.22629402709039537
5.947999999999567,0.22608111671563877
5.949999999999567,0.22586844031883618
5.9519999999995665,0.22565599762910304
5.953999999999566,0.22544378834398685
5.955999999999566,0.22523181217176277
5.957999999999566,0.22502006880441794
5.959999999999566,0.22480855797304294
5.961999999999565,0.22459727937582136
5.963999999999565,0.22438623272277539
5.965999999999565,0.22417541770803337
5.967999999999565,0.22396483406374973
5.9699999999995645,0.2237544814904696
5.971999999999564,0.22354435967952047
5.973999999999564,0.22333446836388063
5.975999999999564,0.22312480724595896
5.977999999999564,0.22291537604072165
5.979999999999563,0.22270617446624735
5.981999999999563,0.2224972022198996
5.983999999999563,0.22228845901723215
5.985999999999563,0.22207994457810654
5.987999999999563,0.22187165862359148
5.989999999999562,0.22166360085342549
5.991999999999562,0.22145577098364488
5.993999999999562,0.2212481687350812
5.995999999999562,0.2210407938295092
5.9979999999995615,0.22083364596901625
5.999999999999561,0.22062672487088114
