time,value
0.0,0.9090608455074884
0.002,0.8745214627528457
0.004,0.8531785917623003
0.006,1.2227599102284756
0.008,1.3746387457760012
0.01,1.4195980726874218
0.012,1.4186270646313908
0.014,1.402836211102766
0.016,1.3859850504686506
0.018000000000000002,1.372727854317739
0.020000000000000004,1.3636190738328255
0.022000000000000006,1.3577624729097009
0.024000000000000007,1.3540434101226921
0.02600000000000001,1.3515667812300327
0.02800000000000001,1.3497371944698515
0.030000000000000013,1.348206610798603
0.032000000000000015,1.346794012833147
0.034000000000000016,1.3454171815681284
0.03600000000000002,1.344045911905184
0.03800000000000002,1.3426740221063567
0.04000000000000002,1.3413044309579008
0.04200000000000002,1.3399421524069504
0.044000000000000025,1.3385915693914017
0.04600000000000003,1.3372557402691914
0.04800000000000003,1.335936526656824
0.05000000000000003,1.3346350638942361
0.05200000000000003,1.3333520140398833
0.054000000000000034,1.3320876472841152
0.056000000000000036,1.3308420302248516
0.05800000000000004,1.3296151442800994
0.06000000000000004,1.3284073466087114
0.06200000000000004,1.3272186300476128
0.06400000000000004,1.3260486261933784
0.06600000000000004,1.3248971164967962
0.06800000000000005,1.3237639649214765
0.07000000000000005,1.322649070084709
0.07200000000000005,1.3215523434355203
0.07400000000000005,1.3204736889408264
0.07600000000000005,1.3194130044567995
0.07800000000000006,1.3183701777571288
0.08000000000000006,1.3173450858465023
0.08200000000000006,1.3163375956999042
0.08400000000000006,1.3153476365018124
0.08600000000000006,1.314375721727245
0.08800000000000006,1.3134223252969204
0.09000000000000007,1.3124875925162307
0.09200000000000007,1.3115714589619043
0.09400000000000007,1.310673767166049
0.09600000000000007,1.3097943214410674
0.09800000000000007,1.3089329156135499
0.10000000000000007,1.3080893374095486
0.10200000000000008,1.3072633769390023
0.10400000000000008,1.3064548100402802
0.10600000000000008,1.3056634106901002
0.10800000000000008,1.3048889451423604
0.11000000000000008,1.3041311742492514
0.11200000000000009,1.3033898457290394
0.11400000000000009,1.30266470974898
0.11600000000000009,1.301955505607051
0.11800000000000009,1.301261963136442
0.12000000000000009,1.3005838126030689
0.1220000000000001,1.2999207786862612
0.1240000000000001,1.299272583308834
0.12600000000000008,1.298638938456677
0.12800000000000009,1.2980195622081596
0.1300000000000001,1.297414165574013
0.1320000000000001,1.2968224853457577
0.1340000000000001,1.296245640432051
0.1360000000000001,1.2956850549072068
0.1380000000000001,1.2951409639360292
0.1400000000000001,1.2946130349625937
0.1420000000000001,1.2941007099586537
0.1440000000000001,1.2936033689039612
0.1460000000000001,1.2931204011643862
0.1480000000000001,1.2926512223063558
0.1500000000000001,1.2921952739166236
0.1520000000000001,1.291752022435268
0.1540000000000001,1.2913209498717897
0.1560000000000001,1.2909015485257063
0.1580000000000001,1.2904933183593117
0.16000000000000011,1.2900957659998056
0.16200000000000012,1.2897084086443527
0.16400000000000012,1.2893307662657143
0.16600000000000012,1.2889623685647613
0.16800000000000012,1.2886027525538417
0.17000000000000012,1.2882514618988172
0.17200000000000013,1.2879080428281322
0.17400000000000013,1.2875720565320838
0.17600000000000013,1.2872430647210547
0.17800000000000013,1.2869206391975319
0.18000000000000013,1.286604360087777
0.18200000000000013,1.2862941645039498
0.18400000000000014,1.2859908258011024
0.18600000000000014,1.2856950451629503
0.18800000000000014,1.2854069144758233
0.19000000000000014,1.2851262492546127
0.19200000000000014,1.2848527629670627
0.19400000000000014,1.284586144311226
0.19600000000000015,1.2843260972406378
0.19800000000000015,1.2840723388144948
0.20000000000000015,1.2838246089105032
0.20200000000000015,1.2835826607251033
0.20400000000000015,1.2833462598552705
0.20600000000000016,1.2831151780322771
0.20800000000000016,1.2828891908218483
0.21000000000000016,1.2826680853590013
0.21200000000000016,1.2824516487242636
0.21400000000000016,1.282239677764014
0.21600000000000016,1.2820319726341032
0.21800000000000017,1.2818283308756888
0.22000000000000017,1.281628559604177
0.22200000000000017,1.281432469769163
0.22400000000000017,1.281239978459301
0.22600000000000017,1.2810526848407673
0.22800000000000017,1.2808720063708903
0.23000000000000018,1.2806980543853843
0.23200000000000018,1.2805303699256552
0.23400000000000018,1.2803682937715006
0.23600000000000018,1.2802111461563734
0.23800000000000018,1.2800582894717736
0.24000000000000019,1.2799091505913154
0.2420000000000002,1.2797632038520814
0.2440000000000002,1.2796199660977712
0.2460000000000002,1.2794789798153061
0.2480000000000002,1.2793398128635547
0.25000000000000017,1.2792020507875022
0.25200000000000017,1.2790652924755548
0.25400000000000017,1.2789291435027996
0.25600000000000017,1.2787932225124188
0.2580000000000002,1.278657157450006
0.2600000000000002,1.2785205793169447
0.2620000000000002,1.278383124431019
0.2640000000000002,1.278246024050982
0.2660000000000002,1.278111391868571
0.2680000000000002,1.277980006385717
0.2700000000000002,1.277851954846372
0.2720000000000002,1.2777270414546729
0.2740000000000002,1.2776049939092349
0.2760000000000002,1.2774855321546879
0.2780000000000002,1.277368414036865
0.2800000000000002,1.2772534249810734
0.2820000000000002,1.2771403773549905
0.2840000000000002,1.2770291005169012
0.2860000000000002,1.2769194427818558
0.2880000000000002,1.276811251663167
0.2900000000000002,1.2767043894825987
0.2920000000000002,1.276598714703894
0.2940000000000002,1.2764940943852927
0.2960000000000002,1.2763903942810944
0.2980000000000002,1.2762874850500743
0.3000000000000002,1.2761852395356184
0.3020000000000002,1.2760835319917254
0.3040000000000002,1.2759822464247237
0.3060000000000002,1.275881260733846
0.3080000000000002,1.275780460371995
0.3100000000000002,1.2756797288156378
0.3120000000000002,1.2755789538155489
0.3140000000000002,1.2754780245830912
0.3160000000000002,1.2753768351009196
0.3180000000000002,1.2752752760135446
0.32000000000000023,1.275173241530379
0.32200000000000023,1.2750706310435718
0.32400000000000023,1.2749673360893867
0.32600000000000023,1.2748632550571604
0.32800000000000024,1.274758288025358
0.33000000000000024,1.2746528458221404
0.33200000000000024,1.2745482952190643
0.33400000000000024,1.2744452845630039
0.33600000000000024,1.2743439391321547
0.33800000000000024,1.2742441832194484
0.34000000000000025,1.2741458704622604
0.34200000000000025,1.2740488471778326
0.34400000000000025,1.2739529831478844
0.34600000000000025,1.2738581635860946
0.34800000000000025,1.273764291620113
0.35000000000000026,1.273671276748563
0.35200000000000026,1.2735790383870076
0.35400000000000026,1.273487504960086
0.35600000000000026,1.2733966034012603
0.35800000000000026,1.2733062607054555
0.36000000000000026,1.2732164089438345
0.36200000000000027,1.273126981747955
0.36400000000000027,1.2730379131264158
0.36600000000000027,1.2729491414863032
0.36800000000000027,1.2728605975361593
0.3700000000000003,1.2727722193697328
0.3720000000000003,1.2726839473401366
0.3740000000000003,1.2725957179262022
0.3760000000000003,1.2725074755592358
0.3780000000000003,1.2724191578760897
0.3800000000000003,1.2723307054889572
0.3820000000000003,1.2722420645860577
0.3840000000000003,1.2721531823910084
0.3860000000000003,1.272064001436086
0.3880000000000003,1.2719744632500407
0.3900000000000003,1.2718845141396913
0.3920000000000003,1.271794106028084
0.3940000000000003,1.2717031828632412
0.3960000000000003,1.271612240960509
0.3980000000000003,1.2715220857210747
0.4000000000000003,1.2714333543904064
0.4020000000000003,1.2713463412684147
0.4040000000000003,1.2712610450326065
0.4060000000000003,1.2711773415524616
0.4080000000000003,1.2710950835956516
0.4100000000000003,1.2710141304064106
0.4120000000000003,1.2709343519065692
0.4140000000000003,1.2708556406166924
0.4160000000000003,1.2707778978310837
0.4180000000000003,1.2707010359858595
0.4200000000000003,1.2706249729560026
0.4220000000000003,1.2705496293555616
0.4240000000000003,1.2704749316589765
0.4260000000000003,1.270400803737033
0.4280000000000003,1.270327173622443
0.4300000000000003,1.2702539665912271
0.43200000000000033,1.2701811166500283
0.43400000000000033,1.2701085515402901
0.43600000000000033,1.2700362066861124
0.43800000000000033,1.2699640196610216
0.44000000000000034,1.2698919239669606
0.44200000000000034,1.2698198567692374
0.44400000000000034,1.26974775652571
0.44600000000000034,1.2696755621715587
0.44800000000000034,1.2696032129833952
0.45000000000000034,1.269530756288825
0.45200000000000035,1.2694581279648491
0.45400000000000035,1.2693852096676403
0.45600000000000035,1.2693119178348036
0.45800000000000035,1.269238186679857
0.46000000000000035,1.2691641333892043
0.46200000000000035,1.2690904594399919
0.46400000000000036,1.2690175255550546
0.46600000000000036,1.2689454070579376
0.46800000000000036,1.2688740639854406
0.47000000000000036,1.2688034172750473
0.47200000000000036,1.268733387068174
0.47400000000000037,1.2686638970188133
0.47600000000000037,1.268594883506621
0.47800000000000037,1.268526291490542
0.48000000000000037,1.268458071342123
0.4820000000000004,1.2683901767534507
0.4840000000000004,1.2683225634707622
0.4860000000000004,1.2682551928065584
0.4880000000000004,1.2681880232020792
0.4900000000000004,1.2681210126117424
0.4920000000000004,1.2680541279915472
0.4940000000000004,1.2679873295046922
0.4960000000000004,1.2679205756828968
0.4980000000000004,1.2678538340718226
0.5000000000000003,1.2677870699891387
0.5020000000000003,1.2677202436055282
0.5040000000000003,1.2676533230451832
0.5060000000000003,1.2675862741641886
0.5080000000000003,1.267519062170204
0.5100000000000003,1.267451656643765
0.5120000000000003,1.2673840237880596
0.5140000000000003,1.2673161333078742
0.5160000000000003,1.2672479514524913
0.5180000000000003,1.2671794481624223
0.5200000000000004,1.267110594354632
0.5220000000000004,1.2670413609192024
0.5240000000000004,1.266971736475892
0.5260000000000004,1.2669021009692303
0.5280000000000004,1.2668328503396076
0.5300000000000004,1.2667641064039326
0.5320000000000004,1.2666958758916076
0.5340000000000004,1.2666281106681727
0.5360000000000004,1.2665607531330885
0.5380000000000004,1.2664937490020822
0.5400000000000004,1.2664270507729505
0.5420000000000004,1.2663606215829102
0.5440000000000004,1.2662944255760096
0.5460000000000004,1.2662284289308436
0.5480000000000004,1.2661626040689207
0.5500000000000004,1.2660969254051493
0.5520000000000004,1.2660313634003697
0.5540000000000004,1.2659658921858874
0.5560000000000004,1.2659004870223167
0.5580000000000004,1.2658351190929058
0.5600000000000004,1.2657697676259827
0.5620000000000004,1.2657044050321598
0.5640000000000004,1.2656390108077065
0.5660000000000004,1.2655735574679876
0.5680000000000004,1.2655080247428454
0.5700000000000004,1.2654423897966665
0.5720000000000004,1.2653766290307336
0.5740000000000004,1.2653107231770928
0.5760000000000004,1.2652446452637314
0.5780000000000004,1.2651783798788057
0.5800000000000004,1.2651119012340506
0.5820000000000004,1.2650451898789066
0.5840000000000004,1.2649782281533426
0.5860000000000004,1.264910994122571
0.5880000000000004,1.2648434692082047
0.5900000000000004,1.2647756587158092
0.5920000000000004,1.26470786000465
0.5940000000000004,1.2646403431650803
0.5960000000000004,1.2645731839806509
0.5980000000000004,1.264506382219434
0.6000000000000004,1.2644399033603126
0.6020000000000004,1.2643737046265977
0.6040000000000004,1.264307749715107
0.6060000000000004,1.2642420057268937
0.6080000000000004,1.2641765249863617
0.6100000000000004,1.2641113839235731
0.6120000000000004,1.2640465908401624
0.6140000000000004,1.2639821229832864
0.6160000000000004,1.263917950171183
0.6180000000000004,1.2638540358298276
0.6200000000000004,1.2637903432518938
0.6220000000000004,1.2637268420364414
0.6240000000000004,1.2636635002803338
0.6260000000000004,1.2636002910617334
0.6280000000000004,1.2635371849454202
0.6300000000000004,1.2634741610672042
0.6320000000000005,1.2634111917379578
0.6340000000000005,1.2633482520070627
0.6360000000000005,1.263285317939536
0.6380000000000005,1.2632223659286084
0.6400000000000005,1.2631593724998345
0.6420000000000005,1.2630963143163734
0.6440000000000005,1.2630331725078896
0.6460000000000005,1.2629699203079372
0.6480000000000005,1.2629065380968705
0.6500000000000005,1.2628430038460234
0.6520000000000005,1.262779294958738
0.6540000000000005,1.2627153933507778
0.6560000000000005,1.262651277557159
0.6580000000000005,1.2625870791461102
0.6600000000000005,1.2625230657669182
0.6620000000000005,1.2624593474052102
0.6640000000000005,1.2623959324855814
0.6660000000000005,1.26233280320801
0.6680000000000005,1.2622699196704672
0.6700000000000005,1.2622072479440765
0.6720000000000005,1.262144755007962
0.6740000000000005,1.2620824198053646
0.6760000000000005,1.2620202126882503
0.6780000000000005,1.2619581165597378
0.6800000000000005,1.261896109430457
0.6820000000000005,1.2618341728563465
0.6840000000000005,1.2617722853582956
0.6860000000000005,1.2617104339307261
0.6880000000000005,1.2616485987129291
0.6900000000000005,1.2615867668597889
0.6920000000000005,1.2615249183153179
0.6940000000000005,1.2614630401221187
0.6960000000000005,1.2614011165943322
0.6980000000000005,1.261339126860232
0.7000000000000005,1.261277058225649
0.7020000000000005,1.2612148957651206
0.7040000000000005,1.2611526281035923
0.7060000000000005,1.2610902356614977
0.7080000000000005,1.2610277060069177
0.7100000000000005,1.260965024332318
0.7120000000000005,1.2609021795584052
0.7140000000000005,1.2608391569059478
0.7160000000000005,1.2607759407208592
0.7180000000000005,1.260712519931917
0.7200000000000005,1.26064888020643
0.7220000000000005,1.2605850108120429
0.7240000000000005,1.2605208981002767
0.7260000000000005,1.2604566853699868
0.7280000000000005,1.2603925729232694
0.7300000000000005,1.2603286309140358
0.7320000000000005,1.260264866873044
0.7340000000000005,1.2602012583411635
0.7360000000000005,1.26013777496626
0.7380000000000005,1.260074396198891
0.7400000000000005,1.2600110975901715
0.7420000000000005,1.2599478602243788
0.7440000000000005,1.259884668230397
0.7460000000000006,1.2598215073117254
0.7480000000000006,1.2597583639570917
0.7500000000000006,1.2596952207606593
0.7520000000000006,1.2596320687839448
0.7540000000000006,1.2595688967101164
0.7560000000000006,1.2595056879530848
0.7580000000000006,1.2594424339237973
0.7600000000000006,1.2593791235844125
0.7620000000000006,1.2593157449976284
0.7640000000000006,1.2592522903937415
0.7660000000000006,1.259188743968504
0.7680000000000006,1.2591250970939611
0.7700000000000006,1.2590613343837076
0.7720000000000006,1.258997452339589
0.7740000000000006,1.2589334367987277
0.7760000000000006,1.2588693844543308
0.7780000000000006,1.2588052587416596
0.7800000000000006,1.258740999477393
0.7820000000000006,1.2586765724187545
0.7840000000000006,1.2586119619277887
0.7860000000000006,1.2585471556608576
0.7880000000000006,1.258482147396253
0.7900000000000006,1.2584169279888557
0.7920000000000006,1.2583514874359834
0.7940000000000006,1.2582858471730884
0.7960000000000006,1.2582201891229612
0.7980000000000006,1.2581546190970725
0.8000000000000006,1.2580891582773863
0.8020000000000006,1.2580237989969372
0.8040000000000006,1.2579585233773176
0.8060000000000006,1.2578933118659572
0.8080000000000006,1.2578281464561996
0.8100000000000006,1.2577630071433803
0.8120000000000006,1.257697884131239
0.8140000000000006,1.257632762301497
0.8160000000000006,1.2575676346000717
0.8180000000000006,1.257502487392332
0.8200000000000006,1.2574373184187635
0.8220000000000006,1.2573721603907964
0.8240000000000006,1.2573070427496207
0.8260000000000006,1.2572419629772462
0.8280000000000006,1.2571769147433465
0.8300000000000006,1.2571118805074797
0.8320000000000006,1.2570468446873015
0.8340000000000006,1.2569817932433887
0.8360000000000006,1.2569167175225777
0.8380000000000006,1.2568516014176558
0.8400000000000006,1.256786431871425
0.8420000000000006,1.2567212016234115
0.8440000000000006,1.2566559001985684
0.8460000000000006,1.2565905160729098
0.8480000000000006,1.2565250376714057
0.8500000000000006,1.256459453752794
0.8520000000000006,1.2563937577913353
0.8540000000000006,1.256327939741018
0.8560000000000006,1.2562619885234736
0.8580000000000007,1.2561958931270976
0.8600000000000007,1.2561296472791876
0.8620000000000007,1.2560632412950006
0.8640000000000007,1.2559966792317876
0.8660000000000007,1.2559300825187307
0.8680000000000007,1.2558635527488067
0.8700000000000007,1.2557971154123584
0.8720000000000007,1.2557307721820916
0.8740000000000007,1.2556645055025903
0.8760000000000007,1.2555983018875077
0.8780000000000007,1.255532141395569
0.8800000000000007,1.2554660086749023
0.8820000000000007,1.2553998912239568
0.8840000000000007,1.2553337781955716
0.8860000000000007,1.2552676596544157
0.8880000000000007,1.2552015218629209
0.8900000000000007,1.2551353595957964
0.8920000000000007,1.2550691652689638
0.8940000000000007,1.255002934603635
0.8960000000000007,1.254936654809961
0.8980000000000007,1.2548703157078434
0.9000000000000007,1.2548039084637261
0.9020000000000007,1.2547374292070035
0.9040000000000007,1.2546708704534189
0.9060000000000007,1.2546042235075296
0.9080000000000007,1.2545374795646842
0.9100000000000007,1.2544706301295663
0.9120000000000007,1.2544036714268196
0.9140000000000007,1.2543365961366217
0.9160000000000007,1.2542693958694895
0.9180000000000007,1.2542020665768385
0.9200000000000007,1.25413460068977
0.9220000000000007,1.2540669897241734
0.9240000000000007,1.253999225380472
0.9260000000000007,1.2539313041997755
0.9280000000000007,1.2538632193364343
0.9300000000000007,1.253794967329989
0.9320000000000007,1.2537265409117435
0.9340000000000007,1.2536579318942724
0.9360000000000007,1.2535891486386117
0.9380000000000007,1.253520303460552
0.9400000000000007,1.2534514764516733
0.9420000000000007,1.2533826841655027
0.9440000000000007,1.253313926417194
0.9460000000000007,1.2532451871725585
0.9480000000000007,1.2531764515775945
0.9500000000000007,1.2531077069606227
0.9520000000000007,1.2530389426751702
0.9540000000000007,1.2529701539315203
0.9560000000000007,1.2529013287244524
0.9580000000000007,1.25283245826518
0.9600000000000007,1.2527635396667376
0.9620000000000007,1.2526945624824521
0.9640000000000007,1.2526255234207837
0.9660000000000007,1.2525564165175913
0.9680000000000007,1.2524872349091904
0.9700000000000008,1.2524179716499928
0.9720000000000008,1.252348624357601
0.9740000000000008,1.2522791870216095
0.9760000000000008,1.2522096482066774
0.9780000000000008,1.2521400090902683
0.9800000000000008,1.2520702604283176
0.9820000000000008,1.2520003991586957
0.9840000000000008,1.2519304150709019
0.9860000000000008,1.251860309817817
0.9880000000000008,1.2517900743608663
0.9900000000000008,1.2517197057998413
0.9920000000000008,1.2516491984556497
0.9940000000000008,1.2515785459610496
0.9960000000000008,1.2515077464631663
0.9980000000000008,1.251436794610518
1.0000000000000007,1.251365688447396
1.0020000000000007,1.2512944222179034
1.0040000000000007,1.2512229892574964
1.0060000000000007,1.2511513875126632
1.0080000000000007,1.251079611601778
1.0100000000000007,1.251007690153562
1.0120000000000007,1.2509357215327712
1.0140000000000007,1.2508637507603009
1.0160000000000007,1.2507917862603462
1.0180000000000007,1.2507198217814315
1.0200000000000007,1.2506478420417149
1.0220000000000007,1.2505758397606699
1.0240000000000007,1.2505038063496727
1.0260000000000007,1.2504317378878
1.0280000000000007,1.2503596339253236
1.0300000000000007,1.2502875129302298
1.0320000000000007,1.250215380690308
1.0340000000000007,1.2501432386397846
1.0360000000000007,1.2500710763718765
1.0380000000000007,1.2499988848847736
1.0400000000000007,1.2499266606305477
1.0420000000000007,1.2498543925352168
1.0440000000000007,1.2497820769430956
1.0460000000000007,1.249709707749975
1.0480000000000007,1.2496372781174512
1.0500000000000007,1.2495647812332948
1.0520000000000007,1.2494922105843385
1.0540000000000007,1.2494195643505377
1.0560000000000007,1.249346832708549
1.0580000000000007,1.249274012986182
1.0600000000000007,1.2492010999163963
1.0620000000000007,1.2491280874237236
1.0640000000000007,1.2490549737816812
1.0660000000000007,1.248981749235296
1.0680000000000007,1.2489084112726672
1.0700000000000007,1.248834959245764
1.0720000000000007,1.248761383468362
1.0740000000000007,1.2486876812135628
1.0760000000000007,1.248613847277038
1.0780000000000007,1.2485398801975902
1.0800000000000007,1.2484657703574245
1.0820000000000007,1.2483915198163482
1.0840000000000007,1.2483171252340146
1.0860000000000007,1.248242655964502
1.0880000000000007,1.2481681707352494
1.0900000000000007,1.248093686705841
1.0920000000000007,1.2480192025601078
1.0940000000000007,1.2479447099641952
1.0960000000000008,1.2478701990092862
1.0980000000000008,1.247795660389452
1.1000000000000008,1.2477210860032337
1.1020000000000008,1.247646468888666
1.1040000000000008,1.247571807331009
1.1060000000000008,1.2474970918904535
1.1080000000000008,1.2474223204530976
1.1100000000000008,1.2473474840010388
1.1120000000000008,1.247272581058659
1.1140000000000008,1.247197607579351
1.1160000000000008,1.2471226583511594
1.1180000000000008,1.247047705696211
1.1200000000000008,1.246972696069321
1.1220000000000008,1.2468976021125728
1.1240000000000008,1.2468224149002556
1.1260000000000008,1.2467471240696604
1.1280000000000008,1.246671728999527
1.1300000000000008,1.246596231545883
1.1320000000000008,1.2465206244003781
1.1340000000000008,1.246444906791752
1.1360000000000008,1.2463690751088883
1.1380000000000008,1.246293124841187
1.1400000000000008,1.2462170557849361
1.1420000000000008,1.2461408640767972
1.1440000000000008,1.246064544786646
1.1460000000000008,1.2459880930329916
1.1480000000000008,1.2459115087072081
1.1500000000000008,1.2458347882311254
1.1520000000000008,1.2457579313562885
1.1540000000000008,1.2456809295926523
1.1560000000000008,1.2456037860839986
1.1580000000000008,1.2455264933546006
1.1600000000000008,1.245449050241239
1.1620000000000008,1.2453714978525279
1.1640000000000008,1.2452938953485144
1.1660000000000008,1.2452162677441891
1.1680000000000008,1.245138613280302
1.1700000000000008,1.2450609295529698
1.1720000000000008,1.2449832092418045
1.1740000000000008,1.2449054442136895
1.1760000000000008,1.2448276270852006
1.1780000000000008,1.2447497515786068
1.1800000000000008,1.2446718124014067
1.1820000000000008,1.244593804992273
1.1840000000000008,1.2445157296388503
1.1860000000000008,1.2444375830077992
1.1880000000000008,1.2443593562036899
1.1900000000000008,1.2442810528852741
1.1920000000000008,1.2442026661687617
1.1940000000000008,1.2441241909172012
1.1960000000000008,1.24404562741006
1.1980000000000008,1.24396697257538
1.2000000000000008,1.2438882222579757
1.2020000000000008,1.2438093722313353
1.2040000000000008,1.2437304229256212
1.2060000000000008,1.2436513711913582
1.2080000000000009,1.2435722127843458
1.2100000000000009,1.2434929434583806
1.2120000000000009,1.2434135637075276
1.2140000000000009,1.2433340704996323
1.2160000000000009,1.2432544597509552
1.2180000000000009,1.2431747273980527
1.2200000000000009,1.2430948741292556
1.2220000000000009,1.2430148971126325
1.2240000000000009,1.2429347924605778
1.2260000000000009,1.242854565082455
1.2280000000000009,1.24277422892266
1.2300000000000009,1.2426937884607354
1.2320000000000009,1.242613241683334
1.2340000000000009,1.2425325886920353
1.2360000000000009,1.2424518251654433
1.2380000000000009,1.2423709456212195
1.2400000000000009,1.2422899763746762
1.2420000000000009,1.2422089722386778
1.2440000000000009,1.2421279534076024
1.2460000000000009,1.2420469215419405
1.2480000000000009,1.24196587102193
1.2500000000000009,1.2418847898625458
1.252000000000001,1.2418036746504928
1.254000000000001,1.2417225203710918
1.256000000000001,1.2416413261928632
1.258000000000001,1.2415600832784912
1.260000000000001,1.2414787857753269
1.262000000000001,1.241397433774191
1.264000000000001,1.2413160197738615
1.266000000000001,1.2412345435127197
1.268000000000001,1.2411530020593113
1.270000000000001,1.2410713915618146
1.272000000000001,1.2409897124246656
1.274000000000001,1.240907956892296
1.276000000000001,1.240826124394274
1.278000000000001,1.2407442118124026
1.280000000000001,1.2406622152478657
1.282000000000001,1.2405801307978128
1.284000000000001,1.2404979548315083
1.286000000000001,1.24041568841699
1.288000000000001,1.24033332892818
1.290000000000001,1.2402508725264243
1.292000000000001,1.2401683152719898
1.294000000000001,1.2400856579233288
1.296000000000001,1.2400028976610122
1.298000000000001,1.239920030579088
1.300000000000001,1.2398370527771578
1.302000000000001,1.2397539651215008
1.304000000000001,1.2396707649373484
1.306000000000001,1.239587448484247
1.308000000000001,1.2395040120331091
1.310000000000001,1.2394204566244904
1.312000000000001,1.2393367797596277
1.314000000000001,1.239252977869298
1.316000000000001,1.2391690517955587
1.318000000000001,1.2390849987892576
1.320000000000001,1.239000845930217
1.322000000000001,1.238916635328188
1.324000000000001,1.238832386476304
1.326000000000001,1.23874810147511
1.328000000000001,1.2386637711361037
1.330000000000001,1.2385793928199151
1.332000000000001,1.2384949616368415
1.334000000000001,1.238410472466668
1.336000000000001,1.2383259251014325
1.338000000000001,1.2382413116043458
1.340000000000001,1.2381566315416905
1.342000000000001,1.2380718820958325
1.344000000000001,1.2379870553398116
1.346000000000001,1.2379021561641117
1.348000000000001,1.2378171788177195
1.350000000000001,1.2377321192283732
1.352000000000001,1.2376469787174682
1.354000000000001,1.2375617551727514
1.356000000000001,1.237476445333987
1.358000000000001,1.2373910458234965
1.360000000000001,1.2373055579460495
1.362000000000001,1.2372199793727598
1.364000000000001,1.237134302234629
1.366000000000001,1.2370485314362107
1.368000000000001,1.2369626613014773
1.370000000000001,1.2368766923528876
1.372000000000001,1.2367906222103682
1.374000000000001,1.2367044476599967
1.376000000000001,1.2366181655497963
1.378000000000001,1.2365317774918665
1.380000000000001,1.2364452815014038
1.382000000000001,1.2363586744671708
1.384000000000001,1.2362719532492847
1.386000000000001,1.236185119473881
1.388000000000001,1.2360981711920775
1.390000000000001,1.2360111053607514
1.392000000000001,1.2359239233528403
1.394000000000001,1.235836622936158
1.396000000000001,1.2357492008575635
1.398000000000001,1.2356616539438716
1.400000000000001,1.2355739859779404
1.402000000000001,1.235486229207558
1.404000000000001,1.2353984140582688
1.406000000000001,1.235310554135447
1.408000000000001,1.2352226451293076
1.410000000000001,1.2351346861152264
1.412000000000001,1.2350466725855858
1.414000000000001,1.2349585949690098
1.416000000000001,1.2348704551939378
1.418000000000001,1.2347822668063928
1.420000000000001,1.2346940288920665
1.422000000000001,1.2346057386356153
1.424000000000001,1.2345173972145398
1.426000000000001,1.2344290018722288
1.428000000000001,1.2343405486338304
1.430000000000001,1.2342520290641794
1.432000000000001,1.2341634479686021
1.434000000000001,1.2340747996306372
1.436000000000001,1.233986080079876
1.438000000000001,1.233897290782985
1.440000000000001,1.2338084297573602
1.442000000000001,1.233719493850131
1.444000000000001,1.2336304797772786
1.446000000000001,1.2335413845102987
1.448000000000001,1.2334522097946172
1.450000000000001,1.2333630298654388
1.452000000000001,1.2332738467075335
1.454000000000001,1.2331846093830434
1.456000000000001,1.233095291259345
1.458000000000001,1.2330058795320573
1.460000000000001,1.2329163729668178
1.462000000000001,1.2328267652602163
1.464000000000001,1.2327370583050246
1.466000000000001,1.2326472515094336
1.468000000000001,1.2325573432151682
1.470000000000001,1.2324673358441667
1.472000000000001,1.2323772278536966
1.474000000000001,1.2322870163849644
1.476000000000001,1.2321966984587247
1.478000000000001,1.232106275820337
1.480000000000001,1.232015746648575
1.482000000000001,1.231925108030492
1.484000000000001,1.2318343636200604
1.486000000000001,1.2317435531350878
1.488000000000001,1.2316526913825767
1.490000000000001,1.2315617857185985
1.492000000000001,1.231470834828817
1.494000000000001,1.2313798343488311
1.496000000000001,1.2312887838672728
1.498000000000001,1.2311976751068479
1.500000000000001,1.2311065074764633
1.5020000000000011,1.2310152738167854
1.5040000000000011,1.2309239748522234
1.5060000000000011,1.2308326089412327
1.5080000000000011,1.2307411736284855
1.5100000000000011,1.2306496707873107
1.5120000000000011,1.2305580940691212
1.5140000000000011,1.2304664443104467
1.5160000000000011,1.2303747197611632
1.5180000000000011,1.2302829178496504
1.5200000000000011,1.2301910359726795
1.5220000000000011,1.2300990717638425
1.5240000000000011,1.2300070275633426
1.5260000000000011,1.2299149019806177
1.5280000000000011,1.2298226923730273
1.5300000000000011,1.2297303959596786
1.5320000000000011,1.2296380146725194
1.5340000000000011,1.2295455423971942
1.5360000000000011,1.2294529802976448
1.5380000000000011,1.2293603269745097
1.5400000000000011,1.2292675846342194
1.5420000000000011,1.2291747470264378
1.5440000000000011,1.229081815099932
1.5460000000000012,1.2289887872808192
1.5480000000000012,1.228895661246276
1.5500000000000012,1.2288024391287602
1.5520000000000012,1.2287091149282057
1.5540000000000012,1.228615689922869
1.5560000000000012,1.2285221672873208
1.5580000000000012,1.2284285409782023
1.5600000000000012,1.2283348118982715
1.5620000000000012,1.2282409783921244
1.5640000000000012,1.2281470381009612
1.5660000000000012,1.2280529931863977
1.5680000000000012,1.2279588381609021
1.5700000000000012,1.2278645957166852
1.5720000000000012,1.227770296232489
1.5740000000000012,1.227675944133772
1.5760000000000012,1.2275815382637751
1.5780000000000012,1.2274870799496969
1.5800000000000012,1.2273925662531866
1.5820000000000012,1.2272979931422532
1.5840000000000012,1.2272033568073222
1.5860000000000012,1.2271086540563378
1.5880000000000012,1.2270138823213266
1.5900000000000012,1.2269190439673183
1.5920000000000012,1.2268241377083515
1.5940000000000012,1.2267291610293232
1.5960000000000012,1.2266341112776658
1.5980000000000012,1.2265389861224727
1.6000000000000012,1.2264437888140596
1.6020000000000012,1.226348529118782
1.6040000000000012,1.2262532085598683
1.6060000000000012,1.2261578251956988
1.6080000000000012,1.226062376015686
1.6100000000000012,1.2259668579955818
1.6120000000000012,1.2258712729198722
1.6140000000000012,1.225775614530854
1.6160000000000012,1.2256798838981544
1.6180000000000012,1.2255840795264261
1.6200000000000012,1.225488199092844
1.6220000000000012,1.2253922402208974
1.6240000000000012,1.2252962052220704
1.6260000000000012,1.2252000926964568
1.6280000000000012,1.2251039000317838
1.6300000000000012,1.2250076245239272
1.6320000000000012,1.224911263779668
1.6340000000000012,1.2248148157823757
1.6360000000000012,1.2247182833059482
1.6380000000000012,1.2246216653707835
1.6400000000000012,1.22452495970615
1.6420000000000012,1.2244281683441425
1.6440000000000012,1.2243312851145185
1.6460000000000012,1.224234311203944
1.6480000000000012,1.2241372453025772
1.6500000000000012,1.224040085325589
1.6520000000000012,1.223942833647519
1.6540000000000012,1.2238454889027266
1.6560000000000012,1.2237480570132993
1.6580000000000013,1.223650562314409
1.6600000000000013,1.2235530162902113
1.6620000000000013,1.223455425470337
1.6640000000000013,1.2233577841546859
1.6660000000000013,1.223260092463442
1.6680000000000013,1.2231623476443851
1.6700000000000013,1.223064546301258
1.6720000000000013,1.2229666852834802
1.6740000000000013,1.2228687619464826
1.6760000000000013,1.222770778597766
1.6780000000000013,1.2226727294364461
1.6800000000000013,1.2225746159370177
1.6820000000000013,1.2224764369217853
1.6840000000000013,1.2223781903186701
1.6860000000000013,1.222279873960859
1.6880000000000013,1.2221814858797784
1.6900000000000013,1.2220830288486664
1.6920000000000013,1.2219845018673725
1.6940000000000013,1.2218859026478976
1.6960000000000013,1.2217872287482068
1.6980000000000013,1.2216884779942203
1.7000000000000013,1.2215896530498058
1.7020000000000013,1.2214907484000104
1.7040000000000013,1.221391765781702
1.7060000000000013,1.2212927042730566
1.7080000000000013,1.221193566541296
1.7100000000000013,1.2210943466651956
1.7120000000000013,1.220995045952698
1.7140000000000013,1.220895663156296
1.7160000000000013,1.2207961962564644
1.7180000000000013,1.2206966432472977
1.7200000000000013,1.2205970023887702
1.7220000000000013,1.2204972767350857
1.7240000000000013,1.2203974655817196
1.7260000000000013,1.2202975669407377
1.7280000000000013,1.220197583164426
1.7300000000000013,1.220097508369838
1.7320000000000013,1.2199973440643201
1.7340000000000013,1.2198970892392444
1.7360000000000013,1.2197967421076568
1.7380000000000013,1.2196963053686662
1.7400000000000013,1.2195957734656153
1.7420000000000013,1.2194951481733582
1.7440000000000013,1.2193944358362399
1.7460000000000013,1.2192936544704227
1.7480000000000013,1.2191928154345222
1.7500000000000013,1.219091925945643
1.7520000000000013,1.2189909856907253
1.7540000000000013,1.2188899916386986
1.7560000000000013,1.2187889402885759
1.7580000000000013,1.2186878285343676
1.7600000000000013,1.218586658383858
1.7620000000000013,1.2184854238695968
1.7640000000000013,1.2183841264789275
1.7660000000000013,1.218282765146744
1.7680000000000013,1.2181813379718816
1.7700000000000014,1.2180798429918516
1.7720000000000014,1.2179783738638381
1.7740000000000014,1.217876912512578
1.7760000000000014,1.2177754080895484
1.7780000000000014,1.2176738415272619
1.7800000000000014,1.2175722112140477
1.7820000000000014,1.2174705157381271
1.7840000000000014,1.2173687538798603
1.7860000000000014,1.2172669245197485
1.7880000000000014,1.2171650265914542
1.7900000000000014,1.2170630590530973
1.7920000000000014,1.2169610253680352
1.7940000000000014,1.2168589250293549
1.7960000000000014,1.2167567560838308
1.7980000000000014,1.2166545163232851
1.8000000000000014,1.216552203741645
1.8020000000000014,1.2164498211366341
1.8040000000000014,1.2163473631211368
1.8060000000000014,1.2162448315406602
1.8080000000000014,1.2161422255856054
1.8100000000000014,1.216039543541995
1.8120000000000014,1.2159367880837808
1.8140000000000014,1.2158339536014648
1.8160000000000014,1.2157310417577238
1.8180000000000014,1.2156280516304885
1.8200000000000014,1.215524981465251
1.8220000000000014,1.215421833946656
1.8240000000000014,1.215318603501427
1.8260000000000014,1.2152152918538832
1.8280000000000014,1.2151118981512756
1.8300000000000014,1.2150084207122944
1.8320000000000014,1.214904857801372
1.8340000000000014,1.2148012142192177
1.8360000000000014,1.2146975080948788
1.8380000000000014,1.2145937512004439
1.8400000000000014,1.2144899459852745
1.8420000000000014,1.214386091139629
1.8440000000000014,1.2142821886499764
1.8460000000000014,1.2141782319381567
1.8480000000000014,1.2140742217946447
1.8500000000000014,1.2139701521040116
1.8520000000000014,1.2138660245837163
1.8540000000000014,1.2137618385043005
1.8560000000000014,1.2136575967683114
1.8580000000000014,1.2135532936446984
1.8600000000000014,1.2134489260788135
1.8620000000000014,1.2133444969271008
1.8640000000000014,1.2132400057026844
1.8660000000000014,1.213135450712904
1.8680000000000014,1.2130308300566293
1.8700000000000014,1.2129261420097923
1.8720000000000014,1.2128213896365359
1.8740000000000014,1.2127165722441278
1.8760000000000014,1.212611683347657
1.8780000000000014,1.2125067248214638
1.8800000000000014,1.2124017007879937
1.8820000000000014,1.2122966060148272
1.8840000000000015,1.2121914376405736
1.8860000000000015,1.2120861986162534
1.8880000000000015,1.2119808885333154
1.8900000000000015,1.2118755057864092
1.8920000000000015,1.2117700485896077
1.8940000000000015,1.211664519874396
1.8960000000000015,1.2115589143374808
1.8980000000000015,1.2114532339825337
1.9000000000000015,1.2113474781879987
1.9020000000000015,1.2112416454559516
1.9040000000000015,1.2111357387224477
1.9060000000000015,1.2110297526066045
1.9080000000000015,1.2109236890548072
1.9100000000000015,1.2108175474077199
1.9120000000000015,1.210711326158382
1.9140000000000015,1.2106050282605243
1.9160000000000015,1.2104986483569369
1.9180000000000015,1.2103921884191655
1.9200000000000015,1.2102856478325434
1.9220000000000015,1.2101790251363682
1.9240000000000015,1.2100723233404436
1.9260000000000015,1.20996553893734
1.9280000000000015,1.209858691065584
1.9300000000000015,1.2097517904949944
1.9320000000000015,1.2096448393989623
1.9340000000000015,1.2095378365365657
1.9360000000000015,1.209430784146886
1.9380000000000015,1.2093236759069137
1.9400000000000015,1.209216512907058
1.9420000000000015,1.2091092892774082
1.9440000000000015,1.2090020070109975
1.9460000000000015,1.2088946656247783
1.9480000000000015,1.2087872684090837
1.9500000000000015,1.2086798130954792
1.9520000000000015,1.2085723050666077
1.9540000000000015,1.2084647401578463
1.9560000000000015,1.2083571207960657
1.9580000000000015,1.2082494463771056
1.9600000000000015,1.2081417152244134
1.9620000000000015,1.2080339254909698
1.9640000000000015,1.2079260800608087
1.9660000000000015,1.2078181735310847
1.9680000000000015,1.2077102078066304
1.9700000000000015,1.207602182140964
1.9720000000000015,1.2074940948944473
1.9740000000000015,1.207385944332969
1.9760000000000015,1.2072777289265841
1.9780000000000015,1.2071694519500384
1.9800000000000015,1.207061108340282
1.9820000000000015,1.206952700281245
1.9840000000000015,1.206844227240863
1.9860000000000015,1.2067356877425095
1.9880000000000015,1.2066270847338387
1.9900000000000015,1.2065184127711555
1.9920000000000015,1.2064096737485208
1.9940000000000015,1.2063008669526298
1.9960000000000016,1.2061919908178607
1.9980000000000016,1.2060830437145882
2.0000000000000013,1.2059740242382246
2.002000000000001,1.2058649358127187
2.004000000000001,1.205755778064125
2.0060000000000007,1.2056465492953923
2.0080000000000005,1.205537247633678
2.0100000000000002,1.2054278714554882
2.012,1.2053184194830955
2.014,1.2052088952943405
2.0159999999999996,1.2050992986578424
2.0179999999999993,1.2049896279968246
2.019999999999999,1.2048798851740428
2.021999999999999,1.204770084167534
2.0239999999999987,1.2046602365675283
2.0259999999999985,1.2045503443139078
2.0279999999999982,1.2044404010404945
2.029999999999998,1.2043304079472825
2.031999999999998,1.2042203638178253
2.0339999999999976,1.2041102712911123
2.0359999999999974,1.2040001244497651
2.037999999999997,1.2038899202086837
2.039999999999997,1.2037796615692251
2.0419999999999967,1.2036693482132825
2.0439999999999965,1.2035589786215872
2.0459999999999963,1.2034485510680597
2.047999999999996,1.2033380640034599
2.049999999999996,1.203227516157674
2.0519999999999956,1.2031169110764508
2.0539999999999954,1.2030062438845819
2.055999999999995,1.2028955169474422
2.057999999999995,1.2027847298746668
2.0599999999999947,1.2026738812995377
2.0619999999999945,1.202562974289692
2.0639999999999943,1.2024520034704627
2.065999999999994,1.202340970830276
2.067999999999994,1.2022298711620978
2.0699999999999936,1.2021187070162844
2.0719999999999934,1.2020074783345736
2.073999999999993,1.2018961886542798
2.075999999999993,1.2017848326909515
2.0779999999999927,1.2016734123914243
2.0799999999999925,1.2015620418964892
2.0819999999999923,1.2014506633071815
2.083999999999992,1.201339238346331
2.085999999999992,1.201227748281683
2.0879999999999916,1.2011161851462413
2.0899999999999914,1.201004546338316
2.091999999999991,1.2008928315828693
2.093999999999991,1.2007810459266675
2.0959999999999908,1.200669185922908
2.0979999999999905,1.2005572550206574
2.0999999999999903,1.2004452581751528
2.10199999999999,1.2003331905645194
2.10399999999999,1.2002210495908687
2.1059999999999897,1.2001088384733263
2.1079999999999894,1.1999965570740962
2.109999999999989,1.1998842040713944
2.111999999999989,1.1997717779661479
2.1139999999999888,1.1996592774690003
2.1159999999999886,1.1995467141453984
2.1179999999999883,1.1994341018625203
2.119999999999988,1.1993214424508913
2.121999999999988,1.199208740527776
2.1239999999999877,1.1990960004493885
2.1259999999999875,1.1989832162361571
2.1279999999999872,1.1988703841180823
2.129999999999987,1.1987575063389646
2.131999999999987,1.198644577417271
2.1339999999999866,1.198531599441527
2.1359999999999864,1.1984185719154192
2.137999999999986,1.1983054934306436
2.139999999999986,1.198192362441413
2.1419999999999857,1.198079177572188
2.1439999999999855,1.1979659376789367
2.1459999999999853,1.1978526463931356
2.147999999999985,1.1977393034723378
2.149999999999985,1.1976259027140166
2.1519999999999846,1.1975124462779925
2.1539999999999844,1.1973989385854176
2.155999999999984,1.1972853745863101
2.157999999999984,1.1971717515763631
2.1599999999999837,1.1970580727167635
2.1619999999999835,1.1969443332140797
2.1639999999999833,1.1968305356670408
2.165999999999983,1.1967166799430449
2.167999999999983,1.1966027649001472
2.1699999999999826,1.196488793788196
2.1719999999999824,1.1963747613933031
2.173999999999982,1.1962606698309532
2.175999999999982,1.1961465185735405
2.1779999999999817,1.1960323016282213
2.1799999999999815,1.1959180261262603
2.1819999999999813,1.1958036882661638
2.183999999999981,1.195689285846669
2.185999999999981,1.1955748222048457
2.1879999999999806,1.1954602971635944
2.1899999999999804,1.1953457047167462
2.19199999999998,1.195231051877253
2.19399999999998,1.1951163347203326
2.1959999999999797,1.1950015509590026
2.1979999999999795,1.1948867038894782
2.1999999999999793,1.1947717933332873
2.201999999999979,1.1946568133057651
2.203999999999979,1.194541766273705
2.2059999999999786,1.1944266569810036
2.2079999999999784,1.194311480645627
2.209999999999978,1.1941962394069963
2.211999999999978,1.1940809341272447
2.2139999999999778,1.1939655709053079
2.2159999999999775,1.1938501637381687
2.2179999999999773,1.1937347108408716
2.219999999999977,1.193619210040173
2.221999999999977,1.1935036639908836
2.2239999999999767,1.1933880671104458
2.2259999999999764,1.1932724213175916
2.227999999999976,1.193156725968295
2.229999999999976,1.1930409795789432
2.231999999999976,1.1929251806043322
2.2339999999999756,1.192809327719554
2.2359999999999753,1.1926934198701586
2.237999999999975,1.1925774608324469
2.239999999999975,1.1924614505028113
2.2419999999999747,1.1923453827769508
2.2439999999999745,1.1922292599601299
2.2459999999999742,1.1921130866429865
2.247999999999974,1.191996857883555
2.249999999999974,1.191880571083638
2.2519999999999736,1.191764229551356
2.2539999999999734,1.1916478285895433
2.255999999999973,1.191531370932605
2.257999999999973,1.1914148565685072
2.2599999999999727,1.191298284473886
2.2619999999999725,1.1911816580358612
2.2639999999999723,1.1910649721069386
2.265999999999972,1.1909482289091906
2.267999999999972,1.1908314280141852
2.2699999999999716,1.1907145634966376
2.2719999999999714,1.1905976426357703
2.273999999999971,1.1904806617168522
2.275999999999971,1.1903636186259403
2.2779999999999707,1.1902465168242384
2.2799999999999705,1.1901293516191713
2.2819999999999703,1.1900121265122652
2.28399999999997,1.189894844261766
2.28599999999997,1.1897775052542745
2.2879999999999696,1.1896601132628886
2.2899999999999694,1.1895426630905248
2.291999999999969,1.1894251567737184
2.293999999999969,1.189307593682883
2.2959999999999687,1.1891899723369692
2.2979999999999685,1.1890722912154148
2.2999999999999683,1.1889545490497422
2.301999999999968,1.188836744866797
2.303999999999968,1.1887188825675896
2.3059999999999676,1.1886009575562542
2.3079999999999674,1.1884829725318247
2.309999999999967,1.1883649279420232
2.311999999999967,1.1882468355826017
2.3139999999999668,1.1881286978879553
2.3159999999999665,1.1880105149816662
2.3179999999999663,1.1878922907325704
2.319999999999966,1.1877740246982142
2.321999999999966,1.187655710311125
2.3239999999999656,1.1875373495129176
2.3259999999999654,1.1874189420038266
2.327999999999965,1.1873004866826342
2.329999999999965,1.187181986950147
2.3319999999999648,1.1870634376326714
2.3339999999999645,1.1869448409332728
2.3359999999999643,1.1868261917378513
2.337999999999964,1.1867074927286363
2.339999999999964,1.1865887439514788
2.3419999999999637,1.1864699444466988
2.3439999999999634,1.1863510976780505
2.3459999999999632,1.186232198493654
2.347999999999963,1.1861132444807267
2.349999999999963,1.185994239263371
2.3519999999999626,1.1858751830215546
2.3539999999999623,1.1857560746316131
2.355999999999962,1.185636912694208
2.357999999999962,1.1855176959530012
2.3599999999999617,1.1853984234015287
2.3619999999999615,1.1852790989256914
2.3639999999999612,1.1851597225134425
2.365999999999961,1.1850402881011473
2.367999999999961,1.1849207981118564
2.3699999999999606,1.1848012526425435
2.3719999999999604,1.1846816555548538
2.37399999999996,1.1845621283440864
2.37599999999996,1.1844425982089062
2.3779999999999597,1.184323026621276
2.3799999999999595,1.1842034007411202
2.3819999999999593,1.1840837101203128
2.383999999999959,1.1839639566277613
2.385999999999959,1.183844141283767
2.3879999999999586,1.183724264545719
2.3899999999999584,1.1836043265204346
2.391999999999958,1.1834843271212179
2.393999999999958,1.1833642707919112
2.3959999999999577,1.1832441532576947
2.3979999999999575,1.1831239773870905
2.3999999999999573,1.1830037432083833
2.401999999999957,1.1828834497186411
2.403999999999957,1.1827631003707861
2.4059999999999566,1.182642690085429
2.4079999999999564,1.182522221183494
2.409999999999956,1.1824016890254896
2.411999999999956,1.182281103098707
2.4139999999999557,1.1821604708678883
2.4159999999999555,1.1820397942242964
2.4179999999999553,1.1819190772984336
2.419999999999955,1.181798314735838
2.421999999999955,1.1816775082753554
2.4239999999999546,1.1815566523732475
2.4259999999999544,1.1814357493936591
2.427999999999954,1.1813147992056001
2.429999999999954,1.1811938007700542
2.4319999999999538,1.181072752887151
2.4339999999999535,1.180951654496151
2.4359999999999533,1.1808305093865747
2.437999999999953,1.1807093174853687
2.439999999999953,1.1805880726899904
2.4419999999999527,1.1804667773998707
2.4439999999999524,1.180345433045178
2.445999999999952,1.180224040828047
2.447999999999952,1.1801026005308104
2.4499999999999518,1.1799811160369196
2.4519999999999516,1.1798595824257878
2.4539999999999513,1.1797380020338304
2.455999999999951,1.1796163744717698
2.457999999999951,1.1794946984186434
2.4599999999999507,1.1793729724494275
2.4619999999999505,1.1792511953485243
2.4639999999999502,1.179129366170638
2.46599999999995,1.1790074842066811
2.46799999999995,1.1788855535702107
2.4699999999999496,1.17876357441992
2.4719999999999493,1.1786415454508128
2.473999999999949,1.1785194650767448
2.475999999999949,1.1783973319063303
2.4779999999999487,1.1782751448559452
2.4799999999999485,1.17815290313385
2.4819999999999482,1.1780306108240914
2.483999999999948,1.1779082680866195
2.485999999999948,1.1777858689751497
2.4879999999999476,1.1776634160053543
2.4899999999999474,1.177540914018135
2.491999999999947,1.1774183582212332
2.493999999999947,1.177295746154019
2.4959999999999467,1.1771730813218926
2.4979999999999465,1.1770503638114898
2.4999999999999463,1.1769275877989305
2.501999999999946,1.1768047559800863
2.503999999999946,1.1766818733659323
2.5059999999999456,1.1765589352873116
2.5079999999999454,1.1764359393808654
2.509999999999945,1.1763128892277743
2.511999999999945,1.1761897854972565
2.5139999999999447,1.1760666291051511
2.5159999999999445,1.1759434284659536
2.5179999999999443,1.1758201905551167
2.519999999999944,1.1756969109564481
2.521999999999944,1.1755735868746862
2.5239999999999436,1.1754502212874525
2.5259999999999434,1.1753268090984532
2.527999999999943,1.1752033528126495
2.529999999999943,1.1750798522745531
2.5319999999999427,1.1749563063704562
2.5339999999999425,1.1748327138355397
2.5359999999999423,1.174709073564013
2.537999999999942,1.1745853893816
2.539999999999942,1.1744616565503354
2.5419999999999416,1.1743378777065032
2.5439999999999414,1.1742140527168636
2.545999999999941,1.1740901757797233
2.547999999999941,1.1739662497118704
2.5499999999999408,1.1738422796402526
2.5519999999999405,1.173718260947371
2.5539999999999403,1.1735941912799905
2.55599999999994,1.1734700742202637
2.55799999999994,1.17334590988574
2.5599999999999397,1.1732216924281607
2.5619999999999394,1.1730974245422936
2.563999999999939,1.1729731065565214
2.565999999999939,1.1728487425502632
2.5679999999999388,1.1727243275808235
2.5699999999999386,1.1725998640016162
2.5719999999999383,1.1724753467515363
2.573999999999938,1.1723507786508471
2.575999999999938,1.1722261598975308
2.5779999999999377,1.1721014897095903
2.5799999999999375,1.1719767671142851
2.5819999999999372,1.1718519912326297
2.583999999999937,1.1717271660657387
2.585999999999937,1.1716022917026827
2.5879999999999366,1.1714773621146857
2.5899999999999364,1.1713523798394276
2.591999999999936,1.1712273450948425
2.593999999999936,1.171102257213382
2.5959999999999357,1.1709771200364893
2.5979999999999355,1.1708519286912602
2.5999999999999353,1.170726685727082
2.601999999999935,1.1706013916548184
2.603999999999935,1.1704760471052584
2.6059999999999346,1.1703506516696025
2.6079999999999344,1.1702252045089327
2.609999999999934,1.1700997047836723
2.611999999999934,1.169974156506398
2.6139999999999337,1.16984855503895
2.6159999999999335,1.1697229050422955
2.6179999999999333,1.1695972133185206
2.619999999999933,1.1694714823393528
2.621999999999933,1.1693457118525625
2.6239999999999326,1.1692199007009678
2.6259999999999324,1.1690940523113822
2.627999999999932,1.1689681614507528
2.629999999999932,1.1688422303885964
2.6319999999999317,1.168716254002524
2.6339999999999315,1.1685902350893718
2.6359999999999313,1.1684641738043946
2.637999999999931,1.16833806928996
2.639999999999931,1.1682119204617987
2.6419999999999306,1.1680857263321742
2.6439999999999304,1.1679594908271054
2.64599999999993,1.167833209234196
2.64799999999993,1.167706884258594
2.6499999999999297,1.1675805158027135
2.6519999999999295,1.1674541027644687
2.6539999999999293,1.1673277358961451
2.655999999999929,1.1672013975590838
2.657999999999929,1.167075039951436
2.6599999999999286,1.1669486351780214
2.6619999999999284,1.1668221823908749
2.663999999999928,1.1666956761920015
2.665999999999928,1.1665691154302857
2.6679999999999278,1.1664425053345706
2.6699999999999275,1.166315842774798
2.6719999999999273,1.1661891317462885
2.673999999999927,1.1660623731118616
2.675999999999927,1.1659355664198783
2.6779999999999267,1.1658087108143653
2.6799999999999264,1.1656818054495646
2.681999999999926,1.165554854330303
2.683999999999926,1.1654278575381798
2.685999999999926,1.1653008076138023
2.6879999999999256,1.1651737112990397
2.6899999999999253,1.1650465666651162
2.691999999999925,1.1649193721440518
2.693999999999925,1.1647921266077046
2.6959999999999247,1.1646648339979455
2.6979999999999245,1.1645374897165077
2.6999999999999242,1.1644100965811308
2.701999999999924,1.164282654639519
2.703999999999924,1.1641551629332065
2.7059999999999236,1.1640276203367317
2.7079999999999234,1.1639000258826033
2.709999999999923,1.1637723835546547
2.711999999999923,1.1636446887409908
2.7139999999999227,1.1635169442468425
2.7159999999999225,1.1633891453973593
2.7179999999999223,1.1632612953659387
2.719999999999922,1.1631333950634428
2.721999999999922,1.1630054538964685
2.7239999999999216,1.1628774711195424
2.7259999999999214,1.1627494457755507
2.727999999999921,1.162621381748704
2.729999999999921,1.1624932789976927
2.7319999999999207,1.1623651313429222
2.7339999999999205,1.1622369412102285
2.7359999999999203,1.1621087087189719
2.73799999999992,1.1619804378374758
2.73999999999992,1.1618521235161552
2.7419999999999196,1.1617237633372377
2.7439999999999194,1.1615953610076235
2.745999999999919,1.161466912066306
2.747999999999919,1.16133841958507
2.7499999999999187,1.161209886286596
2.7519999999999185,1.16108130922439
2.7539999999999183,1.160952686544845
2.755999999999918,1.1608240171295927
2.757999999999918,1.1606953058215508
2.7599999999999176,1.1605665494678306
2.7619999999999174,1.1604377515377642
2.763999999999917,1.1603089122329207
2.765999999999917,1.1601800305282823
2.7679999999999167,1.1600511051433773
2.7699999999999165,1.1599221349427
2.7719999999999163,1.1597931190429296
2.773999999999916,1.1596640567964216
2.775999999999916,1.1595349524734633
2.7779999999999156,1.1594058016129167
2.7799999999999154,1.1592766071157008
2.781999999999915,1.1591473690403593
2.783999999999915,1.159018086403182
2.7859999999999148,1.1588887580288985
2.7879999999999145,1.1587593876411875
2.7899999999999143,1.1586299703369225
2.791999999999914,1.1585005039746474
2.793999999999914,1.1583709925574377
2.7959999999999137,1.158241436579455
2.7979999999999134,1.158111835173658
2.7999999999999132,1.1579821871498943
2.801999999999913,1.1578524914371249
2.803999999999913,1.1577227472004035
2.8059999999999126,1.1575929585956743
2.8079999999999123,1.1574631210848563
2.809999999999912,1.1573332375566254
2.811999999999912,1.1572033124110674
2.8139999999999117,1.157073340935566
2.8159999999999115,1.1569433205624295
2.8179999999999112,1.1568132500056982
2.819999999999911,1.1566831286806087
2.821999999999911,1.1565529611110446
2.8239999999999106,1.1564227430788474
2.8259999999999104,1.1562924780513306
2.82799999999991,1.156162170704431
2.82999999999991,1.1560318240779295
2.8319999999999097,1.1559014384346402
2.8339999999999095,1.1557710129901515
2.8359999999999093,1.155640551481757
2.837999999999909,1.1555100488353824
2.839999999999909,1.155379507484347
2.8419999999999086,1.1552489271475759
2.8439999999999084,1.1551183018423723
2.845999999999908,1.1549876343794976
2.847999999999908,1.1548569252239862
2.8499999999999077,1.1547261738802574
2.8519999999999075,1.154595384353099
2.8539999999999073,1.1544645517692824
2.855999999999907,1.154333678735915
2.857999999999907,1.1542027603580567
2.8599999999999066,1.154071799660054
2.8619999999999064,1.1539407969618825
2.863999999999906,1.1538097515365109
2.865999999999906,1.153678662412868
2.8679999999999057,1.153547528708549
2.8699999999999055,1.1534163545084237
2.8719999999999053,1.1532851351617803
2.873999999999905,1.1531538734974935
2.875999999999905,1.1530225695344924
2.8779999999999046,1.1528912222780092
2.8799999999999044,1.1527598305589388
2.881999999999904,1.1526283933766817
2.883999999999904,1.152496909973527
2.8859999999999038,1.1523653798159812
2.8879999999999035,1.1522338073226925
2.8899999999999033,1.1521021928785842
2.891999999999903,1.1519705305595953
2.893999999999903,1.1518388230657257
2.8959999999999027,1.1517070707212929
2.8979999999999024,1.1515752729227382
2.899999999999902,1.1514434336403254
2.901999999999902,1.1513115479859994
2.9039999999999018,1.1511796185873933
2.9059999999999016,1.151047640528422
2.9079999999999013,1.150915616879801
2.909999999999901,1.1507835481256112
2.911999999999901,1.1506514346851306
2.9139999999999007,1.1505192765020669
2.9159999999999004,1.15038707783163
2.9179999999999002,1.150254833901244
2.9199999999999,1.150122547375031
2.9219999999999,1.1499903097129214
2.9239999999998996,1.1498581004178259
2.9259999999998993,1.149725869297192
2.927999999999899,1.1495935978755634
2.929999999999899,1.1494612779900608
2.9319999999998987,1.1493289068354293
2.9339999999998985,1.1491964847668854
2.9359999999998982,1.149064017120904
2.937999999999898,1.1489315072634578
2.939999999999898,1.1487989565470569
2.9419999999998976,1.1486663701019584
2.9439999999998974,1.1485337484653828
2.945999999999897,1.1484010856194593
2.947999999999897,1.1482683840538912
2.9499999999998967,1.1481356438900168
2.9519999999998965,1.1480028643458282
2.9539999999998963,1.1478700444526582
2.955999999999896,1.1477371881262457
2.957999999999896,1.1476042905504775
2.9599999999998956,1.147471354416913
2.9619999999998954,1.147338374881266
2.963999999999895,1.147205355015549
2.965999999999895,1.1470722951885677
2.9679999999998947,1.1469391947040675
2.9699999999998945,1.1468060526087307
2.9719999999998943,1.146672868032833
2.973999999999894,1.14653964507504
2.975999999999894,1.1464063790898316
2.9779999999998936,1.1462730729074433
2.9799999999998934,1.1461397265542548
2.981999999999893,1.1460063342441715
2.983999999999893,1.1458728989508578
2.9859999999998927,1.1457394212624887
2.9879999999998925,1.1456059055720849
2.9899999999998923,1.1454723470473906
2.991999999999892,1.1453387434208784
2.993999999999892,1.1452050985877642
2.9959999999998916,1.145071412955927
2.9979999999998914,1.144937685628237
2.999999999999891,1.1448039153962912
3.001999999999891,1.1446701011748293
3.0039999999998908,1.1445362421356384
3.0059999999998905,1.1444023376947665
3.0079999999998903,1.1442683922613246
3.00999999999989,1.1441344014215418
3.01199999999989,1.144000368202523
3.0139999999998897,1.1438662927705656
3.0159999999998894,1.1437321742288644
3.017999999999889,1.143598011481868
3.019999999999889,1.143463803584125
3.0219999999998888,1.143329549825907
3.0239999999998886,1.143195254528384
3.0259999999998883,1.1430609132134824
3.027999999999888,1.1429265288784098
3.029999999999888,1.1427921016782367
3.0319999999998877,1.1426576307194072
3.0339999999998875,1.1425231149189807
3.0359999999998872,1.1423885533437608
3.037999999999887,1.1422539453020812
3.039999999999887,1.1421192951389207
3.0419999999998866,1.1419846033818855
3.0439999999998864,1.141849867219083
3.045999999999886,1.14171509251934
3.047999999999886,1.1415802807487654
3.0499999999998857,1.141445431490592
3.0519999999998855,1.1413105437216853
3.0539999999998853,1.1411756212150872
3.055999999999885,1.1410406589376636
3.057999999999885,1.1409056594583575
3.0599999999998846,1.1407706177885508
3.0619999999998844,1.140635537538489
3.063999999999884,1.1405004199933828
3.065999999999884,1.1403652648278841
3.0679999999998837,1.1402300711627666
3.0699999999998835,1.1400948380778166
3.0719999999998833,1.1399595696308185
3.073999999999883,1.1398242610636935
3.075999999999883,1.1396889151636524
3.0779999999998826,1.1395535270784287
3.0799999999998824,1.1394180999417127
3.081999999999882,1.1392826341603162
3.083999999999882,1.1391471290619855
3.0859999999998817,1.1390115837088002
3.0879999999998815,1.1388759972403912
3.0899999999998813,1.1387403738175752
3.091999999999881,1.1386047087705282
3.093999999999881,1.1384690049714237
3.0959999999998806,1.13833326246914
3.0979999999998804,1.1381974802802384
3.09999999999988,1.138061652397976
3.10199999999988,1.1379257868381285
3.1039999999998797,1.1377898802859843
3.1059999999998795,1.137653930962101
3.1079999999998793,1.1375179428329543
3.109999999999879,1.1373819113261208
3.111999999999879,1.137245839509237
3.1139999999998786,1.1371097276214193
3.1159999999998784,1.1369735748266805
3.117999999999878,1.1368373800734302
3.119999999999878,1.1367011424346507
3.1219999999998778,1.1365648612095884
3.1239999999998775,1.1364285407645007
3.1259999999998773,1.136292176587308
3.127999999999877,1.136155771693828
3.129999999999877,1.1360193262360156
3.1319999999998767,1.1358828344529754
3.1339999999998764,1.1357462994240335
3.135999999999876,1.1356097266805292
3.137999999999876,1.1354731117058499
3.139999999999876,1.1353364522854459
3.1419999999998756,1.1351997523127062
3.1439999999998753,1.1350630121268748
3.145999999999875,1.134926225859529
3.147999999999875,1.1347893964260292
3.1499999999998747,1.1346525243376302
3.1519999999998745,1.1345156093436444
3.1539999999998742,1.1343786585281883
3.155999999999874,1.1342416696579616
3.157999999999874,1.1341046463459923
3.1599999999998736,1.1339675837473955
3.1619999999998734,1.1338304847843657
3.163999999999873,1.1336933496108819
3.165999999999873,1.1335561773239802
3.1679999999998727,1.1334189668114139
3.1699999999998725,1.1332817170972023
3.1719999999998723,1.1331444274290385
3.173999999999872,1.1330071021461754
3.175999999999872,1.13286973667767
3.1779999999998716,1.132732434393601
3.1799999999998714,1.1325951605588354
3.181999999999871,1.1324578737171387
3.183999999999871,1.1323205481955156
3.1859999999998707,1.1321831790533567
3.1879999999998705,1.1320457648559032
3.1899999999998703,1.1319083056875812
3.19199999999987,1.1317708021352546
3.19399999999987,1.131633254812998
3.1959999999998696,1.1314956641920864
3.1979999999998694,1.1313580305732323
3.199999999999869,1.1312203589655112
3.201999999999869,1.1310826501064448
3.2039999999998687,1.1309448981860382
3.2059999999998685,1.1308071060131208
3.2079999999998683,1.1306692739735045
3.209999999999868,1.1305314017803743
3.211999999999868,1.130393494292987
3.2139999999998676,1.1302555469804882
3.2159999999998674,1.1301175577357085
3.217999999999867,1.1299795306034444
3.219999999999867,1.1298414660542464
3.2219999999998667,1.1297033631752087
3.2239999999998665,1.1295652158710672
3.2259999999998663,1.1294270320914548
3.227999999999866,1.1292888084368855
3.229999999999866,1.1291505430680604
3.2319999999998656,1.1290122350692904
3.2339999999998654,1.128873888894781
3.235999999999865,1.128735505068461
3.237999999999865,1.1285970777188765
3.2399999999998648,1.1284586093969327
3.2419999999998645,1.1283200990518627
3.2439999999998643,1.1281815494988232
3.245999999999864,1.1280429639338458
3.247999999999864,1.127904336999679
3.2499999999998637,1.1277656711868993
3.2519999999998634,1.1276269614698178
3.2539999999998632,1.1274882109684001
3.255999999999863,1.1273494201326366
3.257999999999863,1.1272105883606076
3.2599999999998626,1.1270717147921017
3.2619999999998623,1.126932798670783
3.263999999999862,1.1267938454863933
3.265999999999862,1.126654853607009
3.2679999999998617,1.1265158274001246
3.2699999999998615,1.126376762440426
3.2719999999998612,1.1262376618898706
3.273999999999861,1.1260985260070262
3.275999999999861,1.125959353939279
3.2779999999998606,1.1258201445950575
3.2799999999998604,1.1256808970024677
3.28199999999986,1.1255416153339972
3.28399999999986,1.125402294895832
3.2859999999998597,1.1252629385899553
3.2879999999998595,1.1251235464737113
3.2899999999998593,1.1249841126649975
3.291999999999859,1.1248446401969336
3.293999999999859,1.1247051296960042
3.2959999999998586,1.1245655856788952
3.2979999999998584,1.1244260032622724
3.299999999999858,1.1242863801465426
3.301999999999858,1.1241467203173434
3.3039999999998577,1.1240070193153822
3.3059999999998575,1.123867280424692
3.3079999999998573,1.1237275040509132
3.309999999999857,1.123587689475195
3.311999999999857,1.1234478357166338
3.3139999999998566,1.123307941888449
3.3159999999998564,1.123168012217462
3.317999999999856,1.1230280420147538
3.319999999999856,1.1228880342261829
3.3219999999998557,1.1227479840435959
3.3239999999998555,1.1226078947359135
3.3259999999998553,1.1224677668157619
3.327999999999855,1.122327599696183
3.329999999999855,1.1221873925093613
3.3319999999998546,1.122047144461296
3.3339999999998544,1.1219068598525013
3.335999999999854,1.1217665340339282
3.337999999999854,1.1216261699869567
3.3399999999998538,1.1214857678425965
3.3419999999998535,1.1213453266768794
3.3439999999998533,1.1212048453791192
3.345999999999853,1.121064322995811
3.347999999999853,1.1209237588217595
3.3499999999998527,1.1207831523755871
3.3519999999998524,1.1206425082755247
3.353999999999852,1.1205018221107708
3.355999999999852,1.120361097234975
3.3579999999998518,1.1202203345795865
3.3599999999998515,1.1200795336561924
3.3619999999998513,1.1199386934893443
3.363999999999851,1.1197978131218285
3.365999999999851,1.1196568917938106
3.3679999999998507,1.119515933892643
3.3699999999998504,1.119374934826345
3.3719999999998502,1.1192338976400835
3.37399999999985,1.1190928224997705
3.37599999999985,1.1189517096335129
3.3779999999998496,1.1188105604961802
3.3799999999998493,1.1186693752915338
3.381999999999849,1.1185281535668319
3.383999999999849,1.118386894718365
3.3859999999998487,1.1182456031247447
3.3879999999998485,1.118104279046187
3.3899999999998482,1.1179629162493492
3.391999999999848,1.1178215173781256
3.393999999999848,1.117680082701629
3.3959999999998476,1.117538611560774
3.3979999999998474,1.1173971030837984
3.399999999999847,1.117255556485493
3.401999999999847,1.1171139761005835
3.4039999999998467,1.1169723572495664
3.4059999999998465,1.116830702912571
3.4079999999998463,1.1166890082456065
3.409999999999846,1.116547276523123
3.411999999999846,1.1164055082474142
3.4139999999998456,1.1162637028046833
3.4159999999998454,1.1161218592977526
3.417999999999845,1.1159799818542568
3.419999999999845,1.1158380655861804
3.4219999999998447,1.115696176800879
3.4239999999998445,1.11555433974635
3.4259999999998443,1.1154124966684753
3.427999999999844,1.1152706246012023
3.429999999999844,1.1151287079168677
3.4319999999998436,1.1149867467368753
3.4339999999998434,1.114844741823428
3.435999999999843,1.114702689056927
3.437999999999843,1.1145605932952924
3.4399999999998427,1.1144184638507997
3.4419999999998425,1.1142762951862115
3.4439999999998423,1.114134084860968
3.445999999999842,1.1139918369784325
3.447999999999842,1.11384954721904
3.4499999999998416,1.1137072190398825
3.4519999999998414,1.1135648529896294
3.453999999999841,1.113422448455335
3.455999999999841,1.1132800045525992
3.4579999999998408,1.1131375204743752
3.4599999999998405,1.1129949955894325
3.4619999999998403,1.1128524343978246
3.46399999999984,1.1127098373226014
3.46599999999984,1.112567198294012
3.4679999999998397,1.1124245200888037
3.4699999999998394,1.112281803099559
3.471999999999839,1.112139046773922
3.473999999999839,1.1119962503375198
3.4759999999998388,1.111853413086342
3.4779999999998386,1.1117105394361488
3.4799999999998383,1.1115676247872144
3.481999999999838,1.111424672192645
3.483999999999838,1.1112816818325926
3.4859999999998377,1.11113865281831
3.4879999999998375,1.110995584293436
3.4899999999998372,1.1108524775981856
3.491999999999837,1.110709333498933
3.493999999999837,1.1105661519605419
3.4959999999998366,1.1104229376224743
3.4979999999998364,1.1102796908322874
3.499999999999836,1.1101364055629928
3.501999999999836,1.1099930849987374
3.5039999999998357,1.1098497296512744
3.5059999999998355,1.1097063389111432
3.5079999999998353,1.109562911875916
3.509999999999835,1.1094194477077792
3.511999999999835,1.109275950712667
3.5139999999998346,1.1091324161648672
3.5159999999998344,1.1089888470296037
3.517999999999834,1.10884523842727
3.519999999999834,1.108701593634491
3.5219999999998337,1.1085579131522425
3.5239999999998335,1.1084141963661915
3.5259999999998333,1.1082704423749727
3.527999999999833,1.1081266553237412
3.529999999999833,1.1079828303131694
3.5319999999998326,1.107838970187002
3.5339999999998324,1.1076950699766002
3.535999999999832,1.1075511329168484
3.537999999999832,1.1074071594929868
3.5399999999998317,1.1072631490901519
3.5419999999998315,1.1071191008155417
3.5439999999998313,1.1069750138508598
3.545999999999831,1.1068308875605652
3.547999999999831,1.1066867264822455
3.5499999999998306,1.1065425260702155
3.5519999999998304,1.1063982894751816
3.55399999999983,1.106254016913731
3.55599999999983,1.10610970749534
3.5579999999998297,1.1059653601071668
3.5599999999998295,1.1058209737835403
3.5619999999998293,1.1056765478005073
3.563999999999829,1.1055320816612704
3.565999999999829,1.105387580039659
3.5679999999998286,1.1052430384728515
3.5699999999998284,1.1050984601536724
3.571999999999828,1.1049538453676608
3.573999999999828,1.104809193307581
3.5759999999998278,1.104664502908808
3.5779999999998275,1.1045197732295415
3.5799999999998273,1.1043750035574198
3.581999999999827,1.1042301984125362
3.583999999999827,1.1040853532164143
3.5859999999998267,1.103940471103501
3.5879999999998264,1.103795552294076
3.589999999999826,1.1036505959140235
3.591999999999826,1.1035056008737694
3.593999999999826,1.1033605662316857
3.5959999999998256,1.103215491286748
3.5979999999998253,1.1030703805822302
3.599999999999825,1.1029252295476668
3.601999999999825,1.102780041971822
3.6039999999998247,1.1026348150664207
3.6059999999998245,1.102489553196351
3.6079999999998242,1.1023442571871898
3.609999999999824,1.1021989264143983
3.611999999999824,1.1020535648662595
3.6139999999998236,1.101908167287097
3.6159999999998234,1.1017627312207465
3.617999999999823,1.101617260727933
3.619999999999823,1.1014717512950882
3.6219999999998227,1.1013262063086822
3.6239999999998225,1.1011806262343757
3.6259999999998223,1.1010350103798978
3.627999999999822,1.100889357769647
3.629999999999822,1.1007436675133027
3.6319999999998216,1.1005979439533724
3.6339999999998214,1.1004521823226725
3.635999999999821,1.10030638563753
3.637999999999821,1.1001605489949042
3.6399999999998207,1.1000146757369373
3.6419999999998205,1.0998687666934757
3.6439999999998203,1.0997228217140051
3.64599999999982,1.099576840113709
3.64799999999982,1.0994308211190928
3.6499999999998196,1.099284769107085
3.6519999999998194,1.0991386792893303
3.653999999999819,1.0989925546625743
3.655999999999819,1.098846486691797
3.6579999999998187,1.0987004548357455
3.6599999999998185,1.0985544137021408
3.6619999999998183,1.098408335637656
3.663999999999818,1.0982622151471917
3.665999999999818,1.098116050799671
3.6679999999998176,1.0979698429033045
3.6699999999998174,1.0978235923185644
3.671999999999817,1.0976772999101687
3.673999999999817,1.0975309663516373
3.6759999999998167,1.0973845971118241
3.6779999999998165,1.097238188189752
3.6799999999998163,1.0970917430538696
3.681999999999816,1.0969452620957338
3.683999999999816,1.0967987445138423
3.6859999999998156,1.0966521892357735
3.6879999999998154,1.0965055953077867
3.689999999999815,1.0963589620139957
3.691999999999815,1.0962122938853835
3.6939999999998148,1.096065586331489
3.6959999999998145,1.0959188424960646
3.6979999999998143,1.0957720575749208
3.699999999999814,1.0956252349695794
3.701999999999814,1.095478375277021
3.7039999999998137,1.0953314829875913
3.7059999999998134,1.0951845529821844
3.7079999999998132,1.0950375827895602
3.709999999999813,1.0948905764327845
3.711999999999813,1.094743529351879
3.7139999999998126,1.0945964449250563
3.7159999999998123,1.0944493242287658
3.717999999999812,1.0943021683006282
3.719999999999812,1.0941549770603043
3.7219999999998117,1.0940077498691965
3.7239999999998115,1.0938604860035486
3.7259999999998112,1.093713189891379
3.727999999999811,1.093565856775247
3.729999999999811,1.0934184896695336
3.7319999999998106,1.0932710836431068
3.7339999999998104,1.0931236420149448
3.73599999999981,1.0929761653217944
3.73799999999981,1.0928286530038067
3.7399999999998097,1.0926811092433806
3.7419999999998095,1.0925335289293636
3.7439999999998093,1.092385909719214
3.745999999999809,1.0922382557933625
3.747999999999809,1.0920905677339672
3.7499999999998086,1.0919428396465445
3.7519999999998084,1.0917950746358274
3.753999999999808,1.0916472733271159
3.755999999999808,1.0914994353080285
3.7579999999998077,1.0913515649331142
3.7599999999998075,1.0912036572258212
3.7619999999998073,1.0910557099494453
3.763999999999807,1.090907727368621
3.765999999999807,1.0907597101221014
3.7679999999998066,1.0906116574060563
3.7699999999998064,1.0904635629911672
3.771999999999806,1.090315435185798
3.773999999999806,1.0901672705838754
3.7759999999998057,1.0900190673358001
3.7779999999998055,1.0898708245320052
3.7799999999998053,1.0897225468896445
3.781999999999805,1.0895742354169846
3.783999999999805,1.089425884325732
3.7859999999998046,1.089277496651508
3.7879999999998044,1.0891290728888667
3.789999999999804,1.0889806125021502
3.791999999999804,1.0888321197692936
3.7939999999998038,1.0886835896352516
3.7959999999998035,1.0885350198202466
3.7979999999998033,1.088386414586023
3.799999999999803,1.0882377745693437
3.801999999999803,1.088089098960992
3.8039999999998027,1.0879403815129034
3.8059999999998024,1.0877916305630193
3.807999999999802,1.0876428427040739
3.809999999999802,1.0874940160845796
3.8119999999998018,1.087345149797105
3.8139999999998015,1.0871962485444926
3.8159999999998013,1.0870473129732545
3.817999999999801,1.0868983370362126
3.819999999999801,1.0867493237206594
3.8219999999998007,1.0866002735398872
3.8239999999998004,1.086451186010215
3.8259999999998002,1.0863020654751006
3.8279999999998,1.0861529069349531
3.8299999999998,1.0860037085257102
3.8319999999997996,1.085854476085642
3.8339999999997993,1.085705211040908
3.835999999999799,1.0855559127779502
3.837999999999799,1.0854065749721202
3.8399999999997987,1.0852572058475098
3.8419999999997985,1.0851078018299867
3.8439999999997982,1.084958360930578
3.845999999999798,1.0848088821293749
3.847999999999798,1.084659370062069
3.8499999999997976,1.0845098202050285
3.8519999999997974,1.0843602358853945
3.853999999999797,1.084210617437365
3.855999999999797,1.0840609640404029
3.8579999999997967,1.0839112746144897
3.8599999999997965,1.083761548199768
3.8619999999997963,1.0836117891827541
3.863999999999796,1.083461992720761
3.865999999999796,1.0833121618929948
3.8679999999997956,1.0831622918033519
3.8699999999997954,1.0830123858904541
3.871999999999795,1.082862444745002
3.873999999999795,1.0827124677973572
3.8759999999997947,1.0825624541705445
3.8779999999997945,1.0824124321555642
3.8799999999997943,1.082262488030905
3.881999999999794,1.082112552538586
3.883999999999794,1.081962590761731
3.8859999999997936,1.081812587405686
3.8879999999997934,1.0816625374259108
3.889999999999793,1.081512445607333
3.891999999999793,1.081362314182211
3.8939999999997927,1.0812121388952647
3.8959999999997925,1.0810619242281279
3.8979999999997923,1.0809116717768736
3.899999999999792,1.080761381763025
3.901999999999792,1.0806110589603508
3.9039999999997916,1.0804606985879597
3.9059999999997914,1.0803103036124606
3.907999999999791,1.0801598689663876
3.909999999999791,1.0800093979455108
3.9119999999997908,1.079858891071632
3.9139999999997905,1.0797083477492266
3.9159999999997903,1.079557767107268
3.91799999999979,1.079407148574687
3.91999999999979,1.0792564918622864
3.9219999999997897,1.0791058017821524
3.9239999999997894,1.078955073753458
3.925999999999789,1.078804310982416
3.927999999999789,1.0786535136995692
3.9299999999997888,1.078502681004539
3.9319999999997886,1.0783518117795072
3.9339999999997883,1.0782009050482213
3.935999999999788,1.0780499600896774
3.937999999999788,1.0778989764188052
3.9399999999997877,1.0777479588576206
3.9419999999997875,1.0775969080150944
3.9439999999997872,1.077445817881096
3.945999999999787,1.0772946927011988
3.947999999999787,1.0771435336297874
3.9499999999997866,1.0769923403077448
3.9519999999997864,1.076841111898621
3.953999999999786,1.0766898526860262
3.955999999999786,1.0765385576377666
3.9579999999997857,1.0763872296524435
3.9599999999997855,1.076235863613487
3.9619999999997852,1.0760844628276287
3.963999999999785,1.075933027812719
3.965999999999785,1.0757815579602699
3.9679999999997846,1.0756300523696407
3.9699999999997844,1.0754785102163065
3.971999999999784,1.0753269360029114
3.973999999999784,1.0751753249292901
3.9759999999997837,1.075023680112671
3.9779999999997835,1.0748719965835298
3.9799999999997833,1.074720277765898
3.981999999999783,1.0745685242558598
3.983999999999783,1.0744167354947785
3.9859999999997826,1.0742649106197608
3.9879999999997824,1.0741130539777688
3.989999999999782,1.0739611605935022
3.991999999999782,1.073809228299548
3.9939999999997817,1.0736572615417996
3.9959999999997815,1.0735052610789266
3.9979999999997813,1.0733532261758607
3.999999999999781,1.0732011557036207
4.001999999999781,1.0730490486252777
4.003999999999781,1.0728969041481098
4.005999999999781,1.0727447217334758
4.007999999999781,1.072592506237971
4.00999999999978,1.0724402531362958
4.01199999999978,1.072287965757723
4.01399999999978,1.072135644414759
4.01599999999978,1.0719832883158176
4.0179999999997795,1.0718308964477186
4.019999999999779,1.0716784678864197
4.021999999999779,1.0715260019350015
4.023999999999779,1.0713735032943426
4.025999999999779,1.07122096730204
4.027999999999778,1.071068397221951
4.029999999999778,1.0709157881591274
4.031999999999778,1.0707631436378109
4.033999999999778,1.0706104643202896
4.0359999999997775,1.0704577497024657
4.037999999999777,1.0703050041432345
4.039999999999777,1.0701522225041198
4.041999999999777,1.0699994024532336
4.043999999999777,1.0698465483454667
4.045999999999776,1.0696936608785539
4.047999999999776,1.0695407340967813
4.049999999999776,1.069387771249968
4.051999999999776,1.0692347732299983
4.053999999999776,1.0690817399195207
4.055999999999775,1.0689286759337988
4.057999999999775,1.0687755765167817
4.059999999999775,1.068622445678954
4.061999999999775,1.068469278753893
4.0639999999997745,1.068316079181046
4.065999999999774,1.0681628474303846
4.067999999999774,1.0680095827869818
4.069999999999774,1.0678562842520032
4.071999999999774,1.067702950918175
4.073999999999773,1.0675495820976897
4.075999999999773,1.0673961825168146
4.077999999999773,1.0672427474757007
4.079999999999773,1.0670892802383731
4.0819999999997725,1.0669357758666373
4.083999999999772,1.066782237876201
4.085999999999772,1.0666286669102898
4.087999999999772,1.0664750624406927
4.089999999999772,1.0663214236188452
4.091999999999771,1.066167851573053
4.093999999999771,1.0660143172804095
4.095999999999771,1.0658607724046
4.097999999999771,1.0657071940620284
4.0999999999997705,1.0655535732979795
4.10199999999977,1.0653999132409833
4.10399999999977,1.0652462103905123
4.10599999999977,1.0650924699373299
4.10799999999977,1.0649386939698895
4.109999999999769,1.0647848830267972
4.111999999999769,1.0646310369818859
4.113999999999769,1.0644771554976407
4.115999999999769,1.0643232382359122
4.1179999999997685,1.064169284934622
4.119999999999768,1.0640153006200028
4.121999999999768,1.0638612860080028
4.123999999999768,1.0637072349218468
4.125999999999768,1.0635531503618325
4.127999999999767,1.0633990328462906
4.129999999999767,1.0632448819015785
4.131999999999767,1.0630906968037326
4.133999999999767,1.062936476897141
4.1359999999997665,1.0627822269027547
4.137999999999766,1.0626279421236027
4.139999999999766,1.062473625841732
4.141999999999766,1.062319278363121
4.143999999999766,1.06216489886617
4.145999999999765,1.0620104863060837
4.147999999999765,1.0618560397898176
4.149999999999765,1.0617015586788936
4.151999999999765,1.0615470425762301
4.1539999999997645,1.0613924912732753
4.155999999999764,1.0612379099059301
4.157999999999764,1.061083299295457
4.159999999999764,1.0609286533340296
4.161999999999764,1.0607739751105383
4.1639999999997634,1.060619265219561
4.165999999999763,1.06046452331077
4.167999999999763,1.060309748791907
4.169999999999763,1.0601549463643345
4.171999999999763,1.0600001119508347
4.173999999999762,1.0598452493623371
4.175999999999762,1.059690353793458
4.177999999999762,1.0595354287699634
4.179999999999762,1.0593804749043185
4.1819999999997615,1.0592254917011472
4.183999999999761,1.0590704785771434
4.185999999999761,1.0589154348920222
4.187999999999761,1.0587603601078839
4.189999999999761,1.0586052538600155
4.19199999999976,1.0584501211692543
4.19399999999976,1.058294957529405
4.19599999999976,1.0581397664009704
4.19799999999976,1.057984548205774
4.1999999999997595,1.0578293022063479
4.201999999999759,1.0576740274166134
4.203999999999759,1.0575187229939602
4.205999999999759,1.0573633883503526
4.207999999999759,1.0572080231408103
4.209999999999758,1.057052627214606
4.211999999999758,1.0568972058064314
4.213999999999758,1.056741754566281
4.215999999999758,1.0565862770958163
4.2179999999997575,1.0564307739343024
4.219999999999757,1.0562752444399321
4.221999999999757,1.0561196877153707
4.223999999999757,1.0559641030013789
4.225999999999757,1.0558084897933995
4.227999999999756,1.0556528478303608
4.229999999999756,1.0554971823059502
4.231999999999756,1.0553414888621204
4.233999999999756,1.0551857711432715
4.2359999999997555,1.0550300244837914
4.237999999999755,1.0548742527462822
4.239999999999755,1.0547184568982326
4.241999999999755,1.054562636718435
4.243999999999755,1.0544067916670339
4.245999999999754,1.0542509212714115
4.247999999999754,1.0540950252536834
4.249999999999754,1.0539391035380732
4.251999999999754,1.0537831614914077
4.2539999999997535,1.0536271948919973
4.255999999999753,1.053471207530704
4.257999999999753,1.0533152001516615
4.259999999999753,1.0531591670444007
4.261999999999753,1.053003111984189
4.263999999999752,1.0528470362399092
4.265999999999752,1.0526909400131794
4.267999999999752,1.0525348232263945
4.269999999999752,1.052378685829173
4.2719999999997516,1.0522225331669075
4.273999999999751,1.0520663609998697
4.275999999999751,1.051910167890551
4.277999999999751,1.0517539591315692
4.279999999999751,1.0515977309467326
4.2819999999997505,1.0514414882318242
4.28399999999975,1.0512852329481497
4.28599999999975,1.0511289600794846
4.28799999999975,1.0509726738383873
4.28999999999975,1.0508163757992592
4.291999999999749,1.0506600664146926
4.293999999999749,1.0505037645296569
4.295999999999749,1.0503475689597832
4.297999999999749,1.050191412223025
4.2999999999997485,1.0500352599694691
4.301999999999748,1.04987909190929
4.303999999999748,1.0497229078141979
4.305999999999748,1.0495667097829269
4.307999999999748,1.0494105005903795
4.309999999999747,1.049254283066758
4.311999999999747,1.04909805977901
4.313999999999747,1.048941832897882
4.315999999999747,1.0487856043549546
4.3179999999997465,1.0486293760055274
4.319999999999746,1.0484731496075856
4.321999999999746,1.0483169321887817
4.323999999999746,1.048160721101804
4.325999999999746,1.0480045164480238
4.327999999999745,1.0478483197813795
4.329999999999745,1.0476921386691538
4.331999999999745,1.0475359712814136
4.333999999999745,1.0473798186200762
4.3359999999997445,1.0472236831454573
4.337999999999744,1.047067568027602
4.339999999999744,1.0469114820788747
4.341999999999744,1.046755424572708
4.343999999999744,1.0465993976195047
4.345999999999743,1.0464434048781275
4.347999999999743,1.0462874508561948
4.349999999999743,1.0461315405825533
4.351999999999743,1.0459756795346065
4.3539999999997425,1.0458198683076583
4.355999999999742,1.0456641177008503
4.357999999999742,1.0455084364105347
4.359999999999742,1.0453528271703125
4.361999999999742,1.0451972974150476
4.363999999999741,1.0450418571782805
4.365999999999741,1.0448865181165894
4.367999999999741,1.0447312932229464
4.369999999999741,1.044576191608478
4.3719999999997405,1.0444212286188213
4.37399999999974,1.0442664236690304
4.37599999999974,1.04411179422051
4.37799999999974,1.0439573658244805
4.37999999999974,1.043803170370637
4.381999999999739,1.043649240912006
4.383999999999739,1.0434956177463226
4.385999999999739,1.0433423536716917
4.387999999999739,1.0431895240799411
4.3899999999997386,1.0430372190737665
4.391999999999738,1.042885569191308
4.393999999999738,1.0427347684645059
4.395999999999738,1.0425851139121736
4.397999999999738,1.0424371469578892
4.3999999999997375,1.0422920939314602
4.401999999999737,1.0421597259054143
4.403999999999737,0.7868137678277783
4.405999999999737,0.6650525353822063
4.407999999999737,0.6122021968115046
4.409999999999736,0.592967277620514
4.411999999999736,0.5889881033498153
4.413999999999736,0.5911566432142572
4.415999999999736,0.5951882617725632
4.4179999999997355,0.5992312801491672
4.419999999999735,0.6025949254782782
4.421999999999735,0.6051275726097302
4.423999999999735,0.6068922522286985
4.425999999999735,0.608032188950515
4.427999999999734,0.6086875201174027
4.429999999999734,0.608982835063748
4.431999999999734,0.6090180596182633
4.433999999999734,0.6088691284338963
4.4359999999997335,0.6085925480685337
4.437999999999733,0.6082271455271093
4.439999999999733,0.6078005914457663
4.441999999999733,0.6073323144109618
4.443999999999733,0.6068358030799972
4.445999999999732,0.6063203434476134
4.447999999999732,0.6057922881870452
4.449999999999732,0.6052559588901879
4.451999999999732,0.6047142821320092
4.4539999999997315,0.60416923467033
4.455999999999731,0.6036221471386078
4.457999999999731,0.6030739140266331
4.459999999999731,0.6025251353436967
4.461999999999731,0.6019762109323985
4.46399999999973,0.6014274095115353
4.46599999999973,0.6008789091249787
4.46799999999973,0.6003308287680047
4.46999999999973,0.5997832466120487
4.4719999999997295,0.5992362163346564
4.473999999999729,0.598689770984466
4.475999999999729,0.5981439329861294
4.477999999999729,0.5975987174945969
4.479999999999729,0.5970541346680505
4.481999999999728,0.5965101912167204
4.483999999999728,0.5959668895635793
4.485999999999728,0.5954242300168395
4.487999999999728,0.5948822156863858
4.4899999999997275,0.5943408463575705
4.491999999999727,0.5938001223301618
4.493999999999727,0.593260041998764
4.495999999999727,0.5927206050021594
4.497999999999727,0.5921818094411309
4.499999999999726,0.5916436567430785
4.501999999999726,0.5911061454389102
4.503999999999726,0.5905692730055152
4.505999999999726,0.5900330386128015
4.507999999999726,0.5894974420300703
4.509999999999725,0.58896248312945
4.511999999999725,0.5884281597784076
4.513999999999725,0.5878944692189396
4.515999999999725,0.5873614124850358
4.5179999999997245,0.5868289879425491
4.519999999999724,0.5862971930109475
4.521999999999724,0.5857660287550531
4.523999999999724,0.5852354935117666
4.525999999999724,0.5847055865564795
4.527999999999723,0.5841763055577118
4.529999999999723,0.5836476496386
4.531999999999723,0.5831196184364261
4.533999999999723,0.582592209770213
4.5359999999997225,0.5820654228122446
4.537999999999722,0.581539257202357
4.539999999999722,0.5810137107437978
4.541999999999722,0.5804887825863235
4.543999999999722,0.579964472347352
4.545999999999721,0.5794407778099968
4.547999999999721,0.5789176981052219
4.549999999999721,0.5783952328346988
4.551999999999721,0.5778733816712158
4.5539999999997205,0.5773521422936589
4.55599999999972,0.5768315136810228
4.55799999999972,0.5763114933779159
4.55999999999972,0.5757920804585164
4.56199999999972,0.5752732745404274
4.563999999999719,0.5747550753353092
4.565999999999719,0.5742374805640696
4.567999999999719,0.5737204892345704
4.569999999999719,0.5732041008144773
4.5719999999997185,0.5726883148515722
4.573999999999718,0.5721731289170064
4.575999999999718,0.5716585418919822
4.577999999999718,0.5711445512391838
4.579999999999718,0.5706311578552474
4.581999999999717,0.5701183598526836
4.583999999999717,0.5696061562688072
4.585999999999717,0.5690945445529543
4.587999999999717,0.5685835255176356
4.5899999999997165,0.5680730971768496
4.591999999999716,0.5675632565753689
4.593999999999716,0.5670540044020838
4.595999999999716,0.5665453386761202
4.597999999999716,0.566037258381719
4.599999999999715,0.5655297628309273
4.601999999999715,0.5650228481343936
4.603999999999715,0.5645165154345835
4.605999999999715,0.564010763461559
4.6079999999997145,0.5635055913245742
4.609999999999714,0.5630009963516588
4.611999999999714,0.5624969791241826
4.613999999999714,0.5619935374269102
4.615999999999714,0.5614906680909753
4.6179999999997134,0.5609883715849837
4.619999999999713,0.5604866457462522
4.621999999999713,0.5599854893866512
4.623999999999713,0.559484901655051
4.625999999999713,0.5589848817472234
4.627999999999712,0.5584854276615738
4.629999999999712,0.5579865392872264
4.631999999999712,0.5574882137095732
4.633999999999712,0.5569904495708041
4.6359999999997115,0.5564932439588082
4.637999999999711,0.5559965972893309
4.639999999999711,0.5555005072505396
4.641999999999711,0.5550049724526218
4.643999999999711,0.5545099918305472
4.64599999999971,0.5540155643720593
4.64799999999971,0.5535216871432076
4.64999999999971,0.5530283585092608
4.65199999999971,0.5525355791805855
4.6539999999997095,0.552043346738188
4.655999999999709,0.5515516595167315
4.657999999999709,0.5510605142860647
4.659999999999709,0.5505699111097457
4.661999999999709,0.5500798473822258
4.663999999999708,0.5495903214288889
4.665999999999708,0.5491013337531885
4.667999999999708,0.5486128817111364
4.669999999999708,0.54812496157076
4.6719999999997075,0.5476375730900093
4.673999999999707,0.5471507153151538
4.675999999999707,0.5466643850774329
4.677999999999707,0.5461785803457687
4.679999999999707,0.545693301353125
4.681999999999706,0.5452085452805598
4.683999999999706,0.5447243100621446
4.685999999999706,0.5442405939329692
4.687999999999706,0.5437573952037247
4.6899999999997055,0.5432747121670398
4.691999999999705,0.5427925412729346
4.693999999999705,0.5423108820315841
4.695999999999705,0.5418297313447225
4.697999999999705,0.5413490887965733
4.699999999999704,0.5408689512232331
4.701999999999704,0.5403893180691208
4.703999999999704,0.5399101860344439
4.705999999999704,0.5394315526698393
4.7079999999997035,0.5389534176309801
4.709999999999703,0.5384757776190883
4.711999999999703,0.5379986300910176
4.713999999999703,0.5375219728197808
4.715999999999703,0.5370458052622109
4.717999999999702,0.5365701241179415
4.719999999999702,0.536094927062436
4.721999999999702,0.5356202114754435
4.723999999999702,0.5351459749817863
4.7259999999997016,0.534672216984026
4.727999999999701,0.5341989339336525
4.729999999999701,0.5337261229878355
4.731999999999701,0.5332537832912868
4.733999999999701,0.5327819111918071
4.7359999999997004,0.5323105054487188
4.7379999999997,0.5318395622554608
4.7399999999997,0.5313690802911052
4.7419999999997,0.5308990573827187
4.7439999999997,0.5304294893380312
4.745999999999699,0.5299603746839542
4.747999999999699,0.5294917112121409
4.749999999999699,0.5290234979871695
4.751999999999699,0.5285557311404145
4.7539999999996985,0.528088407458725
4.755999999999698,0.5276215256548281
4.757999999999698,0.527155081843769
4.759999999999698,0.5266890744748193
4.761999999999698,0.5262235012020142
4.763999999999697,0.5257583593444185
4.765999999999697,0.5252936476615343
4.767999999999697,0.524829362215403
4.769999999999697,0.5243655013084099
4.7719999999996965,0.5239020624733188
4.773999999999696,0.5234390429031329
4.775999999999696,0.5229764397753554
4.777999999999696,0.5225142518003877
4.779999999999696,0.522052520095329
4.781999999999695,0.5215912593130213
4.783999999999695,0.5211304343209624
4.785999999999695,0.520670026051593
4.787999999999695,0.520210023845771
4.7899999999996945,0.5197504228369986
4.791999999999694,0.5192912179013917
4.793999999999694,0.5188324070980783
4.795999999999694,0.5183739897049846
4.797999999999694,0.5179159625424032
4.799999999999693,0.5174583244735806
4.801999999999693,0.517001073704039
4.803999999999693,0.5165442095962797
4.805999999999693,0.5160877304911727
4.8079999999996925,0.5156316343964421
4.809999999999692,0.5151759206221898
4.811999999999692,0.5147205857653783
4.813999999999692,0.5142656306399053
4.815999999999692,0.5138110530700467
4.817999999999691,0.5133568524877055
4.819999999999691,0.5129030276403448
4.821999999999691,0.5124495783716082
4.823999999999691,0.5119965036589238
4.8259999999996905,0.511543802228081
4.82799999999969,0.5110914728653091
4.82999999999969,0.5106395157463699
4.83199999999969,0.510187931531824
4.83399999999969,0.5097367186264079
4.835999999999689,0.5092858783528895
4.837999999999689,0.5088354095144089
4.839999999999689,0.5083853124992537
4.841999999999689,0.5079355871626215
4.8439999999996886,0.5074862332977927
4.845999999999688,0.5070372519205784
4.847999999999688,0.5065886433836053
4.849999999999688,0.5061404089869951
4.851999999999688,0.5056925492698433
4.8539999999996875,0.5052450645764035
4.855999999999687,0.5047979552990527
4.857999999999687,0.5043512230731424
4.859999999999687,0.5039048699753896
4.861999999999687,0.5034588960703991
4.863999999999686,0.5030133029743464
4.865999999999686,0.502568091874491
4.867999999999686,0.5021232648863011
4.869999999999686,0.5016788224276268
4.8719999999996855,0.5012347664730661
4.873999999999685,0.5007910995939627
4.875999999999685,0.5003478225260849
4.877999999999685,0.4999049374431394
4.879999999999685,0.49946244608764384
4.881999999999684,0.4990203510460881
4.883999999999684,0.4985786541979249
4.885999999999684,0.4981373562163643
4.887999999999684,0.4976964603887477
4.8899999999996835,0.4972559679822856
4.891999999999683,0.4968158815056981
4.893999999999683,0.4963762020020951
4.895999999999683,0.49593693198169975
4.897999999999683,0.4954980735034592
4.899999999999682,0.49505962938660397
4.901999999999682,0.49462160079297246
4.903999999999682,0.49418399019767145
4.905999999999682,0.49374679958171963
4.9079999999996815,0.49331003073596347
4.909999999999681,0.49287368538131904
4.911999999999681,0.49243776522034277
4.913999999999681,0.4920022728587765
4.915999999999681,0.4915672093254315
4.91799999999968,0.4911325769327243
4.91999999999968,0.4906983774680216
4.92199999999968,0.4902646116077038
4.92399999999968,0.4898312814746806
4.9259999999996795,0.4893983887627743
4.927999999999679,0.48896593495828855
4.929999999999679,0.4885339214146399
4.931999999999679,0.48810234943145736
4.933999999999679,0.48767122113155786
4.935999999999678,0.48724053706007897
4.937999999999678,0.4868102980808473
4.939999999999678,0.48638050607404965
4.941999999999678,0.4859511614101519
4.9439999999996775,0.4855222648170484
4.945999999999677,0.4850938180341897
4.947999999999677,0.4846658212811375
4.949999999999677,0.4842382751318115
4.951999999999677,0.4838111811583331
4.953999999999676,0.48338453941916526
4.955999999999676,0.482958351179621
4.957999999999676,0.48253261630633826
4.959999999999676,0.48210733506362746
4.961999999999676,0.481682508726664
4.963999999999675,0.48125813707318676
4.965999999999675,0.4808342202283867
4.967999999999675,0.48041075931493693
4.969999999999675,0.4799488483272816
4.9719999999996745,0.47947701276259447
4.973999999999674,0.47900746523014054
4.975999999999674,0.47854456151365427
4.977999999999674,0.4780890853159325
4.979999999999674,0.4776403628310032
4.981999999999673,0.4771972639224079
4.983999999999673,0.4767586437845528
4.985999999999673,0.47632351161276154
4.987999999999673,0.4758910727742184
4.9899999999996725,0.4754607174557131
4.991999999999672,0.4750319907954931
4.993999999999672,0.47460455962583104
4.995999999999672,0.47417818321395455
4.997999999999672,0.4737526891436113
4.999999999999671,0.4733279549171126
5.001999999999671,0.47290389385736875
5.003999999999671,0.4724804447855785
5.005999999999671,0.47205756458973
5.0079999999996705,0.4716352230109957
5.00999999999967,0.47121339876704615
5.01199999999967,0.47079207674626883
5.01399999999967,0.47037124629845645
5.01599999999967,0.4699508998513853
5.017999999999669,0.4695310319664449
5.019999999999669,0.46911163859816896
5.021999999999669,0.4686927168918033
5.023999999999669,0.4682742645738243
5.0259999999996685,0.4678562799125186
5.027999999999668,0.4674387616323416
5.029999999999668,0.46702170854767167
5.031999999999668,0.46660511967380636
5.033999999999668,0.4661889941613271
5.035999999999667,0.4657733312481043
5.037999999999667,0.4653581302311661
5.039999999999667,0.4649433904393967
5.041999999999667,0.46452911114601725
5.0439999999996665,0.4641152917904054
5.045999999999666,0.46370193170648794
5.047999999999666,0.46328903036132896
5.049999999999666,0.4628765871009646
5.051999999999666,0.4624646014035597
5.053999999999665,0.4620530726220481
5.055999999999665,0.4616420001543321
5.057999999999665,0.4612313834975386
5.059999999999665,0.4608212641734444
5.0619999999996645,0.4604116262613358
5.063999999999664,0.46000245474432055
5.065999999999664,0.4595937419555329
5.067999999999664,0.4591854839182889
5.069999999999664,0.4587776784190077
5.0719999999996634,0.45837032429118896
5.073999999999663,0.4579634207024964
5.075999999999663,0.4575569670572633
5.077999999999663,0.4571509629271723
5.079999999999663,0.45674540777333433
5.081999999999662,0.4563403010855989
5.083999999999662,0.4559356423583383
5.085999999999662,0.4555314310807171
5.087999999999662,0.4551276667273119
5.0899999999996615,0.4547243487606955
5.091999999999661,0.454321476643752
5.093999999999661,0.4539190498272501
5.095999999999661,0.45351706775993944
5.097999999999661,0.4531155298848666
5.09999999999966,0.452714435579964
5.10199999999966,0.4523137843367764
5.10399999999966,0.4519135756109769
5.10599999999966,0.4515138087872342
5.1079999999996595,0.45111448335644716
5.109999999999659,0.45071559877625705
5.111999999999659,0.450317154432393
5.113999999999659,0.44991914980812553
5.115999999999659,0.44952158430239775
5.117999999999658,0.4491244573468642
5.119999999999658,0.4487277684477674
5.121999999999658,0.4483315170080516
5.123999999999658,0.447935702467217
5.1259999999996575,0.44754032432954677
5.127999999999657,0.44714538199852766
5.129999999999657,0.4467508749112176
5.131999999999657,0.4463568025151191
5.133999999999657,0.4459631642601495
5.135999999999656,0.4455699596007294
5.137999999999656,0.44517718799358846
5.139999999999656,0.44478484889208264
5.141999999999656,0.4443929417517275
5.1439999999996555,0.4440014660250932
5.145999999999655,0.4436104211666515
5.147999999999655,0.4432198066305814
5.149999999999655,0.4428296218725664
5.151999999999655,0.44243986634988475
5.153999999999654,0.4420505395151009
5.155999999999654,0.44166164082853027
5.157999999999654,0.4412731697000936
5.159999999999654,0.44088512562534593
5.1619999999996535,0.44049750807201
5.163999999999653,0.4401103165087038
5.165999999999653,0.4397235503954232
5.167999999999653,0.439337209150113
5.169999999999653,0.4389512922663692
5.171999999999652,0.438565799215588
5.173999999999652,0.4381807294251321
5.175999999999652,0.4377960823896845
5.177999999999652,0.4374118575881289
5.1799999999996515,0.43702805444438697
5.181999999999651,0.43664467245440586
5.183999999999651,0.4362617110568987
5.185999999999651,0.43587916974831087
5.187999999999651,0.4354970480083706
5.1899999999996504,0.4351153452716119
5.19199999999965,0.43473406103349954
5.19399999999965,0.4343531947355511
5.19599999999965,0.433972745879148
5.19799999999965,0.4335927139441887
5.199999999999649,0.4332130983659933
5.201999999999649,0.43283389864451505
5.203999999999649,0.43245511422536737
5.205999999999649,0.4320767446120249
5.2079999999996485,0.4316987892524402
5.209999999999648,0.4313212476500229
5.211999999999648,0.4309441192548346
5.213999999999648,0.4305674035724377
5.215999999999648,0.43019110005704975
5.217999999999647,0.4298152082102186
5.219999999999647,0.42943972751734705
5.221999999999647,0.42906465742675726
5.223999999999647,0.4286899974421276
5.2259999999996465,0.42831574702002856
5.227999999999646,0.4279419056666459
5.229999999999646,0.42756847284110444
5.231999999999646,0.4271954480498275
5.233999999999646,0.4268228307795356
5.235999999999645,0.42645062049077587
5.237999999999645,0.42607881668908804
5.239999999999645,0.4257074188634627
5.241999999999645,0.42533642647436204
5.2439999999996445,0.42496583902692575
5.245999999999644,0.42459565598991383
5.247999999999644,0.4242258768738568
5.249999999999644,0.42385650117144513
5.251999999999644,0.4234875283757568
5.253999999999643,0.4231189579512849
5.255999999999643,0.422750789404727
5.257999999999643,0.422383022234029
5.259999999999643,0.42201565592856477
5.2619999999996425,0.4216486899811742
5.263999999999642,0.421282123863238
5.265999999999642,0.42091595708364465
5.267999999999642,0.42055018914482867
5.269999999999642,0.42018481954356435
5.271999999999641,0.4198198477755664
5.273999999999641,0.4194552733351232
5.275999999999641,0.4190910957179106
5.277999999999641,0.4187273144221381
5.2799999999996405,0.41836392894561564
5.28199999999964,0.41800093878918304
5.28399999999964,0.41763834345095535
5.28599999999964,0.4172761424301021
5.28799999999964,0.4169143352294348
5.289999999999639,0.41655292136830624
5.291999999999639,0.41619190033589437
5.293999999999639,0.4158312716283627
5.295999999999639,0.41547103474955405
5.2979999999996386,0.41511118921851997
5.299999999999638,0.4147517345294394
5.301999999999638,0.41439267018417986
5.303999999999638,0.41403399570337684
5.305999999999638,0.4136757105843922
5.3079999999996375,0.4133178143424068
5.309999999999637,0.4129603064777405
5.311999999999637,0.41260318650716016
5.313999999999637,0.412246453926967
5.315999999999637,0.411890108258929
5.317999999999636,0.4115341490160317
5.319999999999636,0.41117857569747673
5.321999999999636,0.41082338782408745
5.323999999999636,0.4104685849101952
5.3259999999996355,0.4101141664700421
5.327999999999635,0.40976013201488043
5.329999999999635,0.409406481059212
5.331999999999635,0.4090532131173317
5.333999999999635,0.4087003277066854
5.335999999999634,0.40834782434025585
5.337999999999634,0.4079957025358104
5.339999999999634,0.40764396181256835
5.341999999999634,0.40729260169502096
5.3439999999996335,0.40694162169542153
5.345999999999633,0.40659102133190206
5.347999999999633,0.40624080012976593
5.349999999999633,0.4058909576049317
5.351999999999633,0.405541493286135
5.353999999999632,0.4051924066881594
5.355999999999632,0.40484369733718656
5.357999999999632,0.40449536475949843
5.359999999999632,0.4041474084714241
5.3619999999996315,0.4037998280013631
5.363999999999631,0.403452622875041
5.365999999999631,0.4031057926199507
5.367999999999631,0.4027593367616791
5.369999999999631,0.4024132548251368
5.37199999999963,0.4020675463395348
5.37399999999963,0.4017222108322543
5.37599999999963,0.4013772478367247
5.37799999999963,0.40103265687721745
5.3799999999996295,0.40068843748401495
5.381999999999629,0.40034458919097005
5.383999999999629,0.40000111152515055
5.385999999999629,0.39965800402246643
5.387999999999629,0.399315266214758
5.389999999999628,0.398972897633492
5.391999999999628,0.3986308978110015
5.393999999999628,0.3982892662850126
5.395999999999628,0.39794800258953933
5.3979999999996275,0.3976071062610083
5.399999999999627,0.3972665768359114
5.401999999999627,0.39692641385075045
5.403999999999627,0.3965866168422958
5.405999999999627,0.3962471853475623
5.407999999999626,0.3959081189067624
5.409999999999626,0.39556941705972365
5.411999999999626,0.3952310793465829
5.413999999999626,0.3948931053051933
5.415999999999626,0.39455549447945
5.417999999999625,0.3942182464112362
5.419999999999625,0.39388136064153495
5.421999999999625,0.39354483671246715
5.423999999999625,0.3932086741690447
5.4259999999996245,0.3928728725549567
5.427999999999624,0.3925374314153471
5.429999999999624,0.39220235029635886
5.431999999999624,0.3918676287402172
5.433999999999624,0.3915332662969527
5.435999999999623,0.3911992625097732
5.437999999999623,0.3908656169326051
5.439999999999623,0.39053232911074387
5.441999999999623,0.39019939859105485
5.4439999999996225,0.3898668249243374
5.445999999999622,0.3895346076620829
5.447999999999622,0.38920274635468144
5.449999999999622,0.3888712405546466
5.451999999999622,0.38854008981629085
5.453999999999621,0.3882092936844231
5.455999999999621,0.38787885171869846
5.457999999999621,0.38754876347487444
5.459999999999621,0.3872190285014924
5.4619999999996205,0.38688964635226886
5.46399999999962,0.3865606165827672
5.46599999999962,0.3862319387516081
5.46799999999962,0.38590361241716553
5.46999999999962,0.3855756371385217
5.471999999999619,0.3852480124721036
5.473999999999619,0.38492073797864795
5.475999999999619,0.384593813209836
5.477999999999619,0.3842672377335876
5.4799999999996185,0.38394101110350615
5.481999999999618,0.3836151328873768
5.483999999999618,0.3832896026429426
5.485999999999618,0.3829644199302749
5.487999999999618,0.38263958431404316
5.489999999999617,0.3823150953575778
5.491999999999617,0.38199095261722277
5.493999999999617,0.3816671556671655
5.495999999999617,0.38134370407705653
5.4979999999996165,0.3810205974025337
5.499999999999616,0.3806978352096388
5.501999999999616,0.3803754170756627
5.503999999999616,0.3800533425624946
5.505999999999616,0.37973161123666677
5.507999999999615,0.3794102226566836
5.509999999999615,0.3790891764028454
5.511999999999615,0.37876847204978326
5.513999999999615,0.378448109157807
5.5159999999996145,0.3781280873096818
5.517999999999614,0.377808406068127
5.519999999999614,0.3774890650037292
5.521999999999614,0.37717006369250206
5.523999999999614,0.37685140170816067
5.525999999999613,0.37653307862815644
5.527999999999613,0.3762150940278268
5.529999999999613,0.3758974474708354
5.531999999999613,0.3755801385457915
5.533999999999613,0.37526316681895133
5.535999999999612,0.3749465318677647
5.537999999999612,0.3746302332711017
5.539999999999612,0.37431427061024364
5.541999999999612,0.37399864346571526
5.5439999999996115,0.37368335141874154
5.545999999999611,0.37336839405087924
5.547999999999611,0.37305377092964687
5.549999999999611,0.37273948163460713
5.551999999999611,0.37242552576423477
5.55399999999961,0.37211190289210455
5.55599999999961,0.37179861260013525
5.55799999999961,0.371485654456875
5.55999999999961,0.3711730280614892
5.5619999999996095,0.3708607330043735
5.563999999999609,0.37054876885947857
5.565999999999609,0.3702371352106938
5.567999999999609,0.369925831646584
5.569999999999609,0.36961485775723835
5.571999999999608,0.36930421313321804
5.573999999999608,0.36899389736475063
5.575999999999608,0.36868391004250983
5.577999999999608,0.3683742507422255
5.5799999999996075,0.3680649190499853
5.581999999999607,0.3677559145764253
5.583999999999607,0.36744723690209835
5.585999999999607,0.3671388856168813
5.587999999999607,0.3668308602978545
5.589999999999606,0.3665231605539089
5.591999999999606,0.3662157859688131
5.593999999999606,0.3659087361542728
5.595999999999606,0.36560201069302756
5.5979999999996055,0.3652956091793248
5.599999999999605,0.3649895312101699
5.601999999999605,0.3646837763852535
5.603999999999605,0.36437834428567045
5.605999999999605,0.36407323452560003
5.607999999999604,0.3637684466918263
5.609999999999604,0.36346398038216393
5.611999999999604,0.36315983519823514
5.613999999999604,0.36285601074383544
5.6159999999996035,0.3625525066220576
5.617999999999603,0.36224932241797947
5.619999999999603,0.36194645774963896
5.621999999999603,0.36164391220756187
5.623999999999603,0.3613416853924035
5.625999999999602,0.361039776910411
5.627999999999602,0.3607381863691376
5.629999999999602,0.36043691337587314
5.631999999999602,0.36013595751844707
5.6339999999996015,0.359835318399925
5.635999999999601,0.3595349956301511
5.637999999999601,0.35923498882043703
5.639999999999601,0.35893529758265563
5.641999999999601,0.358635921527732
5.6439999999996004,0.35833686026625877
5.6459999999996,0.35803811338904973
5.6479999999996,0.3577396805020929
5.6499999999996,0.35744156121865
5.6519999999996,0.3571437551538565
5.653999999999599,0.35684626192315233
5.655999999999599,0.3565490811206583
5.657999999999599,0.3562522123775948
5.659999999999599,0.3559556552940629
5.6619999999995985,0.35565940948265573
5.663999999999598,0.35536347455946665
5.665999999999598,0.35506785012177905
5.667999999999598,0.3547725358054262
5.669999999999598,0.35447753121430997
5.671999999999597,0.3541828359852226
5.673999999999597,0.35388844972108474
5.675999999999597,0.35359437201450417
5.677999999999597,0.35330060250330114
5.6799999999995965,0.35300714081572093
5.681999999999596,0.3527139865532355
5.683999999999596,0.35242113933330843
5.685999999999596,0.35212859877915104
5.687999999999596,0.3518363645163337
5.689999999999595,0.3515444361697546
5.691999999999595,0.35125281334173225
5.693999999999595,0.3509614956525489
5.695999999999595,0.35067048275206164
5.6979999999995945,0.35037977422790034
5.699999999999594,0.3500893697201228
5.701999999999594,0.34979926886203255
5.703999999999594,0.34950947126032766
5.705999999999594,0.34921997653913156
5.707999999999593,0.34893078432807956
5.709999999999593,0.3486418942589423
5.711999999999593,0.34835330596294894
5.713999999999593,0.34806501904832
5.7159999999995925,0.3477770331650985
5.717999999999592,0.3474893479271206
5.719999999999592,0.34720196296134437
5.721999999999592,0.3469148778782641
5.723999999999592,0.34662809233083336
5.725999999999591,0.34634160593733104
5.727999999999591,0.34605541833026143
5.729999999999591,0.34576952914493114
5.731999999999591,0.3454839380194427
5.7339999999995905,0.3451986445914924
5.73599999999959,0.344913648473616
5.73799999999959,0.3446289492978537
5.73999999999959,0.3443445467261524
5.74199999999959,0.3440604403568426
5.743999999999589,0.34377662984189633
5.745999999999589,0.34349311480335626
5.747999999999589,0.3432098949021164
5.749999999999589,0.34292696976097437
5.7519999999995886,0.3426443390164
5.753999999999588,0.34236200228548297
5.755999999999588,0.3420799592307889
5.757999999999588,0.34179820947854345
5.759999999999588,0.3415167526689346
5.7619999999995875,0.34123558844659335
5.763999999999587,0.3409547164574336
5.765999999999587,0.34067413632281157
5.767999999999587,0.34039384768315895
5.769999999999587,0.34011388544173826
5.771999999999586,0.3398342422414247
5.773999999999586,0.3395549025198656
5.775999999999586,0.3392758583816401
5.777999999999586,0.338997105877759
5.7799999999995855,0.33871864301813304
5.781999999999585,0.33844046881120293
5.783999999999585,0.33816258272137917
5.785999999999585,0.3378849843984009
5.787999999999585,0.33760767355487936
5.789999999999584,0.33733064989274814
5.791999999999584,0.33705391312375566
5.793999999999584,0.33677746295424
5.795999999999584,0.33650129907709936
5.7979999999995835,0.33622542114938414
5.799999999999583,0.3359498288634518
5.801999999999583,0.3356745218673822
5.803999999999583,0.3353994998199042
5.805999999999583,0.3351247623562167
5.807999999999582,0.3348503091563931
5.809999999999582,0.3345761398627232
5.811999999999582,0.3343022541302436
5.813999999999582,0.3340286516181789
5.8159999999995815,0.3337553319617121
5.817999999999581,0.33348229484010383
5.819999999999581,0.33320953989497026
5.821999999999581,0.3329370667824859
5.823999999999581,0.3326648751628743
5.82599999999958,0.3323929646727763
5.82799999999958,0.3321213349688549
5.82999999999958,0.3318499857148398
5.83199999999958,0.3315789165772981
5.8339999999995795,0.33130812722100567
5.835999999999579,0.33103761728416387
5.837999999999579,0.3307673864252618
5.839999999999579,0.33049743430992573
5.841999999999579,0.3302277606049314
5.843999999999578,0.3299583649521132
5.845999999999578,0.3296892470377114
5.847999999999578,0.32942040650846394
5.849999999999578,0.32915184302691514
5.8519999999995775,0.3288835562344574
5.853999999999577,0.3286155457953712
5.855999999999577,0.3283478114066106
5.857999999999577,0.3280803526945161
5.859999999999577,0.32781316934418947
5.861999999999576,0.3275462610070555
5.863999999999576,0.327279627375738
5.865999999999576,0.3270132681017582
5.867999999999576,0.3267471828253777
5.869999999999576,0.32648137123898585
5.871999999999575,0.3262158329969034
5.873999999999575,0.32595056776864056
5.875999999999575,0.3256855752290265
5.877999999999575,0.3254208550278082
5.8799999999995745,0.32515640686088604
5.881999999999574,0.32489223038476844
5.883999999999574,0.32462832526981106
5.885999999999574,0.324364691166509
5.887999999999574,0.3241013277726057
5.889999999999573,0.323838232228091
5.891999999999573,0.32357540895660125
5.893999999999573,0.32331285619266836
5.895999999999573,0.32305057300603723
5.8979999999995725,0.32278855880955815
5.899999999999572,0.32252681320522786
5.901999999999572,0.32226533584774897
5.903999999999572,0.3220041264637608
5.905999999999572,0.3217431847455786
5.907999999999571,0.32148251039501674
5.909999999999571,0.32122210308774346
5.911999999999571,0.32096196254182413
5.913999999999571,0.32070208843168135
5.9159999999995705,0.3204424804427751
5.91799999999957,0.3201831382634469
5.91999999999957,0.3199240615553693
5.92199999999957,0.31966525000090895
5.92399999999957,0.319406703286431
5.925999999999569,0.31914842110120334
5.927999999999569,0.31889040310764794
5.929999999999569,0.31863264901224386
5.931999999999569,0.3183751584836192
5.9339999999995685,0.31811793117825976
5.935999999999568,0.31786096680342196
5.937999999999568,0.31760426503025635
5.939999999999568,0.31734782554340035
5.941999999999568,0.31709164800877915
5.943999999999567,0.3168357321375969
5.945999999999567,0.31658007760224416
5.947999999999567,0.3163246840901472
5.949999999999567,0.3160695512670299
5.9519999999995665,0.31581467884562836
5.953999999999566,0.31556006650074686
5.955999999999566,0.31530571391999584
5.957999999999566,0.31505162077137666
5.959999999999566,0.3147977867697519
5.961999999999565,0.31454421159043333
5.963999999999565,0.31429089492287676
5.965999999999565,0.314037836437396
5.967999999999565,0.3137850358498878
5.9699999999995645,0.3135324928382442
5.971999999999564,0.3132802070692232
5.973999999999564,0.31302817825952806
5.975999999999564,0.3127764060890967
5.977999999999564,0.31252489025288294
5.979999999999563,0.31227363044951795
5.981999999999563,0.3120226263526902
5.983999999999563,0.3117718776578718
5.985999999999563,0.3115213840656493
5.987999999999563,0.3112711452779999
5.989999999999562,0.31102116097121235
5.991999999999562,0.31077143084109227
5.993999999999562,0.31052195458914694
5.995999999999562,0.31027273191795757
5.9979999999995615,0.3100237625063833
5.999999999999561,0.30977504605147704
