time,value
0.0,4.548390322981036
0.002,4.452514956269141
0.004,4.392331702602746
0.006,5.347630109036369
0.008,5.697665201847641
0.01,5.797551926709583
0.012,5.795411370308529
0.014,5.760498206529302
0.016,5.723024691127601
0.018000000000000002,5.693384059034479
0.020000000000000004,5.6729360262612465
0.022000000000000006,5.659752862841321
0.024000000000000007,5.651366614011565
0.02600000000000001,5.645775626546473
0.02800000000000001,5.641642067297545
0.030000000000000013,5.638181903049526
0.032000000000000015,5.634986735368188
0.034000000000000016,5.631870866475329
0.03600000000000002,5.628766009366558
0.03800000000000002,5.625658173334883
0.04000000000000002,5.62255397100477
0.04200000000000002,5.619464780734724
0.044000000000000025,5.616400571799623
0.04600000000000003,5.6133683257648475
0.04800000000000003,5.6103723190862205
0.05000000000000003,5.607415185396518
0.05200000000000003,5.604498486575249
0.054000000000000034,5.601622895256193
0.056000000000000036,5.598788621158127
0.05800000000000004,5.59599567960055
0.06000000000000004,5.593244941026721
0.06200000000000004,5.590536446293769
0.06400000000000004,5.58786941182171
0.06600000000000004,5.585243393614964
0.06800000000000005,5.582658134366574
0.07000000000000005,5.5801134546202755
0.07200000000000005,5.577609203109861
0.07400000000000005,5.575145210415585
0.07600000000000005,5.572721292072493
0.07800000000000006,5.570337239470349
0.08000000000000006,5.567992818248746
0.08200000000000006,5.565687769953632
0.08400000000000006,5.563421977377619
0.08600000000000006,5.561196660423726
0.08800000000000006,5.559012949378373
0.09000000000000007,5.556871222235723
0.09200000000000007,5.554771375859565
0.09400000000000007,5.552713092725058
0.09600000000000007,5.550695966337798
0.09800000000000007,5.548719564752992
0.10000000000000007,5.546783440628645
0.10200000000000008,5.544887150712465
0.10400000000000008,5.543030217621435
0.10600000000000008,5.541212158332788
0.10800000000000008,5.539432470735911
0.11000000000000008,5.537690638971847
0.11200000000000009,5.5359861156645644
0.11400000000000009,5.534318357754002
0.11600000000000009,5.532686795891986
0.11800000000000009,5.531090837672711
0.12000000000000009,5.529529890421555
0.1220000000000001,5.528003347369069
0.1240000000000001,5.526510594185932
0.12600000000000008,5.525050992466059
0.12800000000000009,5.523623916669196
0.1300000000000001,5.522228723838405
0.1320000000000001,5.520864829341977
0.1340000000000001,5.519534834536888
0.1360000000000001,5.518242046365041
0.1380000000000001,5.516987031302835
0.1400000000000001,5.515769045673214
0.1420000000000001,5.514586824161161
0.1440000000000001,5.513438956711488
0.1460000000000001,5.512324053256166
0.1480000000000001,5.511240782637044
0.1500000000000001,5.510187872315841
0.1520000000000001,5.509164105797073
0.1540000000000001,5.508168301289272
0.1560000000000001,5.5071992995920445
0.1580000000000001,5.506255958096132
0.16000000000000011,5.505337148540303
0.16200000000000012,5.504441766097079
0.16400000000000012,5.503568711414042
0.16600000000000012,5.502716906736478
0.16800000000000012,5.501885290373366
0.17000000000000012,5.5010728152235675
0.17200000000000013,5.500278439356769
0.17400000000000013,5.499501154736156
0.17600000000000013,5.498739953853867
0.17800000000000013,5.497993851910514
0.18000000000000013,5.497261882762479
0.18200000000000013,5.496543906016617
0.18400000000000014,5.49584171701933
0.18600000000000014,5.49515694474637
0.18800000000000014,5.494489807931604
0.19000000000000014,5.493839885237442
0.19200000000000014,5.493206518649387
0.19400000000000014,5.492588992360783
0.19600000000000015,5.491986625479621
0.19800000000000015,5.491398767083616
0.20000000000000015,5.490824818755525
0.20200000000000015,5.490264212610645
0.20400000000000015,5.489716409196559
0.20600000000000016,5.489180882995737
0.20800000000000016,5.488657117112393
0.21000000000000016,5.488144621215898
0.21200000000000016,5.487642904615923
0.21400000000000016,5.487151499038409
0.21600000000000016,5.486669943673812
0.21800000000000017,5.486197771451353
0.22000000000000017,5.485734537309089
0.22200000000000017,5.485279804897716
0.22400000000000017,5.484833383862051
0.22600000000000017,5.484398985217046
0.22800000000000017,5.483979899504951
0.23000000000000018,5.483576388214182
0.23200000000000018,5.4831873897580525
0.23400000000000018,5.482811377546843
0.23600000000000018,5.482446776844084
0.23800000000000018,5.482092110278012
0.24000000000000019,5.481746049699789
0.2420000000000002,5.481407376755195
0.2440000000000002,5.481074971429333
0.2460000000000002,5.4807477729500125
0.2480000000000002,5.480424779184817
0.25000000000000017,5.480105028825548
0.25200000000000017,5.47978759132491
0.25400000000000017,5.479471551456522
0.25600000000000017,5.479156024136065
0.2580000000000002,5.478840145688316
0.2600000000000002,5.478523059350091
0.2620000000000002,5.478203920519725
0.2640000000000002,5.477885587799138
0.2660000000000002,5.477572969477278
0.2680000000000002,5.477267874285901
0.2700000000000002,5.476970505984789
0.2720000000000002,5.476680411006049
0.2740000000000002,5.476396957979239
0.2760000000000002,5.476119497380783
0.2780000000000002,5.475847467582053
0.2800000000000002,5.475580370899322
0.2820000000000002,5.4753177721327155
0.2840000000000002,5.47505927546513
0.2860000000000002,5.474804529041436
0.2880000000000002,5.474553179076327
0.2900000000000002,5.474304906123948
0.2920000000000002,5.474059381716338
0.2940000000000002,5.473816297297066
0.2960000000000002,5.473575341226348
0.2980000000000002,5.473336213208249
0.3000000000000002,5.47309861797351
0.3020000000000002,5.472862263482685
0.3040000000000002,5.472626880313608
0.3060000000000002,5.472392184807622
0.3080000000000002,5.472157910817277
0.3100000000000002,5.47192378755944
0.3120000000000002,5.471689554143531
0.3140000000000002,5.4714549530331125
0.3160000000000002,5.471219737742315
0.3180000000000002,5.470983653986306
0.32000000000000023,5.470746455727161
0.32200000000000023,5.470507908936273
0.32400000000000023,5.470267761282523
0.32600000000000023,5.470025776326502
0.32800000000000024,5.469781721516326
0.33000000000000024,5.469536551857724
0.33200000000000024,5.4692934453670725
0.33400000000000024,5.469053909957667
0.33600000000000024,5.4688182373919325
0.33800000000000024,5.468586252065006
0.34000000000000025,5.468357614016587
0.34200000000000025,5.4681319662034324
0.34400000000000025,5.467909006098024
0.34600000000000025,5.467688467017276
0.34800000000000025,5.467470123903585
0.35000000000000026,5.467253766483292
0.35200000000000026,5.467039207518671
0.35400000000000026,5.466826280700785
0.35600000000000026,5.466614816226529
0.35800000000000026,5.466404644410551
0.36000000000000026,5.466195607352576
0.36200000000000027,5.465987550759876
0.36400000000000027,5.465780321194916
0.36600000000000027,5.465573775432622
0.36800000000000027,5.465367752314618
0.3700000000000003,5.465162107844799
0.3720000000000003,5.464956703264631
0.3740000000000003,5.464751390780694
0.3760000000000003,5.4645460410858115
0.3780000000000003,5.464340509042737
0.3800000000000003,5.46413465641875
0.3820000000000003,5.463928357939595
0.3840000000000003,5.463721490723465
0.3860000000000003,5.4635139209520105
0.3880000000000003,5.463305512452191
0.3900000000000003,5.463096140153595
0.3920000000000003,5.46288569204126
0.3940000000000003,5.462674037518965
0.3960000000000003,5.462462331862271
0.3980000000000003,5.4622524500764635
0.4000000000000003,5.46204587594205
0.4020000000000003,5.461843294993439
0.4040000000000003,5.461644704558559
0.4060000000000003,5.461449816015843
0.4080000000000003,5.461258286907682
0.4100000000000003,5.461069789807092
0.4120000000000003,5.460884022104329
0.4140000000000003,5.460700733772459
0.4160000000000003,5.460519695182078
0.4180000000000003,5.460340702620116
0.4200000000000003,5.46016356501315
0.4220000000000003,5.45998809764227
0.4240000000000003,5.459814129414137
0.4260000000000003,5.4596414831501345
0.4280000000000003,5.459469991343827
0.4300000000000003,5.459299480047872
0.43200000000000033,5.45912979563041
0.43400000000000033,5.458960769847964
0.43600000000000033,5.458792252333666
0.43800000000000033,5.45862409771049
0.44000000000000034,5.458456151100037
0.44200000000000034,5.458288266140568
0.44400000000000034,5.458120299465034
0.44600000000000034,5.457952108802256
0.44800000000000034,5.457783552660425
0.45000000000000034,5.457614741275103
0.45200000000000035,5.457445525222895
0.45400000000000035,5.457275628729373
0.45600000000000035,5.457104857031175
0.45800000000000035,5.456933056762367
0.46000000000000035,5.456760500900734
0.46200000000000035,5.456588824004153
0.46400000000000036,5.45641886675024
0.46600000000000036,5.456250804819516
0.46800000000000036,5.45608454523994
0.47000000000000036,5.4559199039056345
0.47200000000000036,5.455756694833638
0.47400000000000037,5.455594740206048
0.47600000000000037,5.455433891844589
0.47800000000000037,5.455274021550682
0.48000000000000037,5.455115013727337
0.4820000000000004,5.454956760504642
0.4840000000000004,5.454799158789048
0.4860000000000004,5.454642118450925
0.4880000000000004,5.454485542657817
0.4900000000000004,5.454329333432105
0.4920000000000004,5.454173413770326
0.4940000000000004,5.4540176908250855
0.4960000000000004,5.453862067935735
0.4980000000000004,5.453706469446506
0.5000000000000003,5.4535508144992555
0.5020000000000003,5.453395010227152
0.5040000000000003,5.453238982297794
0.5060000000000003,5.453082651082571
0.5080000000000003,5.4529259354325506
0.5100000000000003,5.452768764386651
0.5120000000000003,5.452611059100857
0.5140000000000003,5.4524527488879615
0.5160000000000003,5.4522937549950425
0.5180000000000003,5.452134007268496
0.5200000000000004,5.451973437824074
0.5220000000000004,5.4518119787071875
0.5240000000000004,5.451649603304512
0.5260000000000004,5.451487197669148
0.5280000000000004,5.45132568525824
0.5300000000000004,5.451165350268139
0.5320000000000004,5.451006208489974
0.5340000000000004,5.450848147745516
0.5360000000000004,5.4506910337637215
0.5380000000000004,5.450534739994474
0.5400000000000004,5.450379155694462
0.5420000000000004,5.450224194927632
0.5440000000000004,5.450069774097512
0.5460000000000004,5.449915814345121
0.5480000000000004,5.4497622513674955
0.5500000000000004,5.449609025505528
0.5520000000000004,5.449456067868856
0.5540000000000004,5.449303318123595
0.5560000000000004,5.449150718564505
0.5580000000000004,5.448998201966975
0.5600000000000004,5.448845719871016
0.5620000000000004,5.448693207903528
0.5640000000000004,5.4485406182185745
0.5660000000000004,5.448387886675564
0.5680000000000004,5.448234965962516
0.5700000000000004,5.448081802775842
0.5720000000000004,5.447928342025625
0.5740000000000004,5.447774538722974
0.5760000000000004,5.447620329894767
0.5780000000000004,5.447465679540787
0.5800000000000004,5.447310527439508
0.5820000000000004,5.447154828154924
0.5840000000000004,5.446998540425247
0.5860000000000004,5.446841613006576
0.5880000000000004,5.446684002483709
0.5900000000000004,5.446525721186593
0.5920000000000004,5.4463674631768395
0.5940000000000004,5.4462098589353465
0.5960000000000004,5.44605308542229
0.5980000000000004,5.445897142161961
0.6000000000000004,5.445741948629797
0.6020000000000004,5.445587405019301
0.6040000000000004,5.445433426626622
0.6060000000000004,5.44527993668679
0.6080000000000004,5.445127057402111
0.6100000000000004,5.444974967269461
0.6120000000000004,5.444823685732643
0.6140000000000004,5.444673159727108
0.6160000000000004,5.44452331883618
0.6180000000000004,5.444374077709597
0.6200000000000004,5.444225350677053
0.6220000000000004,5.444077066785961
0.6240000000000004,5.443929151568584
0.6260000000000004,5.443781542182419
0.6280000000000004,5.44363416990907
0.6300000000000004,5.443486986040037
0.6320000000000005,5.443339925922649
0.6340000000000005,5.443192931293642
0.6360000000000005,5.443045946256074
0.6380000000000005,5.442898915674056
0.6400000000000005,5.4427517847153055
0.6420000000000005,5.44260449886352
0.6440000000000005,5.4424570140298405
0.6460000000000005,5.4423092676768245
0.6480000000000005,5.442161213955102
0.6500000000000005,5.442012801383289
0.6520000000000005,5.441863977147939
0.6540000000000005,5.441714698971681
0.6560000000000005,5.441564916674848
0.6580000000000005,5.441414937590348
0.6600000000000005,5.4412653870040275
0.6620000000000005,5.441116521910687
0.6640000000000005,5.4409683620449645
0.6660000000000005,5.4408208658708705
0.6680000000000005,5.440673940206693
0.6700000000000005,5.440527505817935
0.6720000000000005,5.440381485583805
0.6740000000000005,5.440235830332063
0.6760000000000005,5.440090470810082
0.6780000000000005,5.439945367087783
0.6800000000000005,5.43980046779816
0.6820000000000005,5.43965572985421
0.6840000000000005,5.439511103071925
0.6860000000000005,5.439366557065189
0.6880000000000005,5.4392220454239775
0.6900000000000005,5.439077538130096
0.6920000000000005,5.438932988309284
0.6940000000000005,5.438788365673846
0.6960000000000005,5.438643633555893
0.6980000000000005,5.438498743162741
0.7000000000000005,5.438353664811271
0.7020000000000005,5.43820836359986
0.7040000000000005,5.438062812922632
0.7060000000000005,5.437916966992308
0.7080000000000005,5.437770796725737
0.7100000000000005,5.43762426748337
0.7120000000000005,5.437477353337907
0.7140000000000005,5.437330019709628
0.7160000000000005,5.437182229969998
0.7180000000000005,5.4370339582011695
0.7200000000000005,5.436885170857298
0.7220000000000005,5.436735842806821
0.7240000000000005,5.436585942097288
0.7260000000000005,5.43643580374235
0.7280000000000005,5.436285896076094
0.7300000000000005,5.436136383156016
0.7320000000000005,5.435987282621462
0.7340000000000005,5.435838541984969
0.7360000000000005,5.435690090296241
0.7380000000000005,5.43554187952164
0.7400000000000005,5.4353938525035375
0.7420000000000005,5.43524596501865
0.7440000000000005,5.435098179959683
0.7460000000000006,5.434950463898277
0.7480000000000006,5.434802785239248
0.7500000000000006,5.434655103275378
0.7520000000000006,5.434507397099941
0.7540000000000006,5.434359640241197
0.7560000000000006,5.434211793899737
0.7580000000000006,5.434063837978182
0.7600000000000006,5.433915746649032
0.7620000000000006,5.433767491978164
0.7640000000000006,5.433619055777818
0.7660000000000006,5.433470401062896
0.7680000000000006,5.433321507632762
0.7700000000000006,5.4331723394736295
0.7720000000000006,5.433022888380797
0.7740000000000006,5.432873121197786
0.7760000000000006,5.432723264127257
0.7780000000000006,5.432573231612175
0.7800000000000006,5.432422882825232
0.7820000000000006,5.432272137620768
0.7840000000000006,5.432120959377773
0.7860000000000006,5.4319693191798875
0.7880000000000006,5.431817202432951
0.7900000000000006,5.431664587700258
0.7920000000000006,5.431511451535986
0.7940000000000006,5.431357844062382
0.7960000000000006,5.431204190984372
0.7980000000000006,5.431050739928212
0.8000000000000006,5.430897540482853
0.8020000000000006,5.430744574723928
0.8040000000000006,5.430591800825575
0.8060000000000006,5.430439173039173
0.8080000000000006,5.430286649229726
0.8100000000000006,5.430134182581259
0.8120000000000006,5.4299817501679275
0.8140000000000006,5.429829316603895
0.8160000000000006,5.429676865376629
0.8180000000000006,5.429524364567529
0.8200000000000006,5.429371808883345
0.8220000000000006,5.429219274897804
0.8240000000000006,5.429066831536636
0.8260000000000006,5.42891447291187
0.8280000000000006,5.428762184209509
0.8300000000000006,5.428609924368276
0.8320000000000006,5.428457656907196
0.8340000000000006,5.428305348954112
0.8360000000000006,5.42815298024507
0.8380000000000006,5.4280005130603985
0.8400000000000006,5.427847916818328
0.8420000000000006,5.427695174507639
0.8440000000000006,5.427542261587855
0.8460000000000006,5.427389151059616
0.8480000000000006,5.4272358158012155
0.8500000000000006,5.427082229469756
0.8520000000000006,5.426928376762958
0.8540000000000006,5.426774234132507
0.8560000000000006,5.426619775609776
0.8580000000000007,5.426464975379747
0.8600000000000007,5.426309818723943
0.8620000000000007,5.4261542829305105
0.8640000000000007,5.425998377472847
0.8660000000000007,5.4258423867513565
0.8680000000000007,5.425686548731826
0.8700000000000007,5.4255309231367335
0.8720000000000007,5.425375513901184
0.8740000000000007,5.425220279916966
0.8760000000000007,5.425065189603976
0.8780000000000007,5.42491019625671
0.8800000000000007,5.424755263916734
0.8820000000000007,5.424600363299691
0.8840000000000007,5.42444546899424
0.8860000000000007,5.4242905577227605
0.8880000000000007,5.42413559729647
0.8900000000000007,5.423980575468201
0.8920000000000007,5.423825474462529
0.8940000000000007,5.423670284247137
0.8960000000000007,5.423514974844952
0.8980000000000007,5.4233595223912525
0.9000000000000007,5.423203906174283
0.9020000000000007,5.4230481171105485
0.9040000000000007,5.422892137646935
0.9060000000000007,5.422735947389948
0.9080000000000007,5.42257952568798
0.9100000000000007,5.422422852612204
0.9120000000000007,5.422265919294124
0.9140000000000007,5.42210870855666
0.9160000000000007,5.421951200713702
0.9180000000000007,5.421793386251866
0.9200000000000007,5.421635247405028
0.9220000000000007,5.421476764259801
0.9240000000000007,5.421317917333172
0.9260000000000007,5.42115869848753
0.9280000000000007,5.420999091644848
0.9300000000000007,5.420839088661294
0.9320000000000007,5.420678672464078
0.9340000000000007,5.420517823824553
0.9360000000000007,5.420356562310085
0.9380000000000007,5.420195151220729
0.9400000000000007,5.420033778330789
0.9420000000000007,5.41987248245664
0.9440000000000007,5.419711263171151
0.9460000000000007,5.419550082882986
0.9480000000000007,5.419388906764137
0.9500000000000007,5.419227705100271
0.9520000000000007,5.419066452922996
0.9540000000000007,5.418905138995843
0.9560000000000007,5.418743735159616
0.9580000000000007,5.418582220795294
0.9600000000000007,5.418420589123068
0.9620000000000007,5.418258815632211
0.9640000000000007,5.4180968925910715
0.9660000000000007,5.4179348059985974
0.9680000000000007,5.4177725397422805
0.9700000000000008,5.417610077515714
0.9720000000000008,5.417447413714434
0.9740000000000008,5.4172845342229845
0.9760000000000008,5.4171214121985125
0.9780000000000008,5.41695805038313
0.9800000000000008,5.416794427071036
0.9820000000000008,5.416630535056787
0.9840000000000008,5.416466350363595
0.9860000000000008,5.4163018768449565
0.9880000000000008,5.416137093270557
0.9900000000000008,5.4159719928098475
0.9920000000000008,5.415806562111311
0.9940000000000008,5.415640786207219
0.9960000000000008,5.41547466072086
0.9980000000000008,5.415308173065421
1.0000000000000007,5.415141318621075
1.0020000000000007,5.414974083849694
1.0040000000000007,5.414806453079198
1.0060000000000007,5.41463842145676
1.0080000000000007,5.414469976318334
1.0100000000000007,5.414301184817912
1.0120000000000007,5.414132277786685
1.0140000000000007,5.413963360881242
1.0160000000000007,5.413794453873348
1.0180000000000007,5.4136255420904575
1.0200000000000007,5.413456589661777
1.0220000000000007,5.4132875794940745
1.0240000000000007,5.413118491421553
1.0260000000000007,5.4129493162333295
1.0280000000000007,5.412780052866181
1.0300000000000007,5.412610744667818
1.0320000000000007,5.412441405222142
1.0340000000000007,5.412272037893637
1.0360000000000007,5.412102618246939
1.0380000000000007,5.41193312514255
1.0400000000000007,5.411763550243875
1.0420000000000007,5.411593867542221
1.0440000000000007,5.411424068444524
1.0460000000000007,5.411254138607279
1.0480000000000007,5.411084061961286
1.0500000000000007,5.4109138224969495
1.0520000000000007,5.410743404905119
1.0540000000000007,5.410572804896191
1.0560000000000007,5.410401999384554
1.0580000000000007,5.410230982076654
1.0600000000000007,5.410059740583912
1.0620000000000007,5.409888260617554
1.0640000000000007,5.4097165381017565
1.0660000000000007,5.4095445501028045
1.0680000000000007,5.409372290697372
1.0700000000000007,5.40919975833953
1.0720000000000007,5.409026930252285
1.0740000000000007,5.408853800003972
1.0760000000000007,5.40868035534227
1.0780000000000007,5.408506592806808
1.0800000000000007,5.408332489774543
1.0820000000000007,5.4081580510546035
1.0840000000000007,5.407983268769344
1.0860000000000007,5.407808305835653
1.0880000000000007,5.4076333002216765
1.0900000000000007,5.407458292242444
1.0920000000000007,5.407283278805129
1.0940000000000007,5.407108240326538
1.0960000000000008,5.406933153520236
1.0980000000000008,5.406757996513761
1.1000000000000008,5.406582750262542
1.1020000000000008,5.406407398397619
1.1040000000000008,5.406231936879731
1.1060000000000008,5.406056343513698
1.1080000000000008,5.405880613319523
1.1100000000000008,5.405704725089889
1.1120000000000008,5.4055286753423735
1.1140000000000008,5.405352454551075
1.1160000000000008,5.405176285504423
1.1180000000000008,5.405000103146974
1.1200000000000008,5.4048237816095535
1.1220000000000008,5.404647256567872
1.1240000000000008,5.404470507020862
1.1260000000000008,5.404293508586688
1.1280000000000008,5.404116259782406
1.1300000000000008,5.403938764949054
1.1320000000000008,5.40376100688171
1.1340000000000008,5.4035829837432185
1.1360000000000008,5.403404687018956
1.1380000000000008,5.403226106078253
1.1400000000000008,5.4030472404163055
1.1420000000000008,5.402868080922725
1.1440000000000008,5.402688615977383
1.1460000000000008,5.402508834073059
1.1480000000000008,5.402328734925336
1.1500000000000008,5.4021483100902
1.1520000000000008,5.401967558953465
1.1540000000000008,5.40178646151743
1.1560000000000008,5.401605025144305
1.1580000000000008,5.401423232219596
1.1600000000000008,5.401241079974334
1.1620000000000008,5.401058665070391
1.1640000000000008,5.400876126643212
1.1660000000000008,5.400693523524911
1.1680000000000008,5.400510851571012
1.1700000000000008,5.400328105120041
1.1720000000000008,5.400145266943485
1.1740000000000008,5.399962317898651
1.1760000000000008,5.399779240604266
1.1780000000000008,5.39959602027833
1.1800000000000008,5.399412644455091
1.1820000000000008,5.399229102387626
1.1840000000000008,5.399045394737242
1.1860000000000008,5.398861513644907
1.1880000000000008,5.398677438162248
1.1900000000000008,5.398493176880868
1.1920000000000008,5.398308713583851
1.1940000000000008,5.398124036163153
1.1960000000000008,5.397939145256373
1.1980000000000008,5.39775403361356
1.2000000000000008,5.397568691434376
1.2020000000000008,5.397383108749339
1.2040000000000008,5.397197286548232
1.2060000000000008,5.397011217395168
1.2080000000000009,5.396824891276452
1.2100000000000009,5.396638298172374
1.2120000000000009,5.396451439220627
1.2140000000000009,5.396264307257941
1.2160000000000009,5.396076892644488
1.2180000000000009,5.395889185786957
1.2200000000000009,5.395701188277982
1.2220000000000009,5.395512893422265
1.2240000000000009,5.3953242920380395
1.2260000000000009,5.395135395655238
1.2280000000000009,5.394946237079328
1.2300000000000009,5.394756826833064
1.2320000000000009,5.394567160151197
1.2340000000000009,5.394377237248175
1.2360000000000009,5.394187047922653
1.2380000000000009,5.393996579237902
1.2400000000000009,5.393805893141543
1.2420000000000009,5.393615118705423
1.2440000000000009,5.393424303483448
1.2460000000000009,5.393233451382631
1.2480000000000009,5.393042549162672
1.2500000000000009,5.392851568588421
1.252000000000001,5.392660501612104
1.254000000000001,5.392469336412664
1.256000000000001,5.392278071021827
1.258000000000001,5.392086684611165
1.260000000000001,5.39189516338095
1.262000000000001,5.391703507532
1.264000000000001,5.391511699378308
1.266000000000001,5.391319738288604
1.268000000000001,5.391127617340985
1.270000000000001,5.390935327444037
1.272000000000001,5.390742869534192
1.274000000000001,5.390550225319887
1.276000000000001,5.390357393438642
1.278000000000001,5.390164366523884
1.280000000000001,5.389971135368425
1.282000000000001,5.389777690754346
1.284000000000001,5.389584024103805
1.286000000000001,5.389390137912101
1.288000000000001,5.389196025968081
1.290000000000001,5.3890016792017015
1.292000000000001,5.388807088303448
1.294000000000001,5.388612255036906
1.296000000000001,5.388417172731961
1.298000000000001,5.3882218321562965
1.300000000000001,5.388026224089436
1.302000000000001,5.387830350546948
1.304000000000001,5.387634205196434
1.306000000000001,5.387437779192129
1.308000000000001,5.387241063713839
1.310000000000001,5.387044061185956
1.312000000000001,5.386846765687914
1.314000000000001,5.386649168774222
1.316000000000001,5.386451272400122
1.318000000000001,5.386253070052623
1.320000000000001,5.386054625559991
1.322000000000001,5.385856038203583
1.324000000000001,5.385657353940417
1.326000000000001,5.385458577714647
1.328000000000001,5.385259687845863
1.330000000000001,5.3850606780973695
1.332000000000001,5.384861536923855
1.334000000000001,5.384662252234718
1.336000000000001,5.384462823524833
1.338000000000001,5.384263232057452
1.340000000000001,5.384063476792887
1.342000000000001,5.383863551067481
1.344000000000001,5.383663436163043
1.346000000000001,5.383463143597997
1.348000000000001,5.383262659785826
1.350000000000001,5.383061975098954
1.352000000000001,5.382861092634606
1.354000000000001,5.382660007388567
1.356000000000001,5.382458711647111
1.358000000000001,5.382257197418298
1.360000000000001,5.382055467758654
1.362000000000001,5.381853517150149
1.364000000000001,5.381651326999594
1.366000000000001,5.381448908857174
1.368000000000001,5.381246249303298
1.370000000000001,5.381043349546106
1.372000000000001,5.380840203943116
1.374000000000001,5.380636804882848
1.376000000000001,5.380433144898959
1.378000000000001,5.380229227769728
1.380000000000001,5.380025048783073
1.382000000000001,5.3798206005670695
1.384000000000001,5.3796158756811066
1.386000000000001,5.379410877935339
1.388000000000001,5.37920560270005
1.390000000000001,5.379000042761323
1.392000000000001,5.378794201330925
1.394000000000001,5.3785880731087
1.396000000000001,5.378381650382965
1.398000000000001,5.378174925629709
1.400000000000001,5.377967907750011
1.402000000000001,5.3777606728663905
1.404000000000001,5.377553292808673
1.406000000000001,5.377345799692994
1.408000000000001,5.377138183328696
1.410000000000001,5.376930441518898
1.412000000000001,5.376722563603633
1.414000000000001,5.376514526960757
1.416000000000001,5.376306336128571
1.418000000000001,5.376098023088811
1.420000000000001,5.3758895856686415
1.422000000000001,5.375681017204014
1.424000000000001,5.375472320462734
1.426000000000001,5.3752634889185975
1.428000000000001,5.375054513166251
1.430000000000001,5.3748453732606905
1.432000000000001,5.374636080538249
1.434000000000001,5.374426621475445
1.436000000000001,5.374216986672671
1.438000000000001,5.374007179576868
1.440000000000001,5.373797195484477
1.442000000000001,5.373587026925687
1.444000000000001,5.373376666119662
1.446000000000001,5.373166105888303
1.448000000000001,5.372955350335377
1.450000000000001,5.372744574896807
1.452000000000001,5.372533784261683
1.454000000000001,5.372322858026692
1.456000000000001,5.372111733223497
1.458000000000001,5.371900379562821
1.460000000000001,5.371688794101977
1.462000000000001,5.371476961914405
1.464000000000001,5.371264887448145
1.466000000000001,5.371052569277782
1.468000000000001,5.370840003456224
1.470000000000001,5.3706271956829585
1.472000000000001,5.370414142283925
1.474000000000001,5.3702008364726215
1.476000000000001,5.36998727117669
1.478000000000001,5.369773450495102
1.480000000000001,5.369559370093096
1.482000000000001,5.36934502305343
1.484000000000001,5.369130417988479
1.486000000000001,5.36891564880531
1.488000000000001,5.368700750506783
1.490000000000001,5.368485740477604
1.492000000000001,5.368270615596658
1.494000000000001,5.3680553655276855
1.496000000000001,5.367839989283817
1.498000000000001,5.367624467270477
1.500000000000001,5.367408798073263
1.5020000000000011,5.367192964738656
1.5040000000000011,5.36697696896238
1.5060000000000011,5.366760806842703
1.5080000000000011,5.366544472551869
1.5100000000000011,5.366327970503337
1.5120000000000011,5.3661112856565065
1.5140000000000011,5.365894419970589
1.5160000000000011,5.365677369284073
1.5180000000000011,5.365460127490783
1.5200000000000011,5.365242688408807
1.5220000000000011,5.365025046415768
1.5240000000000011,5.364807207027705
1.5260000000000011,5.3645891669314105
1.5280000000000011,5.364370919849629
1.5300000000000011,5.3641524591769025
1.5320000000000011,5.363933789462431
1.5340000000000011,5.363714896209126
1.5360000000000011,5.363495782147303
1.5380000000000011,5.363276443939434
1.5400000000000011,5.363056886783936
1.5420000000000011,5.362837095858413
1.5440000000000011,5.362617073382875
1.5460000000000012,5.362396815604775
1.5480000000000012,5.362176316997634
1.5500000000000012,5.361955582583673
1.5520000000000012,5.361734598128298
1.5540000000000012,5.361513366630211
1.5560000000000012,5.361291895579283
1.5580000000000012,5.361070170636263
1.5600000000000012,5.360848193910362
1.5620000000000012,5.360625961452284
1.5640000000000012,5.360403467646108
1.5660000000000012,5.360180717582061
1.5680000000000012,5.359957698232681
1.5700000000000012,5.359734463319974
1.5720000000000012,5.359511084782453
1.5740000000000012,5.359287573087409
1.5760000000000012,5.359063925479183
1.5780000000000012,5.35884014508653
1.5800000000000012,5.3586162249326135
1.5820000000000012,5.358392155448336
1.5840000000000012,5.358167927590124
1.5860000000000012,5.3579435337762185
1.5880000000000012,5.357718967902503
1.5900000000000012,5.357494235553553
1.5920000000000012,5.357269333662769
1.5940000000000012,5.357044256250175
1.5960000000000012,5.356818997009068
1.5980000000000012,5.356593550394112
1.6000000000000012,5.356367924087362
1.6020000000000012,5.356142141216539
1.6040000000000012,5.3559162053740765
1.6060000000000012,5.3556901119398255
1.6080000000000012,5.355463853758925
1.6100000000000012,5.355237423643013
1.6120000000000012,5.355010825802599
1.6140000000000012,5.354784045382578
1.6160000000000012,5.354557084897683
1.6180000000000012,5.3543299407815645
1.6200000000000012,5.354102607505295
1.6220000000000012,5.3538750794117895
1.6240000000000012,5.353647361959406
1.6260000000000012,5.353419451806407
1.6280000000000012,5.353191342735477
1.6300000000000012,5.3529630283104845
1.6320000000000012,5.352734502831619
1.6340000000000012,5.352505761491315
1.6360000000000012,5.3522768108433745
1.6380000000000012,5.35204764853972
1.6400000000000012,5.351818269169367
1.6420000000000012,5.351588677527058
1.6440000000000012,5.351358858950969
1.6460000000000012,5.351128816229441
1.6480000000000012,5.350898546228626
1.6500000000000012,5.350668043975546
1.6520000000000012,5.350437315076437
1.6540000000000012,5.350206356264321
1.6560000000000012,5.349975181563461
1.6580000000000013,5.349743848691263
1.6600000000000013,5.349512384879885
1.6620000000000013,5.349280805608651
1.6640000000000013,5.349049097336926
1.6660000000000013,5.348817260334597
1.6680000000000013,5.348585288054537
1.6700000000000013,5.348353172420022
1.6720000000000013,5.348120905936147
1.6740000000000013,5.347888482307857
1.6760000000000013,5.347655906993655
1.6780000000000013,5.347423166205521
1.6800000000000013,5.347190263423935
1.6820000000000013,5.346957195833746
1.6840000000000013,5.3467239584960335
1.6860000000000013,5.346490546246163
1.6880000000000013,5.346256954389325
1.6900000000000013,5.346023189488576
1.6920000000000013,5.345789249148373
1.6940000000000013,5.34555512791475
1.6960000000000013,5.345320819967074
1.6980000000000013,5.34508632012008
1.7000000000000013,5.344851634676843
1.7020000000000013,5.34461675051753
1.7040000000000013,5.34438167174324
1.7060000000000013,5.34414639614107
1.7080000000000013,5.343910930022404
1.7100000000000013,5.343675259299614
1.7120000000000013,5.34343938705481
1.7140000000000013,5.343203310300159
1.7160000000000013,5.342967024213346
1.7180000000000013,5.342730524003605
1.7200000000000013,5.342493805511041
1.7220000000000013,5.342256875965486
1.7240000000000013,5.342019733667342
1.7260000000000013,5.341782373867259
1.7280000000000013,5.34154480212811
1.7300000000000013,5.341307004444696
1.7320000000000013,5.341068984371398
1.7340000000000013,5.3408307394840815
1.7360000000000013,5.3405922655084686
1.7380000000000013,5.340353568831298
1.7400000000000013,5.340114636218571
1.7420000000000013,5.339875471859852
1.7440000000000013,5.3396360908067235
1.7460000000000013,5.339396535857409
1.7480000000000013,5.339156833991329
1.7500000000000013,5.338917002347045
1.7520000000000013,5.338677040164315
1.7540000000000013,5.338436940220931
1.7560000000000013,5.3381966941762515
1.7580000000000013,5.337956294627401
1.7600000000000013,5.337715746329345
1.7620000000000013,5.3374750350742435
1.7640000000000013,5.3372341643787005
1.7660000000000013,5.336993131690149
1.7680000000000013,5.336751932467361
1.7700000000000014,5.3365105620224895
1.7720000000000014,5.336269243079097
1.7740000000000014,5.336027932653408
1.7760000000000014,5.335786509803485
1.7780000000000014,5.335544929161557
1.7800000000000014,5.335303186874358
1.7820000000000014,5.33506127956347
1.7840000000000014,5.334819204306978
1.7860000000000014,5.334576958420704
1.7880000000000014,5.334334539346482
1.7900000000000014,5.3340919445838955
1.7920000000000014,5.333849182351347
1.7940000000000014,5.333606251421785
1.7960000000000014,5.333363147126466
1.7980000000000014,5.333119864189168
1.8000000000000014,5.332876397813726
1.8020000000000014,5.332632754635139
1.8040000000000014,5.332388921810551
1.8060000000000014,5.332144903708453
1.8080000000000014,5.331900698378671
1.8100000000000014,5.331656301718117
1.8120000000000014,5.331411720067479
1.8140000000000014,5.3311669400507515
1.8160000000000014,5.330921965600914
1.8180000000000014,5.330676794498404
1.8200000000000014,5.330431422541489
1.8220000000000014,5.330185856096361
1.8240000000000014,5.329940081869133
1.8260000000000014,5.329694103939099
1.8280000000000014,5.329447920250008
1.8300000000000014,5.329201526772285
1.8320000000000014,5.3289549193464465
1.8340000000000014,5.32870810937767
1.8360000000000014,5.328461140014283
1.8380000000000014,5.328214039272267
1.8400000000000014,5.327966812968523
1.8420000000000014,5.32771945796754
1.8440000000000014,5.3274719789844855
1.8460000000000014,5.327224360334445
1.8480000000000014,5.326976603882596
1.8500000000000014,5.326728695043226
1.8520000000000014,5.3264806378883796
1.8540000000000014,5.3262324306612525
1.8560000000000014,5.3259840802579745
1.8580000000000014,5.325735573005441
1.8600000000000014,5.325486901605265
1.8620000000000014,5.325238072842766
1.8640000000000014,5.324989085537599
1.8660000000000014,5.324739935635814
1.8680000000000014,5.324490618585943
1.8700000000000014,5.324241130257705
1.8720000000000014,5.3239914779319
1.8740000000000014,5.323741659936366
1.8760000000000014,5.323491660792888
1.8780000000000014,5.323241484945846
1.8800000000000014,5.32299114219923
1.8820000000000014,5.322740620058345
1.8840000000000015,5.322489911678683
1.8860000000000015,5.322239024071509
1.8880000000000015,5.321987956239613
1.8900000000000015,5.321736704332143
1.8920000000000015,5.321485264067008
1.8940000000000015,5.321233642409762
1.8960000000000015,5.320981826690933
1.8980000000000015,5.3207298216633925
1.9000000000000015,5.320477625820291
1.9020000000000015,5.320225235564491
1.9040000000000015,5.319972657873077
1.9060000000000015,5.319719879887897
1.9080000000000015,5.319466906225306
1.9100000000000015,5.319213735287091
1.9120000000000015,5.318960363452837
1.9140000000000015,5.31870679774236
1.9160000000000015,5.318453025350252
1.9180000000000015,5.318199050952957
1.9200000000000015,5.317944873057555
1.9220000000000015,5.317690488152291
1.9240000000000015,5.317435903391395
1.9260000000000015,5.317181110379542
1.9280000000000015,5.31692615475786
1.9300000000000015,5.316671062205123
1.9320000000000015,5.316415837889931
1.9340000000000015,5.316160478833449
1.9360000000000015,5.31590499036178
1.9380000000000015,5.315649357366542
1.9400000000000015,5.315393582431309
1.9420000000000015,5.315137651526209
1.9440000000000015,5.314881569388119
1.9460000000000015,5.314625334843946
1.9480000000000015,5.314368955728414
1.9500000000000015,5.314112426606819
1.9520000000000015,5.313855760310195
1.9540000000000015,5.313598946877029
1.9560000000000015,5.3133419920824085
1.9580000000000015,5.313084894464986
1.9600000000000015,5.312827650002386
1.9620000000000015,5.312570254264435
1.9640000000000015,5.312312714118405
1.9660000000000015,5.312055016641981
1.9680000000000015,5.311797166363573
1.9700000000000015,5.31153916147993
1.9720000000000015,5.3112809980541416
1.9740000000000015,5.311022671922926
1.9760000000000015,5.310764179409943
1.9780000000000015,5.310505528315846
1.9800000000000015,5.3102467065240795
1.9820000000000015,5.309987719229368
1.9840000000000015,5.309728565138382
1.9860000000000015,5.3094692407007456
1.9880000000000015,5.3092097529367015
1.9900000000000015,5.30895008881674
1.9920000000000015,5.308690252843242
1.9940000000000015,5.308430243288559
1.9960000000000016,5.30817005638785
1.9980000000000016,5.30790968822262
2.0000000000000013,5.307649135411496
2.002000000000001,5.307388406113296
2.004000000000001,5.307127499410434
2.0060000000000007,5.306866411222463
2.0080000000000005,5.306605137047967
2.0100000000000002,5.306343672980787
2.012,5.306082015940649
2.014,5.305820174455265
2.0159999999999996,5.305558147946476
2.0179999999999993,5.305295932619171
2.019999999999999,5.3050335329017955
2.021999999999999,5.304770982193683
2.0239999999999987,5.304508308190212
2.0259999999999985,5.304245515513715
2.0279999999999982,5.30398258892317
2.029999999999998,5.30371953127033
2.031999999999998,5.3034563396279415
2.0339999999999976,5.303193020289853
2.0359999999999974,5.3029295590845305
2.037999999999997,5.3026659486128676
2.039999999999997,5.3024021960343095
2.0419999999999967,5.302138300568473
2.0439999999999965,5.301874258561164
2.0459999999999963,5.301610065862718
2.047999999999996,5.301345718745812
2.049999999999996,5.301081214150297
2.0519999999999956,5.300816560539028
2.0539999999999954,5.300551746225503
2.055999999999995,5.300286776848184
2.057999999999995,5.30002165145161
2.0599999999999947,5.299756366743454
2.0619999999999945,5.299490930043884
2.0639999999999943,5.299225328467811
2.065999999999994,5.298959566752077
2.067999999999994,5.298693632410536
2.0699999999999936,5.298427531524526
2.0719999999999934,5.298161263931644
2.073999999999993,5.2978948380773945
2.075999999999993,5.297628241288185
2.0779999999999927,5.297361478201673
2.0799999999999925,5.29709482209026
2.0819999999999923,5.296828134330755
2.083999999999992,5.296561323260619
2.085999999999992,5.296294344004672
2.0879999999999916,5.296027177460214
2.0899999999999914,5.295759817370504
2.091999999999991,5.2954922630500265
2.093999999999991,5.295224526559612
2.0959999999999908,5.294956599618042
2.0979999999999905,5.294688490460673
2.0999999999999903,5.29442021093236
2.10199999999999,5.294151749458221
2.10399999999999,5.293883099789206
2.1059999999999897,5.293614269611546
2.1079999999999894,5.293345258569963
2.109999999999989,5.2930760634722285
2.111999999999989,5.292806680700684
2.1139999999999888,5.292537107139525
2.1159999999999886,5.292267370477157
2.1179999999999883,5.291997503923177
2.119999999999988,5.291727511846448
2.121999999999988,5.291457405295616
2.1239999999999877,5.291187194695698
2.1259999999999875,5.290916865699541
2.1279999999999872,5.290646409253737
2.129999999999987,5.290375830719151
2.131999999999987,5.290105116937999
2.1339999999999866,5.289834272898291
2.1359999999999864,5.289563297391834
2.137999999999986,5.289292187023627
2.139999999999986,5.289020938068371
2.1419999999999857,5.288749547208285
2.1439999999999855,5.288478011680096
2.1459999999999853,5.288206340171895
2.147999999999985,5.287934532083111
2.149999999999985,5.287662572519148
2.1519999999999846,5.287390466638735
2.1539999999999844,5.287118225025358
2.155999999999984,5.286845835546919
2.157999999999984,5.286573291695647
2.1599999999999837,5.286300601032905
2.1619999999999835,5.28602775203873
2.1639999999999833,5.285754750925237
2.165999999999983,5.2854815973527565
2.167999999999983,5.285208288559838
2.1699999999999826,5.284934832322176
2.1719999999999824,5.2846612161080495
2.173999999999982,5.284387444971137
2.175999999999982,5.284113517623321
2.1779999999999817,5.283839419660432
2.1799999999999815,5.283565168173048
2.1819999999999813,5.283290754015418
2.183999999999981,5.283016171880914
2.185999999999981,5.282741429755619
2.1879999999999806,5.2824665271916205
2.1899999999999804,5.282191449747968
2.19199999999998,5.281916214235393
2.19399999999998,5.281640811208814
2.1959999999999797,5.281365235153515
2.1979999999999795,5.281089493958961
2.1999999999999793,5.280813587172988
2.201999999999979,5.280537500401338
2.203999999999979,5.280261239541836
2.2059999999999786,5.279984815961793
2.2079999999999784,5.279708218153454
2.209999999999978,5.279431451230029
2.211999999999978,5.279154517237894
2.2139999999999778,5.278877430802178
2.2159999999999775,5.278600225522181
2.2179999999999773,5.2783228970930685
2.219999999999977,5.2780454402764025
2.221999999999977,5.277767861431548
2.2239999999999767,5.277490147128851
2.2259999999999764,5.277212301958743
2.227999999999976,5.276934324354921
2.229999999999976,5.276656210733381
2.231999999999976,5.276377957361416
2.2339999999999756,5.276099561034976
2.2359999999999753,5.275821019199348
2.237999999999975,5.275542340909084
2.239999999999975,5.275263525895419
2.2419999999999747,5.2749845594666285
2.2439999999999745,5.27470544714183
2.2459999999999742,5.274426199934707
2.247999999999974,5.274146805945762
2.249999999999974,5.2738672589076145
2.2519999999999736,5.273587566751153
2.2539999999999734,5.273307718162185
2.255999999999973,5.273027719692442
2.257999999999973,5.272747571291176
2.2599999999999727,5.272467270475791
2.2619999999999725,5.2721868253691015
2.2639999999999723,5.271906223571278
2.265999999999972,5.2716254704034125
2.267999999999972,5.271344564813008
2.2699999999999716,5.271063492526489
2.2719999999999714,5.270782271028123
2.273999999999971,5.270500891360661
2.275999999999971,5.270219348415826
2.2779999999999707,5.269937650496129
2.2799999999999705,5.269655786289669
2.2819999999999703,5.269373764196313
2.28399999999997,5.269091590829225
2.28599999999997,5.268809267096407
2.2879999999999696,5.268526802054723
2.2899999999999694,5.268244183177429
2.291999999999969,5.26796141534276
2.293999999999969,5.267678497013657
2.2959999999999687,5.267395424603531
2.2979999999999685,5.267112194429975
2.2999999999999683,5.2668288034165975
2.301999999999968,5.266545249197248
2.303999999999968,5.266261541138263
2.3059999999999676,5.26597766815334
2.3079999999999674,5.265693636715803
2.309999999999967,5.265409447880137
2.311999999999967,5.265125130023088
2.3139999999999668,5.264840688987022
2.3159999999999665,5.264556125051276
2.3179999999999663,5.2642714475138295
2.319999999999966,5.26398665529236
2.321999999999966,5.263701732553802
2.3239999999999656,5.263416683954909
2.3259999999999654,5.26313150875503
2.327999999999965,5.262846204282971
2.329999999999965,5.262560778711124
2.3319999999999648,5.2622752195589
2.3339999999999645,5.261989532113525
2.3359999999999643,5.261703704035658
2.337999999999964,5.261417741766385
2.339999999999964,5.261131645396192
2.3419999999999637,5.260845412592814
2.3439999999999634,5.260559051682022
2.3459999999999632,5.260272550230352
2.347999999999963,5.259985902402512
2.349999999999963,5.259699116910434
2.3519999999999626,5.259412194167282
2.3539999999999623,5.259125131444333
2.355999999999962,5.258837925347864
2.357999999999962,5.258550572828148
2.3599999999999617,5.258263071437163
2.3619999999999615,5.257975430520113
2.3639999999999612,5.257687650027042
2.365999999999961,5.257399715318331
2.367999999999961,5.257111632212818
2.3699999999999606,5.256823400922037
2.3719999999999604,5.256535030735088
2.37399999999996,5.256246814600226
2.37599999999996,5.255958576981445
2.3779999999999597,5.255670224961179
2.3799999999999595,5.255381727555504
2.3819999999999593,5.255093059543296
2.383999999999959,5.254804225406626
2.385999999999959,5.254515227581532
2.3879999999999586,5.254226067146671
2.3899999999999584,5.2539367443352045
2.391999999999958,5.253647258913489
2.393999999999958,5.253357621578069
2.3959999999999577,5.253067821992171
2.3979999999999575,5.252777867052487
2.3999999999999573,5.252487756803775
2.401999999999957,5.252197488802401
2.403999999999957,5.251907071357013
2.4059999999999566,5.251616492186862
2.4079999999999564,5.251325756868815
2.409999999999956,5.251034854181558
2.411999999999956,5.2507438069988766
2.4139999999999557,5.250452633317159
2.4159999999999555,5.250161337682537
2.4179999999999553,5.249869930047657
2.419999999999955,5.2495783974689685
2.421999999999955,5.249286744125529
2.4239999999999546,5.2489949566141325
2.4259999999999544,5.248703040622645
2.427999999999954,5.248410995815193
2.429999999999954,5.2481188196631585
2.4319999999999538,5.2478265092489496
2.4339999999999535,5.247534061990376
2.4359999999999533,5.247241487018777
2.437999999999953,5.246948784138197
2.439999999999953,5.246655938589097
2.4419999999999527,5.246362956145512
2.4439999999999524,5.246069840241264
2.445999999999952,5.24577659375999
2.447999999999952,5.24548321615584
2.4499999999999518,5.245189716791156
2.4519999999999516,5.244896083758518
2.4539999999999513,5.24460232268279
2.455999999999951,5.244308432603689
2.457999999999951,5.244014410309311
2.4599999999999507,5.243720252335611
2.4619999999999505,5.243425955723951
2.4639999999999502,5.243131518168364
2.46599999999995,5.242836937933311
2.46799999999995,5.242542224939783
2.4699999999999496,5.2422473795509354
2.4719999999999493,5.241952398591724
2.473999999999949,5.241657278206766
2.475999999999949,5.24136201501073
2.4779999999999487,5.24106660636166
2.4799999999999485,5.240771050322787
2.4819999999999482,5.240475356746515
2.483999999999948,5.240179525998367
2.485999999999948,5.239883543677613
2.4879999999999476,5.239587415844608
2.4899999999999474,5.23929115418448
2.491999999999947,5.238994747085895
2.493999999999947,5.238698188574704
2.4959999999999467,5.238401487106506
2.4979999999999465,5.2381046428687
2.4999999999999463,5.23780764175051
2.501999999999946,5.2375104902495275
2.503999999999946,5.237213200465744
2.5059999999999456,5.2369157610807004
2.5079999999999454,5.236618166352711
2.509999999999945,5.236320424923118
2.511999999999945,5.236022538388497
2.5139999999999447,5.235724508942555
2.5159999999999445,5.235426356927071
2.5179999999999443,5.2351280992052045
2.519999999999944,5.234829725071652
2.521999999999944,5.234531227742335
2.5239999999999436,5.234232614405703
2.5259999999999434,5.2339338727068
2.527999999999943,5.233635008689752
2.529999999999943,5.233336021958991
2.5319999999999427,5.233036909798899
2.5339999999999425,5.232737669127392
2.5359999999999423,5.232438297246815
2.537999999999942,5.232138803400609
2.539999999999942,5.231839176096059
2.5419999999999416,5.231539421696672
2.5439999999999414,5.231239539859816
2.545999999999941,5.2309395165137245
2.547999999999941,5.230639358458818
2.5499999999999408,5.23033907809275
2.5519999999999405,5.2300386642109045
2.5539999999999403,5.229738111091524
2.55599999999994,5.229437427390983
2.55799999999994,5.229136613373517
2.5599999999999397,5.228835654848851
2.5619999999999394,5.228534558323705
2.563999999999939,5.228233324572044
2.565999999999939,5.227931963457794
2.5679999999999388,5.227630462982681
2.5699999999999386,5.22732882882828
2.5719999999999383,5.227027048707046
2.573999999999938,5.22672512943164
2.575999999999938,5.226423071459939
2.5779999999999377,5.2261208728744
2.5799999999999375,5.225818531294663
2.5819999999999372,5.225516044567146
2.583999999999937,5.2252134223692766
2.585999999999937,5.2249106648955275
2.5879999999999366,5.224607757506529
2.5899999999999364,5.224304706331893
2.591999999999936,5.22400151187726
2.593999999999936,5.223698172501006
2.5959999999999357,5.223394697496368
2.5979999999999355,5.223091075023361
2.5999999999999353,5.222787311241952
2.601999999999935,5.2224834073687845
2.603999999999935,5.22217936491165
2.6059999999999346,5.2218751828567775
2.6079999999999344,5.221570859146702
2.609999999999934,5.221266391721921
2.611999999999934,5.220961790294938
2.6139999999999337,5.220657043590487
2.6159999999999335,5.2203521628951535
2.6179999999999333,5.220047164693604
2.619999999999933,5.219742054965313
2.621999999999933,5.219436833080298
2.6239999999999326,5.21913149621211
2.6259999999999324,5.218826052659688
2.627999999999932,5.2185204897039075
2.629999999999932,5.218214812834647
2.6319999999999317,5.217909009598889
2.6339999999999315,5.2176030867661245
2.6359999999999313,5.217297044694078
2.637999999999931,5.21699088128134
2.639999999999931,5.216684593875755
2.6419999999999306,5.216378180058989
2.6439999999999304,5.216071649344305
2.64599999999993,5.215764990269124
2.64799999999993,5.215458209382425
2.6499999999999297,5.215151306427586
2.6519999999999295,5.214844278708161
2.6539999999999293,5.214537346637891
2.655999999999929,5.2142304673862565
2.657999999999929,5.213923524840423
2.6599999999999286,5.2136164512229435
2.6619999999999284,5.213309244452562
2.663999999999928,5.213001891392752
2.665999999999928,5.212694389222982
2.6679999999999278,5.212386750624615
2.6699999999999275,5.212078967969546
2.6719999999999273,5.211771050943666
2.673999999999927,5.211463001622126
2.675999999999927,5.2111548188858565
2.6779999999999267,5.210846500632788
2.6799999999999264,5.210538044785217
2.681999999999926,5.210229461055757
2.683999999999926,5.209920749622034
2.685999999999926,5.209611892329129
2.6879999999999256,5.209302905544119
2.6899999999999253,5.208993784556512
2.691999999999925,5.208684525532038
2.693999999999925,5.208375125705087
2.6959999999999247,5.208065594638277
2.6979999999999245,5.207755921127969
2.6999999999999242,5.207446112003665
2.701999999999924,5.207136167359298
2.703999999999924,5.206826084841569
2.7059999999999236,5.2065158616904545
2.7079999999999234,5.206205495529585
2.709999999999923,5.2058949960268635
2.711999999999923,5.205584351940822
2.7139999999999227,5.205273570072707
2.7159999999999225,5.20496263902591
2.7179999999999223,5.204651566497459
2.719999999999922,5.204340354680609
2.721999999999922,5.204029026442922
2.7239999999999216,5.203717579951173
2.7259999999999214,5.203406012856657
2.727999999999921,5.203094334593142
2.729999999999921,5.202782545041848
2.7319999999999207,5.202470629142764
2.7339999999999205,5.202158592780206
2.7359999999999203,5.201846436224971
2.73799999999992,5.201534169118198
2.73999999999992,5.201221779147833
2.7419999999999196,5.200909260406958
2.7439999999999194,5.200596621900334
2.745999999999919,5.200283852745545
2.747999999999919,5.199970960401404
2.7499999999999187,5.19965795147817
2.7519999999999185,5.199344818780637
2.7539999999999183,5.199031557773814
2.755999999999918,5.198718165712523
2.757999999999918,5.198404654371711
2.7599999999999176,5.198091016051334
2.7619999999999174,5.197777259182092
2.763999999999917,5.1974633842354665
2.765999999999917,5.197149388694616
2.7679999999999167,5.196835269419717
2.7699999999999165,5.196521023623478
2.7719999999999163,5.1962066491325
2.773999999999916,5.1958921443472255
2.775999999999916,5.195577519652958
2.7779999999999156,5.195262764157225
2.7799999999999154,5.1949478849087924
2.781999999999915,5.194632882029831
2.783999999999915,5.194317753101946
2.7859999999999148,5.194002495239224
2.7879999999999145,5.193687117498046
2.7899999999999143,5.193371607904707
2.791999999999914,5.193055961216142
2.793999999999914,5.192740187170095
2.7959999999999137,5.192424286950337
2.7979999999999134,5.192108258421546
2.7999999999999132,5.191792098659968
2.801999999999913,5.191475805031676
2.803999999999913,5.191159375477966
2.8059999999999126,5.190842820112829
2.8079999999999123,5.190526127845927
2.809999999999912,5.19020930570089
2.811999999999912,5.18989236438995
2.8139999999999117,5.189575292396207
2.8159999999999115,5.189258083433278
2.8179999999999112,5.188940734340646
2.819999999999911,5.1886232436680215
2.821999999999911,5.188305622430713
2.8239999999999106,5.1879878603132745
2.8259999999999104,5.187669965753853
2.82799999999991,5.187351950142204
2.82999999999991,5.187033820877234
2.8319999999999097,5.186715578581361
2.8339999999999095,5.186397221320874
2.8359999999999093,5.18607875819964
2.837999999999909,5.185760176812756
2.839999999999909,5.185441483081032
2.8419999999999086,5.1851226762993194
2.8439999999999084,5.18480374184085
2.845999999999908,5.18448468654746
2.847999999999908,5.18416551153439
2.8499999999999077,5.183846215571222
2.8519999999999075,5.183526808418127
2.8539999999999073,5.183207278154215
2.855999999999907,5.182887631126549
2.857999999999907,5.18256785535892
2.8599999999999066,5.182247958217353
2.8619999999999064,5.181927940463021
2.863999999999906,5.181607800299372
2.865999999999906,5.18128753533322
2.8679999999999057,5.180967143387458
2.8699999999999055,5.180646634421791
2.8719999999999053,5.180325997051974
2.873999999999905,5.180005238169267
2.875999999999905,5.179684357799339
2.8779999999999046,5.1793633534903805
2.8799999999999044,5.179042222363916
2.881999999999904,5.178720961952684
2.883999999999904,5.178399570382578
2.8859999999999038,5.178078046327168
2.8879999999999035,5.177756400566204
2.8899999999999033,5.177434634020076
2.891999999999903,5.177112732184068
2.893999999999903,5.176790701636972
2.8959999999999027,5.1764685431499196
2.8979999999999024,5.17614625522519
2.899999999999902,5.175823847550128
2.901999999999902,5.175501308149767
2.9039999999999018,5.17517864342833
2.9059999999999016,5.174855841339962
2.9079999999999013,5.174532909372451
2.909999999999901,5.174209848687797
2.911999999999901,5.173886660289713
2.9139999999999007,5.173563344018658
2.9159999999999004,5.173239910263752
2.9179999999999002,5.17291634732744
2.9199999999999,5.1725926617065205
2.9219999999999,5.172269077188105
2.9239999999998996,5.1719455436289925
2.9259999999998993,5.171621938199604
2.927999999999899,5.171298215669315
2.929999999999899,5.170974356038436
2.9319999999998987,5.17065035241689
2.9339999999998985,5.170326205649523
2.9359999999998982,5.170001928775693
2.937999999999898,5.169677530013586
2.939999999999898,5.169353012653654
2.9419999999998976,5.169028389236766
2.9439999999998974,5.16870366106014
2.945999999999897,5.1683788133695625
2.947999999999897,5.168053852241471
2.9499999999998967,5.167728777953517
2.9519999999998965,5.167403588570963
2.9539999999998963,5.167078281701433
2.955999999999896,5.166752866916083
2.957999999999896,5.1664273323988406
2.9599999999998956,5.166101684722646
2.9619999999998954,5.1657759120001385
2.963999999999895,5.165450021736199
2.965999999999895,5.165124014814173
2.9679999999998947,5.1647978895078905
2.9699999999998945,5.1644716434608675
2.9719999999998943,5.164145274520919
2.973999999999894,5.163818792711454
2.975999999999894,5.163492186627457
2.9779999999998936,5.163165463184322
2.9799999999998934,5.162838622426402
2.981999999999893,5.1625116501500425
2.983999999999893,5.162184553622168
2.9859999999998927,5.161857334263191
2.9879999999998925,5.161530002822194
2.9899999999998923,5.1612025474317935
2.991999999999892,5.1608749625105315
2.993999999999892,5.160547257587492
2.9959999999998916,5.160219433642062
2.9979999999998914,5.159891488453427
2.999999999999891,5.159563419036835
3.001999999999891,5.159235222708867
3.0039999999998908,5.1589068974159655
3.0059999999998905,5.15857844170326
3.0079999999998903,5.158249866364136
3.00999999999989,5.157921160549595
3.01199999999989,5.157592331663621
3.0139999999998897,5.157263380092776
3.0159999999998894,5.15693430361517
3.017999999999889,5.156605099520695
3.019999999999889,5.156275765466951
3.0219999999998888,5.155946299689479
3.0239999999998886,5.155616712770553
3.0259999999998883,5.155286993697972
3.027999999999888,5.154957149805422
3.029999999999888,5.154627181451715
3.0319999999998877,5.1542970864215185
3.0339999999998875,5.153966862034051
3.0359999999998872,5.153636505975524
3.037999999999887,5.153306016524635
3.039999999999887,5.152975404326699
3.0419999999998866,5.1526446706557545
3.0439999999998864,5.152313808585306
3.045999999999886,5.151982832505732
3.047999999999886,5.1516517459977536
3.0499999999998857,5.151320548018324
3.0519999999998855,5.150989236034743
3.0539999999998853,5.150657819295135
3.055999999999885,5.150326285416849
3.057999999999885,5.149994640690406
3.0599999999998846,5.1496628728399845
3.0619999999998844,5.149330990714255
3.063999999999884,5.1489989974510255
3.065999999999884,5.148666892231223
3.0679999999998837,5.148334672874463
3.0699999999998835,5.1480023370991095
3.0719999999998833,5.14766989485751
3.073999999999883,5.147337334436147
3.075999999999883,5.147004662665131
3.0779999999998826,5.146671867597163
3.0799999999998824,5.146338956913988
3.081999999999882,5.1460059315952815
3.083999999999882,5.1456727899679615
3.0859999999998817,5.145339529705336
3.0879999999998815,5.145006148670852
3.0899999999998813,5.144672657074666
3.091999999999881,5.144339043413283
3.093999999999881,5.1440053147286395
3.0959999999998806,5.143671471120549
3.0979999999998804,5.14333751014974
3.09999999999988,5.143003417020272
3.10199999999988,5.142669211426667
3.1039999999998797,5.142334885194603
3.1059999999998795,5.142000433924867
3.1079999999998793,5.141665867354084
3.109999999999879,5.141331174211375
3.111999999999879,5.140996362022522
3.1139999999998786,5.14066143135474
3.1159999999998784,5.140326380129623
3.117999999999878,5.139991205737653
3.119999999999878,5.139655905875279
3.1219999999998778,5.139320478795316
3.1239999999998775,5.138984935222631
3.1259999999998773,5.138649264029254
3.127999999999877,5.138313472616731
3.129999999999877,5.137977561337682
3.1319999999998767,5.1376415159868305
3.1339999999998764,5.137305344122232
3.135999999999876,5.136969059341544
3.137999999999876,5.136632650502254
3.139999999999876,5.136296112128417
3.1419999999998756,5.135959453785576
3.1439999999998753,5.135622676287777
3.145999999999875,5.13528576515902
3.147999999999875,5.134948727556652
3.1499999999998747,5.134611564717411
3.1519999999998745,5.13427427600123
3.1539999999998742,5.133936878838718
3.155999999999874,5.133599367707854
3.157999999999874,5.133261751490676
3.1599999999998736,5.132924018229748
3.1619999999998734,5.132586175105184
3.163999999999873,5.132248222476688
3.165999999999873,5.131910158099102
3.1679999999998727,5.1315719792109
3.1699999999998725,5.1312336833857595
3.1719999999998723,5.130895268748134
3.173999999999872,5.130556745973689
3.175999999999872,5.130218103773998
3.1779999999998716,5.129879596985071
3.1799999999998714,5.129541139987182
3.181999999999871,5.129202630567223
3.183999999999871,5.128864005407883
3.1859999999998707,5.128525252304336
3.1879999999998705,5.1281863676950366
3.1899999999998703,5.127847351764457
3.19199999999987,5.1275082059363735
3.19399999999987,5.127168931702026
3.1959999999998696,5.126829530200739
3.1979999999998694,5.126490002151331
3.199999999999869,5.126150359888887
3.201999999999869,5.125810605212382
3.2039999999998687,5.12547072376576
3.2059999999998685,5.125130722457022
3.2079999999998683,5.1247906022165015
3.209999999999868,5.124450362314804
3.211999999999868,5.124110014722935
3.2139999999998676,5.123769548238445
3.2159999999998674,5.123428957638582
3.217999999999867,5.1230882528852275
3.219999999999867,5.1227474351192415
3.2219999999998667,5.12240650206632
3.2239999999998665,5.1220654386568105
3.2259999999998663,5.1217242644951355
3.227999999999866,5.121382971167072
3.229999999999866,5.121041554109017
3.2319999999998656,5.120700011037119
3.2339999999998654,5.1203583529287915
3.235999999999865,5.12001658105706
3.237999999999865,5.119674680898891
3.2399999999998648,5.119332658731894
3.2419999999998645,5.118990511938117
3.2439999999998643,5.118648247449402
3.245999999999864,5.118305873140239
3.247999999999864,5.117963375754305
3.2499999999998637,5.117620761422971
3.2519999999998634,5.1172780177062736
3.2539999999998632,5.116935152290487
3.255999999999863,5.116592166265392
3.257999999999863,5.11624905812127
3.2599999999998626,5.115905825709615
3.2619999999998623,5.115562467138156
3.263999999999862,5.11521899595397
3.265999999999862,5.114875408102153
3.2679999999998617,5.114531714358724
3.2699999999998615,5.114187903763184
3.2719999999998612,5.113843984112098
3.273999999999861,5.113499956024778
3.275999999999861,5.1131558173729115
3.2779999999998606,5.112811565436726
3.2799999999998604,5.112467197791748
3.28199999999986,5.11212272473644
3.28399999999986,5.1117781346415265
3.2859999999998597,5.1114334346637635
3.2879999999998595,5.111088624924758
3.2899999999998593,5.110743690852565
3.291999999999859,5.110398639928338
3.293999999999859,5.110053473680559
3.2959999999998586,5.109708203263815
3.2979999999998584,5.109362816575037
3.299999999999858,5.109017307902042
3.301999999999858,5.108671687085981
3.3039999999998577,5.108325943069538
3.3059999999998575,5.107980083958289
3.3079999999998573,5.107634110735002
3.309999999999857,5.107288021599099
3.311999999999857,5.106941814100818
3.3139999999998566,5.106595486022806
3.3159999999998564,5.106249047807814
3.317999999999856,5.105902487825512
3.319999999999856,5.105555813347802
3.3219999999998557,5.10520901244683
3.3239999999998555,5.104862093194579
3.3259999999998553,5.104515056838668
3.327999999999855,5.104167901903563
3.329999999999855,5.10382062621769
3.3319999999998546,5.103473227791773
3.3339999999998544,5.103125717256474
3.335999999999854,5.102778083073314
3.337999999999854,5.102430332605845
3.3399999999998538,5.102082466157019
3.3419999999998535,5.1017344814157495
3.3439999999998533,5.10138637560768
3.345999999999853,5.101038146347276
3.347999999999853,5.1006897918638
3.3499999999998527,5.100341310940796
3.3519999999998524,5.099992715001613
3.353999999999852,5.099643993091279
3.355999999999852,5.099295153499798
3.3579999999998518,5.098946198514342
3.3599999999998515,5.098597126902424
3.3619999999998513,5.0982479362236885
3.363999999999851,5.09789862408237
3.365999999999851,5.09754918857155
3.3679999999998507,5.097199640548237
3.3699999999998504,5.0968499686030695
3.3719999999998502,5.096500180265416
3.37399999999985,5.096150275924973
3.37599999999985,5.095800256125796
3.3779999999998496,5.09545012445525
3.3799999999998493,5.095099881397832
3.381999999999849,5.094749525809381
3.383999999999849,5.094399056170878
3.3859999999998487,5.09404848332544
3.3879999999998485,5.0936978078993755
3.3899999999998482,5.093347014404789
3.391999999999848,5.0929961093809375
3.393999999999848,5.0926450934747365
3.3959999999998476,5.092293965029422
3.3979999999998474,5.091942721859893
3.399999999999847,5.091591361995356
3.401999999999847,5.091239896174868
3.4039999999998467,5.090888312760736
3.4059999999998465,5.090536619129952
3.4079999999998463,5.090184803234111
3.409999999999846,5.089832873181082
3.411999999999846,5.089480830196649
3.4139999999998456,5.089128672735131
3.4159999999998454,5.088776398546643
3.417999999999845,5.088424017861226
3.419999999999845,5.088071518517234
3.4219999999998447,5.087719065205612
3.4239999999998445,5.0873667181730635
3.4259999999998443,5.087014333955209
3.427999999999844,5.086661855484487
3.429999999999844,5.086309243912747
3.4319999999998436,5.085956499516458
3.4339999999998434,5.08560362416455
3.435999999999843,5.085250607594231
3.437999999999843,5.0848974618523215
3.4399999999998427,5.084544210059999
3.4419999999998425,5.0841908384334475
3.4439999999998423,5.083837340883136
3.445999999999842,5.083483727586001
3.447999999999842,5.083129987781044
3.4499999999998416,5.082776130039545
3.4519999999998414,5.082422155703314
3.453999999999841,5.082068063226017
3.455999999999841,5.0817138503858805
3.4579999999998408,5.081359515152926
3.4599999999998405,5.081005055933918
3.4619999999998403,5.080650483897933
3.46399999999984,5.080295800075752
3.46599999999984,5.079940989347238
3.4679999999998397,5.079586058595927
3.4699999999998394,5.079231008775602
3.471999999999839,5.078875838489255
3.473999999999839,5.078520545787093
3.4759999999998388,5.0781651288939065
3.4779999999998386,5.077809598774584
3.4799999999998383,5.077453943960313
3.481999999999838,5.077098172025871
3.483999999999838,5.076742283397238
3.4859999999998377,5.076386275839856
3.4879999999998375,5.076030147199209
3.4899999999998372,5.075673900788501
3.491999999999837,5.075317538493133
3.493999999999837,5.0749610602034
3.4959999999998366,5.074604477449006
3.4979999999998364,5.0742477910753445
3.499999999999836,5.073890986053812
3.501999999999836,5.0735340702914495
3.5039999999998357,5.073177045041545
3.5059999999998355,5.072819908765048
3.5079999999998353,5.072462659192766
3.509999999999835,5.072105294215872
3.511999999999835,5.071747824539145
3.5139999999998346,5.0713902383689335
3.5159999999998344,5.0710325430707535
3.517999999999834,5.070674726465116
3.519999999999834,5.0703167966935
3.5219999999998337,5.069958754982527
3.5239999999998335,5.069600599779586
3.5259999999998333,5.069242328816282
3.527999999999833,5.068883952402033
3.529999999999833,5.068525458304163
3.5319999999998326,5.068166853588865
3.5339999999998324,5.067808125848083
3.535999999999832,5.067449283123035
3.537999999999832,5.067090326601332
3.5399999999998317,5.066731254727825
3.5419999999998315,5.066372065253889
3.5439999999998313,5.066012756116105
3.545999999999831,5.0656533257062994
3.547999999999831,5.065293785318166
3.5499999999998306,5.064934123592268
3.5519999999998304,5.064574348364268
3.55399999999983,5.064214460152441
3.55599999999983,5.063854456713238
3.5579999999998297,5.063494335247853
3.5599999999998295,5.063134093323951
3.5619999999998293,5.062773729111701
3.563999999999829,5.062413241347628
3.565999999999829,5.062052641671503
3.5679999999998286,5.061691918923624
3.5699999999998284,5.061331081048939
3.571999999999828,5.060970128737756
3.573999999999828,5.060609059952765
3.5759999999998278,5.060247872013587
3.5779999999998275,5.059886562545774
3.5799999999998273,5.059525129747083
3.581999999999827,5.059163584879455
3.583999999999827,5.058801916488511
3.5859999999998267,5.058440132377402
3.5879999999998264,5.058078233073642
3.589999999999826,5.057716216371624
3.591999999999826,5.057354079527018
3.593999999999826,5.056991820164313
3.5959999999998256,5.056629436508396
3.5979999999998253,5.0562669398847335
3.599999999999825,5.055904318852751
3.601999999999825,5.055541582854235
3.6039999999998247,5.055178724899762
3.6059999999998245,5.054815755872434
3.6079999999998242,5.054452677813562
3.609999999999824,5.054089489140963
3.611999999999824,5.053726199800828
3.6139999999998236,5.053362796637057
3.6159999999998234,5.052999273487827
3.617999999999823,5.052635640480508
3.619999999999823,5.0522718863098275
3.6219999999998227,5.051908019418528
3.6239999999998225,5.051544040948724
3.6259999999998223,5.051179949147486
3.627999999999822,5.050815741552918
3.629999999999822,5.050451415915743
3.6319999999998216,5.050086983073031
3.6339999999998214,5.049722431080476
3.635999999999821,5.049357767459217
3.637999999999821,5.048992979922655
3.6399999999998207,5.04862807680702
3.6419999999998205,5.0482630601655805
3.6439999999998203,5.047897929599353
3.64599999999982,5.047532683372372
3.64799999999982,5.047167319526318
3.6499999999998196,5.046801848990833
3.6519999999998194,5.0464362597615935
3.653999999999819,5.0460705593152095
3.655999999999819,5.045704976558189
3.6579999999998187,5.045339460097533
3.6599999999998185,5.044973896318647
3.6619999999998183,5.044608215984719
3.663999999999818,5.044242405315329
3.665999999999818,5.043876460701641
3.6679999999998176,5.043510382888855
3.6699999999998174,5.043144174005263
3.671999999999817,5.042777836190337
3.673999999999817,5.042411371105269
3.6759999999998167,5.042044792421896
3.6779999999998165,5.041678090096319
3.6799999999998163,5.041311272792084
3.681999999999816,5.040944341467228
3.683999999999816,5.0405772940911575
3.6859999999998156,5.0402101279539675
3.6879999999998154,5.039842840642391
3.689999999999815,5.039475430338519
3.691999999999815,5.039107908372015
3.6939999999998148,5.038740263216699
3.6959999999998145,5.038372502726984
3.6979999999998143,5.038004614838723
3.699999999999814,5.0376366080526305
3.701999999999814,5.037268483841463
3.7039999999998137,5.036900253438598
3.7059999999998134,5.0365319039889656
3.7079999999998132,5.03616342927285
3.709999999999813,5.035794839352636
3.711999999999813,5.035426122770903
3.7139999999998126,5.035057287973963
3.7159999999998123,5.0346883376377995
3.717999999999812,5.034319274341718
3.719999999999812,5.0339500978616085
3.7219999999998117,5.0335808065729655
3.7239999999998115,5.0332113986372145
3.7259999999998112,5.0328418851396854
3.727999999999811,5.032472254123305
3.729999999999811,5.0321025131277874
3.7319999999998106,5.031732649757733
3.7339999999998104,5.031362672317235
3.73599999999981,5.030992582130398
3.73799999999981,5.030622377769522
3.7399999999998097,5.030252069709089
3.7419999999998095,5.0298816450989134
3.7439999999998093,5.029511098035231
3.745999999999809,5.0291404389880086
3.747999999999809,5.028769669396271
3.7499999999998086,5.028398774438242
3.7519999999998084,5.028027761884399
3.753999999999808,5.027656633281242
3.755999999999808,5.027285387569802
3.7579999999998077,5.026914035662574
3.7599999999998075,5.026542565039106
3.7619999999998073,5.026170970057405
3.763999999999807,5.025799261404823
3.765999999999807,5.025427440663027
3.7679999999998066,5.025055505789957
3.7699999999998064,5.024683441111818
3.771999999999806,5.024311267477992
3.773999999999806,5.023938976307773
3.7759999999998057,5.023566562929464
3.7779999999998055,5.023194025032503
3.7799999999998053,5.022821374447218
3.781999999999805,5.022448613685023
3.783999999999805,5.022075728174041
3.7859999999998046,5.02170272551991
3.7879999999998044,5.02132960694218
3.789999999999804,5.020956371070631
3.791999999999804,5.02058302863748
3.7939999999998038,5.020209566910355
3.7959999999998035,5.019835980132223
3.7979999999998033,5.0194622789951655
3.799999999999803,5.019088465077399
3.801999999999803,5.018714536320704
3.8039999999998027,5.018340476985855
3.8059999999998024,5.017966308020306
3.807999999999802,5.017592020830231
3.809999999999802,5.0172176107335344
3.8119999999998018,5.016843075422094
3.8139999999998015,5.016468426703575
3.8159999999998013,5.016093666181717
3.817999999999801,5.01571877861591
3.819999999999801,5.01534377149833
3.8219999999998007,5.014968646096471
3.8239999999998004,5.014593401168756
3.8259999999998002,5.014218047624138
3.8279999999998,5.013842572854608
3.8299999999998,5.013466972142536
3.8319999999997996,5.013091260161284
3.8339999999997993,5.0127154404790115
3.835999999999799,5.012339511528713
3.837999999999799,5.0119634573611105
3.8399999999997987,5.011587298662146
3.8419999999997985,5.011211026408696
3.8439999999997982,5.010834635567786
3.845999999999798,5.010458123546044
3.847999999999798,5.01008150199636
3.8499999999997976,5.009704759500053
3.8519999999997974,5.009327904414828
3.853999999999797,5.0089509375596295
3.855999999999797,5.008573856843931
3.8579999999997967,5.00819665952276
3.8599999999997965,5.007819343153198
3.8619999999997963,5.007441918766104
3.863999999999796,5.007064374133416
3.865999999999796,5.006686716991986
3.8679999999997956,5.0063089349764835
3.8699999999997954,5.005931036729936
3.871999999999795,5.005553023717659
3.873999999999795,5.0051748944797625
3.8759999999997947,5.0047966467809974
3.8779999999997945,5.004418351937849
3.8799999999997943,5.004040227522483
3.881999999999794,5.003662098899407
3.883999999999794,5.003283878000346
3.8859999999997936,5.00290552622741
3.8879999999997934,5.002527030828501
3.889999999999793,5.002148403845029
3.891999999999793,5.001769650881578
3.8939999999997927,5.001390761175763
3.8959999999997925,5.001011746007582
3.8979999999997923,5.000632609378658
3.899999999999792,5.000253351822911
3.901999999999792,4.999873985363197
3.9039999999997916,4.999494497910295
3.9059999999997914,4.9991148969272166
3.907999999999791,4.998735169598705
3.909999999999791,4.998355324218632
3.9119999999997908,4.9979753620798855
3.9139999999997905,4.997595281654677
3.9159999999997903,4.997215080719135
3.91799999999979,4.996834757806213
3.91999999999979,4.996454312160274
3.9219999999997897,4.9960737559088
3.9239999999997894,4.99569307745909
3.925999999999789,4.995312284884191
3.927999999999789,4.994931378742741
3.9299999999997888,4.994550356736573
3.9319999999997886,4.994169216017539
3.9339999999997883,4.993787954094372
3.935999999999788,4.9934065691200455
3.937999999999788,4.9930250598432036
3.9399999999997877,4.992643438423598
3.9419999999997875,4.992261706376887
3.9439999999997872,4.991879848489756
3.945999999999787,4.991497875467136
3.947999999999787,4.991115790203038
3.9499999999997866,4.990733591766197
3.9519999999997864,4.990351278018309
3.953999999999786,4.989968859765623
3.955999999999786,4.989586324262416
3.9579999999997857,4.989203678813787
3.9599999999997855,4.988820910457716
3.9619999999997852,4.988438027531291
3.963999999999785,4.9880550313202825
3.965999999999785,4.98767192026187
3.9679999999997846,4.987288692053786
3.9699999999997844,4.9869053445856535
3.971999999999784,4.986521889223747
3.973999999999784,4.986138313800623
3.9759999999997837,4.985754626178496
3.9779999999997835,4.985370813758747
3.9799999999997833,4.9849868851800885
3.981999999999783,4.984602841926687
3.983999999999783,4.984218682560562
3.9859999999997826,4.9838344048732015
3.9879999999997824,4.983450019843303
3.989999999999782,4.983065514853306
3.991999999999782,4.982680884390773
3.9939999999997817,4.982296139685669
3.9959999999997815,4.981911282634915
3.9979999999997813,4.981526311353499
3.999999999999781,4.981141222958329
4.001999999999781,4.980756014798627
4.003999999999781,4.980370684841373
4.005999999999781,4.979985231696537
4.007999999999781,4.9795996676403815
4.00999999999978,4.979213981185631
4.01199999999978,4.978828180741019
4.01399999999978,4.978442267074241
4.01599999999978,4.978056238155635
4.0179999999997795,4.977670091393437
4.019999999999779,4.9772838244210424
4.021999999999779,4.976897435446774
4.023999999999779,4.9765109363593405
4.025999999999779,4.97612431531758
4.027999999999778,4.975737580569177
4.029999999999778,4.9753507196810105
4.031999999999778,4.974963741561164
4.033999999999778,4.974576647863966
4.0359999999997775,4.974189437286701
4.037999999999777,4.973802120857798
4.039999999999777,4.973414685523776
4.041999999999777,4.973027125345385
4.043999999999777,4.972639451341515
4.045999999999776,4.972251665257785
4.047999999999776,4.9718637519625934
4.049999999999776,4.971475719673242
4.051999999999776,4.9710875706271525
4.053999999999776,4.970699304501735
4.055999999999775,4.970310932982847
4.057999999999775,4.969922443979157
4.059999999999775,4.9695338476433
4.061999999999775,4.9691451321092694
4.0639999999997745,4.968756306081399
4.065999999999774,4.9683673707290525
4.067999999999774,4.967978324214065
4.069999999999774,4.967589163977
4.071999999999774,4.967199887690142
4.073999999999773,4.966810493582337
4.075999999999773,4.966420993629394
4.077999999999773,4.966031375873927
4.079999999999773,4.965641648579975
4.0819999999997725,4.9652517991823055
4.083999999999772,4.964861836584457
4.085999999999772,4.964471762396061
4.087999999999772,4.964081575251404
4.089999999999772,4.963691272970527
4.091999999999771,4.963301112461459
4.093999999999771,4.962911020011955
4.095999999999771,4.962520872812888
4.097999999999771,4.96213061270062
4.0999999999997705,4.96174021689355
4.10199999999977,4.961349693313951
4.10399999999977,4.9609590330369455
4.10599999999977,4.960568249227766
4.10799999999977,4.960177347168972
4.109999999999769,4.959786328204459
4.111999999999769,4.959395191988335
4.113999999999769,4.959003937637211
4.115999999999769,4.958612564265819
4.1179999999997685,4.958221071182091
4.119999999999768,4.957829471143014
4.121999999999768,4.957437765946502
4.123999999999768,4.9570459398588325
4.125999999999768,4.956654000485988
4.127999999999767,4.956261949122155
4.129999999999767,4.955869784538188
4.131999999999767,4.955477504867687
4.133999999999767,4.955085108417628
4.1359999999997665,4.954692607176073
4.137999999999766,4.954299989167294
4.139999999999766,4.953907262719007
4.141999999999766,4.953514428586562
4.143999999999766,4.953121484655388
4.145999999999765,4.952728428242132
4.147999999999765,4.952335257048975
4.149999999999765,4.951941969425551
4.151999999999765,4.951548564335641
4.1539999999997645,4.95115504122277
4.155999999999764,4.9507614131399755
4.157999999999764,4.950367682156015
4.159999999999764,4.949973832692723
4.161999999999764,4.949579872591998
4.1639999999997634,4.949185803344374
4.165999999999763,4.948791624033737
4.167999999999763,4.948397333127353
4.169999999999763,4.948002942579103
4.171999999999763,4.947608441978676
4.173999999999762,4.947213841013037
4.175999999999762,4.946819127414578
4.177999999999762,4.946424310144343
4.179999999999762,4.946029390740785
4.1819999999997615,4.945634367919021
4.183999999999761,4.945239240169643
4.185999999999761,4.944844005837547
4.187999999999761,4.944448663528168
4.189999999999761,4.944053212288094
4.19199999999976,4.943657664895862
4.19399999999976,4.943262009839648
4.19599999999976,4.942866255920944
4.19799999999976,4.942470404193996
4.1999999999997595,4.942074452756499
4.201999999999759,4.94167839907144
4.203999999999759,4.941282240967043
4.205999999999759,4.940885976920341
4.207999999999759,4.940489606028039
4.209999999999758,4.9400931278821965
4.211999999999758,4.939696555816649
4.213999999999758,4.939299878710199
4.215999999999758,4.938903105731512
4.2179999999997575,4.93850623823594
4.219999999999757,4.9381092745646225
4.221999999999757,4.937712212405942
4.223999999999757,4.937315049800138
4.225999999999757,4.936917785437065
4.227999999999756,4.936520418627858
4.229999999999756,4.936122962611415
4.231999999999756,4.93572540623968
4.233999999999756,4.935327758797471
4.2359999999997555,4.934930008349178
4.237999999999755,4.934532164737701
4.239999999999755,4.9341342304138305
4.241999999999755,4.933736204792563
4.243999999999755,4.93333808647468
4.245999999999754,4.9329398742323365
4.247999999999754,4.9325415673348685
4.249999999999754,4.932143165567829
4.251999999999754,4.93174468262484
4.2539999999997535,4.931346107699054
4.255999999999753,4.930947450458886
4.257999999999753,4.930548712788202
4.259999999999753,4.93014988007235
4.261999999999753,4.929750961941319
4.263999999999752,4.929351961620245
4.265999999999752,4.928952879606489
4.267999999999752,4.928553715683603
4.269999999999752,4.928154469704687
4.2719999999997516,4.9277551553214
4.273999999999751,4.927355761675595
4.275999999999751,4.926956285073088
4.277999999999751,4.926556739033357
4.279999999999751,4.926157113881369
4.2819999999997505,4.925757422124232
4.28399999999975,4.925357668765089
4.28599999999975,4.924957840955717
4.28799999999975,4.924557949458781
4.28999999999975,4.924157998289076
4.291999999999749,4.9237579885916665
4.293999999999749,4.923357968584908
4.295999999999749,4.92295819119118
4.297999999999749,4.922558483726979
4.2999999999997485,4.922158758274109
4.301999999999748,4.921758962884046
4.303999999999748,4.921359096956826
4.305999999999748,4.92095916585066
4.307999999999748,4.920559176656799
4.309999999999747,4.920159136610197
4.311999999999747,4.919759052273733
4.313999999999747,4.919358929197444
4.315999999999747,4.9189587723204005
4.3179999999997465,4.918558586387721
4.319999999999746,4.918158375896623
4.321999999999746,4.917758158846638
4.323999999999746,4.91735792845335
4.325999999999746,4.916957684973555
4.327999999999745,4.916557432386455
4.329999999999745,4.91615719008327
4.331999999999745,4.915756953376232
4.333999999999745,4.915356724834647
4.3359999999997445,4.914956510766962
4.337999999999744,4.914556319302901
4.339999999999744,4.914156173039931
4.341999999999744,4.913756070125224
4.343999999999744,4.913356015979676
4.345999999999743,4.912956019996485
4.347999999999743,4.912556093748247
4.349999999999743,4.912156250147755
4.351999999999743,4.911756503262097
4.3539999999997425,4.911356854639686
4.355999999999742,4.910957332004667
4.357999999999742,4.9105579576948095
4.359999999999742,4.910158738756331
4.361999999999742,4.90975969430005
4.363999999999741,4.909360850110596
4.365999999999741,4.908962236145198
4.367999999999741,4.908563885799575
4.369999999999741,4.908165822516255
4.3719999999997405,4.907768085747052
4.37399999999974,4.907370725401291
4.37599999999974,4.906973786387619
4.37799999999974,4.906577334396903
4.37999999999974,4.906181451413212
4.381999999999739,4.905786222431549
4.383999999999739,4.905391751075091
4.385999999999739,4.904998173098754
4.387999999999739,4.904605682322995
4.3899999999997386,4.90421451040794
4.391999999999738,4.9038249929433935
4.393999999999738,4.903437628717968
4.395999999999738,4.903053181233419
4.397999999999738,4.902673042122625
4.3999999999997375,4.902300363164948
4.401999999999737,4.901960252836404
4.403999999999737,4.200273366638281
4.405999999999737,3.8257810896226836
4.407999999999737,3.6527358479672354
4.409999999999736,3.587938174794491
4.411999999999736,3.574404681673259
4.413999999999736,3.581785624473196
4.415999999999736,3.5954724745473583
4.4179999999997355,3.609152243872949
4.419999999999735,3.6204987084271503
4.421999999999735,3.629021419742224
4.423999999999735,3.6349494290011415
4.425999999999735,3.638774253491586
4.427999999999734,3.640971483910061
4.429999999999734,3.6419612511458523
4.431999999999734,3.64207929274204
4.433999999999734,3.641580183989924
4.4359999999997335,3.6406531286380424
4.437999999999733,3.639428036509052
4.439999999999733,3.6379974616082524
4.441999999999733,3.6364263867589064
4.443999999999733,3.634759933488477
4.445999999999732,3.633029172691734
4.447999999999732,3.6312553676218275
4.449999999999732,3.629452989068306
4.451999999999732,3.6276318410935557
4.4539999999997315,3.6257985492399363
4.455999999999731,3.62395757595306
4.457999999999731,3.62211192295904
4.459999999999731,3.620263605288143
4.461999999999731,3.618413966952442
4.46399999999973,3.616563912248561
4.46599999999973,3.614714041220214
4.46799999999973,3.612864755709131
4.46999999999973,3.6110163204427197
4.4719999999997295,3.609168917886189
4.473999999999729,3.6073226611184555
4.475999999999729,3.6054776275018368
4.477999999999729,3.6036338699472292
4.479999999999729,3.6017914245505196
4.481999999999728,3.599950315798199
4.483999999999728,3.59811055369842
4.485999999999728,3.596272141110047
4.487999999999728,3.594435090393587
4.4899999999997275,3.5925994026549604
4.491999999999727,3.590765080746178
4.493999999999727,3.588932121055685
4.495999999999727,3.587100524189489
4.497999999999727,3.5852702855277148
4.499999999999726,3.5834414117486504
4.501999999999726,3.581613899691048
4.503999999999726,3.5797877426006153
4.505999999999726,3.577962939472229
4.507999999999726,3.5761394913387172
4.509999999999725,3.5743173995837174
4.511999999999725,3.5724966587594538
4.513999999999725,3.570677261274288
4.515999999999725,3.568859212457578
4.5179999999997245,3.567042508540793
4.519999999999724,3.5652271425159734
4.521999999999724,3.5634131198136374
4.523999999999724,3.5616004365500906
4.525999999999724,3.5597890920420654
4.527999999999723,3.557979080107418
4.529999999999723,3.5561703995294107
4.531999999999723,3.5543630508480364
4.533999999999723,3.5525570283752286
4.5359999999997225,3.550752331048582
4.537999999999722,3.5489489594053363
4.539999999999722,3.547146907683482
4.541999999999722,3.5453461747295925
4.543999999999722,3.543546760992248
4.545999999999721,3.541748660620069
4.547999999999721,3.5399518723808905
4.549999999999721,3.5381563966570515
4.551999999999721,3.5363622340748377
4.5539999999997205,3.534569378400622
4.55599999999972,3.532777827863255
4.55799999999972,3.5309875757479663
4.55999999999972,3.5291986205960875
4.56199999999972,3.5274109628180104
4.563999999999719,3.525624603147909
4.565999999999719,3.523839535452826
4.567999999999719,3.522055758029036
4.569999999999719,3.5202732707560656
4.5719999999997185,3.5184920737887144
4.573999999999718,3.5167121604502514
4.575999999999718,3.5149335285799665
4.577999999999718,3.5131561711058295
4.579999999999718,3.5113800928244023
4.581999999999717,3.5096052889014784
4.583999999999717,3.5078317576959632
4.585999999999717,3.506059492060533
4.587999999999717,3.5042884964920487
4.5899999999997165,3.5025187657891306
4.591999999999716,3.5007502913773103
4.593999999999716,3.498983077314425
4.595999999999716,3.497217118393505
4.597999999999716,3.495452412750042
4.599999999999715,3.493688959654372
4.601999999999715,3.49192674724272
4.603999999999715,3.490165781133133
4.605999999999715,3.4884060585567953
4.6079999999997145,3.48664757805908
4.609999999999714,3.4848903319771702
4.611999999999714,3.4831343239707873
4.613999999999714,3.481379547955073
4.615999999999714,3.4796259945071535
4.6179999999997134,3.4778736668790082
4.619999999999713,3.4761225591415448
4.621999999999713,3.4743726687577023
4.623999999999713,3.4726239943623125
4.625999999999713,3.4708765347506265
4.627999999999712,3.469130284527369
4.629999999999712,3.467385244901565
4.631999999999712,3.4656414072697452
4.633999999999712,3.463898768463639
4.6359999999997115,3.462157319863229
4.637999999999711,3.4604170644956556
4.639999999999711,3.4586779958285483
4.641999999999711,3.4569401105512982
4.643999999999711,3.455203406486203
4.64599999999971,3.4534678816359605
4.64799999999971,3.4517335272487863
4.64999999999971,3.4500003391219676
4.65199999999971,3.448268321288719
4.6539999999997095,3.4465374667820012
4.655999999999709,3.44480777127337
4.657999999999709,3.443079224917315
4.659999999999709,3.44135182944961
4.661999999999709,3.4396255772040654
4.663999999999708,3.4379004637814172
4.665999999999708,3.4361764924543654
4.667999999999708,3.43445365539647
4.669999999999708,3.4327319409265926
4.6719999999997075,3.4310113496650825
4.673999999999707,3.4292918797183614
4.675999999999707,3.4275735213604657
4.677999999999707,3.4258562688698824
4.679999999999707,3.424140124522471
4.681999999999706,3.4224250797972715
4.683999999999706,3.420711128823358
4.685999999999706,3.418998266784774
4.687999999999706,3.4172864891241064
4.6899999999997055,3.415575791211043
4.691999999999705,3.413866161871527
4.693999999999705,3.4121576007685666
4.695999999999705,3.4104500983048776
4.697999999999705,3.4087436543913614
4.699999999999704,3.407038259174737
4.701999999999704,3.405333912054195
4.703999999999704,3.403630602669261
4.705999999999704,3.401928323665786
4.7079999999997035,3.400227075167506
4.709999999999703,3.398526846778467
4.711999999999703,3.396827630775304
4.713999999999703,3.3951294205470273
4.715999999999703,3.3934322154732794
4.717999999999702,3.3917360050979215
4.719999999999702,3.3900407824277536
4.721999999999702,3.3883465394010033
4.723999999999702,3.3866532688163233
4.7259999999997016,3.3849609698106766
4.727999999999701,3.3832696309704606
4.729999999999701,3.381579243384939
4.731999999999701,3.3798898052376303
4.733999999999701,3.3782013046978103
4.7359999999997004,3.376513738548251
4.7379999999997,3.3748270943739374
4.7399999999997,3.3731413686454688
4.7419999999997,3.3714565547719344
4.7439999999997,3.3697726389071883
4.745999999999699,3.3680896169379464
4.747999999999699,3.3664074821035754
4.749999999999699,3.364726232202834
4.751999999999699,3.3630458544906867
4.7539999999996985,3.361366338555539
4.755999999999698,3.3596876808930256
4.757999999999698,3.3580098686461404
4.759999999999698,3.3563328973366953
4.761999999999698,3.3546567596145613
4.763999999999697,3.3529814469095416
4.765999999999697,3.3513069558274315
4.767999999999697,3.349633273241522
4.769999999999697,3.3479603940831404
4.7719999999996965,3.3462883104968935
4.773999999999696,3.344617013386576
4.775999999999696,3.3429464935836846
4.777999999999696,3.3412767474423966
4.779999999999696,3.339607924612626
4.781999999999695,3.3379400792926517
4.783999999999695,3.3362730856410794
4.785999999999695,3.334606875748459
4.787999999999695,3.332941412036505
4.7899999999996945,3.3312766778474026
4.791999999999694,3.3296126555610535
4.793999999999694,3.327949339068134
4.795999999999694,3.326286726669655
4.797999999999694,3.32462480774401
4.799999999999693,3.3229635790682774
4.801999999999693,3.32130303502446
4.803999999999693,3.3196431741888284
4.805999999999693,3.317983991420633
4.8079999999996925,3.3163254803581395
4.809999999999692,3.314667639367136
4.811999999999692,3.3130104569336565
4.813999999999692,3.3113539368808214
4.815999999999692,3.30969807214556
4.817999999999691,3.3080428615120097
4.819999999999691,3.3063883012659745
4.821999999999691,3.3047343916855336
4.823999999999691,3.3030811298874267
4.8259999999996905,3.3014285120642235
4.82799999999969,3.2997765346223207
4.82999999999969,3.2981251990396396
4.83199999999969,3.2964745085688345
4.83399999999969,3.294824458216723
4.835999999999689,3.293175053659085
4.837999999999689,3.2915262913571484
4.839999999999689,3.289878173571234
4.841999999999689,3.2882307006119955
4.8439999999996886,3.286583872563317
4.845999999999688,3.284937693992259
4.847999999999688,3.283292167040359
4.849999999999688,3.2816472973302906
4.851999999999688,3.2800030876996447
4.8539999999996875,3.2783595402748165
4.855999999999687,3.276716657362428
4.857999999999687,3.275074445842997
4.859999999999687,3.273432914232208
4.861999999999687,3.271792063655522
4.863999999999686,3.27015190095234
4.865999999999686,3.2685124313937877
4.867999999999686,3.2668736636801046
4.869999999999686,3.2652356002680847
4.8719999999996855,3.263598249359789
4.873999999999685,3.2619616213729534
4.875999999999685,3.2603257199674247
4.877999999999685,3.2586905541191338
4.879999999999685,3.257056131226188
4.881999999999684,3.2554224618185383
4.883999999999684,3.253789553829602
4.885999999999684,3.25215741074388
4.887999999999684,3.2505260457261627
4.8899999999996835,3.2488954644840846
4.891999999999683,3.2472656773334476
4.893999999999683,3.2456366891763193
4.895999999999683,3.2440085103619167
4.897999999999683,3.2423811495831685
4.899999999999682,3.2407546183686957
4.901999999999682,3.2391289221140642
4.903999999999682,3.2375040711009038
4.905999999999682,3.23588007379241
4.9079999999996815,3.234256937959046
4.909999999999681,3.232634671124147
4.911999999999681,3.231013280755228
4.913999999999681,3.229392777693733
4.915999999999681,3.227773166927614
4.91799999999968,3.2261544582344515
4.91999999999968,3.2245366594514415
4.92199999999968,3.2229197742865834
4.92399999999968,3.2213038118491766
4.9259999999996795,3.2196887796624862
4.927999999999679,3.218074684487437
4.929999999999679,3.216461532599686
4.931999999999679,3.2148493300840975
4.933999999999679,3.213238086112527
4.935999999999678,3.2116278039719606
4.937999999999678,3.2100184881466625
4.939999999999678,3.208410146932119
4.941999999999678,3.2068027829841803
4.9439999999996775,3.2051964003015416
4.945999999999677,3.203591006680178
4.947999999999677,3.2019866042300675
4.949999999999677,3.2003831963932696
4.951999999999677,3.1987807903629606
4.953999999999676,3.197179387661218
4.955999999999676,3.195578994344801
4.957999999999676,3.1939796112245227
4.959999999999676,3.1923812406067014
4.961999999999676,3.1907838886025046
4.963999999999675,3.1891875556988087
4.965999999999675,3.187592243690328
4.967999999999675,3.1859979581302613
4.969999999999675,3.1842581254060986
4.9719999999996745,3.1824800621087372
4.973999999999674,3.180709768320812
4.975999999999674,3.1789636892688447
4.977999999999674,3.1772448176690986
4.979999999999674,3.17555064712415
4.981999999999673,3.173876942003123
4.983999999999673,3.1722194031119613
4.985999999999673,3.1705743055938815
4.987999999999673,3.168938659916751
4.9899999999996725,3.167310170647449
4.991999999999672,3.165687124956669
4.993999999999672,3.164068267957069
4.995999999999672,3.1624526928457866
4.997999999999672,3.160839750236618
4.999999999999671,3.1592289789455745
5.001999999999671,3.1576200529082836
5.003999999999671,3.156012742289882
5.005999999999671,3.1544068854711895
5.0079999999996705,3.1528023693881493
5.00999999999967,3.151199114901444
5.01199999999967,3.1495970662002137
5.01399999999967,3.1479961843496884
5.01599999999967,3.1463964420622506
5.017999999999669,3.1447978201266733
5.019999999999669,3.143200304604772
5.021999999999669,3.1416038860714197
5.023999999999669,3.140008557300357
5.0259999999996685,3.1384143131186493
5.027999999999668,3.13682115008435
5.029999999999668,3.135229065091856
5.031999999999668,3.1336380557966717
5.033999999999668,3.1320481203662416
5.035999999999667,3.1304592572975776
5.037999999999667,3.128871465310387
5.039999999999667,3.1272847432430906
5.041999999999667,3.1256990897180246
5.0439999999996665,3.124114503990556
5.045999999999666,3.1225309849097473
5.047999999999666,3.120948531832065
5.049999999999666,3.1193671436477657
5.051999999999666,3.1177868197511582
5.053999999999665,3.1162075590538763
5.055999999999665,3.114629360637388
5.057999999999665,3.113052223961815
5.059999999999665,3.111476310003473
5.0619999999996645,3.1099015591471413
5.063999999999664,3.108327915149155
5.065999999999664,3.1067553499527985
5.067999999999664,3.1051838496590625
5.069999999999664,3.1036134071348584
5.0719999999996634,3.102044019268626
5.073999999999663,3.100475684230701
5.075999999999663,3.0989084011001045
5.077999999999663,3.0973421695990466
5.079999999999663,3.0957769890215023
5.081999999999662,3.0942128587702786
5.083999999999662,3.0926497782636986
5.085999999999662,3.0910877468980202
5.087999999999662,3.089526764011118
5.0899999999996615,3.087966828892359
5.091999999999661,3.0864079408301603
5.093999999999661,3.084850099063873
5.095999999999661,3.083293302822785
5.097999999999661,3.0817375513118277
5.09999999999966,3.080182843481191
5.10199999999966,3.078629178718991
5.10399999999966,3.077076556272171
5.10599999999966,3.075524975109813
5.1079999999996595,3.0739744346108706
5.109999999999659,3.072424934023084
5.111999999999659,3.0708764723124524
5.113999999999659,3.0693290488215927
5.115999999999659,3.0677826625629945
5.117999999999658,3.066237312673855
5.119999999999658,3.0646929985793974
5.121999999999658,3.063149719300551
5.123999999999658,3.061607473998104
5.1259999999996575,3.0600662620830774
5.127999999999657,3.058526082571403
5.129999999999657,3.0569869346074143
5.131999999999657,3.055448817373838
5.133999999999657,3.0539117300605225
5.135999999999656,3.052375671872611
5.137999999999656,3.0508406420220053
5.139999999999656,3.0493066397051534
5.141999999999656,3.047773664124671
5.1439999999996555,3.0462417144693728
5.145999999999655,3.044710789933227
5.147999999999655,3.043180889706773
5.149999999999655,3.041652012984156
5.151999999999655,3.0401241589634966
5.153999999999654,3.0385973268221496
5.155999999999654,3.0370715157655823
5.157999999999654,3.035546724799159
5.159999999999654,3.034022953261984
5.1619999999996535,3.032500200381774
5.163999999999653,3.030978465387553
5.165999999999653,3.0294577474722235
5.167999999999653,3.0279380456609726
5.169999999999653,3.026419359274197
5.171999999999652,3.0249016875428287
5.173999999999652,3.023385029522123
5.175999999999652,3.021869384530162
5.177999999999652,3.0203547518206753
5.1799999999996515,3.0188411304284353
5.181999999999651,3.0173285196699124
5.183999999999651,3.0158169186335715
5.185999999999651,3.0143063266334575
5.187999999999651,3.0127967429155156
5.1899999999996504,3.0112881665448654
5.19199999999965,3.0097805968251197
5.19399999999965,3.008274032844386
5.19599999999965,3.0067684739252916
5.19799999999965,3.005263919303364
5.199999999999649,3.003760368035355
5.201999999999649,3.00225781943169
5.203999999999649,3.0007562725852948
5.205999999999649,2.999255726816193
5.2079999999996485,2.9977561812220492
5.209999999999648,2.996257635118289
5.211999999999648,2.9947600876064224
5.213999999999648,2.993263538006089
5.215999999999648,2.9917679854308026
5.217999999999647,2.9902734291799304
5.219999999999647,2.9887798684865516
5.221999999999647,2.987287302433984
5.223999999999647,2.985795730323552
5.2259999999996465,2.98430515126687
5.227999999999646,2.9828155645709202
5.229999999999646,2.98132696935301
5.231999999999646,2.979839364916752
5.233999999999646,2.9783527504850995
5.235999999999645,2.9768671251743397
5.237999999999645,2.975382488278099
5.239999999999645,2.9738988390218313
5.241999999999645,2.9724161765147823
5.2439999999996445,2.9709345000425027
5.245999999999644,2.9694538087429367
5.247999999999644,2.967974101918898
5.249999999999644,2.9664953787997383
5.251999999999644,2.9650176386142073
5.253999999999643,2.9635408804743455
5.255999999999643,2.962065103659052
5.257999999999643,2.9605903074100564
5.259999999999643,2.9591164909325633
5.2619999999996425,2.9576436534435078
5.263999999999642,2.9561717940714667
5.265999999999642,2.9547009120934096
5.267999999999642,2.9532310067582954
5.269999999999642,2.951762077290216
5.271999999999641,2.950294122906849
5.273999999999641,2.9488271428179744
5.275999999999641,2.947361136236785
5.277999999999641,2.945896102384515
5.2799999999996405,2.9444320404786404
5.28199999999964,2.942968949746697
5.28399999999964,2.9415068294030937
5.28599999999964,2.94004567866434
5.28799999999964,2.9385854967594907
5.289999999999639,2.937126282982272
5.291999999999639,2.935668036502484
5.293999999999639,2.9342107565159306
5.295999999999639,2.932754442247287
5.2979999999996386,2.931299092980616
5.299999999999638,2.929844707897297
5.301999999999638,2.92839128620763
5.303999999999638,2.926938827195784
5.305999999999638,2.925487330049592
5.3079999999996375,2.9240367940269323
5.309999999999637,2.9225872183233514
5.311999999999637,2.9211386021989463
5.313999999999637,2.9196909448286874
5.315999999999637,2.9182442454887507
5.317999999999636,2.9167985034176014
5.319999999999636,2.9153537177955937
5.321999999999636,2.913909887888798
5.323999999999636,2.912467012934831
5.3259999999996355,2.9110250921688583
5.327999999999635,2.9095841248117735
5.329999999999635,2.90814411009559
5.331999999999635,2.906705047249379
5.333999999999635,2.9052669355129535
5.335999999999634,2.9038297741058443
5.337999999999634,2.9023935622649852
5.339999999999634,2.9009582992311533
5.341999999999634,2.899523984264573
5.3439999999996335,2.898090616573433
5.345999999999633,2.8966581953878237
5.347999999999633,2.895226719965053
5.349999999999633,2.8937961895220092
5.351999999999633,2.892366603325909
5.353999999999632,2.890937960584833
5.355999999999632,2.8895102605514147
5.357999999999632,2.888083502476653
5.359999999999632,2.886657685568704
5.3619999999996315,2.885232809083098
5.363999999999631,2.8838088722623585
5.365999999999631,2.8823858743541995
5.367999999999631,2.8809638145964636
5.369999999999631,2.879542692222152
5.37199999999963,2.8781225064798606
5.37399999999963,2.8767032566086246
5.37599999999963,2.8752849418702886
5.37799999999963,2.8738675614870033
5.3799999999996295,2.872451114703576
5.381999999999629,2.871035600777467
5.383999999999629,2.869621018936166
5.385999999999629,2.8682073684415297
5.387999999999629,2.8667946485366222
5.389999999999628,2.865382858460925
5.391999999999628,2.8639719974554456
5.393999999999628,2.8625620647814096
5.395999999999628,2.861153059682701
5.3979999999996275,2.8597449814111378
5.399999999999627,2.8583378292167847
5.401999999999627,2.8569316023477187
5.403999999999627,2.8555263000511086
5.405999999999627,2.8541219215731015
5.407999999999626,2.8527184661710594
5.409999999999626,2.851315933098744
5.411999999999626,2.849914321609181
5.413999999999626,2.8485136309439234
5.415999999999626,2.847113860367548
5.417999999999625,2.8457150091342944
5.419999999999625,2.8443170764926595
5.421999999999625,2.8429200616938513
5.423999999999625,2.841523963999077
5.4259999999996245,2.8401287826620525
5.427999999999624,2.8387345169405473
5.429999999999624,2.837341166094486
5.431999999999624,2.8359487293655015
5.433999999999624,2.8345572060257025
5.435999999999623,2.833166595316816
5.437999999999623,2.8317768965232077
5.439999999999623,2.8303881088913267
5.441999999999623,2.829000231672163
5.4439999999996225,2.827613264131118
5.445999999999622,2.8262272055345097
5.447999999999622,2.8248420551420885
5.449999999999622,2.823457812220495
5.451999999999622,2.822074476041919
5.453999999999621,2.8206920458368714
5.455999999999621,2.819310520895918
5.457999999999621,2.8179299004914014
5.459999999999621,2.816550183863506
5.4619999999996205,2.815171370272083
5.46399999999962,2.8137934589827482
5.46599999999962,2.812416449271968
5.46799999999962,2.811040340413235
5.46999999999962,2.809665131681068
5.471999999999619,2.8082908223369034
5.473999999999619,2.806917411658305
5.475999999999619,2.80554489888288
5.477999999999619,2.8041732833144475
5.4799999999996185,2.8028025641947774
5.481999999999618,2.801432740823273
5.483999999999618,2.800063812455204
5.485999999999618,2.7986957783536774
5.487999999999618,2.7973286377992013
5.489999999999617,2.7959623900647226
5.491999999999617,2.794597034391826
5.493999999999617,2.793232570095317
5.495999999999617,2.7918689964690104
5.4979999999996165,2.7905063127457184
5.499999999999616,2.7891445182001657
5.501999999999616,2.7877836121526403
5.503999999999616,2.7864235938565374
5.505999999999616,2.785064462582912
5.507999999999615,2.7837062175669627
5.509999999999615,2.7823488581340676
5.511999999999615,2.7809923835837926
5.513999999999615,2.779636793153216
5.5159999999996145,2.778282086172512
5.517999999999614,2.776928261885124
5.519999999999614,2.775575319565872
5.521999999999614,2.774223258510666
5.523999999999614,2.7728720780037923
5.525999999999613,2.7715217773434997
5.527999999999613,2.7701723558171936
5.529999999999613,2.768823812660817
5.531999999999613,2.7674761472143206
5.533999999999613,2.766129358720858
5.535999999999612,2.764783446469217
5.537999999999612,2.7634384097523483
5.539999999999612,2.762094247871589
5.541999999999612,2.7607509601231994
5.5439999999996115,2.7594085458045603
5.545999999999611,2.758067004212603
5.547999999999611,2.7567263345825666
5.549999999999611,2.7553865361990844
5.551999999999611,2.7540476084255823
5.55399999999961,2.7527095505174786
5.55599999999961,2.751372361763896
5.55799999999961,2.750036041394976
5.55999999999961,2.748700588769722
5.5619999999996095,2.747366003207894
5.563999999999609,2.746032283957124
5.565999999999609,2.7446994303056225
5.567999999999609,2.7433674415597507
5.569999999999609,2.742036317030561
5.571999999999608,2.7407060560293064
5.573999999999608,2.739376657863985
5.575999999999608,2.7380481218426826
5.577999999999608,2.736720447207574
5.5799999999996075,2.7353936332433384
5.581999999999607,2.734067679338155
5.583999999999607,2.7327425847493414
5.585999999999607,2.731418348772364
5.587999999999607,2.730094970645858
5.589999999999606,2.728772449743282
5.591999999999606,2.727450785328336
5.593999999999606,2.726129976783034
5.595999999999606,2.7248100233630144
5.5979999999996055,2.7234909243715704
5.599999999999605,2.722172679122054
5.601999999999605,2.720855286937589
5.603999999999605,2.719538747059336
5.605999999999605,2.7182230588692358
5.607999999999604,2.7169082216293323
5.609999999999604,2.715594234647403
5.611999999999604,2.7142810972458635
5.613999999999604,2.7129688087547295
5.6159999999996035,2.711657368499214
5.617999999999603,2.7103467757248687
5.619999999999603,2.7090370298178996
5.621999999999603,2.707728130043797
5.623999999999603,2.7064200757100254
5.625999999999602,2.7051128661464685
5.627999999999602,2.703806500686906
5.629999999999602,2.702500978662221
5.631999999999602,2.7011962993171594
5.6339999999996015,2.6998924619606584
5.635999999999601,2.6985894659292775
5.637999999999601,2.697287310564204
5.639999999999601,2.6959859952073244
5.641999999999601,2.6946855191946715
5.6439999999996004,2.6933858818590886
5.6459999999996,2.6920870824456653
5.6479999999996,2.6907891202636143
5.6499999999996,2.6894919946520157
5.6519999999996,2.688195704956374
5.653999999999599,2.686900250521795
5.655999999999599,2.685605630598774
5.657999999999599,2.684311844597644
5.659999999999599,2.6830188917914195
5.6619999999995985,2.6817267715057773
5.663999999999598,2.680435483079919
5.665999999999598,2.6791450257691953
5.667999999999598,2.6778553989954714
5.669999999999598,2.676566602039498
5.671999999999597,2.6752786343239823
5.673999999999597,2.673991495121915
5.675999999999597,2.6727051836593447
5.677999999999597,2.6714196993582937
5.6799999999995965,2.6701350415972764
5.681999999999596,2.668851209635879
5.683999999999596,2.6675682028019168
5.685999999999596,2.666286020446666
5.687999999999596,2.6650046619300545
5.689999999999595,2.663724126607378
5.691999999999595,2.6624444137331427
5.693999999999595,2.661165522638878
5.695999999999595,2.6598874527843046
5.6979999999995945,2.658610203354177
5.699999999999594,2.657333773761768
5.701999999999594,2.6560581633890665
5.703999999999594,2.654783371499353
5.705999999999594,2.653509397430791
5.707999999999593,2.652236240544095
5.709999999999593,2.650963900207728
5.711999999999593,2.6496923757861026
5.713999999999593,2.648421666540537
5.7159999999995925,2.647151771914977
5.717999999999592,2.6458826911920847
5.719999999999592,2.6446144237106517
5.721999999999592,2.6433469687350706
5.723999999999592,2.6420803257154852
5.725999999999591,2.640814493947278
5.727999999999591,2.639549472786964
5.729999999999591,2.638285261601781
5.731999999999591,2.6370218597696944
5.7339999999995905,2.6357592666652407
5.73599999999959,2.634497481549905
5.73799999999959,2.633236503769762
5.73999999999959,2.631976332801751
5.74199999999959,2.630716967839292
5.743999999999589,2.6294584083118098
5.745999999999589,2.628200653514383
5.747999999999589,2.6269437029127944
5.749999999999589,2.6256875558021706
5.7519999999995886,2.6244322115366243
5.753999999999588,2.6231776693824775
5.755999999999588,2.621923928806445
5.757999999999588,2.6206709891121336
5.759999999999588,2.6194188496635364
5.7619999999995875,2.6181675098427895
5.763999999999587,2.6169169690361347
5.765999999999587,2.615667226518808
5.767999999999587,2.6144182816492805
5.769999999999587,2.6131702910073904
5.771999999999586,2.6119232229255216
5.773999999999586,2.610677009071252
5.775999999999586,2.609431615226785
5.777999999999586,2.6081870247426013
5.7799999999995855,2.606943229693336
5.781999999999585,2.605700226603072
5.783999999999585,2.6044580140284106
5.785999999999585,2.603216591351993
5.787999999999585,2.601975958236204
5.789999999999584,2.6007361142944863
5.791999999999584,2.599497059183013
5.793999999999584,2.5982587925325693
5.795999999999584,2.5970213139125065
5.7979999999995835,2.5957846227301618
5.799999999999583,2.594548718549688
5.801999999999583,2.5933136007352555
5.803999999999583,2.592079268697228
5.805999999999583,2.5908457217387535
5.807999999999582,2.589612959362873
5.809999999999582,2.588380980901425
5.811999999999582,2.587149785741889
5.813999999999582,2.5859193732890136
5.8159999999995815,2.5846897428378175
5.817999999999581,2.5834608938800177
5.819999999999581,2.582232825736401
5.821999999999581,2.581005537791662
5.823999999999581,2.5797790294471725
5.82599999999958,2.5785532999964302
5.82799999999958,2.5773283488215215
5.82999999999958,2.57610417533485
5.83199999999958,2.5748807789601
5.8339999999995795,2.573658159111357
5.835999999999579,2.5724363150811316
5.837999999999579,2.5712152462519096
5.839999999999579,2.5699949520368763
5.841999999999579,2.568775431852897
5.843999999999578,2.567556685002464
5.845999999999578,2.566338710987389
5.847999999999578,2.5651215091292214
5.849999999999578,2.5639050788194546
5.8519999999995775,2.562689419352169
5.853999999999577,2.5614745301235144
5.855999999999577,2.560260410676298
5.857999999999577,2.559047060231608
5.859999999999577,2.557834478275454
5.861999999999576,2.5566226641395176
5.863999999999576,2.5554116173410044
5.865999999999576,2.5542013372089767
5.867999999999576,2.552991823019664
5.869999999999576,2.5517830742846614
5.871999999999575,2.550575090341001
5.873999999999575,2.5493678705932283
5.875999999999575,2.5481614144685887
5.877999999999575,2.546955721278587
5.8799999999995745,2.5457507905434
5.881999999999574,2.544546621602276
5.883999999999574,2.5433432138560046
5.885999999999574,2.5421405666132366
5.887999999999574,2.5409386793966218
5.889999999999573,2.5397375400479834
5.891999999999573,2.538537169661911
5.893999999999573,2.5373375610820474
5.895999999999573,2.536138710958513
5.8979999999995725,2.534940617504768
5.899999999999572,2.5337432797962913
5.901999999999572,2.5325466971477795
5.903999999999572,2.5313508692016753
5.905999999999572,2.5301557954420657
5.907999999999571,2.5289614753951843
5.909999999999571,2.5277679084660982
5.911999999999571,2.5265750942528094
5.913999999999571,2.5253830321518915
5.9159999999995705,2.5241917216090672
5.91799999999957,2.523001162081853
5.91999999999957,2.5218113529038506
5.92199999999957,2.520622293502144
5.92399999999957,2.5194339833207415
5.925999999999569,2.5182464218155602
5.927999999999569,2.5170596083176004
5.929999999999569,2.51587354235902
5.931999999999569,2.514688223296409
5.9339999999995685,2.51350365042886
5.935999999999568,2.512319823287759
5.937999999999568,2.5111367412367556
5.939999999999568,2.5099544037001444
5.941999999999568,2.508772810014438
5.943999999999567,2.507591959723519
5.945999999999567,2.5064118521908028
5.947999999999567,2.5052324868476012
5.949999999999567,2.5040538630235045
5.9519999999995665,2.5028759802638088
5.953999999999566,2.5016988379371434
5.955999999999566,2.50052243546984
5.957999999999566,2.4993467721960356
5.959999999999566,2.4981718476652244
5.961999999999565,2.4969976612424727
5.963999999999565,2.495824212356836
5.965999999999565,2.4946515003472065
5.967999999999565,2.4934795247622588
5.9699999999995645,2.492308284973122
5.971999999999564,2.491137780297735
5.973999999999564,2.48996801028428
5.975999999999564,2.4887989743089536
5.977999999999564,2.4876306718161945
5.979999999999563,2.4864631022661228
5.981999999999563,2.485296265001501
5.983999999999563,2.4841301594648515
5.985999999999563,2.482964785121079
5.987999999999563,2.481800141440193
5.989999999999562,2.480636227771206
5.991999999999562,2.4794730435525
5.993999999999562,2.478310588247615
5.995999999999562,2.477148861323728
5.9979999999995615,2.475987862136002
5.999999999999561,2.474827590122953
