time,value
0.0,766035.7136462374
0.002,1153349.2624879563
0.004,1385154.764064962
0.006,1916063.4225263982
0.008,2415141.4010838335
0.01,2771430.4848948824
0.012,2988902.295544994
0.014,3106063.4707715577
0.016,3160985.08172298
0.018000000000000002,3181449.011062526
0.020000000000000004,3184897.8460527123
0.022000000000000006,3181110.751609657
0.024000000000000007,3174993.5652046935
0.02600000000000001,3168682.279760072
0.02800000000000001,3162903.0729932636
0.030000000000000013,3157756.755812269
0.032000000000000015,3153123.5857678596
0.034000000000000016,3148846.144199633
0.03600000000000002,3144795.9845368816
0.03800000000000002,3140886.871674096
0.04000000000000002,3137068.0395801016
0.04200000000000002,3133312.8751526717
0.044000000000000025,3129609.2020763187
0.04600000000000003,3125952.4470432536
0.04800000000000003,3122341.7287601093
0.05000000000000003,3118777.6021040487
0.05200000000000003,3115261.046258495
0.054000000000000034,3111793.0207133614
0.056000000000000036,3108374.122099535
0.05800000000000004,3105004.7032107785
0.06000000000000004,3101685.2990228226
0.06200000000000004,3098416.338366266
0.06400000000000004,3095197.7133205584
0.06600000000000004,3092029.1054961933
0.06800000000000005,3088910.194703839
0.07000000000000005,3085840.6323931934
0.07200000000000005,3082820.178199281
0.07400000000000005,3079848.5384825226
0.07600000000000005,3076925.4377999073
0.07800000000000006,3074050.604291236
0.08000000000000006,3071223.757949727
0.08200000000000006,3068444.5484013674
0.08400000000000006,3065712.692200198
0.08600000000000006,3063028.5700361086
0.08800000000000006,3060392.827830575
0.09000000000000007,3057806.051720726
0.09200000000000007,3055268.5509886043
0.09400000000000007,3052780.381359592
0.09600000000000007,3050341.3483578237
0.09800000000000007,3047951.1502429256
0.10000000000000007,3045609.2962622154
0.10200000000000008,3043315.411220635
0.10400000000000008,3041068.9482328827
0.10600000000000008,3038869.3674872583
0.10800000000000008,3036716.06899356
0.11000000000000008,3034608.5255345735
0.11200000000000009,3032546.013830752
0.11400000000000009,3030527.920327295
0.11600000000000009,3028553.6333391615
0.11800000000000009,3026622.419103709
0.12000000000000009,3024733.582837042
0.1220000000000001,3022886.3918759157
0.1240000000000001,3021080.2025190894
0.12600000000000008,3019314.1882035034
0.12800000000000009,3017587.643133273
0.1300000000000001,3015899.8162351395
0.1320000000000001,3014249.949706019
0.1340000000000001,3012638.699432603
0.1360000000000001,3011067.8719142484
0.1380000000000001,3009538.8628406534
0.1400000000000001,3008052.206721931
0.1420000000000001,3006607.703202597
0.1440000000000001,3005204.578141967
0.1460000000000001,3003841.7620729445
0.1480000000000001,3002518.0221042885
0.1500000000000001,3001231.9868642907
0.1520000000000001,2999982.276970796
0.1540000000000001,2998767.521235519
0.1560000000000001,2997586.3627025425
0.1580000000000001,2996437.4595314665
0.16000000000000011,2995319.4279066687
0.16200000000000012,2994230.9817092074
0.16400000000000012,2993170.7837581043
0.16600000000000012,2992137.5304118213
0.16800000000000012,2991129.9454742763
0.17000000000000012,2990146.833714652
0.17200000000000013,2989186.879853761
0.17400000000000013,2988248.936581698
0.17600000000000013,2987331.790004702
0.17800000000000013,2986434.2503474248
0.18000000000000013,2985555.150505774
0.18200000000000013,2984693.699401339
0.18400000000000014,2983850.171731024
0.18600000000000014,2983025.395893386
0.18800000000000014,2982220.030830146
0.19000000000000014,2981434.2777547976
0.19200000000000014,2980668.019569315
0.19400000000000014,2979920.8016368328
0.19600000000000015,2979192.141934403
0.19800000000000015,2978481.3795722756
0.20000000000000015,2977787.875149053
0.20200000000000015,2977110.9565734216
0.20400000000000015,2976449.999436577
0.20600000000000016,2975804.414509352
0.20800000000000016,2975173.52295544
0.21000000000000016,2974556.771865239
0.21200000000000016,2973953.515160068
0.21400000000000016,2973363.1713768113
0.21600000000000016,2972785.260303673
0.21800000000000017,2972219.1908095237
0.22000000000000017,2971664.424927036
0.22200000000000017,2971120.4038965343
0.22400000000000017,2970586.703515372
0.22600000000000017,2970064.6998498854
0.22800000000000017,2969556.581392698
0.23000000000000018,2969063.8284104643
0.23200000000000018,2968586.989011058
0.23400000000000018,2968125.7363908105
0.23600000000000018,2967679.2296527275
0.23800000000000018,2967246.223029996
0.24000000000000019,2966825.4416280873
0.2420000000000002,2966415.5171048236
0.2440000000000002,2966015.173023348
0.2460000000000002,2965623.0979740573
0.2480000000000002,2965238.0372342155
0.25000000000000017,2964858.7871110565
0.25200000000000017,2964484.2449528333
0.25400000000000017,2964113.2628974626
0.25600000000000017,2963744.7329778904
0.2580000000000002,2963377.6378630293
0.2600000000000002,2963010.9628234385
0.2620000000000002,2962643.699282334
0.2640000000000002,2962276.4205444735
0.2660000000000002,2961911.506503381
0.2680000000000002,2961551.297243579
0.2700000000000002,2961197.3513678717
0.2720000000000002,2960850.377664012
0.2740000000000002,2960510.710858073
0.2760000000000002,2960178.1546174083
0.2780000000000002,2959852.437320669
0.2800000000000002,2959533.147915771
0.2820000000000002,2959219.8670213763
0.2840000000000002,2958912.069571117
0.2860000000000002,2958609.4089019024
0.2880000000000002,2958311.3640620955
0.2900000000000002,2958017.602725507
0.2920000000000002,2957727.6797600957
0.2940000000000002,2957441.2576063094
0.2960000000000002,2957157.9513049494
0.2980000000000002,2956877.4071984245
0.3000000000000002,2956599.2934044935
0.3020000000000002,2956323.1784089687
0.3040000000000002,2956048.8048783946
0.3060000000000002,2955775.791807347
0.3080000000000002,2955503.857793991
0.3100000000000002,2955232.668546316
0.3120000000000002,2954961.917044174
0.3140000000000002,2954691.2575704455
0.3160000000000002,2954420.4382927907
0.3180000000000002,2954149.149819298
0.32000000000000023,2953877.0491140774
0.32200000000000023,2953603.947858618
0.32400000000000023,2953329.520580496
0.32600000000000023,2953053.4748089234
0.32800000000000024,2952775.5404701335
0.33000000000000024,2952495.948128093
0.33200000000000024,2952216.107171088
0.33400000000000024,2951937.6881043166
0.33600000000000024,2951661.7451298535
0.33800000000000024,2951388.9429684374
0.34000000000000025,2951119.581976737
0.34200000000000025,2950853.6100279256
0.34400000000000025,2950590.9417987973
0.34600000000000025,2950331.3694695546
0.34800000000000025,2950074.736504582
0.35000000000000026,2949820.8101242343
0.35200000000000026,2949569.3173462357
0.35400000000000026,2949320.081306693
0.35600000000000026,2949072.9280666937
0.35800000000000026,2948827.6284357333
0.36000000000000026,2948583.97947441
0.36200000000000027,2948341.7961742487
0.36400000000000027,2948100.8482468016
0.36600000000000027,2947861.051451313
0.36800000000000027,2947622.179878181
0.3700000000000003,2947384.0376790143
0.3720000000000003,2947146.5070738103
0.3740000000000003,2946909.345665481
0.3760000000000003,2946672.4664715584
0.3780000000000003,2946435.704796682
0.3800000000000003,2946198.848844267
0.3820000000000003,2945961.718506046
0.3840000000000003,2945724.2117569866
0.3860000000000003,2945486.215421317
0.3880000000000003,2945247.551436558
0.3900000000000003,2945008.0042775185
0.3920000000000003,2944767.510210155
0.3940000000000003,2944525.867727795
0.3960000000000003,2944283.476833091
0.3980000000000003,2944041.37952654
0.4000000000000003,2943800.887216998
0.4020000000000003,2943563.026039771
0.4040000000000003,2943328.5640403535
0.4060000000000003,2943097.7742096134
0.4080000000000003,2942870.7080352753
0.4100000000000003,2942647.3378516873
0.4120000000000003,2942427.423616298
0.4140000000000003,2942210.779198926
0.4160000000000003,2941997.1464481745
0.4180000000000003,2941786.2873797175
0.4200000000000003,2941577.9814298805
0.4220000000000003,2941371.9645381514
0.4240000000000003,2941168.063552811
0.4260000000000003,2940966.047454589
0.4280000000000003,2940765.765448186
0.4300000000000003,2940566.9451678935
0.43200000000000033,2940369.4711651006
0.43400000000000033,2940173.095801136
0.43600000000000033,2939977.606918445
0.43800000000000033,2939782.873672627
0.44000000000000034,2939588.700206627
0.44200000000000034,2939394.9089482166
0.44400000000000034,2939201.33508749
0.44600000000000034,2939007.822393615
0.44800000000000034,2938814.220365032
0.45000000000000034,2938620.4152989327
0.45200000000000035,2938426.3378902543
0.45400000000000035,2938231.788611983
0.45600000000000035,2938036.570328943
0.45800000000000035,2937840.502135686
0.46000000000000035,2937643.622371825
0.46200000000000035,2937446.5383275156
0.46400000000000036,2937250.051961441
0.46600000000000036,2937054.7393629923
0.46800000000000036,2936860.936290954
0.47000000000000036,2936668.73544027
0.47200000000000036,2936478.186567565
0.47400000000000037,2936289.201516667
0.47600000000000037,2936101.670991946
0.47800000000000037,2935915.47931247
0.48000000000000037,2935730.5111473496
0.4820000000000004,2935546.6542028845
0.4840000000000004,2935363.7431657477
0.4860000000000004,2935181.696624709
0.4880000000000004,2935000.4279496875
0.4900000000000004,2934819.7335055303
0.4920000000000004,2934639.5685630017
0.4940000000000004,2934459.8714737035
0.4960000000000004,2934280.4551185183
0.4980000000000004,2934101.2292185086
0.5000000000000003,2933922.1637605457
0.5020000000000003,2933743.093322361
0.5040000000000003,2933563.94199479
0.5060000000000003,2933384.6328229513
0.5080000000000003,2933205.031091124
0.5100000000000003,2933025.081722012
0.5120000000000003,2932844.66489537
0.5140000000000003,2932663.735180568
0.5160000000000003,2932482.1789730703
0.5180000000000003,2932299.8985394305
0.5200000000000004,2932116.807066379
0.5220000000000004,2931932.8812920763
0.5240000000000004,2931748.040369272
0.5260000000000004,2931562.5463797455
0.5280000000000004,2931377.0642045294
0.5300000000000004,2931192.0084964684
0.5320000000000004,2931007.7640578775
0.5340000000000004,2930824.481799423
0.5360000000000004,2930642.211111221
0.5380000000000004,2930460.9388925317
0.5400000000000004,2930280.5610880074
0.5420000000000004,2930101.0368253705
0.5440000000000004,2929922.3102630526
0.5460000000000004,2929744.261189318
0.5480000000000004,2929566.789609445
0.5500000000000004,2929389.866526855
0.5520000000000004,2929213.392567587
0.5540000000000004,2929037.2825119877
0.5560000000000004,2928861.517554911
0.5580000000000004,2928685.9491259586
0.5600000000000004,2928510.5772732105
0.5620000000000004,2928335.2666214104
0.5640000000000004,2928160.025865355
0.5660000000000004,2927984.7253142563
0.5680000000000004,2927809.3211850864
0.5700000000000004,2927633.76649946
0.5720000000000004,2927457.955281
0.5740000000000004,2927281.9161129724
0.5760000000000004,2927105.476312848
0.5780000000000004,2926928.680918615
0.5800000000000004,2926751.4251492852
0.5820000000000004,2926573.625561653
0.5840000000000004,2926395.2701971144
0.5860000000000004,2926216.2770719016
0.5880000000000004,2926036.578105924
0.5900000000000004,2925856.1900974205
0.5920000000000004,2925675.3120465963
0.5940000000000004,2925494.4627103102
0.5960000000000004,2925313.926029363
0.5980000000000004,2925133.9408911876
0.6000000000000004,2924954.632803609
0.6020000000000004,2924775.9912777157
0.6040000000000004,2924598.0359642766
0.6060000000000004,2924420.752476312
0.6080000000000004,2924244.1183397183
0.6100000000000004,2924068.2379435613
0.6120000000000004,2923893.1854043724
0.6140000000000004,2923718.93362627
0.6160000000000004,2923545.4965562806
0.6180000000000004,2923372.853164311
0.6200000000000004,2923200.9036802505
0.6220000000000004,2923029.6149584623
0.6240000000000004,2922858.8833397226
0.6260000000000004,2922688.676055981
0.6280000000000004,2922518.8356243884
0.6300000000000004,2922349.3555862266
0.6320000000000005,2922180.152971945
0.6340000000000005,2922011.153856569
0.6360000000000005,2921842.2909323736
0.6380000000000005,2921673.50143307
0.6400000000000005,2921504.72564972
0.6420000000000005,2921335.849920102
0.6440000000000005,2921166.8975076685
0.6460000000000005,2920997.749470897
0.6480000000000005,2920828.36900627
0.6500000000000005,2920658.7143438123
0.6520000000000005,2920488.684017994
0.6540000000000005,2920318.2537498563
0.6560000000000005,2920147.334316019
0.6580000000000005,2919976.0316626
0.6600000000000005,2919804.6329524037
0.6620000000000005,2919633.5255102925
0.6640000000000005,2919462.798461603
0.6660000000000005,2919292.662708046
0.6680000000000005,2919123.110011196
0.6700000000000005,2918954.1632511085
0.6720000000000005,2918785.6983829015
0.6740000000000005,2918617.7858515037
0.6760000000000005,2918450.279208713
0.6780000000000005,2918283.181662442
0.6800000000000005,2918116.421461461
0.6820000000000005,2917949.9930626643
0.6840000000000005,2917783.763569128
0.6860000000000005,2917617.7482535974
0.6880000000000005,2917451.829009278
0.6900000000000005,2917286.030738633
0.6920000000000005,2917120.241492324
0.6940000000000005,2916954.434144892
0.6960000000000005,2916788.634210673
0.6980000000000005,2916622.729513791
0.7000000000000005,2916456.692987722
0.7020000000000005,2916290.439127416
0.7040000000000005,2916124.015007535
0.7060000000000005,2915957.3235068037
0.7080000000000005,2915790.347456795
0.7100000000000005,2915623.007905473
0.7120000000000005,2915455.300544966
0.7140000000000005,2915287.2105212044
0.7160000000000005,2915118.6597444527
0.7180000000000005,2914949.644411964
0.7200000000000005,2914780.0946485037
0.7220000000000005,2914610.0122389384
0.7240000000000005,2914439.3315038807
0.7260000000000005,2914268.182153435
0.7280000000000005,2914096.8110174877
0.7300000000000005,2913925.4349841257
0.7320000000000005,2913754.2563746683
0.7340000000000005,2913583.3879764043
0.7360000000000005,2913412.7668250776
0.7380000000000005,2913242.4467961257
0.7400000000000005,2913072.3872759547
0.7420000000000005,2912902.54657714
0.7440000000000005,2912732.884798273
0.7460000000000006,2912563.3644668767
0.7480000000000006,2912394.0059928764
0.7500000000000006,2912224.6971773864
0.7520000000000006,2912055.4136932273
0.7540000000000006,2911886.186196553
0.7560000000000006,2911716.909875243
0.7580000000000006,2911547.5654297895
0.7600000000000006,2911378.131376616
0.7620000000000006,2911208.5285068606
0.7640000000000006,2911038.810345746
0.7660000000000006,2910868.887624204
0.7680000000000006,2910698.806599649
0.7700000000000006,2910528.4181116302
0.7720000000000006,2910357.789234765
0.7740000000000006,2910186.8409241103
0.7760000000000006,2910015.655726948
0.7780000000000006,2909844.2576039
0.7800000000000006,2909672.6134049627
0.7820000000000006,2909500.6183496267
0.7840000000000006,2909328.247297247
0.7860000000000006,2909155.418439746
0.7880000000000006,2908982.1291332543
0.7900000000000006,2908808.3702559546
0.7920000000000006,2908634.016832937
0.7940000000000006,2908459.1714725406
0.7960000000000006,2908283.936966048
0.7980000000000006,2908108.576529622
0.8000000000000006,2907933.2228014357
0.8020000000000006,2907757.9557597605
0.8040000000000006,2907582.812886972
0.8060000000000006,2907407.8027555556
0.8080000000000006,2907232.971820407
0.8100000000000006,2907058.223279461
0.8120000000000006,2906883.5971207325
0.8140000000000006,2906708.9963160832
0.8160000000000006,2906534.4629311226
0.8180000000000006,2906359.9025058574
0.8200000000000006,2906185.362556738
0.8220000000000006,2906010.789660899
0.8240000000000006,2905836.283527564
0.8260000000000006,2905661.796251848
0.8280000000000006,2905487.402297756
0.8300000000000006,2905313.080583375
0.8320000000000006,2905138.804859666
0.8340000000000006,2904964.4913831917
0.8360000000000006,2904790.1893574316
0.8380000000000006,2904615.8625047365
0.8400000000000006,2904441.421388685
0.8420000000000006,2904266.857266908
0.8440000000000006,2904092.1560124434
0.8460000000000006,2903917.29917332
0.8480000000000006,2903742.265404249
0.8500000000000006,2903566.976479837
0.8520000000000006,2903391.431515153
0.8540000000000006,2903215.6218549116
0.8560000000000006,2903039.5329337106
0.8580000000000007,2902863.091190185
0.8600000000000007,2902686.2988892426
0.8620000000000007,2902509.094511259
0.8640000000000007,2902331.496460332
0.8660000000000007,2902153.614364432
0.8680000000000007,2901975.656495482
0.8700000000000007,2901797.6686128913
0.8720000000000007,2901619.792266273
0.8740000000000007,2901441.995178857
0.8760000000000007,2901264.3558443245
0.8780000000000007,2901086.854242691
0.8800000000000007,2900909.4649911355
0.8820000000000007,2900732.161487196
0.8840000000000007,2900554.9177218075
0.8860000000000007,2900377.763888685
0.8880000000000007,2900200.5983680272
0.8900000000000007,2900023.405854747
0.8920000000000007,2899846.115149179
0.8940000000000007,2899668.7866577427
0.8960000000000007,2899491.3943688446
0.8980000000000007,2899313.913179467
0.9000000000000007,2899136.264529719
0.9020000000000007,2898958.449181011
0.9040000000000007,2898780.4616069514
0.9060000000000007,2898602.2912417115
0.9080000000000007,2898423.9241479547
0.9100000000000007,2898245.2893634457
0.9120000000000007,2898066.3926205616
0.9140000000000007,2897887.231784751
0.9160000000000007,2897707.7437203797
0.9180000000000007,2897527.939000114
0.9200000000000007,2897347.8184833536
0.9220000000000007,2897167.37592327
0.9240000000000007,2896986.545600652
0.9260000000000007,2896805.336856169
0.9280000000000007,2896623.6953218295
0.9300000000000007,2896441.6376940343
0.9320000000000007,2896259.169066872
0.9340000000000007,2896076.23127579
0.9360000000000007,2895892.847962453
0.9380000000000007,2895709.0694040046
0.9400000000000007,2895525.1023343583
0.9420000000000007,2895340.9851737227
0.9440000000000007,2895156.8527375655
0.9460000000000007,2894972.725387048
0.9480000000000007,2894788.6045530536
0.9500000000000007,2894604.48107963
0.9520000000000007,2894420.285544907
0.9540000000000007,2894236.0785563192
0.9560000000000007,2894051.835270519
0.9580000000000007,2893867.4775421456
0.9600000000000007,2893683.0617290367
0.9620000000000007,2893498.506599462
0.9640000000000007,2893313.8112918693
0.9660000000000007,2893128.9704729784
0.9680000000000007,2892943.975195478
0.9700000000000008,2892758.759211828
0.9720000000000008,2892573.3321465403
0.9740000000000008,2892387.7503164075
0.9760000000000008,2892201.876985993
0.9780000000000008,2892015.788104313
0.9800000000000008,2891829.416366815
0.9820000000000008,2891642.824903978
0.9840000000000008,2891455.8824952752
0.9860000000000008,2891268.668969455
0.9880000000000008,2891081.119822283
0.9900000000000008,2890893.2452858803
0.9920000000000008,2890705.047529981
0.9940000000000008,2890516.468158096
0.9960000000000008,2890327.522225548
0.9980000000000008,2890138.1605920307
1.0000000000000007,2889948.4042390776
1.0020000000000007,2889758.2623464004
1.0040000000000007,2889567.6809129887
1.0060000000000007,2889376.677664738
1.0080000000000007,2889185.259908366
1.0100000000000007,2888993.400493077
1.0120000000000007,2888801.2144969287
1.0140000000000007,2888608.813078562
1.0160000000000007,2888416.2757663773
1.0180000000000007,2888223.704391922
1.0200000000000007,2888031.0441998383
1.0220000000000007,2887838.3082181006
1.0240000000000007,2887645.443495237
1.0260000000000007,2887452.5214912207
1.0280000000000007,2887259.534077376
1.0300000000000007,2887066.490569132
1.0320000000000007,2886873.347052546
1.0340000000000007,2886680.185077953
1.0360000000000007,2886486.9952894486
1.0380000000000007,2886293.709788403
1.0400000000000007,2886100.3904502597
1.0420000000000007,2885906.9598863805
1.0440000000000007,2885713.4190076417
1.0460000000000007,2885519.7635822594
1.0480000000000007,2885325.985435541
1.0500000000000007,2885132.073777877
1.0520000000000007,2884937.9618393173
1.0540000000000007,2884743.713447657
1.0560000000000007,2884549.2536394363
1.0580000000000007,2884354.58562357
1.0600000000000007,2884159.707350918
1.0620000000000007,2883964.558144743
1.0640000000000007,2883769.2058198475
1.0660000000000007,2883573.5781855155
1.0680000000000007,2883377.625855922
1.0700000000000007,2883181.4248627448
1.0720000000000007,2882984.9085261305
1.0740000000000007,2882788.0853650495
1.0760000000000007,2882590.902398788
1.0780000000000007,2882393.432595495
1.0800000000000007,2882195.55290591
1.0820000000000007,2881997.34748834
1.0840000000000007,2881798.7601290164
1.0860000000000007,2881599.8630636567
1.0880000000000007,2881400.7501821504
1.0900000000000007,2881201.496714354
1.0920000000000007,2881002.151087543
1.0940000000000007,2880802.7385187913
1.0960000000000008,2880603.267791228
1.0980000000000008,2880403.7373219924
1.1000000000000008,2880204.139702693
1.1020000000000008,2880004.4101521214
1.1040000000000008,2879804.613511
1.1060000000000008,2879604.6762130535
1.1080000000000008,2879404.656938923
1.1100000000000008,2879204.4784679906
1.1120000000000008,2879004.143181162
1.1140000000000008,2878803.595148526
1.1160000000000008,2878602.9808974555
1.1180000000000008,2878402.320712291
1.1200000000000008,2878201.5857627313
1.1220000000000008,2878000.681228585
1.1240000000000008,2877799.64628736
1.1260000000000008,2877598.389959739
1.1280000000000008,2877396.8518801513
1.1300000000000008,2877195.102362726
1.1320000000000008,2876993.0733641363
1.1340000000000008,2876790.7737882305
1.1360000000000008,2876588.2066267915
1.1380000000000008,2876385.316063548
1.1400000000000008,2876182.119436669
1.1420000000000008,2875978.625110014
1.1440000000000008,2875774.834730813
1.1460000000000008,2875570.691322131
1.1480000000000008,2875366.211492476
1.1500000000000008,2875161.349139581
1.1520000000000008,2874956.182135385
1.1540000000000008,2874750.5925223227
1.1560000000000008,2874544.6676040725
1.1580000000000008,2874338.3506939774
1.1600000000000008,2874131.6576822624
1.1620000000000008,2873924.6313334834
1.1640000000000008,2873717.2920931485
1.1660000000000008,2873509.7813766343
1.1680000000000008,2873302.082748918
1.1700000000000008,2873094.237619748
1.1720000000000008,2872886.2675456298
1.1740000000000008,2872678.1803593957
1.1760000000000008,2872469.9754605517
1.1780000000000008,2872261.647512898
1.1800000000000008,2872053.1888405997
1.1820000000000008,2871844.536727334
1.1840000000000008,2871635.7040943885
1.1860000000000008,2871426.750976651
1.1880000000000008,2871217.5477585914
1.1900000000000008,2871008.1739959824
1.1920000000000008,2870798.6227542874
1.1940000000000008,2870588.8313436015
1.1960000000000008,2870378.8127040504
1.1980000000000008,2870168.5729436604
1.2000000000000008,2869958.1128507047
1.2020000000000008,2869747.3756212792
1.2040000000000008,2869536.378081258
1.2060000000000008,2869325.1289214636
1.2080000000000009,2869113.6305506616
1.2100000000000009,2868901.827203485
1.2120000000000009,2868689.7364851544
1.2140000000000009,2868477.367634527
1.2160000000000009,2868264.7235700455
1.2180000000000009,2868051.7490577316
1.2200000000000009,2867838.462118938
1.2220000000000009,2867624.8724703947
1.2240000000000009,2867410.9295113473
1.2260000000000009,2867196.657628805
1.2280000000000009,2866982.0837919936
1.2300000000000009,2866767.2293579336
1.2320000000000009,2866552.0529029323
1.2340000000000009,2866336.5810937732
1.2360000000000009,2866120.828141948
1.2380000000000009,2865904.7991939653
1.2400000000000009,2865688.4642783864
1.2420000000000009,2865471.9002259364
1.2440000000000009,2865255.173583271
1.2460000000000009,2865038.3296447136
1.2480000000000009,2864821.4478571326
1.2500000000000009,2864604.4636817537
1.252000000000001,2864387.3856400265
1.254000000000001,2864170.1615866004
1.256000000000001,2863952.8641088004
1.258000000000001,2863735.4804857406
1.260000000000001,2863517.943904577
1.262000000000001,2863300.317888316
1.264000000000001,2863082.530986342
1.266000000000001,2862864.589545972
1.268000000000001,2862646.4954611342
1.270000000000001,2862428.1932013757
1.272000000000001,2862209.753922109
1.274000000000001,2861991.111117011
1.276000000000001,2861772.2740830323
1.278000000000001,2861553.2465505684
1.280000000000001,2861334.02799175
1.282000000000001,2861114.6149892216
1.284000000000001,2860894.9487117417
1.286000000000001,2860675.0447907182
1.288000000000001,2860454.9115206506
1.290000000000001,2860234.551442267
1.292000000000001,2860013.909429407
1.294000000000001,2859793.00328022
1.296000000000001,2859571.8426045603
1.298000000000001,2859350.430729554
1.300000000000001,2859128.7131341924
1.302000000000001,2858906.7080697836
1.304000000000001,2858684.425543747
1.306000000000001,2858461.869282787
1.308000000000001,2858238.9852203433
1.310000000000001,2858015.7919654534
1.312000000000001,2857792.2999348827
1.314000000000001,2857568.459599639
1.316000000000001,2857344.2924457104
1.318000000000001,2857119.8105703965
1.320000000000001,2856895.042990503
1.322000000000001,2856669.9879776547
1.324000000000001,2856444.713082431
1.326000000000001,2856219.318361735
1.328000000000001,2855993.755836461
1.330000000000001,2855768.0452646366
1.332000000000001,2855542.195961449
1.334000000000001,2855316.156523635
1.336000000000001,2855089.999878824
1.338000000000001,2854863.6611320362
1.340000000000001,2854637.150422755
1.342000000000001,2854410.525900839
1.344000000000001,2854183.6593351513
1.346000000000001,2853956.63004639
1.348000000000001,2853729.432706771
1.350000000000001,2853502.0070889285
1.352000000000001,2853274.3677706434
1.354000000000001,2853046.522784579
1.356000000000001,2852818.4749822207
1.358000000000001,2852590.170073059
1.360000000000001,2852361.626575548
1.362000000000001,2852132.908463893
1.364000000000001,2851903.8916728543
1.366000000000001,2851674.6580715314
1.368000000000001,2851445.1506658257
1.370000000000001,2851215.385474578
1.372000000000001,2850985.37134221
1.374000000000001,2850755.1116181733
1.376000000000001,2850524.552686944
1.378000000000001,2850293.7135656015
1.380000000000001,2850062.605418811
1.382000000000001,2849831.2332246793
1.384000000000001,2849599.544462916
1.386000000000001,2849367.5588946315
1.388000000000001,2849135.2881584773
1.390000000000001,2848902.6842299406
1.392000000000001,2848669.7696654997
1.394000000000001,2848436.5577085386
1.396000000000001,2848203.054687684
1.398000000000001,2847969.2089852323
1.400000000000001,2847735.042576341
1.402000000000001,2847500.594880863
1.404000000000001,2847265.862189782
1.406000000000001,2847030.9592147935
1.408000000000001,2846795.8522659894
1.410000000000001,2846560.571572399
1.412000000000001,2846325.1871038084
1.414000000000001,2846089.631412879
1.416000000000001,2845853.861093131
1.418000000000001,2845617.964281534
1.420000000000001,2845381.945660392
1.422000000000001,2845145.7528679273
1.424000000000001,2844909.405265513
1.426000000000001,2844672.9135959605
1.428000000000001,2844436.3352601165
1.430000000000001,2844199.5421697386
1.432000000000001,2843962.612543332
1.434000000000001,2843725.540793171
1.436000000000001,2843488.266913899
1.438000000000001,2843250.8052967396
1.440000000000001,2843013.164017648
1.442000000000001,2842775.3460438624
1.444000000000001,2842537.3508260353
1.446000000000001,2842299.1224474087
1.448000000000001,2842060.6782363956
1.450000000000001,2841822.139859428
1.452000000000001,2841583.4835096938
1.454000000000001,2841344.707460529
1.456000000000001,2841105.7901719976
1.458000000000001,2840866.654264201
1.460000000000001,2840627.353577956
1.462000000000001,2840387.812848907
1.464000000000001,2840148.0364654358
1.466000000000001,2839908.026963129
1.468000000000001,2839667.7315696045
1.470000000000001,2839427.170112224
1.472000000000001,2839186.354639931
1.474000000000001,2838945.2909777914
1.476000000000001,2838703.927634487
1.478000000000001,2838462.284714743
1.480000000000001,2838220.3742143484
1.482000000000001,2837978.20194128
1.484000000000001,2837735.721449937
1.486000000000001,2837493.0383136943
1.488000000000001,2837250.128129813
1.490000000000001,2837007.033325579
1.492000000000001,2836763.7811983163
1.494000000000001,2836520.3335967287
1.496000000000001,2836276.770833106
1.498000000000001,2836033.034086191
1.500000000000001,2835789.1897626505
1.5020000000000011,2835545.1706165904
1.5040000000000011,2835300.9853599607
1.5060000000000011,2835056.638565469
1.5080000000000011,2834812.078347532
1.5100000000000011,2834567.3775470806
1.5120000000000011,2834322.4739610585
1.5140000000000011,2834077.379676415
1.5160000000000011,2833832.10141517
1.5180000000000011,2833586.641750805
1.5200000000000011,2833341.0003620936
1.5220000000000011,2833095.1222776505
1.5240000000000011,2832849.025552552
1.5260000000000011,2832602.721141466
1.5280000000000011,2832356.2144035916
1.5300000000000011,2832109.453798499
1.5320000000000011,2831862.512298528
1.5340000000000011,2831615.32810721
1.5360000000000011,2831367.9137320644
1.5380000000000011,2831120.2235590527
1.5400000000000011,2830872.334628355
1.5420000000000011,2830624.187833029
1.5440000000000011,2830375.7973180423
1.5460000000000012,2830127.1713126185
1.5480000000000012,2829878.2606736254
1.5500000000000012,2829629.139932352
1.5520000000000012,2829379.748622416
1.5540000000000012,2829130.047257357
1.5560000000000012,2828880.11759776
1.5580000000000012,2828629.9039922263
1.5600000000000012,2828379.4227746697
1.5620000000000012,2828128.6835938855
1.5640000000000012,2827877.6383150895
1.5660000000000012,2827626.362010348
1.5680000000000012,2827374.7950893864
1.5700000000000012,2827122.9149267124
1.5720000000000012,2826870.835088655
1.5740000000000012,2826618.5821108148
1.5760000000000012,2826366.120121926
1.5780000000000012,2826113.4789081337
1.5800000000000012,2825860.6761520784
1.5820000000000012,2825607.7206452484
1.5840000000000012,2825354.6154128374
1.5860000000000012,2825101.36003966
1.5880000000000012,2824847.899537044
1.5900000000000012,2824594.2516351985
1.5920000000000012,2824340.4272074345
1.5940000000000012,2824086.4316881457
1.5960000000000012,2823832.2666642545
1.5980000000000012,2823577.931430731
1.6000000000000012,2823323.3752884036
1.6020000000000012,2823068.6243619933
1.6040000000000012,2822813.697304069
1.6060000000000012,2822558.605159732
1.6080000000000012,2822303.3530585277
1.6100000000000012,2822047.889440727
1.6120000000000012,2821792.286486644
1.6140000000000012,2821536.482475439
1.6160000000000012,2821280.489534072
1.6180000000000012,2821024.314634107
1.6200000000000012,2820767.960714453
1.6220000000000012,2820511.375279471
1.6240000000000012,2820254.577535841
1.6260000000000012,2819997.579298328
1.6280000000000012,2819740.3865173776
1.6300000000000012,2819483.0011380175
1.6320000000000012,2819225.4226992573
1.6340000000000012,2818967.596698763
1.6360000000000012,2818709.5413021334
1.6380000000000012,2818451.2679529013
1.6400000000000012,2818192.7300022044
1.6420000000000012,2817934.002903411
1.6440000000000012,2817675.027440184
1.6460000000000012,2817415.81736406
1.6480000000000012,2817156.380897912
1.6500000000000012,2816896.669411899
1.6520000000000012,2816636.7046514302
1.6540000000000012,2816376.5001417515
1.6560000000000012,2816116.069477153
1.6580000000000013,2815855.4401245215
1.6600000000000013,2815594.5866405657
1.6620000000000013,2815333.601960083
1.6640000000000013,2815072.439087784
1.6660000000000013,2814811.119149765
1.6680000000000013,2814549.654190603
1.6700000000000013,2814288.0498124636
1.6720000000000013,2814026.307340687
1.6740000000000013,2813764.373224727
1.6760000000000013,2813502.318208466
1.6780000000000013,2813240.080447267
1.6800000000000013,2812977.672017862
1.6820000000000013,2812715.100131081
1.6840000000000013,2812452.3680627667
1.6860000000000013,2812189.4764053104
1.6880000000000013,2811926.371610673
1.6900000000000013,2811663.072227463
1.6920000000000013,2811399.589968827
1.6940000000000013,2811135.9309927644
1.6960000000000013,2810872.0975984638
1.6980000000000013,2810608.0372835184
1.7000000000000013,2810343.8215657636
1.7020000000000013,2810079.3896154254
1.7040000000000013,2809814.7541913874
1.7060000000000013,2809549.8707827064
1.7080000000000013,2809284.816246231
1.7100000000000013,2809019.533090558
1.7120000000000013,2808754.0359875886
1.7140000000000013,2808488.3338638395
1.7160000000000013,2808222.431216899
1.7180000000000013,2807956.329587448
1.7200000000000013,2807689.9763164055
1.7220000000000013,2807423.3906310624
1.7240000000000013,2807156.5849404545
1.7260000000000013,2806889.513771715
1.7280000000000013,2806622.252937605
1.7300000000000013,2806354.744409468
1.7320000000000013,2806087.002587259
1.7340000000000013,2805819.036406774
1.7360000000000013,2805550.798229177
1.7380000000000013,2805282.3626187197
1.7400000000000013,2805013.671026281
1.7420000000000013,2804744.6853708364
1.7440000000000013,2804475.4892863506
1.7460000000000013,2804206.1003269167
1.7480000000000013,2803936.4866021913
1.7500000000000013,2803666.6842424828
1.7520000000000013,2803396.717379804
1.7540000000000013,2803126.599994692
1.7560000000000013,2802856.338929543
1.7580000000000013,2802585.884190069
1.7600000000000013,2802315.3080695677
1.7620000000000013,2802044.5503757033
1.7640000000000013,2801773.623874187
1.7660000000000013,2801502.536382193
1.7680000000000013,2801231.2917384305
1.7700000000000014,2800959.891059818
1.7720000000000014,2800688.3528934414
1.7740000000000014,2800416.7806092
1.7760000000000014,2800145.153786515
1.7780000000000014,2799873.392215644
1.7800000000000014,2799601.4927577353
1.7820000000000014,2799329.4522483572
1.7840000000000014,2799057.267652188
1.7860000000000014,2798784.936071343
1.7880000000000014,2798512.4548026784
1.7900000000000014,2798239.769035615
1.7920000000000014,2797966.8965333477
1.7940000000000014,2797693.848940426
1.7960000000000014,2797420.632609179
1.7980000000000014,2797147.2502137697
1.8000000000000014,2796873.649938884
1.8020000000000014,2796599.9031229476
1.8040000000000014,2796325.949692322
1.8060000000000014,2796051.802564696
1.8080000000000014,2795777.4698781907
1.8100000000000014,2795502.903742345
1.8120000000000014,2795228.177975406
1.8140000000000014,2794953.2341143023
1.8160000000000014,2794678.085999778
1.8180000000000014,2794402.7422553566
1.8200000000000014,2794127.155357781
1.8220000000000014,2793851.399322062
1.8240000000000014,2793575.41589678
1.8260000000000014,2793299.219078729
1.8280000000000014,2793022.817648654
1.8300000000000014,2792746.216332792
1.8320000000000014,2792469.3650003616
1.8340000000000014,2792192.2853455506
1.8360000000000014,2791915.0055035814
1.8380000000000014,2791637.5532732178
1.8400000000000014,2791359.949231022
1.8420000000000014,2791082.1543528335
1.8440000000000014,2790804.2476891093
1.8460000000000014,2790526.1738385395
1.8480000000000014,2790247.9998660176
1.8500000000000014,2789969.662684066
1.8520000000000014,2789691.172827817
1.8540000000000014,2789412.484958125
1.8560000000000014,2789133.674428721
1.8580000000000014,2788854.7360577527
1.8600000000000014,2788575.6120990603
1.8620000000000014,2788296.3175710714
1.8640000000000014,2788016.8622500226
1.8660000000000014,2787737.251498533
1.8680000000000014,2787457.4875705778
1.8700000000000014,2787177.5187465935
1.8720000000000014,2786897.3642577683
1.8740000000000014,2786617.0884780763
1.8760000000000014,2786336.6263982607
1.8780000000000014,2786055.935385551
1.8800000000000014,2785775.093425568
1.8820000000000014,2785494.0975580523
1.8840000000000015,2785212.891776362
1.8860000000000015,2784931.492202121
1.8880000000000015,2784649.909509139
1.8900000000000015,2784368.1496775104
1.8920000000000015,2784086.1636052984
1.8940000000000015,2783804.023895237
1.8960000000000015,2783521.6721398295
1.8980000000000015,2783239.12208712
1.9000000000000015,2782956.3825732423
1.9020000000000015,2782673.4066744884
1.9040000000000015,2782390.2683933345
1.9060000000000015,2782106.9102791874
1.9080000000000015,2781823.3466719836
1.9100000000000015,2781539.586758642
1.9120000000000015,2781255.5838925554
1.9140000000000015,2780971.4121959913
1.9160000000000015,2780687.014423175
1.9180000000000015,2780402.4049557527
1.9200000000000015,2780117.5931364005
1.9220000000000015,2779832.532434603
1.9240000000000015,2779547.2970362436
1.9260000000000015,2779261.8311710544
1.9280000000000015,2778976.162886677
1.9300000000000015,2778690.319122155
1.9320000000000015,2778404.319798282
1.9340000000000015,2778118.1257354864
1.9360000000000015,2777831.8154765293
1.9380000000000015,2777545.334211839
1.9400000000000015,2777258.7489643507
1.9420000000000015,2776971.997484907
1.9440000000000015,2776685.090731911
1.9460000000000015,2776397.9840418845
1.9480000000000015,2776110.7529341714
1.9500000000000015,2775823.3436495527
1.9520000000000015,2775535.826971041
1.9540000000000015,2775248.144567472
1.9560000000000015,2774960.3102919892
1.9580000000000015,2774672.333074398
1.9600000000000015,2774384.2178085474
1.9620000000000015,2774095.9147665994
1.9640000000000015,2773807.495580385
1.9660000000000015,2773518.901689381
1.9680000000000015,2773230.146328737
1.9700000000000015,2772941.2379302694
1.9720000000000015,2772652.181038194
1.9740000000000015,2772362.977454603
1.9760000000000015,2772073.575707744
1.9780000000000015,2771784.0463682488
1.9800000000000015,2771494.330536834
1.9820000000000015,2771204.441369269
1.9840000000000015,2770914.3874281207
1.9860000000000015,2770624.121858451
1.9880000000000015,2770333.718122655
1.9900000000000015,2770043.1190436175
1.9920000000000015,2769752.3386818315
1.9940000000000015,2769461.3860721122
1.9960000000000016,2769170.2662383495
1.9980000000000016,2768878.9813863556
2.0000000000000013,2768587.4804425393
2.002000000000001,2768295.7827374223
2.004000000000001,2768003.9011621694
2.0060000000000007,2767711.843194593
2.0080000000000005,2767419.6125823315
2.0100000000000002,2767127.210657501
2.012,2766834.585925254
2.014,2766541.7574558198
2.0159999999999996,2766248.7380697997
2.0179999999999993,2765955.5353188203
2.019999999999999,2765662.1557025
2.021999999999999,2765368.562430105
2.0239999999999987,2765074.7903886815
2.0259999999999985,2764780.9162187153
2.0279999999999982,2764486.884494244
2.029999999999998,2764192.709824006
2.031999999999998,2763898.3498555776
2.0339999999999976,2763603.8804900087
2.0359999999999974,2763309.2976914607
2.037999999999997,2763014.545042203
2.039999999999997,2762719.637726658
2.0419999999999967,2762424.585839302
2.0439999999999965,2762129.3951433655
2.0459999999999963,2761834.0683477176
2.047999999999996,2761538.606114861
2.049999999999996,2761242.956630762
2.0519999999999956,2760947.189921039
2.0539999999999954,2760651.2473883075
2.055999999999995,2760355.142192536
2.057999999999995,2760058.883064749
2.0599999999999947,2759762.4235508405
2.0619999999999945,2759465.836963907
2.0639999999999943,2759169.066659826
2.065999999999994,2758872.1781458175
2.067999999999994,2758575.109612553
2.0699999999999936,2758277.8721157936
2.0719999999999934,2757980.421854557
2.073999999999993,2757682.834147841
2.075999999999993,2757385.0539035164
2.0779999999999927,2757087.096271884
2.0799999999999925,2756789.1060198206
2.0819999999999923,2756491.037122781
2.083999999999992,2756192.881579094
2.085999999999992,2755894.6202897276
2.0879999999999916,2755596.234437561
2.0899999999999914,2755297.7093034494
2.091999999999991,2754998.983407552
2.093999999999991,2754700.1209795545
2.0959999999999908,2754401.060832056
2.0979999999999905,2754101.7637355314
2.0999999999999903,2753802.3090263675
2.10199999999999,2753502.696044873
2.10399999999999,2753202.87128604
2.1059999999999897,2752902.8517796597
2.1079999999999894,2752602.6490439246
2.109999999999989,2752302.2699884516
2.111999999999989,2752001.718225306
2.1139999999999888,2751700.9441015525
2.1159999999999886,2751399.9733399414
2.1179999999999883,2751098.8847216573
2.119999999999988,2750797.6310025807
2.121999999999988,2750496.1833056267
2.1239999999999877,2750194.627385362
2.1259999999999875,2749892.96632799
2.1279999999999872,2749591.148300299
2.129999999999987,2749289.241884056
2.131999999999987,2748987.1876290077
2.1339999999999866,2748684.997576127
2.1359999999999864,2748382.679599375
2.137999999999986,2748080.238100631
2.139999999999986,2747777.6748998454
2.1419999999999857,2747474.990274787
2.1439999999999855,2747172.132472494
2.1459999999999853,2746869.119890137
2.147999999999985,2746566.015980332
2.149999999999985,2746262.7574696355
2.1519999999999846,2745959.302668618
2.1539999999999844,2745655.72843358
2.155999999999984,2745352.0325693083
2.157999999999984,2745048.1605743226
2.1599999999999837,2744744.1795937833
2.1619999999999835,2744440.0299321753
2.1639999999999833,2744135.7237211512
2.165999999999983,2743831.2691863007
2.167999999999983,2743526.620036559
2.1699999999999826,2743221.849090113
2.1719999999999824,2742916.900280034
2.173999999999982,2742611.7878077594
2.175999999999982,2742306.572093213
2.1779999999999817,2742001.1370127047
2.1799999999999815,2741695.5613551154
2.1819999999999813,2741389.845272718
2.183999999999981,2741083.9362657024
2.185999999999981,2740777.851830273
2.1879999999999806,2740471.6547984364
2.1899999999999804,2740165.2308755512
2.19199999999998,2739858.659834184
2.19399999999998,2739551.9424828095
2.1959999999999797,2739245.0267654555
2.1979999999999795,2738937.9303539265
2.1999999999999793,2738630.7162368787
2.201999999999979,2738323.321265098
2.203999999999979,2738015.7039933754
2.2059999999999786,2737707.9413742414
2.2079999999999784,2737399.9807658507
2.209999999999978,2737091.838584694
2.211999999999978,2736783.577615183
2.2139999999999778,2736475.0925165117
2.2159999999999775,2736166.4739763625
2.2179999999999773,2735857.7318833913
2.219999999999977,2735548.820589491
2.221999999999977,2735239.8124800096
2.2239999999999767,2734930.6513633155
2.2259999999999764,2734621.3510248875
2.227999999999976,2734311.9204309667
2.229999999999976,2734002.364657879
2.231999999999976,2733692.6860792306
2.2339999999999756,2733382.885370537
2.2359999999999753,2733072.9113932187
2.237999999999975,2732762.782660319
2.239999999999975,2732452.5625901176
2.2419999999999747,2732142.1886465903
2.2439999999999745,2731831.619593542
2.2459999999999742,2731520.932096287
2.247999999999974,2731210.1243902175
2.249999999999974,2730899.14256025
2.2519999999999736,2730588.053629845
2.2539999999999734,2730276.7985889185
2.255999999999973,2729965.3897510157
2.257999999999973,2729653.835493211
2.2599999999999727,2729342.090094133
2.2619999999999725,2729030.2261922946
2.2639999999999723,2728718.18831996
2.265999999999972,2728405.9908348653
2.267999999999972,2728093.694042695
2.2699999999999716,2727781.1827728627
2.2719999999999714,2727468.535505371
2.273999999999971,2727155.7526792297
2.275999999999971,2726842.7823045678
2.2779999999999707,2726529.6927121743
2.2799999999999705,2726216.42594748
2.2819999999999703,2725902.995471302
2.28399999999997,2725589.412483655
2.28599999999997,2725275.634266833
2.2879999999999696,2724961.735597712
2.2899999999999694,2724647.6626940416
2.291999999999969,2724333.430788897
2.293999999999969,2724019.049883159
2.2959999999999687,2723704.5257966146
2.2979999999999685,2723389.8614256117
2.2999999999999683,2723075.0578678
2.301999999999968,2722760.0645026374
2.303999999999968,2722444.9506925256
2.3059999999999676,2722129.6594535448
2.3079999999999674,2721814.2042742935
2.309999999999967,2721498.54404117
2.311999999999967,2721182.7602340505
2.3139999999999668,2720866.859981441
2.3159999999999665,2720550.79761309
2.3179999999999663,2720234.5951279416
2.319999999999966,2719918.3179656933
2.321999999999966,2719601.9051802126
2.3239999999999656,2719285.3668932626
2.3259999999999654,2718968.7098059976
2.327999999999965,2718651.887167505
2.329999999999965,2718334.9704723833
2.3319999999999648,2718017.903975825
2.3339999999999645,2717700.7520863186
2.3359999999999643,2717383.454323714
2.337999999999964,2717066.0215556333
2.339999999999964,2716748.4612983936
2.3419999999999637,2716430.727451359
2.3439999999999634,2716112.8919520983
2.3459999999999632,2715794.950008625
2.347999999999963,2715476.8460820136
2.349999999999963,2715158.59507292
2.3519999999999626,2714840.207375552
2.3539999999999623,2714521.689343922
2.355999999999962,2714203.0443316884
2.357999999999962,2713884.273808383
2.3599999999999617,2713565.327476463
2.3619999999999615,2713246.224068907
2.3639999999999612,2712927.0269296775
2.365999999999961,2712607.674372735
2.367999999999961,2712288.1761423657
2.3699999999999606,2711968.4885310996
2.3719999999999604,2711648.6851589167
2.37399999999996,2711328.8526666453
2.37599999999996,2711008.9989225315
2.3779999999999597,2710689.0514960987
2.3799999999999595,2710369.0522855693
2.3819999999999593,2710048.9217991238
2.383999999999959,2709728.657126813
2.385999999999959,2709408.256916205
2.3879999999999586,2709087.720612528
2.3899999999999584,2708767.0479030623
2.391999999999958,2708446.1880684416
2.393999999999958,2708125.210184492
2.3959999999999577,2707804.0579788857
2.3979999999999575,2707482.745109421
2.3999999999999573,2707161.2810270754
2.401999999999957,2706839.6210868624
2.403999999999957,2706517.8378373827
2.4059999999999566,2706195.876859578
2.4079999999999564,2705873.803052967
2.409999999999956,2705551.557130206
2.411999999999956,2705229.155297946
2.4139999999999557,2704906.6140359757
2.4159999999999555,2704583.8956947955
2.4179999999999553,2704261.0779232727
2.419999999999955,2703938.1098192176
2.421999999999955,2703615.058168778
2.4239999999999546,2703291.864412749
2.4259999999999544,2702968.5402254206
2.427999999999954,2702645.09352341
2.429999999999954,2702321.529046263
2.4319999999999538,2701997.849207873
2.4339999999999535,2701674.0046450733
2.4359999999999533,2701350.0142289926
2.437999999999953,2701025.9412812884
2.439999999999953,2700701.7245769417
2.4419999999999527,2700377.3738390636
2.4439999999999524,2700052.8968259646
2.445999999999952,2699728.29970009
2.447999999999952,2699403.536324012
2.4499999999999518,2699078.6781050726
2.4519999999999516,2698753.670362261
2.4539999999999513,2698428.5272157094
2.455999999999951,2698103.2581699444
2.457999999999951,2697777.8688688106
2.4599999999999507,2697452.362182684
2.4619999999999505,2697126.7392457486
2.4639999999999502,2696801.0001533064
2.46599999999995,2696475.0942671825
2.46799999999995,2696149.039738357
2.4699999999999496,2695822.849209574
2.4719999999999493,2695496.530502763
2.473999999999949,2695170.087867711
2.475999999999949,2694843.523331938
2.4779999999999487,2694516.837481668
2.4799999999999485,2694189.9799864674
2.4819999999999482,2693862.9691254115
2.483999999999948,2693535.8678353257
2.485999999999948,2693208.615082446
2.4879999999999476,2692881.170432726
2.4899999999999474,2692553.6096851556
2.491999999999947,2692225.9317300403
2.493999999999947,2691898.0838784524
2.4959999999999467,2691570.0823482233
2.4979999999999465,2691241.9885403058
2.4999999999999463,2690913.7405440775
2.501999999999946,2690585.2974252007
2.503999999999946,2690256.7347105327
2.5059999999999456,2689928.0511826975
2.5079999999999454,2689599.1942293695
2.509999999999945,2689270.180118618
2.511999999999945,2688941.070663958
2.5139999999999447,2688611.8090237356
2.5159999999999445,2688282.361884588
2.5179999999999443,2687952.8112057536
2.519999999999944,2687623.1605277047
2.521999999999944,2687293.360277842
2.5239999999999436,2686963.4783733883
2.5259999999999434,2686633.4581088424
2.527999999999943,2686303.3120426005
2.529999999999943,2685973.048792628
2.5319999999999427,2685642.6735116304
2.5339999999999425,2685312.1889064508
2.5359999999999423,2684981.545992022
2.537999999999942,2684650.813675701
2.539999999999942,2684319.9362164685
2.5419999999999416,2683988.926956462
2.5439999999999414,2683657.8450341215
2.545999999999941,2683326.6272803186
2.547999999999941,2682995.231960842
2.5499999999999408,2682663.733753861
2.5519999999999405,2682332.1311713243
2.5539999999999403,2682000.371528699
2.55599999999994,2681668.4708239227
2.55799999999994,2681336.490222696
2.5599999999999397,2681004.368025628
2.5619999999999394,2680672.113357999
2.563999999999939,2680339.6828064327
2.565999999999939,2680007.1490981863
2.5679999999999388,2679674.4592188364
2.5699999999999386,2679341.6779966927
2.5719999999999383,2679008.7469173376
2.573999999999938,2678675.6773736067
2.575999999999938,2678342.477352868
2.5779999999999377,2678009.1518768566
2.5799999999999375,2677675.703744394
2.5819999999999372,2677342.084374949
2.583999999999937,2677008.312753472
2.585999999999937,2676674.4520915323
2.5879999999999366,2676340.442130026
2.5899999999999364,2676006.29278989
2.591999999999936,2675672.0111009865
2.593999999999936,2675337.551574782
2.5959999999999357,2675002.9851467395
2.5979999999999355,2674668.257802713
2.5999999999999353,2674333.383778189
2.601999999999935,2673998.3732779664
2.603999999999935,2673663.233840631
2.6059999999999346,2673327.9704044727
2.6079999999999344,2672992.5858380124
2.609999999999934,2672657.03166422
2.611999999999934,2672321.376730773
2.6139999999999337,2671985.5659322725
2.6159999999999335,2671649.6140782447
2.6179999999999333,2671313.536209786
2.619999999999933,2670977.344507137
2.621999999999933,2670641.047237167
2.6239999999999326,2670304.5994848656
2.6259999999999324,2669968.072133301
2.627999999999932,2669631.4110791315
2.629999999999932,2669294.6799827265
2.6319999999999317,2668957.819883541
2.6339999999999315,2668620.841585016
2.6359999999999313,2668283.7526797317
2.637999999999931,2667946.5578498924
2.639999999999931,2667609.259607826
2.6419999999999306,2667271.809223728
2.6439999999999304,2666934.2751396685
2.64599999999993,2666596.6020436543
2.64799999999993,2666258.8032149617
2.6499999999999297,2665920.8877864643
2.6519999999999295,2665582.8613239964
2.6539999999999293,2665244.790815835
2.655999999999929,2664906.7105237544
2.657999999999929,2664568.6607884346
2.6599999999999286,2664230.5010196464
2.6619999999999284,2663892.28216836
2.663999999999928,2663553.9861420477
2.665999999999928,2663215.54985099
2.6679999999999278,2662877.0324851596
2.6699999999999275,2662538.3736414984
2.6719999999999273,2662199.5837998595
2.673999999999927,2661860.670802652
2.675999999999927,2661521.639847352
2.6779999999999267,2661182.493917533
2.6799999999999264,2660843.184841644
2.681999999999926,2660503.731561257
2.683999999999926,2660164.2119412483
2.685999999999926,2659824.5141277798
2.6879999999999256,2659484.6928054066
2.6899999999999253,2659144.7531042807
2.691999999999925,2658804.6974461526
2.693999999999925,2658464.4771427265
2.6959999999999247,2658124.1603118004
2.6979999999999245,2657783.691901101
2.6999999999999242,2657443.0851752055
2.701999999999924,2657102.3494248036
2.703999999999924,2656761.490422121
2.7059999999999236,2656420.5114208204
2.7079999999999234,2656079.3644235954
2.709999999999923,2655738.117974475
2.711999999999923,2655396.717372695
2.7139999999999227,2655055.225709352
2.7159999999999225,2654713.58448014
2.7179999999999223,2654371.804730991
2.719999999999922,2654029.8452194566
2.721999999999922,2653687.782858037
2.7239999999999216,2653345.6211244315
2.7259999999999214,2653003.312258963
2.727999999999921,2652660.8751819106
2.729999999999921,2652318.3726486163
2.7319999999999207,2651975.744948133
2.7339999999999205,2651633.001763177
2.7359999999999203,2651290.100363432
2.73799999999992,2650947.1127734077
2.73999999999992,2650604.0361764333
2.7419999999999196,2650260.817426407
2.7439999999999194,2649917.521060647
2.745999999999919,2649574.0899796607
2.747999999999919,2649230.5102381217
2.7499999999999187,2648886.825553813
2.7519999999999185,2648543.0385737033
2.7539999999999183,2648199.149862916
2.755999999999918,2647855.109559061
2.757999999999918,2647510.985209012
2.7599999999999176,2647166.72277935
2.7619999999999174,2646822.33646086
2.763999999999917,2646477.836273664
2.765999999999917,2646133.2285317415
2.7679999999999167,2645788.5167355896
2.7699999999999165,2645443.7025449146
2.7719999999999163,2645098.7865112354
2.773999999999916,2644753.7191564064
2.775999999999916,2644408.5677552195
2.7779999999999156,2644063.277312505
2.7799999999999154,2643717.8608921696
2.781999999999915,2643372.327631754
2.783999999999915,2643026.68326169
2.7859999999999148,2642680.881530666
2.7879999999999145,2642334.9915581485
2.7899999999999143,2641989.0088098403
2.791999999999914,2641642.8792241104
2.793999999999914,2641296.6172642545
2.7959999999999137,2640950.233320363
2.7979999999999134,2640603.734086956
2.7999999999999132,2640257.1233654544
2.801999999999913,2639910.403148777
2.803999999999913,2639563.524839437
2.8059999999999126,2639216.5561015345
2.8079999999999123,2638869.442340325
2.809999999999912,2638522.1518834257
2.811999999999912,2638174.755501901
2.8139999999999117,2637827.254423115
2.8159999999999115,2637479.647730939
2.8179999999999112,2637131.933910164
2.819999999999911,2636784.062154171
2.821999999999911,2636436.09877131
2.8239999999999106,2636087.9885288836
2.8259999999999104,2635739.7445068853
2.82799999999991,2635391.3790974994
2.82999999999991,2635042.9030169216
2.8319999999999097,2634694.323941707
2.8339999999999095,2634345.5973851504
2.8359999999999093,2633996.7934440305
2.837999999999909,2633647.8590216497
2.839999999999909,2633298.8079580306
2.8419999999999086,2632949.6990123326
2.8439999999999084,2632600.47063658
2.845999999999908,2632251.131003622
2.847999999999908,2631901.686120614
2.8499999999999077,2631552.090608329
2.8519999999999075,2631202.413995875
2.8539999999999073,2630852.603045846
2.855999999999907,2630502.7208082722
2.857999999999907,2630152.709537831
2.8599999999999066,2629802.5802036542
2.8619999999999064,2629452.340656313
2.863999999999906,2629101.9958905196
2.865999999999906,2628751.548756652
2.8679999999999057,2628400.9514375944
2.8699999999999055,2628050.2716785464
2.8719999999999053,2627699.455267865
2.873999999999905,2627348.515454323
2.875999999999905,2626997.4614770734
2.8779999999999046,2626646.2991754333
2.8799999999999044,2626295.0317820692
2.881999999999904,2625943.6609228216
2.883999999999904,2625592.1871892447
2.8859999999999038,2625240.561480877
2.8879999999999035,2624888.8016105806
2.8899999999999033,2624536.969465519
2.891999999999903,2624185.006015967
2.893999999999903,2623832.92092547
2.8959999999999027,2623480.7212044303
2.8979999999999024,2623128.3622146957
2.899999999999902,2622775.913642494
2.901999999999902,2622423.322707404
2.9039999999999018,2622070.6525008604
2.9059999999999016,2621717.8456267887
2.9079999999999013,2621364.913075015
2.909999999999901,2621011.8628815506
2.911999999999901,2620658.7009757385
2.9139999999999007,2620305.3823360163
2.9159999999999004,2619951.976540864
2.9179999999999002,2619598.4309135727
2.9199999999999,2619244.8085140307
2.9219999999999,2618891.117588521
2.9239999999998996,2618537.448092172
2.9259999999998993,2618183.7308231164
2.927999999999899,2617829.953799097
2.929999999999899,2617476.103010672
2.9319999999998987,2617122.166802438
2.9339999999998985,2616768.1372411945
2.9359999999998982,2616414.0123688458
2.937999999999898,2616059.7931005685
2.939999999999898,2615705.432013411
2.9419999999998976,2615350.9482920445
2.9439999999998974,2614996.4048414514
2.945999999999897,2614641.7436439684
2.947999999999897,2614286.974683822
2.9499999999998967,2613932.1050899266
2.9519999999998965,2613577.1393019487
2.9539999999998963,2613222.030775192
2.955999999999896,2612866.8475144934
2.957999999999896,2612511.536007093
2.9599999999998956,2612156.1584714823
2.9619999999998954,2611800.6573298997
2.963999999999895,2611445.043240382
2.965999999999895,2611089.3239498506
2.9679999999998947,2610733.5044099567
2.9699999999998945,2610377.5874280925
2.9719999999998943,2610021.5254734554
2.973999999999894,2609665.3858334525
2.975999999999894,2609309.114716443
2.9779999999998936,2608952.7252205173
2.9799999999998934,2608596.2754968763
2.981999999999893,2608239.704581957
2.983999999999893,2607883.0206338456
2.9859999999998927,2607526.1808356806
2.9879999999998925,2607169.255933415
2.9899999999998923,2606812.2434490914
2.991999999999892,2606455.091178085
2.993999999999892,2606097.8140032287
2.9959999999998916,2605740.422656313
2.9979999999998914,2605382.9240820413
2.999999999999891,2605025.3223328483
3.001999999999891,2604667.619498167
3.0039999999998908,2604309.816509536
3.0059999999998905,2603951.8647563043
3.0079999999998903,2603593.830830268
3.00999999999989,2603235.660757464
3.01199999999989,2602877.3675368913
3.0139999999998897,2602518.960441895
3.0159999999998894,2602160.4453758476
3.017999999999889,2601801.825722173
3.019999999999889,2601443.103249406
3.0219999999998888,2601084.229862589
3.0239999999998886,2600725.2723647803
3.0259999999998883,2600366.1770244823
3.027999999999888,2600006.956919086
3.029999999999888,2599647.6213556826
3.0319999999998877,2599288.1762550822
3.0339999999998875,2598928.6250726026
3.0359999999998872,2598568.969588857
3.037999999999887,2598209.1617992437
3.039999999999887,2597849.219708299
3.0419999999998866,2597489.2050620946
3.0439999999998864,2597129.061863084
3.045999999999886,2596768.8034545653
3.047999999999886,2596408.4402091615
3.0499999999998857,2596047.9791297517
3.0519999999998855,2595687.3756825947
3.0539999999998853,2595326.698649039
3.055999999999885,2594965.895466645
3.057999999999885,2594605.028392418
3.0599999999998846,2594244.040413237
3.0619999999998844,2593882.9425731557
3.063999999999884,2593521.743504128
3.065999999999884,2593160.4490633314
3.0679999999998837,2592799.0627779323
3.0699999999998835,2592437.5377881373
3.0719999999998833,2592075.9412858817
3.073999999999883,2591714.2199466364
3.075999999999883,2591352.435522353
3.0779999999998826,2590990.530804592
3.0799999999998824,2590628.5163392383
3.081999999999882,2590266.3998251404
3.083999999999882,2589904.1862241044
3.0859999999998817,2589541.8784024194
3.0879999999998815,2589179.4291229174
3.0899999999998813,2588816.905279259
3.091999999999881,2588454.2535023894
3.093999999999881,2588091.486779073
3.0959999999998806,2587728.614295462
3.0979999999998804,2587365.690535743
3.09999999999988,2587002.603894838
3.10199999999988,2586639.427054414
3.1039999999998797,2586276.1603746475
3.1059999999998795,2585912.7542777043
3.1079999999998793,2585549.273741007
3.109999999999879,2585185.664255079
3.111999999999879,2584821.9380433853
3.1139999999998786,2584458.103937975
3.1159999999998784,2584094.1675571282
3.117999999999878,2583730.132206168
3.119999999999878,2583365.9995649722
3.1219999999998778,2583001.7217246746
3.1239999999998775,2582637.365074228
3.1259999999998773,2582272.876199434
3.127999999999877,2581908.2680606334
3.129999999999877,2581543.5984445256
3.1319999999998767,2581178.807146186
3.1339999999998764,2580813.853701785
3.135999999999876,2580448.8104671403
3.137999999999876,2580083.6768629663
3.139999999999876,2579718.4024704974
3.1419999999998756,2579353.0028455607
3.1439999999998753,2578987.5377847
3.145999999999875,2578621.9484094814
3.147999999999875,2578256.243713131
3.1499999999998747,2577890.4303605175
3.1519999999998745,2577524.464361742
3.1539999999998742,2577158.41646849
3.155999999999874,2576792.238075479
3.157999999999874,2576425.9943128773
3.1599999999998736,2576059.630898838
3.1619999999998734,2575693.1599707245
3.163999999999873,2575326.5902245645
3.165999999999873,2574959.92717022
3.1679999999998727,2574593.1739435694
3.1699999999998725,2574226.332158204
3.1719999999998723,2573859.3539286777
3.173999999999872,2573492.3053237265
3.175999999999872,2573125.1329671657
3.1779999999998716,2572757.964999632
3.1799999999998714,2572390.771816253
3.181999999999871,2572023.6018479043
3.183999999999871,2571656.3752371874
3.1859999999998707,2571289.0807847297
3.1879999999998705,2570921.7096563117
3.1899999999998703,2570554.2556136
3.19199999999987,2570186.7146792123
3.19399999999987,2569819.084458899
3.1959999999998696,2569451.3635685025
3.1979999999998694,2569083.5028204015
3.199999999999869,2568715.519165977
3.201999999999869,2568347.473546753
3.2039999999998687,2567979.3083279715
3.2059999999998685,2567611.0330310646
3.2079999999998683,2567242.65466456
3.209999999999868,2566874.129585453
3.211999999999868,2566505.5269756825
3.2139999999998676,2566136.8443245627
3.2159999999998674,2565768.0300619733
3.217999999999867,2565399.0988399857
3.219999999999867,2565030.0613022945
3.2219999999998667,2564660.972753989
3.2239999999998665,2564291.7231106004
3.2259999999998663,2563922.3849628093
3.227999999999866,2563552.958983825
3.229999999999866,2563183.444441122
3.2319999999998656,2562813.791889298
3.2339999999998654,2562444.017604543
3.235999999999865,2562074.1818291256
3.237999999999865,2561704.2294949414
3.2399999999998648,2561334.1830850285
3.2419999999998645,2560964.0088927317
3.2439999999998643,2560593.688639857
3.245999999999864,2560223.2907241476
3.247999999999864,2559852.7633877657
3.2499999999998637,2559482.168236742
3.2519999999998634,2559111.4489788846
3.2539999999998632,2558740.6161280824
3.255999999999863,2558369.67740138
3.257999999999863,2557998.6378949694
3.2599999999998626,2557627.5006294134
3.2619999999998623,2557256.2189642563
3.263999999999862,2556884.8600773453
3.265999999999862,2556513.373898616
3.2679999999998617,2556141.824404391
3.2699999999998615,2555770.1574253505
3.2719999999998612,2555398.3849856346
3.273999999999861,2555026.5157609545
3.275999999999861,2554654.555318667
3.2779999999998606,2554282.506886509
3.2799999999998604,2553910.323869352
3.28199999999986,2553538.0725086103
3.28399999999986,2553165.700141759
3.2859999999998597,2552793.219629576
3.2879999999998595,2552420.6883426076
3.2899999999998593,2552048.0465746867
3.291999999999859,2551675.3022760884
3.293999999999859,2551302.4132724623
3.2959999999998586,2550929.4490835504
3.2979999999998584,2550556.4075352577
3.299999999999858,2550183.237367553
3.301999999999858,2549810.001311885
3.3039999999998577,2549436.6444469295
3.3059999999998575,2549063.1782454727
3.3079999999998573,2548689.611098479
3.309999999999857,2548315.9484590814
3.311999999999857,2547942.193582883
3.3139999999998566,2547568.3000088427
3.3159999999998564,2547194.3339085844
3.317999999999856,2546820.242784569
3.319999999999856,2546446.087685084
3.3219999999998557,2546071.812417624
3.3239999999998555,2545697.4274544124
3.3259999999998553,2545322.940542972
3.327999999999855,2544948.356804327
3.329999999999855,2544573.679271991
3.3319999999998546,2544198.8614734164
3.3339999999998544,2543823.9695196464
3.335999999999854,2543448.9510263954
3.337999999999854,2543073.818873445
3.3399999999998538,2542698.5823217523
3.3419999999998535,2542323.247306038
3.3439999999998533,2541947.8173207105
3.345999999999853,2541572.2942118673
3.347999999999853,2541196.6788633317
3.3499999999998527,2540820.923459981
3.3519999999998524,2540445.09328564
3.353999999999852,2540069.135629582
3.355999999999852,2539693.063321445
3.3579999999998518,2539316.8861174574
3.3599999999998515,2538940.610611506
3.3619999999998513,2538564.2408489455
3.363999999999851,2538187.7790584126
3.365999999999851,2537811.178288636
3.3679999999998507,2537434.5041828603
3.3699999999998504,2537057.7042443044
3.3719999999998502,2536680.7912444174
3.37399999999985,2536303.774353069
3.37599999999985,2535926.6602196475
3.3779999999998496,2535549.454529777
3.3799999999998493,2535172.161473659
3.381999999999849,2534794.7837067703
3.383999999999849,2534417.274746566
3.3859999999998487,2534039.652394864
3.3879999999998485,2533661.9775348096
3.3899999999998482,2533284.1932824207
3.391999999999848,2532906.3089730456
3.393999999999848,2532528.3314386415
3.3959999999998476,2532150.265086772
3.3979999999998474,2531772.1124712997
3.399999999999847,2531393.82693303
3.401999999999847,2531015.474081403
3.4039999999998467,2530637.0015677083
3.4059999999998465,2530258.470027268
3.4079999999998463,2529879.8235274884
3.409999999999846,2529501.0723569845
3.411999999999846,2529122.2241983446
3.4139999999998456,2528743.2840871536
3.4159999999998454,2528364.207082626
3.417999999999845,2527985.0598088917
3.419999999999845,2527605.8385111485
3.4219999999998447,2527226.535877822
3.4239999999998445,2526847.258418125
3.4259999999998443,2526467.94830914
3.427999999999844,2526088.645257301
3.429999999999844,2525709.2715155175
3.4319999999998436,2525329.819725491
3.4339999999998434,2524950.33309327
3.435999999999843,2524570.7438954636
3.437999999999843,2524190.9848154616
3.4399999999998427,2523811.154373218
3.4419999999998425,2523431.24890748
3.4439999999998423,2523051.216312311
3.445999999999842,2522671.117970769
3.447999999999842,2522290.898983422
3.4499999999998416,2521910.5703968983
3.4519999999998414,2521530.140444674
3.453999999999841,2521149.614610522
3.455999999999841,2520768.996187962
3.4579999999998408,2520388.2870153775
3.4599999999998405,2520007.4401258207
3.4619999999998403,2519626.4728850666
3.46399999999984,2519245.445745803
3.46599999999984,2518864.302163475
3.4679999999998397,2518483.0514741214
3.4699999999998394,2518101.700626294
3.471999999999839,2517720.254152726
3.473999999999839,2517338.714840547
3.4759999999998388,2516957.0363787143
3.4779999999998386,2516575.2842661934
3.4799999999998383,2516193.406576635
3.481999999999838,2515811.4160848646
3.483999999999838,2515429.3220167686
3.4859999999998377,2515047.1303894757
3.4879999999998375,2514664.8449053634
3.4899999999998372,2514282.4691082817
3.491999999999837,2513900.0059619127
3.493999999999837,2513517.4098376133
3.4959999999998366,2513134.699005119
3.4979999999998364,2512751.934442128
3.499999999999836,2512369.0601861128
3.501999999999836,2511986.0861879485
3.5039999999998357,2511603.019864122
3.5059999999998355,2511219.866115418
3.5079999999998353,2510836.6278299475
3.509999999999835,2510453.258787557
3.511999999999835,2510069.824317983
3.5139999999998346,2509686.272460089
3.5159999999998344,2509302.6635784036
3.517999999999834,2508918.942047407
3.519999999999834,2508535.1180873993
3.5219999999998337,2508151.1993118366
3.5239999999998335,2507767.1907494557
3.5259999999998333,2507383.047674455
3.527999999999833,2506998.83630935
3.529999999999833,2506614.5052889045
3.5319999999998326,2506230.1152528967
3.5339999999998324,2505845.6108156447
3.535999999999832,2505461.002261371
3.537999999999832,2505076.297250073
3.5399999999998317,2504691.5008458598
3.5419999999998315,2504306.6160816634
3.5439999999998313,2503921.6446111887
3.545999999999831,2503536.53951087
3.547999999999831,2503151.365577359
3.5499999999998306,2502766.0707890457
3.5519999999998304,2502380.6677218145
3.55399999999983,2501995.1654743464
3.55599999999983,2501609.5699933036
3.5579999999998297,2501223.884767016
3.5599999999998295,2500838.1116895285
3.5619999999998293,2500452.251652093
3.563999999999829,2500066.257327521
3.565999999999829,2499680.193203072
3.5679999999998286,2499294.007205742
3.5699999999998284,2498907.7118298123
3.571999999999828,2498521.316169326
3.573999999999828,2498134.8262027
3.5759999999998278,2497748.245510824
3.5779999999998275,2497361.5760873063
3.5799999999998273,2496974.771238297
3.581999999999827,2496587.89575832
3.583999999999827,2496200.897782833
3.5859999999998267,2495813.7898726077
3.5879999999998264,2495426.581138733
3.589999999999826,2495039.2775418786
3.591999999999826,2494651.8826187137
3.593999999999826,2494264.398330167
3.5959999999998256,2493876.7779999906
3.5979999999998253,2493489.0863834736
3.599999999999825,2493101.2716913596
3.601999999999825,2492713.394412067
3.6039999999998247,2492325.4009542363
3.6059999999998245,2491937.303306583
3.6079999999998242,2491549.110608371
3.609999999999824,2491160.781435156
3.611999999999824,2490772.383817777
3.6139999999998236,2490383.915470426
3.6159999999998234,2489995.325688732
3.617999999999823,2489606.675808865
3.619999999999823,2489217.91182827
3.6219999999998227,2488829.044793503
3.6239999999998225,2488440.082895939
3.6259999999998223,2488051.031540498
3.627999999999822,2487661.8939982476
3.629999999999822,2487272.6245196965
3.6319999999998216,2486883.2881569923
3.6339999999998214,2486493.8334222166
3.635999999999821,2486104.320374194
3.637999999999821,2485714.6938626496
3.6399999999998207,2485324.9640729954
3.6419999999998205,2484935.138837572
3.6439999999998203,2484545.223634846
3.64599999999982,2484155.2219696273
3.64799999999982,2483765.08838172
3.6499999999998196,2483374.888066629
3.6519999999998194,2482984.5697054896
3.653999999999819,2482594.1933917557
3.655999999999819,2482203.7658473765
3.6579999999998187,2481813.326155353
3.6599999999998185,2481422.9206531374
3.6619999999998183,2481032.469920133
3.663999999999818,2480641.9610307165
3.665999999999818,2480251.383852203
3.6679999999998176,2479860.7312760255
3.6699999999998174,2479469.998783436
3.671999999999817,2479079.183699053
3.673999999999817,2478688.2371458528
3.6759999999998167,2478297.2224063063
3.6779999999998165,2477906.087463285
3.6799999999998163,2477514.8446664233
3.681999999999816,2477123.5031044586
3.683999999999816,2476732.0687969425
3.6859999999998156,2476340.545372402
3.6879999999998154,2475948.934783958
3.689999999999815,2475557.1906519025
3.691999999999815,2475165.3773365505
3.6939999999998148,2474773.4433107926
3.6959999999998145,2474381.4483900536
3.6979999999998143,2473989.3376591853
3.699999999999814,2473597.1212851517
3.701999999999814,2473204.759597866
3.7039999999998137,2472812.321690798
3.7059999999998134,2472419.806506428
3.7079999999998132,2472027.164387069
3.709999999999813,2471634.456931746
3.711999999999813,2471241.6307685263
3.7139999999998126,2470848.6970837857
3.7159999999998123,2470455.6646145578
3.717999999999812,2470062.540253394
3.719999999999812,2469669.3289256473
3.7219999999998117,2469276.0337667083
3.7239999999998115,2468882.6092136567
3.7259999999998112,2468489.1200580993
3.727999999999811,2468095.515130223
3.729999999999811,2467701.854213167
3.7319999999998106,2467308.082527996
3.7339999999998104,2466914.210107985
3.73599999999981,2466520.244554828
3.73799999999981,2466126.1436613007
3.7399999999998097,2465731.974350031
3.7419999999998095,2465337.7341272915
3.7439999999998093,2464943.3724548505
3.745999999999809,2464548.9029970528
3.747999999999809,2464154.3831428327
3.7499999999998086,2463759.7558828634
3.7519999999998084,2463365.029474901
3.753999999999808,2462970.210294295
3.755999999999808,2462575.2553702816
3.7579999999998077,2462180.231128977
3.7599999999998075,2461785.13484519
3.7619999999998073,2461389.915940579
3.763999999999807,2460994.5880252235
3.765999999999807,2460599.1612538337
3.7679999999998066,2460203.689629124
3.7699999999998064,2459808.066380703
3.771999999999806,2459412.3616777174
3.773999999999806,2459016.5765950345
3.7759999999998057,2458620.710712306
3.7779999999998055,2458224.7159646163
3.7799999999998053,2457828.608002187
3.781999999999805,2457432.445893246
3.783999999999805,2457036.1740507702
3.7859999999998046,2456639.8016260127
3.7879999999998044,2456243.3355396343
3.789999999999804,2455846.7332113925
3.791999999999804,2455450.0611492973
3.7939999999998038,2455053.316714501
3.7959999999998035,2454656.4494438516
3.7979999999998033,2454259.472921955
3.799999999999803,2453862.397330732
3.801999999999803,2453465.2765902774
3.8039999999998027,2453068.004135137
3.8059999999998024,2452670.64997048
3.807999999999802,2452273.2152135056
3.809999999999802,2451875.6994528156
3.8119999999998018,2451478.054704335
3.8139999999998015,2451080.296560081
3.8159999999998013,2450682.483786
3.817999999999801,2450284.5605464955
3.819999999999801,2449886.5357352598
3.8219999999998007,2449488.416026216
3.8239999999998004,2449090.1588635296
3.8259999999998002,2448691.830543298
3.8279999999998,2448293.4285007943
3.8299999999998,2447894.90264939
3.8319999999997996,2447496.2677246644
3.8339999999997993,2447097.5352297616
3.835999999999799,2446698.7601027004
3.837999999999799,2446299.836694158
3.8399999999997987,2445900.8353712987
3.8419999999997985,2445501.757447258
3.8439999999997982,2445102.602625982
3.845999999999798,2444703.32297999
3.847999999999798,2444303.9810654162
3.8499999999997976,2443904.524922435
3.8519999999997974,2443504.96634869
3.853999999999797,2443105.3139999975
3.855999999999797,2442705.5736144134
3.8579999999997967,2442305.748641305
3.8599999999997965,2441905.7939310204
3.8619999999997963,2441505.7738067345
3.863999999999796,2441105.637450141
3.865999999999796,2440705.444277419
3.8679999999997956,2440305.1399599523
3.8699999999997954,2439904.7345301425
3.871999999999795,2439504.2356166807
3.873999999999795,2439103.648350139
3.8759999999997947,2438702.975845737
3.8779999999997945,2438302.19119277
3.8799999999997943,2437901.4232528866
3.881999999999794,2437500.6742487797
3.883999999999794,2437099.923845699
3.8859999999997936,2436699.147765368
3.8879999999997934,2436298.2784013245
3.889999999999793,2435897.317026342
3.891999999999793,2435496.3129224093
3.8939999999997927,2435095.205010311
3.8959999999997925,2434693.999057968
3.8979999999997923,2434292.7002086095
3.899999999999792,2433891.2654032107
3.901999999999792,2433489.760446735
3.9039999999997916,2433088.1359267016
3.9059999999997914,2432686.4519454865
3.907999999999791,2432284.654790801
3.909999999999791,2431882.754708899
3.9119999999997908,2431480.759467434
3.9139999999997905,2431078.6742668212
3.9159999999997903,2430676.502307423
3.91799999999979,2430274.245519314
3.91999999999979,2429871.8582633412
3.9219999999997897,2429469.404419508
3.9239999999997894,2429066.8333831145
3.925999999999789,2428664.1575638307
3.927999999999789,2428261.3860996314
3.9299999999997888,2427858.5249432246
3.9319999999997886,2427455.577761219
3.9339999999997883,2427052.5465390836
3.935999999999788,2426649.432280028
3.937999999999788,2426246.1885244437
3.9399999999997877,2425842.8316648984
3.9419999999997875,2425439.4207634483
3.9439999999997872,2425035.9009406655
3.945999999999787,2424632.2821161663
3.947999999999787,2424228.572174082
3.9499999999997866,2423824.776594457
3.9519999999997864,2423420.851951049
3.953999999999786,2423016.863263422
3.955999999999786,2422612.7606513905
3.9579999999997857,2422208.6035779207
3.9599999999997855,2421804.338118541
3.9619999999997852,2421399.974228165
3.963999999999785,2420995.5194294536
3.965999999999785,2420590.9787882925
3.9679999999997846,2420186.3553595953
3.9699999999997844,2419781.604056396
3.971999999999784,2419376.788768381
3.973999999999784,2418971.8589728177
3.9759999999997837,2418566.8737839027
3.9779999999997835,2418161.7791759786
3.9799999999997833,2417756.5850529443
3.981999999999783,2417351.2989668027
3.983999999999783,2416945.9259954747
3.9859999999997826,2416540.422524006
3.9879999999997824,2416134.8532937327
3.989999999999782,2415729.2151980293
3.991999999999782,2415323.457874841
3.9939999999997817,2414917.5944716805
3.9959999999997815,2414511.6349618463
3.9979999999997813,2414105.5861218385
3.999999999999781,2413699.4521151856
4.001999999999781,2413293.2353185616
4.003999999999781,2412886.9369371864
4.005999999999781,2412480.5107893604
4.007999999999781,2412074.020014843
4.00999999999978,2411667.4139211634
4.01199999999978,2411260.7047113706
4.01399999999978,2410853.901394903
4.01599999999978,2410447.00995517
4.0179999999997795,2410040.034140276
4.019999999999779,2409632.9760577036
4.021999999999779,2409225.790086527
4.023999999999779,2408818.5395962126
4.025999999999779,2408411.174075027
4.027999999999778,2408003.752481178
4.029999999999778,2407596.2209508866
4.031999999999778,2407188.589471027
4.033999999999778,2406780.8656419357
4.0359999999997775,2406373.0079694344
4.037999999999777,2405965.0825142814
4.039999999999777,2405557.087214265
4.041999999999777,2405148.972433505
4.043999999999777,2404740.7516269037
4.045999999999776,2404332.4816751992
4.047999999999776,2403924.10666185
4.049999999999776,2403515.6348520853
4.051999999999776,2403107.072735048
4.053999999999776,2402698.3783121016
4.055999999999775,2402289.617349499
4.057999999999775,2401880.7412000503
4.059999999999775,2401471.810414174
4.061999999999775,2401062.772672268
4.0639999999997745,2400653.6388474903
4.065999999999774,2400244.4171363325
4.067999999999774,2399835.1129845493
4.069999999999774,2399425.729763772
4.071999999999774,2399016.2693098937
4.073999999999773,2398606.6859365636
4.075999999999773,2398197.042745783
4.077999999999773,2397787.2892417726
4.079999999999773,2397377.484113616
4.0819999999997725,2396967.573616793
4.083999999999772,2396557.567619888
4.085999999999772,2396147.4736269726
4.087999999999772,2395737.2967893775
4.089999999999772,2395326.9937045756
4.091999999999771,2394916.6886397637
4.093999999999771,2394506.4070631005
4.095999999999771,2394096.137514534
4.097999999999771,2393685.857571113
4.0999999999997705,2393275.49889602
4.10199999999977,2392865.1070449944
4.10399999999977,2392454.61974598
4.10599999999977,2392044.041663644
4.10799999999977,2391633.377464122
4.109999999999769,2391222.630839313
4.111999999999769,2390811.80441142
4.113999999999769,2390400.899877568
4.115999999999769,2389989.918268847
4.1179999999997685,2389578.813591642
4.119999999999768,2389167.602207853
4.121999999999768,2388756.3429034553
4.123999999999768,2388344.981424709
4.125999999999768,2387933.5268654167
4.127999999999767,2387521.9861009875
4.129999999999767,2387110.363821513
4.131999999999767,2386698.66300152
4.133999999999767,2386286.8388818586
4.1359999999997665,2385874.9549386334
4.137999999999766,2385462.961267983
4.139999999999766,2385050.8702368117
4.141999999999766,2384638.691000442
4.143999999999766,2384226.4296853994
4.145999999999765,2383814.090082987
4.147999999999765,2383401.6744074468
4.149999999999765,2382989.1838739575
4.151999999999765,2382576.6191125875
4.1539999999997645,2382163.9339908133
4.155999999999764,2381751.1446800213
4.157999999999764,2381338.3098484976
4.159999999999764,2380925.3754131026
4.161999999999764,2380512.3504987727
4.1639999999997634,2380099.2420637906
4.165999999999763,2379686.0549705694
4.167999999999763,2379272.7459381814
4.169999999999763,2378859.3792930287
4.171999999999763,2378445.9063857356
4.173999999999762,2378032.3870978993
4.175999999999762,2377618.769080611
4.177999999999762,2377205.06292498
4.179999999999762,2376791.276710449
4.1819999999997615,2376377.4159822604
4.183999999999761,2375963.484412378
4.185999999999761,2375549.4843026777
4.187999999999761,2375135.416936162
4.189999999999761,2374721.2366876467
4.19199999999976,2374307.0062757414
4.19399999999976,2373892.6756678415
4.19599999999976,2373478.257098066
4.19799999999976,2373063.7596500814
4.1999999999997595,2372649.189519648
4.201999999999759,2372234.5505785816
4.203999999999759,2371819.8451287197
4.205999999999759,2371405.0744903255
4.207999999999759,2370990.2393978047
4.209999999999758,2370575.2939236127
4.211999999999758,2370160.300663308
4.213999999999758,2369745.209693112
4.215999999999758,2369330.033312794
4.2179999999997575,2368914.780775595
4.219999999999757,2368499.4584280713
4.221999999999757,2368084.0703253425
4.223999999999757,2367668.6189432563
4.225999999999757,2367253.105792356
4.227999999999756,2366837.48546412
4.229999999999756,2366421.820796368
4.231999999999756,2366006.062130904
4.233999999999756,2365590.2682807366
4.2359999999997555,2365174.3864778616
4.237999999999755,2364758.427050279
4.239999999999755,2364342.398112681
4.241999999999755,2363926.3054250106
4.243999999999755,2363510.1528302305
4.245999999999754,2363093.9428351484
4.247999999999754,2362677.67710958
4.249999999999754,2362261.310515998
4.251999999999754,2361844.9060903853
4.2539999999997535,2361428.4145364524
4.255999999999753,2361011.8485698993
4.257999999999753,2360595.2642346164
4.259999999999753,2360178.6061904584
4.261999999999753,2359761.8827909143
4.263999999999752,2359345.1008893494
4.265999999999752,2358928.2655978
4.267999999999752,2358511.3805578123
4.269999999999752,2358094.402167953
4.2719999999997516,2357677.3944815737
4.273999999999751,2357260.355209481
4.275999999999751,2356843.2356287637
4.277999999999751,2356426.095946399
4.279999999999751,2356008.885238196
4.2819999999997505,2355591.61561097
4.28399999999975,2355174.3433600757
4.28599999999975,2354757.013935897
4.28799999999975,2354339.6363849943
4.28999999999975,2353922.2182799294
4.291999999999749,2353504.7654237635
4.293999999999749,2353087.293456146
4.295999999999749,2352669.873891476
4.297999999999749,2352252.5177252907
4.2999999999997485,2351835.2582948254
4.301999999999748,2351418.0151274935
4.303999999999748,2351000.775696286
4.305999999999748,2350583.5321596204
4.307999999999748,2350166.2805032493
4.309999999999747,2349749.019521608
4.311999999999747,2349331.749892303
4.313999999999747,2348914.473440458
4.315999999999747,2348497.192648091
4.3179999999997465,2348079.910477369
4.319999999999746,2347662.583961791
4.321999999999746,2347245.278408596
4.323999999999746,2346827.9936008505
4.325999999999746,2346410.72947396
4.327999999999745,2345993.4407349885
4.329999999999745,2345576.191324202
4.331999999999745,2345158.9805234326
4.333999999999745,2344741.8084280826
4.3359999999997445,2344324.676602624
4.337999999999744,2343907.541978976
4.339999999999744,2343490.4707645364
4.341999999999744,2343073.46463253
4.343999999999744,2342656.5260864557
4.345999999999743,2342239.659173708
4.347999999999743,2341822.8695680075
4.349999999999743,2341406.164451358
4.351999999999743,2340989.598472747
4.3539999999997425,2340573.119602632
4.355999999999742,2340156.742565478
4.357999999999742,2339740.5294537223
4.359999999999742,2339324.481088969
4.361999999999742,2338908.6025461988
4.363999999999741,2338492.9036190165
4.365999999999741,2338077.3984691175
4.367999999999741,2337662.151378854
4.369999999999741,2337247.168627997
4.3719999999997405,2336832.4640452643
4.37399999999974,2336418.1055699536
4.37599999999974,2336004.107187357
4.37799999999974,2335590.494508311
4.37999999999974,2335177.3515545446
4.381999999999739,2334764.759562931
4.383999999999739,2334352.802103739
4.385999999999739,2333941.525943136
4.387999999999739,2333531.102786245
4.3899999999997386,2333121.666197585
4.391999999999738,2332713.3924038345
4.393999999999738,2332306.6190674417
4.395999999999738,2331901.725626533
4.397999999999738,2331499.4535772973
4.3999999999997375,2331101.1754512843
4.401999999999737,2330714.980757767
4.403999999999737,2156098.260618694
4.405999999999737,1949911.9797848433
4.407999999999737,1763363.914757552
4.409999999999736,1610979.2720655673
4.411999999999736,1493039.7410043275
4.413999999999736,1404833.5565452094
4.415999999999736,1340391.8415179385
4.4179999999997355,1294058.0584432527
4.419999999999735,1261073.4935095184
4.421999999999735,1237703.1641780832
4.423999999999735,1221137.4714089534
4.425999999999735,1209329.3032926978
4.427999999999734,1200813.2777370042
4.429999999999734,1194557.8751503422
4.431999999999734,1189845.6901196684
4.433999999999734,1186182.4168964066
4.4359999999997335,1183230.3469857036
4.437999999999733,1180758.9985674436
4.439999999999733,1178611.828906892
4.441999999999733,1176683.0105803276
4.443999999999733,1174901.1893004202
4.445999999999732,1173218.3239142569
4.447999999999732,1171602.2104166779
4.449999999999732,1170031.301988196
4.451999999999732,1168491.1414957482
4.4539999999997315,1166972.0849816375
4.455999999999731,1165467.6680900624
4.457999999999731,1163973.5753709597
4.459999999999731,1162486.980278918
4.461999999999731,1161005.9291614878
4.46399999999973,1159529.1750798114
4.46599999999973,1158055.856730981
4.46799999999973,1156585.4308632123
4.46999999999973,1155117.4688398207
4.4719999999997295,1153651.778257497
4.473999999999729,1152188.1752384827
4.475999999999729,1150726.531005212
4.477999999999729,1149266.7551245866
4.479999999999729,1147808.7839112303
4.481999999999728,1146352.6260472175
4.483999999999728,1144898.2894508878
4.485999999999728,1143445.6730797922
4.487999999999728,1141994.8092966203
4.4899999999997275,1140545.6690559275
4.491999999999727,1139098.284407062
4.493999999999727,1137652.6254223417
4.495999999999727,1136208.723205858
4.497999999999727,1134766.4932345392
4.499999999999726,1133325.979748474
4.501999999999726,1131887.2159477253
4.503999999999726,1130450.1723933255
4.505999999999726,1129014.826634478
4.507999999999726,1127581.1617971498
4.509999999999725,1126149.2191244345
4.511999999999725,1124719.0293053587
4.513999999999725,1123290.5071224528
4.515999999999725,1121863.696265697
4.5179999999997245,1120438.6295669838
4.519999999999724,1119015.2235541295
4.521999999999724,1117593.5232918216
4.523999999999724,1116173.5088736638
4.525999999999724,1114755.2190847648
4.527999999999723,1113338.6289828434
4.529999999999723,1111923.7196599757
4.531999999999723,1110510.5308834547
4.533999999999723,1109099.0385655796
4.5359999999997225,1107689.2245386904
4.537999999999722,1106281.1291759633
4.539999999999722,1104874.7289218842
4.541999999999722,1103470.0060432504
4.543999999999722,1102067.0012906236
4.545999999999721,1100665.6914741148
4.547999999999721,1099266.0591595569
4.549999999999721,1097868.0915736572
4.551999999999721,1096471.833347155
4.5539999999997205,1095077.2642598234
4.55599999999972,1093684.4230451568
4.55799999999972,1092293.2849954327
4.55999999999972,1090903.83167014
4.56199999999972,1089516.0496678636
4.563999999999719,1088129.9832380917
4.565999999999719,1086745.6121800437
4.567999999999719,1085362.921500595
4.569999999999719,1083981.9004622616
4.5719999999997185,1082602.5953942833
4.573999999999718,1081224.9877142343
4.575999999999718,1079849.1175095334
4.577999999999718,1078474.907753895
4.579999999999718,1077102.408692878
4.581999999999717,1075731.605130109
4.583999999999717,1074362.5398979352
4.585999999999717,1072995.13830285
4.587999999999717,1071629.4523538912
4.5899999999997165,1070265.5219993107
4.591999999999716,1068903.270446373
4.593999999999716,1067542.7479510067
4.595999999999716,1066183.9397835282
4.597999999999716,1064826.8356119588
4.599999999999715,1063471.5203761128
4.601999999999715,1062117.8914390164
4.603999999999715,1060765.985562334
4.605999999999715,1059415.7947159675
4.6079999999997145,1058067.3666871393
4.609999999999714,1056720.6320499708
4.611999999999714,1055375.6465504593
4.613999999999714,1054032.4534571702
4.615999999999714,1052690.9796415817
4.6179999999997134,1051351.277918556
4.619999999999713,1050013.3363589607
4.621999999999713,1048677.1473097892
4.623999999999713,1047342.7065874704
4.625999999999713,1046010.0446145387
4.627999999999712,1044679.1213830564
4.629999999999712,1043350.0030590573
4.631999999999712,1042022.6721268491
4.633999999999712,1040697.177163911
4.6359999999997115,1039373.4505572164
4.637999999999711,1038051.5490533533
4.639999999999711,1036731.46474878
4.641999999999711,1035413.1936248664
4.643999999999711,1034096.7347987526
4.64599999999971,1032782.1426257002
4.64799999999971,1031469.4075227887
4.64999999999971,1030158.4718775097
4.65199999999971,1028849.3999596905
4.6539999999997095,1027542.1904510728
4.655999999999709,1026236.8971043994
4.657999999999709,1024933.458233806
4.659999999999709,1023631.934457391
4.661999999999709,1022332.3222827183
4.663999999999708,1021034.5696902745
4.665999999999708,1019738.7447451258
4.667999999999708,1018444.9018672501
4.669999999999708,1017152.9811939491
4.6719999999997075,1015862.9924829864
4.673999999999707,1014574.998268268
4.675999999999707,1013288.9975239445
4.677999999999707,1012004.9411729093
4.679999999999707,1010722.898786781
4.681999999999706,1009442.8754167688
4.683999999999706,1008164.8782966223
4.685999999999706,1006888.9168288795
4.687999999999706,1005615.0020473923
4.6899999999997055,1004343.1970632077
4.691999999999705,1003073.4521258231
4.693999999999705,1001805.8348956242
4.695999999999705,1000540.3000139176
4.697999999999705,999276.9181584069
4.699999999999704,998015.6471002104
4.701999999999704,996756.5595019219
4.703999999999704,995499.6650664975
4.705999999999704,994244.9258531705
4.7079999999997035,992992.417664456
4.709999999999703,991742.1530419391
4.711999999999703,990494.1463277296
4.713999999999703,989248.3685893099
4.715999999999703,988004.8930954112
4.717999999999702,986763.7263809938
4.719999999999702,985524.8972786788
4.721999999999702,984288.4235316605
4.723999999999702,983054.2759212524
4.7259999999997016,981822.5343028047
4.727999999999701,980593.2167058834
4.729999999999701,979366.2947720629
4.731999999999701,978141.8478387274
4.733999999999701,976919.8471234901
4.7359999999997004,975700.3710116557
4.7379999999997,974483.390930152
4.7399999999997,973268.9378313293
4.7419999999997,972057.0880250984
4.7439999999997,970847.811969107
4.745999999999699,969641.1396562852
4.747999999999699,968437.0545133802
4.749999999999699,967235.6414539735
4.751999999999699,966036.9252053159
4.7539999999996985,964840.8851188454
4.755999999999698,963647.6017879641
4.757999999999698,962457.0526362136
4.759999999999698,961269.270887685
4.761999999999698,960084.2880574134
4.763999999999697,958902.0900006454
4.765999999999697,957722.7592933242
4.767999999999697,956546.2770554209
4.769999999999697,955372.6781702111
4.7719999999996965,954201.9945792
4.773999999999696,953034.2554413349
4.775999999999696,951869.4463649773
4.777999999999696,950707.6452908897
4.779999999999696,949548.8511664108
4.781999999999695,948393.1165491972
4.783999999999695,947240.4728977651
4.785999999999695,946090.9412156026
4.787999999999695,944944.4980502895
4.7899999999996945,943801.2083289676
4.791999999999694,942661.0442729298
4.793999999999694,941523.9885372596
4.795999999999694,940390.1097413765
4.797999999999694,939259.3849092737
4.799999999999693,938131.8381266851
4.801999999999693,937007.4518815464
4.803999999999693,935886.2535164382
4.805999999999693,934768.2654494707
4.8079999999996925,933653.468967076
4.809999999999692,932541.9396738771
4.811999999999692,931433.5970296672
4.813999999999692,930328.5033502969
4.815999999999692,929226.6340631278
4.817999999999691,928128.0063142942
4.819999999999691,927032.5969585192
4.821999999999691,925940.4224996314
4.823999999999691,924851.4943927047
4.8259999999996905,923765.8189035495
4.82799999999969,922683.3642059765
4.82999999999969,921604.1043418895
4.83199999999969,920528.0834009786
4.83399999999969,919455.2320771406
4.835999999999689,918385.5925821807
4.837999999999689,917319.1274070345
4.839999999999689,916255.8361966639
4.841999999999689,915195.7128746074
4.8439999999996886,914138.7162177424
4.845999999999688,913084.8407178902
4.847999999999688,912034.0450012692
4.849999999999688,910986.3222973747
4.851999999999688,909941.6606375508
4.8539999999996875,908900.0439747038
4.855999999999687,907861.4220694747
4.857999999999687,906825.749693945
4.859999999999687,905793.0442177443
4.861999999999687,904763.2513030407
4.863999999999686,903736.3503611377
4.865999999999686,902712.2887428878
4.867999999999686,901691.0743980132
4.869999999999686,900672.6478209768
4.8719999999996855,899656.954550971
4.873999999999685,898643.9999469469
4.875999999999685,897633.7233058495
4.877999999999685,896626.0961398924
4.879999999999685,895621.0602220474
4.881999999999684,894618.5889510827
4.883999999999684,893618.6796366076
4.885999999999684,892621.2393463549
4.887999999999684,891626.268404228
4.8899999999996835,890633.7039865056
4.891999999999683,889643.5417499177
4.893999999999683,888655.7156475164
4.895999999999683,887670.192817644
4.897999999999683,886686.9127211114
4.899999999999682,885705.8719328912
4.901999999999682,884727.0069511714
4.903999999999682,883750.2865063999
4.905999999999682,882775.6777182232
4.9079999999996815,881803.146983908
4.909999999999681,880832.6602175202
4.911999999999681,879864.1577190913
4.913999999999681,878897.636652268
4.915999999999681,877933.0360663135
4.91799999999968,876970.3276990047
4.91999999999968,876009.5070805968
4.92199999999968,875050.5135909388
4.92399999999968,874093.3188923845
4.9259999999996795,873137.8944393151
4.927999999999679,872184.2124924473
4.929999999999679,871232.2449476161
4.931999999999679,870281.9398419048
4.933999999999679,869333.3009836471
4.935999999999678,868386.301135322
4.937999999999678,867440.8890077696
4.939999999999678,866497.0698867722
4.941999999999678,865554.8178807265
4.9439999999996775,864614.0837262168
4.945999999999677,863674.8749546731
4.947999999999677,862737.1678664169
4.949999999999677,861800.915724131
4.951999999999677,860866.1282257028
4.953999999999676,859932.760012328
4.955999999999676,859000.8218626955
4.957999999999676,858070.2938136978
4.959999999999676,857141.1331213181
4.961999999999676,856213.3532031784
4.963999999999675,855286.9367614862
4.965999999999675,854361.8433917786
4.967999999999675,854529.1296171563
4.969999999999675,854443.9890877691
4.9719999999996745,854163.9854891155
4.973999999999674,853738.1554443075
4.975999999999674,853205.4913799441
4.977999999999674,852595.7630456972
4.979999999999674,851931.1104001419
4.981999999999673,851227.702808765
4.983999999999673,850497.2021933948
4.985999999999673,849747.9432938911
4.987999999999673,848985.8404794735
4.9899999999996725,848215.0634566807
4.991999999999672,847438.5487740375
4.993999999999672,846658.3522308304
4.995999999999672,845875.9135715435
4.997999999999672,845092.2332420801
4.999999999999671,844308.0089965228
5.001999999999671,843523.7271507389
5.003999999999671,842739.7258648564
5.005999999999671,841956.2368818729
5.0079999999996705,841173.4209249297
5.00999999999967,840391.3918753465
5.01199999999967,839610.2252949509
5.01399999999967,838829.9731660006
5.01599999999967,838050.6709291037
5.017999999999669,837272.3449627573
5.019999999999669,836495.0078896632
5.021999999999669,835718.6727588995
5.023999999999669,834943.3456375442
5.0259999999996685,834169.0274460135
5.027999999999668,833395.7229832725
5.029999999999668,832623.4327189802
5.031999999999668,831852.1561714563
5.033999999999668,831081.8923304759
5.035999999999667,830312.6397721412
5.037999999999667,829544.3970278685
5.039999999999667,828777.1646455243
5.041999999999667,828010.9377805797
5.0439999999996665,827245.7168644286
5.045999999999666,826481.4971633973
5.047999999999666,825718.2791928126
5.049999999999666,824956.0581146391
5.051999999999666,824194.8344418849
5.053999999999665,823434.6057072419
5.055999999999665,822675.3673207948
5.057999999999665,821917.1198905044
5.059999999999665,821159.8799572674
5.0619999999996645,820403.6548118853
5.063999999999664,819648.4386697516
5.065999999999664,818894.2253384582
5.067999999999664,818141.0103449065
5.069999999999664,817388.7847326433
5.0719999999996634,816637.5453565455
5.073999999999663,815887.2871176598
5.075999999999663,815138.003544075
5.077999999999663,814389.6935038812
5.079999999999663,813642.3535895591
5.081999999999662,812895.9807785077
5.083999999999662,812150.5722761214
5.085999999999662,811406.1256438724
5.087999999999662,810662.6385935475
5.0899999999996615,809920.1086752778
5.091999999999661,809178.5338034976
5.093999999999661,808437.9117954201
5.095999999999661,807698.2406181218
5.097999999999661,806959.5200178721
5.09999999999966,806221.745623269
5.10199999999966,805484.9157003993
5.10399999999966,804749.0300339588
5.10599999999966,804014.0844174887
5.1079999999996595,803280.0771029474
5.109999999999659,802547.0079231752
5.111999999999659,801814.8729534626
5.113999999999659,801083.6720487087
5.115999999999659,800353.4029645118
5.117999999999658,799624.0618263802
5.119999999999658,798895.6487503531
5.121999999999658,798168.1613769041
5.123999999999658,797441.5960479699
5.1259999999996575,796715.952886002
5.127999999999657,795991.2296579698
5.129999999999657,795267.4243263586
5.131999999999657,794544.5349494388
5.133999999999657,793822.5595087531
5.135999999999656,793101.4960005087
5.137999999999656,792381.3425652036
5.139999999999656,791662.097251019
5.141999999999656,790943.7582360824
5.1439999999996555,790226.3236195309
5.145999999999655,789509.7915518478
5.147999999999655,788794.1601531027
5.149999999999655,788079.4275356813
5.151999999999655,787365.5919837746
5.153999999999654,786652.6515122541
5.155999999999654,785940.6056846215
5.157999999999654,785229.4509517158
5.159999999999654,784519.1857739729
5.1619999999996535,783809.8082097202
5.163999999999653,783101.3165892517
5.165999999999653,782393.7103241911
5.167999999999653,781686.9861139907
5.169999999999653,780981.1423670144
5.171999999999652,780276.1784371074
5.173999999999652,779572.0911733999
5.175999999999652,778868.8788354881
5.177999999999652,778166.541026659
5.1799999999996515,777465.0745591503
5.181999999999651,776764.4788907161
5.183999999999651,776064.7510593773
5.185999999999651,775365.889403687
5.187999999999651,774667.8933169731
5.1899999999996504,773970.7598526845
5.19199999999965,773274.4884598013
5.19399999999965,772579.0761543695
5.19599999999965,771884.5214168424
5.19799999999965,771190.8236974059
5.199999999999649,770497.9800113525
5.201999999999649,769805.9898316836
5.203999999999649,769114.8502501375
5.205999999999649,768424.5607536167
5.2079999999996485,767735.118499141
5.209999999999648,767046.5229434504
5.211999999999648,766358.7712429479
5.213999999999648,765671.8627976143
5.215999999999648,764985.7949656927
5.217999999999647,764300.5662416858
5.219999999999647,763616.1759525845
5.221999999999647,762932.6213588687
5.223999999999647,762249.9018421861
5.2259999999996465,761568.0147384842
5.227999999999646,760886.9594223385
5.229999999999646,760206.7332887383
5.231999999999646,759527.3349677793
5.233999999999646,758848.7635642757
5.235999999999645,758171.0165624722
5.237999999999645,757494.0925603173
5.239999999999645,756817.9907409012
5.241999999999645,756142.7086427457
5.2439999999996445,755468.2454717429
5.245999999999644,754794.5987606763
5.247999999999644,754121.7671464545
5.249999999999644,753449.7490185766
5.251999999999644,752778.5435912027
5.253999999999643,752108.1485031744
5.255999999999643,751438.5622473644
5.257999999999643,750769.7834492882
5.259999999999643,750101.8105306538
5.2619999999996425,749434.6425801885
5.263999999999642,748768.2773440322
5.265999999999642,748102.7132912637
5.267999999999642,747437.948973683
5.269999999999642,746773.9829074563
5.271999999999641,746110.8136483127
5.273999999999641,745448.4397069324
5.275999999999641,744786.8595564598
5.277999999999641,744126.0717309336
5.2799999999996405,743466.07468762
5.28199999999964,742806.8670170386
5.28399999999964,742148.4472557637
5.28599999999964,741490.8138667906
5.28799999999964,740833.9649130354
5.289999999999639,740177.8995519244
5.291999999999639,739522.6163347184
5.293999999999639,738868.1137087893
5.295999999999639,738214.3898156934
5.2979999999996386,737561.4437233063
5.299999999999638,736909.2739480599
5.301999999999638,736257.8786006157
5.303999999999638,735607.25672278
5.305999999999638,734957.4065426766
5.3079999999996375,734308.3269697077
5.309999999999637,733660.0162562584
5.311999999999637,733012.4734741452
5.313999999999637,732365.6967060931
5.315999999999637,731719.6846524238
5.317999999999636,731074.4362909565
5.319999999999636,730429.9498122291
5.321999999999636,729786.2239060148
5.323999999999636,729143.2571868534
5.3259999999996355,728501.0483653605
5.327999999999635,727859.5960324344
5.329999999999635,727218.8988436795
5.331999999999635,726578.9553766324
5.333999999999635,725939.7643916467
5.335999999999634,725301.3244654263
5.337999999999634,724663.6342142659
5.339999999999634,724026.6921399904
5.341999999999634,723390.4971750436
5.3439999999996335,722755.0479284502
5.345999999999633,722120.3429035324
5.347999999999633,721486.3809806206
5.349999999999633,720853.1605618423
5.351999999999633,720220.6806335956
5.353999999999632,719588.9396798938
5.355999999999632,718957.9363546411
5.357999999999632,718327.6696054146
5.359999999999632,717698.1379146285
5.3619999999996315,717069.3400217566
5.363999999999631,716441.2745921086
5.365999999999631,715813.9403820585
5.367999999999631,715187.3361531226
5.369999999999631,714561.4605495097
5.37199999999963,713936.3123397814
5.37399999999963,713311.8901100568
5.37599999999963,712688.192800627
5.37799999999963,712065.2190677262
5.3799999999996295,711442.9675643638
5.381999999999629,710821.4371964097
5.383999999999629,710200.6265394667
5.385999999999629,709580.5344196415
5.387999999999629,708961.159629109
5.389999999999628,708342.5009430762
5.391999999999628,707724.5570102924
5.393999999999628,707107.3266714899
5.395999999999628,706490.8086603153
5.3979999999996275,705875.0017548221
5.399999999999627,705259.9047461065
5.401999999999627,704645.5164302692
5.403999999999627,704031.8356127352
5.405999999999627,703418.861025099
5.407999999999626,702806.5914667991
5.409999999999626,702195.025735518
5.411999999999626,701584.1627095622
5.413999999999626,700974.0010782232
5.415999999999626,700364.5396839689
5.417999999999625,699755.7773784616
5.419999999999625,699147.7129811889
5.421999999999625,698540.3452586435
5.423999999999625,697933.6730669698
5.4259999999996245,697327.6952152211
5.427999999999624,696722.4105168149
5.429999999999624,696117.817920945
5.431999999999624,695513.9161155166
5.433999999999624,694910.7041006245
5.435999999999623,694308.1804928397
5.437999999999623,693706.3443121886
5.439999999999623,693105.1944260148
5.441999999999623,692504.7296253811
5.4439999999996225,691904.9487489492
5.445999999999622,691305.8506876535
5.447999999999622,690707.4342694717
5.449999999999622,690109.6983135508
5.451999999999622,689512.6419418681
5.453999999999621,688916.2637399796
5.455999999999621,688320.5626217043
5.457999999999621,687725.5376599858
5.459999999999621,687131.1876938879
5.4619999999996205,686537.5115947885
5.46399999999962,685944.5081860559
5.46599999999962,685352.1763522519
5.46799999999962,684760.5149662583
5.46999999999962,684169.5229967075
5.471999999999619,683579.1992661475
5.473999999999619,682989.5429221288
5.475999999999619,682400.5525431351
5.477999999999619,681812.2273462864
5.4799999999996185,681224.5659636657
5.481999999999618,680637.5675176409
5.483999999999618,680051.2309366127
5.485999999999618,679465.5550644802
5.487999999999618,678880.5388580092
5.489999999999617,678296.1814620739
5.491999999999617,677712.4814365172
5.493999999999617,677129.4377283502
5.495999999999617,676547.0496242238
5.4979999999996165,675965.3159356117
5.499999999999616,675384.2353162236
5.501999999999616,674803.8070182769
5.503999999999616,674224.0299604351
5.505999999999616,673644.9033617945
5.507999999999615,673066.4257315971
5.509999999999615,672488.5960526862
5.511999999999615,671911.4136400326
5.513999999999615,671334.8769924964
5.5159999999996145,670758.9854933046
5.517999999999614,670183.7380373122
5.519999999999614,669609.1334885914
5.521999999999614,669035.1708621109
5.523999999999614,668461.8490473726
5.525999999999613,667889.1670559784
5.527999999999613,667317.1242069964
5.529999999999613,666745.7189709821
5.531999999999613,666174.9508015022
5.533999999999613,665604.8185387001
5.535999999999612,665035.3211500496
5.537999999999612,664466.4575663122
5.539999999999612,663898.2267837754
5.541999999999612,663330.6277793975
5.5439999999996115,662763.6595413506
5.545999999999611,662197.3214650669
5.547999999999611,661631.6124248336
5.549999999999611,661066.530945813
5.551999999999611,660502.076522249
5.55399999999961,659938.2480791264
5.55599999999961,659375.0450415151
5.55799999999961,658812.4658045245
5.55999999999961,658250.5094451511
5.5619999999996095,657689.1753875377
5.563999999999609,657128.4625599915
5.565999999999609,656568.3699094333
5.567999999999609,656008.896415907
5.569999999999609,655450.0410779937
5.571999999999608,654891.802920551
5.573999999999608,654334.1809618277
5.575999999999608,653777.1746534735
5.577999999999608,653220.7829606151
5.5799999999996075,652665.0043184028
5.581999999999607,652109.8383532185
5.583999999999607,651555.2840226754
5.585999999999607,651001.3407815557
5.587999999999607,650448.0070297612
5.589999999999606,649895.2823209661
5.591999999999606,649343.1650902672
5.593999999999606,648791.6549795644
5.595999999999606,648240.7509168711
5.5979999999996055,647690.4519237317
5.599999999999605,647140.7569954701
5.601999999999605,646591.6656932752
5.603999999999605,646043.1764074645
5.605999999999605,645495.2887626301
5.607999999999604,644948.0017046771
5.609999999999604,644401.3142370592
5.611999999999604,643855.2253656981
5.613999999999604,643309.7341563907
5.6159999999996035,642764.8401771261
5.617999999999603,642220.5418368632
5.619999999999603,641676.8387797553
5.621999999999603,641133.729994854
5.623999999999603,640591.21446644
5.625999999999602,640049.2912300297
5.627999999999602,639507.9593565967
5.629999999999602,638967.2184653663
5.631999999999602,638427.0674904176
5.6339999999996015,637887.5053989269
5.635999999999601,637348.5312212845
5.637999999999601,636810.144002435
5.639999999999601,636272.342831253
5.641999999999601,635735.1268024162
5.6439999999996004,635198.4955665208
5.6459999999996,634662.4480863564
5.6479999999996,634126.983343104
5.6499999999996,633592.1003765604
5.6519999999996,633057.7982536994
5.653999999999599,632524.07664896
5.655999999999599,631990.9339171873
5.657999999999599,631458.3698049899
5.659999999999599,630926.3832881337
5.6619999999995985,630394.9734283512
5.663999999999598,629864.1398690242
5.665999999999598,629333.8809289226
5.667999999999598,628804.1963607096
5.669999999999598,628275.0845673956
5.671999999999597,627746.5453611444
5.673999999999597,627218.5783798593
5.675999999999597,626691.1818696929
5.677999999999597,626164.3549809286
5.6799999999995965,625638.0974850091
5.681999999999596,625112.4083458784
5.683999999999596,624587.2865992911
5.685999999999596,624062.7313045437
5.687999999999596,623538.7415817225
5.689999999999595,623015.3171789625
5.691999999999595,622492.4570404512
5.693999999999595,621970.1595467437
5.695999999999595,621448.4252290105
5.6979999999995945,620927.2523053664
5.699999999999594,620406.6399192343
5.701999999999594,619886.5878691974
5.703999999999594,619367.0951090712
5.705999999999594,618848.1606906726
5.707999999999593,618329.7836921496
5.709999999999593,617811.9632454308
5.711999999999593,617294.699123717
5.713999999999593,616777.9896272626
5.7159999999995925,616261.8346525802
5.717999999999592,615746.2332377842
5.719999999999592,615231.1850700113
5.721999999999592,614716.6884367992
5.723999999999592,614202.74318783
5.725999999999591,613689.348305115
5.727999999999591,613176.5028992188
5.729999999999591,612664.206050918
5.731999999999591,612152.4568999221
5.7339999999995905,611641.2552883972
5.73599999999959,611130.6001764168
5.73799999999959,610620.4899727486
5.73999999999959,610110.9252774265
5.74199999999959,609601.9043264163
5.743999999999589,609093.4269403942
5.745999999999589,608585.4914543113
5.747999999999589,608078.0978091542
5.749999999999589,607571.2450463984
5.7519999999995886,607064.9329444353
5.753999999999588,606559.1597584875
5.755999999999588,606053.9253927389
5.757999999999588,605549.2288681838
5.759999999999588,605045.0692848626
5.7619999999995875,604541.4457775083
5.763999999999587,604038.3581892286
5.765999999999587,603535.8055016728
5.767999999999587,603033.7867556823
5.769999999999587,602532.3205974629
5.771999999999586,602031.4158329517
5.773999999999586,601531.0699024468
5.775999999999586,601031.2766277775
5.777999999999586,600532.0301783037
5.7799999999995855,600033.3246965164
5.781999999999585,599535.1555541808
5.783999999999585,599037.5192283948
5.785999999999585,598540.4130220244
5.787999999999585,598043.835565187
5.789999999999584,597547.7850676522
5.791999999999584,597052.2600385413
5.793999999999584,596557.2592982732
5.795999999999584,596062.7824988283
5.7979999999995835,595568.827796395
5.799999999999583,595075.3951052465
5.801999999999583,594582.4834219699
5.803999999999583,594090.0925669625
5.805999999999583,593598.220768843
5.807999999999582,593106.8679656802
5.809999999999582,592616.0332105024
5.811999999999582,592125.7156263356
5.813999999999582,591635.9150830042
5.8159999999995815,591146.629874148
5.817999999999581,590657.8599873332
5.819999999999581,590169.604475936
5.821999999999581,589681.8624927778
5.823999999999581,589194.6339224007
5.82599999999958,588707.917759411
5.82799999999958,588221.713089681
5.82999999999958,587736.019026869
5.83199999999958,587250.8347834412
5.8339999999995795,586766.1603054039
5.835999999999579,586281.9945992402
5.837999999999579,585798.3367643935
5.839999999999579,585315.185976636
5.841999999999579,584832.5421405223
5.843999999999578,584350.4035630192
5.845999999999578,583868.7703010433
5.847999999999578,583387.6414161897
5.849999999999578,582907.0167984379
5.8519999999995775,582426.8954015281
5.853999999999577,581947.2755875866
5.855999999999577,581468.1581810287
5.857999999999577,580989.541359813
5.859999999999577,580511.425089243
5.861999999999576,580033.8077048064
5.863999999999576,579556.6892910415
5.865999999999576,579080.0696788785
5.867999999999576,578603.9470773534
5.869999999999576,578128.3215128094
5.871999999999575,577653.192054194
5.873999999999575,577178.5578424595
5.875999999999575,576704.4188093059
5.877999999999575,576230.7732384008
5.8799999999995745,575757.6211834649
5.881999999999574,575284.9617600532
5.883999999999574,574812.7948473803
5.885999999999574,574341.118719468
5.887999999999574,573870.0044977054
5.889999999999573,573399.2817690643
5.891999999999573,572929.0573657707
5.893999999999573,572459.3273433093
5.895999999999573,571990.0898648356
5.8979999999995725,571521.3426042496
5.899999999999572,571053.084422998
5.901999999999572,570585.3129040638
5.903999999999572,570118.0276194906
5.905999999999572,569651.2273972016
5.907999999999571,569184.9119438875
5.909999999999571,568719.0794096235
5.911999999999571,568253.729780041
5.913999999999571,567788.8621221747
5.9159999999995705,567324.475584967
5.91799999999957,566860.5701175157
5.91999999999957,566397.1447174761
5.92199999999957,565934.1985688657
5.92399999999957,565471.7308376466
5.925999999999569,565009.741495239
5.927999999999569,564548.2289003563
5.929999999999569,564087.193106793
5.931999999999569,563626.6339852612
5.9339999999995685,563166.5498119149
5.935999999999568,562706.94060308
5.937999999999568,562247.8054940286
5.939999999999568,561789.1443449425
5.941999999999568,561330.9554838191
5.943999999999567,560873.2389774795
5.945999999999567,560415.9939300179
5.947999999999567,559959.2202763064
5.949999999999567,559502.9163282936
5.9519999999995665,559047.0821360247
5.953999999999566,558591.7168621009
5.955999999999566,558136.8204094376
5.957999999999566,557682.391091858
5.959999999999566,557228.4290044897
5.961999999999565,556774.9332946292
5.963999999999565,556321.9038553782
5.965999999999565,555869.33903354
5.967999999999565,555417.2388953471
5.9699999999995645,554965.60329327
5.971999999999564,554514.4305234366
5.973999999999564,554063.7206276983
5.975999999999564,553613.4727148224
5.977999999999564,553163.6860085008
5.979999999999563,552714.3604939796
5.981999999999563,552265.49519932
5.983999999999563,551817.0893222089
5.985999999999563,551369.1421002541
5.987999999999563,550921.6535212381
5.989999999999562,550474.6226692026
5.991999999999562,550028.0487493137
5.993999999999562,549581.9310237636
5.995999999999562,549136.2694450255
5.9979999999995615,548691.063126727
5.999999999999561,548246.3112801192
