time,value
0.0,16157.527076480876
0.002,24037.201848949164
0.004,28688.116016213444
0.006,43122.6879285923
0.008,56018.418829646886
0.01,64724.93124411799
0.012,69656.87282873988
0.014,72065.59437730632
0.016,73037.02142360745
0.018000000000000002,73285.04003730262
0.020000000000000004,73216.36584097568
0.022000000000000006,73037.56606320178
0.024000000000000007,72840.9396671497
0.02600000000000001,72659.9586026306
0.02800000000000001,72501.31881557044
0.030000000000000013,72361.70361096726
0.032000000000000015,72235.5289596433
0.034000000000000016,72117.95163340998
0.03600000000000002,72005.6124773246
0.03800000000000002,71896.47884700839
0.04000000000000002,71789.46020054806
0.04200000000000002,71684.03497437826
0.044000000000000025,71579.99778791412
0.04600000000000003,71477.28562321463
0.04800000000000003,71375.91783555313
0.05000000000000003,71275.91825338466
0.05200000000000003,71177.3132694613
0.054000000000000034,71080.13562501804
0.056000000000000036,70984.38943946362
0.05800000000000004,70890.08026270426
0.06000000000000004,70797.18852707314
0.06200000000000004,70705.79393425753
0.06400000000000004,70615.85534304802
0.06600000000000004,70527.35666077597
0.06800000000000005,70440.28858261285
0.07000000000000005,70354.63448389202
0.07200000000000005,70270.39366758577
0.07400000000000005,70187.5508436473
0.07600000000000005,70106.09790090502
0.07800000000000006,70026.02684596417
0.08000000000000006,69947.32954855663
0.08200000000000006,69869.98968399421
0.08400000000000006,69793.99915256114
0.08600000000000006,69719.37796344415
0.08800000000000006,69646.1387390049
0.09000000000000007,69574.29941308008
0.09200000000000007,69503.86512480126
0.09400000000000007,69434.83540603223
0.09600000000000007,69367.19766337944
0.09800000000000007,69300.94356007296
0.10000000000000007,69236.04745389683
0.10200000000000008,69172.5126251822
0.10400000000000008,69110.31229361244
0.10600000000000008,69049.43302795349
0.10800000000000008,68989.85356392787
0.11000000000000008,68931.56737271747
0.11200000000000009,68874.53749681737
0.11400000000000009,68818.75559292255
0.11600000000000009,68764.20685651101
0.11800000000000009,68710.86080970708
0.12000000000000009,68658.70091233423
0.1220000000000001,68607.70332493419
0.1240000000000001,68557.85920841113
0.12600000000000008,68509.1297666782
0.12800000000000009,68461.50486828235
0.1300000000000001,68414.96044393448
0.1320000000000001,68369.47234267257
0.1340000000000001,68325.07366716638
0.1360000000000001,68281.8230477669
0.1380000000000001,68239.75704698556
0.1400000000000001,68198.88022841237
0.1420000000000001,68159.18086672643
0.1440000000000001,68120.62811746106
0.1460000000000001,68083.19105549478
0.1480000000000001,68046.8351717392
0.1500000000000001,68011.51653001006
0.1520000000000001,67977.19747470721
0.1540000000000001,67943.84058311715
0.1560000000000001,67911.4087817914
0.1580000000000001,67879.86538296961
0.16000000000000011,67849.16641848568
0.16200000000000012,67819.28289822808
0.16400000000000012,67790.1719679137
0.16600000000000012,67761.7979344767
0.16800000000000012,67734.1257544233
0.17000000000000012,67707.12856892351
0.17200000000000013,67680.75778097888
0.17400000000000013,67654.99401755983
0.17600000000000013,67629.79735825057
0.17800000000000013,67605.13480535732
0.18000000000000013,67580.97389167399
0.18200000000000013,67557.29685836105
0.18400000000000014,67534.12229264622
0.18600000000000014,67511.47471427587
0.18800000000000014,67489.37486419285
0.19000000000000014,67467.8206596254
0.19200000000000014,67446.80929397845
0.19400000000000014,67426.31782849829
0.19600000000000015,67406.34171280963
0.19800000000000015,67386.85346397031
0.20000000000000015,67367.83873332075
0.20200000000000015,67349.27614579466
0.20400000000000015,67331.15170518111
0.20600000000000016,67313.45221344027
0.20800000000000016,67296.149854736
0.21000000000000016,67279.23856310641
0.21200000000000016,67262.69128286377
0.21400000000000016,67246.49501843215
0.21600000000000016,67230.64532729135
0.21800000000000017,67215.11640054677
0.22000000000000017,67199.89622825864
0.22200000000000017,67184.96604402794
0.22400000000000017,67170.31636842643
0.22600000000000017,67156.00910612651
0.22800000000000017,67142.10527190399
0.23000000000000018,67128.63758343588
0.23200000000000018,67115.61808478775
0.23400000000000018,67103.026853423
0.23600000000000018,67090.83886938964
0.23800000000000018,67079.0075845747
0.24000000000000019,67067.50467080953
0.2420000000000002,67056.28716472664
0.2440000000000002,67045.32672367319
0.2460000000000002,67034.58167569233
0.2480000000000002,67024.01789225513
0.25000000000000017,67013.60239185483
0.25200000000000017,67003.3107027177
0.25400000000000017,66993.10482604893
0.25600000000000017,66982.9539168962
0.2580000000000002,66972.83541801374
0.2600000000000002,66962.72057274016
0.2620000000000002,66952.58075891722
0.2640000000000002,66942.44748427685
0.2660000000000002,66932.39854881156
0.2680000000000002,66922.50457229727
0.2700000000000002,66912.80007185566
0.2720000000000002,66903.28819479862
0.2740000000000002,66893.98884667242
0.2760000000000002,66884.87886506325
0.2780000000000002,66875.95845930045
0.2800000000000002,66867.21223716305
0.2820000000000002,66858.6308794544
0.2840000000000002,66850.19021939622
0.2860000000000002,66841.89506034713
0.2880000000000002,66833.71508886527
0.2900000000000002,66825.6554240009
0.2920000000000002,66817.69368507144
0.2940000000000002,66809.82863309013
0.2960000000000002,66802.04547675348
0.2980000000000002,66794.33637168692
0.3000000000000002,66786.69395118095
0.3020000000000002,66779.09616215348
0.3040000000000002,66771.54978418667
0.3060000000000002,66764.03388353963
0.3080000000000002,66756.54846304572
0.3100000000000002,66749.079878155
0.3120000000000002,66741.62132094652
0.3140000000000002,66734.15889769353
0.3160000000000002,66726.69326505571
0.3180000000000002,66719.21133482482
0.32000000000000023,66711.69927821371
0.32200000000000023,66704.16539291266
0.32400000000000023,66696.59000680638
0.32600000000000023,66688.9666496965
0.32800000000000024,66681.28934582723
0.33000000000000024,66673.56944037796
0.33200000000000024,66665.85060937885
0.33400000000000024,66658.19476605767
0.33600000000000024,66650.61279060984
0.33800000000000024,66643.12562111784
0.34000000000000025,66635.73990027978
0.34200000000000025,66628.44200963693
0.34400000000000025,66621.23627267242
0.34600000000000025,66614.11185068602
0.34800000000000025,66607.07149343408
0.35000000000000026,66600.10381015687
0.35200000000000026,66593.1965301358
0.35400000000000026,66586.35194523474
0.35600000000000026,66579.56620046809
0.35800000000000026,66572.82799393093
0.36000000000000026,66566.13282511572
0.36200000000000027,66559.47659563934
0.36400000000000027,66552.84798504853
0.36600000000000027,66546.25755379512
0.36800000000000027,66539.6878667457
0.3700000000000003,66533.13459032154
0.3720000000000003,66526.6013206846
0.3740000000000003,66520.0702708718
0.3760000000000003,66513.55193141787
0.3780000000000003,66507.0364496117
0.3800000000000003,66500.51292503336
0.3820000000000003,66493.97737449138
0.3840000000000003,66487.43374246903
0.3860000000000003,66480.87952779884
0.3880000000000003,66474.30458107337
0.3900000000000003,66467.69793461125
0.3920000000000003,66461.07058500045
0.3940000000000003,66454.4056698597
0.3960000000000003,66447.72445158352
0.3980000000000003,66441.06239455816
0.4000000000000003,66434.46092603612
0.4020000000000003,66427.93655529906
0.4040000000000003,66421.51866478893
0.4060000000000003,66415.20090318202
0.4080000000000003,66408.98439221927
0.4100000000000003,66402.87470368978
0.4120000000000003,66396.85412816463
0.4140000000000003,66390.92472464846
0.4160000000000003,66385.0745828659
0.4180000000000003,66379.29842538838
0.4200000000000003,66373.59135942408
0.4220000000000003,66367.94134700114
0.4240000000000003,66362.35074008479
0.4260000000000003,66356.80822778077
0.4280000000000003,66351.31665378474
0.4300000000000003,66345.85761515811
0.43200000000000033,66340.44092643136
0.43400000000000033,66335.04872541492
0.43600000000000033,66329.67632421435
0.43800000000000033,66324.32699871695
0.44000000000000034,66318.99023722428
0.44200000000000034,66313.66210341816
0.44400000000000034,66308.33894909079
0.44600000000000034,66303.01731974141
0.44800000000000034,66297.69388151474
0.45000000000000034,66292.35993870384
0.45200000000000035,66287.02013618893
0.45400000000000035,66281.66388476832
0.45600000000000035,66276.28682177083
0.45800000000000035,66270.88494795712
0.46000000000000035,66265.46528447024
0.46200000000000035,66260.04127352379
0.46400000000000036,66254.6430139446
0.46600000000000036,66249.28325014113
0.46800000000000036,66243.96940726491
0.47000000000000036,66238.69735945604
0.47200000000000036,66233.47437789352
0.47400000000000037,66228.29233480124
0.47600000000000037,66223.14880850127
0.47800000000000037,66218.04123634468
0.48000000000000037,66212.9670607954
0.4820000000000004,66207.92379586949
0.4840000000000004,66202.90161463435
0.4860000000000004,66197.9048803339
0.4880000000000004,66192.93166866065
0.4900000000000004,66187.96515037895
0.4920000000000004,66183.01665900681
0.4940000000000004,66178.08482812665
0.4960000000000004,66173.15319068593
0.4980000000000004,66168.22591151219
0.5000000000000003,66163.3084886687
0.5020000000000003,66158.38493991173
0.5040000000000003,66153.45974660355
0.5060000000000003,66148.53120547016
0.5080000000000003,66143.59017621921
0.5100000000000003,66138.64159955924
0.5120000000000003,66133.67666967669
0.5140000000000003,66128.70054074095
0.5160000000000003,66123.70454278249
0.5180000000000003,66118.68651232088
0.5200000000000004,66113.64453513165
0.5220000000000004,66108.58425417029
0.5240000000000004,66103.49772075754
0.5260000000000004,66098.39074501896
0.5280000000000004,66093.29648918027
0.5300000000000004,66088.21182268673
0.5320000000000004,66083.1575580561
0.5340000000000004,66078.13088286499
0.5360000000000004,66073.13288470823
0.5380000000000004,66068.16327421919
0.5400000000000004,66063.21359328272
0.5420000000000004,66058.28908962222
0.5440000000000004,66053.3885220862
0.5460000000000004,66048.5030850315
0.5480000000000004,66043.63056433838
0.5500000000000004,66038.77646445275
0.5520000000000004,66033.93243716839
0.5540000000000004,66029.09660168453
0.5560000000000004,66024.27467883486
0.5580000000000004,66019.45110107909
0.5600000000000004,66014.63815295899
0.5620000000000004,66009.82055258701
0.5640000000000004,66005.01077987373
0.5660000000000004,66000.19368086151
0.5680000000000004,65995.37442918144
0.5700000000000004,65990.55198626862
0.5720000000000004,65985.7178727989
0.5740000000000004,65980.88499054707
0.5760000000000004,65976.031113577
0.5780000000000004,65971.17564910899
0.5800000000000004,65966.30400828237
0.5820000000000004,65961.41434738973
0.5840000000000004,65956.51253529351
0.5860000000000004,65951.5906297247
0.5880000000000004,65946.64712474449
0.5900000000000004,65941.68852685642
0.5920000000000004,65936.71310698226
0.5940000000000004,65931.75073138438
0.5960000000000004,65926.79541806297
0.5980000000000004,65921.85857491523
0.6000000000000004,65916.94298176214
0.6020000000000004,65912.0422724819
0.6040000000000004,65907.16300742392
0.6060000000000004,65902.30486862466
0.6080000000000004,65897.46122761253
0.6100000000000004,65892.64052348411
0.6120000000000004,65887.84438639802
0.6140000000000004,65883.06609422997
0.6160000000000004,65878.31207780582
0.6180000000000004,65873.58186945926
0.6200000000000004,65868.8671374197
0.6220000000000004,65864.17326980393
0.6240000000000004,65859.49185436936
0.6260000000000004,65854.82828084711
0.6280000000000004,65850.16682952506
0.6300000000000004,65845.51959649312
0.6320000000000005,65840.87862690138
0.6340000000000005,65836.24228378254
0.6360000000000005,65831.60908222546
0.6380000000000005,65826.97763103932
0.6400000000000005,65822.34661086116
0.6420000000000005,65817.70739207891
0.6440000000000005,65813.07272066329
0.6460000000000005,65808.42773964396
0.6480000000000005,65803.77774931236
0.6500000000000005,65799.12182319742
0.6520000000000005,65794.4516098608
0.6540000000000005,65789.77268430249
0.6560000000000005,65785.07696360338
0.6580000000000005,65780.37290057466
0.6600000000000005,65775.66684644132
0.6620000000000005,65770.97958284365
0.6640000000000005,65766.294751737
0.6660000000000005,65761.6353389304
0.6680000000000005,65756.9889466785
0.6700000000000005,65752.36218189223
0.6720000000000005,65747.7400942791
0.6740000000000005,65743.14255576963
0.6760000000000005,65738.54801051246
0.6780000000000005,65733.96873720158
0.6800000000000005,65729.39704880235
0.6820000000000005,65724.83892003869
0.6840000000000005,65720.27921169897
0.6860000000000005,65715.730460931
0.6880000000000005,65711.17785842053
0.6900000000000005,65706.63415301374
0.6920000000000005,65702.08466796138
0.6940000000000005,65697.53491045347
0.6960000000000005,65692.99153640767
0.6980000000000005,65688.43987058809
0.7000000000000005,65683.88541693863
0.7020000000000005,65679.320184704
0.7040000000000005,65674.75741100158
0.7060000000000005,65670.18275316506
0.7080000000000005,65665.60193291534
0.7100000000000005,65661.00710966959
0.7120000000000005,65656.40428215971
0.7140000000000005,65651.79312185718
0.7160000000000005,65647.16581240672
0.7180000000000005,65642.52836503941
0.7200000000000005,65637.87314110593
0.7220000000000005,65633.20627363048
0.7240000000000005,65628.52022261842
0.7260000000000005,65623.8239489599
0.7280000000000005,65619.1229021158
0.7300000000000005,65614.4218800443
0.7320000000000005,65609.73144003643
0.7340000000000005,65605.05407675816
0.7360000000000005,65600.37621779129
0.7380000000000005,65595.71123212812
0.7400000000000005,65591.05213246967
0.7420000000000005,65586.39799717891
0.7440000000000005,65581.74794774553
0.7460000000000006,65577.10114892047
0.7480000000000006,65572.46414278957
0.7500000000000006,65567.82227724291
0.7520000000000006,65563.18109923987
0.7540000000000006,65558.54737120609
0.7560000000000006,65553.90660827975
0.7580000000000006,65549.26447172687
0.7600000000000006,65544.62048078654
0.7620000000000006,65539.96681105388
0.7640000000000006,65535.316799304936
0.7660000000000006,65530.656322647716
0.7680000000000006,65525.998551794924
0.7700000000000006,65521.3219621623
0.7720000000000006,65516.646270729645
0.7740000000000006,65511.95757554103
0.7760000000000006,65507.26377669231
0.7780000000000006,65502.56540799392
0.7800000000000006,65497.8617290808
0.7820000000000006,65493.144360638136
0.7840000000000006,65488.418819042745
0.7860000000000006,65483.67722062091
0.7880000000000006,65478.925586989346
0.7900000000000006,65474.16371028069
0.7920000000000006,65469.37669661209
0.7940000000000006,65464.585019552964
0.7960000000000006,65459.77881550723
0.7980000000000006,65454.976034265754
0.8000000000000006,65450.173538582116
0.8020000000000006,65445.3730943009
0.8040000000000006,65440.57553071157
0.8060000000000006,65435.78103780162
0.8080000000000006,65430.996707983526
0.8100000000000006,65426.20826787768
0.8120000000000006,65421.428730689695
0.8140000000000006,65416.643829091336
0.8160000000000006,65411.866614861035
0.8180000000000006,65407.08287821035
0.8200000000000006,65402.30578824519
0.8220000000000006,65397.522049880725
0.8240000000000006,65392.745981469096
0.8260000000000006,65387.964406060884
0.8280000000000006,65383.19108839134
0.8300000000000006,65378.419500589574
0.8320000000000006,65373.64906614873
0.8340000000000006,65368.871875921854
0.8360000000000006,65364.10112974467
0.8380000000000006,65359.329971758256
0.8400000000000006,65354.55037239738
0.8420000000000006,65349.76819035418
0.8440000000000006,65344.98311635304
0.8460000000000006,65340.19474382677
0.8480000000000006,65335.40260112687
0.8500000000000006,65330.598905755855
0.8520000000000006,65325.78969585602
0.8540000000000006,65320.974776855495
0.8560000000000006,65316.153826899295
0.8580000000000007,65311.31917679145
0.8600000000000007,65306.47692456852
0.8620000000000007,65301.61966194497
0.8640000000000007,65296.75384600431
0.8660000000000007,65291.881900818415
0.8680000000000007,65287.01446942373
0.8700000000000007,65282.14047036143
0.8720000000000007,65277.275118311416
0.8740000000000007,65272.40561837181
0.8760000000000007,65267.545783855785
0.8780000000000007,65262.68913449672
0.8800000000000007,65257.835104854756
0.8820000000000007,65252.983107742206
0.8840000000000007,65248.13257218756
0.8860000000000007,65243.290202673474
0.8880000000000007,65238.44167609702
0.8900000000000007,65233.59269399102
0.8920000000000007,65228.735642695305
0.8940000000000007,65223.88393987513
0.8960000000000007,65219.03096505097
0.8980000000000007,65214.17617061181
0.9000000000000007,65209.311782824094
0.9020000000000007,65204.44385526323
0.9040000000000007,65199.572263741895
0.9060000000000007,65194.696782040824
0.9080000000000007,65189.817096808125
0.9100000000000007,65184.925611398525
0.9120000000000007,65180.028482410795
0.9140000000000007,65175.12567050611
0.9160000000000007,65170.20974293095
0.9180000000000007,65165.28697176546
0.9200000000000007,65160.35737089064
0.9220000000000007,65155.420805692665
0.9240000000000007,65150.46979650012
0.9260000000000007,65145.510579474285
0.9280000000000007,65140.53592876496
0.9300000000000007,65135.55223904386
0.9320000000000007,65130.559625154594
0.9340000000000007,65125.550777895
0.9360000000000007,65120.532243358626
0.9380000000000007,65115.499112705664
0.9400000000000007,65110.46799369935
0.9420000000000007,65105.42769135752
0.9440000000000007,65100.3932272291
0.9460000000000007,65095.35902291304
0.9480000000000007,65090.32511338489
0.9500000000000007,65085.29129839917
0.9520000000000007,65080.25002702477
0.9540000000000007,65075.21467085777
0.9560000000000007,65070.17866375002
0.9580000000000007,65065.134266320245
0.9600000000000007,65060.094753480764
0.9620000000000007,65055.04630096054
0.9640000000000007,65049.994908512155
0.9660000000000007,65044.940456324446
0.9680000000000007,65039.882746143085
0.9700000000000008,65034.81430742891
0.9720000000000008,65029.7413590195
0.9740000000000008,65024.67116398702
0.9760000000000008,65019.582666368915
0.9780000000000008,65014.4955727612
0.9800000000000008,65009.39638419226
0.9820000000000008,65004.298510433124
0.9840000000000008,64999.181030476095
0.9860000000000008,64994.0637301272
0.9880000000000008,64988.93317316797
0.9900000000000008,64983.795589014764
0.9920000000000008,64978.65103229095
0.9940000000000008,64973.49220601259
0.9960000000000008,64968.32545164942
0.9980000000000008,64963.14367606048
1.0000000000000007,64957.95335260673
1.0020000000000007,64952.75468227896
1.0040000000000007,64947.54047040493
1.0060000000000007,64942.3171151357
1.0080000000000007,64937.08477538069
1.0100000000000007,64931.83685364103
1.0120000000000007,64926.581889118774
1.0140000000000007,64921.32233543934
1.0160000000000007,64916.05995206101
1.0180000000000007,64910.80297604784
1.0200000000000007,64905.53820926683
1.0220000000000007,64900.27193569802
1.0240000000000007,64894.996991014385
1.0260000000000007,64889.72694469232
1.0280000000000007,64884.45562219279
1.0300000000000007,64879.18322448548
1.0320000000000007,64873.902795927526
1.0340000000000007,64868.62811873822
1.0360000000000007,64863.35299352812
1.0380000000000007,64858.0699333672
1.0400000000000007,64852.792279775786
1.0420000000000007,64847.506352504795
1.0440000000000007,64842.21815849161
1.0460000000000007,64836.92760272434
1.0480000000000007,64831.63450718703
1.0500000000000007,64826.33863512492
1.0520000000000007,64821.03252440171
1.0540000000000007,64815.729559118045
1.0560000000000007,64810.41611219844
1.0580000000000007,64805.098240260755
1.0600000000000007,64799.775900213725
1.0620000000000007,64794.44177041986
1.0640000000000007,64789.1093092292
1.0660000000000007,64783.764964529466
1.0680000000000007,64778.407651444104
1.0700000000000007,64773.051000361695
1.0720000000000007,64767.681590031876
1.0740000000000007,64762.30558251648
1.0760000000000007,64756.91583415187
1.0780000000000007,64751.52590644288
1.0800000000000007,64746.11516246705
1.0820000000000007,64740.70338274296
1.0840000000000007,64735.277381337946
1.0860000000000007,64729.84472511535
1.0880000000000007,64724.407484286356
1.0900000000000007,64718.967318189134
1.0920000000000007,64713.52529517588
1.0940000000000007,64708.081976160836
1.0960000000000008,64702.637550090614
1.0980000000000008,64697.19198144593
1.1000000000000008,64691.745109437725
1.1020000000000008,64686.289540105376
1.1040000000000008,64680.83863361051
1.1060000000000008,64675.37883538044
1.1080000000000008,64669.923372717734
1.1100000000000008,64664.45861464528
1.1120000000000008,64658.990574593816
1.1140000000000008,64653.51205904849
1.1160000000000008,64648.03822632548
1.1180000000000008,64642.563557584625
1.1200000000000008,64637.08741929913
1.1220000000000008,64631.60176133397
1.1240000000000008,64626.119364315404
1.1260000000000008,64620.62630821372
1.1280000000000008,64615.12126200306
1.1300000000000008,64609.61769016663
1.1320000000000008,64604.10218102242
1.1340000000000008,64598.58088675542
1.1360000000000008,64593.05387474267
1.1380000000000008,64587.51396008436
1.1400000000000008,64581.96747944469
1.1420000000000008,64576.41461809077
1.1440000000000008,64570.855416
1.1460000000000008,64565.28265963148
1.1480000000000008,64559.702671956235
1.1500000000000008,64554.108487883816
1.1520000000000008,64548.51372285699
1.1540000000000008,64542.897929105784
1.1560000000000008,64537.28088057736
1.1580000000000008,64531.64943136229
1.1600000000000008,64526.009878402
1.1620000000000008,64520.36316821043
1.1640000000000008,64514.70380440909
1.1660000000000008,64509.04679637635
1.1680000000000008,64503.379892461766
1.1700000000000008,64497.709950334676
1.1720000000000008,64492.037448477466
1.1740000000000008,64486.36255449805
1.1760000000000008,64480.685260534054
1.1780000000000008,64475.00544411224
1.1800000000000008,64469.322941324295
1.1820000000000008,64463.63042591919
1.1840000000000008,64457.93412747634
1.1860000000000008,64452.241302466275
1.1880000000000008,64446.53128485757
1.1900000000000008,64440.823639434384
1.1920000000000008,64435.11227698377
1.1940000000000008,64429.389881975076
1.1960000000000008,64423.66267170485
1.1980000000000008,64417.930786188015
1.2000000000000008,64412.19424053293
1.2020000000000008,64406.44585161209
1.2040000000000008,64400.69192099197
1.2060000000000008,64394.932643911685
1.2080000000000009,64389.16807462759
1.2100000000000009,64383.39105088558
1.2120000000000009,64377.60789427446
1.2140000000000009,64371.81880959224
1.2160000000000009,64366.02385703068
1.2180000000000009,64360.215897636896
1.2200000000000009,64354.40125657446
1.2220000000000009,64348.58014662691
1.2240000000000009,64342.745526861145
1.2260000000000009,64336.903865799235
1.2280000000000009,64331.055752316
1.2300000000000009,64325.2016603643
1.2320000000000009,64319.33475799861
1.2340000000000009,64313.46155354835
1.2360000000000009,64307.58235784874
1.2380000000000009,64301.69728659883
1.2400000000000009,64295.79976514462
1.2420000000000009,64289.89740219379
1.2440000000000009,64283.991663437235
1.2460000000000009,64278.08355143683
1.2480000000000009,64272.18072602849
1.2500000000000009,64266.26993981452
1.252000000000001,64260.357292418594
1.254000000000001,64254.43572798627
1.256000000000001,64248.518664464624
1.258000000000001,64242.599913177
1.260000000000001,64236.672091565124
1.262000000000001,64230.748417831564
1.264000000000001,64224.81550315262
1.266000000000001,64218.87939032871
1.268000000000001,64212.940127446105
1.270000000000001,64206.990583532264
1.272000000000001,64201.04413752663
1.274000000000001,64195.08751659197
1.276000000000001,64189.126825877225
1.278000000000001,64183.162154690035
1.280000000000001,64177.193483109
1.282000000000001,64171.22074560317
1.284000000000001,64165.236739971406
1.286000000000001,64159.247712366254
1.288000000000001,64153.25384900316
1.290000000000001,64147.25520156297
1.292000000000001,64141.24466510267
1.294000000000001,64135.228523058744
1.296000000000001,64129.206993904976
1.298000000000001,64123.18014697386
1.300000000000001,64117.140888617214
1.302000000000001,64111.09551754611
1.304000000000001,64105.04425567731
1.306000000000001,64098.98718133081
1.308000000000001,64092.91721699188
1.310000000000001,64086.840660805
1.312000000000001,64080.757746600415
1.314000000000001,64074.66149284152
1.316000000000001,64068.558265297834
1.318000000000001,64062.448327289654
1.320000000000001,64056.33232148856
1.322000000000001,64050.20432219654
1.324000000000001,64044.071708381394
1.326000000000001,64037.94256000448
1.328000000000001,64031.804059496295
1.330000000000001,64025.66252542425
1.332000000000001,64019.51816127936
1.334000000000001,64013.36395415678
1.336000000000001,64007.21327205256
1.338000000000001,64001.05292888991
1.340000000000001,63994.889023628006
1.342000000000001,63988.72872014712
1.344000000000001,63982.55155798952
1.346000000000001,63976.37691778297
1.348000000000001,63970.19880369995
1.350000000000001,63964.01001698861
1.352000000000001,63957.81675408808
1.354000000000001,63951.61919522225
1.356000000000001,63945.41739630947
1.358000000000001,63939.20429768385
1.360000000000001,63932.986175496175
1.362000000000001,63926.7703106116
1.364000000000001,63920.53636307261
1.366000000000001,63914.30374376509
1.368000000000001,63908.05945983285
1.370000000000001,63901.80973555151
1.372000000000001,63895.55476119254
1.374000000000001,63889.29461746381
1.376000000000001,63883.022253662195
1.378000000000001,63876.7439607506
1.380000000000001,63870.45997829908
1.382000000000001,63864.17042080678
1.384000000000001,63857.86826816134
1.386000000000001,63851.5598220363
1.388000000000001,63845.24533534714
1.390000000000001,63838.91789394989
1.392000000000001,63832.5838570023
1.394000000000001,63826.24351067126
1.396000000000001,63819.89699973625
1.398000000000001,63813.537332859574
1.400000000000001,63807.170847485635
1.402000000000001,63800.79841086729
1.404000000000001,63794.41409405267
1.406000000000001,63788.03212520391
1.408000000000001,63781.64006099182
1.410000000000001,63775.24441410229
1.412000000000001,63768.852578836166
1.414000000000001,63762.451368600465
1.416000000000001,63756.03983519677
1.418000000000001,63749.631609409604
1.420000000000001,63743.22094612949
1.422000000000001,63736.80085266816
1.424000000000001,63730.37760053415
1.426000000000001,63723.95142238663
1.428000000000001,63717.5294268625
1.430000000000001,63711.091268557706
1.432000000000001,63704.65619219811
1.434000000000001,63698.2182392023
1.436000000000001,63691.77024348315
1.438000000000001,63685.31836753473
1.440000000000001,63678.862786989805
1.442000000000001,63672.403568458605
1.444000000000001,63665.940697072736
1.446000000000001,63659.46711070671
1.448000000000001,63652.989028092736
1.450000000000001,63646.51495557572
1.452000000000001,63640.032704980986
1.454000000000001,63633.548071063764
1.456000000000001,63627.0605822985
1.458000000000001,63620.56270633342
1.460000000000001,63614.06728673083
1.462000000000001,63607.5610075521
1.464000000000001,63601.0497991488
1.466000000000001,63594.533713114346
1.468000000000001,63588.00576713458
1.470000000000001,63581.472224047
1.472000000000001,63574.93334581213
1.474000000000001,63568.38926307627
1.476000000000001,63561.83302296972
1.478000000000001,63555.27088847422
1.480000000000001,63548.70312843902
1.482000000000001,63542.12986506034
1.484000000000001,63535.544259202
1.486000000000001,63528.96027731149
1.488000000000001,63522.365740181114
1.490000000000001,63515.76740273551
1.492000000000001,63509.16586551428
1.494000000000001,63502.554473902215
1.496000000000001,63495.94662276376
1.498000000000001,63489.329394948036
1.500000000000001,63482.715875923466
1.5020000000000011,63476.09296068151
1.5040000000000011,63469.466654056814
1.5060000000000011,63462.83705854942
1.5080000000000011,63456.19722079953
1.5100000000000011,63449.56036445099
1.5120000000000011,63442.913503312484
1.5140000000000011,63436.26271354121
1.5160000000000011,63429.60814307423
1.5180000000000011,63422.949846986965
1.5200000000000011,63416.287818236706
1.5220000000000011,63409.615048544016
1.5240000000000011,63402.93773536462
1.5260000000000011,63396.256121388615
1.5280000000000011,63389.5703267346
1.5300000000000011,63382.87341806667
1.5320000000000011,63376.17859495157
1.5340000000000011,63369.47291003982
1.5360000000000011,63362.76242881283
1.5380000000000011,63356.04035676876
1.5400000000000011,63349.31998291023
1.5420000000000011,63342.58841101159
1.5440000000000011,63335.85175312302
1.5460000000000012,63329.11018826427
1.5480000000000012,63322.35684733518
1.5500000000000012,63315.60494914527
1.5520000000000012,63308.84158378026
1.5540000000000012,63302.06588655147
1.5560000000000012,63295.29123279322
1.5580000000000012,63288.504825584634
1.5600000000000012,63281.7128083794
1.5620000000000012,63274.91539728678
1.5640000000000012,63268.10574752936
1.5660000000000012,63261.2970786552
1.5680000000000012,63254.4765170549
1.5700000000000012,63247.64356475427
1.5720000000000012,63240.81228386367
1.5740000000000012,63233.977475217805
1.5760000000000012,63227.13257362312
1.5780000000000012,63220.28401019727
1.5800000000000012,63213.43217799109
1.5820000000000012,63206.57726847486
1.5840000000000012,63199.7193494351
1.5860000000000012,63192.858411710615
1.5880000000000012,63185.987470441134
1.5900000000000012,63179.11269506401
1.5920000000000012,63172.23432097522
1.5940000000000012,63165.352469872676
1.5960000000000012,63158.46717473436
1.5980000000000012,63151.57842258733
1.6000000000000012,63144.679332562555
1.6020000000000012,63137.776243292676
1.6040000000000012,63130.86956945314
1.6060000000000012,63123.959552898086
1.6080000000000012,63117.04630582899
1.6100000000000012,63110.122932613755
1.6120000000000012,63103.20254716176
1.6140000000000012,63096.27226624098
1.6160000000000012,63089.33812247985
1.6180000000000012,63082.40026663395
1.6200000000000012,63075.458764572315
1.6220000000000012,63068.506705164626
1.6240000000000012,63061.55026787611
1.6260000000000012,63054.589717068266
1.6280000000000012,63047.625178030044
1.6300000000000012,63040.65669970336
1.6320000000000012,63033.684266658114
1.6340000000000012,63026.70093361998
1.6360000000000012,63019.712851456745
1.6380000000000012,63012.72027092353
1.6400000000000012,63005.716419805176
1.6420000000000012,62998.71445565207
1.6440000000000012,62991.70157818987
1.6460000000000012,62984.68384040832
1.6480000000000012,62977.66142370164
1.6500000000000012,62970.62751347337
1.6520000000000012,62963.58833610579
1.6540000000000012,62956.544188896114
1.6560000000000012,62949.49536803203
1.6580000000000013,62942.44247976647
1.6600000000000013,62935.37922441374
1.6620000000000013,62928.31912419191
1.6640000000000013,62921.249670027326
1.6660000000000013,62914.17706277645
1.6680000000000013,62907.10156914134
1.6700000000000013,62900.02331444464
1.6720000000000013,62892.94232315639
1.6740000000000013,62885.85168948064
1.6760000000000013,62878.76443210887
1.6780000000000013,62871.66773068911
1.6800000000000013,62864.56758012843
1.6820000000000013,62857.464141722114
1.6840000000000013,62850.35748617765
1.6860000000000013,62843.24762686271
1.6880000000000013,62836.12765925045
1.6900000000000013,62829.003723636495
1.6920000000000013,62821.87607142126
1.6940000000000013,62814.74484561916
1.6960000000000013,62807.61009249195
1.6980000000000013,62800.46493289441
1.7000000000000013,62793.32239400505
1.7020000000000013,62786.169684376975
1.7040000000000013,62779.01281380785
1.7060000000000013,62771.845085430774
1.7080000000000013,62764.67962264223
1.7100000000000013,62757.50372905576
1.7120000000000013,62750.3234483321
1.7140000000000013,62743.13896960549
1.7160000000000013,62735.95039877208
1.7180000000000013,62728.757767805735
1.7200000000000013,62721.55420429607
1.7220000000000013,62714.34584911744
1.7240000000000013,62707.13297444101
1.7260000000000013,62699.90887121047
1.7280000000000013,62692.68662625713
1.7300000000000013,62685.45354180562
1.7320000000000013,62678.21565151484
1.7340000000000013,62670.97314735176
1.7360000000000013,62663.71927915611
1.7380000000000013,62656.46709659202
1.7400000000000013,62649.203904754526
1.7420000000000013,62641.92886656628
1.7440000000000013,62634.655228680975
1.7460000000000013,62627.37767535624
1.7480000000000013,62620.089800688285
1.7500000000000013,62612.79810486377
1.7520000000000013,62605.5031139285
1.7540000000000013,62598.2051376261
1.7560000000000013,62590.904326266034
1.7580000000000013,62583.593884729235
1.7600000000000013,62576.286796523826
1.7620000000000013,62568.97034528029
1.7640000000000013,62561.65051066477
1.7660000000000013,62554.32746216452
1.7680000000000013,62547.0012830261
1.7700000000000014,62539.67200352011
1.7720000000000014,62532.334334299776
1.7740000000000014,62525.001929122474
1.7760000000000014,62517.6686483557
1.7780000000000014,62510.3270446091
1.7800000000000014,62502.98273757141
1.7820000000000014,62495.63565669757
1.7840000000000014,62488.28573693954
1.7860000000000014,62480.93291371629
1.7880000000000014,62473.57712939692
1.7900000000000014,62466.21149906987
1.7920000000000014,62458.84209574939
1.7940000000000014,62451.469174342856
1.7960000000000014,62444.09287680513
1.7980000000000014,62436.71326037084
1.8000000000000014,62429.323509175454
1.8020000000000014,62421.936548492675
1.8040000000000014,62414.539701510934
1.8060000000000014,62407.13893429409
1.8080000000000014,62399.73442089316
1.8100000000000014,62392.31944299977
1.8120000000000014,62384.90696142391
1.8140000000000014,62377.48435511834
1.8160000000000014,62370.05759573002
1.8180000000000014,62362.626873298876
1.8200000000000014,62355.18547732937
1.8220000000000014,62347.74637129083
1.8240000000000014,62340.2969405917
1.8260000000000014,62332.84316082618
1.8280000000000014,62325.385225548074
1.8300000000000014,62317.92323782165
1.8320000000000014,62310.4504321187
1.8340000000000014,62302.97295462644
1.8360000000000014,62295.49142043284
1.8380000000000014,62288.00644224054
1.8400000000000014,62280.51846640563
1.8420000000000014,62273.02097996842
1.8440000000000014,62265.5270376931
1.8460000000000014,62258.024106884855
1.8480000000000014,62250.52497361131
1.8500000000000014,62243.016942661896
1.8520000000000014,62235.50589745117
1.8540000000000014,62227.985195048524
1.8560000000000014,62220.467793654156
1.8580000000000014,62212.94792720667
1.8600000000000014,62205.4186788697
1.8620000000000014,62197.88602734579
1.8640000000000014,62190.35018828068
1.8660000000000014,62182.81128143471
1.8680000000000014,62175.26935720499
1.8700000000000014,62167.71763292561
1.8720000000000014,62160.16217908798
1.8740000000000014,62152.61004868433
1.8760000000000014,62145.048533743626
1.8780000000000014,62137.47669927357
1.8800000000000014,62129.907536531464
1.8820000000000014,62122.33534300692
1.8840000000000015,62114.7532523416
1.8860000000000015,62107.167253863634
1.8880000000000015,62099.577588337466
1.8900000000000015,62091.9843790306
1.8920000000000015,62084.380922621785
1.8940000000000015,62076.7800767909
1.8960000000000015,62069.16929499212
1.8980000000000015,62061.55451041839
1.9000000000000015,62053.93592028105
1.9020000000000015,62046.306864468905
1.9040000000000015,62038.68022730951
1.9060000000000015,62031.04348815659
1.9080000000000015,62023.40259628618
1.9100000000000015,62015.75774903822
1.9120000000000015,62008.10229993639
1.9140000000000015,62000.44912369943
1.9160000000000015,61992.785721623775
1.9180000000000015,61985.11802887507
1.9200000000000015,61977.44625137909
1.9220000000000015,61969.76375269548
1.9240000000000015,61962.08339665999
1.9260000000000015,61954.39272209724
1.9280000000000015,61946.69796652764
1.9300000000000015,61938.99971788906
1.9320000000000015,61931.29841526797
1.9340000000000015,61923.58758428845
1.9360000000000015,61915.880176635095
1.9380000000000015,61908.16376164167
1.9400000000000015,61900.45103792432
1.9420000000000015,61892.729415447895
1.9440000000000015,61885.00474550724
1.9460000000000015,61877.27044248446
1.9480000000000015,61869.539381450086
1.9500000000000015,61861.7991643511
1.9520000000000015,61854.06255674552
1.9540000000000015,61846.31707277073
1.9560000000000015,61838.56861985036
1.9580000000000015,61830.81739457217
1.9600000000000015,61823.06350102691
1.9620000000000015,61815.3002536867
1.9640000000000015,61807.540422696
1.9660000000000015,61799.771523781936
1.9680000000000015,61791.99944730453
1.9700000000000015,61784.224381281434
1.9720000000000015,61776.44642201191
1.9740000000000015,61768.665609768665
1.9760000000000015,61760.875227121796
1.9780000000000015,61753.08800171072
1.9800000000000015,61745.29146310342
1.9820000000000015,61737.491490540124
1.9840000000000015,61729.68827238446
1.9860000000000015,61721.87519146982
1.9880000000000015,61714.065040099835
1.9900000000000015,61706.245383445086
1.9920000000000015,61698.42212611673
1.9940000000000015,61690.59545941718
1.9960000000000016,61682.76549540665
1.9980000000000016,61674.93228336181
2.0000000000000013,61667.08912416007
2.002000000000001,61659.24202227479
2.004000000000001,61651.39126248088
2.0060000000000007,61643.53700645273
2.0080000000000005,61635.67934032797
2.0100000000000002,61627.81828888717
2.012,61619.94715215341
2.014,61612.07192289327
2.0159999999999996,61604.19288428512
2.0179999999999993,61596.310199637315
2.019999999999999,61588.42401385301
2.021999999999999,61580.527951870754
2.0239999999999987,61572.62834614433
2.0259999999999985,61564.732444842
2.0279999999999982,61556.82789986072
2.029999999999998,61548.920599149715
2.031999999999998,61541.00404624225
2.0339999999999976,61533.0910393824
2.0359999999999974,61525.17592419426
2.037999999999997,61517.251899064664
2.039999999999997,61509.324864829585
2.0419999999999967,61501.395038828065
2.0439999999999965,61493.46255199603
2.0459999999999963,61485.52746223936
2.047999999999996,61477.589781905495
2.049999999999996,61469.642820473775
2.0519999999999956,61461.69922733582
2.0539999999999954,61453.74660724956
2.055999999999995,61445.790805529985
2.057999999999995,61437.832009153855
2.0599999999999947,61429.86365447988
2.0619999999999945,61421.89844904513
2.0639999999999943,61413.92405111597
2.065999999999994,61405.95299545575
2.067999999999994,61397.972831862746
2.0699999999999936,61389.98934685726
2.0719999999999934,61381.99604191809
2.073999999999993,61374.00565466985
2.075999999999993,61366.00589247554
2.0779999999999927,61358.00262899804
2.0799999999999925,61350.004575961764
2.0819999999999923,61341.99964593432
2.083999999999992,61333.99320183564
2.085999999999992,61325.98482597594
2.0879999999999916,61317.9741073041
2.0899999999999914,61309.960723371216
2.091999999999991,61301.93779484895
2.093999999999991,61293.91779739876
2.0959999999999908,61285.888322871935
2.0979999999999905,61277.8485165415
2.0999999999999903,61269.81117918128
2.10199999999999,61261.77076436717
2.10399999999999,61253.72057137487
2.1059999999999897,61245.66650418522
2.1079999999999894,61237.60881674072
2.109999999999989,61229.547657944975
2.111999999999989,61221.48310830888
2.1139999999999888,61213.408557932344
2.1159999999999886,61205.33009418095
2.1179999999999883,61197.254965751956
2.119999999999988,61189.171091459146
2.121999999999988,61181.077844532956
2.1239999999999877,61172.98814159289
2.1259999999999875,61164.89652899006
2.1279999999999872,61156.7963554028
2.129999999999987,61148.70015924373
2.131999999999987,61140.59560246129
2.1339999999999866,61132.48846883819
2.1359999999999864,61124.378931135674
2.137999999999986,61116.267082382656
2.139999999999986,61108.152965627596
2.1419999999999857,61100.03658713675
2.1439999999999855,61091.91130311997
2.1459999999999853,61083.78302774114
2.147999999999985,61075.65865818022
2.149999999999985,61067.52579461722
2.1519999999999846,61059.38352802297
2.1539999999999844,61051.244548980256
2.155999999999984,61043.10330888673
2.157999999999984,61034.95310756332
2.1599999999999837,61026.806420921974
2.1619999999999835,61018.65094342984
2.1639999999999833,61010.49243588656
2.165999999999983,61002.331086224636
2.167999999999983,60994.160377079315
2.1699999999999826,60985.99290520296
2.1719999999999824,60977.81644362649
2.173999999999982,60969.63680396646
2.175999999999982,60961.460799040375
2.1779999999999817,60953.269411819434
2.1799999999999815,60945.08084441546
2.1819999999999813,60936.88960615926
2.183999999999981,60928.68906222148
2.185999999999981,60920.4850839796
2.1879999999999806,60912.284534118655
2.1899999999999804,60904.068449862476
2.19199999999998,60895.85503924275
2.19399999999998,60887.63883471231
2.1959999999999797,60879.41321014886
2.1979999999999795,60871.18404209722
2.1999999999999793,60862.95818556642
2.201999999999979,60854.723299232355
2.203999999999979,60846.478477537086
2.2059999999999786,60838.23636474408
2.2079999999999784,60829.984851861715
2.209999999999978,60821.72977893606
2.211999999999978,60813.47799019687
2.2139999999999778,60805.2107589811
2.2159999999999775,60796.946493965486
2.2179999999999773,60788.67993907797
2.219999999999977,60780.40461813577
2.221999999999977,60772.133064645306
2.2239999999999767,60763.853104720365
2.2259999999999764,60755.57051414037
2.227999999999976,60747.28548487816
2.229999999999976,60738.9981298141
2.231999999999976,60730.708501770794
2.2339999999999756,60722.41661584723
2.2359999999999753,60714.1158895532
2.237999999999975,60705.81219266262
2.239999999999975,60697.51237613247
2.2419999999999747,60689.20414618464
2.2439999999999745,60680.88660469503
2.2459999999999742,60672.57234805082
2.247999999999974,60664.25587899874
2.249999999999974,60655.93056069013
2.2519999999999736,60647.60877397553
2.2539999999999734,60639.27831584836
2.255999999999973,60630.9449115475
2.257999999999973,60622.60874481471
2.2599999999999727,60614.2633660461
2.2619999999999725,60605.921265543875
2.2639999999999723,60597.57032937406
2.265999999999972,60589.216323020766
2.267999999999972,60580.866013601655
2.2699999999999716,60572.50054083957
2.2719999999999714,60564.13796264887
2.273999999999971,60555.772839202
2.275999999999971,60547.398594920334
2.2779999999999707,60539.02760535435
2.2799999999999705,60530.64772525566
2.2819999999999703,60522.26468708499
2.28399999999997,60513.87873722401
2.28599999999997,60505.48350637573
2.2879999999999696,60497.09150278154
2.2899999999999694,60488.69067938572
2.291999999999969,60480.28680281877
2.293999999999969,60471.880095233646
2.2959999999999687,60463.47068353046
2.2979999999999685,60455.058629698964
2.2999999999999683,60446.64396062835
2.301999999999968,60438.22013756398
2.303999999999968,60429.79953664058
2.3059999999999676,60421.37005641956
2.3079999999999674,60412.93742135524
2.309999999999967,60404.495307952246
2.311999999999967,60396.056345679914
2.3139999999999668,60387.61526861457
2.3159999999999665,60379.16565282269
2.3179999999999663,60370.71340399766
2.319999999999966,60362.265373254086
2.321999999999966,60353.80938790829
2.3239999999999656,60345.35108932602
2.3259999999999654,60336.89062389522
2.327999999999965,60328.4215548579
2.329999999999965,60319.95627833783
2.3319999999999648,60311.482745175985
2.3339999999999645,60303.01319003531
2.3359999999999643,60294.53546527968
2.337999999999964,60286.05522395805
2.339999999999964,60277.57262813614
2.3419999999999637,60269.08126288851
2.3439999999999634,60260.593521846866
2.3459999999999632,60252.10388389816
2.347999999999963,60243.6057350861
2.349999999999963,60235.10480928997
2.3519999999999626,60226.60133001601
2.3539999999999623,60218.09543833088
2.355999999999962,60209.58720872657
2.357999999999962,60201.07666910324
2.3599999999999617,60192.55732815999
2.3619999999999615,60184.034991340624
2.3639999999999612,60175.516439824314
2.365999999999961,60166.989533198095
2.367999999999961,60158.45988394373
2.3699999999999606,60149.92113789645
2.3719999999999604,60141.38569883923
2.37399999999996,60132.85005943296
2.37599999999996,60124.31439175691
2.3779999999999597,60115.77172308217
2.3799999999999595,60107.233752281056
2.3819999999999593,60098.687963285985
2.383999999999959,60090.13968433112
2.385999999999959,60081.588883145516
2.3879999999999586,60073.035549918895
2.3899999999999584,60064.47967543994
2.391999999999958,60055.91477367565
2.393999999999958,60047.35311717989
2.3959999999999577,60038.78271250886
2.3979999999999575,60030.209243227415
2.3999999999999573,60021.63291187039
2.401999999999957,60013.047370045686
2.403999999999957,60004.46495434192
2.4059999999999566,59995.873727737395
2.4079999999999564,59987.285855351634
2.409999999999956,59978.68929407951
2.411999999999956,59970.08977186749
2.4139999999999557,59961.487651794
2.4159999999999555,59952.87673847524
2.4179999999999553,59944.26947140211
2.419999999999955,59935.653996804744
2.421999999999955,59927.0425138493
2.4239999999999546,59918.42300563757
2.4259999999999544,59909.801099354176
2.427999999999954,59901.176963445
2.429999999999954,59892.55070304376
2.4319999999999538,59883.92236936797
2.4339999999999535,59875.285528841036
2.4359999999999533,59866.64595342471
2.437999999999953,59858.010384084046
2.439999999999953,59849.366764213075
2.4419999999999527,59840.72067168015
2.4439999999999524,59832.0722690494
2.445999999999952,59823.421695332465
2.447999999999952,59814.76258884852
2.4499999999999518,59806.10721426705
2.4519999999999516,59797.44367750455
2.4539999999999513,59788.77763570845
2.455999999999951,59780.10929720257
2.457999999999951,59771.43878713365
2.4599999999999507,59762.766166815105
2.4619999999999505,59754.09145909927
2.4639999999999502,59745.414670898725
2.46599999999995,59736.729348118584
2.46799999999995,59728.04123925278
2.4699999999999496,59719.35061270987
2.4719999999999493,59710.65764658586
2.473999999999949,59701.9624280426
2.475999999999949,59693.26500679745
2.4779999999999487,59684.56538886174
2.4799999999999485,59675.85714628343
2.4819999999999482,59667.146013533114
2.483999999999948,59658.43869820259
2.485999999999948,59649.72319936742
2.4879999999999476,59640.99863889187
2.4899999999999474,59632.27733595972
2.491999999999947,59623.55393014921
2.493999999999947,59614.82194880816
2.4959999999999467,59606.087070971415
2.4979999999999465,59597.35596731567
2.4999999999999463,59588.61663013051
2.501999999999946,59579.86817269571
2.503999999999946,59571.12289077922
2.5059999999999456,59562.37543368232
2.5079999999999454,59553.61932864114
2.509999999999945,59544.86026007176
2.511999999999945,59536.1048908147
2.5139999999999447,59527.3413427646
2.5159999999999445,59518.56889570122
2.5179999999999443,59509.799968061336
2.519999999999944,59501.02932186731
2.521999999999944,59492.250559224194
2.5239999999999436,59483.475795205624
2.5259999999999434,59474.6931605711
2.527999999999943,59465.90824795595
2.529999999999943,59457.12124122002
2.5319999999999427,59448.33225683259
2.5339999999999425,59439.54135245565
2.5359999999999423,59430.74215312841
2.537999999999942,59421.946773775606
2.539999999999942,59413.14339090374
2.5419999999999416,59404.33760001477
2.5439999999999414,59395.535991967605
2.545999999999941,59386.726585283956
2.547999999999941,59377.90847359067
2.5499999999999408,59369.09388661174
2.5519999999999405,59360.27748971323
2.5539999999999403,59351.45283582831
2.55599999999994,59342.625576435676
2.55799999999994,59333.80233961758
2.5599999999999397,59324.97118687884
2.5619999999999394,59316.13761669612
2.563999999999939,59307.295387988954
2.565999999999939,59298.45667233572
2.5679999999999388,59289.60972974952
2.5699999999999386,59280.766557318646
2.5719999999999383,59271.915299989145
2.573999999999938,59263.061493036315
2.575999999999938,59254.2053155999
2.5779999999999377,59245.34687424173
2.5799999999999375,59236.486228652255
2.5819999999999372,59227.617042473
2.583999999999937,59218.74500897842
2.585999999999937,59209.876790844144
2.5879999999999366,59201.000509393576
2.5899999999999364,59192.12166339554
2.591999999999936,59183.24040614892
2.593999999999936,59174.35047392108
2.5959999999999357,59165.463959211185
2.5979999999999355,59156.56914155652
2.5999999999999353,59147.671600573034
2.601999999999935,59138.77156207142
2.603999999999935,59129.8691905747
2.6059999999999346,59120.964593085766
2.6079999999999344,59112.05783082948
2.609999999999934,59103.14258267991
2.611999999999934,59094.23088451509
2.6139999999999337,59085.31099982086
2.6159999999999335,59076.38852150527
2.6179999999999333,59067.46377537037
2.619999999999933,59058.537026227226
2.621999999999933,59049.608456940645
2.6239999999999326,59040.671828186496
2.6259999999999324,59031.739203284276
2.627999999999932,59022.79888534164
2.629999999999932,59013.862780506955
2.6319999999999317,59004.919088824514
2.6339999999999315,58995.973300297774
2.6359999999999313,58987.02558515334
2.637999999999931,58978.07604238127
2.639999999999931,58969.12472758049
2.6419999999999306,58960.165329232375
2.6439999999999304,58951.20983939849
2.64599999999993,58942.24655400964
2.64799999999993,58933.28101484265
2.6499999999999297,58924.31341698343
2.6519999999999295,58915.34388582111
2.6539999999999293,58906.37387684046
2.655999999999929,58897.40413581717
2.657999999999929,58888.440784664024
2.6599999999999286,58879.46503636177
2.6619999999999284,58870.493726506975
2.663999999999928,58861.521215716435
2.665999999999928,58852.5408973965
2.6679999999999278,58843.56453525524
2.6699999999999275,58834.5803388112
2.6719999999999273,58825.593777289534
2.673999999999927,58816.60501724384
2.675999999999927,58807.614173592665
2.6779999999999267,58798.62131235298
2.6799999999999264,58789.62015519041
2.681999999999926,58780.61634380434
2.683999999999926,58771.6005696885
2.685999999999926,58762.59241959894
2.6879999999999256,58753.58206599072
2.6899999999999253,58744.56962681918
2.691999999999925,58735.555146590516
2.693999999999925,58726.53235008784
2.6959999999999247,58717.51316317516
2.6979999999999245,58708.4859441701
2.6999999999999242,58699.45620410849
2.701999999999924,58690.4241437835
2.703999999999924,58681.389893045925
2.7059999999999236,58672.353517052084
2.7079999999999234,58663.30876355047
2.709999999999923,58654.26754797796
2.711999999999923,58645.21825623019
2.7139999999999227,58636.172685714875
2.7159999999999225,58627.11914042156
2.7179999999999223,58618.06307261684
2.719999999999922,58608.9983767957
2.721999999999922,58599.93714460399
2.7239999999999216,58590.87424339562
2.7259999999999214,58581.80342474676
2.727999999999921,58572.730313888795
2.729999999999921,58563.661472494285
2.7319999999999207,58554.58519990007
2.7339999999999205,58545.50690954793
2.7359999999999203,58536.42047185797
2.73799999999992,58527.33785294115
2.73999999999992,58518.253792058495
2.7419999999999196,58509.161935203956
2.7439999999999194,58500.07408333338
2.745999999999919,58490.97860201308
2.747999999999919,58481.857504496475
2.7499999999999187,58472.7575265092
2.7519999999999185,58463.6558202442
2.7539999999999183,58454.552398226704
2.755999999999918,58445.44098679055
2.757999999999918,58436.33343330021
2.7599999999999176,58427.21818651924
2.7619999999999174,58418.10074412251
2.763999999999917,58408.98132287165
2.765999999999917,58399.860064424196
2.7679999999999167,58390.73703937917
2.7699999999999165,58381.61228665925
2.7719999999999163,58372.48581850345
2.773999999999916,58363.351379676096
2.775999999999916,58354.22079174809
2.7779999999999156,58345.08250200522
2.7799999999999154,58335.94197343986
2.781999999999915,58326.79940553371
2.783999999999915,58317.654924805945
2.7859999999999148,58308.50234941361
2.7879999999999145,58299.35353066505
2.7899999999999143,58290.20319712576
2.791999999999914,58281.045002409155
2.793999999999914,58271.88443275191
2.7959999999999137,58262.7217152461
2.7979999999999134,58253.556993200546
2.7999999999999132,58244.39035278426
2.801999999999913,58235.221833569696
2.803999999999913,58226.045220859254
2.8059999999999126,58216.872307321006
2.8079999999999123,58207.69158650161
2.809999999999912,58198.47128130941
2.811999999999912,58189.28548921382
2.8139999999999117,58180.097924540976
2.8159999999999115,58170.90857159078
2.8179999999999112,58161.71739701047
2.819999999999911,58152.51814198374
2.821999999999911,58143.322553493716
2.8239999999999106,58134.11913120013
2.8259999999999104,58124.91330648912
2.82799999999991,58115.70535273454
2.82999999999991,58106.495501899146
2.8319999999999097,58097.28392110714
2.8339999999999095,58088.06449869799
2.8359999999999093,58078.849049698954
2.837999999999909,58069.626127421456
2.839999999999909,58060.401183393704
2.8419999999999086,58051.18063301998
2.8439999999999084,58041.95285428872
2.845999999999908,58032.72317047601
2.847999999999908,58023.491707458335
2.8499999999999077,58014.252347202586
2.8519999999999075,58005.016872321874
2.8539999999999073,57995.77385509106
2.855999999999907,57986.534935261116
2.857999999999907,57977.28859013498
2.8599999999999066,57968.04019256235
2.8619999999999064,57958.78991346826
2.863999999999906,57949.53786080082
2.865999999999906,57940.28409744911
2.8679999999999057,57931.02245723875
2.8699999999999055,57921.764667942705
2.8719999999999053,57912.499295822265
2.873999999999905,57903.23176071047
2.875999999999905,57893.96225970767
2.8779999999999046,57884.69092157125
2.8799999999999044,57875.41781540889
2.881999999999904,57866.14297710928
2.883999999999904,57856.866419767146
2.8859999999999038,57847.581958963725
2.8879999999999035,57838.29510083001
2.8899999999999033,57829.012307255565
2.891999999999903,57819.72206265293
2.893999999999903,57810.429694646766
2.8959999999999027,57801.13535339268
2.8979999999999024,57791.832959508356
2.899999999999902,57782.53425245534
2.901999999999902,57773.22786104601
2.9039999999999018,57763.925374995604
2.9059999999999016,57754.61533460144
2.9079999999999013,57745.30308245716
2.909999999999901,57735.98879785911
2.911999999999901,57726.67260494293
2.9139999999999007,57717.34842916841
2.9159999999999004,57708.027983273794
2.9179999999999002,57698.699922645406
2.9199999999999,57689.37581415648
2.9219999999999,57680.04564197716
2.9239999999998996,57670.72155206943
2.9259999999998993,57661.39185112234
2.927999999999899,57652.0613734075
2.929999999999899,57642.72981475587
2.9319999999998987,57633.39692504278
2.9339999999998985,57624.062531775875
2.9359999999998982,57614.726591874976
2.937999999999898,57605.389123371235
2.939999999999898,57596.04400897305
2.9419999999998976,57586.696759557606
2.9439999999998974,57577.353822506324
2.945999999999897,57568.00376659061
2.947999999999897,57558.651896759664
2.9499999999998967,57549.29836787042
2.9519999999998965,57539.94327337504
2.9539999999998963,57530.580525327954
2.955999999999896,57521.221761662295
2.957999999999896,57511.85566149972
2.9599999999998956,57502.49373092467
2.9619999999998954,57493.12456616169
2.963999999999895,57483.753478193205
2.965999999999895,57474.380631124586
2.9679999999998947,57465.00613833405
2.9699999999998945,57455.63005518029
2.9719999999998943,57446.24628207748
2.973999999999894,57436.866423292835
2.975999999999894,57427.47916963449
2.9779999999998936,57418.089875910744
2.9799999999998934,57408.70486893464
2.981999999999893,57399.31269695015
2.983999999999893,57389.91859841804
2.9859999999998927,57380.51658535099
2.9879999999998925,57371.118320373665
2.9899999999998923,57361.718682662264
2.991999999999892,57352.31148312958
2.993999999999892,57342.902104882945
2.9959999999998916,57333.4907798364
2.9979999999998914,57324.077660865056
2.999999999999891,57314.66283289129
3.001999999999891,57305.24634624187
3.0039999999998908,57295.82821716372
3.0059999999998905,57286.40233923808
3.0079999999998903,57276.98026563473
3.00999999999989,57267.550718851
3.01199999999989,57258.119034872434
3.0139999999998897,57248.685413486644
3.0159999999998894,57239.24998676497
3.017999999999889,57229.81282276996
3.019999999999889,57220.37396260152
3.0219999999998888,57210.92732017338
3.0239999999998886,57201.4844332922
3.0259999999998883,57192.034047621666
3.027999999999888,57182.581494147
3.029999999999888,57173.126971234116
3.0319999999998877,57163.67060917067
3.0339999999998875,57154.21248400957
3.0359999999998872,57144.75263069897
3.037999999999887,57135.28497840932
3.039999999999887,57125.81495130906
3.0419999999998866,57116.34892242916
3.0439999999998864,57106.87560980908
3.045999999999886,57097.400338142164
3.047999999999886,57087.92333131783
3.0499999999998857,57078.44474336192
3.0519999999998855,57068.9585791086
3.0539999999998853,57059.47638627517
3.055999999999885,57049.98697183667
3.057999999999885,57040.501735570986
3.0599999999998846,57031.00939530175
3.0619999999998844,57021.51521416481
3.063999999999884,57012.019377735596
3.065999999999884,57002.522016933595
3.0679999999998837,56993.02320297786
3.0699999999998835,56983.5169081851
3.0719999999998833,56974.01462092416
3.073999999999883,56964.505155743784
3.075999999999883,56954.99987695091
3.0779999999998826,56945.48752030296
3.0799999999998824,56935.973328004904
3.081999999999882,56926.45746509111
3.083999999999882,56916.940042776936
3.0859999999998817,56907.42111986541
3.0879999999998815,56897.894668403635
3.0899999999998813,56888.37215004576
3.091999999999881,56878.842400580805
3.093999999999881,56869.31070387541
3.0959999999998806,56859.777259742164
3.0979999999998804,56850.24824983728
3.09999999999988,56840.70625595776
3.10199999999988,56831.1678517178
3.1039999999998797,56821.62804585275
3.1059999999998795,56812.080769123386
3.1079999999998793,56802.53742090019
3.109999999999879,56792.9868299324
3.111999999999879,56783.43425753856
3.1139999999998786,56773.87989570337
3.1159999999998784,56764.32386580574
3.117999999999878,56754.76623840784
3.119999999999878,56745.207050457575
3.1219999999998778,56735.64027632217
3.1239999999998775,56726.077330538945
3.1259999999998773,56716.50708383391
3.127999999999877,56706.93480271269
3.129999999999877,56697.366721163555
3.1319999999998767,56687.7915716531
3.1339999999998764,56678.20847731547
3.135999999999876,56668.628970272366
3.137999999999876,56659.04805532684
3.139999999999876,56649.45966399184
3.1419999999998756,56639.86910989789
3.1439999999998753,56630.28266949712
3.145999999999875,56620.689109642066
3.147999999999875,56611.09360486181
3.1499999999998747,56601.496299477076
3.1519999999998745,56591.891268795414
3.1539999999998742,56582.28998735492
3.155999999999874,56572.681465074085
3.157999999999874,56563.07704853122
3.1599999999998736,56553.465627486315
3.1619999999998734,56543.85243142757
3.163999999999873,56534.23764923493
3.165999999999873,56524.62140191075
3.1679999999998727,56515.00375624833
3.1699999999998725,56505.38474770728
3.1719999999998723,56495.75837944101
3.173999999999872,56486.13600273257
3.175999999999872,56476.50654309618
3.1779999999998716,56466.88269096751
3.1799999999998714,56457.25389174092
3.181999999999871,56447.63110457713
3.183999999999871,56438.002693037684
3.1859999999998707,56428.37336929764
3.1879999999998705,56418.74293949386
3.1899999999998703,56409.111272961476
3.19199999999987,56399.47828037447
3.19399999999987,56389.84391129192
3.1959999999998696,56380.20813745104
3.1979999999998694,56370.56494608936
3.199999999999869,56360.91965119512
3.201999999999869,56351.27851919797
3.2039999999998687,56341.63040944996
3.2059999999998685,56331.980477806144
3.2079999999998683,56322.328873961924
3.209999999999868,56312.66971362583
3.211999999999868,56303.014373632046
3.2139999999998676,56293.357860612
3.2159999999998674,56283.694121798035
3.217999999999867,56274.028412731524
3.219999999999867,56264.36096490138
3.2219999999998667,56254.69790348805
3.2239999999998665,56245.022053089546
3.2259999999998663,56235.34978119944
3.227999999999866,56225.6761700141
3.229999999999866,56216.00120349823
3.2319999999998656,56206.31888253715
3.2339999999998654,56196.634491410354
3.235999999999865,56186.95425974647
3.237999999999865,56177.26714144709
3.2399999999998648,56167.579908666215
3.2419999999998645,56157.88911946537
3.2439999999998643,56148.19081068189
3.245999999999864,56138.496307704365
3.247999999999864,56128.7946483065
3.2499999999998637,56119.09700440976
3.2519999999998634,56109.39232499533
3.2539999999998632,56099.68575063838
3.255999999999863,56089.97745468622
3.257999999999863,56080.267540755376
3.2599999999998626,56070.556079196474
3.2619999999998623,56060.837149465086
3.263999999999862,56051.12202577822
3.265999999999862,56041.399807251866
3.2679999999998617,56031.681691346006
3.2699999999998615,56021.95669586646
3.2719999999998612,56012.22998648743
3.273999999999861,56002.501751384174
3.275999999999861,55992.77211060291
3.2779999999998606,55983.04113694204
3.2799999999998604,55973.302917005814
3.28199999999986,55963.56869024673
3.28399999999986,55953.827515123565
3.2859999999998597,55944.08456986435
3.2879999999998595,55934.34599345585
3.2899999999998593,55924.6007028352
3.291999999999859,55914.853763204046
3.293999999999859,55905.09937210559
3.2959999999998586,55895.34881691261
3.2979999999998584,55885.59716240046
3.299999999999858,55875.83840431239
3.301999999999858,55866.08368461439
3.3039999999998577,55856.32203278453
3.3059999999998575,55846.55859151063
3.3079999999998573,55836.79353861699
3.309999999999857,55827.02699563776
3.311999999999857,55817.25902787914
3.3139999999998566,55807.48375432914
3.3159999999998564,55797.71236640235
3.317999999999856,55787.93396853725
3.319999999999856,55778.15964143134
3.3219999999998557,55768.37841107456
3.3239999999998555,55758.59538410804
3.3259999999998553,55748.81072826681
3.327999999999855,55739.02455374796
3.329999999999855,55729.23692502905
3.3319999999998546,55719.44196905401
3.3339999999998544,55709.65085556495
3.335999999999854,55699.85271379393
3.337999999999854,55690.05269125099
3.3399999999998538,55680.25099080114
3.3419999999998535,55670.447736434726
3.3439999999998533,55660.64300873325
3.345999999999853,55650.836844141006
3.347999999999853,55641.02926204897
3.3499999999998527,55631.21437025084
3.3519999999998524,55621.40330201594
3.353999999999852,55611.58519571791
3.355999999999852,55601.765189693855
3.3579999999998518,55591.94349760198
3.3599999999998515,55582.12025985014
3.3619999999998513,55572.29556504142
3.363999999999851,55562.46946000595
3.365999999999851,55552.63608055163
3.3679999999998507,55542.80654770567
3.3699999999998504,55532.97002459902
3.3719999999998502,55523.13164129725
3.37399999999985,55513.29159259541
3.37599999999985,55503.45002607674
3.3779999999998496,55493.60706223931
3.3799999999998493,55483.76279282024
3.381999999999849,55473.917273976345
3.383999999999849,55464.06466002214
3.3859999999998487,55454.21017928185
3.3879999999998485,55444.359988395496
3.3899999999998482,55434.50317704126
3.391999999999848,55424.64478884004
3.393999999999848,55414.78496935869
3.3959999999998476,55404.923815082766
3.3979999999998474,55395.061379931925
3.399999999999847,55385.19182546568
3.401999999999847,55375.32623346488
3.4039999999998467,55365.45381066968
3.4059999999998465,55355.585527464886
3.4079999999998463,55345.71051669429
3.409999999999846,55335.83383274884
3.411999999999846,55325.955637808
3.4139999999998456,55316.07604404492
3.4159999999998454,55306.18925380999
3.417999999999845,55296.30635887967
3.419999999999845,55286.422449509744
3.4219999999998447,55276.532548575065
3.4239999999998445,55266.648599510714
3.4259999999998443,55256.75971009973
3.427999999999844,55246.876377814915
3.429999999999844,55236.98728911196
3.4319999999998436,55227.09710200483
3.4339999999998434,55217.21156402174
3.435999999999843,55207.31958178876
3.437999999999843,55197.39890214281
3.4399999999998427,55187.50291847076
3.4419999999998425,55177.605900675706
3.4439999999998423,55167.70191831127
3.445999999999842,55157.80191466653
3.447999999999842,55147.89508663283
3.4499999999998416,55137.986482654414
3.4519999999998414,55128.07628084969
3.453999999999841,55118.164597229996
3.455999999999841,55108.25150580268
3.4579999999998408,55098.33704483128
3.4599999999998405,55088.41540341578
3.4619999999998403,55078.4917535978
3.46399999999984,55068.57220281304
3.46599999999984,55058.64593039584
3.4679999999998397,55048.71793923915
3.4699999999998394,55038.78837737397
3.471999999999839,55028.857343920135
3.473999999999839,55018.924899832455
3.4759999999998388,55008.98525182077
3.4779999999998386,54999.04940079223
3.4799999999998383,54989.106640946105
3.481999999999838,54979.16204247568
3.483999999999838,54969.21580511149
3.4859999999998377,54959.2680545538
3.4879999999998375,54949.31887369847
3.4899999999998372,54939.36833613019
3.491999999999837,54929.41651052465
3.493999999999837,54919.45762878203
3.4959999999998366,54909.49686746068
3.4979999999998364,54899.54032393545
3.499999999999836,54889.57722878971
3.501999999999836,54879.612579229506
3.5039999999998357,54869.646533449035
3.5059999999998355,54859.679198548496
3.5079999999998353,54849.710635709154
3.509999999999835,54839.73507692378
3.511999999999835,54829.76347495498
3.5139999999998346,54819.78516755486
3.5159999999998344,54809.81099832019
3.517999999999834,54799.83022755191
3.519999999999834,54789.847846287135
3.5219999999998337,54779.864018926935
3.5239999999998335,54769.878853416216
3.5259999999998333,54759.886621592275
3.527999999999833,54749.8982794901
3.529999999999833,54739.90319598386
3.5319999999998326,54729.91219868179
3.5339999999998324,54719.91457319233
3.535999999999832,54709.91530487325
3.537999999999832,54699.914557192635
3.5399999999998317,54689.912438845095
3.5419999999998315,54679.9090160876
3.5439999999998313,54669.90432313018
3.545999999999831,54659.89259910397
3.547999999999831,54649.88474425109
3.5499999999998306,54639.87013384277
3.5519999999998304,54629.853792364425
3.55399999999983,54619.83591466964
3.55599999999983,54609.81663061881
3.5579999999998297,54599.79601447626
3.5599999999998295,54589.77410762511
3.5619999999998293,54579.75092762547
3.563999999999829,54569.7207150855
3.565999999999829,54559.6943430464
3.5679999999998286,54549.661206061
3.5699999999998284,54539.6263185994
3.571999999999828,54529.58987155666
3.573999999999828,54519.551999279094
3.5759999999998278,54509.51277613289
3.5779999999998275,54499.472245651064
3.5799999999998273,54489.42466760907
3.581999999999827,54479.38090546334
3.583999999999827,54469.33038027806
3.5859999999998267,54459.27809132634
3.5879999999998264,54449.22423747841
3.589999999999826,54439.16894503164
3.591999999999826,54429.11229309244
3.593999999999826,54419.05432257168
3.5959999999998256,54408.98930469284
3.5979999999998253,54398.92808195015
3.599999999999825,54388.86009139776
3.601999999999825,54378.796083577035
3.6039999999998247,54368.72546074789
3.6059999999998245,54358.65320223045
3.6079999999998242,54348.57950365664
3.609999999999824,54338.498760707356
3.611999999999824,54328.42186762661
3.6139999999998236,54318.34406129579
3.6159999999998234,54308.25953461383
3.617999999999823,54298.17903650728
3.619999999999823,54288.09197843983
3.6219999999998227,54278.003313941445
3.6239999999998225,54267.9132160408
3.6259999999998223,54257.82180264147
3.627999999999822,54247.7291432238
3.629999999999822,54237.62955056011
3.6319999999998216,54227.53383493808
3.6339999999998214,54217.4314766701
3.635999999999821,54207.333178238914
3.637999999999821,54197.22834840299
3.6399999999998207,54187.12190799565
3.6419999999998205,54177.014024076714
3.6439999999998203,54166.90481612556
3.64599999999982,54156.79436057734
3.64799999999982,54146.6769830602
3.6499999999998196,54136.563478374395
3.6519999999998194,54126.443352832735
3.653999999999819,54116.32728544402
3.655999999999819,54106.20603909094
3.6579999999998187,54096.085146776524
3.6599999999998185,54085.97029130772
3.6619999999998183,54075.85038891746
3.663999999999818,54065.72985059614
3.665999999999818,54055.6084554846
3.6679999999998176,54045.48605239232
3.6699999999998174,54035.362544721436
3.671999999999817,54025.23787418083
3.673999999999817,54015.106308683804
3.6759999999998167,54004.97857174494
3.6779999999998165,53994.84418583131
3.6799999999998163,53984.70809456673
3.681999999999816,53974.570494187545
3.683999999999816,53964.431515896584
3.6859999999998156,53954.29123506325
3.6879999999998154,53944.14969798825
3.689999999999815,53934.00123060242
3.691999999999815,53923.85656541607
3.6939999999998148,53913.70525001487
3.6959999999998145,53903.5579114666
3.6979999999998143,53893.4040317842
3.699999999999814,53883.24849763198
3.701999999999814,53873.08579357023
3.7039999999998137,53862.926732291315
3.7059999999998134,53852.76662716052
3.7079999999998132,53842.599750433204
3.709999999999813,53832.43675026004
3.711999999999813,53822.2671544746
3.7139999999998126,53812.09586960772
3.7159999999998123,53801.923078602056
3.717999999999812,53791.74893345664
3.719999999999812,53781.573537767115
3.7219999999998117,53771.3969616808
3.7239999999998115,53761.21357027467
3.7259999999998112,53751.03406485988
3.727999999999811,53740.848041246005
3.729999999999811,53730.66608527168
3.7319999999998106,53720.47771869614
3.7339999999998104,53710.28781163092
3.73599999999981,53700.096522269785
3.73799999999981,53689.89830414401
3.7399999999998097,53679.703881660724
3.7419999999998095,53669.50855892956
3.7439999999998093,53659.30660600953
3.745999999999809,53649.10296161867
3.747999999999809,53638.90349892197
3.7499999999998086,53628.69771157712
3.7519999999998084,53618.49041722133
3.753999999999808,53608.281752827104
3.755999999999808,53598.066163758696
3.7579999999998077,53587.85434311616
3.7599999999998075,53577.64160007075
3.7619999999998073,53567.4222159861
3.763999999999807,53557.201114582276
3.765999999999807,53546.978516910145
3.7679999999998066,53536.76020906
3.7699999999998064,53526.530016673096
3.771999999999806,53516.30332681765
3.773999999999806,53506.07553740391
3.7759999999998057,53495.84663747957
3.7779999999998055,53485.610974126495
3.7799999999998053,53475.37350825176
3.781999999999805,53465.14012631691
3.783999999999805,53454.90039708502
3.7859999999998046,53444.65913483236
3.7879999999998044,53434.41648835048
3.789999999999804,53424.16692911738
3.791999999999804,53413.921118742444
3.7939999999998038,53403.67438190958
3.7959999999998035,53393.42102384689
3.7979999999998033,53383.165948533715
3.799999999999803,53372.90937749299
3.801999999999803,53362.6570772813
3.8039999999998027,53352.39293075553
3.8059999999998024,53342.13226899458
3.807999999999802,53331.87050807231
3.809999999999802,53321.60763905725
3.8119999999998018,53311.338028488615
3.8139999999998015,53301.0666149741
3.8159999999998013,53290.79926060396
3.817999999999801,53280.52556738646
3.819999999999801,53270.25032665634
3.8219999999998007,53259.973679973846
3.8239999999998004,53249.690120620326
3.8259999999998002,53239.41026139842
3.8279999999998,53229.129454944
3.8299999999998,53218.84202881521
3.8319999999997996,53208.55289640959
3.8339999999997993,53198.26230426399
3.835999999999799,53187.976023283685
3.837999999999799,53177.678014494915
3.8399999999997987,53167.38355711647
3.8419999999997985,53157.08809056057
3.8439999999997982,53146.79161018601
3.845999999999798,53136.488499709136
3.847999999999798,53126.18927450158
3.8499999999997976,53115.88365005419
3.8519999999997974,53105.57646457151
3.853999999999797,53095.26790443547
3.855999999999797,53084.958090801054
3.8579999999997967,53074.64710044898
3.8599999999997965,53064.32938729928
3.8619999999997963,53054.01548380412
3.863999999999796,53043.69514976775
3.865999999999796,53033.37880821228
3.8679999999997956,53023.05614720051
3.8699999999997954,53012.73195640592
3.871999999999795,53002.40639806245
3.873999999999795,52992.07958545549
3.8759999999997947,52981.75158094876
3.8779999999997945,52971.41724505515
3.8799999999997943,52961.088475717675
3.881999999999794,52950.76075085111
3.883999999999794,52940.43363745778
3.8859999999997936,52930.106613364536
3.8879999999997934,52919.77366600177
3.889999999999793,52909.43938700064
3.891999999999793,52899.109388562516
3.8939999999997927,52888.77324699378
3.8959999999997925,52878.435642890836
3.8979999999997923,52868.0966880002
3.899999999999792,52857.75090285194
3.901999999999792,52847.40880825805
3.9039999999997916,52837.060240003484
3.9059999999997914,52826.715588709645
3.907999999999791,52816.36460308608
3.909999999999791,52806.01205311576
3.9119999999997908,52795.65810398828
3.9139999999997905,52785.30287042011
3.9159999999997903,52774.946418400046
3.91799999999979,52764.58878986184
3.91999999999979,52754.224466051426
3.9219999999997897,52743.86389964831
3.9239999999997894,52733.49692326486
3.925999999999789,52723.12834483953
3.927999999999789,52712.75836103909
3.9299999999997888,52702.38709936101
3.9319999999997886,52692.014637675195
3.9339999999997883,52681.64102084701
3.935999999999788,52671.26626892451
3.937999999999788,52660.8848521549
3.9399999999997877,52650.5016587914
3.9419999999997875,52640.12248463221
3.9439999999997872,52629.73709221666
3.945999999999787,52619.35022414042
3.947999999999787,52608.962049794594
3.9499999999997866,52598.5726881298
3.9519999999997864,52588.17668152786
3.953999999999786,52577.78447616459
3.955999999999786,52567.385953237885
3.9579999999997857,52556.99143377474
3.9599999999997855,52546.59071749395
3.9619999999997852,52536.18854222059
3.963999999999785,52525.78506946037
3.965999999999785,52515.380403932846
3.9679999999997846,52504.97461541578
3.9699999999997844,52494.56222058143
3.971999999999784,52484.15362055112
3.973999999999784,52473.73870305319
3.9759999999997837,52463.32776104156
3.9779999999997835,52452.91061425626
3.9799999999997833,52442.49198578149
3.981999999999783,52432.072039464176
3.983999999999783,52421.65088373667
3.9859999999997826,52411.22307640211
3.9879999999997824,52400.799018801095
3.989999999999782,52390.374135773876
3.991999999999782,52379.9428508456
3.9939999999997817,52369.50994437736
3.9959999999997815,52359.07563442402
3.9979999999997813,52348.64006279702
3.999999999999781,52338.20332152645
4.001999999999781,52327.7654604433
4.003999999999781,52317.32650397517
4.005999999999781,52306.8809709021
4.007999999999781,52296.43920329321
4.00999999999978,52285.99112614268
4.01199999999978,52275.54149605888
4.01399999999978,52265.09050668487
4.01599999999978,52254.638286057096
4.0179999999997795,52244.184912015124
4.019999999999779,52233.73043369504
4.021999999999779,52223.269387780194
4.023999999999779,52212.81209964641
4.025999999999779,52202.34852325885
4.027999999999778,52191.88888379527
4.029999999999778,52181.42306709569
4.031999999999778,52170.955767005325
4.033999999999778,52160.487146574356
4.0359999999997775,52150.01184169307
4.037999999999777,52139.54022011076
4.039999999999777,52129.067762568746
4.041999999999777,52118.58893021867
4.043999999999777,52108.108487011465
4.045999999999776,52097.63212481801
4.047999999999776,52087.14970034841
4.049999999999776,52076.66586338761
4.051999999999776,52066.18075117581
4.053999999999776,52055.68900236713
4.055999999999775,52045.20095440029
4.057999999999775,52034.70663798089
4.059999999999775,52024.216276365034
4.061999999999775,52013.71982352291
4.0639999999997745,52003.22197614997
4.065999999999774,51992.72291013911
4.067999999999774,51982.22274008667
4.069999999999774,51971.721540735285
4.071999999999774,51961.21935016085
4.073999999999773,51950.71073518545
4.075999999999773,51940.2059594981
4.077999999999773,51929.69503138711
4.079999999999773,51919.188114395285
4.0819999999997725,51908.67515436441
4.083999999999772,51898.1608132616
4.085999999999772,51887.64525362307
4.087999999999772,51877.12858533609
4.089999999999772,51866.60543386346
4.091999999999771,51856.08735053059
4.093999999999771,51845.57043731925
4.095999999999771,51835.054444263835
4.097999999999771,51824.53889415157
4.0999999999997705,51814.01788326912
4.10199999999977,51803.50126740124
4.10399999999977,51792.97883443998
4.10599999999977,51782.455124646825
4.10799999999977,51771.9302390586
4.109999999999769,51761.40425593918
4.111999999999769,51750.87723038662
4.113999999999769,51740.349200823315
4.115999999999769,51729.82018789638
4.1179999999997685,51719.284777015186
4.119999999999768,51708.74775043737
4.121999999999768,51698.21479571973
4.123999999999768,51687.67589373543
4.125999999999768,51677.13566769918
4.127999999999767,51666.594266431486
4.129999999999767,51656.05178977829
4.131999999999767,51645.50830045504
4.133999999999767,51634.95841974992
4.1359999999997665,51624.41235108216
4.137999999999766,51613.86018204976
4.139999999999766,51603.306602138306
4.141999999999766,51592.7518061451
4.143999999999766,51582.195923325744
4.145999999999765,51571.639037372086
4.147999999999765,51561.08119453591
4.149999999999765,51550.52242110997
4.151999999999765,51539.96272906909
4.1539999999997645,51529.39672310333
4.155999999999764,51518.829161012734
4.157999999999764,51508.265707016464
4.159999999999764,51497.69638492775
4.161999999999764,51487.125800024216
4.1639999999997634,51476.554101176225
4.165999999999763,51465.9813935609
4.167999999999763,51455.40234661639
4.169999999999763,51444.827145070376
4.171999999999763,51434.24594225306
4.173999999999762,51423.66882218513
4.175999999999762,51413.08586437098
4.177999999999762,51402.501696776715
4.179999999999762,51391.91649247811
4.1819999999997615,51381.330368097195
4.183999999999761,51370.74340466825
4.185999999999761,51360.1556503169
4.187999999999761,51349.567131129006
4.189999999999761,51338.97248336947
4.19199999999976,51328.381828651014
4.19399999999976,51317.7853186275
4.19599999999976,51307.18760336733
4.19799999999976,51296.588879247814
4.1999999999997595,51285.989276935594
4.201999999999759,51275.38888011403
4.203999999999759,51264.78773853584
4.205999999999759,51254.185880713405
4.207999999999759,51243.58331924503
4.209999999999758,51232.97469693727
4.211999999999758,51222.37010998022
4.213999999999758,51211.759733434315
4.215999999999758,51201.14820914628
4.2179999999997575,51190.53573546614
4.219999999999757,51179.922449538695
4.221999999999757,51169.30843572925
4.223999999999757,51158.693747519435
4.225999999999757,51148.078417531324
4.227999999999756,51137.45710519891
4.229999999999756,51126.8398947276
4.231999999999756,51116.21698731223
4.233999999999756,51105.59837401108
4.2359999999997555,51094.974193358496
4.237999999999755,51084.34903543743
4.239999999999755,51073.72307231647
4.241999999999755,51063.09642678756
4.243999999999755,51052.46918184269
4.245999999999754,51041.841389991
4.247999999999754,51031.21308888726
4.249999999999754,51020.5789531732
4.251999999999754,51009.94904953426
4.2539999999997535,50999.31360867111
4.255999999999753,50988.67726048989
4.257999999999753,50978.04555321038
4.259999999999753,50967.408600218914
4.261999999999753,50956.77093382351
4.263999999999752,50946.132698783564
4.265999999999752,50935.4940054527
4.267999999999752,50924.854930823945
4.269999999999752,50914.210197365595
4.2719999999997516,50903.56986775559
4.273999999999751,50892.92954567864
4.275999999999751,50882.28384643155
4.277999999999751,50871.64274281558
4.279999999999751,50860.996463017305
4.2819999999997505,50850.34960912763
4.28399999999975,50839.707719843835
4.28599999999975,50829.06095504029
4.28799999999975,50818.41384417193
4.28999999999975,50807.76655223999
4.291999999999749,50797.11919965181
4.293999999999749,50786.472122302686
4.295999999999749,50775.8268476201
4.297999999999749,50765.183607915256
4.2999999999997485,50754.5474449954
4.301999999999748,50743.907982006895
4.303999999999748,50733.26928172027
4.305999999999748,50722.631174793496
4.307999999999748,50711.993576071975
4.309999999999747,50701.35646101984
4.311999999999747,50690.7198425637
4.313999999999747,50680.08375838703
4.315999999999747,50669.44826509756
4.3179999999997465,50658.813423318585
4.319999999999746,50648.173997628706
4.321999999999746,50637.54001941658
4.323999999999746,50626.90716489766
4.325999999999746,50616.275432522016
4.327999999999745,50605.63954118894
4.329999999999745,50595.009485303264
4.331999999999745,50584.38093468499
4.333999999999745,50573.75388805128
4.3359999999997445,50563.12838210658
4.337999999999744,50552.49918938193
4.339999999999744,50541.87633713514
4.341999999999744,50531.2555522732
4.343999999999744,50520.63689012636
4.345999999999743,50510.02043459358
4.347999999999743,50499.40630934783
4.349999999999743,50488.79466429836
4.351999999999743,50478.19096511288
4.3539999999997425,50467.585503950504
4.355999999999742,50456.98289138005
4.357999999999742,50446.38875168882
4.359999999999742,50435.79880007695
4.361999999999742,50425.213147121816
4.363999999999741,50414.632000424055
4.365999999999741,50404.05566173235
4.367999999999741,50393.48979357385
4.369999999999741,50382.9302341683
4.3719999999997405,50372.37727948227
4.37399999999974,50361.83666421109
4.37599999999974,50351.30439892595
4.37799999999974,50340.78102557302
4.37999999999974,50330.27262345498
4.381999999999739,50319.78091748731
4.383999999999739,50309.30768735616
4.385999999999739,50298.84964572479
4.387999999999739,50288.419012015656
4.3899999999997386,50278.01434773341
4.391999999999738,50267.63940510534
4.393999999999738,50257.30993328932
4.395999999999738,50247.02973642957
4.397999999999738,50236.8274399137
4.3999999999997375,50226.740835310964
4.401999999999737,50217.053474685854
4.403999999999737,43878.992080810945
4.405999999999737,38433.867489451615
4.407999999999737,34191.05129201257
4.409999999999736,31039.746560801268
4.411999999999736,28725.185933439872
4.413999999999736,27042.76125985441
4.415999999999736,25834.39779671342
4.4179999999997355,24974.174635002364
4.419999999999735,24364.79410168837
4.421999999999735,23933.549226042127
4.423999999999735,23627.21583114501
4.425999999999735,23407.70554989114
4.427999999999734,23247.970216070433
4.429999999999734,23129.12647002036
4.431999999999734,23038.113386289442
4.433999999999734,22965.974541860487
4.4359999999997335,22906.618792961217
4.437999999999733,22855.888217237378
4.439999999999733,22810.966088427183
4.441999999999733,22769.95655574291
4.443999999999733,22731.582309708534
4.445999999999732,22694.982642283638
4.447999999999732,22659.584997239264
4.449999999999732,22625.006974811415
4.451999999999732,22590.989571545793
4.4539999999997315,22557.362363067008
4.455999999999731,22524.00955117541
4.457999999999731,22490.85463286763
4.459999999999731,22457.84992149787
4.461999999999731,22424.957710150014
4.46399999999973,22392.158577048907
4.46599999999973,22359.43596045625
4.46799999999973,22326.781750352417
4.46999999999973,22294.185472585177
4.4719999999997295,22261.648094375596
4.473999999999729,22229.163881529967
4.475999999999729,22196.73046203339
4.477999999999729,22164.346209545332
4.479999999999729,22132.010019826706
4.481999999999728,22099.724458999874
4.483999999999728,22067.489802688124
4.485999999999728,22035.299706590555
4.487999999999728,22003.159464812266
4.4899999999997275,21971.0664006924
4.491999999999727,21939.0235348795
4.493999999999727,21907.028191536418
4.495999999999727,21875.083374391044
4.497999999999727,21843.1831375131
4.499999999999726,21811.33298501189
4.501999999999726,21779.533723031633
4.503999999999726,21747.782733747983
4.505999999999726,21716.07977592932
4.507999999999726,21684.424723056098
4.509999999999725,21652.82078005262
4.511999999999725,21621.26873272324
4.513999999999725,21589.762749037793
4.515999999999725,21558.30829122301
4.5179999999997245,21526.906204406947
4.519999999999724,21495.550746432382
4.521999999999724,21464.247391446905
4.523999999999724,21432.993826002486
4.525999999999724,21401.79321533025
4.527999999999723,21370.643176576617
4.529999999999723,21339.54362289014
4.531999999999723,21308.49774241872
4.533999999999723,21277.503213920827
4.5359999999997225,21246.559990324473
4.537999999999722,21215.67127611364
4.539999999999722,21184.83480870219
4.541999999999722,21154.050578274626
4.543999999999722,21123.321800446956
4.545999999999721,21092.646272496335
4.547999999999721,21062.02402139523
4.549999999999721,21031.45517495272
4.551999999999721,21000.94302915194
4.5539999999997205,20970.485517224522
4.55599999999972,20940.08582501084
4.55799999999972,20909.741841059396
4.55999999999972,20879.45364292044
4.56199999999972,20849.221416941942
4.563999999999719,20819.04846221478
4.565999999999719,20788.9328467564
4.567999999999719,20758.87476701239
4.569999999999719,20728.874515366846
4.5719999999997185,20698.93543801757
4.573999999999718,20669.05573788596
4.575999999999718,20639.238644820944
4.577999999999718,20609.47939086499
4.579999999999718,20579.783337158904
4.581999999999717,20550.148865336734
4.583999999999717,20520.579267785703
4.585999999999717,20491.070001323842
4.587999999999717,20461.626413695707
4.5899999999997165,20432.249886417336
4.591999999999716,20402.93598504697
4.593999999999716,20373.68998506636
4.595999999999716,20344.510510809025
4.597999999999716,20315.398104700682
4.599999999999715,20286.35790452205
4.601999999999715,20257.38493301414
4.603999999999715,20228.481711515855
4.605999999999715,20199.64950858848
4.6079999999997145,20170.89055207305
4.609999999999714,20142.20166652312
4.611999999999714,20113.588090166202
4.613999999999714,20085.05151228493
4.615999999999714,20056.58829775904
4.6179999999997134,20028.203572933475
4.619999999999713,19999.89653152037
4.621999999999713,19971.668057803152
4.623999999999713,19943.51913160056
4.625999999999713,19915.433796180496
4.627999999999712,19887.448145359464
4.629999999999712,19859.550687138402
4.631999999999712,19831.73520419253
4.633999999999712,19804.007942754015
4.6359999999997115,19776.366193187285
4.637999999999711,19748.814913058257
4.639999999999711,19721.353947044507
4.641999999999711,19693.98456077239
4.643999999999711,19666.708116040172
4.64599999999971,19639.52818457412
4.64799999999971,19612.444845485265
4.64999999999971,19585.457442630996
4.65199999999971,19558.570852091572
4.6539999999997095,19531.785532606747
4.655999999999709,19505.105041831317
4.657999999999709,19478.527956018082
4.659999999999709,19452.058921786254
4.661999999999709,19425.69867395767
4.663999999999708,19399.447233641007
4.665999999999708,19373.309255682645
4.667999999999708,19347.287496359728
4.669999999999708,19321.38134930549
4.6719999999997075,19295.593644583812
4.673999999999707,19269.928069758935
4.675999999999707,19244.386028087145
4.677999999999707,19218.968260056386
4.679999999999707,19193.67906395656
4.681999999999706,19168.520255241878
4.683999999999706,19143.4941889878
4.685999999999706,19118.60330893968
4.687999999999706,19093.8501336546
4.6899999999997055,19069.23826740621
4.691999999999705,19044.769031205247
4.693999999999705,19020.446172639662
4.695999999999705,18996.27145394525
4.697999999999705,18972.248505490246
4.699999999999704,18948.37952183384
4.701999999999704,18924.66798375714
4.703999999999704,18901.117001636016
4.705999999999704,18877.729121697437
4.7079999999997035,18854.507564216958
4.709999999999703,18831.45585646769
4.711999999999703,18808.577137521657
4.713999999999703,18785.87655041462
4.715999999999703,18763.352982462377
4.717999999999702,18741.003504022126
4.719999999999702,18718.849204744645
4.721999999999702,18696.88467303872
4.723999999999702,18675.113773663565
4.7259999999997016,18653.53858553186
4.727999999999701,18632.163852355407
4.729999999999701,18610.99383815979
4.731999999999701,18590.030094498074
4.733999999999701,18569.278680006326
4.7359999999997004,18548.740740713216
4.7379999999997,18528.422800293974
4.7399999999997,18508.32685945526
4.7419999999997,18488.455360848366
4.7439999999997,18468.815502227913
4.745999999999699,18449.408934558953
4.747999999999699,18430.241266585985
4.749999999999699,18411.312152906077
4.751999999999699,18392.627861679048
4.7539999999996985,18374.194241393987
4.755999999999698,18356.01003296981
4.757999999999698,18338.084185495223
4.759999999999698,18320.417357448845
4.761999999999698,18303.013207039945
4.763999999999697,18285.878173187146
4.765999999999697,18269.00941277187
4.767999999999697,18252.41704323223
4.769999999999697,18236.10073874088
4.7719999999996965,18220.06378547019
4.773999999999696,18204.309306341886
4.775999999999696,18188.84411594828
4.777999999999696,18173.66293287207
4.779999999999696,18158.777387321934
4.781999999999695,18144.18593748456
4.783999999999695,18129.891119917436
4.785999999999695,18115.89511449004
4.787999999999695,18102.20463563782
4.7899999999996945,18088.81135319656
4.791999999999694,18075.727302593477
4.793999999999694,18062.9536587702
4.795999999999694,18050.48058490022
4.797999999999694,18038.320582293654
4.799999999999693,18026.46842178634
4.801999999999693,18014.930642489267
4.803999999999693,18003.701270786558
4.805999999999693,17992.780399323958
4.8079999999996925,17982.174292305903
4.809999999999692,17971.87685939649
4.811999999999692,17961.892575823516
4.813999999999692,17952.206343831847
4.815999999999692,17942.831295049913
4.817999999999691,17933.75813710836
4.819999999999691,17924.992331696874
4.821999999999691,17916.52361374708
4.823999999999691,17908.349279268587
4.8259999999996905,17900.46617949237
4.82799999999969,17892.878990045585
4.82999999999969,17885.58375062069
4.83199999999969,17878.559228458464
4.83399999999969,17871.82706491932
4.835999999999689,17865.355712415487
4.837999999999689,17859.158101306428
4.839999999999689,17853.219453823585
4.841999999999689,17847.533913707826
4.8439999999996886,17842.104659644825
4.845999999999688,17836.915528412257
4.847999999999688,17831.969374169596
4.849999999999688,17827.24919259315
4.851999999999688,17822.747678770746
4.8539999999996875,17818.45718392922
4.855999999999687,17814.379886401486
4.857999999999687,17810.507406780107
4.859999999999687,17806.810621493027
4.861999999999687,17803.30203766931
4.863999999999686,17799.962129194435
4.865999999999686,17796.792553239036
4.867999999999686,17793.762672497625
4.869999999999686,17790.885010288686
4.8719999999996855,17788.149908661766
4.873999999999685,17785.525967168003
4.875999999999685,17783.025869325465
4.877999999999685,17780.62873944881
4.879999999999685,17778.336025766195
4.881999999999684,17776.126782309744
4.883999999999684,17773.98042783499
4.885999999999684,17771.92108732629
4.887999999999684,17769.90509201515
4.8899999999996835,17767.945765651195
4.891999999999683,17766.01105070523
4.893999999999683,17764.114480309738
4.895999999999683,17762.2353167352
4.897999999999683,17760.3757681705
4.899999999999682,17758.50434112871
4.901999999999682,17756.63518756641
4.903999999999682,17754.74825962934
4.905999999999682,17752.835393267396
4.9079999999996815,17750.88860463115
4.909999999999681,17748.90010488254
4.911999999999681,17746.873312593907
4.913999999999681,17744.778560136645
4.915999999999681,17742.631127835946
4.91799999999968,17740.412843145168
4.91999999999968,17738.106501166654
4.92199999999968,17735.727834643272
4.92399999999968,17733.25959506873
4.9259999999996795,17730.696118317894
4.927999999999679,17728.03203939419
4.929999999999679,17725.262244906502
4.931999999999679,17722.392217361343
4.933999999999679,17719.396282428905
4.935999999999678,17716.28108133973
4.937999999999678,17713.052634338852
4.939999999999678,17709.686598923603
4.941999999999678,17706.190151162285
4.9439999999996775,17702.569868115814
4.945999999999677,17698.802722603166
4.947999999999677,17694.89642268973
4.949999999999677,17690.858031644777
4.951999999999677,17686.66584371792
4.953999999999676,17682.337335306052
4.955999999999676,17677.851659378826
4.957999999999676,17673.217229424165
4.959999999999676,17668.441784488004
4.961999999999676,17663.50572395077
4.963999999999675,17658.41780938097
4.965999999999675,17653.186090797528
4.967999999999675,18417.960908580273
4.969999999999675,18427.74317672714
4.9719999999996745,18433.391873340835
4.973999999999674,18435.69821351392
4.975999999999674,18435.430192075914
4.977999999999674,18433.23666546936
4.979999999999674,18429.6290068642
4.981999999999673,18425.004787921116
4.983999999999673,18419.65354901841
4.985999999999673,18413.78324802591
4.987999999999673,18407.547382375004
4.9899999999996725,18401.06688211215
4.991999999999672,18394.407923201343
4.993999999999672,18387.630303804435
4.995999999999672,18380.76643444406
4.997999999999672,18373.852296803558
4.999999999999671,18366.90354506587
5.001999999999671,18359.931054618657
5.003999999999671,18352.9423625862
5.005999999999671,18345.949337245598
5.0079999999996705,18338.95548564487
5.00999999999967,18331.95652869524
5.01199999999967,18324.960803380443
5.01399999999967,18317.96935521037
5.01599999999967,18310.98286471702
5.017999999999669,18303.995090194876
5.019999999999669,18297.01965218713
5.021999999999669,18290.04326357353
5.023999999999669,18283.0726764012
5.0259999999996685,18276.114523753677
5.027999999999668,18269.155332860813
5.029999999999668,18262.201737310952
5.031999999999668,18255.253603798577
5.033999999999668,18248.31079836918
5.035999999999667,18241.373162525233
5.037999999999667,18234.440559674422
5.039999999999667,18227.506173651374
5.041999999999667,18220.58320712323
5.0439999999996665,18213.65814326712
5.045999999999666,18206.74417791454
5.047999999999666,18199.827796529375
5.049999999999666,18192.92218903104
5.051999999999666,18186.013867217775
5.053999999999665,18179.109361936422
5.055999999999665,18172.215151398763
5.057999999999665,18165.317771579077
5.059999999999665,18158.424179201924
5.0619999999996645,18151.527777992997
5.063999999999664,18144.64167895618
5.065999999999664,18137.75896720957
5.067999999999664,18130.872769436814
5.069999999999664,18123.996118506362
5.0719999999996634,18117.11551952882
5.073999999999663,18110.237419799454
5.075999999999663,18103.368226636423
5.077999999999663,18096.494516980772
5.079999999999663,18089.622766142398
5.081999999999662,18082.75282021274
5.083999999999662,18075.884519183885
5.085999999999662,18069.0177120391
5.087999999999662,18062.15225792815
5.0899999999996615,18055.288013353336
5.091999999999661,18048.424843850516
5.093999999999661,18041.562607844557
5.095999999999661,18034.701173968526
5.097999999999661,18027.833851047744
5.09999999999966,18020.97365777004
5.10199999999966,18014.11386669046
5.10399999999966,18007.247812073994
5.10599999999966,18000.38847608647
5.1079999999996595,17993.529155297834
5.109999999999659,17986.663210225808
5.111999999999659,17979.803588014198
5.113999999999659,17972.93710650136
5.115999999999659,17966.070184725097
5.117999999999658,17959.20920586573
5.119999999999658,17952.341013951314
5.121999999999658,17945.472022634523
5.123999999999658,17938.60859347533
5.1259999999996575,17931.73761512212
5.127999999999657,17924.865494784193
5.129999999999657,17917.992112083444
5.131999999999657,17911.117355347313
5.133999999999657,17904.241106629997
5.135999999999656,17897.36326030087
5.137999999999656,17890.483698488802
5.139999999999656,17883.602324100666
5.141999999999656,17876.71901668814
5.1439999999996555,17869.833682200384
5.145999999999655,17862.946212407864
5.147999999999655,17856.05650478577
5.149999999999655,17849.16444691335
5.151999999999655,17842.269952639548
5.153999999999654,17835.37291461354
5.155999999999654,17828.46684689145
5.157999999999654,17821.564455940457
5.159999999999654,17814.65922557752
5.1619999999996535,17807.75105341568
5.163999999999653,17800.8398546609
5.165999999999653,17793.919186714535
5.167999999999653,17787.001677731874
5.169999999999653,17780.080861973
5.171999999999652,17773.15032114525
5.173999999999652,17766.222649603107
5.175999999999652,17759.29139334799
5.177999999999652,17752.350176050717
5.1799999999996515,17745.411542726495
5.181999999999651,17738.462781298065
5.183999999999651,17731.51642252232
5.185999999999651,17724.56606266235
5.187999999999651,17717.60535003211
5.1899999999996504,17710.646770582294
5.19199999999965,17703.67770153033
5.19399999999965,17696.71058255641
5.19599999999965,17689.739072590277
5.19799999999965,17682.75685739086
5.199999999999649,17675.776354280253
5.201999999999649,17668.785013581863
5.203999999999649,17661.795217761126
5.205999999999649,17654.794457871496
5.2079999999996485,17647.795080948737
5.209999999999648,17640.784613336495
5.211999999999648,17633.77537897246
5.213999999999648,17626.754929757688
5.215999999999648,17619.73555666753
5.217999999999647,17612.711006830967
5.219999999999647,17605.675082540547
5.221999999999647,17598.640008520226
5.223999999999647,17591.59345180518
5.2259999999996465,17584.547609631773
5.227999999999646,17577.490172570127
5.229999999999646,17570.433314187903
5.231999999999646,17563.37084369962
5.233999999999646,17556.296636484105
5.235999999999645,17549.222802729902
5.237999999999645,17542.14319409897
5.239999999999645,17535.05170440875
5.241999999999645,17527.960402113422
5.2439999999996445,17520.857126479925
5.245999999999644,17513.753913943827
5.247999999999644,17506.644658480476
5.249999999999644,17499.529309988473
5.251999999999644,17492.40182886451
5.253999999999643,17485.274173333306
5.255999999999643,17478.14028342893
5.257999999999643,17471.000113477865
5.259999999999643,17463.853618119614
5.2619999999996425,17456.694802565456
5.263999999999642,17449.535544295366
5.265999999999642,17442.369826006114
5.267999999999642,17435.197608485538
5.269999999999642,17428.018852445588
5.271999999999641,17420.833520268574
5.273999999999641,17413.641565941012
5.275999999999641,17406.4429595716
5.277999999999641,17399.237661247487
5.2799999999996405,17392.02563405052
5.28199999999964,17384.806840943667
5.28399999999964,17377.58124836594
5.28599999999964,17370.34882174556
5.28799999999964,17363.1153512569
5.289999999999639,17355.86914310464
5.291999999999639,17348.6160064791
5.293999999999639,17341.35591313183
5.295999999999639,17334.094609844673
5.2979999999996386,17326.820488040285
5.299999999999638,17319.539322476696
5.301999999999638,17312.25683463493
5.303999999999638,17304.961474533015
5.305999999999638,17297.66472751927
5.3079999999996375,17290.355075262243
5.309999999999637,17283.04396035784
5.311999999999637,17275.71992180385
5.313999999999637,17268.39435464247
5.315999999999637,17261.061518504437
5.317999999999636,17253.715717962412
5.319999999999636,17246.368301324725
5.321999999999636,17239.013550127067
5.323999999999636,17231.651453147762
5.3259999999996355,17224.281987864928
5.327999999999635,17216.90514013918
5.329999999999635,17209.520894410125
5.331999999999635,17202.129230419483
5.333999999999635,17194.730136319195
5.335999999999634,17187.323596493494
5.337999999999634,17179.90959683257
5.339999999999634,17172.493686073332
5.341999999999634,17165.064711499002
5.3439999999996335,17157.62824281592
5.345999999999633,17150.189795423008
5.347999999999633,17142.738287198466
5.349999999999633,17135.28475494503
5.351999999999633,17127.81816262161
5.353999999999632,17120.34951409812
5.355999999999632,17112.873285851667
5.357999999999632,17105.3840045412
5.359999999999632,17097.89261166165
5.3619999999996315,17090.393622448282
5.363999999999631,17082.887027864646
5.365999999999631,17075.372824717717
5.367999999999631,17067.851007354515
5.369999999999631,17060.321577056024
5.37199999999963,17052.784526246913
5.37399999999963,17045.245233435937
5.37599999999963,17037.692923995754
5.37799999999963,17030.132992758055
5.3799999999996295,17022.570782985804
5.381999999999629,17014.995585177614
5.383999999999629,17007.41809131892
5.385999999999629,16999.8329501958
5.387999999999629,16992.234859167624
5.389999999999628,16984.634442960516
5.391999999999628,16977.02638558872
5.393999999999628,16969.410689564942
5.395999999999628,16961.787360927156
5.3979999999996275,16954.156398776533
5.399999999999627,16946.51781412844
5.401999999999627,16938.871610147504
5.403999999999627,16931.223012648516
5.405999999999627,16923.561572165952
5.407999999999626,16915.8977317356
5.409999999999626,16908.22108481481
5.411999999999626,16900.542031127254
5.413999999999626,16892.85020566321
5.415999999999626,16885.155967380415
5.417999999999625,16877.454148015902
5.419999999999625,16869.74475498131
5.421999999999625,16862.02779483767
5.423999999999625,16854.303284319707
5.4259999999996245,16846.571229178746
5.427999999999624,16838.8316432316
5.429999999999624,16831.089622557127
5.431999999999624,16823.334997936297
5.433999999999624,16815.577940249186
5.435999999999623,16807.808329876632
5.437999999999623,16800.036288175757
5.439999999999623,16792.256770229913
5.441999999999623,16784.469791483934
5.4439999999996225,16776.675366417316
5.445999999999622,16768.873506427546
5.447999999999622,16761.06422873921
5.449999999999622,16753.247546003106
5.451999999999622,16745.428447609072
5.453999999999621,16737.597001327522
5.455999999999621,16729.758202823166
5.457999999999621,16721.91700195423
5.459999999999621,16714.068464140426
5.4619999999996205,16706.21260728601
5.46399999999962,16698.349446226945
5.46599999999962,16690.478999745323
5.46799999999962,16682.60128871178
5.46999999999962,16674.716332290867
5.471999999999619,16666.824148488286
5.473999999999619,16658.929605176825
5.475999999999619,16651.023018682426
5.477999999999619,16643.114094168668
5.4799999999996185,16635.19318851858
5.481999999999618,16627.269962184866
5.483999999999618,16619.339614847286
5.485999999999618,16611.402166659143
5.487999999999618,16603.457640733443
5.489999999999617,16595.510821206673
5.491999999999617,16587.552194986914
5.493999999999617,16579.586556302704
5.495999999999617,16571.618661419972
5.4979999999996165,16563.643781617888
5.499999999999616,16555.657232666053
5.501999999999616,16547.668463029804
5.503999999999616,16539.6727810115
5.505999999999616,16531.674892812254
5.507999999999615,16523.665454036385
5.509999999999615,16515.649174227376
5.511999999999615,16507.630727158503
5.513999999999615,16499.600837489637
5.5159999999996145,16491.568810022294
5.517999999999614,16483.530027895442
5.519999999999614,16475.48451660452
5.521999999999614,16467.432302122255
5.523999999999614,16459.373407537965
5.525999999999613,16451.307864008028
5.527999999999613,16443.24026096866
5.529999999999613,16435.161490147944
5.531999999999613,16427.080692911393
5.533999999999613,16418.993336375002
5.535999999999612,16410.89944957145
5.537999999999612,16402.799056103988
5.539999999999612,16394.69218595449
5.541999999999612,16386.578867178574
5.5439999999996115,16378.459126739517
5.545999999999611,16370.337466632333
5.547999999999611,16362.209430125708
5.549999999999611,16354.070590476736
5.551999999999611,16345.929884728572
5.55399999999961,16337.78288733913
5.55599999999961,16329.634048542497
5.55799999999961,16321.474550551657
5.55999999999961,16313.30884546776
5.5619999999996095,16305.14135435881
5.563999999999609,16296.967705138748
5.565999999999609,16288.787923706
5.567999999999609,16280.602040822843
5.569999999999609,16272.410086444028
5.571999999999608,16264.212091239417
5.573999999999608,16256.008083297169
5.575999999999608,16247.802416039007
5.577999999999608,16239.590789055188
5.5799999999996075,16231.368927013835
5.581999999999607,16223.14546569198
5.583999999999607,16214.916133984107
5.585999999999607,16206.685235007397
5.587999999999607,16198.44425296814
5.589999999999606,16190.201743548658
5.591999999999606,16181.949232226338
5.593999999999606,16173.695234516961
5.595999999999606,16165.435540554992
5.5979999999996055,16157.170181679734
5.599999999999605,16148.89918755913
5.601999999999605,16140.62678303723
5.603999999999605,16132.344616000812
5.605999999999605,16124.061078875757
5.607999999999604,16115.772024401704
5.609999999999604,16107.477482665996
5.611999999999604,16099.177483881647
5.613999999999604,16090.872062642753
5.6159999999996035,16082.565371131039
5.617999999999603,16074.24919909468
5.619999999999603,16065.931800693921
5.621999999999603,16057.609098845012
5.623999999999603,16049.281123377581
5.625999999999602,16040.947905453198
5.627999999999602,16032.609479689463
5.629999999999602,16024.269932464122
5.631999999999602,16015.925233268723
5.6339999999996015,16007.575411626283
5.635999999999601,15999.220499465478
5.637999999999601,15990.860529830967
5.639999999999601,15982.49553452637
5.641999999999601,15974.125548558852
5.6439999999996004,15965.754591843124
5.6459999999996,15957.378702155494
5.6479999999996,15948.997909411473
5.6499999999996,15940.612246397455
5.6519999999996,15932.221745148541
5.653999999999599,15923.83038001335
5.655999999999599,15915.430303601064
5.657999999999599,15907.029408915841
5.659999999999599,15898.623799991647
5.6619999999995985,15890.213509326019
5.663999999999598,15881.802462603418
5.665999999999598,15873.382905849207
5.667999999999598,15864.962638437259
5.669999999999598,15856.533945337022
5.671999999999597,15848.104589325045
5.673999999999597,15839.67458930296
5.675999999999597,15831.236282256774
5.677999999999597,15822.793545429682
5.6799999999995965,15814.350232050152
5.681999999999596,15805.90255016787
5.683999999999596,15797.450529797945
5.685999999999596,15788.994203908736
5.687999999999596,15780.53360552065
5.689999999999595,15772.072542232183
5.691999999999595,15763.607266886105
5.693999999999595,15755.13405284284
5.695999999999595,15746.664190896568
5.6979999999995945,15738.186469744298
5.699999999999594,15729.70466398473
5.701999999999594,15721.222527388523
5.703999999999594,15712.73636732124
5.705999999999594,15704.246214740995
5.707999999999593,15695.752101563552
5.709999999999593,15687.25406098909
5.711999999999593,15678.755801414616
5.713999999999593,15670.250007335915
5.7159999999995925,15661.744041119195
5.717999999999592,15653.234274061211
5.719999999999592,15644.724376369648
5.721999999999592,15636.207103651059
5.723999999999592,15627.689745029384
5.725999999999591,15619.16870616145
5.727999999999591,15610.64401870547
5.729999999999591,15602.11571393706
5.731999999999591,15593.583824891784
5.7339999999995905,15585.051963717462
5.73599999999959,15576.516579069772
5.73799999999959,15567.974139804286
5.73999999999959,15559.43534986062
5.74199999999959,15550.88958431218
5.743999999999589,15542.343956282191
5.745999999999589,15533.791430893945
5.747999999999589,15525.239089900351
5.749999999999589,15516.683443823935
5.7519999999995886,15508.128025511029
5.753999999999588,15499.56586640187
5.755999999999588,15491.003978478439
5.757999999999588,15482.43890576098
5.759999999999588,15473.870678806876
5.7619999999995875,15465.299328954165
5.763999999999587,15456.728339242809
5.765999999999587,15448.154286415816
5.767999999999587,15439.577199188836
5.769999999999587,15430.99760812367
5.771999999999586,15422.415792161682
5.773999999999586,15413.831739168887
5.775999999999586,15405.24534417432
5.777999999999586,15396.659886111594
5.7799999999995855,15388.071875957146
5.781999999999585,15379.481247883969
5.783999999999585,15370.8879642513
5.785999999999585,15362.29200846567
5.787999999999585,15353.696731541533
5.789999999999584,15345.098789605008
5.791999999999584,15336.498196566596
5.793999999999584,15327.894974201885
5.795999999999584,15319.292466829307
5.7979999999995835,15310.684068394528
5.799999999999583,15302.076422791693
5.801999999999583,15293.466254811648
5.803999999999583,15284.856880433728
5.805999999999583,15276.241759343076
5.807999999999582,15267.627471753362
5.809999999999582,15259.010775166715
5.811999999999582,15250.391698689586
5.813999999999582,15241.77351888555
5.8159999999995815,15233.149776751045
5.817999999999581,15224.526973321488
5.819999999999581,15215.901905990539
5.821999999999581,15207.27460333928
5.823999999999581,15198.648302878664
5.82599999999958,15190.01982391282
5.82799999999958,15181.389193292538
5.82999999999958,15172.756438457216
5.83199999999958,15164.121589270384
5.8339999999995795,15155.487845399211
5.835999999999579,15146.852065082257
5.837999999999579,15138.21427423029
5.839999999999579,15129.574502451847
5.841999999999579,15120.935915999185
5.843999999999578,15112.292273396608
5.845999999999578,15103.649858323683
5.847999999999578,15095.005575702804
5.849999999999578,15086.362561658405
5.8519999999995775,15077.71773340953
5.853999999999577,15069.06802305532
5.855999999999577,15060.422724618687
5.857999999999577,15051.772616022903
5.859999999999577,15043.123872150774
5.861999999999576,15034.470386954605
5.863999999999576,15025.81830722101
5.865999999999576,15017.167655090972
5.867999999999576,15008.512365197985
5.869999999999576,14999.858539316563
5.871999999999575,14991.20317125055
5.873999999999575,14982.546286686173
5.875999999999575,14973.89092442792
5.877999999999575,14965.23109487235
5.8799999999995745,14956.572825731258
5.881999999999574,14947.913148873084
5.883999999999574,14939.255071530022
5.885999999999574,14930.592661836565
5.887999999999574,14921.929637207235
5.889999999999573,14913.266880992069
5.891999999999573,14904.606020889005
5.893999999999573,14895.941123589031
5.895999999999573,14887.278051475296
5.8979999999995725,14878.613856104876
5.899999999999572,14869.9514604516
5.901999999999572,14861.28502951103
5.903999999999572,14852.620402780563
5.905999999999572,14843.954690587958
5.907999999999571,14835.290808439384
5.909999999999571,14826.622992302062
5.911999999999571,14817.957036773663
5.913999999999571,14809.29008420428
5.9159999999995705,14800.622158727037
5.91799999999957,14791.95614798425
5.91999999999957,14783.289213892022
5.92199999999957,14774.621387919782
5.92399999999957,14765.952679584465
5.925999999999569,14757.285955481835
5.927999999999569,14748.615580681477
5.929999999999569,14739.947224712418
5.931999999999569,14731.280907619659
5.9339999999995685,14722.611034661344
5.935999999999568,14713.943231445332
5.937999999999568,14705.274726829657
5.939999999999568,14696.608328019196
5.941999999999568,14687.938494788928
5.943999999999567,14679.270800110638
5.945999999999567,14670.602497960484
5.947999999999567,14661.936370123287
5.949999999999567,14653.266930147316
5.9519999999995665,14644.599695562501
5.953999999999566,14635.931948299154
5.955999999999566,14627.266443077267
5.957999999999566,14618.597745463216
5.959999999999566,14609.931320525235
5.961999999999565,14601.264476820095
5.963999999999565,14592.59994204479
5.965999999999565,14583.932333089895
5.967999999999565,14575.267062967781
5.9699999999995645,14566.604151748777
5.971999999999564,14557.938254696895
5.973999999999564,14549.274744808108
5.975999999999564,14540.610972947414
5.977999999999564,14531.946960862551
5.979999999999563,14523.285386873908
5.981999999999563,14514.623616894687
5.983999999999563,14505.961673544443
5.985999999999563,14497.299577509002
5.987999999999563,14488.639981239387
5.989999999999562,14479.980278196866
5.991999999999562,14471.320489803646
5.993999999999562,14462.660637881132
5.995999999999562,14454.003347305172
5.9979999999995615,14445.346037170826
5.999999999999561,14436.688729622376
