time,value
0.0,6439474.656954483
0.002,6433007.482517802
0.004,6426745.087296763
0.006,6417494.637957561
0.008,6407056.211884098
0.01,6396326.883602451
0.012,6385691.885413643
0.014,6375274.877417003
0.016,6365084.734178878
0.018000000000000002,6355092.127030557
0.020000000000000004,6345263.665338758
0.022000000000000006,6335573.883940635
0.024000000000000007,6326006.353083525
0.02600000000000001,6316551.9383251555
0.02800000000000001,6307206.292530116
0.030000000000000013,6297967.807927738
0.032000000000000015,6288836.487678165
0.034000000000000016,6279812.865624714
0.03600000000000002,6270897.4582889555
0.03800000000000002,6262090.734888821
0.04000000000000002,6253393.050132114
0.04200000000000002,6244804.632855971
0.044000000000000025,6236325.595811634
0.04600000000000003,6227955.95035576
0.04800000000000003,6219695.635392473
0.05000000000000003,6211545.652028449
0.05200000000000003,6203506.9060474755
0.054000000000000034,6195579.273536063
0.056000000000000036,6187762.559180754
0.05800000000000004,6180056.499193627
0.06000000000000004,6172460.76331966
0.06200000000000004,6164974.956556222
0.06400000000000004,6157598.620866353
0.06600000000000004,6150331.2416142
0.06800000000000005,6143172.248759196
0.07000000000000005,6136121.018959505
0.07200000000000005,6129176.87841548
0.07400000000000005,6122339.103573818
0.07600000000000005,6115606.923814672
0.07800000000000006,6108979.52426732
0.08000000000000006,6102456.048312844
0.08200000000000006,6096035.599864739
0.08400000000000006,6089717.717671507
0.08600000000000006,6083506.7667889595
0.08800000000000006,6077404.426780866
0.09000000000000007,6071410.170967165
0.09200000000000007,6065523.085782854
0.09400000000000007,6059742.180577841
0.09600000000000007,6054066.392089051
0.09800000000000007,6048494.588642508
0.10000000000000007,6043025.574550641
0.10200000000000008,6037658.09439781
0.10400000000000008,6032390.837414919
0.10600000000000008,6027222.44172409
0.10800000000000008,6022151.498556722
0.11000000000000008,6017176.556433289
0.11200000000000009,6012296.125158787
0.11400000000000009,6007508.679597577
0.11600000000000009,6002812.663559181
0.11800000000000009,5998206.493493055
0.12000000000000009,5993688.561859025
0.1220000000000001,5989257.240493992
0.1240000000000001,5984910.883810382
0.12600000000000008,5980647.83194782
0.12800000000000009,5976466.4135117605
0.1300000000000001,5972364.948329959
0.1320000000000001,5968341.939984352
0.1340000000000001,5964407.022012008
0.1360000000000001,5960567.373634262
0.1380000000000001,5956820.111383851
0.1400000000000001,5953162.325050967
0.1420000000000001,5949591.089377883
0.1440000000000001,5946103.473507224
0.1460000000000001,5942696.54868571
0.1480000000000001,5939367.395184123
0.1500000000000001,5936113.108288133
0.1520000000000001,5932930.803508008
0.1540000000000001,5929817.621144968
0.1560000000000001,5926770.730248069
0.1580000000000001,5923787.331980202
0.16000000000000011,5920864.662470763
0.16200000000000012,5917999.995201726
0.16400000000000012,5915190.6427500015
0.16600000000000012,5912433.958305831
0.16800000000000012,5909727.336769928
0.17000000000000012,5907068.215529496
0.17200000000000013,5904454.074935
0.17400000000000013,5901882.438412867
0.17600000000000013,5899350.872418651
0.17800000000000013,5896856.986094245
0.18000000000000013,5894398.430735718
0.18200000000000013,5891973.591340656
0.18400000000000014,5889590.639007065
0.18600000000000014,5887252.041257264
0.18800000000000014,5884956.273787276
0.19000000000000014,5882701.842579254
0.19200000000000014,5880487.284114382
0.19400000000000014,5878311.16528609
0.19600000000000015,5876172.083018799
0.19800000000000015,5874068.663866575
0.20000000000000015,5871999.56351878
0.20200000000000015,5869963.466341429
0.20400000000000015,5867959.0849597
0.20600000000000016,5865985.159724376
0.20800000000000016,5864040.458196516
0.21000000000000016,5862123.77466447
0.21200000000000016,5860233.92966266
0.21400000000000016,5858369.769410845
0.21600000000000016,5856530.165281338
0.21800000000000017,5854714.013288219
0.22000000000000017,5852920.233490595
0.22200000000000017,5851147.769427337
0.22400000000000017,5849396.271527319
0.22600000000000017,5847678.895566142
0.22800000000000017,5846001.016399934
0.23000000000000018,5844359.209014012
0.23200000000000018,5842750.2047477905
0.23400000000000018,5841170.880999005
0.23600000000000018,5839618.250646759
0.23800000000000018,5838089.451660546
0.24000000000000019,5836581.737149109
0.2420000000000002,5835092.466040467
0.2440000000000002,5833619.094258532
0.2460000000000002,5832159.166419243
0.2480000000000002,5830710.30789399
0.25000000000000017,5829270.21724571
0.25200000000000017,5827836.658978156
0.25400000000000017,5826407.456576369
0.25600000000000017,5824980.485724446
0.2580000000000002,5823553.667816804
0.2600000000000002,5822124.964767955
0.2620000000000002,5820692.370660254
0.2640000000000002,5819266.484004094
0.2660000000000002,5817859.649691482
0.2680000000000002,5816470.922596581
0.2700000000000002,5815099.259794693
0.2720000000000002,5813743.648210192
0.2740000000000002,5812403.104005705
0.2760000000000002,5811076.6715522725
0.2780000000000002,5809763.422143124
0.2800000000000002,5808462.452799641
0.2820000000000002,5807172.885107696
0.2840000000000002,5805893.864140026
0.2860000000000002,5804624.557389287
0.2880000000000002,5803364.153844048
0.2900000000000002,5802111.862987096
0.2920000000000002,5800866.91392775
0.2940000000000002,5799628.554474365
0.2960000000000002,5798396.050284277
0.2980000000000002,5797168.683991315
0.3000000000000002,5795945.754398343
0.3020000000000002,5794726.575638969
0.3040000000000002,5793510.4762543505
0.3060000000000002,5792296.798491488
0.3080000000000002,5791084.89748487
0.3100000000000002,5789874.140506537
0.3120000000000002,5788663.906196698
0.3140000000000002,5787453.583791912
0.3160000000000002,5786242.572369804
0.3180000000000002,5785030.280144634
0.32000000000000023,5783816.123725416
0.32200000000000023,5782599.527371135
0.32400000000000023,5781379.92232874
0.32600000000000023,5780156.746086193
0.32800000000000024,5778929.4416599525
0.33000000000000024,5777701.371685321
0.33200000000000024,5776482.204553262
0.33400000000000024,5775272.12402866
0.33600000000000024,5774070.630803017
0.33800000000000024,5772877.236893034
0.34000000000000025,5771691.465735042
0.34200000000000025,5770512.851897616
0.34400000000000025,5769340.94061855
0.34600000000000025,5768175.287439389
0.34800000000000025,5767015.457711876
0.35000000000000026,5765861.026257605
0.35200000000000026,5764711.577033723
0.35400000000000026,5763566.7027849555
0.35600000000000026,5762426.00476254
0.35800000000000026,5761289.092437257
0.36000000000000026,5760155.583186748
0.36200000000000027,5759025.102007945
0.36400000000000027,5757897.281239749
0.36600000000000027,5756771.760266073
0.36800000000000027,5755648.185292669
0.3700000000000003,5754526.209038672
0.3720000000000003,5753405.490461627
0.3740000000000003,5752285.694521766
0.3760000000000003,5751166.491879515
0.3780000000000003,5750047.558682427
0.3800000000000003,5748928.576297094
0.3820000000000003,5747809.231028622
0.3840000000000003,5746689.213869509
0.3860000000000003,5745568.220283753
0.3880000000000003,5744445.949970834
0.3900000000000003,5743322.106597839
0.3920000000000003,5742196.39752923
0.3940000000000003,5741068.53363676
0.3960000000000003,5739942.506727788
0.3980000000000003,5738822.928271563
0.4000000000000003,5737712.315711543
0.4020000000000003,5736611.141199748
0.4040000000000003,5735518.8629080895
0.4060000000000003,5734434.953077102
0.4080000000000003,5733358.897692755
0.4100000000000003,5732290.19600242
0.4120000000000003,5731228.360017382
0.4140000000000003,5730172.913958127
0.4160000000000003,5729123.393790241
0.4180000000000003,5728079.346756565
0.4200000000000003,5727040.330951486
0.4220000000000003,5726005.914918822
0.4240000000000003,5724975.677240131
0.4260000000000003,5723949.206178939
0.4280000000000003,5722926.099293223
0.4300000000000003,5721905.963094515
0.43200000000000033,5720888.41264834
0.43400000000000033,5719873.071266609
0.43600000000000033,5718859.570126708
0.43800000000000033,5717847.547929141
0.44000000000000034,5716836.650595129
0.44200000000000034,5715826.530926188
0.44400000000000034,5714816.848282509
0.44600000000000034,5713807.268270653
0.44800000000000034,5712797.462436893
0.45000000000000034,5711787.107863266
0.45200000000000035,5710775.886266802
0.45400000000000035,5709763.484735025
0.45600000000000035,5708749.59549653
0.45800000000000035,5707733.915296252
0.46000000000000035,5706717.433502935
0.46200000000000035,5705705.460332186
0.46400000000000036,5704698.183765034
0.46600000000000036,5703695.320672807
0.46800000000000036,5702696.594139525
0.47000000000000036,5701701.733509448
0.47200000000000036,5700710.474220556
0.47400000000000037,5699722.557661567
0.47600000000000037,5698737.731317289
0.47800000000000037,5697755.747720325
0.48000000000000037,5696776.364602284
0.4820000000000004,5695799.3447993975
0.4840000000000004,5694824.456094139
0.4860000000000004,5693851.471034779
0.4880000000000004,5692880.166805881
0.4900000000000004,5691910.325087956
0.4920000000000004,5690941.731867404
0.4940000000000004,5689974.1773360465
0.4960000000000004,5689007.455763446
0.4980000000000004,5688041.365313522
0.5000000000000003,5687075.7079252135
0.5020000000000003,5686110.28921063
0.5040000000000003,5685144.918283489
0.5060000000000003,5684179.407650892
0.5080000000000003,5683213.5730968965
0.5100000000000003,5682247.233512736
0.5120000000000003,5681280.210807501
0.5140000000000003,5680312.329771225
0.5160000000000003,5679343.417975901
0.5180000000000003,5678373.305639285
0.5200000000000004,5677401.825504943
0.5220000000000004,5676428.812729384
0.5240000000000004,5675454.253067962
0.5260000000000004,5674481.181737777
0.5280000000000004,5673511.287689841
0.5300000000000004,5672544.384121116
0.5320000000000004,5671580.287917571
0.5340000000000004,5670618.819867278
0.5360000000000004,5669659.804654214
0.5380000000000004,5668703.070648832
0.5400000000000004,5667748.449826801
0.5420000000000004,5666795.7776283445
0.5440000000000004,5665844.892866077
0.5460000000000004,5664895.637629006
0.5480000000000004,5663947.857165715
0.5500000000000004,5663001.399792121
0.5520000000000004,5662056.116832133
0.5540000000000004,5661111.862518593
0.5560000000000004,5660168.493909589
0.5580000000000004,5659225.8708332125
0.5600000000000004,5658283.855769313
0.5620000000000004,5657342.313811247
0.5640000000000004,5656401.1125530545
0.5660000000000004,5655460.122058864
0.5680000000000004,5654519.214751863
0.5700000000000004,5653578.26535766
0.5720000000000004,5652637.150839526
0.5740000000000004,5651695.750307764
0.5760000000000004,5650753.944993261
0.5780000000000004,5649811.618121126
0.5800000000000004,5648868.654899898
0.5820000000000004,5647924.942424474
0.5840000000000004,5646980.369603713
0.5860000000000004,5646034.827120549
0.5880000000000004,5645088.207353094
0.5900000000000004,5644140.557282292
0.5920000000000004,5643194.250251265
0.5940000000000004,5642250.269128587
0.5960000000000004,5641308.479976201
0.5980000000000004,5640368.751458297
0.6000000000000004,5639430.954959857
0.6020000000000004,5638494.964568887
0.6040000000000004,5637560.656982585
0.6060000000000004,5636627.92557319
0.6080000000000004,5635697.30072413
0.6100000000000004,5634769.150331598
0.6120000000000004,5633843.304176277
0.6140000000000004,5632919.595577103
0.6160000000000004,5631997.8613436045
0.6180000000000004,5631077.941763313
0.6200000000000004,5630159.680431596
0.6220000000000004,5629242.924152197
0.6240000000000004,5628327.522877102
0.6260000000000004,5627413.329598215
0.6280000000000004,5626500.200278884
0.6300000000000004,5625587.993730545
0.6320000000000005,5624676.571569141
0.6340000000000005,5623765.798124055
0.6360000000000005,5622855.540357034
0.6380000000000005,5621945.667786147
0.6400000000000005,5621036.052411749
0.6420000000000005,5620126.568643691
0.6440000000000005,5619217.09320803
0.6460000000000005,5618307.505117034
0.6480000000000005,5617397.685563598
0.6500000000000005,5616487.517865662
0.6520000000000005,5615576.88740524
0.6540000000000005,5614665.681538629
0.6560000000000005,5613753.789548977
0.6580000000000005,5612842.243649011
0.6600000000000005,5611932.700934849
0.6620000000000005,5611025.107805884
0.6640000000000005,5610119.342789856
0.6660000000000005,5609215.286901686
0.6680000000000005,5608312.823697188
0.6700000000000005,5607411.839186222
0.6720000000000005,5606512.2217726195
0.6740000000000005,5605613.862140825
0.6760000000000005,5604716.653245573
0.6780000000000005,5603820.4901978625
0.6800000000000005,5602925.270238619
0.6820000000000005,5602030.89267127
0.6840000000000005,5601137.25882794
0.6860000000000005,5600244.271980644
0.6880000000000005,5599351.837344747
0.6900000000000005,5598459.861969422
0.6920000000000005,5597568.254730437
0.6940000000000005,5596676.926258654
0.6960000000000005,5595785.788909566
0.6980000000000005,5594894.756745253
0.7000000000000005,5594003.745557709
0.7020000000000005,5593112.672752607
0.7040000000000005,5592221.457138402
0.7060000000000005,5591330.019055022
0.7080000000000005,5590438.280305276
0.7100000000000005,5589546.164170203
0.7120000000000005,5588653.595277374
0.7140000000000005,5587760.4995885985
0.7160000000000005,5586866.804388172
0.7180000000000005,5585972.438223845
0.7200000000000005,5585077.330886651
0.7220000000000005,5584181.413358009
0.7240000000000005,5583284.622033558
0.7260000000000005,5582388.070566403
0.7280000000000005,5581492.821097285
0.7300000000000005,5580598.7873947285
0.7320000000000005,5579705.884861567
0.7340000000000005,5578814.030643273
0.7360000000000005,5577923.143628041
0.7380000000000005,5577033.144361568
0.7400000000000005,5576143.955033752
0.7420000000000005,5575255.499415327
0.7440000000000005,5574367.702808886
0.7460000000000006,5573480.492008118
0.7480000000000006,5572593.79526137
0.7500000000000006,5571707.542257855
0.7520000000000006,5570821.6640558755
0.7540000000000006,5569936.093063323
0.7560000000000006,5569050.7630321365
0.7580000000000006,5568165.608990376
0.7600000000000006,5567280.567224605
0.7620000000000006,5566395.575255226
0.7640000000000006,5565510.571788553
0.7660000000000006,5564625.496726617
0.7680000000000006,5563740.291105881
0.7700000000000006,5562854.8971017925
0.7720000000000006,5561969.2579464605
0.7740000000000006,5561083.317952891
0.7760000000000006,5560197.022378654
0.7780000000000006,5559310.316969427
0.7800000000000006,5558423.148785082
0.7820000000000006,5557535.466120908
0.7840000000000006,5556647.218237334
0.7860000000000006,5555758.355318449
0.7880000000000006,5554868.828420137
0.7900000000000006,5553978.5894610565
0.7920000000000006,5553087.591204172
0.7940000000000006,5552195.936204224
0.7960000000000006,5551305.06942076
0.7980000000000006,5550415.088254514
0.8000000000000006,5549525.928987233
0.8020000000000006,5548637.529155974
0.8040000000000006,5547749.827574685
0.8060000000000006,5546862.7643155875
0.8080000000000006,5545976.280677561
0.8100000000000006,5545090.319211533
0.8120000000000006,5544204.823596909
0.8140000000000006,5543319.738617251
0.8160000000000006,5542435.010134656
0.8180000000000006,5541550.585096979
0.8200000000000006,5540666.437368417
0.8220000000000006,5539782.865566467
0.8240000000000006,5538899.923771222
0.8260000000000006,5538017.542845246
0.8280000000000006,5537135.654992257
0.8300000000000006,5536254.193780681
0.8320000000000006,5535373.094103343
0.8340000000000006,5534492.292141187
0.8360000000000006,5533611.725310467
0.8380000000000006,5532731.332268432
0.8400000000000006,5531851.052871748
0.8420000000000006,5530970.828123414
0.8440000000000006,5530090.600160861
0.8460000000000006,5529210.312234619
0.8480000000000006,5528329.908682772
0.8500000000000006,5527449.334904203
0.8520000000000006,5526568.537312647
0.8540000000000006,5525687.463328383
0.8560000000000006,5524806.061358775
0.8580000000000007,5523924.2807912445
0.8600000000000007,5523042.07193396
0.8620000000000007,5522159.385987576
0.8640000000000007,5521276.2422298975
0.8660000000000007,5520393.591787627
0.8680000000000007,5519511.775175185
0.8700000000000007,5518630.733235137
0.8720000000000007,5517750.407938641
0.8740000000000007,5516870.742447361
0.8760000000000007,5515991.681071753
0.8780000000000007,5515113.16927616
0.8800000000000007,5514235.15363538
0.8820000000000007,5513357.581799567
0.8840000000000007,5512480.402465087
0.8860000000000007,5511603.565349044
0.8880000000000007,5510727.021184899
0.8900000000000007,5509850.721664429
0.8920000000000007,5508974.619427964
0.8940000000000007,5508098.668030432
0.8960000000000007,5507222.821959058
0.8980000000000007,5506347.036602246
0.9000000000000007,5505471.268224984
0.9020000000000007,5504595.473928551
0.9040000000000007,5503719.61164838
0.9060000000000007,5502843.640141441
0.9080000000000007,5501967.518968896
0.9100000000000007,5501091.20847748
0.9120000000000007,5500214.669789009
0.9140000000000007,5499337.8648365
0.9160000000000007,5498460.756205018
0.9180000000000007,5497583.307227023
0.9200000000000007,5496705.481894855
0.9220000000000007,5495827.244869327
0.9240000000000007,5494948.5614829315
0.9260000000000007,5494069.397704011
0.9280000000000007,5493189.720136615
0.9300000000000007,5492309.495991464
0.9320000000000007,5491428.693088125
0.9340000000000007,5490547.279844734
0.9360000000000007,5489665.302166793
0.9380000000000007,5488783.628128235
0.9400000000000007,5487902.428048285
0.9420000000000007,5487021.6593000535
0.9440000000000007,5486141.280069907
0.9460000000000007,5485261.249408731
0.9480000000000007,5484381.52721004
0.9500000000000007,5483502.074184269
0.9520000000000007,5482622.851834135
0.9540000000000007,5481743.822414438
0.9560000000000007,5480864.948947396
0.9580000000000007,5479986.195194002
0.9600000000000007,5479107.525614542
0.9620000000000007,5478228.905386166
0.9640000000000007,5477350.300358692
0.9660000000000007,5476471.677052173
0.9680000000000007,5475593.002647063
0.9700000000000008,5474714.24497125
0.9720000000000008,5473835.372467693
0.9740000000000008,5472956.354197158
0.9760000000000008,5472077.159847882
0.9780000000000008,5471197.759670397
0.9800000000000008,5470318.124509031
0.9820000000000008,5469438.2257640315
0.9840000000000008,5468558.035409462
0.9860000000000008,5467677.525932195
0.9880000000000008,5466796.670365246
0.9900000000000008,5465915.442250822
0.9920000000000008,5465033.815641091
0.9940000000000008,5464151.765089941
0.9960000000000008,5463269.265623822
0.9980000000000008,5462386.292745825
1.0000000000000007,5461502.822411391
1.0020000000000007,5460618.831034069
1.0040000000000007,5459734.2954791365
1.0060000000000007,5458849.193034691
1.0080000000000007,5457963.501414431
1.0100000000000007,5457077.450929064
1.0120000000000007,5456191.677553868
1.0140000000000007,5455306.194112083
1.0160000000000007,5454420.968294001
1.0180000000000007,5453535.968436279
1.0200000000000007,5452651.1635645935
1.0220000000000007,5451766.523291316
1.0240000000000007,5450882.017837566
1.0260000000000007,5449997.61800547
1.0280000000000007,5449113.375185366
1.0300000000000007,5448229.428848572
1.0320000000000007,5447345.752883839
1.0340000000000007,5446462.311451023
1.0360000000000007,5445579.069424879
1.0380000000000007,5444695.9923792565
1.0400000000000007,5443813.046551579
1.0420000000000007,5442930.1988600325
1.0440000000000007,5442047.416860486
1.0460000000000007,5441164.668743743
1.0480000000000007,5440281.923325916
1.0500000000000007,5439399.150035883
1.0520000000000007,5438516.318901952
1.0540000000000007,5437633.400521195
1.0560000000000007,5436750.366079831
1.0580000000000007,5435867.187313012
1.0600000000000007,5434983.836503996
1.0620000000000007,5434100.286476291
1.0640000000000007,5433216.51056533
1.0660000000000007,5432332.482639919
1.0680000000000007,5431448.177062524
1.0700000000000007,5430563.568671871
1.0720000000000007,5429678.632808597
1.0740000000000007,5428793.345277675
1.0760000000000007,5427907.682348206
1.0780000000000007,5427021.620728964
1.0800000000000007,5426135.137591223
1.0820000000000007,5425248.210513217
1.0840000000000007,5424360.851072039
1.0860000000000007,5423473.569613664
1.0880000000000007,5422586.570002673
1.0900000000000007,5421699.822415105
1.0920000000000007,5420813.297595701
1.0940000000000007,5419926.966874938
1.0960000000000008,5419040.802163652
1.0980000000000008,5418154.775939188
1.1000000000000008,5417268.861232542
1.1020000000000008,5416383.031612215
1.1040000000000008,5415497.261153708
1.1060000000000008,5414611.52445974
1.1080000000000008,5413725.796621994
1.1100000000000008,5412840.053241656
1.1120000000000008,5411954.270435982
1.1140000000000008,5411068.424760726
1.1160000000000008,5410182.493132953
1.1180000000000008,5409296.452571203
1.1200000000000008,5408410.280720777
1.1220000000000008,5407523.955882253
1.1240000000000008,5406637.45682074
1.1260000000000008,5405750.762741907
1.1280000000000008,5404863.853246173
1.1300000000000008,5403976.708311427
1.1320000000000008,5403089.308320645
1.1340000000000008,5402201.634028955
1.1360000000000008,5401313.666567131
1.1380000000000008,5400425.387437519
1.1400000000000008,5399536.778490323
1.1420000000000008,5398647.821930482
1.1440000000000008,5397758.500314694
1.1460000000000008,5396868.79654411
1.1480000000000008,5395978.693881958
1.1500000000000008,5395088.175931399
1.1520000000000008,5394197.226546874
1.1540000000000008,5393305.829913009
1.1560000000000008,5392413.97049551
1.1580000000000008,5391521.6330753425
1.1600000000000008,5390628.802873386
1.1620000000000008,5389735.796607034
1.1640000000000008,5388842.924369203
1.1660000000000008,5387950.163842602
1.1680000000000008,5387057.493137943
1.1700000000000008,5386164.890797271
1.1720000000000008,5385272.335827891
1.1740000000000008,5384379.807627845
1.1760000000000008,5383487.286009332
1.1780000000000008,5382594.751190525
1.1800000000000008,5381702.183784305
1.1820000000000008,5380809.564788303
1.1840000000000008,5379916.875559722
1.1860000000000008,5379024.09782118
1.1880000000000008,5378131.213675361
1.1900000000000008,5377238.205552452
1.1920000000000008,5376345.056242053
1.1940000000000008,5375451.748879929
1.1960000000000008,5374558.266921603
1.1980000000000008,5373664.594148583
1.2000000000000008,5372770.714666188
1.2020000000000008,5371876.612897774
1.2040000000000008,5370982.273561454
1.2060000000000008,5370087.681677696
1.2080000000000009,5369192.822567534
1.2100000000000009,5368297.681846823
1.2120000000000009,5367402.245403249
1.2140000000000009,5366506.4994039545
1.2160000000000009,5365610.430293978
1.2180000000000009,5364714.024790864
1.2200000000000009,5363817.269861946
1.2220000000000009,5362920.152732415
1.2240000000000009,5362022.660883995
1.2260000000000009,5361124.812607711
1.2280000000000009,5360226.711336894
1.2300000000000009,5359328.3495297665
1.2320000000000009,5358429.71016445
1.2340000000000009,5357530.7765345955
1.2360000000000009,5356631.5322592445
1.2380000000000009,5355731.961280588
1.2400000000000009,5354832.277191391
1.2420000000000009,5353932.77132132
1.2440000000000009,5353033.431205596
1.2460000000000009,5352134.2357319435
1.2480000000000009,5351235.164203116
1.2500000000000009,5350336.196352287
1.252000000000001,5349437.312304701
1.254000000000001,5348538.4925763635
1.256000000000001,5347639.718052022
1.258000000000001,5346740.970007149
1.260000000000001,5345842.230090218
1.262000000000001,5344943.480294747
1.264000000000001,5344044.702980105
1.266000000000001,5343145.880839078
1.268000000000001,5342246.996908427
1.270000000000001,5341348.034635754
1.272000000000001,5340448.977716644
1.274000000000001,5339549.810162091
1.276000000000001,5338650.51628668
1.278000000000001,5337751.080713867
1.280000000000001,5336851.488372019
1.282000000000001,5335951.724488674
1.284000000000001,5335051.77458401
1.286000000000001,5334151.624448966
1.288000000000001,5333251.260153039
1.290000000000001,5332350.668043428
1.292000000000001,5331449.8347401945
1.294000000000001,5330548.747114622
1.296000000000001,5329647.392297026
1.298000000000001,5328745.757679264
1.300000000000001,5327843.830943079
1.302000000000001,5326941.5999692315
1.304000000000001,5326039.052869408
1.306000000000001,5325136.177994041
1.308000000000001,5324232.963927658
1.310000000000001,5323329.399467816
1.312000000000001,5322425.473633334
1.314000000000001,5321521.175666054
1.316000000000001,5320616.495046856
1.318000000000001,5319711.421444431
1.320000000000001,5318806.1675383635
1.322000000000001,5317900.958331659
1.324000000000001,5316995.780011144
1.326000000000001,5316090.617273885
1.328000000000001,5315185.455136471
1.330000000000001,5314280.278906688
1.332000000000001,5313375.074186186
1.334000000000001,5312469.826865996
1.336000000000001,5311564.52310462
1.338000000000001,5310659.14934967
1.340000000000001,5309753.692307109
1.342000000000001,5308848.138944694
1.344000000000001,5307942.476504841
1.346000000000001,5307036.692455921
1.348000000000001,5306130.774524442
1.350000000000001,5305224.710684744
1.352000000000001,5304318.489136153
1.354000000000001,5303412.098310557
1.356000000000001,5302505.52687216
1.358000000000001,5301598.763713596
1.360000000000001,5300691.79793599
1.362000000000001,5299784.618856809
1.364000000000001,5298877.216024798
1.366000000000001,5297969.579174061
1.368000000000001,5297061.698255413
1.370000000000001,5296153.563411489
1.372000000000001,5295245.1649829345
1.374000000000001,5294336.493507636
1.376000000000001,5293427.539716805
1.378000000000001,5292518.294515441
1.380000000000001,5291608.748991132
1.382000000000001,5290698.894414456
1.384000000000001,5289788.722235682
1.386000000000001,5288878.224065441
1.388000000000001,5287967.391683691
1.390000000000001,5287056.217040136
1.392000000000001,5286144.692246277
1.394000000000001,5285232.809665519
1.396000000000001,5284320.561733198
1.398000000000001,5283407.941030554
1.400000000000001,5282494.953060071
1.402000000000001,5281581.834943366
1.404000000000001,5280668.705902032
1.406000000000001,5279755.553961951
1.408000000000001,5278842.367388913
1.410000000000001,5277929.134673183
1.412000000000001,5277015.844537646
1.414000000000001,5276102.485950057
1.416000000000001,5275189.06541724
1.418000000000001,5274275.650456381
1.420000000000001,5273362.234590291
1.422000000000001,5272448.804644512
1.424000000000001,5271535.3476871485
1.426000000000001,5270621.851037574
1.428000000000001,5269708.302266008
1.430000000000001,5268794.6892037615
1.432000000000001,5267880.999895349
1.434000000000001,5266967.222629085
1.436000000000001,5266053.345927163
1.438000000000001,5265139.35852372
1.440000000000001,5264225.249372387
1.442000000000001,5263311.007646185
1.444000000000001,5262396.6227340875
1.446000000000001,5261482.08423633
1.448000000000001,5260567.381945144
1.450000000000001,5259652.505810866
1.452000000000001,5258737.445767897
1.454000000000001,5257822.19196457
1.456000000000001,5256906.734959715
1.458000000000001,5255991.065536699
1.460000000000001,5255075.174658199
1.462000000000001,5254159.053480564
1.464000000000001,5253242.693323915
1.466000000000001,5252326.085677147
1.468000000000001,5251409.222198316
1.470000000000001,5250492.094698422
1.472000000000001,5249574.695151324
1.474000000000001,5248657.015695043
1.476000000000001,5247739.048629055
1.478000000000001,5246820.7864118405
1.480000000000001,5245902.221659505
1.482000000000001,5244983.34712018
1.484000000000001,5244064.198207965
1.486000000000001,5243145.029718124
1.488000000000001,5242225.855174114
1.490000000000001,5241306.663697558
1.492000000000001,5240387.444617968
1.494000000000001,5239468.187478855
1.496000000000001,5238548.882021525
1.498000000000001,5237629.518206622
1.500000000000001,5236710.086186052
1.5020000000000011,5235790.576320415
1.5040000000000011,5234870.979150592
1.5060000000000011,5233951.285402021
1.5080000000000011,5233031.485984137
1.5100000000000011,5232111.571973498
1.5120000000000011,5231191.53463679
1.5140000000000011,5230271.365404915
1.5160000000000011,5229351.0558782965
1.5180000000000011,5228430.597840783
1.5200000000000011,5227509.983338644
1.5220000000000011,5226589.204480292
1.5240000000000011,5225668.253508497
1.5260000000000011,5224747.122820209
1.5280000000000011,5223825.804967801
1.5300000000000011,5222904.29265673
1.5320000000000011,5221982.57872817
1.5340000000000011,5221060.656181672
1.5360000000000011,5220138.518148933
1.5380000000000011,5219216.157900341
1.5400000000000011,5218293.56883186
1.5420000000000011,5217370.744488382
1.5440000000000011,5216447.678538725
1.5460000000000012,5215524.364781261
1.5480000000000012,5214600.797143945
1.5500000000000012,5213676.969668158
1.5520000000000012,5212752.876531834
1.5540000000000012,5211828.512024575
1.5560000000000012,5210903.870539741
1.5580000000000012,5209978.946600963
1.5600000000000012,5209053.734838462
1.5620000000000012,5208128.229994926
1.5640000000000012,5207202.426925685
1.5660000000000012,5206276.32058276
1.5680000000000012,5205349.908649508
1.5700000000000012,5204423.336073768
1.5720000000000012,5203496.7219574
1.5740000000000012,5202570.057923303
1.5760000000000012,5201643.33575579
1.5780000000000012,5200716.547390353
1.5800000000000012,5199789.68492402
1.5820000000000012,5198862.740615972
1.5840000000000012,5197935.706884124
1.5860000000000012,5197008.57630192
1.5880000000000012,5196081.3416365655
1.5900000000000012,5195153.9957748465
1.5920000000000012,5194226.5317107355
1.5940000000000012,5193298.942580519
1.5960000000000012,5192371.221660734
1.5980000000000012,5191443.362648805
1.6000000000000012,5190515.396064354
1.6020000000000012,5189587.348629063
1.6040000000000012,5188659.212099757
1.6060000000000012,5187730.978394859
1.6080000000000012,5186802.639594771
1.6100000000000012,5185874.187939206
1.6120000000000012,5184945.615810029
1.6140000000000012,5184016.9157529045
1.6160000000000012,5183088.080452581
1.6180000000000012,5182159.102738142
1.6200000000000012,5181229.975582979
1.6220000000000012,5180300.692101658
1.6240000000000012,5179371.245534766
1.6260000000000012,5178441.6292578075
1.6280000000000012,5177511.836782044
1.6300000000000012,5176581.8617523955
1.6320000000000012,5175651.697944213
1.6340000000000012,5174721.33925987
1.6360000000000012,5173790.779712406
1.6380000000000012,5172860.01343462
1.6400000000000012,5171929.034680845
1.6420000000000012,5170997.837812088
1.6440000000000012,5170066.417318354
1.6460000000000012,5169134.767829049
1.6480000000000012,5168202.884156805
1.6500000000000012,5167270.761134715
1.6520000000000012,5166338.39369188
1.6540000000000012,5165405.77684569
1.6560000000000012,5164472.962255519
1.6580000000000013,5163540.113070058
1.6600000000000013,5162607.234051604
1.6620000000000013,5161674.317525768
1.6640000000000013,5160741.355978546
1.6660000000000013,5159808.3420366
1.6680000000000013,5158875.268473374
1.6700000000000013,5157942.128208451
1.6720000000000013,5157008.91430446
1.6740000000000013,5156075.619963192
1.6760000000000013,5155142.238508857
1.6780000000000013,5154208.763409623
1.6800000000000013,5153275.188254034
1.6820000000000013,5152341.5067567155
1.6840000000000013,5151407.712758819
1.6860000000000013,5150473.800226181
1.6880000000000013,5149539.763246637
1.6900000000000013,5148605.59601427
1.6920000000000013,5147671.2928384645
1.6940000000000013,5146736.84814571
1.6960000000000013,5145802.256478006
1.6980000000000013,5144867.512490201
1.7000000000000013,5143932.610934096
1.7020000000000013,5142997.546680333
1.7040000000000013,5142062.314695525
1.7060000000000013,5141126.910048005
1.7080000000000013,5140191.327895293
1.7100000000000013,5139255.563508791
1.7120000000000013,5138319.6122503625
1.7140000000000013,5137383.469577966
1.7160000000000013,5136447.131053218
1.7180000000000013,5135510.592398269
1.7200000000000013,5134573.849364507
1.7220000000000013,5133636.897770471
1.7240000000000013,5132699.733521557
1.7260000000000013,5131762.352611815
1.7280000000000013,5130824.751110159
1.7300000000000013,5129886.92518249
1.7320000000000013,5128948.871069078
1.7340000000000013,5128010.58509041
1.7360000000000013,5127072.063647927
1.7380000000000013,5126133.303209993
1.7400000000000013,5125194.300333977
1.7420000000000013,5124255.051644032
1.7440000000000013,5123315.569352559
1.7460000000000013,5122376.012857005
1.7480000000000013,5121436.400529013
1.7500000000000013,5120496.726513474
1.7520000000000013,5119556.985067062
1.7540000000000013,5118617.170564023
1.7560000000000013,5117677.277495558
1.7580000000000013,5116737.300466808
1.7600000000000013,5115797.234180634
1.7620000000000013,5114857.073458313
1.7640000000000013,5113916.813216735
1.7660000000000013,5112976.448473965
1.7680000000000013,5112035.97434985
1.7700000000000014,5111095.386064548
1.7720000000000014,5110154.678891697
1.7740000000000014,5109213.847972055
1.7760000000000014,5108272.891680029
1.7780000000000014,5107331.843109095
1.7800000000000014,5106390.707732032
1.7820000000000014,5105449.479931641
1.7840000000000014,5104508.154201422
1.7860000000000014,5103566.725143432
1.7880000000000014,5102625.187466317
1.7900000000000014,5101683.535983445
1.7920000000000014,5100741.765597887
1.7940000000000014,5099799.87131339
1.7960000000000014,5098857.84823626
1.7980000000000014,5097915.6915740855
1.8000000000000014,5096973.396633491
1.8020000000000014,5096030.958805293
1.8040000000000014,5095088.373585491
1.8060000000000014,5094145.636553738
1.8080000000000014,5093202.743379151
1.8100000000000014,5092259.689821276
1.8120000000000014,5091316.471716583
1.8140000000000014,5090373.08499975
1.8160000000000014,5089429.525683755
1.8180000000000014,5088485.78987943
1.8200000000000014,5087541.873766654
1.8220000000000014,5086597.773592357
1.8240000000000014,5085653.485694529
1.8260000000000014,5084709.00648087
1.8280000000000014,5083764.332434576
1.8300000000000014,5082819.460115289
1.8320000000000014,5081874.386157942
1.8340000000000014,5080929.117765248
1.8360000000000014,5079983.780058725
1.8380000000000014,5079038.402446681
1.8400000000000014,5078092.979508261
1.8420000000000014,5077147.505955423
1.8440000000000014,5076201.976635384
1.8460000000000014,5075256.386447641
1.8480000000000014,5074310.730381872
1.8500000000000014,5073365.003539522
1.8520000000000014,5072419.201110933
1.8540000000000014,5071473.318380471
1.8560000000000014,5070527.350715214
1.8580000000000014,5069581.293586736
1.8600000000000014,5068635.1425622
1.8620000000000014,5067688.893287063
1.8640000000000014,5066742.541492646
1.8660000000000014,5065796.082997932
1.8680000000000014,5064849.513708719
1.8700000000000014,5063902.829615684
1.8720000000000014,5062956.026780364
1.8740000000000014,5062009.101343912
1.8760000000000014,5061062.049540059
1.8780000000000014,5060114.867673026
1.8800000000000014,5059167.552110073
1.8820000000000014,5058220.09930494
1.8840000000000015,5057272.505790136
1.8860000000000015,5056324.7681603
1.8880000000000015,5055376.883079982
1.8900000000000015,5054428.847285647
1.8920000000000015,5053480.65758495
1.8940000000000015,5052532.310843116
1.8960000000000015,5051583.804003633
1.8980000000000015,5050635.134067747
1.9000000000000015,5049686.29810036
1.9020000000000015,5048737.29323127
1.9040000000000015,5047788.11664244
1.9060000000000015,5046838.7656383095
1.9080000000000015,5045889.237649878
1.9100000000000015,5044939.530050846
1.9120000000000015,5043989.64026648
1.9140000000000015,5043039.565769206
1.9160000000000015,5042089.304099483
1.9180000000000015,5041138.852845527
1.9200000000000015,5040188.209649259
1.9220000000000015,5039237.372207575
1.9240000000000015,5038286.3382597435
1.9260000000000015,5037335.115898894
1.9280000000000015,5036383.817857686
1.9300000000000015,5035432.463239656
1.9320000000000015,5034481.047915823
1.9340000000000015,5033529.56783937
1.9360000000000015,5032578.019035324
1.9380000000000015,5031626.397621498
1.9400000000000015,5030674.699787881
1.9420000000000015,5029722.921813409
1.9440000000000015,5028771.060044271
1.9460000000000015,5027819.110899191
1.9480000000000015,5026867.071553763
1.9500000000000015,5025914.96040236
1.9520000000000015,5024962.788996649
1.9540000000000015,5024010.553043792
1.9560000000000015,5023058.248326746
1.9580000000000015,5022105.870710645
1.9600000000000015,5021153.416143567
1.9620000000000015,5020200.880657229
1.9640000000000015,5019248.2603732925
1.9660000000000015,5018295.551564599
1.9680000000000015,5017342.750496788
1.9700000000000015,5016389.853503483
1.9720000000000015,5015436.856994278
1.9740000000000015,5014483.757453766
1.9760000000000015,5013530.551439774
1.9780000000000015,5012577.23557095
1.9800000000000015,5011623.806557279
1.9820000000000015,5010670.261160085
1.9840000000000015,5009716.596203553
1.9860000000000015,5008762.8085793555
1.9880000000000015,5007808.895234365
1.9900000000000015,5006854.8531909045
1.9920000000000015,5005900.6795270145
1.9940000000000015,5004946.371382095
1.9960000000000016,5003991.925958023
1.9980000000000016,5003037.340518303
2.0000000000000013,5002082.612386459
2.002000000000001,5001127.738932905
2.004000000000001,5000172.717583704
2.0060000000000007,4999217.545822898
2.0080000000000005,4998262.221192054
2.0100000000000002,4997306.741288638
2.012,4996351.103764238
2.014,4995395.306311519
2.0159999999999996,4994439.346673015
2.0179999999999993,4993483.222643901
2.019999999999999,4992526.9547081515
2.021999999999999,4991570.6372324955
2.0239999999999987,4990614.274670685
2.0259999999999985,4989657.863237626
2.0279999999999982,4988701.399236134
2.029999999999998,4987744.879036747
2.031999999999998,4986788.299082627
2.0339999999999976,4985831.655878834
2.0359999999999974,4984874.94601251
2.037999999999997,4983918.166204213
2.039999999999997,4982961.313303412
2.0419999999999967,4982004.384100011
2.0439999999999965,4981047.375442641
2.0459999999999963,4980090.284246658
2.047999999999996,4979133.107492124
2.049999999999996,4978175.842222054
2.0519999999999956,4977218.485529534
2.0539999999999954,4976261.034577597
2.055999999999995,4975303.486580326
2.057999999999995,4974345.838808773
2.0599999999999947,4973388.088592401
2.0619999999999945,4972430.233307297
2.0639999999999943,4971472.270396042
2.065999999999994,4970514.197348646
2.067999999999994,4969556.011719336
2.0699999999999936,4968597.711106604
2.0719999999999934,4967639.293158821
2.073999999999993,4966680.755564628
2.075999999999993,4965722.096073767
2.0779999999999927,4964763.312478472
2.0799999999999925,4963804.402572438
2.0819999999999923,4962845.363999878
2.083999999999992,4961886.194611893
2.085999999999992,4960926.892418236
2.0879999999999916,4959967.455461924
2.0899999999999914,4959007.881834116
2.091999999999991,4958048.169668313
2.093999999999991,4957088.317126749
2.0959999999999908,4956128.3224204285
2.0979999999999905,4955168.183791665
2.0999999999999903,4954207.899509908
2.10199999999999,4953247.467894783
2.10399999999999,4952286.887309966
2.1059999999999897,4951326.156148452
2.1079999999999894,4950365.272840089
2.109999999999989,4949404.235853821
2.111999999999989,4948443.043697447
2.1139999999999888,4947481.694916479
2.1159999999999886,4946520.240286382
2.1179999999999883,4945558.747812665
2.119999999999988,4944597.229678645
2.121999999999988,4943635.6824369235
2.1239999999999877,4942674.102532973
2.1259999999999875,4941712.486492977
2.1279999999999872,4940750.830918714
2.129999999999987,4939789.132471392
2.131999999999987,4938827.387888983
2.1339999999999866,4937865.593967061
2.1359999999999864,4936903.747564405
2.137999999999986,4935941.845611625
2.139999999999986,4934979.885098757
2.1419999999999857,4934017.863073276
2.1439999999999855,4933055.776642977
2.1459999999999853,4932093.622963702
2.147999999999985,4931131.399247703
2.149999999999985,4930169.102776797
2.1519999999999846,4929206.730881576
2.1539999999999844,4928244.280935247
2.155999999999984,4927281.750375232
2.157999999999984,4926319.1366966795
2.1599999999999837,4925356.437437997
2.1619999999999835,4924393.650198302
2.1639999999999833,4923430.772619262
2.165999999999983,4922467.802390887
2.167999999999983,4921504.737253082
2.1699999999999826,4920541.574990344
2.1719999999999824,4919578.313571257
2.173999999999982,4918614.950951986
2.175999999999982,4917651.485053703
2.1779999999999817,4916687.913855069
2.1799999999999815,4915724.235360696
2.1819999999999813,4914760.44762615
2.183999999999981,4913796.5487534115
2.185999999999981,4912832.5368772615
2.1879999999999806,4911868.410172857
2.1899999999999804,4910904.166868617
2.19199999999998,4909939.805215179
2.19399999999998,4908975.323510328
2.1959999999999797,4908010.720094455
2.1979999999999795,4907045.993336947
2.1999999999999793,4906081.141669154
2.201999999999979,4905116.163643787
2.203999999999979,4904151.0577519005
2.2059999999999786,4903185.8224997455
2.2079999999999784,4902220.45643775
2.209999999999978,4901254.958145024
2.211999999999978,4900289.334416085
2.2139999999999778,4899323.662158186
2.2159999999999775,4898357.946530215
2.2179999999999773,4897392.184887798
2.219999999999977,4896426.374642868
2.221999999999977,4895460.513251733
2.2239999999999767,4894494.598233215
2.2259999999999764,4893528.627150491
2.227999999999976,4892562.597616267
2.229999999999976,4891596.507293895
2.231999999999976,4890630.35389669
2.2339999999999756,4889664.135186658
2.2359999999999753,4888697.848973097
2.237999999999975,4887731.493100854
2.239999999999975,4886765.065458519
2.2419999999999747,4885798.563991398
2.2439999999999745,4884831.986681523
2.2459999999999742,4883865.331541848
2.247999999999974,4882898.596637345
2.249999999999974,4881931.780078871
2.2519999999999736,4880964.880009093
2.2539999999999734,4879997.894620031
2.255999999999973,4879030.822135516
2.257999999999973,4878063.660816821
2.2599999999999727,4877096.408964372
2.2619999999999725,4876129.064907139
2.2639999999999723,4875161.627021392
2.265999999999972,4874194.093713365
2.267999999999972,4873226.46342471
2.2699999999999716,4872258.7346443
2.2719999999999714,4871290.905877795
2.273999999999971,4870322.975672031
2.275999999999971,4869354.942610743
2.2779999999999707,4868386.805301516
2.2799999999999705,4867418.562393585
2.2819999999999703,4866450.217267145
2.28399999999997,4865481.784725897
2.28599999999997,4864513.264219268
2.2879999999999696,4863544.653921678
2.2899999999999694,4862575.952056952
2.291999999999969,4861607.156885083
2.293999999999969,4860638.266709467
2.2959999999999687,4859669.279866502
2.2979999999999685,4858700.194731492
2.2999999999999683,4857731.009717675
2.301999999999968,4856761.72327481
2.303999999999968,4855792.333877976
2.3059999999999676,4854822.84015344
2.3079999999999674,4853853.240774796
2.309999999999967,4852883.537279752
2.311999999999967,4851913.780553569
2.3139999999999668,4850943.994219979
2.3159999999999665,4849974.175902325
2.3179999999999663,4849004.323159089
2.319999999999966,4848034.433583365
2.321999999999966,4847064.504829399
2.3239999999999656,4846094.534592965
2.3259999999999654,4845124.520615594
2.327999999999965,4844154.460685628
2.329999999999965,4843184.352627576
2.3319999999999648,4842214.194320343
2.3339999999999645,4841243.983680204
2.3359999999999643,4840273.718676232
2.337999999999964,4839303.397312428
2.339999999999964,4838333.017632891
2.3419999999999637,4837362.5777234
2.3439999999999634,4836392.075701051
2.3459999999999632,4835421.509732558
2.347999999999963,4834450.878027499
2.349999999999963,4833480.178824511
2.3519999999999626,4832509.41039828
2.3539999999999623,4831538.571061787
2.355999999999962,4830567.659166302
2.357999999999962,4829596.673100457
2.3599999999999617,4828625.611289123
2.3619999999999615,4827654.472182211
2.3639999999999612,4826683.254262671
2.365999999999961,4825711.956059074
2.367999999999961,4824740.576126529
2.3699999999999606,4823769.113051254
2.3719999999999604,4822797.565441358
2.37399999999996,4821825.931901065
2.37599999999996,4820854.210876313
2.3779999999999597,4819882.400968862
2.3799999999999595,4818910.5008849325
2.3819999999999593,4817938.509412695
2.383999999999959,4816966.425363926
2.385999999999959,4815994.247575416
2.3879999999999586,4815021.974909754
2.3899999999999584,4814049.606255636
2.391999999999958,4813077.140527878
2.393999999999958,4812104.576657253
2.3959999999999577,4811131.913608847
2.3979999999999575,4810159.150366266
2.3999999999999573,4809186.28593735
2.401999999999957,4808213.31935599
2.403999999999957,4807240.249672185
2.4059999999999566,4806267.075969932
2.4079999999999564,4805293.797350926
2.409999999999956,4804320.414547481
2.411999999999956,4803346.967962138
2.4139999999999557,4802373.482980611
2.4159999999999555,4801399.95774087
2.4179999999999553,4800426.39040917
2.419999999999955,4799452.779199636
2.421999999999955,4798479.122358544
2.4239999999999546,4797505.418179185
2.4259999999999544,4796531.66499515
2.427999999999954,4795557.8612830425
2.429999999999954,4794584.0054582115
2.4319999999999538,4793610.095947672
2.4339999999999535,4792636.131213427
2.4359999999999533,4791662.109741229
2.437999999999953,4790688.030048295
2.439999999999953,4789713.8907003775
2.4419999999999527,4788739.690432808
2.4439999999999524,4787765.436170501
2.445999999999952,4786791.135363023
2.447999999999952,4785816.786345094
2.4499999999999518,4784842.387379696
2.4519999999999516,4783867.9367753165
2.4539999999999513,4782893.432869664
2.455999999999951,4781918.87403599
2.457999999999951,4780944.258683915
2.4599999999999507,4779969.585259044
2.4619999999999505,4778994.852241937
2.4639999999999502,4778020.058147001
2.46599999999995,4777045.201521466
2.46799999999995,4776070.280934802
2.4699999999999496,4775095.29498658
2.4719999999999493,4774120.2423089845
2.473999999999949,4773145.121566892
2.475999999999949,4772169.93145696
2.4779999999999487,4771194.6707064565
2.4799999999999485,4770219.338072191
2.4819999999999482,4769243.932329946
2.483999999999948,4768268.452282229
2.485999999999948,4767292.896770455
2.4879999999999476,4766317.264656892
2.4899999999999474,4765341.554819512
2.491999999999947,4764365.766171522
2.493999999999947,4763389.897656038
2.4959999999999467,4762413.948233332
2.4979999999999465,4761437.916887556
2.4999999999999463,4760461.802638469
2.501999999999946,4759485.604523432
2.503999999999946,4758509.321592339
2.5059999999999456,4757532.952927183
2.5079999999999454,4756556.497636866
2.509999999999945,4755579.954844599
2.511999999999945,4754603.326453353
2.5139999999999447,4753626.652611525
2.5159999999999445,4752649.948127237
2.5179999999999443,4751673.211284355
2.519999999999944,4750696.440409815
2.521999999999944,4749719.633869693
2.5239999999999436,4748742.790056846
2.5259999999999434,4747765.907406873
2.527999999999943,4746788.984382015
2.529999999999943,4745812.019476126
2.5319999999999427,4744835.011216115
2.5339999999999425,4743857.958161401
2.5359999999999423,4742880.858912972
2.537999999999942,4741903.712205572
2.539999999999942,4740926.516724154
2.5419999999999416,4739949.271141782
2.5439999999999414,4738971.974159682
2.545999999999941,4737994.624518261
2.547999999999941,4737017.22097912
2.5499999999999408,4736039.762320033
2.5519999999999405,4735062.24735426
2.5539999999999403,4734084.674925465
2.55599999999994,4733107.043895287
2.55799999999994,4732129.353150007
2.5599999999999397,4731151.601612083
2.5619999999999394,4730173.788222506
2.563999999999939,4729195.9119452005
2.565999999999939,4728217.971759222
2.5679999999999388,4727239.966676753
2.5699999999999386,4726261.8957273355
2.5719999999999383,4725283.757972708
2.573999999999938,4724305.552490637
2.575999999999938,4723327.278379828
2.5779999999999377,4722348.934822483
2.5799999999999375,4721370.521169128
2.5819999999999372,4720392.036601046
2.583999999999937,4719413.480295274
2.585999999999937,4718434.851448391
2.5879999999999366,4717456.149288326
2.5899999999999364,4716477.373056908
2.591999999999936,4715498.522014207
2.593999999999936,4714519.595443462
2.5959999999999357,4713540.592638356
2.5979999999999355,4712561.51291667
2.5999999999999353,4711582.35560855
2.601999999999935,4710603.124053917
2.603999999999935,4709623.826538943
2.6059999999999346,4708644.462659438
2.6079999999999344,4707665.031462843
2.609999999999934,4706685.532020299
2.611999999999934,4705705.963416713
2.6139999999999337,4704726.324767474
2.6159999999999335,4703746.626159721
2.6179999999999333,4702766.90422343
2.619999999999933,4701787.160322717
2.621999999999933,4700807.392858517
2.6239999999999326,4699827.600265795
2.6259999999999324,4698847.7810040405
2.627999999999932,4697867.933573765
2.629999999999932,4696888.056501251
2.6319999999999317,4695908.148352529
2.6339999999999315,4694928.207717355
2.6359999999999313,4693948.233213926
2.637999999999931,4692968.223490419
2.639999999999931,4691988.177224934
2.6419999999999306,4691008.093124858
2.6439999999999304,4690027.969923286
2.64599999999993,4689047.806497468
2.64799999999993,4688067.601686188
2.6499999999999297,4687087.354296705
2.6519999999999295,4686107.06316366
2.6539999999999293,4685126.72711911
2.655999999999929,4684146.344908384
2.657999999999929,4683165.915281931
2.6599999999999286,4682185.437140877
2.6619999999999284,4681204.9094476355
2.663999999999928,4680224.331200201
2.665999999999928,4679243.701421034
2.6679999999999278,4678263.019144342
2.6699999999999275,4677282.283431977
2.6719999999999273,4676301.493359278
2.673999999999927,4675320.648020825
2.675999999999927,4674339.746532651
2.6779999999999267,4673358.788032663
2.6799999999999264,4672377.771680285
2.681999999999926,4671396.696646782
2.683999999999926,4670415.562122561
2.685999999999926,4669434.367331287
2.6879999999999256,4668453.1115022255
2.6899999999999253,4667471.793886671
2.691999999999925,4666490.413756904
2.693999999999925,4665508.9704050105
2.6959999999999247,4664527.463132688
2.6979999999999245,4663545.891267679
2.6999999999999242,4662564.25414934
2.701999999999924,4661582.551133288
2.703999999999924,4660600.78159323
2.7059999999999236,4659618.944920948
2.7079999999999234,4658637.0405257335
2.709999999999923,4657655.067824696
2.711999999999923,4656673.02625889
2.7139999999999227,4655690.915278889
2.7159999999999225,4654708.734406673
2.7179999999999223,4653726.4833647
2.719999999999922,4652744.163939854
2.721999999999922,4651761.806772102
2.7239999999999216,4650779.421680092
2.7259999999999214,4649797.007485402
2.727999999999921,4648814.56302666
2.729999999999921,4647832.087166636
2.7319999999999207,4646849.57880338
2.7339999999999205,4645867.036853544
2.7359999999999203,4644884.460256378
2.73799999999992,4643901.84796613
2.73999999999992,4642919.198969431
2.7419999999999196,4641936.512282945
2.7439999999999194,4640953.786933722
2.745999999999919,4639971.021977765
2.747999999999919,4638988.216485922
2.7499999999999187,4638005.369544256
2.7519999999999185,4637022.480352957
2.7539999999999183,4636039.548146971
2.755999999999918,4635056.572082067
2.757999999999918,4634073.5557654835
2.7599999999999176,4633090.504412517
2.7619999999999174,4632107.417145745
2.763999999999917,4631124.292914452
2.765999999999917,4630141.130692315
2.7679999999999167,4629157.929477508
2.7699999999999165,4628174.688292042
2.7719999999999163,4627191.406180901
2.773999999999916,4626208.082211252
2.775999999999916,4625224.715462919
2.7779999999999156,4624241.305043893
2.7799999999999154,4623257.8500771355
2.781999999999915,4622274.349705266
2.783999999999915,4621290.803092046
2.7859999999999148,4620307.209422411
2.7879999999999145,4619323.567893068
2.7899999999999143,4618339.877728196
2.791999999999914,4617356.138173923
2.793999999999914,4616372.3484866815
2.7959999999999137,4615388.507939456
2.7979999999999134,4614404.615823984
2.7999999999999132,4613420.67145106
2.801999999999913,4612436.674150008
2.803999999999913,4611452.623267938
2.8059999999999126,4610468.518160321
2.8079999999999123,4609484.35820671
2.809999999999912,4608500.142796805
2.811999999999912,4607515.87132747
2.8139999999999117,4606531.543219245
2.8159999999999115,4605547.157912041
2.8179999999999112,4604562.714862531
2.819999999999911,4603578.213542583
2.821999999999911,4602593.653429709
2.8239999999999106,4601609.034022821
2.8259999999999104,4600624.3564380165
2.82799999999991,4599639.645567441
2.82999999999991,4598654.911463164
2.8319999999999097,4597670.153040052
2.8339999999999095,4596685.369236883
2.8359999999999093,4595700.559007756
2.837999999999909,4594715.7213377645
2.839999999999909,4593730.855228952
2.8419999999999086,4592745.9597049225
2.8439999999999084,4591761.033820778
2.845999999999908,4590776.076646798
2.847999999999908,4589791.087272373
2.8499999999999077,4588806.064807428
2.8519999999999075,4587821.00837397
2.8539999999999073,4586835.917121836
2.855999999999907,4585850.790371882
2.857999999999907,4584865.627675067
2.8599999999999066,4583880.428254798
2.8619999999999064,4582895.19132925
2.863999999999906,4581909.916135429
2.865999999999906,4580924.601929296
2.8679999999999057,4579939.24798531
2.8699999999999055,4578953.853587219
2.8719999999999053,4577968.418043499
2.873999999999905,4576982.940673623
2.875999999999905,4575997.420812845
2.8779999999999046,4575011.8578137625
2.8799999999999044,4574026.251046347
2.881999999999904,4573040.599897338
2.883999999999904,4572054.903769777
2.8859999999999038,4571069.162085068
2.8879999999999035,4570083.37426923
2.8899999999999033,4569097.539760358
2.891999999999903,4568111.658020898
2.893999999999903,4567125.7285219645
2.8959999999999027,4566139.750747394
2.8979999999999024,4565153.724195145
2.899999999999902,4564167.648368985
2.901999999999902,4563181.522794014
2.9039999999999018,4562195.347003055
2.9059999999999016,4561209.120549841
2.9079999999999013,4560222.842994595
2.909999999999901,4559236.514347821
2.911999999999901,4558250.140198532
2.9139999999999007,4557263.722056425
2.9159999999999004,4556277.259293225
2.9179999999999002,4555290.75130415
2.9199999999999,4554304.197494463
2.9219999999999,4553317.597264275
2.9239999999998996,4552330.949921459
2.9259999999998993,4551344.254776904
2.927999999999899,4550357.511258577
2.929999999999899,4549370.718850524
2.9319999999998987,4548383.877059557
2.9339999999998985,4547396.988954359
2.9359999999998982,4546410.080380645
2.937999999999898,4545423.152879854
2.939999999999898,4544436.205450568
2.9419999999998976,4543449.237103618
2.9439999999998974,4542462.2468695305
2.945999999999897,4541475.233809612
2.947999999999897,4540488.197000662
2.9499999999998967,4539501.135538823
2.9519999999998965,4538514.048540957
2.9539999999998963,4537526.935144815
2.955999999999896,4536539.794499475
2.957999999999896,4535552.625780655
2.9599999999998956,4534565.428262159
2.9619999999998954,4533578.20128678
2.963999999999895,4532590.944084489
2.965999999999895,4531603.655896787
2.9679999999998947,4530616.335983174
2.9699999999998945,4529628.983621296
2.9719999999998943,4528641.598106513
2.973999999999894,4527654.17874302
2.975999999999894,4526666.724858744
2.9779999999998936,4525679.235792098
2.9799999999998934,4524691.710896605
2.981999999999893,4523704.14955065
2.983999999999893,4522716.551142046
2.9859999999998927,4521728.91507194
2.9879999999998925,4520741.24074803
2.9899999999998923,4519753.527600273
2.991999999999892,4518765.77507612
2.993999999999892,4517777.982629697
2.9959999999998916,4516790.149775612
2.9979999999998914,4515802.2762863105
2.999999999999891,4514814.361683998
3.001999999999891,4513826.405478215
3.0039999999998908,4512838.407192202
3.0059999999998905,4511850.366362268
3.0079999999998903,4510862.282529036
3.00999999999989,4509874.155252359
3.01199999999989,4508885.9840983795
3.0139999999998897,4507897.768644221
3.0159999999998894,4506909.508479631
3.017999999999889,4505921.203206996
3.019999999999889,4504932.852440666
3.0219999999998888,4503944.455807052
3.0239999999998886,4502956.012935526
3.0259999999998883,4501967.523473268
3.027999999999888,4500978.987074338
3.029999999999888,4499990.403401971
3.0319999999998877,4499001.772128897
3.0339999999998875,4498013.092939104
3.0359999999998872,4497024.365527375
3.037999999999887,4496035.589598723
3.039999999999887,4495046.764859695
3.0419999999998866,4494057.891855979
3.0439999999998864,4493068.9874409195
3.045999999999886,4492080.060684399
3.047999999999886,4491091.110828166
3.0499999999998857,4490102.137131022
3.0519999999998855,4489113.138869539
3.0539999999998853,4488124.11532972
3.055999999999885,4487135.065821574
3.057999999999885,4486145.989666018
3.0599999999998846,4485156.886207312
3.0619999999998844,4484167.757905991
3.063999999999884,4483178.60788209
3.065999999999884,4482189.4354198845
3.0679999999998837,4481200.239737203
3.0699999999998835,4480211.0200703805
3.0719999999998833,4479221.775665627
3.073999999999883,4478232.505793525
3.075999999999883,4477243.209736138
3.0779999999998826,4476253.886799916
3.0799999999998824,4475264.536301171
3.081999999999882,4474275.15757072
3.083999999999882,4473285.749955507
3.0859999999998817,4472296.312818798
3.0879999999998815,4471306.845539758
3.0899999999998813,4470317.347504865
3.091999999999881,4469327.8181223795
3.093999999999881,4468338.256809504
3.0959999999998806,4467348.662996893
3.0979999999998804,4466359.0361300735
3.09999999999988,4465369.375677156
3.10199999999988,4464379.68110611
3.1039999999998797,4463389.951903038
3.1059999999998795,4462400.187569332
3.1079999999998793,4461410.387611939
3.109999999999879,4460420.551557277
3.111999999999879,4459430.678938396
3.1139999999998786,4458440.7692994485
3.1159999999998784,4457450.822197269
3.117999999999878,4456460.837201515
3.119999999999878,4455470.813894239
3.1219999999998778,4454480.751869319
3.1239999999998775,4453490.650723944
3.1259999999998773,4452500.510073035
3.127999999999877,4451510.329536682
3.129999999999877,4450520.108744675
3.1319999999998767,4449529.847346006
3.1339999999998764,4448539.5449941605
3.135999999999876,4447549.201342975
3.137999999999876,4446558.816127767
3.139999999999876,4445568.389338369
3.1419999999998756,4444577.9206866585
3.1439999999998753,4443587.4098658785
3.145999999999875,4442596.856587494
3.147999999999875,4441606.260566632
3.1499999999998747,4440615.621525894
3.1519999999998745,4439624.940137048
3.1539999999998742,4438634.231590218
3.155999999999874,4437643.502363832
3.157999999999874,4436652.751764262
3.1599999999998736,4435661.97912078
3.1619999999998734,4434671.183848157
3.163999999999873,4433680.365461588
3.165999999999873,4432689.5233379025
3.1679999999998727,4431698.656861495
3.1699999999998725,4430707.765432355
3.1719999999998723,4429716.848463593
3.173999999999872,4428725.905374552
3.175999999999872,4427734.935605
3.1779999999998716,4426743.93857561
3.1799999999998714,4425752.913635743
3.181999999999871,4424761.860125128
3.183999999999871,4423770.777505528
3.1859999999998707,4422779.6652802965
3.1879999999998705,4421788.522972919
3.1899999999998703,4420797.350118096
3.19199999999987,4419806.146260722
3.19399999999987,4418814.910955663
3.1959999999998696,4417823.643767786
3.1979999999998694,4416832.344272077
3.199999999999869,4415841.0120462915
3.201999999999869,4414849.646677145
3.2039999999998687,4413858.247770449
3.2059999999998685,4412866.814937367
3.2079999999998683,4411875.3477981435
3.209999999999868,4410883.84743052
3.211999999999868,4409892.317131677
3.2139999999998676,4408900.756656021
3.2159999999998674,4407909.165516526
3.217999999999867,4406917.5432313755
3.219999999999867,4405925.889329489
3.2219999999998667,4404934.203352521
3.2239999999998665,4403942.484862846
3.2259999999998663,4402950.733421023
3.227999999999866,4401958.948603688
3.229999999999866,4400967.1300008325
3.2319999999998656,4399975.277214133
3.2339999999998654,4398983.389848264
3.235999999999865,4397991.46751697
3.237999999999865,4396999.509853015
3.2399999999998648,4396007.516494604
3.2419999999998645,4395015.48709094
3.2439999999998643,4394023.421295931
3.245999999999864,4393031.318767489
3.247999999999864,4392039.179180837
3.2499999999998637,4391047.002215948
3.2519999999998634,4390054.787569204
3.2539999999998632,4389062.534940397
3.255999999999863,4388070.244036803
3.257999999999863,4387077.914574643
3.2599999999998626,4386085.546290683
3.2619999999998623,4385093.139097089
3.263999999999862,4384100.698728758
3.265999999999862,4383108.237887439
3.2679999999998617,4382115.75673234
3.2699999999998615,4381123.254636627
3.2719999999998612,4380130.730982279
3.273999999999861,4379138.185164436
3.275999999999861,4378145.616592868
3.2779999999998606,4377153.024692097
3.2799999999998604,4376160.408901215
3.28199999999986,4375167.768882834
3.28399999999986,4374175.104316529
3.2859999999998597,4373182.414673934
3.2879999999998595,4372189.699438555
3.2899999999998593,4371196.958114777
3.291999999999859,4370204.19021373
3.293999999999859,4369211.395256869
3.2959999999998586,4368218.572769744
3.2979999999998584,4367225.722296412
3.299999999999858,4366232.843395141
3.301999999999858,4365239.935628507
3.3039999999998577,4364246.998576282
3.3059999999998575,4363254.031824322
3.3079999999998573,4362261.034968219
3.309999999999857,4361268.007613049
3.311999999999857,4360274.949374912
3.3139999999998566,4359281.859880615
3.3159999999998564,4358288.738759633
3.317999999999856,4357295.58565769
3.319999999999856,4356302.40022501
3.3219999999998557,4355309.182128151
3.3239999999998555,4354315.931036657
3.3259999999998553,4353322.646627599
3.327999999999855,4352329.328587143
3.329999999999855,4351335.976610787
3.3319999999998546,4350342.590403127
3.3339999999998544,4349349.16966987
3.335999999999854,4348355.714131446
3.337999999999854,4347362.223511091
3.3399999999998538,4346368.69753886
3.3419999999998535,4345375.135953611
3.3439999999998533,4344381.538502994
3.345999999999853,4343387.90494296
3.347999999999853,4342394.235037242
3.3499999999998527,4341400.528556875
3.3519999999998524,4340406.785272313
3.353999999999852,4339413.004967075
3.355999999999852,4338419.188351298
3.3579999999998518,4337425.3383015
3.3599999999998515,4336431.45495391
3.3619999999998513,4335437.538025502
3.363999999999851,4334443.587203326
3.365999999999851,4333449.602183689
3.3679999999998507,4332455.582664211
3.3699999999998504,4331461.528357297
3.3719999999998502,4330467.438978378
3.37399999999985,4329473.31425017
3.37599999999985,4328479.159378556
3.3779999999998496,4327484.984518226
3.3799999999998493,4326490.789637146
3.381999999999849,4325496.574144414
3.383999999999849,4324502.337463037
3.3859999999998487,4323508.079022168
3.3879999999998485,4322513.798263126
3.3899999999998482,4321519.494648901
3.391999999999848,4320525.167650524
3.393999999999848,4319530.8167504445
3.3959999999998476,4318536.441443697
3.3979999999998474,4317542.041237976
3.399999999999847,4316547.615653309
3.401999999999847,4315553.16421416
3.4039999999998467,4314558.686462751
3.4059999999998465,4313564.181947353
3.4079999999998463,4312569.650233814
3.409999999999846,4311575.090893167
3.411999999999846,4310580.5035056425
3.4139999999998456,4309585.887662114
3.4159999999998454,4308591.24296435
3.417999999999845,4307596.569017296
3.419999999999845,4306601.865442089
3.4219999999998447,4305607.1318553025
3.4239999999998445,4304612.367833332
3.4259999999998443,4303617.573003594
3.427999999999844,4302622.747297033
3.429999999999844,4301627.890389098
3.4319999999998436,4300633.001962694
3.4339999999998434,4299638.081707534
3.435999999999843,4298643.12932717
3.437999999999843,4297648.14452558
3.4399999999998427,4296653.127000966
3.4419999999998425,4295658.076467755
3.4439999999998423,4294662.99265132
3.445999999999842,4293667.875276957
3.447999999999842,4292672.724083243
3.4499999999998416,4291677.538810431
3.4519999999998414,4290682.319204643
3.453999999999841,4289687.065031733
3.455999999999841,4288691.776250302
3.4579999999998408,4287696.452714273
3.4599999999998405,4286701.094197077
3.4619999999998403,4285705.700471584
3.46399999999984,4284710.271315988
3.46599999999984,4283714.8065232225
3.4679999999998397,4282719.305887799
3.4699999999998394,4281723.769209226
3.471999999999839,4280728.196293263
3.473999999999839,4279732.586952132
3.4759999999998388,4278736.941004299
3.4779999999998386,4277741.258266876
3.4799999999998383,4276745.538568715
3.481999999999838,4275749.781739103
3.483999999999838,4274753.987611863
3.4859999999998377,4273758.156026825
3.4879999999998375,4272762.287789892
3.4899999999998372,4271766.393401838
3.491999999999837,4270770.474557896
3.493999999999837,4269774.530804545
3.4959999999998366,4268778.561691692
3.4979999999998364,4267782.56677867
3.499999999999836,4266786.546591477
3.501999999999836,4265790.502923781
3.5039999999998357,4264794.435412417
3.5059999999998355,4263798.343559205
3.5079999999998353,4262802.22687839
3.509999999999835,4261806.084896328
3.511999999999835,4260809.917143828
3.5139999999998346,4259813.723169015
3.5159999999998344,4258817.502525982
3.517999999999834,4257821.254785911
3.519999999999834,4256824.979525088
3.5219999999998337,4255828.676328727
3.5239999999998335,4254832.344792392
3.5259999999998333,4253835.984522199
3.527999999999833,4252839.595127393
3.529999999999833,4251843.17623317
3.5319999999998326,4250846.727469344
3.5339999999998324,4249850.248481387
3.535999999999832,4248853.738918464
3.537999999999832,4247857.198437223
3.5399999999998317,4246860.626703208
3.5419999999998315,4245864.02339109
3.5439999999998313,4244867.3881843705
3.545999999999831,4243870.720774968
3.547999999999831,4242874.02085567
3.5499999999998306,4241877.288211757
3.5519999999998304,4240880.522771592
3.55399999999983,4239883.72426407
3.55599999999983,4238886.892410557
3.5579999999998297,4237890.0269411
3.5599999999998295,4236893.127593089
3.5619999999998293,4235896.194111245
3.563999999999829,4234899.226247229
3.565999999999829,4233902.2237521475
3.5679999999998286,4232905.186389437
3.5699999999998284,4231908.113923838
3.571999999999828,4230911.006363993
3.573999999999828,4229913.863757096
3.5759999999998278,4228916.6858910825
3.5779999999998275,4227919.47255705
3.5799999999998273,4226922.223551422
3.581999999999827,4225924.938669653
3.583999999999827,4224927.6177187385
3.5859999999998267,4223930.2605062
3.5879999999998264,4222932.86684409
3.589999999999826,4221935.436550436
3.591999999999826,4220937.969449414
3.593999999999826,4219940.465371035
3.5959999999998256,4218942.924150694
3.5979999999998253,4217945.345621685
3.599999999999825,4216947.729627953
3.601999999999825,4215950.078771827
3.6039999999998247,4214952.40077569
3.6059999999998245,4213954.695793733
3.6079999999998242,4212956.963402436
3.609999999999824,4211959.2031885125
3.611999999999824,4210961.414742267
3.6139999999998236,4209963.597670337
3.6159999999998234,4208965.7515915455
3.617999999999823,4207967.876127601
3.619999999999823,4206969.9709148975
3.6219999999998227,4205972.035593301
3.6239999999998225,4204974.069810058
3.6259999999998223,4203976.073221259
3.627999999999822,4202978.045492036
3.629999999999822,4201979.98629627
3.6319999999998216,4200981.895309166
3.6339999999998214,4199983.772219766
3.635999999999821,4198985.616719952
3.637999999999821,4197987.428515289
3.6399999999998207,4196989.207313412
3.6419999999998205,4195990.954062921
3.6439999999998203,4194992.669872863
3.64599999999982,4193994.3546126094
3.64799999999982,4192996.0079427115
3.6499999999998196,4191997.62951305
3.6519999999998194,4190999.218987966
3.653999999999819,4190000.7760353005
3.655999999999819,4189002.300315005
3.6579999999998187,4188003.7914250963
3.6599999999998185,4187005.248926577
3.6619999999998183,4186006.67250266
3.663999999999818,4185008.061858436
3.665999999999818,4184009.4167184425
3.6679999999998176,4183010.7368131946
3.6699999999998174,4182012.021878292
3.671999999999817,4181013.27165461
3.673999999999817,4180014.485888252
3.6759999999998167,4179015.664323235
3.6779999999998165,4178016.8067148007
3.6799999999998163,4177017.91281908
3.681999999999816,4176018.9823971777
3.683999999999816,4175020.015216691
3.6859999999998156,4174021.011051929
3.6879999999998154,4173021.9696836267
3.689999999999815,4172022.890898483
3.691999999999815,4171023.7744818903
3.6939999999998148,4170024.6202302775
3.6959999999998145,4169025.427940427
3.6979999999998143,4168026.197420202
3.699999999999814,4167026.9284772263
3.701999999999814,4166027.6209226283
3.7039999999998137,4165028.274565672
3.7059999999998134,4164028.889226757
3.7079999999998132,4163029.4647345184
3.709999999999813,4162030.0009156535
3.711999999999813,4161030.4976064214
3.7139999999998126,4160030.954642176
3.7159999999998123,4159031.374289845
3.717999999999812,4158031.7626216137
3.719999999999812,4157032.1201134315
3.7219999999998117,4156032.4464103603
3.7239999999998115,4155032.741124079
3.7259999999998112,4154033.0038687983
3.727999999999811,4153033.2342734607
3.729999999999811,4152033.4319710564
3.7319999999998106,4151033.596609152
3.7339999999998104,4150033.7278385605
3.73599999999981,4149033.825344017
3.73799999999981,4148033.8890753114
3.7399999999998097,4147033.918738732
3.7419999999998095,4146033.9140130873
3.7439999999998093,4145033.874587231
3.745999999999809,4144033.800151158
3.747999999999809,4143033.690400701
3.7499999999998086,4142033.545046025
3.7519999999998084,4141033.363799404
3.753999999999808,4140033.146378389
3.755999999999808,4139032.8925070767
3.7579999999998077,4138032.6019095806
3.7599999999998075,4137032.2743223864
3.7619999999998073,4136031.9094904903
3.763999999999807,4135031.507158603
3.765999999999807,4134031.067075865
3.7679999999998066,4133030.5889976565
3.7699999999998064,4132030.0726926504
3.771999999999806,4131029.5179233314
3.773999999999806,4130028.9244614816
3.7759999999998057,4129028.2920859824
3.7779999999998055,4128027.620581415
3.7799999999998053,4127026.909858502
3.781999999999805,4126026.1611725306
3.783999999999805,4125025.3745969757
3.7859999999998046,4124024.549858413
3.7879999999998044,4123023.6866886155
3.789999999999804,4122022.7848252184
3.791999999999804,4121021.8440056946
3.7939999999998038,4120020.8639795696
3.7959999999998035,4119019.8445045636
3.7979999999998033,4118018.7853378323
3.799999999999803,4117017.68624063
3.801999999999803,4116016.546980115
3.8039999999998027,4115015.367336338
3.8059999999998024,4114014.1470828997
3.807999999999802,4113012.8860023366
3.809999999999802,4112011.583883921
3.8119999999998018,4111010.240522288
3.8139999999998015,4110008.8557099607
3.8159999999998013,4109007.4292425523
3.817999999999801,4108005.9609272475
3.819999999999801,4107004.4505712707
3.8219999999998007,4106002.8979848344
3.8239999999998004,4105001.30298232
3.8259999999998002,4103999.665375856
3.8279999999998,4102997.9850960495
3.8299999999998,4101996.263469396
3.8319999999997996,4100994.505733245
3.8339999999997993,4099992.711959749
3.835999999999799,4098990.8817552705
3.837999999999799,4097989.0147433416
3.8399999999997987,4096987.1105440594
3.8419999999997985,4095985.1687899185
3.8439999999997982,4094983.1891235854
3.845999999999798,4093981.1711964183
3.847999999999798,4092979.114660942
3.8499999999997976,4091977.019182573
3.8519999999997974,4090974.8844292182
3.853999999999797,4089972.7100750087
3.855999999999797,4088970.495801619
3.8579999999997967,4087968.2412984185
3.8599999999997965,4086965.9462621324
3.8619999999997963,4085963.610389772
3.863999999999796,4084961.233390422
3.865999999999796,4083958.815050246
3.8679999999997956,4082956.3555793054
3.8699999999997954,4081953.8547468027
3.871999999999795,4080951.312280721
3.873999999999795,4079948.727914901
3.8759999999997947,4078946.101389281
3.8779999999997945,4077943.4324434255
3.8799999999997943,4076940.720784891
3.881999999999794,4075937.96604145
3.883999999999794,4074935.1679180874
3.8859999999997936,4073932.326158897
3.8879999999997934,4072929.4405450807
3.889999999999793,4071926.510855608
3.891999999999793,4070923.536870406
3.8939999999997927,4069920.5183785656
3.8959999999997925,4068917.4551668703
3.8979999999997923,4067914.3470238727
3.899999999999792,4066911.193741632
3.901999999999792,4065907.995108867
3.9039999999997916,4064904.7509235884
3.9059999999997914,4063901.4609831064
3.907999999999791,4062898.1250941753
3.909999999999791,4061894.7430622107
3.9119999999997908,4060891.3146947427
3.9139999999997905,4059887.8398027495
3.9159999999997903,4058884.3182118097
3.91799999999979,4057880.750566403
3.91999999999979,4056877.1375912344
3.9219999999997897,4055873.4790642047
3.9239999999997894,4054869.7747489177
3.925999999999789,4053866.024408832
3.927999999999789,4052862.2278109216
3.9299999999997888,4051858.384726998
3.9319999999997886,4050854.494933841
3.9339999999997883,4049850.558212885
3.935999999999788,4048846.574349783
3.937999999999788,4047842.543133976
3.9399999999997877,4046838.4643518827
3.9419999999997875,4045834.337792166
3.9439999999997872,4044830.163736867
3.945999999999787,4043825.9464764358
3.947999999999787,4042821.686064785
3.9499999999997866,4041817.382106716
3.9519999999997864,4040813.0342158824
3.953999999999786,4039808.642008128
3.955999999999786,4038804.2051130002
3.9579999999997857,4037799.72316352
3.9599999999997855,4036795.195806046
3.9619999999997852,4035790.622689515
3.963999999999785,4034786.003469339
3.965999999999785,4033781.33780769
3.9679999999997846,4032776.625373746
3.9699999999997844,4031771.8658436006
3.971999999999784,4030767.0588934193
3.973999999999784,4029762.2042108853
3.9759999999997837,4028757.3014849024
3.9779999999997835,4027752.350415923
3.9799999999997833,4026747.3507051566
3.981999999999783,4025742.302057885
3.983999999999783,4024737.204184749
3.9859999999997826,4023732.0568019524
3.9879999999997824,4022726.8596246364
3.989999999999782,4021721.612378309
3.991999999999782,4020716.314795205
3.9939999999997817,4019710.966605878
3.9959999999997815,4018705.5675437003
3.9979999999997813,4017700.1173465485
3.999999999999781,4016694.6157571655
4.001999999999781,4015689.062522892
4.003999999999781,4014683.457395218
4.005999999999781,4013677.8001374844
4.007999999999781,4012672.0907435543
4.00999999999978,4011666.3291409863
4.01199999999978,4010660.51508593
4.01399999999978,4009654.6483403523
4.01599999999978,4008648.7290126462
4.0179999999997795,4007642.7571825855
4.019999999999779,4006636.7326197024
4.021999999999779,4005630.6550966585
4.023999999999779,4004624.524382513
4.025999999999779,4003618.340254134
4.027999999999778,4002612.102486334
4.029999999999778,4001605.810861797
4.031999999999778,4000599.465160604
4.033999999999778,3999593.065163686
4.0359999999997775,3998586.610654146
4.037999999999777,3997580.1014112122
4.039999999999777,3996573.5372217973
4.041999999999777,3995566.9178769174
4.043999999999777,3994560.2431634213
4.045999999999776,3993553.512868412
4.047999999999776,3992546.7267872603
4.049999999999776,3991539.8847184256
4.051999999999776,3990532.986957456
4.053999999999776,3989526.0337112225
4.055999999999775,3988519.0247174543
4.057999999999775,3987511.9604234654
4.059999999999775,3986504.843502621
4.061999999999775,3985497.673786111
4.0639999999997745,3984490.450849673
4.065999999999774,3983483.1742759314
4.067999999999774,3982475.8436555625
4.069999999999774,3981468.458587356
4.071999999999774,3980461.01867782
4.073999999999773,3979453.5235406645
4.075999999999773,3978445.9727899833
4.077999999999773,3977438.3660514327
4.079999999999773,3976430.7029523514
4.0819999999997725,3975422.983131424
4.083999999999772,3974415.2062282306
4.085999999999772,3973407.3718865467
4.087999999999772,3972399.4797560726
4.089999999999772,3971391.529491681
4.091999999999771,3970383.520727657
4.093999999999771,3969375.4530731607
4.095999999999771,3968367.326356434
4.097999999999771,3967359.140383899
4.0999999999997705,3966350.8948247847
4.10199999999977,3965342.589360829
4.10399999999977,3964334.2236810527
4.10599999999977,3963325.7974711424
4.10799999999977,3962317.3104170365
4.109999999999769,3961308.7622066042
4.111999999999769,3960300.152530305
4.113999999999769,3959291.4810812455
4.115999999999769,3958282.747555054
4.1179999999997685,3957273.9516502
4.119999999999768,3956265.0930606546
4.121999999999768,3955256.171480822
4.123999999999768,3954247.186613961
4.125999999999768,3953238.1381610716
4.127999999999767,3952229.0258237077
4.129999999999767,3951219.8493050407
4.131999999999767,3950210.608309965
4.133999999999767,3949201.302544697
4.1359999999997665,3948191.931710687
4.137999999999766,3947182.495515496
4.139999999999766,3946172.993663134
4.141999999999766,3945163.4258574937
4.143999999999766,3944153.791803554
4.145999999999765,3943144.0912075075
4.147999999999765,3942134.323776457
4.149999999999765,3941124.489217974
4.151999999999765,3940114.58723969
4.1539999999997645,3939104.617548958
4.155999999999764,3938094.579846415
4.157999999999764,3937084.4738310077
4.159999999999764,3936074.299208033
4.161999999999764,3935064.0556781567
4.1639999999997634,3934053.7429457256
4.165999999999763,3933043.3610940655
4.167999999999763,3932032.9101572083
4.169999999999763,3931022.3899346297
4.171999999999763,3930011.8018166767
4.173999999999762,3929001.1461201394
4.175999999999762,3927990.422383126
4.177999999999762,3926979.630144335
4.179999999999762,3925968.768946123
4.1819999999997615,3924957.8385902527
4.183999999999761,3923946.8393512457
4.185999999999761,3922935.7707955646
4.187999999999761,3921924.632440516
4.189999999999761,3920913.4238085314
4.19199999999976,3919902.144420517
4.19399999999976,3918890.793806636
4.19599999999976,3917879.371496614
4.19799999999976,3916867.877022987
4.1999999999997595,3915856.3099220716
4.201999999999759,3914844.669733931
4.203999999999759,3913832.9560018587
4.205999999999759,3912821.1682717814
4.207999999999759,3911809.306092033
4.209999999999758,3910797.369012262
4.211999999999758,3909785.356576705
4.213999999999758,3908773.2683354244
4.215999999999758,3907761.103834742
4.2179999999997575,3906748.8626204184
4.219999999999757,3905736.544238736
4.221999999999757,3904724.1482364824
4.223999999999757,3903711.6741606705
4.225999999999757,3902699.12155843
4.227999999999756,3901686.4899750124
4.229999999999756,3900673.778947899
4.231999999999756,3899660.9880176494
4.233999999999756,3898648.1167183495
4.2359999999997555,3897635.1645869226
4.237999999999755,3896622.1311530056
4.239999999999755,3895609.0159420036
4.241999999999755,3894595.8184761847
4.243999999999755,3893582.538274749
4.245999999999754,3892569.174853464
4.247999999999754,3891555.727724132
4.249999999999754,3890542.196394056
4.251999999999754,3889528.5803595157
4.2539999999997535,3888514.8791164565
4.255999999999753,3887501.0921510025
4.257999999999753,3886487.218942632
4.259999999999753,3885473.2589712455
4.261999999999753,3884459.2117059506
4.263999999999752,3883445.076607613
4.265999999999752,3882430.853141959
4.267999999999752,3881416.541052239
4.269999999999752,3880402.1399621186
4.2719999999997516,3879387.649292733
4.273999999999751,3878373.068461607
4.275999999999751,3877358.3968789997
4.277999999999751,3876343.633939835
4.279999999999751,3875328.7790387725
4.2819999999997505,3874313.8322446947
4.28399999999975,3873298.7934737178
4.28599999999975,3872283.6619470604
4.28799999999975,3871268.436878038
4.28999999999975,3870253.117473958
4.291999999999749,3869237.7029366135
4.293999999999749,3868222.1924582184
4.295999999999749,3867206.585197564
4.297999999999749,3866190.8802317376
4.2999999999997485,3865175.076665899
4.301999999999748,3864159.1736475336
4.303999999999748,3863143.1703290995
4.305999999999748,3862127.065852258
4.307999999999748,3861110.859342919
4.309999999999747,3860094.550031618
4.311999999999747,3859078.1370988996
4.313999999999747,3858061.619581878
4.315999999999747,3857044.9966812287
4.3179999999997465,3856028.267969109
4.319999999999746,3855011.432468296
4.321999999999746,3853994.4891295345
4.323999999999746,3852977.4368841373
4.325999999999746,3851960.274638403
4.327999999999745,3850943.0012699887
4.329999999999745,3849925.615619436
4.331999999999745,3848908.116498018
4.333999999999745,3847890.5026811995
4.3359999999997445,3846872.772904822
4.337999999999744,3845854.925861318
4.339999999999744,3844836.960190134
4.341999999999744,3843818.874484822
4.343999999999744,3842800.6672858973
4.345999999999743,3841782.3370747515
4.347999999999743,3840763.88226787
4.349999999999743,3839745.3012157315
4.351999999999743,3838726.592469145
4.3539999999997425,3837707.7544548423
4.355999999999742,3836688.785262197
4.357999999999742,3835669.6828766367
4.359999999999742,3834650.4451762596
4.361999999999742,3833631.0699150255
4.363999999999741,3832611.5547064547
4.365999999999741,3831591.8970061634
4.367999999999741,3830572.094091744
4.369999999999741,3829552.143045256
4.3719999999997405,3828532.040719965
4.37399999999974,3827511.7837035814
4.37599999999974,3826491.368280894
4.37799999999974,3825470.790375476
4.37999999999974,3824450.045480098
4.381999999999739,3823429.128574576
4.383999999999739,3822408.0340138287
4.385999999999739,3821386.7554851975
4.387999999999739,3820365.2855656985
4.3899999999997386,3819343.615396097
4.391999999999738,3818321.7343277596
4.393999999999738,3817299.6291286843
4.395999999999738,3816277.2826031228
4.397999999999738,3815254.670842473
4.3999999999997375,3814231.756869788
4.401999999999737,3813208.4766452378
4.403999999999737,3811094.655813686
4.405999999999737,3807781.4779940923
4.407999999999737,3804349.873518729
4.409999999999736,3800817.4474467253
4.411999999999736,3797207.1401774324
4.413999999999736,3793539.6924156076
4.415999999999736,3789831.889698421
4.4179999999997355,3786096.494013272
4.419999999999735,3782343.0101044173
4.421999999999735,3778578.2608421445
4.423999999999735,3774807.143137168
4.425999999999735,3771033.0069331615
4.427999999999734,3767258.2444953704
4.429999999999734,3763484.4899749667
4.431999999999734,3759712.8542414857
4.433999999999734,3755944.082250371
4.4359999999997335,3752178.6708842926
4.437999999999733,3748416.9652338927
4.439999999999733,3744659.1956591154
4.441999999999733,3740905.514823188
4.443999999999733,3737156.0229735724
4.445999999999732,3733410.785071202
4.447999999999732,3729669.842348874
4.449999999999732,3725933.2201505103
4.451999999999732,3722200.9332004786
4.4539999999997315,3718472.9891063776
4.455999999999731,3714749.3907354088
4.457999999999731,3711030.1377835805
4.459999999999731,3707315.227835744
4.461999999999731,3703604.65709963
4.46399999999973,3699898.4208363644
4.46599999999973,3696196.5137085523
4.46799999999973,3692498.9299703613
4.46999999999973,3688805.6636240436
4.4719999999997295,3685116.7084765593
4.473999999999729,3681432.0582555356
4.475999999999729,3677751.7066136207
4.477999999999729,3674075.647155548
4.479999999999729,3670403.8734569866
4.481999999999728,3666736.3790776595
4.483999999999728,3663073.1575967246
4.485999999999728,3659414.202612335
4.487999999999728,3655759.507688386
4.4899999999997275,3652109.066419694
4.491999999999727,3648462.872401954
4.493999999999727,3644820.9192615296
4.495999999999727,3641183.2006251374
4.497999999999727,3637549.7101495974
4.499999999999726,3633920.4414653694
4.501999999999726,3630295.3882393716
4.503999999999726,3626674.5441695163
4.505999999999726,3623057.902954086
4.507999999999726,3619445.458295132
4.509999999999725,3615837.2039011684
4.511999999999725,3612233.133515453
4.513999999999725,3608633.240910748
4.515999999999725,3605037.519832823
4.5179999999997245,3601445.9640632416
4.519999999999724,3597858.5674139825
4.521999999999724,3594275.323670783
4.523999999999724,3590696.226655697
4.525999999999724,3587121.2701954106
4.527999999999723,3583550.448149755
4.529999999999723,3579983.7543806387
4.531999999999723,3576421.1827549636
4.533999999999723,3572862.7271731193
4.5359999999997225,3569308.381537862
4.537999999999722,3565758.139757188
4.539999999999722,3562211.995772719
4.541999999999722,3558669.9435285917
4.543999999999722,3555131.9769742643
4.545999999999721,3551598.0900928653
4.547999999999721,3548068.2768700975
4.549999999999721,3544542.531297
4.551999999999721,3541020.8473721957
4.5539999999997205,3537503.2191296825
4.55599999999972,3533989.6406073156
4.55799999999972,3530480.105875347
4.55999999999972,3526974.6090056123
4.56199999999972,3523473.1440745573
4.563999999999719,3519975.705165655
4.565999999999719,3516482.2863972755
4.567999999999719,3512992.881891414
4.569999999999719,3509507.4857761916
4.5719999999997185,3506026.0921878866
4.573999999999718,3502548.6952984985
4.575999999999718,3499075.289284281
4.577999999999718,3495605.86835407
4.579999999999718,3492140.4266926222
4.581999999999717,3488678.9585221275
4.583999999999717,3485221.45807052
4.585999999999717,3481767.919599462
4.587999999999717,3478318.3373475377
4.5899999999997165,3474872.7055914337
4.591999999999716,3471431.0186400195
4.593999999999716,3467993.270777959
4.595999999999716,3464559.456327029
4.597999999999716,3461129.569614685
4.599999999999715,3457703.604976155
4.601999999999715,3454281.5568003324
4.603999999999715,3450863.4194392716
4.605999999999715,3447449.187275399
4.6079999999997145,3444038.8546998766
4.609999999999714,3440632.416139428
4.611999999999714,3437229.8659998477
4.613999999999714,3433831.198726259
4.615999999999714,3430436.4087970215
4.6179999999997134,3427045.490667657
4.619999999999713,3423658.438831458
4.621999999999713,3420275.247788252
4.623999999999713,3416895.912046458
4.625999999999713,3413520.426124709
4.627999999999712,3410148.784568438
4.629999999999712,3406780.981916
4.631999999999712,3403417.0127496407
4.633999999999712,3400056.871655228
4.6359999999997115,3396700.5532539464
4.637999999999711,3393348.0521464683
4.639999999999711,3389999.362972636
4.641999999999711,3386654.4803803675
4.643999999999711,3383313.399027489
4.64599999999971,3379976.113583205
4.64799999999971,3376642.618754529
4.64999999999971,3373312.909255565
4.65199999999971,3369986.9797844808
4.6539999999997095,3366664.8250818914
4.655999999999709,3363346.4398993487
4.657999999999709,3360031.8190256758
4.659999999999709,3356720.95723164
4.661999999999709,3353413.8493284755
4.663999999999708,3350110.490137138
4.665999999999708,3346810.874465076
4.667999999999708,3343514.9971636334
4.669999999999708,3340222.853121425
4.6719999999997075,3336934.4372096607
4.673999999999707,3333649.7443154217
4.675999999999707,3330368.7693668017
4.677999999999707,3327091.5073024807
4.679999999999707,3323817.9530487605
4.681999999999706,3320548.1015761835
4.683999999999706,3317281.9478686526
4.685999999999706,3314019.4869244364
4.687999999999706,3310760.7137571564
4.6899999999997055,3307505.6233965294
4.691999999999705,3304254.210913127
4.693999999999705,3301006.4713645168
4.695999999999705,3297762.3998512016
4.697999999999705,3294521.9914626996
4.699999999999704,3291285.2413327973
4.701999999999704,3288052.1445857068
4.703999999999704,3284822.6963907443
4.705999999999704,3281596.891932274
4.7079999999997035,3278374.7263870067
4.709999999999703,3275156.194978086
4.711999999999703,3271941.2929449026
4.713999999999703,3268730.0155439144
4.715999999999703,3265522.358028036
4.717999999999702,3262318.3156951834
4.719999999999702,3259117.883856469
4.721999999999702,3255921.0578467506
4.723999999999702,3252727.8330193134
4.7259999999997016,3249538.2047235374
4.727999999999701,3246352.168356636
4.729999999999701,3243169.7193342145
4.731999999999701,3239990.8530682432
4.733999999999701,3236815.5650180825
4.7359999999997004,3233643.8506391607
4.7379999999997,3230475.70543372
4.7399999999997,3227311.1249000663
4.7419999999997,3224150.1045607445
4.7439999999997,3220992.639983945
4.745999999999699,3217838.7267333097
4.747999999999699,3214688.360396094
4.749999999999699,3211541.5365610933
4.751999999999699,3208398.250866608
4.7539999999996985,3205258.498971878
4.755999999999698,3202122.276535584
4.757999999999698,3198989.5792636825
4.759999999999698,3195860.4028605465
4.761999999999698,3192734.743055326
4.763999999999697,3189612.5956010777
4.765999999999697,3186493.9562531463
4.767999999999697,3183378.8206174555
4.769999999999697,3180267.1844966807
4.7719999999996965,3177159.043721418
4.773999999999696,3174054.393451749
4.775999999999696,3170953.22948697
4.777999999999696,3167855.547714575
4.779999999999696,3164761.3439311464
4.781999999999695,3161670.614026994
4.783999999999695,3158583.353979479
4.785999999999695,3155499.5597894853
4.787999999999695,3152419.2274763607
4.7899999999996945,3149342.353056621
4.791999999999694,3146268.9325861814
4.793999999999694,3143198.9621159807
4.795999999999694,3140132.4376969747
4.797999999999694,3137069.355421166
4.799999999999693,3134009.711377794
4.801999999999693,3130953.501675796
4.803999999999693,3127900.7224239036
4.805999999999693,3124851.369752048
4.8079999999996925,3121805.439808951
4.809999999999692,3118762.9287424698
4.811999999999692,3115723.83274456
4.813999999999692,3112688.1479767477
4.815999999999692,3109655.8706382727
4.817999999999691,3106626.9969246048
4.819999999999691,3103601.5230473173
4.821999999999691,3100579.445214859
4.823999999999691,3097560.7596514393
4.8259999999996905,3094545.4625945827
4.82799999999969,3091533.5502926293
4.82999999999969,3088525.0189865828
4.83199999999969,3085519.864912906
4.83399999999969,3082518.084336862
4.835999999999689,3079519.6734985043
4.837999999999689,3076524.62866576
4.839999999999689,3073532.9460964645
4.841999999999689,3070544.622056037
4.8439999999996886,3067559.6528147524
4.845999999999688,3064578.0346310115
4.847999999999688,3061599.763768344
4.849999999999688,3058624.8364783595
4.851999999999688,3055653.2490171827
4.8539999999996875,3052684.9976429837
4.855999999999687,3049720.078614039
4.857999999999687,3046758.4881724883
4.859999999999687,3043800.2225467633
4.861999999999687,3040845.2779812757
4.863999999999686,3037893.6507024015
4.865999999999686,3034945.336934491
4.867999999999686,3032000.332884697
4.869999999999686,3029058.634771699
4.8719999999996855,3026120.238793733
4.873999999999685,3023185.1411310146
4.875999999999685,3020253.337974094
4.877999999999685,3017324.8254925613
4.879999999999685,3014399.599850329
4.881999999999684,3011477.6571915653
4.883999999999684,3008558.9936556914
4.885999999999684,3005643.6053887126
4.887999999999684,3002731.4885004913
4.8899999999996835,2999822.6391089414
4.891999999999683,2996917.0533101354
4.893999999999683,2994014.7272059945
4.895999999999683,2991115.6568751056
4.897999999999683,2988219.8383884514
4.899999999999682,2985327.267796333
4.901999999999682,2982437.9411553997
4.903999999999682,2979551.854500245
4.905999999999682,2976669.0038586757
4.9079999999996815,2973789.385250955
4.909999999999681,2970912.994689475
4.911999999999681,2968039.8281785334
4.913999999999681,2965169.8817022634
4.915999999999681,2962303.1512514995
4.91799999999968,2959439.6327963355
4.91999999999968,2956579.3223015876
4.92199999999968,2953722.215738014
4.92399999999968,2950868.309055826
4.9259999999996795,2948017.5981999426
4.927999999999679,2945170.0791098974
4.929999999999679,2942325.7477202206
4.931999999999679,2939484.5999602764
4.933999999999679,2936646.63174303
4.935999999999678,2933811.8389913356
4.937999999999678,2930980.217623299
4.939999999999678,2928151.763540954
4.941999999999678,2925326.4726569215
4.9439999999996775,2922504.340879712
4.945999999999677,2919685.364102728
4.947999999999677,2916869.5382310096
4.949999999999677,2914056.859166519
4.951999999999677,2911247.322797301
4.953999999999676,2908440.925024048
4.955999999999676,2905637.661734184
4.957999999999676,2902837.528828269
4.959999999999676,2900040.522205527
4.961999999999676,2897246.637753138
4.963999999999675,2894455.871372634
4.965999999999675,2891668.2189654494
4.967999999999675,2888883.6764220605
4.969999999999675,2886102.7520628762
4.9719999999996745,2883325.3220532737
4.973999999999674,2880551.2896483038
4.975999999999674,2877780.581218206
4.977999999999674,2875013.1415343974
4.979999999999674,2872248.9294285243
4.981999999999673,2869487.9141954887
4.983999999999673,2866730.0727759837
4.985999999999673,2863975.3876282
4.987999999999673,2861223.8451562477
4.9899999999996725,2858475.434566667
4.991999999999672,2855730.147044106
4.993999999999672,2852987.975168612
4.995999999999672,2850248.9124994827
4.997999999999672,2847512.953284163
4.999999999999671,2844780.092250696
5.001999999999671,2842050.3244647067
5.003999999999671,2839323.645229507
5.005999999999671,2836600.0500160963
5.0079999999996705,2833879.5344128967
5.00999999999967,2831162.0940921865
5.01199999999967,2828447.724787968
5.01399999999967,2825736.4222778617
5.01599999999967,2823028.1823719493
5.017999999999669,2820323.0009049526
5.019999999999669,2817620.8737319326
5.021999999999669,2814921.7967217937
5.023999999999669,2812225.765757452
5.0259999999996685,2809532.776732525
5.027999999999668,2806842.8255488994
5.029999999999668,2804155.908118529
5.031999999999668,2801472.020361377
5.033999999999668,2798791.1582049555
5.035999999999667,2796113.3175840504
5.037999999999667,2793438.4944405225
5.039999999999667,2790766.6847232515
5.041999999999667,2788097.884389079
5.0439999999996665,2785432.0894002523
5.045999999999666,2782769.2957268823
5.047999999999666,2780109.4993445086
5.049999999999666,2777452.6962365396
5.051999999999666,2774798.8823917275
5.053999999999665,2772148.053806658
5.055999999999665,2769500.2064843373
5.057999999999665,2766855.33643318
5.059999999999665,2764213.4396102615
5.0619999999996645,2761574.5120005524
5.063999999999664,2758938.549646615
5.065999999999664,2756305.54859578
5.067999999999664,2753675.504899939
5.069999999999664,2751048.4143661936
5.0719999999996634,2748424.2728807004
5.073999999999663,2745803.076510559
5.075999999999663,2743184.8213278977
5.077999999999663,2740569.503409235
5.079999999999663,2737957.1187674953
5.081999999999662,2735347.663455841
5.083999999999662,2732741.1335695176
5.085999999999662,2730137.5252097924
5.087999999999662,2727536.8344841087
5.0899999999996615,2724939.057506135
5.091999999999661,2722344.190395674
5.093999999999661,2719752.229278825
5.095999999999661,2717163.1702879043
5.097999999999661,2714577.0095615136
5.09999999999966,2711993.743245341
5.10199999999966,2709413.3674902413
5.10399999999966,2706835.878453445
5.10599999999966,2704261.2722992324
5.1079999999996595,2701689.5451970897
5.109999999999659,2699120.693322816
5.111999999999659,2696554.7128592404
5.113999999999659,2693991.5999944787
5.115999999999659,2691431.350923652
5.117999999999658,2688873.961847909
5.119999999999658,2686319.42897366
5.121999999999658,2683767.7485143947
5.123999999999658,2681218.916689533
5.1259999999996575,2678672.929723807
5.127999999999657,2676129.7838489907
5.129999999999657,2673589.4753027936
5.131999999999657,2671052.000328944
5.133999999999657,2668517.35517721
5.135999999999656,2665985.5361033557
5.137999999999656,2663456.5393691263
5.139999999999656,2660930.361242308
5.141999999999656,2658406.997996663
5.1439999999996555,2655886.4459119784
5.145999999999655,2653368.701274012
5.147999999999655,2650853.760374507
5.149999999999655,2648341.619511153
5.151999999999655,2645832.274987579
5.153999999999654,2643325.7231134134
5.155999999999654,2640821.960204139
5.157999999999654,2638320.9825817994
5.159999999999654,2635822.78657355
5.1619999999996535,2633327.368512566
5.163999999999653,2630834.724737848
5.165999999999653,2628344.8515943256
5.167999999999653,2625857.7454333445
5.169999999999653,2623373.4026114033
5.171999999999652,2620891.8194909277
5.173999999999652,2618412.9924406875
5.175999999999652,2615936.9178346316
5.177999999999652,2613463.5920525272
5.1799999999996515,2610993.011480554
5.181999999999651,2608525.1725100144
5.183999999999651,2606060.0715385326
5.185999999999651,2603597.7049689307
5.187999999999651,2601138.06920981
5.1899999999996504,2598681.1606760197
5.19199999999965,2596226.975787573
5.19399999999965,2593775.5109707345
5.19599999999965,2591326.7626568796
5.19799999999965,2588880.727283163
5.199999999999649,2586437.401292946
5.201999999999649,2583996.781134665
5.203999999999649,2581558.8632629453
5.205999999999649,2579123.644137497
5.2079999999996485,2576691.1202241993
5.209999999999648,2574261.287994016
5.211999999999648,2571834.14392404
5.213999999999648,2569409.684496422
5.215999999999648,2566987.9061993896
5.217999999999647,2564568.8055262924
5.219999999999647,2562152.3789761174
5.221999999999647,2559738.623053846
5.223999999999647,2557327.5342695056
5.2259999999996465,2554919.1091391197
5.227999999999646,2552513.34418376
5.229999999999646,2550110.2359304666
5.231999999999646,2547709.7809113334
5.233999999999646,2545311.9756640512
5.235999999999645,2542916.8167321202
5.237999999999645,2540524.3006640887
5.239999999999645,2538134.4240140556
5.241999999999645,2535747.1833419222
5.2439999999996445,2533362.575212626
5.245999999999644,2530980.596196888
5.247999999999644,2528601.242870446
5.249999999999644,2526224.511814533
5.251999999999644,2523850.3996157586
5.253999999999643,2521478.902866472
5.255999999999643,2519110.018164028
5.257999999999643,2516743.7421111683
5.259999999999643,2514380.0713160615
5.2619999999996425,2512019.002392208
5.263999999999642,2509660.5319587234
5.265999999999642,2507304.6566397147
5.267999999999642,2504951.3730646027
5.269999999999642,2502600.677868141
5.271999999999641,2500252.5676903897
5.273999999999641,2497907.0391767235
5.275999999999641,2495564.0889777965
5.277999999999641,2493223.7137495084
5.2799999999996405,2490885.91015303
5.28199999999964,2488550.6748547456
5.28399999999964,2486218.0045263083
5.28599999999964,2483887.8958446006
5.28799999999964,2481560.3454916887
5.289999999999639,2479235.350154627
5.291999999999639,2476912.9065259486
5.293999999999639,2474593.0113033727
5.295999999999639,2472275.6611897484
5.2979999999996386,2469960.852892899
5.299999999999638,2467648.583126036
5.301999999999638,2465338.8486074964
5.303999999999638,2463031.646060543
5.305999999999638,2460726.972213777
5.3079999999996375,2458424.823800759
5.309999999999637,2456125.1975603
5.311999999999637,2453828.0902361614
5.313999999999637,2451533.4985774052
5.315999999999637,2449241.4193379404
5.317999999999636,2446951.8492767857
5.319999999999636,2444664.7851581895
5.321999999999636,2442380.2237512553
5.323999999999636,2440098.1618301645
5.3259999999996355,2437818.596174122
5.327999999999635,2435541.523567391
5.329999999999635,2433266.9407992335
5.331999999999635,2430994.844663916
5.333999999999635,2428725.2319606757
5.335999999999634,2426458.099493783
5.337999999999634,2424193.4440724486
5.339999999999634,2421931.2625108305
5.341999999999634,2419671.5516279754
5.3439999999996335,2417414.308247995
5.345999999999633,2415159.5291999127
5.347999999999633,2412907.2113176025
5.349999999999633,2410657.3514399505
5.351999999999633,2408409.9464106243
5.353999999999632,2406164.9930783315
5.355999999999632,2403922.4882965763
5.357999999999632,2401682.428923723
5.359999999999632,2399444.811823127
5.3619999999996315,2397209.6338629043
5.363999999999631,2394976.8919160427
5.365999999999631,2392746.5828603543
5.367999999999631,2390518.7035785043
5.369999999999631,2388293.250958007
5.37199999999963,2386070.221891158
5.37399999999963,2383849.6132750805
5.37599999999963,2381631.422011632
5.37799999999963,2379415.6450075563
5.3799999999996295,2377202.2791743404
5.381999999999629,2374991.321428203
5.383999999999629,2372782.768690198
5.385999999999629,2370576.617886058
5.387999999999629,2368372.8659462933
5.389999999999628,2366171.509806166
5.391999999999628,2363972.546405672
5.393999999999628,2361775.972689475
5.395999999999628,2359581.7856069813
5.3979999999996275,2357389.9821122796
5.399999999999627,2355200.5591641525
5.401999999999627,2353013.5137260733
5.403999999999627,2350828.842766194
5.405999999999627,2348646.5432573413
5.407999999999626,2346466.6121769715
5.409999999999626,2344289.0465071923
5.411999999999626,2342113.843234753
5.413999999999626,2339940.999351066
5.415999999999626,2337770.511852114
5.417999999999625,2335602.377738512
5.419999999999625,2333436.5940154935
5.421999999999625,2331273.157692892
5.423999999999625,2329112.0657851063
5.4259999999996245,2326953.315311126
5.427999999999624,2324796.90329451
5.429999999999624,2322642.826763364
5.431999999999624,2320491.0827504057
5.433999999999624,2318341.6682928293
5.435999999999623,2316194.5804324346
5.437999999999623,2314049.8162154527
5.439999999999623,2311907.3726927075
5.441999999999623,2309767.2469195453
5.4439999999996225,2307629.435955784
5.445999999999622,2305493.9368657325
5.447999999999622,2303360.7467181925
5.449999999999622,2301229.8625864345
5.451999999999622,2299101.2815481722
5.453999999999621,2296975.0006856956
5.455999999999621,2294851.017085616
5.457999999999621,2292729.327839008
5.459999999999621,2290609.9300414696
5.4619999999996205,2288492.8207930024
5.46399999999962,2286377.9971980276
5.46599999999962,2284265.456365342
5.46799999999962,2282155.195408145
5.46999999999962,2280047.2114440184
5.471999999999619,2277941.5015949653
5.473999999999619,2275838.062987331
5.475999999999619,2273736.8927519377
5.477999999999619,2271637.988023822
5.4799999999996185,2269541.345942517
5.481999999999618,2267446.9636517693
5.483999999999618,2265354.838299759
5.485999999999618,2263264.9670389984
5.487999999999618,2261177.3470262866
5.489999999999617,2259091.9754227498
5.491999999999617,2257008.8493939186
5.493999999999617,2254927.9661094514
5.495999999999617,2252849.3227433045
5.4979999999996165,2250772.9164738716
5.499999999999616,2248698.7444837606
5.501999999999616,2246626.8039597194
5.503999999999616,2244557.0920928875
5.505999999999616,2242489.606078642
5.507999999999615,2240424.3431167216
5.509999999999615,2238361.3004109007
5.511999999999615,2236300.475169188
5.513999999999615,2234241.864603976
5.5159999999996145,2232185.465931653
5.517999999999614,2230131.276373002
5.519999999999614,2228079.293152967
5.521999999999614,2226029.51350063
5.523999999999614,2223981.9346492724
5.525999999999613,2221936.553836308
5.527999999999613,2219893.368303329
5.529999999999613,2217852.3752962356
5.531999999999613,2215813.5720648454
5.533999999999613,2213776.955863325
5.535999999999612,2211742.523949912
5.537999999999612,2209710.273586951
5.539999999999612,2207680.202040884
5.541999999999612,2205652.3065822567
5.5439999999996115,2203626.5844857087
5.545999999999611,2201603.0330299707
5.547999999999611,2199581.6494980324
5.549999999999611,2197562.431176907
5.551999999999611,2195545.3753574616
5.55399999999961,2193530.4793348406
5.55599999999961,2191517.7404082115
5.55799999999961,2189507.155880971
5.55999999999961,2187498.723060278
5.5619999999996095,2185492.439257353
5.563999999999609,2183488.3017876185
5.565999999999609,2181486.3079704754
5.567999999999609,2179486.455129303
5.569999999999609,2177488.740591458
5.571999999999608,2175493.1616882808
5.573999999999608,2173499.7157550957
5.575999999999608,2171508.4001312032
5.577999999999608,2169519.212160061
5.5799999999996075,2167532.149189063
5.581999999999607,2165547.208569285
5.583999999999607,2163564.3876560214
5.585999999999607,2161583.683808467
5.587999999999607,2159605.094389938
5.589999999999606,2157628.6167673897
5.591999999999606,2155654.248311922
5.593999999999606,2153681.986398274
5.595999999999606,2151711.8284053546
5.5979999999996055,2149743.771715916
5.599999999999605,2147777.813716583
5.601999999999605,2145813.95179784
5.603999999999605,2143852.1833542706
5.605999999999605,2141892.5057840263
5.607999999999604,2139934.916489374
5.609999999999604,2137979.412876381
5.611999999999604,2136025.9923549336
5.613999999999604,2134074.6523387306
5.6159999999996035,2132125.3902453026
5.617999999999603,2130178.203496225
5.619999999999603,2128233.089516598
5.621999999999603,2126290.045735585
5.623999999999603,2124349.0695861154
5.625999999999602,2122410.158504875
5.627999999999602,2120473.309932315
5.629999999999602,2118538.5213126666
5.631999999999602,2116605.790094179
5.6339999999996015,2114675.1137287975
5.635999999999601,2112746.4896721775
5.637999999999601,2110819.915383702
5.639999999999601,2108895.388326482
5.641999999999601,2106972.905967366
5.6439999999996004,2105052.465776938
5.6459999999996,2103134.0652297568
5.6479999999996,2101217.701804037
5.6499999999996,2099303.3729816577
5.6519999999996,2097391.076248174
5.653999999999599,2095480.8090928234
5.655999999999599,2093572.569008791
5.657999999999599,2091666.3534926113
5.659999999999599,2089762.1600447828
5.6619999999995985,2087859.9861694158
5.663999999999598,2085959.8293742628
5.665999999999598,2084061.68717097
5.667999999999598,2082165.5570744819
5.669999999999598,2080271.4366036698
5.671999999999597,2078379.323280724
5.673999999999597,2076489.2146317766
5.675999999999597,2074601.1081868096
5.677999999999597,2072715.0014790378
5.6799999999995965,2070830.8920452925
5.681999999999596,2068948.7774263
5.683999999999596,2067068.655166313
5.685999999999596,2065190.5228131278
5.687999999999596,2063314.3779180974
5.689999999999595,2061440.2180361466
5.691999999999595,2059568.0407260433
5.693999999999595,2057697.8435500343
5.695999999999595,2055829.6240735897
5.6979999999995945,2053963.3798663472
5.699999999999594,2052099.1085010818
5.701999999999594,2050236.807554106
5.703999999999594,2048376.4746055568
5.705999999999594,2046518.1072390086
5.707999999999593,2044661.7030415153
5.709999999999593,2042807.259603611
5.711999999999593,2040954.7745193257
5.713999999999593,2039104.2453864713
5.7159999999995925,2037255.6698059656
5.717999999999592,2035409.0453825495
5.719999999999592,2033564.369724388
5.721999999999592,2031721.6404433579
5.723999999999592,2029880.8551544137
5.725999999999591,2028042.01147628
5.727999999999591,2026205.1070310536
5.729999999999591,2024370.1394442576
5.731999999999591,2022537.106344819
5.7339999999995905,2020706.0053650928
5.73599999999959,2018876.8341411576
5.73799999999959,2017049.590312425
5.73999999999959,2015224.271521387
5.74199999999959,2013400.8754145775
5.743999999999589,2011579.39964152
5.745999999999589,2009759.8418554228
5.747999999999589,2007942.1997125128
5.749999999999589,2006126.4708727412
5.7519999999995886,2004312.6529993804
5.753999999999588,2002500.7437593369
5.755999999999588,2000690.7408224768
5.757999999999588,1998882.6418623475
5.759999999999588,1997076.4445557771
5.7619999999995875,1995272.1465829045
5.763999999999587,1993469.745627191
5.765999999999587,1991669.2393757207
5.767999999999587,1989870.6255188189
5.769999999999587,1988073.9017033135
5.771999999999586,1986279.0655862682
5.773999999999586,1984486.1148809297
5.775999999999586,1982695.047303058
5.777999999999586,1980905.8603922403
5.7799999999995855,1979118.5516628341
5.781999999999585,1977333.1188345456
5.783999999999585,1975549.5596286925
5.785999999999585,1973767.8717258105
5.787999999999585,1971988.052799647
5.789999999999584,1970210.100579292
5.791999999999584,1968434.0127966625
5.793999999999584,1966659.7871866226
5.795999999999584,1964887.4214871118
5.7979999999995835,1963116.9134395015
5.799999999999583,1961348.2607879394
5.801999999999583,1959581.4612801047
5.803999999999583,1957816.5126668045
5.805999999999583,1956053.4127023236
5.807999999999582,1954292.1591437303
5.809999999999582,1952532.7497516081
5.811999999999582,1950775.1822896677
5.813999999999582,1949019.454524774
5.8159999999995815,1947265.5642272534
5.817999999999581,1945513.509170217
5.819999999999581,1943763.2871302806
5.821999999999581,1942014.8958871558
5.823999999999581,1940268.3332236842
5.82599999999958,1938523.5969261543
5.82799999999958,1936780.6847839048
5.82999999999958,1935039.5945893575
5.83199999999958,1933300.3241380267
5.8339999999995795,1931562.871228553
5.835999999999579,1929827.2336630162
5.837999999999579,1928093.4092465218
5.839999999999579,1926361.395787236
5.841999999999579,1924631.19109641
5.843999999999578,1922902.792988692
5.845999999999578,1921176.1992814299
5.847999999999578,1919451.4077954206
5.849999999999578,1917728.416354474
5.8519999999995775,1916007.2227857648
5.853999999999577,1914287.8249194243
5.855999999999577,1912570.2205882734
5.857999999999577,1910854.4076288862
5.859999999999577,1909140.383880438
5.861999999999576,1907428.1471854695
5.863999999999576,1905717.6953891825
5.865999999999576,1904009.026340183
5.867999999999576,1902302.137890371
5.869999999999576,1900597.0278942294
5.871999999999575,1898893.6942096066
5.873999999999575,1897192.1346972957
5.875999999999575,1895492.347221059
5.877999999999575,1893794.3296479662
5.8799999999995745,1892098.0798476727
5.881999999999574,1890403.5956931824
5.883999999999574,1888710.8750604338
5.885999999999574,1887019.915828626
5.887999999999574,1885330.715879517
5.889999999999573,1883643.273128774
5.891999999999573,1881957.585421981
5.893999999999573,1880273.6506540396
5.895999999999573,1878591.4667214283
5.8979999999995725,1876911.0315231092
5.899999999999572,1875232.3429603106
5.901999999999572,1873555.398937035
5.903999999999572,1871880.1973595002
5.905999999999572,1870206.736136994
5.907999999999571,1868535.0131815465
5.909999999999571,1866865.0264083035
5.911999999999571,1865196.7737348506
5.913999999999571,1863530.2530819993
5.9159999999995705,1861865.462373382
5.91799999999957,1860202.3995354858
5.91999999999957,1858541.0624979904
5.92199999999957,1856881.449193349
5.92399999999957,1855223.5575568704
5.925999999999569,1853567.3855266983
5.927999999999569,1851912.9310441583
5.929999999999569,1850260.1920530528
5.931999999999569,1848609.1665003914
5.9339999999995685,1846959.8523362984
5.935999999999568,1845312.2475133296
5.937999999999568,1843666.3499872105
5.939999999999568,1842022.157716452
5.941999999999568,1840379.6686626573
5.943999999999567,1838738.8807898597
5.945999999999567,1837099.7920652628
5.947999999999567,1835462.4004588197
5.949999999999567,1833826.7039435883
5.9519999999995665,1832192.7004950247
5.953999999999566,1830560.3880917283
5.955999999999566,1828929.7647150524
5.957999999999566,1827300.828349418
5.959999999999566,1825673.576981626
5.961999999999565,1824048.0086016145
5.963999999999565,1822424.1212020516
5.965999999999565,1820801.9127786458
5.967999999999565,1819181.3813294778
5.9699999999995645,1817562.5248557318
5.971999999999564,1815945.3413616056
5.973999999999564,1814329.8288536267
5.975999999999564,1812715.9853414064
5.977999999999564,1811103.808837224
5.979999999999563,1809493.2973560812
5.981999999999563,1807884.4489160164
5.983999999999563,1806277.2615376902
5.985999999999563,1804671.7332444561
5.987999999999563,1803067.8620623683
5.989999999999562,1801465.646020502
5.991999999999562,1799865.0831505572
5.993999999999562,1798266.1714869065
5.995999999999562,1796668.9090666187
5.9979999999995615,1795073.2939297424
5.999999999999561,1793479.3241189457
