time,value
0.0,409.5014781776772
0.002,812.2809505761213
0.004,1053.0249233065065
0.006,1622.7743561954178
0.008,2155.039391947705
0.01,2532.6068701954487
0.012,2761.2280674770514
0.014,2883.201378872177
0.016,2939.61944125332
0.018000000000000002,2960.0921485178606
0.020000000000000004,2963.0103518799147
0.022000000000000006,2958.581539070401
0.024000000000000007,2951.8718285961845
0.02600000000000001,2945.0546370255356
0.02800000000000001,2938.846297361593
0.030000000000000013,2933.325796446817
0.032000000000000015,2928.3534333254543
0.034000000000000016,2923.7575848025604
0.03600000000000002,2919.401069735519
0.03800000000000002,2915.1928614462854
0.04000000000000002,2911.079884273002
0.04200000000000002,2907.034555984596
0.044000000000000025,2903.0444171800887
0.04600000000000003,2899.104856366492
0.04800000000000003,2895.215136818087
0.05000000000000003,2891.375896189401
0.05200000000000003,2887.5881841734586
0.054000000000000034,2883.853062517982
0.056000000000000036,2880.171113206515
0.05800000000000004,2876.542695433797
0.06000000000000004,2872.9682188997754
0.06200000000000004,2869.4484719039947
0.06400000000000004,2865.983154578878
0.06600000000000004,2862.5718895602995
0.06800000000000005,2859.214330510885
0.07000000000000005,2855.9100690823725
0.07200000000000005,2852.6588756227475
0.07400000000000005,2849.460399933076
0.07600000000000005,2846.3143435656275
0.07800000000000006,2843.2204120128263
0.08000000000000006,2840.1783024313795
0.08200000000000006,2837.1876061791295
0.08400000000000006,2834.248017313705
0.08600000000000006,2831.3599909960203
0.08800000000000006,2828.5241965828463
0.09000000000000007,2825.74127273585
0.09200000000000007,2823.0115356420483
0.09400000000000007,2820.3350356211586
0.09600000000000007,2817.71152884756
0.09800000000000007,2815.140690992533
0.10000000000000007,2812.6219362261263
0.10200000000000008,2810.154927063523
0.10400000000000008,2807.7390193086426
0.10600000000000008,2805.373639814642
0.10800000000000008,2803.058120966788
0.11000000000000008,2800.791934772476
0.11200000000000009,2798.5742217850016
0.11400000000000009,2796.4043639349343
0.11600000000000009,2794.281713743776
0.11800000000000009,2792.205433138107
0.12000000000000009,2790.1747879927575
0.1220000000000001,2788.1889732888617
0.1240000000000001,2786.247340163864
0.12600000000000008,2784.3489229948436
0.12800000000000009,2782.493008195942
0.1300000000000001,2780.6787722900167
0.1320000000000001,2778.9053850644154
0.1340000000000001,2777.1736240197756
0.1360000000000001,2775.4854735233457
0.1380000000000001,2773.8424245506417
0.1400000000000001,2772.2450025877833
0.1420000000000001,2770.6929623989445
0.1440000000000001,2769.1854260804434
0.1460000000000001,2767.721237187733
0.1480000000000001,2766.2990680619346
0.1500000000000001,2764.9174151267025
0.1520000000000001,2763.574797564717
0.1540000000000001,2762.2697433975204
0.1560000000000001,2761.0007957344137
0.1580000000000001,2759.766513780092
0.16000000000000011,2758.565382070895
0.16200000000000012,2757.3960494337616
0.16400000000000012,2756.257049697816
0.16600000000000012,2755.146982836621
0.16800000000000012,2754.064477805622
0.17000000000000012,2753.00827931212
0.17200000000000013,2751.9769140912495
0.17400000000000013,2750.9692081067546
0.17600000000000013,2749.983825450235
0.17800000000000013,2749.019486335986
0.18000000000000013,2748.0749348894315
0.18200000000000013,2747.1493403656646
0.18400000000000014,2746.2430511928146
0.18600000000000014,2745.356965914251
0.18800000000000014,2744.491805240279
0.19000000000000014,2743.647748634528
0.19200000000000014,2742.824672277786
0.19400000000000014,2742.0220372882786
0.19600000000000015,2741.239367740267
0.19800000000000015,2740.475908567643
0.20000000000000015,2739.730988332942
0.20200000000000015,2739.003870897926
0.20400000000000015,2738.2939006454485
0.20600000000000016,2737.600458942942
0.20800000000000016,2736.922772211161
0.21000000000000016,2736.2602904459986
0.21200000000000016,2735.6122745869484
0.21400000000000016,2734.978114290773
0.21600000000000016,2734.357335855786
0.21800000000000017,2733.74925798726
0.22000000000000017,2733.153316062991
0.22200000000000017,2732.56889326656
0.22400000000000017,2731.995544332821
0.22600000000000017,2731.4348640437684
0.22800000000000017,2730.8892080291057
0.23000000000000018,2730.360128328315
0.23200000000000018,2729.8481992880775
0.23400000000000018,2729.3530169672467
0.23600000000000018,2728.8736686481548
0.23800000000000018,2728.4087563930307
0.24000000000000019,2727.9569427774154
0.2420000000000002,2727.516731724519
0.2440000000000002,2727.0867842867
0.2460000000000002,2726.6656642384073
0.2480000000000002,2726.2520251529186
0.25000000000000017,2725.844574199464
0.25200000000000017,2725.4421547835504
0.25400000000000017,2725.0435024359267
0.25600000000000017,2724.6474247916403
0.2580000000000002,2724.252854851204
0.2600000000000002,2723.8586981399585
0.2620000000000002,2723.4638666266305
0.2640000000000002,2723.0690523361845
0.2660000000000002,2722.676872181893
0.2680000000000002,2722.2898709265705
0.2700000000000002,2721.9096830683116
0.2720000000000002,2721.5369913300387
0.2740000000000002,2721.1722070432465
0.2760000000000002,2720.815033495396
0.2780000000000002,2720.4652158887147
0.2800000000000002,2720.122292798542
0.2820000000000002,2719.7858242718044
0.2840000000000002,2719.4551991487415
0.2860000000000002,2719.1301141349927
0.2880000000000002,2718.809932273607
0.2900000000000002,2718.494365296537
0.2920000000000002,2718.1828859462
0.2940000000000002,2717.8751703335165
0.2960000000000002,2717.570784507112
0.2980000000000002,2717.2693575303024
0.3000000000000002,2716.9705412799776
0.3020000000000002,2716.6738229038438
0.3040000000000002,2716.378992777551
0.3060000000000002,2716.085591020386
0.3080000000000002,2715.793352626601
0.3100000000000002,2715.501896897251
0.3120000000000002,2715.210901821023
0.3140000000000002,2714.9199747357443
0.3160000000000002,2714.6288816401325
0.3180000000000002,2714.337267970941
0.32000000000000023,2714.0447439041923
0.32200000000000023,2713.7511721422093
0.32400000000000023,2713.4561511929705
0.32600000000000023,2713.1593743774247
0.32800000000000024,2712.8605584965544
0.33000000000000024,2712.5599754604164
0.33200000000000024,2712.2591634528508
0.33400000000000024,2711.959994615183
0.33600000000000024,2711.663514299494
0.33800000000000024,2711.3704496080313
0.34000000000000025,2711.081115479775
0.34200000000000025,2710.7953970781455
0.34400000000000025,2710.5132349204755
0.34600000000000025,2710.2343809613453
0.34800000000000025,2709.9587010544965
0.35000000000000026,2709.685920982566
0.35200000000000026,2709.4157244178086
0.35400000000000026,2709.1479558586684
0.35600000000000026,2708.8824328830624
0.35800000000000026,2708.6188850822864
0.36000000000000026,2708.3570996056537
0.36200000000000027,2708.096882430766
0.36400000000000027,2707.8379620249543
0.36600000000000027,2707.580310036219
0.36800000000000027,2707.3236295352785
0.3700000000000003,2707.067715155293
0.3720000000000003,2706.8124733357804
0.3740000000000003,2706.557589920785
0.3760000000000003,2706.3030336391744
0.3780000000000003,2706.0486018177444
0.3800000000000003,2705.7940423661435
0.3820000000000003,2705.5391664326103
0.3840000000000003,2705.283896976143
0.3860000000000003,2705.0281153354777
0.3880000000000003,2704.771604815679
0.3900000000000003,2704.5141094896453
0.3920000000000003,2704.255622425025
0.3940000000000003,2703.995872437645
0.3960000000000003,2703.7353388924316
0.3980000000000003,2703.4751743368884
0.4000000000000003,2703.2168138286725
0.4020000000000003,2702.9613034596046
0.4040000000000003,2702.7095084116622
0.4060000000000003,2702.4616551160793
0.4080000000000003,2702.217797478782
0.4100000000000003,2701.9779363464527
0.4120000000000003,2701.7417601529196
0.4140000000000003,2701.509103547814
0.4160000000000003,2701.279665908931
0.4180000000000003,2701.0531976304796
0.4200000000000003,2700.8294673699615
0.4220000000000003,2700.6081683232746
0.4240000000000003,2700.3891487773117
0.4260000000000003,2700.1721365554627
0.4280000000000003,2699.957003373433
0.4300000000000003,2699.743403874401
0.43200000000000033,2699.5312767185897
0.43400000000000033,2699.3203024468976
0.43600000000000033,2699.1102586223915
0.43800000000000033,2698.901037836689
0.44000000000000034,2698.6924048859023
0.44200000000000034,2698.4841735331697
0.44400000000000034,2698.2761709517995
0.44600000000000034,2698.0682333298428
0.44800000000000034,2697.8602028334863
0.45000000000000034,2697.651930396507
0.45200000000000035,2697.443373176189
0.45400000000000035,2697.23429213769
0.45600000000000035,2697.024480561741
0.45800000000000035,2696.813748768426
0.46000000000000035,2696.6021667644472
0.46200000000000035,2696.3903713768777
0.46400000000000036,2696.179263187569
0.46600000000000036,2695.9694462709303
0.46800000000000036,2695.761272683675
0.47000000000000036,2695.554809801901
0.47200000000000036,2695.350139592316
0.47400000000000037,2695.147139789388
0.47600000000000037,2694.945695769974
0.47800000000000037,2694.74568621685
0.48000000000000037,2694.5469901671167
0.4820000000000004,2694.3494898636877
0.4840000000000004,2694.1529821727463
0.4860000000000004,2693.957411491656
0.4880000000000004,2693.762686944341
0.4900000000000004,2693.568535496918
0.4920000000000004,2693.3749697477524
0.4940000000000004,2693.1819250412746
0.4960000000000004,2692.9891456462424
0.4980000000000004,2692.796566650888
0.5000000000000003,2692.604186337055
0.5020000000000003,2692.4117717473273
0.5040000000000003,2692.2192730313423
0.5060000000000003,2692.0266094918493
0.5080000000000003,2691.8336101253276
0.5100000000000003,2691.640246918139
0.5120000000000003,2691.446364509653
0.5140000000000003,2691.2519450018613
0.5160000000000003,2691.056839543661
0.5180000000000003,2690.860945647144
0.5200000000000004,2690.664172312112
0.5220000000000004,2690.46652487854
0.5240000000000004,2690.267888827355
0.5260000000000004,2690.068539030607
0.5280000000000004,2689.869261770939
0.5300000000000004,2689.670432435284
0.5320000000000004,2689.4725139089496
0.5340000000000004,2689.275634733529
0.5360000000000004,2689.079846674227
0.5380000000000004,2688.8851359962296
0.5400000000000004,2688.691363863946
0.5420000000000004,2688.4985171248118
0.5440000000000004,2688.3065371967477
0.5460000000000004,2688.1152683505366
0.5480000000000004,2687.9246057243245
0.5500000000000004,2687.7345485893875
0.5520000000000004,2687.5449630492794
0.5540000000000004,2687.3557597661293
0.5560000000000004,2687.1669486540773
0.5580000000000004,2686.978314625698
0.5600000000000004,2686.789917044253
0.5620000000000004,2686.60155462806
0.5640000000000004,2686.413295827041
0.5660000000000004,2686.224945330428
0.5680000000000004,2686.0364868871716
0.5700000000000004,2685.8478712402393
0.5720000000000004,2685.658957641565
0.5740000000000004,2685.4698353086787
0.5760000000000004,2685.2802342939044
0.5780000000000004,2685.090290724323
0.5800000000000004,2684.8998354760934
0.5820000000000004,2684.7087810633075
0.5840000000000004,2684.517144563195
0.5860000000000004,2684.3248104157933
0.5880000000000004,2684.131707234472
0.5900000000000004,2683.9378822574868
0.5920000000000004,2683.7435145444006
0.5940000000000004,2683.5492368543014
0.5960000000000004,2683.355287703318
0.5980000000000004,2683.161947151002
0.6000000000000004,2682.969346818035
0.6020000000000004,2682.7774460855635
0.6040000000000004,2682.5862951387203
0.6060000000000004,2682.3958788932864
0.6080000000000004,2682.2061441763385
0.6100000000000004,2682.0172300477707
0.6120000000000004,2681.829214178874
0.6140000000000004,2681.6420385917736
0.6160000000000004,2681.4557474749367
0.6180000000000004,2681.2703187650786
0.6200000000000004,2681.085618270378
0.6220000000000004,2680.90164079476
0.6240000000000004,2680.718248095134
0.6260000000000004,2680.5354353389157
0.6280000000000004,2680.352978307147
0.6300000000000004,2680.1709293287154
0.6320000000000005,2679.9891718535664
0.6340000000000005,2679.8076283580613
0.6360000000000005,2679.626228284641
0.6380000000000005,2679.4449058052014
0.6400000000000005,2679.263598317745
0.6420000000000005,2679.0821571086644
0.6440000000000005,2678.900665636569
0.6460000000000005,2678.7189401440855
0.6480000000000005,2678.5369715667034
0.6500000000000005,2678.3547160936987
0.6520000000000005,2678.1720378407376
0.6540000000000005,2677.9889408649983
0.6560000000000005,2677.805302107757
0.6580000000000005,2677.6212621624727
0.6600000000000005,2677.4371221342763
0.6620000000000005,2677.253347141207
0.6640000000000005,2677.069942122528
0.6660000000000005,2676.8872166946603
0.6680000000000005,2676.7051032293625
0.6700000000000005,2676.5236551793414
0.6720000000000005,2676.3426835292603
0.6740000000000005,2676.162350584251
0.6760000000000005,2675.9824143315773
0.6780000000000005,2675.802937087701
0.6800000000000005,2675.623814159558
0.6820000000000005,2675.445069179847
0.6840000000000005,2675.266503883995
0.6860000000000005,2675.088193198941
0.6880000000000005,2674.909954381585
0.6900000000000005,2674.7318724501156
0.6920000000000005,2674.5537711001725
0.6940000000000005,2674.3756513817298
0.6960000000000005,2674.1975694655844
0.6980000000000005,2674.0193488410728
0.7000000000000005,2673.8409905981375
0.7020000000000005,2673.6623756237746
0.7040000000000005,2673.4836121753065
0.7060000000000005,2673.3045395253266
0.7080000000000005,2673.1251691371203
0.7100000000000005,2672.9453887939803
0.7120000000000005,2672.765223408368
0.7140000000000005,2672.584657405038
0.7160000000000005,2672.4035794962033
0.7180000000000005,2672.2220151305337
0.7200000000000005,2672.0398616142866
0.7220000000000005,2671.8571502464824
0.7240000000000005,2671.6737827611228
0.7260000000000005,2671.4899245864394
0.7280000000000005,2671.305834489455
0.7300000000000005,2671.1217398934614
0.7320000000000005,2670.937882317452
0.7340000000000005,2670.7543800255276
0.7360000000000005,2670.5711081757186
0.7380000000000005,2670.388182068361
0.7400000000000005,2670.2055297118486
0.7420000000000005,2670.0231073965415
0.7440000000000005,2669.8408733030383
0.7460000000000006,2669.658788108286
0.7480000000000006,2669.4769026275244
0.7500000000000006,2669.295040437682
0.7520000000000006,2669.113205417413
0.7540000000000006,2668.9314590954705
0.7560000000000006,2668.7496328126276
0.7580000000000006,2668.5677357344575
0.7600000000000006,2668.38574530725
0.7620000000000006,2668.203549149351
0.7640000000000006,2668.021262076909
0.7660000000000006,2667.838731815843
0.7680000000000006,2667.656065536121
0.7700000000000006,2667.473018815103
0.7720000000000006,2667.289750042349
0.7740000000000006,2667.106117638845
0.7760000000000006,2666.922237495899
0.7780000000000006,2666.738134756158
0.7800000000000006,2666.5537746254445
0.7820000000000006,2666.3690179599416
0.7840000000000006,2666.1838677252767
0.7860000000000006,2665.9982088052134
0.7880000000000006,2665.8120677915786
0.7900000000000006,2665.6254350901277
0.7920000000000006,2665.4381210764004
0.7940000000000006,2665.2503212588895
0.7960000000000006,2665.062084802681
0.7980000000000006,2664.873746277809
0.8000000000000006,2664.6854154426624
0.8020000000000006,2664.49717614389
0.8040000000000006,2664.3090676850843
0.8060000000000006,2664.12109905681
0.8080000000000006,2663.933348261042
0.8100000000000006,2663.745655200714
0.8120000000000006,2663.5581203830893
0.8140000000000006,2663.370583527244
0.8160000000000006,2663.183147283456
0.8180000000000006,2662.995654067013
0.8200000000000006,2662.8082122282926
0.8220000000000006,2662.620707246122
0.8240000000000006,2662.4333021732073
0.8260000000000006,2662.2458882552164
0.8280000000000006,2662.058602096997
0.8300000000000006,2661.871392317324
0.8320000000000006,2661.6842314122723
0.8340000000000006,2661.4970023188425
0.8360000000000006,2661.309815125316
0.8380000000000006,2661.122602555876
0.8400000000000006,2660.9352416045276
0.8420000000000006,2660.7477523343628
0.8440000000000006,2660.56011994785
0.8460000000000006,2660.372325104579
0.8480000000000006,2660.184345425078
0.8500000000000006,2659.9960696541734
0.8520000000000006,2659.8075261214835
0.8540000000000006,2659.618705736329
0.8560000000000006,2659.4295932275354
0.8580000000000007,2659.240082279216
0.8600000000000007,2659.0502044767595
0.8620000000000007,2658.859866104398
0.8640000000000007,2658.669115680503
0.8660000000000007,2658.4780681528364
0.8680000000000007,2658.2869710615873
0.8700000000000007,2658.095813977614
0.8720000000000007,2657.904803687354
0.8740000000000007,2657.7138479968517
0.8760000000000007,2657.523087542744
0.8780000000000007,2657.332472172631
0.8800000000000007,2657.141975251775
0.8820000000000007,2656.951568891843
0.8840000000000007,2656.761225841637
0.8860000000000007,2656.5710069177285
0.8880000000000007,2656.3807472421513
0.8900000000000007,2656.190459939799
0.8920000000000007,2656.0000411862607
0.8940000000000007,2655.8096126748337
0.8960000000000007,2655.6191179329962
0.8980000000000007,2655.428530675635
0.9000000000000007,2655.237739373685
0.9020000000000007,2655.046773982928
0.9040000000000007,2654.855628699194
0.9060000000000007,2654.6642924797356
0.9080000000000007,2654.472750685922
0.9100000000000007,2654.2808997986886
0.9120000000000007,2654.0887749529534
0.9140000000000007,2653.8963739485466
0.9160000000000007,2653.7036014283785
0.9180000000000007,2653.5104976434995
0.9200000000000007,2653.3170634702897
0.9220000000000007,2653.1232923757593
0.9240000000000007,2652.9290863429874
0.9260000000000007,2652.734484289541
0.9280000000000007,2652.5394001140844
0.9300000000000007,2652.343880426969
0.9320000000000007,2652.147930580126
0.9340000000000007,2651.951460494171
0.9360000000000007,2651.754524051497
0.9380000000000007,2651.557144888702
0.9400000000000007,2651.3595979098536
0.9420000000000007,2651.161865222448
0.9440000000000007,2650.9641463419016
0.9460000000000007,2650.766433498117
0.9480000000000007,2650.5687282075287
0.9500000000000007,2650.3710208805546
0.9520000000000007,2650.173209668506
0.9540000000000007,2649.975416234404
0.9560000000000007,2649.7775854668544
0.9580000000000007,2649.5796063916455
0.9600000000000007,2649.3815962031836
0.9620000000000007,2649.1834116291902
0.9640000000000007,2648.9850808386323
0.9660000000000007,2648.786598230336
0.9680000000000007,2648.5879544208233
0.9700000000000008,2648.3890509385883
0.9720000000000008,2648.1899268859715
0.9740000000000008,2647.990670380486
0.9760000000000008,2647.79105094887
0.9780000000000008,2647.591235302817
0.9800000000000008,2647.3910948559396
0.9820000000000008,2647.190753833067
0.9840000000000008,2646.9899876057107
0.9860000000000008,2646.788966922392
0.9880000000000008,2646.587566136545
0.9900000000000008,2646.3858249742543
0.9920000000000008,2646.183745742657
0.9940000000000008,2645.9812382014484
0.9960000000000008,2645.77834716022
0.9980000000000008,2645.574992079919
1.0000000000000007,2645.3712239881356
1.0020000000000007,2645.167052500437
1.0040000000000007,2644.9623920097606
1.0060000000000007,2644.757290114676
1.0080000000000007,2644.551754463648
1.0100000000000007,2644.345727619345
1.0120000000000007,2644.1393592007794
1.0140000000000007,2643.9327657398985
1.0160000000000007,2643.726030628817
1.0180000000000007,2643.5192895529535
1.0200000000000007,2643.312427194802
1.0220000000000007,2643.105486177746
1.0240000000000007,2642.8983820291487
1.0260000000000007,2642.6912475915897
1.0280000000000007,2642.4840453839274
1.0300000000000007,2642.2767851494295
1.0320000000000007,2642.069391934068
1.0340000000000007,2641.862009110736
1.0360000000000007,2641.6545979223433
1.0380000000000007,2641.447058261608
1.0400000000000007,2641.239512844798
1.0420000000000007,2641.03182271032
1.0440000000000007,2640.82401773302
1.0460000000000007,2640.616093468824
1.0480000000000007,2640.4080413595984
1.0500000000000007,2640.199850100974
1.0520000000000007,2639.9914207679594
1.0540000000000007,2639.7828781218045
1.0560000000000007,2639.5740857408546
1.0580000000000007,2639.3650759044144
1.0600000000000007,2639.155846474628
1.0620000000000007,2638.946304942994
1.0640000000000007,2638.7365801845644
1.0660000000000007,2638.5265387504105
1.0680000000000007,2638.3161288925444
1.0700000000000007,2638.105488055316
1.0720000000000007,2637.894488611266
1.0740000000000007,2637.683168350023
1.0760000000000007,2637.471442869874
1.0780000000000007,2637.2594463978785
1.0800000000000007,2637.0469633653092
1.0820000000000007,2636.8341685798823
1.0840000000000007,2636.620945406264
1.0860000000000007,2636.4073984232723
1.0880000000000007,2636.1936260485236
1.0900000000000007,2635.979707142493
1.0920000000000007,2635.7656924705125
1.0940000000000007,2635.551608489378
1.0960000000000008,2635.337464382985
1.0980000000000008,2635.123258489161
1.1000000000000008,2634.908983054634
1.1020000000000008,2634.694541355234
1.1040000000000008,2634.4800589931137
1.1060000000000008,2634.265401209944
1.1080000000000008,2634.050687165271
1.1100000000000008,2633.8357782901394
1.1120000000000008,2633.6207058769164
1.1140000000000008,2633.405382504766
1.1160000000000008,2633.190019387954
1.1180000000000008,2632.9746089672635
1.1200000000000008,2632.7591210325354
1.1220000000000008,2632.543427401283
1.1240000000000008,2632.327626709866
1.1260000000000008,2632.111566035431
1.1280000000000008,2631.8951821011815
1.1300000000000008,2631.678606168978
1.1320000000000008,2631.461709370366
1.1340000000000008,2631.2445298113125
1.1360000000000008,2631.0270706347005
1.1380000000000008,2630.8092445676652
1.1400000000000008,2630.591098550192
1.1420000000000008,2630.372641353583
1.1440000000000008,2630.15387472218
1.1460000000000008,2629.9347101515414
1.1480000000000008,2629.7151938285924
1.1500000000000008,2629.4952486897564
1.1520000000000008,2629.2750138445936
1.1540000000000008,2629.0542794270236
1.1560000000000008,2628.833223181047
1.1580000000000008,2628.611728215343
1.1600000000000008,2628.389839915002
1.1620000000000008,2628.1676031241645
1.1640000000000008,2627.9450105424653
1.1660000000000008,2627.722267853406
1.1680000000000008,2627.4993003903637
1.1700000000000008,2627.2761802794066
1.1720000000000008,2627.052930131917
1.1740000000000008,2626.829558133812
1.1760000000000008,2626.606063681629
1.1780000000000008,2626.3824411585897
1.1800000000000008,2626.158682544499
1.1820000000000008,2625.934693384616
1.1840000000000008,2625.710515943417
1.1860000000000008,2625.4862418135344
1.1880000000000008,2625.261649093295
1.1900000000000008,2625.0369072228295
1.1920000000000008,2624.811980253301
1.1940000000000008,2624.586773806306
1.1960000000000008,2624.3613301050555
1.1980000000000008,2624.1356555779184
1.2000000000000008,2623.909751040209
1.2020000000000008,2623.683528295795
1.2040000000000008,2623.4570336344523
1.2060000000000008,2623.230276183558
1.2080000000000009,2623.0032584735795
1.2100000000000009,2622.775893386992
1.2120000000000009,2622.5482280444294
1.2140000000000009,2622.320272135551
1.2160000000000009,2622.092028699439
1.2180000000000009,2621.863411231344
1.2200000000000009,2621.6344672612627
1.2220000000000009,2621.405206967435
1.2240000000000009,2621.17554868158
1.2260000000000009,2620.945546621001
1.2280000000000009,2620.7152290275617
1.2300000000000009,2620.4846183029003
1.2320000000000009,2620.253642430201
1.2340000000000009,2620.0223579661692
1.2360000000000009,2619.7907797954617
1.2380000000000009,2619.5589133235076
1.2400000000000009,2619.326698560857
1.2420000000000009,2619.094244619903
1.2440000000000009,2618.8616212485986
1.2460000000000009,2618.628875944126
1.2480000000000009,2618.396120529852
1.2500000000000009,2618.1632302246257
1.252000000000001,2617.930242523679
1.254000000000001,2617.697074231244
1.256000000000001,2617.4638585321077
1.258000000000001,2617.2305535460173
1.260000000000001,2616.9970606862958
1.262000000000001,2616.7635036372117
1.264000000000001,2616.5297504246687
1.266000000000001,2616.295836222412
1.268000000000001,2616.0617630462793
1.270000000000001,2615.827444149372
1.272000000000001,2615.5930111805137
1.274000000000001,2615.3583373814204
1.276000000000001,2615.123461005016
1.278000000000001,2614.8883859956773
1.280000000000001,2614.6531117600657
1.282000000000001,2614.4176347634893
1.284000000000001,2614.1818648061712
1.286000000000001,2613.945846787694
1.288000000000001,2613.7095894186295
1.290000000000001,2613.473095341263
1.292000000000001,2613.236278314542
1.294000000000001,2612.999185458812
1.296000000000001,2612.761826879174
1.298000000000001,2612.5242060437286
1.300000000000001,2612.286237335636
1.302000000000001,2612.0479683760173
1.304000000000001,2611.809409660975
1.306000000000001,2611.570565078329
1.308000000000001,2611.3313495168904
1.310000000000001,2611.0918109321565
1.312000000000001,2610.8519602632687
1.314000000000001,2610.6117171355727
1.316000000000001,2610.3711325406703
1.318000000000001,2610.1302191427317
1.320000000000001,2609.8890073717275
1.322000000000001,2609.647466967492
1.324000000000001,2609.405697195793
1.326000000000001,2609.16383132041
1.328000000000001,2608.9217622264387
1.330000000000001,2608.6795390506377
1.332000000000001,2608.4371715482102
1.334000000000001,2608.194577427361
1.336000000000001,2607.9518899567006
1.338000000000001,2607.708984310742
1.340000000000001,2607.465899507787
1.342000000000001,2607.222724922544
1.344000000000001,2606.979240936631
1.346000000000001,2606.735615892677
1.348000000000001,2606.4918158015676
1.350000000000001,2606.2477491635227
1.352000000000001,2606.0034596476944
1.354000000000001,2605.7589556891467
1.356000000000001,2605.5142402432593
1.358000000000001,2605.2692280727115
1.360000000000001,2605.0239669429247
1.362000000000001,2604.7785522791437
1.364000000000001,2604.5327689663864
1.366000000000001,2604.2867878950815
1.368000000000001,2604.0404926116826
1.370000000000001,2603.7939282774196
1.372000000000001,2603.547104140307
1.374000000000001,2603.300023744451
1.376000000000001,2603.0526025309046
1.378000000000001,2602.8048888067533
1.380000000000001,2602.556894243158
1.382000000000001,2602.308624081172
1.384000000000001,2602.0599949407874
1.386000000000001,2601.811055881719
1.388000000000001,2601.5618190859614
1.390000000000001,2601.3122059189436
1.392000000000001,2601.062268350676
1.394000000000001,2600.812020234973
1.396000000000001,2600.5614682309547
1.398000000000001,2600.3105299471704
1.400000000000001,2600.0592567015433
1.402000000000001,2599.807689805559
1.404000000000001,2599.5557971157136
1.406000000000001,2599.303755408439
1.408000000000001,2599.051472828159
1.410000000000001,2598.799009312377
1.412000000000001,2598.5464664819183
1.414000000000001,2598.2937171006633
1.416000000000001,2598.040715711693
1.418000000000001,2597.7876111807527
1.420000000000001,2597.5343801542895
1.422000000000001,2597.280939532897
1.424000000000001,2597.027337855292
1.426000000000001,2596.773586361982
1.428000000000001,2596.5197734580374
1.430000000000001,2596.265680207677
1.432000000000001,2596.0114732668508
1.434000000000001,2595.7571185789857
1.436000000000001,2595.50252500857
1.438000000000001,2595.247735887704
1.440000000000001,2594.9927596700218
1.442000000000001,2594.7375994715785
1.444000000000001,2594.482254703227
1.446000000000001,2594.226638581644
1.448000000000001,2593.9707974768753
1.450000000000001,2593.714887066044
1.452000000000001,2593.4588260304563
1.454000000000001,2593.2026407478947
1.456000000000001,2592.9463086562178
1.458000000000001,2592.6897204881666
1.460000000000001,2592.4329890122176
1.462000000000001,2592.1759790031297
1.464000000000001,2591.9187232526197
1.466000000000001,2591.66122439771
1.468000000000001,2591.4033990010344
1.470000000000001,2591.14529599965
1.472000000000001,2590.8869280056174
1.474000000000001,2590.6283011355767
1.476000000000001,2590.369333300545
1.478000000000001,2590.1100736997178
1.480000000000001,2589.8505349283832
1.482000000000001,2589.590723046256
1.484000000000001,2589.3305612651175
1.486000000000001,2589.0702164964005
1.488000000000001,2588.8096069013027
1.490000000000001,2588.5488050771996
1.492000000000001,2588.2878396312503
1.494000000000001,2588.0266424771107
1.496000000000001,2587.765353977075
1.498000000000001,2587.5038563147355
1.500000000000001,2587.2422752629827
1.5020000000000011,2586.980484164111
1.5040000000000011,2586.7185202424184
1.5060000000000011,2586.4563882992165
1.5080000000000011,2586.1940058708706
1.5100000000000011,2585.931505457593
1.5120000000000011,2585.668765723906
1.5140000000000011,2585.405827417228
1.5160000000000011,2585.1426975823947
1.5180000000000011,2584.879378908929
1.5200000000000011,2584.6158710603213
1.5220000000000011,2584.3520884012755
1.5240000000000011,2584.088077885715
1.5260000000000011,2583.823851002112
1.5280000000000011,2583.5594133775517
1.5300000000000011,2583.294682969472
1.5320000000000011,2583.029792286886
1.5340000000000011,2582.7646205634924
1.5360000000000011,2582.4992088918507
1.5380000000000011,2582.2334814807723
1.5400000000000011,2581.9675751025393
1.5420000000000011,2581.701371770029
1.5440000000000011,2581.4349143430513
1.5460000000000012,2581.168211435929
1.5480000000000012,2580.901183573416
1.5500000000000012,2580.6339648266853
1.5520000000000012,2580.366435861676
1.5540000000000012,2580.0985553164064
1.5560000000000012,2579.8304648264593
1.5580000000000012,2579.5620501375406
1.5600000000000012,2579.293356323
1.5620000000000012,2579.0243935131675
1.5640000000000012,2578.7550832993365
1.5660000000000012,2578.4855602665325
1.5680000000000012,2578.2157060801046
1.5700000000000012,2577.945497027667
1.5720000000000012,2577.675108015183
1.5740000000000012,2577.4045389010453
1.5760000000000012,2577.1337241754363
1.5780000000000012,2576.862722969969
1.5800000000000012,2576.591553835271
1.5820000000000012,2576.3202259753034
1.5840000000000012,2576.0487425663846
1.5860000000000012,2575.777103173284
1.5880000000000012,2575.5052222554746
1.5900000000000012,2575.2331463276887
1.5920000000000012,2574.960886766547
1.5940000000000012,2574.6884492775657
1.5960000000000012,2574.415835514476
1.5980000000000012,2574.1430447506855
1.6000000000000012,2573.8699959871133
1.6020000000000012,2573.5967444613643
1.6040000000000012,2573.323309741924
1.6060000000000012,2573.049703398386
1.6080000000000012,2572.7759308033064
1.6100000000000012,2572.5019100755753
1.6120000000000012,2572.2277725696254
1.6140000000000012,2571.9533978950167
1.6160000000000012,2571.6788266298
1.6180000000000012,2571.4040660674136
1.6200000000000012,2571.129119293658
1.6220000000000012,2570.8539034708047
1.6240000000000012,2570.5784665535157
1.6260000000000012,2570.3028209449203
1.6280000000000012,2570.026972853837
1.6300000000000012,2569.750924348364
1.6320000000000012,2569.4746749198375
1.6340000000000012,2569.1981396754995
1.6360000000000012,2568.9213654518494
1.6380000000000012,2568.644364236683
1.6400000000000012,2568.3670593687298
1.6420000000000012,2568.0895854974287
1.6440000000000012,2567.8118249896725
1.6460000000000012,2567.533820052707
1.6480000000000012,2567.255579306352
1.6500000000000012,2566.9770240187663
1.6520000000000012,2566.6982047628976
1.6540000000000012,2566.4191357117484
1.6560000000000012,2566.1398310979794
1.6580000000000013,2565.860319716034
1.6600000000000013,2565.5805471561034
1.6620000000000013,2565.3006662929306
1.6640000000000013,2565.020572407492
1.6660000000000013,2564.7403153666514
1.6680000000000013,2564.459907801267
1.6700000000000013,2564.179355592356
1.6720000000000013,2563.898660106198
1.6740000000000013,2563.6177375357693
1.6760000000000013,2563.3367174269456
1.6780000000000013,2563.055479572353
1.6800000000000013,2562.7740643225616
1.6820000000000013,2562.4924792472616
1.6840000000000013,2562.210727772908
1.6860000000000013,2561.9288105219553
1.6880000000000013,2561.646643695385
1.6900000000000013,2561.3642744410727
1.6920000000000013,2561.0817150038174
1.6940000000000013,2560.7989718735535
1.6960000000000013,2560.51604743892
1.6980000000000013,2560.232859007864
1.7000000000000013,2559.9495368977086
1.7020000000000013,2559.665961994803
1.7040000000000013,2559.382175364857
1.7060000000000013,2559.098102721728
1.7080000000000013,2558.8138798758155
1.7100000000000013,2558.529391315973
1.7120000000000013,2558.2446800732396
1.7140000000000013,2557.9597554674365
1.7160000000000013,2557.674622245562
1.7180000000000013,2557.3892820129545
1.7200000000000013,2557.1036519618274
1.7220000000000013,2556.817779883024
1.7240000000000013,2556.5316787770234
1.7260000000000013,2556.245273392292
1.7280000000000013,2555.9586983806917
1.7300000000000013,2555.671837717094
1.7320000000000013,2555.3847341288074
1.7340000000000013,2555.097396958077
1.7360000000000013,2554.809748714779
1.7380000000000013,2554.521922696147
1.7400000000000013,2554.2338024001588
1.7420000000000013,2553.9453479217204
1.7440000000000013,2553.6567020511006
1.7460000000000013,2553.367855620021
1.7480000000000013,2553.0787476314213
1.7500000000000013,2552.789443530504
1.7520000000000013,2552.49996858376
1.7540000000000013,2552.2103374530698
1.7560000000000013,2551.9205573080876
1.7580000000000013,2551.6305482226167
1.7600000000000013,2551.3404410372045
1.7620000000000013,2551.0501175972327
1.7640000000000013,2550.759618831256
1.7660000000000013,2550.4689529195057
1.7680000000000013,2550.1781238790813
1.7700000000000014,2549.8871329080507
1.7720000000000014,2549.5959718996455
1.7740000000000014,2549.3048041982142
1.7760000000000014,2549.013580893435
1.7780000000000014,2548.722190453383
1.7800000000000014,2548.430657090728
1.7820000000000014,2548.1389774847166
1.7840000000000014,2547.8471484627507
1.7860000000000014,2547.555166983901
1.7880000000000014,2547.263030224216
1.7900000000000014,2546.970653287144
1.7920000000000014,2546.6780822592577
1.7940000000000014,2546.385329337714
1.7960000000000014,2546.092401190314
1.7980000000000014,2545.799300611831
1.8000000000000014,2545.5059458595833
1.8020000000000014,2545.212466596387
1.8040000000000014,2544.918744967699
1.8060000000000014,2544.624821980887
1.8080000000000014,2544.3307061404703
1.8100000000000014,2544.0363198707914
1.8120000000000014,2543.7417953422278
1.8140000000000014,2543.447016485683
1.8160000000000014,2543.152025205037
1.8180000000000014,2542.8568305391677
1.8200000000000014,2542.5613552956097
1.8220000000000014,2542.2657318435868
1.8240000000000014,2541.9698443437915
1.8260000000000014,2541.6737348664883
1.8280000000000014,2541.377412615585
1.8300000000000014,2541.080882539699
1.8320000000000014,2540.784064724584
1.8340000000000014,2540.487009313562
1.8360000000000014,2540.189745773108
1.8380000000000014,2539.892303241349
1.8400000000000014,2539.5947032516015
1.8420000000000014,2539.2968775685763
1.8440000000000014,2538.9989637459003
1.8460000000000014,2538.7008490223884
1.8480000000000014,2538.4026583670366
1.8500000000000014,2538.10427099521
1.8520000000000014,2537.8057252728527
1.8540000000000014,2537.506946389559
1.8560000000000014,2537.2080679520336
1.8580000000000014,2536.9090572022683
1.8600000000000014,2536.6098263226986
1.8620000000000014,2536.310418361874
1.8640000000000014,2536.0108435678844
1.8660000000000014,2535.711107569299
1.8680000000000014,2535.4112127321714
1.8700000000000014,2535.1110775620223
1.8720000000000014,2534.810749518345
1.8740000000000014,2534.5103233183786
1.8760000000000014,2534.2096763043696
1.8780000000000014,2533.908763811827
1.8800000000000014,2533.607722087219
1.8820000000000014,2533.306520770835
1.8840000000000015,2533.0050739262697
1.8860000000000015,2532.7034256930783
1.8880000000000015,2532.4015872859854
1.8900000000000015,2532.0995649319293
1.8920000000000015,2531.797279984077
1.8940000000000015,2531.494862975445
1.8960000000000015,2531.1921982436525
1.8980000000000015,2530.889327422285
1.9000000000000015,2530.5862597850933
1.9020000000000015,2530.2829189448476
1.9040000000000015,2529.97943688215
1.9060000000000015,2529.675698960154
1.9080000000000015,2529.371747447904
1.9100000000000015,2529.0675919500713
1.9120000000000015,2528.763156405919
1.9140000000000015,2528.4585728631
1.9160000000000015,2528.153726983009
1.9180000000000015,2527.848661006096
1.9200000000000015,2527.543384725212
1.9220000000000015,2527.2378222370944
1.9240000000000015,2526.9321055974024
1.9260000000000015,2526.626122037612
1.9280000000000015,2526.3199281285074
1.9300000000000015,2526.0135520789445
1.9320000000000015,2525.7070147696054
1.9340000000000015,2525.400248002132
1.9360000000000015,2525.093388360282
1.9380000000000015,2524.786324126788
1.9400000000000015,2524.479179814893
1.9420000000000015,2524.1718359312717
1.9440000000000015,2523.864331088422
1.9460000000000015,2523.556591385977
1.9480000000000015,2523.248750191239
1.9500000000000015,2522.94069693279
1.9520000000000015,2522.632559988933
1.9540000000000015,2522.324224058397
1.9560000000000015,2522.0157307512204
1.9580000000000015,2521.7070894263393
1.9600000000000015,2521.398305195156
1.9620000000000015,2521.089298904991
1.9640000000000015,2520.7801997564566
1.9660000000000015,2520.4708922391237
1.9680000000000015,2520.1614172990535
1.9700000000000015,2519.8517837848367
1.9720000000000015,2519.5419964409825
1.9740000000000015,2519.232057159092
1.9760000000000015,2518.921884989648
1.9780000000000015,2518.6116079295107
1.9800000000000015,2518.30111021519
1.9820000000000015,2517.990432664742
1.9840000000000015,2517.679584251539
1.9860000000000015,2517.3684888577277
1.9880000000000015,2517.057277516473
1.9900000000000015,2516.7458362573075
1.9920000000000015,2516.4342068732276
1.9940000000000015,2516.122398796483
1.9960000000000016,2515.8104172994645
1.9980000000000016,2515.4982646974604
2.0000000000000013,2515.1858605035036
2.002000000000001,2514.8732519561063
2.004000000000001,2514.560452570664
2.0060000000000007,2514.247470170093
2.0080000000000005,2513.934308699701
2.0100000000000002,2513.6209695336547
2.012,2513.3073717837656
2.014,2512.9935623872816
2.0159999999999996,2512.6795547854394
2.0179999999999993,2512.3653568785517
2.019999999999999,2512.0509754873674
2.021999999999999,2511.73634513989
2.0239999999999987,2511.4215293094476
2.0259999999999985,2511.106635212731
2.0279999999999982,2510.7915509447544
2.029999999999998,2510.476318735552
2.031999999999998,2510.160867288817
2.0339999999999976,2509.8453299660346
2.0359999999999974,2509.5296756218872
2.037999999999997,2509.2138182403723
2.039999999999997,2508.8978006562784
2.0419999999999967,2508.5816334255355
2.0439999999999965,2508.265322607974
2.0459999999999963,2507.948871034288
2.047999999999996,2507.6322793880013
2.049999999999996,2507.3154665247184
2.0519999999999956,2506.9985595551625
2.0539999999999954,2506.681443358279
2.055999999999995,2506.364158594742
2.057999999999995,2506.0467143898377
2.0599999999999947,2505.729035259247
2.0619999999999945,2505.411251691088
2.0639999999999943,2505.093250661508
2.065999999999994,2504.7751544734347
2.067999999999994,2504.4568447146576
2.0699999999999936,2504.138359780734
2.0719999999999934,2503.8196269999835
2.073999999999993,2503.5007788956445
2.075999999999993,2503.181704141759
2.0779999999999927,2502.8624454109786
2.0799999999999925,2502.5431811469634
2.0819999999999923,2502.2238095536272
2.083999999999992,2501.9043490336717
2.085999999999992,2501.584779584736
2.0879999999999916,2501.2650815004276
2.0899999999999914,2500.9452393619686
2.091999999999991,2500.6251620091075
2.093999999999991,2500.3049702581047
2.0959999999999908,2499.9845464836494
2.0979999999999905,2499.663849613896
2.0999999999999903,2499.3430162621407
2.10199999999999,2499.022018981616
2.10399999999999,2498.700774984383
2.1059999999999897,2498.379328860455
2.1079999999999894,2498.0576926833537
2.109999999999989,2497.735873679215
2.111999999999989,2497.413875638491
2.1139999999999888,2497.0916198391737
2.1159999999999886,2496.7691599437144
2.1179999999999883,2496.4466051904365
2.119999999999988,2496.123852662298
2.121999999999988,2495.800872137617
2.1239999999999877,2495.477806835008
2.1259999999999875,2495.1546332825715
2.1279999999999872,2494.8312705045337
2.129999999999987,2494.5078437211846
2.131999999999987,2494.184237279202
2.1339999999999866,2493.8604904909535
2.1359999999999864,2493.5366116059704
2.137999999999986,2493.212605218927
2.139999999999986,2492.8884732516653
2.1419999999999857,2492.564215996043
2.1439999999999855,2492.2397525876772
2.1459999999999853,2491.9151289548386
2.147999999999985,2491.5904382037634
2.149999999999985,2491.2655607812094
2.1519999999999846,2490.9404530365
2.1539999999999844,2490.6152487188338
2.155999999999984,2490.2899189230675
2.157999999999984,2489.964379923613
2.1599999999999837,2489.638755288048
2.1619999999999835,2489.3129292871467
2.1639999999999833,2488.986941208625
2.165999999999983,2488.6607997064775
2.167999999999983,2488.3344296696946
2.1699999999999826,2488.007960592653
2.1719999999999824,2487.6812805419554
2.173999999999982,2487.3544310003367
2.175999999999982,2487.027501811545
2.1779999999999817,2486.7002916499396
2.1799999999999815,2486.372962746123
2.1819999999999813,2486.045488684519
2.183999999999981,2485.717787939369
2.185999999999981,2485.3899053851733
2.1879999999999806,2485.0619333784834
2.1899999999999804,2484.7336725768955
2.19199999999998,2484.40528616722
2.19399999999998,2484.0767484631237
2.1959999999999797,2483.747978398415
2.1979999999999795,2483.4190210383854
2.1999999999999793,2483.0899688504023
2.201999999999979,2482.7607026772043
2.203999999999979,2482.4311791148675
2.2059999999999786,2482.1015317830775
2.2079999999999784,2481.7716525413216
2.209999999999978,2481.441585096836
2.211999999999978,2481.111421672998
2.2139999999999778,2480.780972497414
2.2159999999999775,2480.4504120074744
2.2179999999999773,2480.1197240884567
2.219999999999977,2479.7888344319667
2.221999999999977,2479.457871822854
2.2239999999999767,2479.1267244631217
2.2259999999999764,2478.7954332724835
2.227999999999976,2478.464007621854
2.229999999999976,2478.1324528369623
2.231999999999976,2477.8007714082373
2.2339999999999756,2477.468964044764
2.2359999999999753,2477.136950753682
2.237999999999975,2476.804777361122
2.239999999999975,2476.4725367208976
2.2419999999999747,2476.14011048005
2.2439999999999745,2475.807455467416
2.2459999999999742,2475.474704803703
2.247999999999974,2475.1418302341026
2.249999999999974,2474.8087488880124
2.2519999999999736,2474.4755837655684
2.2539999999999734,2474.1422202718895
2.255999999999973,2473.808697697421
2.257999999999973,2473.4750248185355
2.2599999999999727,2473.141127384896
2.2619999999999725,2472.8071342137773
2.2639999999999723,2472.472934475742
2.265999999999972,2472.1385695810386
2.267999999999972,2471.804129048278
2.2699999999999716,2471.4694131969873
2.2719999999999714,2471.134583279928
2.273999999999971,2470.7996133939228
2.275999999999971,2470.4644227764747
2.2779999999999707,2470.129135634997
2.2799999999999705,2469.7936386458405
2.2819999999999703,2469.4579722156236
2.28399999999997,2469.122148081684
2.28599999999997,2468.7860952093115
2.2879999999999696,2468.449944517945
2.2899999999999694,2468.113587086653
2.291999999999969,2467.777065156416
2.293999999999969,2467.440389218316
2.2959999999999687,2467.1035653659133
2.2979999999999685,2466.766596626179
2.2999999999999683,2466.4294841626966
2.301999999999968,2466.0921486794086
2.303999999999968,2465.7547153598766
2.3059999999999676,2465.4170720043103
2.3079999999999674,2465.0792590077463
2.309999999999967,2464.7412070664714
2.311999999999967,2464.403053999464
2.3139999999999668,2464.0647810418263
2.3159999999999665,2463.726314113393
2.3179999999999663,2463.3877024993094
2.319999999999966,2463.0490409604854
2.321999999999966,2462.7102132206073
2.3239999999999656,2462.3712561033103
2.3259999999999654,2462.03217662628
2.327999999999965,2461.692899629356
2.329999999999965,2461.35355240237
2.3319999999999648,2461.0140241631398
2.3339999999999645,2460.67443474876
2.3359999999999643,2460.3346684417575
2.337999999999964,2459.9947628250966
2.339999999999964,2459.654725759829
2.3419999999999637,2459.3144828031354
2.3439999999999634,2458.9741616509573
2.3459999999999632,2458.633731078855
2.347999999999963,2458.29310679427
2.349999999999963,2457.952330568979
2.3519999999999626,2457.6114132709545
2.3539999999999623,2457.270361565287
2.355999999999962,2456.9291789700123
2.357999999999962,2456.587867003756
2.3599999999999617,2456.246346901919
2.3619999999999615,2455.9046643912793
2.3639999999999612,2455.562911922863
2.365999999999961,2455.220972676429
2.367999999999961,2454.878882982157
2.3699999999999606,2454.536570943396
2.3719999999999604,2454.194165891425
2.37399999999996,2453.8517324316285
2.37599999999996,2453.509278804857
2.3779999999999597,2453.1667030774747
2.3799999999999595,2452.8241013035104
2.3819999999999593,2452.481338079082
2.383999999999959,2452.1384364452565
2.385999999999959,2451.795394972542
2.3879999999999586,2451.452213091143
2.3899999999999584,2451.108890462067
2.391999999999958,2450.7653479478095
2.393999999999958,2450.4217099679213
2.3959999999999577,2450.077865508151
2.3979999999999575,2449.733854928489
2.3999999999999573,2449.3896881073556
2.401999999999957,2449.045292292072
2.403999999999957,2448.70079548255
2.4059999999999566,2448.3560886816636
2.4079999999999564,2448.0112918581044
2.409999999999956,2447.666290917484
2.411999999999956,2447.321128834927
2.4139999999999557,2446.9758228835162
2.4159999999999555,2446.6303076368567
2.4179999999999553,2446.28471639593
2.419999999999955,2445.938943876593
2.421999999999955,2445.593111989684
2.4239999999999546,2445.2471074520963
2.4259999999999544,2444.9009684845932
2.427999999999954,2444.554703355983
2.429999999999954,2444.2083170374217
2.4319999999999538,2443.8618120495044
2.4339999999999535,2443.5151107838124
2.4359999999999533,2443.1682589380725
2.437999999999953,2442.821348750606
2.439999999999953,2442.4742642349765
2.4419999999999527,2442.12704153685
2.4439999999999524,2441.7796887475192
2.445999999999952,2441.4322123417815
2.447999999999952,2441.0845380956744
2.4499999999999518,2440.7367925901794
2.4519999999999516,2440.3888667857077
2.4539999999999513,2440.04080135193
2.455999999999951,2439.6926062456823
2.457999999999951,2439.3442873863846
2.4599999999999507,2438.9958477732775
2.4619999999999505,2438.647288584816
2.4639999999999502,2438.2986099441946
2.46599999999995,2437.949732941998
2.46799999999995,2437.6007024856185
2.4699999999999496,2437.2515317773405
2.4719999999999493,2436.90222904354
2.473999999999949,2436.5527987072746
2.475999999999949,2436.20324291811
2.4779999999999487,2435.8535622570853
2.4799999999999485,2435.5036782304924
2.4819999999999482,2435.153635799014
2.483999999999948,2434.803526678948
2.485999999999948,2434.4532353297677
2.4879999999999476,2434.1027194322987
2.4899999999999474,2433.752109969299
2.491999999999947,2433.4013799551353
2.493999999999947,2433.0504484586654
2.4959999999999467,2432.6993582321556
2.4979999999999465,2432.348199367761
2.4999999999999463,2431.9968554654315
2.501999999999946,2431.645283693421
2.503999999999946,2431.2936146660536
2.5059999999999456,2430.9418213428135
2.5079999999999454,2430.589822863591
2.509999999999945,2430.2376620545406
2.511999999999945,2429.885429358888
2.5139999999999447,2429.533013775201
2.5159999999999445,2429.180380452763
2.5179999999999443,2428.8276666568336
2.519999999999944,2428.474850371438
2.521999999999944,2428.121853960182
2.5239999999999436,2427.7687999999257
2.5259999999999434,2427.4155776593807
2.527999999999943,2427.06222582853
2.529999999999943,2426.7087535111186
2.5319999999999427,2426.3551661221495
2.5339999999999425,2426.001466489226
2.5359999999999423,2425.647577639558
2.537999999999942,2425.2936230826126
2.539999999999942,2424.939493115464
2.5419999999999416,2424.5852273804326
2.5439999999999414,2424.230913455021
2.545999999999941,2423.8764338775977
2.547999999999941,2423.5217449682173
2.5499999999999408,2423.1669762261595
2.5519999999999405,2422.812100432004
2.5539999999999403,2422.457036780188
2.55599999999994,2422.101827684963
2.55799999999994,2421.746562813221
2.5599999999999397,2421.3911262940187
2.5619999999999394,2421.035553330681
2.563999999999939,2420.679772843056
2.565999999999939,2420.3239122134837
2.5679999999999388,2419.9678647080827
2.5699999999999386,2419.6117494280966
2.5719999999999383,2419.2554539041407
2.573999999999938,2418.899015653043
2.575999999999938,2418.5424430619746
2.5779999999999377,2418.185741374691
2.5799999999999375,2417.8289135152036
2.5819999999999372,2417.4718830766124
2.583999999999937,2417.1146954888395
2.585999999999937,2416.757442513524
2.5879999999999366,2416.4000099230425
2.5899999999999364,2416.042433672371
2.591999999999936,2415.6847211221193
2.593999999999936,2415.326799127537
2.5959999999999357,2414.9687930036334
2.5979999999999355,2414.610595167397
2.5999999999999353,2414.252246027649
2.601999999999935,2413.8937562851784
2.603999999999935,2413.535133833888
2.6059999999999346,2413.176383841097
2.6079999999999344,2412.817509303872
2.609999999999934,2412.458433985365
2.611999999999934,2412.0992809621557
2.6139999999999337,2411.7399415448413
2.6159999999999335,2411.380456747692
2.6179999999999333,2411.020842308828
2.619999999999933,2410.6611109776823
2.621999999999933,2410.3012714226106
2.6239999999999326,2409.941251155781
2.6259999999999324,2409.5811753040252
2.627999999999932,2409.2209363120496
2.629999999999932,2408.8606517460985
2.6319999999999317,2408.5002089786653
2.6339999999999315,2408.1396447549237
2.6359999999999313,2407.778967047221
2.637999999999931,2407.4181807429895
2.639999999999931,2407.05728847671
2.6419999999999306,2406.6962138187723
2.6439999999999304,2406.3350792543442
2.64599999999993,2405.9737760540124
2.64799999999993,2405.6123435451036
2.6499999999999297,2405.250791270473
2.6519999999999295,2404.8891250772576
2.6539999999999293,2404.5274150796536
2.655999999999929,2404.1656971447674
2.657999999999929,2403.804038886795
2.6599999999999286,2403.442217000712
2.6619999999999284,2403.080360951103
2.663999999999928,2402.7184264059324
2.665999999999928,2402.3563219865905
2.6679999999999278,2401.994160364047
2.6699999999999275,2401.6318275954923
2.6719999999999273,2401.269360022397
2.673999999999927,2400.906765834539
2.675999999999927,2400.544050481571
2.6779999999999267,2400.1812170920834
2.6799999999999264,2399.818189921163
2.681999999999926,2399.4550141121836
2.683999999999926,2399.0917179128814
2.685999999999926,2398.728290830495
2.6879999999999256,2398.3647367764524
2.6899999999999253,2398.001061151728
2.691999999999925,2397.6372664518235
2.693999999999925,2397.2732764598586
2.6959999999999247,2396.9092130394242
2.6979999999999245,2396.5449680034676
2.6999999999999242,2396.180580518744
2.701999999999924,2395.8160603043184
2.703999999999924,2395.45141342325
2.7059999999999236,2395.0866432542343
2.7079999999999234,2394.721674341562
2.709999999999923,2394.3566289007595
2.711999999999923,2393.9913992080865
2.7139999999999227,2393.6261017741795
2.7159999999999225,2393.2606248975144
2.7179999999999223,2392.895005372255
2.719999999999922,2392.5291748121854
2.721999999999922,2392.1632641655765
2.7239999999999216,2391.797251859035
2.7259999999999214,2391.431062678389
2.727999999999921,2391.0647416690763
2.729999999999921,2390.698379680032
2.7319999999999207,2390.3318638498895
2.7339999999999205,2389.965229502072
2.7359999999999203,2389.598406732368
2.73799999999992,2389.2315212806716
2.73999999999992,2388.8645450268295
2.7419999999999196,2388.4973971736763
2.7439999999999194,2388.1301956130346
2.745999999999919,2387.7628302616595
2.747999999999919,2387.3952009105906
2.7499999999999187,2387.027574981175
2.7519999999999185,2386.659844352311
2.7539999999999183,2386.2920096167054
2.755999999999918,2385.9239934571137
2.757999999999918,2385.555916824577
2.7599999999999176,2385.1876729241303
2.7619999999999174,2384.8193017323606
2.763999999999917,2384.4508137323737
2.765999999999917,2384.0822155544365
2.7679999999999167,2383.713510835988
2.7699999999999165,2383.3447013280434
2.7719999999999163,2382.975787609112
2.773999999999916,2382.606692812214
2.775999999999916,2382.2375375088027
2.7779999999999156,2381.8682139898538
2.7799999999999154,2381.4987610038374
2.781999999999915,2381.129188119277
2.783999999999915,2380.7595013437594
2.7859999999999148,2380.389627203111
2.7879999999999145,2380.0196881504376
2.7899999999999143,2379.6496543946837
2.791999999999914,2379.2794443116263
2.793999999999914,2378.9090980803203
2.7959999999999137,2378.538626582204
2.7979999999999134,2378.168036813803
2.7999999999999132,2377.797332771248
2.801999999999913,2377.426516522412
2.803999999999913,2377.055512224487
2.8059999999999126,2376.684440677931
2.8079999999999123,2376.3131947722622
2.809999999999912,2375.941590830445
2.811999999999912,2375.570054245647
2.8139999999999117,2375.19841048586
2.8159999999999115,2374.82665861259
2.8179999999999112,2374.4547970378458
2.819999999999911,2374.0827476247414
2.821999999999911,2373.710629677447
2.8239999999999106,2373.3383355131728
2.8259999999999104,2372.9659037443757
2.82799999999991,2372.5933473614655
2.82999999999991,2372.220677576483
2.8319999999999097,2371.8479024258127
2.8339999999999095,2371.474950434462
2.8359999999999093,2371.1019448038624
2.837999999999909,2370.728780120821
2.839999999999909,2370.3554958114205
2.8419999999999086,2369.9821782586628
2.8439999999999084,2369.6087132434227
2.845999999999908,2369.235134235624
2.847999999999908,2368.8614475002687
2.8499999999999077,2368.4875806905816
2.8519999999999075,2368.113656317902
2.8539999999999073,2367.739568927095
2.855999999999907,2367.3654342382943
2.857999999999907,2366.991142092169
2.8599999999999066,2366.6167288318316
2.8619999999999064,2366.2422026759014
2.863999999999906,2365.8675688493913
2.865999999999906,2365.4928303403417
2.8679999999999057,2365.1179122729814
2.8699999999999055,2364.7429352150975
2.8719999999999053,2364.3677927637696
2.873999999999905,2363.992523636354
2.875999999999905,2363.617137485507
2.8779999999999046,2363.241640432165
2.8799999999999044,2362.8660358543793
2.881999999999904,2362.4903254566016
2.883999999999904,2362.114509859179
2.8859999999999038,2361.738512889058
2.8879999999999035,2361.362377978919
2.8899999999999033,2360.986194683667
2.891999999999903,2360.609851666434
2.893999999999903,2360.2333838235695
2.8959999999999027,2359.856798482147
2.8979999999999024,2359.4800241782923
2.899999999999902,2359.103183366217
2.901999999999902,2358.726171290875
2.9039999999999018,2358.3491034729986
2.9059999999999016,2357.9718703831986
2.9079999999999013,2357.5945082395065
2.909999999999901,2357.2170254756657
2.911999999999901,2356.8394282749823
2.9139999999999007,2356.461644835423
2.9159999999999004,2356.0837973816524
2.9179999999999002,2355.7057813836464
2.9199999999999,2355.3277122231325
2.9219999999999,2354.9495491601892
2.9239999999998996,2354.5714357015613
2.9259999999998993,2354.193250070437
2.927999999999899,2353.8150043971154
2.929999999999899,2353.4366840195153
2.9319999999998987,2353.05827675348
2.9339999999998985,2352.6797742950416
2.9359999999998982,2352.3011745921476
2.937999999999898,2351.92247859373
2.939999999999898,2351.5436120288914
2.9419999999998976,2351.1646196469837
2.9439999999998974,2350.785591893062
2.945999999999897,2350.406418787184
2.947999999999897,2350.0271354199936
2.9499999999998967,2349.647749252904
2.9519999999998965,2349.2682649181834
2.9539999999998963,2348.8886091133145
2.955999999999896,2348.5089022224524
2.957999999999896,2348.129039040173
2.9599999999998956,2347.7491338649484
2.9619999999998954,2347.36907726261
2.963999999999895,2346.9889049880353
2.965999999999895,2346.608625129237
2.9679999999998947,2346.228242896985
2.9699999999998945,2345.8477612023776
2.9719999999998943,2345.4671057574387
2.973999999999894,2345.0863961093337
2.975999999999894,2344.7055268452195
2.9779999999998936,2344.3245362299426
2.9799999999998934,2343.94350965074
2.981999999999893,2343.5623342519275
2.983999999999893,2343.1810430844307
2.9859999999998927,2342.7995668380468
2.9879999999998925,2342.418028599708
2.9899999999998923,2342.036401235478
2.991999999999892,2341.654605622999
2.993999999999892,2341.272681845043
2.9959999999998916,2340.890641128091
2.9979999999998914,2340.5084907505234
2.999999999999891,2340.1262349387493
3.001999999999891,2339.743875903587
3.0039999999998908,2339.3614146007185
3.0059999999998905,2338.9787756910778
3.0079999999998903,2338.5960778222675
3.00999999999989,2338.2132155605004
3.01199999999989,2337.830226987562
3.0139999999998897,2337.447121801309
3.0159999999998894,2337.063906199027
3.017999999999889,2336.680583695635
3.019999999999889,2336.2971561551626
3.0219999999998888,2335.9135488218594
3.0239999999998886,2335.5298804691097
3.0259999999998883,2335.146046002285
3.027999999999888,2334.7620835534144
3.029999999999888,2334.3780028452265
3.0319999999998877,2333.993810082792
3.0339999999998875,2333.609508887419
3.0359999999998872,2333.225101104702
3.037999999999887,2332.8405121371984
3.039999999999887,2332.4557852072953
3.0419999999998866,2332.0710093129233
3.0439999999998864,2331.6860770908665
3.045999999999886,2331.3010268937423
3.047999999999886,2330.915869571025
3.0499999999998857,2330.530612461448
3.0519999999998855,2330.145184601029
3.0539999999998853,2329.7597066760163
3.055999999999885,2329.374074986872
3.057999999999885,2328.988403361452
3.0599999999998846,2328.602583478105
3.0619999999998844,2328.2166512273734
3.063999999999884,2327.830615634462
3.065999999999884,2327.444482847584
3.0679999999998837,2327.0582565322693
3.0699999999998835,2326.6718633765
3.0719999999998833,2326.2854222842316
3.073999999999883,2325.898828873684
3.075999999999883,2325.5121963269125
3.0779999999998826,2325.125416223775
3.0799999999998824,2324.7385238851916
3.081999999999882,2324.351527358415
3.083999999999882,2323.9644318533033
3.0859999999998817,2323.5772403530846
3.0879999999998815,2323.18987918843
3.0899999999998813,2322.802466854563
3.091999999999881,2322.4148990292024
3.093999999999881,2322.0272135335345
3.0959999999998806,2321.6394199834454
3.0979999999998804,2321.2515996156903
3.09999999999988,2320.8635629880887
3.10199999999988,2320.475458808606
3.1039999999998797,2320.087263238052
3.1059999999998795,2319.6989002028367
3.1079999999998793,2319.3104860939798
3.109999999999879,2318.9219154800144
3.111999999999879,2318.533225355065
3.1139999999998786,2318.1444249637393
3.1159999999998784,2317.755520183138
3.117999999999878,2317.3665144667666
3.119999999999878,2316.9774095750786
3.1219999999998778,2316.588131216244
3.1239999999998775,2316.1987971849
3.1259999999998773,2315.809303282722
3.127999999999877,2315.4196872233106
3.129999999999877,2315.0300336072623
3.1319999999998767,2314.6402311731426
3.1339999999998764,2314.2502375799613
3.135999999999876,2313.860176810199
3.137999999999876,2313.4700241197997
3.139999999999876,2313.079702645761
3.1419999999998756,2312.689252773964
3.1439999999998753,2312.298761203371
3.145999999999875,2311.908118086739
3.147999999999875,2311.51735695826
3.1499999999998747,2311.1264847914426
3.1519999999998745,2310.7354314715676
3.1539999999998742,2310.344319193508
3.155999999999874,2309.953048957904
3.157999999999874,2309.5617370479436
3.1599999999998736,2309.1702785379043
3.1619999999998734,2308.778710188705
3.163999999999873,2308.3870411018625
3.165999999999873,2307.995277050593
3.1679999999998727,2307.603421310623
3.1699999999998725,2307.2114755727926
3.1719999999998723,2306.819365704722
3.173999999999872,2306.4272088972775
3.175999999999872,2306.034901249218
3.1779999999998716,2305.642624873956
3.1799999999998714,2305.250300766883
3.181999999999871,2304.8580276155335
3.183999999999871,2304.4656738661342
3.1859999999998707,2304.0732518051873
3.1879999999998705,2303.680752176975
3.1899999999998703,2303.288168475719
3.19199999999987,2302.895496524382
3.19399999999987,2302.5027338246587
3.1959999999998696,2302.1098789366
3.1979999999998694,2301.716856423788
3.199999999999869,2301.3237079899973
3.201999999999869,2300.9305213659004
3.2039999999998687,2300.537188318406
3.2059999999998685,2300.143742790887
3.2079999999998683,2299.7501921064095
3.209999999999868,2299.3564666701595
3.211999999999868,2298.962686730675
3.2139999999998676,2298.568825731403
3.2159999999998674,2298.1748057984905
3.217999999999867,2297.7806661887294
3.219999999999867,2297.386418043592
3.2219999999998667,2296.9921431041244
3.2239999999998665,2296.59765452063
3.2259999999998663,2296.20309993216
3.227999999999866,2295.8084561449855
3.229999999999866,2295.413722391844
3.2319999999998656,2295.0188230583663
3.2339999999998654,2294.6237990701716
3.235999999999865,2294.2287373227573
3.237999999999865,2293.83353245455
3.2399999999998648,2293.4382384436594
3.2419999999998645,2293.0428068819274
3.2439999999998643,2292.647201359638
3.245999999999864,2292.2515411406393
3.247999999999864,2291.8557243851556
3.2499999999998637,2291.459863220145
3.2519999999998634,2291.0638511067095
3.2539999999998632,2290.667722850448
3.255999999999863,2290.2714865560174
3.257999999999863,2289.8751475229715
3.2599999999998626,2289.4787089357123
3.2619999999998623,2289.082098199875
3.263999999999862,2288.685433184445
3.265999999999862,2288.2886139342445
3.2679999999998617,2287.891754932803
3.2699999999998615,2287.494751971664
3.2719999999998612,2287.0976414005117
3.273999999999861,2286.7004322983194
3.275999999999861,2286.3031304877986
3.2779999999998606,2285.9057393602407
3.2799999999998604,2285.508186397847
3.28199999999986,2285.1105884210997
3.28399999999986,2284.7128428358283
3.2859999999998597,2284.3149868407277
3.2879999999998595,2283.917104190843
3.2899999999998593,2283.519084975014
3.291999999999859,2283.1209612218527
3.293999999999859,2282.7226651121787
3.2959999999998586,2282.3243167859755
3.2979999999998584,2281.9258902818196
3.299999999999858,2281.527308249362
3.301999999999858,2281.12868373415
3.3039999999998577,2280.7299118735423
3.3059999999998575,2280.331028388224
3.3079999999998573,2279.9320420389568
3.309999999999857,2279.5329585481263
3.311999999999857,2279.1337812969577
3.3139999999998566,2278.734438049397
3.3159999999998564,2278.33504533026
3.317999999999856,2277.9355009206834
3.319999999999856,2277.535915986322
3.3219999999998557,2277.136184449494
3.3239999999998555,2276.736340915041
3.3259999999998553,2276.3363934891136
3.327999999999855,2275.9363475265286
3.329999999999855,2275.5362061954206
3.3319999999998546,2275.1358972867183
3.3339999999998544,2274.735537164667
3.335999999999854,2274.335023835685
3.337999999999854,2273.934394369647
3.3399999999998538,2273.5336584676475
3.3419999999998535,2273.1328223173414
3.3439999999998533,2272.731889598767
3.345999999999853,2272.330862226417
3.347999999999853,2271.929741126286
3.3499999999998527,2271.528452731894
3.3519999999998524,2271.1271124535087
3.353999999999852,2270.7256180330583
3.355999999999852,2270.324006449507
3.3579999999998518,2269.922287922488
3.3599999999998515,2269.5204693397272
3.3619999999998513,2269.1185549387915
3.363999999999851,2268.716547044608
3.365999999999851,2268.314373039003
3.3679999999998507,2267.9121486125814
3.3699999999998504,2267.509771827331
3.3719999999998502,2267.1072795680175
3.37399999999985,2266.704681410881
3.37599999999985,2266.301984330663
3.3779999999998496,2265.899194263595
3.3799999999998493,2265.496315598787
3.381999999999849,2265.0933511081817
3.383999999999849,2264.6902287037865
3.3859999999998487,2264.2869904825448
3.3879999999998485,2263.883723595831
3.3899999999998482,2263.4803216180567
3.391999999999848,2263.076817781253
3.393999999999848,2262.673219222257
3.3959999999998476,2262.269530557802
3.3979999999998474,2261.865754453338
3.399999999999847,2261.461818689035
3.401999999999847,2261.0578387362852
3.4039999999998467,2260.6537130049996
3.4059999999998465,2260.249551744586
3.4079999999998463,2259.845249632764
3.409999999999846,2259.44084085188
3.411999999999846,2259.036333420028
3.4139999999998456,2258.6317326211743
3.4159999999998454,2258.226968050157
3.417999999999845,2257.8221561833334
3.419999999999845,2257.417269689675
3.4219999999998447,2257.0122775630675
3.4239999999998445,2256.6073379541212
3.4259999999998443,2256.202343638133
3.427999999999844,2255.797382872754
3.429999999999844,2255.392327635182
3.4319999999998436,2254.987193575534
3.4339999999998434,2254.5820492238217
3.435999999999843,2254.176777059712
3.437999999999843,2253.7712058537836
3.4399999999998427,2253.365687144256
3.4419999999998425,2252.9600927716647
3.4439999999998423,2252.554344941118
3.445999999999842,2252.148554477896
3.447999999999842,2251.7426173394
3.4499999999998416,2251.3365683943684
3.4519999999998414,2250.9304162567278
3.453999999999841,2250.524166650951
3.455999999999841,2250.1178230361165
3.4579999999998408,2249.711387328273
3.4599999999998405,2249.304787148885
3.4619999999998403,2248.8980639147894
3.46399999999984,2248.4913041368072
3.46599999999984,2248.0844021371176
3.4679999999998397,2247.677390954154
3.4699999999998394,2247.2702778464527
3.471999999999839,2246.8630675613485
3.473999999999839,2246.4557630179715
3.4759999999998388,2246.0482925399174
3.4779999999998386,2245.6407711088937
3.4799999999998383,2245.2330979500175
3.481999999999838,2244.8253096655985
3.483999999999838,2244.4174159085296
3.4859999999998377,2244.0094229523124
3.4879999999998375,2243.601334683989
3.4899999999998372,2243.193154796244
3.491999999999837,2242.784886411825
3.493999999999837,2242.3764586180664
3.4959999999998366,2241.967913706037
3.4979999999998364,2241.5593386334162
3.499999999999836,2241.1506285158675
3.501999999999836,2240.7418169444454
3.5039999999998357,2240.3329116674317
3.5059999999998355,2239.923917817312
3.5079999999998353,2239.5148384093663
3.509999999999835,2239.105601973902
3.511999999999835,2238.696323102762
3.5139999999998346,2238.286901196616
3.5159999999998344,2237.877445644521
3.517999999999834,2237.467852021939
3.519999999999834,2237.058154144391
3.5219999999998337,2236.648359975661
3.5239999999998335,2236.2384747727747
3.5259999999998333,2235.8284286652042
3.527999999999833,2235.4183371024005
3.529999999999833,2235.008100195505
3.5319999999998326,2234.597827516501
3.5339999999998324,2234.187414987973
3.535999999999832,2233.7768964587467
3.537999999999832,2233.3662799318945
3.5399999999998317,2232.955570701372
3.5419999999998315,2232.544771943393
3.5439999999998313,2232.1338853804987
3.545999999999831,2231.7228389139705
3.547999999999831,2231.3117463822214
3.5499999999998306,2230.9005073078865
3.5519999999998304,2230.489157887349
3.55399999999983,2230.077707630111
3.55599999999983,2229.666162763509
3.5579999999998297,2229.254526931256
3.5599999999998295,2228.8428021169075
3.5619999999998293,2228.430989244577
3.563999999999829,2228.019015842013
3.565999999999829,2227.6069953260153
3.5679999999998286,2227.1948272628256
3.5699999999998284,2226.782547724203
3.571999999999828,2226.3701661960936
3.573999999999828,2225.95768895747
3.5759999999998278,2225.545119739673
3.5779999999998275,2225.1324606303997
3.5799999999998273,2224.7196398458414
3.581999999999827,2224.306771046897
3.583999999999827,2223.8937541232367
3.5859999999998267,2223.480625136194
3.5879999999998264,2223.0673936264293
3.589999999999826,2222.654065817189
3.591999999999826,2222.24064542116
3.593999999999826,2221.8271344825766
3.5959999999998256,2221.413461289027
3.5979999999998253,2220.999739364186
3.599999999999825,2220.5858687447776
3.601999999999825,2220.171958492498
3.6039999999998247,2219.7579067786955
3.6059999999998245,2219.3437490303118
3.6079999999998242,2218.9294947988283
3.609999999999824,2218.5150779182895
3.611999999999824,2218.100615247771
3.6139999999998236,2217.6860815417845
3.6159999999998234,2217.2714009156007
3.617999999999823,2216.856683222417
3.619999999999823,2216.441826289812
3.6219999999998227,2216.02686453348
3.6239999999998225,2215.6118065030446
3.6259999999998223,2215.196657857921
3.627999999999822,2214.7814220141045
3.629999999999822,2214.3660283316062
3.6319999999998216,2213.950590460201
3.6339999999998214,2213.535008927182
3.635999999999821,2213.119392159679
3.637999999999821,2212.703636890283
3.6399999999998207,2212.287776566305
3.6419999999998205,2211.871819370463
3.6439999999998203,2211.455771039039
3.64599999999982,2211.0396352417797
3.64799999999982,2210.6233416725945
3.6499999999998196,2210.20700404261
3.6519999999998194,2209.790523162822
3.653999999999819,2209.3740073806302
3.655999999999819,2208.957418233915
3.6579999999998187,2208.540819340592
3.6599999999998185,2208.124281873965
3.6619999999998183,2207.707677330594
3.663999999999818,2207.291014932026
3.665999999999818,2206.8742840693867
3.6679999999998176,2206.4574773182417
3.6699999999998174,2206.040589956693
3.671999999999817,2205.623619183752
3.673999999999817,2205.2064911961106
3.6759999999998167,2204.7893175606428
3.6779999999998165,2204.371998507238
3.6799999999998163,2203.9545696325736
3.681999999999816,2203.5370404434957
3.683999999999816,2203.119417242462
3.6859999999998156,2202.7017038105073
3.6879999999998154,2202.283902210644
3.689999999999815,2201.865941270967
3.691999999999815,2201.4479336178783
3.6939999999998148,2201.0297800629924
3.6959999999998145,2200.6115884436294
3.6979999999998143,2200.193256063932
3.699999999999814,2199.7748161906543
3.701999999999814,2199.356204736387
3.7039999999998137,2198.9375391726703
3.7059999999998134,2198.518795777253
3.7079999999998132,2198.099900031624
3.709999999999813,2197.6809615554052
3.711999999999813,2197.261879326405
3.7139999999998126,2196.8426876678654
3.7159999999998123,2196.423395691108
3.717999999999812,2196.004010621196
3.719999999999812,2195.584537596738
3.7219999999998117,2195.1649799092584
3.7239999999998115,2194.7452673441053
3.7259999999998112,2194.325512785195
3.727999999999811,2193.905617611484
3.729999999999811,2193.4856894327995
3.7319999999998106,2193.065625871415
3.7339999999998104,2192.645459989393
3.73599999999981,2192.225199709345
3.73799999999981,2191.8047784036876
3.7399999999998097,2191.3843110754274
3.7419999999998095,2190.9637726040223
3.7439999999998093,2190.5430876299733
3.745999999999809,2190.1222929664527
3.747999999999809,2189.7014711162565
3.7499999999998086,2189.2805174644404
3.7519999999998084,2188.8594631480437
3.753999999999808,2188.4383148324246
3.755999999999808,2188.017005130932
3.7579999999998077,2187.5956484288727
3.7599999999998075,2187.174219411637
3.7619999999998073,2186.7526427360363
3.763999999999807,2186.330955092182
3.765999999999807,2185.909167110647
3.7679999999998066,2185.4873576853647
3.7699999999998064,2185.0653478709723
3.771999999999806,2184.6432783423743
3.773999999999806,2184.2211277916904
3.7759999999998057,2183.7988957701564
3.7779999999998055,2183.3765096185
3.7799999999998053,2182.9540081282075
3.781999999999805,2182.5314754486767
3.783999999999805,2182.1088086651644
3.7859999999998046,2181.6860397408796
3.7879999999998044,2181.2631759117817
3.789999999999804,2180.8401502840543
3.791999999999804,2180.4170771701883
3.7939999999998038,2179.993931410668
3.7959999999998035,2179.5706378850655
3.7979999999998033,2179.147233165175
3.799999999999803,2178.723727909486
3.801999999999803,2178.300200840833
3.8039999999998027,2177.8764734800034
3.8059999999998024,2177.4526860802566
3.807999999999802,2177.028817460238
3.809999999999802,2176.604867189402
3.8119999999998018,2176.1807627775365
3.8139999999998015,2175.756542854594
3.8159999999998013,2175.3322911686496
3.817999999999801,2174.907904729407
3.819999999999801,2174.483415147777
3.8219999999998007,2174.058829392399
3.8239999999998004,2173.634080696764
3.8259999999998002,2173.20928294001
3.8279999999998,2172.7844111665368
3.8299999999998,2172.359390717227
3.8319999999997996,2171.9342592943617
3.8339999999997993,2171.5090289213817
3.835999999999799,2171.083779301782
3.837999999999799,2170.6583331935867
3.8399999999997987,2170.232830943498
3.8419999999997985,2169.8072516663715
3.8439999999997982,2169.3815950610483
3.845999999999798,2168.9557887724786
3.847999999999798,2168.529942688719
3.8499999999997976,2168.1039580153983
3.8519999999997974,2167.677869325521
3.853999999999797,2167.2516856706306
3.855999999999797,2166.82541303949
3.8579999999997967,2166.3990550513354
3.8599999999997965,2165.9725423057557
3.8619999999997963,2165.5459864380787
3.863999999999796,2165.119289942205
3.865999999999796,2164.6925593041797
3.8679999999997956,2164.265693365431
3.8699999999997954,2163.8387248027343
3.871999999999795,2163.411661583698
3.873999999999795,2162.984509087106
3.8759999999997947,2162.5572705477384
3.8779999999997945,2162.1298957044346
3.8799999999997943,2161.7025635656096
3.881999999999794,2161.2752542873422
3.883999999999794,2160.847946628863
3.8859999999997936,2160.4206152049246
3.8879999999997934,2159.993167213272
3.889999999999793,2159.5656261257127
3.891999999999793,2159.138065554406
3.8939999999997927,2158.7103774423867
3.8959999999997925,2158.2825899243994
3.8979999999997923,2157.8547083836675
3.899999999999792,2157.426665709065
3.901999999999792,2156.9985748775434
3.9039999999997916,2156.5703400714924
3.9059999999997914,2156.1420682690155
3.907999999999791,2155.7136591825238
3.909999999999791,2155.2851455962345
3.9119999999997908,2154.856535622898
3.9139999999997905,2154.4278347139725
3.9159999999997903,2153.9990462019687
3.91799999999979,2153.5701721070377
3.91999999999979,2153.14114269808
3.9219999999997897,2152.7120688113055
3.9239999999997894,2152.2828534898586
3.925999999999789,2151.8535317390897
3.927999999999789,2151.4241131142703
3.9299999999997888,2150.9946038369685
3.9319999999997886,2150.565007736191
3.9339999999997883,2150.1353268984444
3.935999999999788,2149.7055623652877
3.937999999999788,2149.275643579254
3.9399999999997877,2148.8456096848336
3.9419999999997875,2148.4155443924724
3.9439999999997872,2147.985346380105
3.945999999999787,2147.5550479931344
3.947999999999787,2147.1246574743273
3.9499999999997866,2146.694180558889
3.9519999999997864,2146.2635498938976
3.953999999999786,2145.832877359282
3.955999999999786,2145.4020669131914
3.9579999999997857,2144.9712245985856
3.9599999999997855,2144.540250171291
3.9619999999997852,2144.109175987453
3.963999999999785,2143.678009911355
3.965999999999785,2143.2467572193295
3.9679999999997846,2142.8154211253664
3.9699999999997844,2142.383932587901
3.971999999999784,2141.952402206291
3.973999999999784,2141.5207333640647
3.9759999999997837,2141.089031641205
3.9779999999997835,2140.657196793929
3.9799999999997833,2140.2252610596124
3.981999999999783,2139.7932323414984
3.983999999999783,2139.361115945271
3.9859999999997826,2138.9288444137787
3.9879999999997824,2138.49652915039
3.989999999999782,2138.064145032951
3.991999999999782,2137.63161760191
3.9939999999997817,2137.198982426148
3.9959999999997815,2136.7662499509493
3.9979999999997813,2136.3334272427214
3.999999999999781,2135.9005186668933
4.001999999999781,2135.467526702287
4.003999999999781,2135.034452601848
4.005999999999781,2134.6012263023326
4.007999999999781,2134.1679574137206
4.00999999999978,2133.7345493375824
4.01199999999978,2133.3010366393355
4.01399999999978,2132.867428738599
4.01599999999978,2132.433731888448
4.0179999999997795,2131.99994999445
4.019999999999779,2131.5660852786827
4.021999999999779,2131.132068291926
4.023999999999779,2130.6980087806987
4.025999999999779,2130.2638104559323
4.027999999999778,2129.8295784262687
4.029999999999778,2129.395212916683
4.031999999999778,2128.960746102936
4.033999999999778,2128.5261859299158
4.0359999999997775,2128.091467313431
4.037999999999777,2127.656702739911
4.039999999999777,2127.2218683394026
4.041999999999777,2126.7868905163455
4.043999999999777,2126.3518050514012
4.045999999999776,2125.9166931019577
4.047999999999776,2125.4814528180136
4.049999999999776,2125.046114541825
4.051999999999776,2124.61068504714
4.053999999999776,2124.1750987876258
4.055999999999775,2123.7394678269297
4.057999999999775,2123.3036980006545
4.059999999999775,2122.867895909426
4.061999999999775,2122.431963559572
4.0639999999997745,2121.9959339762268
4.065999999999774,2121.5598157277004
4.067999999999774,2121.1236144957984
4.069999999999774,2120.687333816713
4.071999999999774,2120.2509756032237
4.073999999999773,2119.8144704886076
4.075999999999773,2119.3779276726473
4.077999999999773,2118.9412511405553
4.079999999999773,2118.5045454529127
4.0819999999997725,2118.0677112337694
4.083999999999772,2117.630780395038
4.085999999999772,2117.1937607884925
4.087999999999772,2116.7566577959683
4.089999999999772,2116.3194044842376
4.091999999999771,2115.8821738731103
4.093999999999771,2115.4449710173285
4.095999999999771,2115.007783917422
4.097999999999771,2114.5705891526104
4.0999999999997705,2114.1332937525526
4.10199999999977,2113.6959884247735
4.10399999999977,2113.258564998692
4.10599999999977,2112.821049898469
4.10799999999977,2112.3834480063183
4.109999999999769,2111.945763176954
4.111999999999769,2111.507998145856
4.113999999999769,2111.070154696871
4.115999999999769,2110.6322339007133
4.1179999999997685,2110.194166189823
4.119999999999768,2109.7559901730174
4.121999999999768,2109.3177887831534
4.123999999999768,2108.879462331505
4.125999999999768,2108.4410418144316
4.127999999999767,2108.002534425438
4.129999999999767,2107.5639450635013
4.131999999999767,2107.125276832678
4.133999999999767,2106.686461500778
4.1359999999997665,2106.2476083322003
4.137999999999766,2105.80862224917
4.139999999999766,2105.369537650943
4.141999999999766,2104.930364100052
4.143999999999766,2104.491107990187
4.145999999999765,2104.051773295978
4.147999999999765,2103.6123623259814
4.149999999999765,2103.172876351576
4.151999999999765,2102.733316023925
4.1539999999997645,2102.293611736815
4.155999999999764,2101.8538018025465
4.157999999999764,2101.4139689314393
4.159999999999764,2100.9740138007414
4.161999999999764,2100.5339673505587
4.1639999999997634,2100.0938368526445
4.165999999999763,2099.65362739404
4.167999999999763,2099.2132723661402
4.169999999999763,2098.7728817457737
4.171999999999763,2098.3323619520875
4.173999999999762,2097.8918182899774
4.175999999999762,2097.451153337918
4.177999999999762,2097.0103995267773
4.179999999999762,2096.5695653010316
4.1819999999997615,2096.12865644595
4.183999999999761,2095.687676810936
4.185999999999761,2095.246628796127
4.187999999999761,2094.8055137357323
4.189999999999761,2094.364262652801
4.19199999999976,2093.922983706382
4.19399999999976,2093.4815820037666
4.19599999999976,2093.0400916302524
4.19799999999976,2092.598522088593
4.1999999999997595,2092.1568798444932
4.201999999999759,2091.715168948317
4.203999999999759,2091.2733918080635
4.205999999999759,2090.8315498047873
4.207999999999759,2090.389643690883
4.209999999999758,2089.94760423574
4.211999999999758,2089.5055393608604
4.213999999999758,2089.0633543879144
4.215999999999758,2088.6210834249064
4.2179999999997575,2088.1787361437737
4.219999999999757,2087.7363191835943
4.221999999999757,2087.293836770568
4.223999999999757,2086.8512914945695
4.225999999999757,2086.4086849356954
4.227999999999756,2085.9659484317976
4.229999999999756,2085.5231900757185
4.231999999999756,2085.0803155644485
4.233999999999756,2084.637428750881
4.2359999999997555,2084.19443210058
4.237999999999755,2083.751357615387
4.239999999999755,2083.308213768072
4.241999999999755,2082.8650065759225
4.243999999999755,2082.4217400587872
4.245999999999754,2081.9784168309707
4.247999999999754,2081.535038646892
4.249999999999754,2081.0915371723795
4.251999999999754,2080.6480206035612
4.2539999999997535,2080.2043951194514
4.255999999999753,2079.7606951632406
4.257999999999753,2079.3170004162703
4.259999999999753,2078.873210799164
4.261999999999753,2078.4293561759177
4.263999999999752,2077.9854436995784
4.265999999999752,2077.5414787172526
4.267999999999752,2077.0974650301005
4.269999999999752,2076.6533359810405
4.2719999999997516,2076.2092007059423
4.273999999999751,2075.765035708161
4.275999999999751,2075.3207689898427
4.277999999999751,2074.876505630894
4.279999999999751,2074.4321502638054
4.2819999999997505,2073.9877366247465
4.28399999999975,2073.543344586583
4.28599999999975,2073.098875037491
4.28799999999975,2072.6543584810092
4.28999999999975,2072.209802845339
4.291999999999749,2071.765214176783
4.293999999999749,2071.320608825777
4.295999999999749,2070.8760615155675
4.297999999999749,2070.431583722771
4.2999999999997485,2069.987231300913
4.301999999999748,2069.542878132972
4.303999999999748,2069.0985321528847
4.305999999999748,2068.654185158225
4.307999999999748,2068.2098329574783
4.309999999999747,2067.765474296896
4.311999999999747,2067.3211098770034
4.313999999999747,2066.876741598539
4.315999999999747,2066.432372072368
4.3179999999997465,2065.988004380758
4.319999999999746,2065.5435726665755
4.321999999999746,2065.0991870980633
4.323999999999746,2064.654826478996
4.325999999999746,2064.2104907410685
4.327999999999745,2063.7661116154695
4.329999999999745,2063.3217978049884
4.331999999999745,2062.877527610255
4.333999999999745,2062.4333011148606
4.3359999999997445,2061.9891199694644
4.337999999999744,2061.544918259204
4.339999999999744,2061.1008069809523
4.341999999999744,2060.6567669628125
4.343999999999744,2060.2128008296627
4.345999999999743,2059.768912798163
4.347999999999743,2059.325108808728
4.349999999999743,2058.8813963487064
4.351999999999743,2058.4378533896966
4.3539999999997425,2057.9943838283257
4.355999999999742,2057.5510239086443
4.357999999999742,2057.107859378175
4.359999999999742,2056.664870205917
4.361999999999742,2056.2220617051967
4.363999999999741,2055.7794441014203
4.365999999999741,2055.3370321882294
4.367999999999741,2054.894913960301
4.369999999999741,2054.453075120572
4.3719999999997405,2054.011530121226
4.37399999999974,2053.570370749373
4.37599999999974,2053.1295907967265
4.37799999999974,2052.689216998714
4.37999999999974,2052.249357952148
4.381999999999739,2051.8100984898388
4.383999999999739,2051.3715259066444
4.385999999999739,2050.9336682550547
4.387999999999739,2050.496746470821
4.3899999999997386,2050.06087927505
4.391999999999738,2049.6262507451456
4.393999999999738,2049.193255149267
4.395999999999738,2048.762268071547
4.397999999999738,2048.3341263762277
4.3999999999997375,2047.9103053413678
4.401999999999737,2047.4997953463464
4.403999999999737,1852.3386969826636
4.405999999999737,1631.7954109625773
4.407999999999737,1435.5989118024722
4.409999999999736,1276.8764326866194
4.411999999999736,1154.6435549791163
4.413999999999736,1063.4656538403217
4.415999999999736,996.95511832414
4.4179999999997355,949.1761091505617
4.419999999999735,915.1774618949905
4.421999999999735,891.0911556917883
4.423999999999735,874.0147403582985
4.425999999999735,861.8368507264058
4.427999999999734,853.0471740305061
4.429999999999734,846.5833316526421
4.431999999999734,841.7068104843386
4.433999999999734,837.9089713738601
4.4359999999997335,834.8424501716369
4.437999999999733,832.2701712422775
4.439999999999733,830.031149350534
4.441999999999733,828.0165948125648
4.443999999999733,826.153160808151
4.445999999999732,824.3914610929264
4.447999999999732,822.698411694879
4.449999999999732,821.0518803903738
4.451999999999732,819.4370053270623
4.4539999999997315,817.843884128846
4.455999999999731,816.2658715382554
4.457999999999731,814.6985352811562
4.459999999999731,813.1389842065096
4.461999999999731,811.5851966602644
4.46399999999973,810.0359051501144
4.46599999999973,808.490218700073
4.46799999999973,806.947586834603
4.46999999999973,805.407555171267
4.4719999999997295,803.8699476381008
4.473999999999729,802.334563209731
4.475999999999729,800.8012691868648
4.477999999999729,799.2699725769437
4.479999999999729,797.7406080949935
4.481999999999728,796.2131965286972
4.483999999999728,794.6877466794357
4.485999999999728,793.1641323710256
4.487999999999728,791.6424100699426
4.4899999999997275,790.1225393111832
4.491999999999727,788.604565081894
4.493999999999727,787.0884460916154
4.495999999999727,785.57422635646
4.497999999999727,784.0617971834896
4.499999999999726,782.5512272386203
4.501999999999726,781.0425516949792
4.503999999999726,779.53573000606
4.505999999999726,778.0307398880336
4.507999999999726,776.5275648628572
4.509999999999725,775.0262594678433
4.511999999999725,773.5268564164805
4.513999999999725,772.0292469206432
4.515999999999725,770.5334989275383
4.5179999999997245,769.0396474567881
4.519999999999724,767.547585801748
4.521999999999724,766.0573832619284
4.523999999999724,764.5690097462974
4.525999999999724,763.0825172893406
4.527999999999723,761.5978707253992
4.529999999999723,760.1150518612676
4.531999999999723,758.6341137682875
4.533999999999723,757.155022386881
4.5359999999997225,755.6777604157055
4.537999999999722,754.2023815769306
4.539999999999722,752.7288525995735
4.541999999999722,751.2571567743721
4.543999999999722,749.7873482339817
4.545999999999721,748.3193943454783
4.547999999999721,746.8532788621387
4.549999999999721,745.388990414051
4.551999999999721,743.9265871774559
4.5539999999997205,742.4660399793387
4.55599999999972,741.0074009122327
4.55799999999972,739.5506363657557
4.55999999999972,738.0957293973518
4.56199999999972,736.6426683359432
4.563999999999719,735.1915110168948
4.565999999999719,733.7422289488482
4.567999999999719,732.2948090151037
4.569999999999719,730.849242570864
4.5719999999997185,729.4055896393766
4.573999999999718,727.9638239143826
4.575999999999718,726.5239989810619
4.577999999999718,725.0860189789757
4.579999999999718,723.6499575362479
4.581999999999717,722.2157924087905
4.583999999999717,720.7835800707874
4.585999999999717,719.3532279603819
4.587999999999717,717.9248112991302
4.5899999999997165,716.4983744405666
4.591999999999716,715.0738233852492
4.593999999999716,713.6512313529392
4.595999999999716,712.2305777336535
4.597999999999716,710.8118554978345
4.599999999999715,709.395169782639
4.601999999999715,707.980399627651
4.603999999999715,706.5675920073231
4.605999999999715,705.1567456331297
4.6079999999997145,703.7479163957089
4.609999999999714,702.3410234194127
4.611999999999714,700.9361449042981
4.613999999999714,699.5333298424961
4.615999999999714,698.1324916143565
4.6179999999997134,696.7337051157155
4.619999999999713,695.3369551739409
4.621999999999713,693.942238963589
4.623999999999713,692.549557390396
4.625999999999713,691.1588604343162
4.627999999999712,689.7702883410689
4.629999999999712,688.3838466792497
4.631999999999712,686.9994883662621
4.633999999999712,685.6172898371453
4.6359999999997115,684.2371742147019
4.637999999999711,682.859219261982
4.639999999999711,681.4834167972963
4.641999999999711,680.1097692911712
4.643999999999711,678.7382826348523
4.64599999999971,677.3690255167868
4.64799999999971,676.001989332492
4.64999999999971,674.6371167207647
4.65199999999971,673.2744921146407
4.6539999999997095,671.9141165466535
4.655999999999709,670.5560580703692
4.657999999999709,669.2002517142145
4.659999999999709,667.8467773494888
4.661999999999709,666.4956353259336
4.663999999999708,665.146776875262
4.665999999999708,663.8002889072591
4.667999999999708,662.4562361531426
4.669999999999708,661.1145593817178
4.6719999999997075,659.7752817186954
4.673999999999707,658.4384801088362
4.675999999999707,657.1041605124776
4.677999999999707,655.772280470022
4.679999999999707,654.4429265484157
4.681999999999706,653.1161124488311
4.683999999999706,651.7918565823247
4.685999999999706,650.4701798344086
4.687999999999706,649.1511049916301
4.6899999999997055,647.8347091270026
4.691999999999705,646.5209520054234
4.693999999999705,645.2099156796437
4.695999999999705,643.9015662143802
4.697999999999705,642.5959879181514
4.699999999999704,641.2931519254178
4.701999999999704,639.9931436704362
4.703999999999704,638.695987598471
4.705999999999704,637.4016606029354
4.7079999999997035,636.1102497807137
4.709999999999703,634.82178429483
4.711999999999703,633.536293085301
4.713999999999703,632.2537743021051
4.715999999999703,630.9742912996331
4.717999999999702,629.6978357674171
4.719999999999702,628.4245387209853
4.721999999999702,627.1543901451153
4.723999999999702,625.8873816097141
4.7259999999997016,624.6235983768195
4.727999999999701,623.3630807413522
4.729999999999701,622.1058230405481
4.731999999999701,620.8519074423625
4.733999999999701,619.6013367228957
4.7359999999997004,618.354190150651
4.7379999999997,617.1104729823596
4.7399999999997,615.87022411818
4.7419999999997,614.6335272551876
4.7439999999997,613.4003900476295
4.745999999999699,612.1708487583257
4.747999999999699,610.9449153884726
4.749999999999699,609.7226679648315
4.751999999999699,608.5041605384645
4.7539999999996985,607.289402445821
4.755999999999698,606.0784631383129
4.757999999999698,604.8713654051238
4.759999999999698,603.6681436201071
4.761999999999698,602.4688453241843
4.763999999999697,601.2734888420433
4.765999999999697,600.0821376585371
4.767999999999697,598.8948237552022
4.769999999999697,597.7115781859541
4.7719999999996965,596.5324470262801
4.773999999999696,595.3574729255445
4.775999999999696,594.1866757803052
4.777999999999696,593.020102676029
4.779999999999696,591.8578097451476
4.781999999999695,590.6998386223124
4.783999999999695,589.5462311923942
4.785999999999695,588.3970177508722
4.787999999999695,587.2522091328253
4.7899999999996945,586.1118251486733
4.791999999999694,584.9758987487786
4.793999999999694,583.8444192058273
4.795999999999694,582.7174023686334
4.797999999999694,581.5948879621337
4.799999999999693,580.4768726518378
4.801999999999693,579.3633719270646
4.803999999999693,578.2543818393633
4.805999999999693,577.1499236650321
4.8079999999996925,576.0500103844818
4.809999999999692,574.9546828197954
4.811999999999692,573.8638870248054
4.813999999999692,572.7776070132736
4.815999999999692,571.6958840162097
4.817999999999691,570.6186881503743
4.819999999999691,569.5460242369943
4.821999999999691,568.4778570037452
4.823999999999691,567.4141836252649
4.8259999999996905,566.3549942102854
4.82799999999969,565.3002815340803
4.82999999999969,564.250001415657
4.83199999999969,563.204090604885
4.83399999999969,562.1625900435009
4.835999999999689,561.1253840261528
4.837999999999689,560.0925005533724
4.839999999999689,559.0638663603704
4.841999999999689,558.039446663314
4.8439999999996886,557.0192180368194
4.845999999999688,556.0030955961414
4.847999999999688,554.9910541850847
4.849999999999688,553.9830036267067
4.851999999999688,552.9788965223829
4.8539999999996875,551.9786799620331
4.855999999999687,550.982317157079
4.857999999999687,549.9897241866754
4.859999999999687,549.0007741548543
4.861999999999687,548.0154771589412
4.863999999999686,547.0337177747354
4.865999999999686,546.055454432244
4.867999999999686,545.0805440586647
4.869999999999686,544.1089919906619
4.8719999999996855,543.1406994603044
4.873999999999685,542.1755173048723
4.875999999999685,541.2134505388512
4.877999999999685,540.2543698554811
4.879999999999685,539.2982274986953
4.881999999999684,538.3448956425241
4.883999999999684,537.3942707757811
4.885999999999684,536.446383729346
4.887999999999684,535.5010206825151
4.8899999999996835,534.5581878423711
4.891999999999683,533.6177239959513
4.893999999999683,532.6796333589493
4.895999999999683,531.7437834250231
4.897999999999683,530.8101281071617
4.899999999999682,529.8785099503605
4.901999999999682,528.9489386176764
4.903999999999682,528.0212865807107
4.905999999999682,527.0954830249489
4.9079999999996815,526.1714573559191
4.909999999999681,525.2491394959472
4.911999999999681,524.3284901504142
4.913999999999681,523.4093615690338
4.915999999999681,522.4917713601851
4.91799999999968,521.5756041601528
4.91999999999968,520.6607717526012
4.92199999999968,519.7472942709176
4.92399999999968,518.8350608576206
4.9259999999996795,517.9240171487354
4.927999999999679,517.0141110115754
4.929999999999679,516.1052912099618
4.931999999999679,515.1975358800369
4.933999999999679,514.2907232894263
4.935999999999678,513.3848605131334
4.937999999999678,512.4799289540626
4.939999999999678,511.57581483267484
4.941999999999678,510.67252910316137
4.9439999999996775,509.7700577936153
4.945999999999677,508.86829570936834
4.947999999999677,507.96725845963266
4.949999999999677,507.0669368175724
4.951999999999677,506.1672341195259
4.953999999999676,505.26819329382795
4.955999999999676,504.3697229088752
4.957999999999676,503.47184551409424
4.959999999999676,502.574558919333
4.961999999999676,501.67778028828906
4.963999999999675,500.7815363603392
4.965999999999675,499.88582864793227
4.967999999999675,503.76613382438524
4.969999999999675,503.73349950836655
4.9719999999996745,503.49739210655093
4.973999999999674,503.1078050635484
4.975999999999674,502.60516596407837
4.977999999999674,502.0206438242304
4.979999999999674,501.37755915144686
4.981999999999673,500.69306049329396
4.983999999999673,499.97952956685407
4.985999999999673,499.2458205181472
4.987999999999673,498.49824506342634
4.9899999999996725,497.7413147199969
4.991999999999672,496.9781146164793
4.993999999999672,496.21086992492116
4.995999999999672,495.44109307454397
4.997999999999672,494.6699003142865
4.999999999999671,493.8980243658739
5.001999999999671,493.125975750012
5.003999999999671,492.35410933998025
5.005999999999671,491.5827008403612
5.0079999999996705,490.81191855331423
5.00999999999967,490.04184893725875
5.01199999999967,489.27260355279094
5.01399999999967,488.504236407953
5.01599999999967,487.7367841704129
5.017999999999669,486.9702414242994
5.019999999999669,486.20468608237445
5.021999999999669,485.44006603353836
5.023999999999669,484.67641972496716
5.0259999999996685,483.9137801737771
5.027999999999668,483.1520866165272
5.029999999999668,482.39137165099316
5.031999999999668,481.6316341860955
5.033999999999668,480.8728726302137
5.035999999999667,480.11508488357197
5.037999999999667,479.35826891061737
5.039999999999667,478.60239222146663
5.041999999999667,477.847514214222
5.0439999999996665,477.09356983692885
5.045999999999666,476.34061855050516
5.047999999999666,475.58859540219214
5.049999999999666,474.83755971760127
5.051999999999666,474.08744667839056
5.053999999999665,473.3382855954021
5.055999999999665,472.590103517702
5.057999999999665,471.84283584697727
5.059999999999665,471.09653184551155
5.0619999999996645,470.3511664620904
5.063999999999664,469.6067977196341
5.065999999999664,468.8633863285111
5.067999999999664,468.1208948278472
5.069999999999664,467.37937786352757
5.0719999999996634,466.6387671858105
5.073999999999663,465.8990892031862
5.075999999999663,465.1603688295234
5.077999999999663,464.42254007156356
5.079999999999663,463.6856310598437
5.081999999999662,462.9496382152563
5.083999999999662,462.2145581441622
5.085999999999662,461.4803878313538
5.087999999999662,460.7471244529397
5.0899999999996615,460.0147650199844
5.091999999999661,459.2833069303947
5.093999999999661,458.55274745628543
5.095999999999661,457.8230840603715
5.097999999999661,457.09428416995667
5.09999999999966,456.36640661707247
5.10199999999966,455.63941725801976
5.10399999999966,454.9132836860051
5.10599999999966,454.188064699459
5.1079999999996595,453.46372626421453
5.109999999999659,452.7402361523881
5.111999999999659,452.0176532461419
5.113999999999659,451.29591372524703
5.115999999999659,450.57504650726673
5.117999999999658,449.85507879318374
5.119999999999658,449.13594714816037
5.121999999999658,448.41768034935546
5.123999999999658,447.70030569118563
5.1259999999996575,446.9837599732739
5.127999999999657,446.2680720548026
5.129999999999657,445.553239449233
5.131999999999657,444.83925980237404
5.133999999999657,444.12613065758524
5.135999999999656,443.4138496316015
5.137999999999656,442.70241441804006
5.139999999999656,441.99182272398826
5.141999999999656,441.28207226625847
5.1439999999996555,440.5731608147949
5.145999999999655,439.8650861195423
5.147999999999655,439.1578459294304
5.149999999999655,438.45143793848075
5.151999999999655,437.7458601293885
5.153999999999654,437.0411101289733
5.155999999999654,436.3371562468768
5.157999999999654,435.6340564639363
5.159999999999654,434.931777903118
5.1619999999996535,434.23031825645046
5.163999999999653,433.5296755570636
5.165999999999653,432.8298181911019
5.167999999999653,432.1308039760205
5.169999999999653,431.43260023954406
5.171999999999652,430.7351754368173
5.173999999999652,430.038587351494
5.175999999999652,429.3428032340117
5.177999999999652,428.6477919829519
5.1799999999996515,427.953611097615
5.181999999999651,427.26019879431675
5.183999999999651,426.56761270852934
5.185999999999651,425.8758204176233
5.187999999999651,425.1847907513096
5.1899999999996504,424.49458113202826
5.19199999999965,423.805130218145
5.19399999999965,423.1164951661789
5.19599999999965,422.42864399927527
5.19799999999965,421.74154579112343
5.199999999999649,421.05525757833215
5.201999999999649,420.3697184137969
5.203999999999649,419.68498523058923
5.205999999999649,419.00099729870055
5.2079999999996485,418.3178114344473
5.209999999999648,417.6353670571302
5.211999999999648,416.95372086368815
5.213999999999648,416.2728123507307
5.215999999999648,415.59269823908375
5.217999999999647,414.91334701160787
5.219999999999647,414.234728208614
5.221999999999647,413.5568981286155
5.223999999999647,412.8797968243684
5.2259999999996465,412.20348052572746
5.227999999999646,411.52788939960556
5.229999999999646,410.85307961016406
5.231999999999646,410.1790200802872
5.233999999999646,409.5056805059752
5.235999999999645,408.833116819415
5.237999999999645,408.16129812313926
5.239999999999645,407.49019428116617
5.241999999999645,406.8198610650686
5.2439999999996445,406.15023922810013
5.245999999999644,405.4813843751368
5.247999999999644,404.81326585827026
5.249999999999644,404.14588193539123
5.251999999999644,403.4792028310321
5.253999999999643,402.81328385939173
5.255999999999643,402.14809446570507
5.257999999999643,401.4836331515831
5.259999999999643,400.81989822812676
5.2619999999996425,400.15686002613484
5.263999999999642,399.49457355485254
5.265999999999642,398.83300845122307
5.267999999999642,398.17216317851313
5.269999999999642,397.51203616605267
5.271999999999641,396.85262588848303
5.273999999999641,396.19393073764036
5.275999999999641,395.5359491474925
5.277999999999641,394.8786795612124
5.2799999999996405,394.2221203640244
5.28199999999964,393.56627006614076
5.28399999999964,392.91112714364846
5.28599999999964,392.2566899984369
5.28799999999964,391.6029846425043
5.289999999999639,390.94995410942585
5.291999999999639,390.2976249644157
5.293999999999639,389.64599562499143
5.295999999999639,388.99509196205094
5.2979999999996386,388.3448573475977
5.299999999999638,387.69531814182363
5.301999999999638,387.0465000599903
5.303999999999638,386.39834674090406
5.305999999999638,385.7509116918567
5.3079999999996375,385.1041385854425
5.309999999999637,384.45808073991253
5.311999999999637,383.81268226271806
5.313999999999637,383.16799607733253
5.315999999999637,382.52399341155365
5.317999999999636,381.8806459768992
5.319999999999636,381.23800656432024
5.321999999999636,380.59604650164033
5.323999999999636,379.9547644454311
5.3259999999996355,379.3141590885392
5.327999999999635,378.6742290511981
5.329999999999635,378.0349730077769
5.331999999999635,377.3963895364969
5.333999999999635,376.7584774282086
5.335999999999634,376.12123528257604
5.337999999999634,375.48466174376836
5.339999999999634,374.8487820358257
5.341999999999634,374.21354166177406
5.3439999999996335,373.57896604877106
5.345999999999633,372.94508025765055
5.347999999999633,372.311830090102
5.349999999999633,371.6792669944029
5.351999999999633,371.0473370992593
5.353999999999632,370.41609176604146
5.355999999999632,369.78550325027135
5.357999999999632,369.15554433088676
5.359999999999632,368.5262660595103
5.3619999999996315,367.89764096259097
5.363999999999631,367.26966775442486
5.365999999999631,366.64234526312305
5.367999999999631,366.0156723098102
5.369999999999631,365.3896476382407
5.37199999999963,364.76427006688647
5.37399999999963,364.13956405700736
5.37599999999963,363.51547698236556
5.37799999999963,362.89203344991
5.3799999999996295,362.2692578106006
5.381999999999629,361.6470977263871
5.383999999999629,361.0256031052034
5.385999999999629,360.4047472124395
5.387999999999629,359.7845035198671
5.389999999999628,359.1649217926552
5.391999999999628,358.54597530194053
5.393999999999628,357.92766298212786
5.395999999999628,357.30998368352004
5.3979999999996275,356.69293626500246
5.399999999999627,356.07651965478135
5.401999999999627,355.4607327481221
5.403999999999627,354.8455994597753
5.405999999999627,354.23106856617426
5.407999999999626,353.61718895972166
5.409999999999626,353.0039096900399
5.411999999999626,352.39127951095907
5.413999999999626,351.77924757409176
5.415999999999626,351.1678623988214
5.417999999999625,350.5570981723673
5.419999999999625,349.9469538319648
5.421999999999625,349.33742826076497
5.423999999999625,348.72852047508326
5.4259999999996245,348.1202293942153
5.427999999999624,347.51255398012336
5.429999999999624,346.90551764412356
5.431999999999624,346.2990704970485
5.433999999999624,345.6932602825279
5.435999999999623,345.08803728655147
5.437999999999623,344.4834490293129
5.439999999999623,343.87947031707284
5.441999999999623,343.2761000981457
5.4439999999996225,342.67333736104837
5.445999999999622,342.0711811287824
5.447999999999622,341.46963039281206
5.449999999999622,340.86868411434335
5.451999999999622,340.26836534268693
5.453999999999621,339.6686252532976
5.455999999999621,339.06948673036595
5.457999999999621,338.470972584061
5.459999999999621,337.8730581338193
5.4619999999996205,337.2757424148979
5.46399999999962,336.67902440255773
5.46599999999962,336.0829031485679
5.46799999999962,335.4873777036106
5.46999999999962,334.89244720043297
5.471999999999619,334.2981106284453
5.473999999999619,333.70439046615707
5.475999999999619,333.11123909682755
5.477999999999619,332.51870218588357
5.4799999999996185,331.92673236556914
5.481999999999618,331.33537499346306
5.483999999999618,330.74460612884667
5.485999999999618,330.15442479112954
5.487999999999618,329.56483012023597
5.489999999999617,328.9758441822478
5.491999999999617,328.38742017621763
5.493999999999617,327.7995800308978
5.495999999999617,327.21234580932435
5.4979999999996165,326.6256938103393
5.499999999999616,326.0396004010024
5.501999999999616,325.45411002499816
5.503999999999616,324.8691992623188
5.505999999999616,324.28488986730935
5.507999999999615,323.70113581470406
5.509999999999615,323.11795865300803
5.511999999999615,322.5353800686401
5.513999999999615,321.95335436274064
5.5159999999996145,321.37192540056236
5.517999999999614,320.7910701044026
5.519999999999614,320.2107875372204
5.521999999999614,319.63107690649514
5.523999999999614,319.0519372875553
5.525999999999613,318.4733679093284
5.527999999999613,317.8953900504239
5.529999999999613,317.31795879961936
5.531999999999613,316.7411172906831
5.533999999999613,316.1648428033339
5.535999999999612,315.5891345144574
5.537999999999612,315.0139915403371
5.539999999999612,314.4394130894378
5.541999999999612,313.8653983427382
5.5439999999996115,313.29194648651986
5.545999999999611,312.71907844430774
5.547999999999611,312.14677189829456
5.549999999999611,311.5750043484708
5.551999999999611,311.00381797080723
5.55399999999961,310.4331906469769
5.55599999999961,309.8631430762392
5.55799999999961,309.2936316901481
5.55999999999961,308.724676869455
5.5619999999996095,308.1562991702957
5.563999999999609,307.58847673717577
5.565999999999609,307.02120871175583
5.567999999999609,306.45449429007493
5.569999999999609,305.8883326817421
5.571999999999608,305.32272312450027
5.573999999999608,304.7576648374828
5.575999999999608,304.19317807306095
5.577999999999608,303.6292413586641
5.5799999999996075,303.065832845138
5.581999999999607,302.5029933662618
5.583999999999607,301.9407015847611
5.585999999999607,301.3789775111779
5.587999999999607,300.81777904952247
5.589999999999606,300.25714657550765
5.591999999999606,299.69703822663007
5.593999999999606,299.13749426657495
5.595999999999606,298.5784936273015
5.5979999999996055,298.02003554586264
5.599999999999605,297.4621192265548
5.601999999999605,296.9047643995179
5.603999999999605,296.34792975391576
5.605999999999605,295.7916549393493
5.607999999999604,295.23591920808923
5.609999999999604,294.6807217738161
5.611999999999604,294.12606185307897
5.613999999999604,293.5719387397179
5.6159999999996035,293.0183718175611
5.617999999999603,292.46532048114926
5.619999999999603,291.91282372716
5.621999999999603,291.3608611886463
5.623999999999603,290.80943205957635
5.625999999999602,290.2585355885391
5.627999999999602,289.7081710739696
5.629999999999602,289.15835762827754
5.631999999999602,288.6090750584826
5.6339999999996015,288.0603225406845
5.635999999999601,287.512099322014
5.637999999999601,286.9644046685872
5.639999999999601,286.41723788199164
5.641999999999601,285.8705982844875
5.6439999999996004,285.32450469547456
5.6459999999996,284.7789372796369
5.6479999999996,284.2338952277655
5.6499999999996,283.6893777995594
5.6519999999996,283.14538427672295
5.653999999999599,282.60193327997746
5.655999999999599,282.0589859110738
5.657999999999599,281.5165795113157
5.659999999999599,280.97469457828106
5.6619999999995985,280.43333039066243
5.663999999999598,279.8925053041053
5.665999999999598,279.3521808384883
5.667999999999598,278.81239388717034
5.669999999999598,278.273106237793
5.671999999999597,277.73435466252477
5.673999999999597,277.1961389163543
5.675999999999597,276.65842089085703
5.677999999999597,276.12121824253956
5.6799999999995965,275.5845490966323
5.681999999999596,275.0483944424248
5.683999999999596,274.51275352171064
5.685999999999596,273.97762561248715
5.687999999999596,273.4430100503019
5.689999999999595,272.90892471741597
5.691999999999595,272.37535080101355
5.693999999999595,271.84226905693777
5.695999999999595,271.3097336964647
5.6979999999995945,270.7776897232697
5.699999999999594,270.2461542904237
5.701999999999594,269.71514506719586
5.703999999999594,269.18464351319847
5.705999999999594,268.65464888930546
5.707999999999593,268.12516048573485
5.709999999999593,267.5961776495038
5.711999999999593,267.0677178064584
5.713999999999593,266.53974457850376
5.7159999999995925,266.01229287994954
5.717999999999592,265.48534455848585
5.719999999999592,264.95891677427903
5.721999999999592,264.432973480578
5.723999999999592,263.90754919368567
5.725999999999591,263.3826258742387
5.727999999999591,262.8582028413269
5.729999999999591,262.33427938406686
5.731999999999591,261.81085485549403
5.7339999999995905,261.28794628111353
5.73599999999959,260.76553580833604
5.73799999999959,260.24360516292734
5.73999999999959,259.72220578513975
5.74199999999959,259.2012855270589
5.743999999999589,258.68087802752217
5.745999999999589,258.1609482954812
5.747999999999589,257.64152993158604
5.749999999999589,257.122605458263
5.7519999999995886,256.6041914578582
5.753999999999588,256.0862531840583
5.755999999999588,255.56882386607913
5.757999999999588,255.05188616851729
5.759999999999588,254.53543939455443
5.7619999999995875,254.01948288376724
5.763999999999587,253.50403303900242
5.765999999999587,252.98907264547756
5.767999999999587,252.47460094158396
5.769999999999587,251.9606380499808
5.771999999999586,251.44719361233973
5.773999999999586,250.9342651625289
5.775999999999586,250.42184637883577
5.777999999999586,249.9099473361357
5.7799999999995855,249.3985459446768
5.781999999999585,248.8876375311471
5.783999999999585,248.37721859911846
5.785999999999585,247.86728653132388
5.787999999999585,247.3578559513619
5.789999999999584,246.84890929966946
5.791999999999584,246.34044524203165
5.793999999999584,245.83246277530162
5.795999999999584,245.32497745319534
5.7979999999995835,244.81795618269484
5.799999999999583,244.31143042752228
5.801999999999583,243.80538369980275
5.803999999999583,243.2998315752784
5.805999999999583,242.794741345646
5.807999999999582,242.2901441902024
5.809999999999582,241.78602383167674
5.811999999999582,241.28237958692802
5.813999999999582,240.77922688834593
5.8159999999995815,240.27653348016344
5.817999999999581,239.7743302069714
5.819999999999581,239.2726009836777
5.821999999999581,238.7713451525663
5.823999999999581,238.27057797173927
5.82599999999958,237.77028340610326
5.82799999999958,237.27046072643202
5.82999999999958,236.7711092324754
5.83199999999958,236.27222832869484
5.8339999999995795,235.77383314885986
5.835999999999579,235.27590785624875
5.837999999999579,234.77845172978869
5.839999999999579,234.28146413794673
5.841999999999579,233.78496001467477
5.843999999999578,233.28890816294086
5.845999999999578,232.79333844645907
5.847999999999578,232.29823530481673
5.849999999999578,231.8036135131647
5.8519999999995775,231.3094574685556
5.853999999999577,230.81575108216867
5.855999999999577,230.3225392121301
5.857999999999577,229.82977641125916
5.859999999999577,229.33749193362524
5.861999999999576,228.84565525998806
5.863999999999576,228.35429562170992
5.865999999999576,227.8634129683045
5.867999999999576,227.37297685685832
5.869999999999576,226.88301624740205
5.871999999999575,226.39351601342258
5.873999999999575,225.90447547129872
5.875999999999575,225.41590896738978
5.877999999999575,224.92778649296787
5.8799999999995745,224.44013667790006
5.881999999999574,223.9529446223093
5.883999999999574,223.46622447136775
5.885999999999574,222.97994648450583
5.887999999999574,222.4941954198926
5.889999999999573,222.00881461349303
5.891999999999573,221.5239126242248
5.893999999999573,221.0394576140685
5.895999999999573,220.5554756371614
5.8979999999995725,220.0719505295511
5.899999999999572,219.58889507252735
5.901999999999572,219.10627933923007
5.903999999999572,218.62413060155512
5.905999999999572,218.1424340650289
5.907999999999571,217.66120327154596
5.909999999999571,217.18040916921558
5.911999999999571,216.70007920397592
5.913999999999571,216.22019896041485
5.9159999999995705,215.74076775438755
5.91799999999957,215.26179922230028
5.91999999999957,214.7832789771478
5.92199999999957,214.3052064025539
5.92399999999957,213.82758076107274
5.925999999999569,213.35041560868814
5.927999999999569,212.87368270943034
5.929999999999569,212.39740897319814
5.931999999999569,211.92159437634382
5.9339999999995685,211.4462107977078
5.935999999999568,210.97128490123356
5.937999999999568,210.4968027504022
5.939999999999568,210.0227775118226
5.941999999999568,209.54918137460055
5.943999999999567,209.07604079771056
5.945999999999567,208.60334193566518
5.947999999999567,208.13109790349586
5.949999999999567,207.65928113287208
5.9519999999995665,207.18791780110433
5.953999999999566,206.71699425178355
5.955999999999566,206.24652343994808
5.957999999999566,205.77647804835152
5.959999999999566,205.30688404524017
5.961999999999565,204.83772788727316
5.963999999999565,204.36902239064437
5.965999999999565,203.90074051518536
5.967999999999565,203.43290795225096
5.9699999999995645,202.96552466069704
5.971999999999564,202.49856373635606
5.973999999999564,202.03205065579925
5.975999999999564,201.56597204207105
5.977999999999564,201.10032726938027
5.979999999999563,200.63512900398666
5.981999999999563,200.170363865007
5.983999999999563,199.7060312061451
5.985999999999563,199.24213040961217
5.987999999999563,198.7786740200761
5.989999999999562,198.31564884124242
5.991999999999562,197.85305422810166
5.993999999999562,197.3908895913434
5.995999999999562,196.92916731028396
5.9979999999995615,196.46787433919803
5.999999999999561,196.00701004213357
