time,value
0.0,2092.0487364034793
0.002,2072.2260043069464
0.004,2059.4310139393815
0.006,2218.8685430030714
0.008,2260.810039746305
0.01,2271.444274967398
0.012,2271.0644456719
0.014,2267.2179510412193
0.016,2263.067888497736
0.018000000000000002,2259.7501037597003
0.020000000000000004,2257.4424417424507
0.022000000000000006,2255.9474115164735
0.024000000000000007,2254.9942655948767
0.02600000000000001,2254.3583068922685
0.02800000000000001,2253.887805103475
0.030000000000000013,2253.493555936703
0.032000000000000015,2253.1288830573935
0.034000000000000016,2252.772564750723
0.03600000000000002,2252.416868925602
0.03800000000000002,2252.06023847139
0.04000000000000002,2251.7035162305174
0.04200000000000002,2251.347997286584
0.044000000000000025,2250.9948578432004
0.04600000000000003,2250.644810006796
0.04800000000000003,2250.298567031241
0.05000000000000003,2249.9563782918017
0.05200000000000003,2249.618377127197
0.054000000000000034,2249.28481422522
0.056000000000000036,2248.955590268712
0.05800000000000004,2248.6307225230307
0.06000000000000004,2248.310218119993
0.06200000000000004,2247.994349910084
0.06400000000000004,2247.6830066633966
0.06600000000000004,2247.376087837518
0.06800000000000005,2247.0736100366285
0.07000000000000005,2246.775471597796
0.07200000000000005,2246.481806403218
0.07400000000000005,2246.1925120492783
0.07600000000000005,2245.907603821075
0.07800000000000006,2245.627096781976
0.08000000000000006,2245.3510057913786
0.08200000000000006,2245.0792267147926
0.08400000000000006,2244.811773612376
0.08600000000000006,2244.5488979600323
0.08800000000000006,2244.290613437214
0.09000000000000007,2244.037052808582
0.09200000000000007,2243.7882298376717
0.09400000000000007,2243.5441582286307
0.09600000000000007,2243.304732003003
0.09800000000000007,2243.069964284406
0.10000000000000007,2242.83962846572
0.10200000000000008,2242.6139764638046
0.10400000000000008,2242.392780835631
0.10600000000000008,2242.1760533308875
0.10800000000000008,2241.9636853216252
0.11000000000000008,2241.75580811798
0.11200000000000009,2241.552071776338
0.11400000000000009,2241.3526068896253
0.11600000000000009,2241.1574236395254
0.11800000000000009,2240.966290793028
0.12000000000000009,2240.7792176863722
0.1220000000000001,2240.596092675309
0.1240000000000001,2240.417045360588
0.12600000000000008,2240.2417216876843
0.12800000000000009,2240.070250649673
0.1300000000000001,2239.902519133315
0.1320000000000001,2239.738413596637
0.1340000000000001,2239.578304142443
0.1360000000000001,2239.4225607645035
0.1380000000000001,2239.271311546347
0.1400000000000001,2239.124442284512
0.1420000000000001,2238.981838812589
0.1440000000000001,2238.8432653085893
0.1460000000000001,2238.7086071374306
0.1480000000000001,2238.577749362755
0.1500000000000001,2238.4504549776393
0.1520000000000001,2238.3266082046507
0.1540000000000001,2238.206092915694
0.1560000000000001,2238.0887926175246
0.1580000000000001,2237.9745904952997
0.16000000000000011,2237.863247400868
0.16200000000000012,2237.754767806135
0.16400000000000012,2237.6489118501063
0.16600000000000012,2237.5455613701065
0.16800000000000012,2237.444597942472
0.17000000000000012,2237.3460251068823
0.17200000000000013,2237.2494794572895
0.17400000000000013,2237.155086367268
0.17600000000000013,2237.0626041566907
0.17800000000000013,2236.9719131961156
0.18000000000000013,2236.8828936470018
0.18200000000000013,2236.795547729477
0.18400000000000014,2236.710122004305
0.18600000000000014,2236.6267403137526
0.18800000000000014,2236.5455267133875
0.19000000000000014,2236.466360348101
0.19200000000000014,2236.3892430959936
0.19400000000000014,2236.3139315569274
0.19600000000000015,2236.2405503540303
0.19800000000000015,2236.168855921544
0.20000000000000015,2236.098850048309
0.20200000000000015,2236.0304116627817
0.20400000000000015,2235.9635423919517
0.20600000000000016,2235.8982438310145
0.20800000000000016,2235.834271674132
0.21000000000000016,2235.771750245239
0.21200000000000016,2235.7104349855795
0.21400000000000016,2235.6503271277384
0.21600000000000016,2235.5915508859953
0.21800000000000017,2235.533861360145
0.22000000000000017,2235.4772596331586
0.22200000000000017,2235.4216236424804
0.22400000000000017,2235.366954283369
0.22600000000000017,2235.313867111899
0.22800000000000017,2235.262607922184
0.23000000000000018,2235.2131766932816
0.23200000000000018,2235.1655740266665
0.23400000000000018,2235.11955455574
0.23600000000000018,2235.0749963854155
0.23800000000000018,2235.031531170562
0.24000000000000019,2234.989160351007
0.2420000000000002,2234.947638691926
0.2440000000000002,2234.9069675032947
0.2460000000000002,2234.8669013184435
0.2480000000000002,2234.82731788701
0.25000000000000017,2234.7880948600405
0.25200000000000017,2234.749233172645
0.25400000000000017,2234.710486888495
0.25600000000000017,2234.6717333619004
0.2580000000000002,2234.6329733158877
0.2600000000000002,2234.5940839687537
0.2620000000000002,2234.5549424492847
0.2640000000000002,2234.515918891719
0.2660000000000002,2234.477505921334
0.2680000000000002,2234.440072862542
0.2700000000000002,2234.403619018781
0.2720000000000002,2234.3678970316855
0.2740000000000002,2234.3331542213245
0.2760000000000002,2234.299020152269
0.2780000000000002,2234.2656189129966
0.2800000000000002,2234.232827391183
0.2820000000000002,2234.2006461074757
0.2840000000000002,2234.1688282357823
0.2860000000000002,2234.137621595439
0.2880000000000002,2234.10665556904
0.2900000000000002,2234.0761779714094
0.2920000000000002,2234.04594175437
0.2940000000000002,2234.016071025024
0.2960000000000002,2233.986442386755
0.2980000000000002,2233.9570561752585
0.3000000000000002,2233.9279127010836
0.3020000000000002,2233.8987646980304
0.3040000000000002,2233.8698600342127
0.3060000000000002,2233.8409513464712
0.3080000000000002,2233.8121627031433
0.3100000000000002,2233.783370509902
0.3120000000000002,2233.7545749784153
0.3140000000000002,2233.7256524546174
0.3160000000000002,2233.696726995101
0.3180000000000002,2233.6676748901477
0.32000000000000023,2233.6383724022785
0.32200000000000023,2233.609067501252
0.32400000000000023,2233.5795124764336
0.32600000000000023,2233.549707460078
0.32800000000000024,2233.5196525639367
0.33000000000000024,2233.489471555485
0.33200000000000024,2233.459411427202
0.33400000000000024,2233.4299671888434
0.33600000000000024,2233.400890170095
0.33800000000000024,2233.372304078609
0.34000000000000025,2233.3442088606625
0.34200000000000025,2233.3163565176865
0.34400000000000025,2233.288871290566
0.34600000000000025,2233.261629318885
0.34800000000000025,2233.234754925535
0.35000000000000026,2233.208124238466
0.35200000000000026,2233.181613376341
0.35400000000000026,2233.155346660124
0.35600000000000026,2233.129324293637
0.35800000000000026,2233.1034223192473
0.36000000000000026,2233.0776409148066
0.36200000000000027,2233.0519802530252
0.36400000000000027,2233.026316306017
0.36600000000000027,2233.000897606086
0.36800000000000027,2232.9754758885297
0.3700000000000003,2232.950051301274
0.3720000000000003,2232.924748189054
0.3740000000000003,2232.89931820392
0.3760000000000003,2232.874009953272
0.3780000000000003,2232.848699294319
0.3800000000000003,2232.823262058541
0.3820000000000003,2232.797698344713
0.3840000000000003,2232.772132522005
0.3860000000000003,2232.746564679163
0.3880000000000003,2232.720870576839
0.3900000000000003,2232.6949259688545
0.3920000000000003,2232.6689795967795
0.3940000000000003,2232.6427828130254
0.3960000000000003,2232.6165840744466
0.3980000000000003,2232.590631462174
0.4000000000000003,2232.5651729674323
0.4020000000000003,2232.5400835464575
0.4040000000000003,2232.515611647227
0.4060000000000003,2232.491508329498
0.4080000000000003,2232.4677736410513
0.4100000000000003,2232.4445321845387
0.4120000000000003,2232.4215352730826
0.4140000000000003,2232.3989075998084
0.4160000000000003,2232.376524936093
0.4180000000000003,2232.3543875101527
0.4200000000000003,2232.3324955347844
0.4220000000000003,2232.3107247192006
0.4240000000000003,2232.2891997733936
0.4260000000000003,2232.2677963516617
0.4280000000000003,2232.2466391628827
0.4300000000000003,2232.2254793001375
0.43200000000000033,2232.2045660330455
0.43400000000000033,2232.18365038172
0.43600000000000033,2232.1627325141767
0.43800000000000033,2232.141937127902
0.44000000000000034,2232.121139776349
0.44200000000000034,2232.1003405780816
0.44400000000000034,2232.079539651691
0.44600000000000034,2232.0587371157453
0.44800000000000034,2232.037933074069
0.45000000000000034,2232.0170029308742
0.45200000000000035,2231.9960713915157
0.45400000000000035,2231.9750139106227
0.45600000000000035,2231.953830598164
0.45800000000000035,2231.9325215591166
0.46000000000000035,2231.9112114523737
0.46200000000000035,2231.889899842295
0.46400000000000036,2231.8688356427633
0.46600000000000036,2231.848018494716
0.46800000000000036,2231.827448211664
0.47000000000000036,2231.8070000102207
0.47200000000000036,2231.786798666595
0.47400000000000037,2231.766719507078
0.47600000000000037,2231.74676263775
0.47800000000000037,2231.7269281695853
0.48000000000000037,2231.707216208343
0.4820000000000004,2231.687626864685
0.4840000000000004,2231.668035451701
0.4860000000000004,2231.648566869424
0.4880000000000004,2231.6292211985437
0.4900000000000004,2231.6097489069157
0.4920000000000004,2231.590399727056
0.4940000000000004,2231.571173729528
0.4960000000000004,2231.5518213051387
0.4980000000000004,2231.532467385138
0.5000000000000003,2231.513236896047
0.5020000000000003,2231.493880161609
0.5040000000000003,2231.4745221292715
0.5060000000000003,2231.455162853469
0.5080000000000003,2231.4356774914013
0.5100000000000003,2231.4161910018925
0.5120000000000003,2231.396578519531
0.5140000000000003,2231.3769650157606
0.5160000000000003,2231.3572255975755
0.5180000000000003,2231.337360302589
0.5200000000000004,2231.3173691732654
0.5220000000000004,2231.297377201406
0.5240000000000004,2231.277259423389
0.5260000000000004,2231.2570156385323
0.5280000000000004,2231.2370204130493
0.5300000000000004,2231.2170234330306
0.5320000000000004,2231.19727450945
0.5340000000000004,2231.1776485383834
0.5360000000000004,2231.1581455065875
0.5380000000000004,2231.1387654551213
0.5400000000000004,2231.1193833950915
0.5420000000000004,2231.1001244540184
0.5440000000000004,2231.0809886925126
0.5460000000000004,2231.0618511201997
0.5480000000000004,2231.042711806271
0.5500000000000004,2231.0236958979763
0.5520000000000004,2231.0046783542107
0.5540000000000004,2230.985659244257
0.5560000000000004,2230.9667637211173
0.5580000000000004,2230.947741610836
0.5600000000000004,2230.9288432182393
0.5620000000000004,2230.909818310385
0.5640000000000004,2230.890917231218
0.5660000000000004,2230.871889708707
0.5680000000000004,2230.8528609512477
0.5700000000000004,2230.833830993463
0.5720000000000004,2230.814674697781
0.5740000000000004,2230.7956424593203
0.5760000000000004,2230.7763587307118
0.5780000000000004,2230.7571991582336
0.5800000000000004,2230.7379133394797
0.5820000000000004,2230.718501307727
0.5840000000000004,2230.699088310552
0.5860000000000004,2230.6795491346315
0.5880000000000004,2230.6598837980355
0.5900000000000004,2230.640217559706
0.5920000000000004,2230.620424971327
0.5940000000000004,2230.600881573913
0.5960000000000004,2230.5813365729964
0.5980000000000004,2230.5619151206724
0.6000000000000004,2230.5426171637164
0.6020000000000004,2230.523317379962
0.6040000000000004,2230.504141111209
0.6060000000000004,2230.485088398101
0.6080000000000004,2230.4660339022516
0.6100000000000004,2230.4471029415577
0.6120000000000004,2230.428295477027
0.6140000000000004,2230.409486159275
0.6160000000000004,2230.390800386185
0.6180000000000004,2230.3722381977573
0.6200000000000004,2230.3536742637907
0.6220000000000004,2230.335234041961
0.6240000000000004,2230.3167921951394
0.6260000000000004,2230.2984741877526
0.6280000000000004,2230.2800292477714
0.6300000000000004,2230.2617082875677
0.6320000000000005,2230.2433859169837
0.6340000000000005,2230.225062185419
0.6360000000000005,2230.206737147438
0.6380000000000005,2230.188410842584
0.6400000000000005,2230.170083315399
0.6420000000000005,2230.1516291294206
0.6440000000000005,2230.1332992929692
0.6460000000000005,2230.1148428553656
0.6480000000000005,2230.0963853570847
0.6500000000000005,2230.077926822875
0.6520000000000005,2230.0593417746377
0.6540000000000005,2230.0407557678755
0.6560000000000005,2230.0220432927863
0.6580000000000005,2230.003329827286
0.6600000000000005,2229.9846151677593
0.6620000000000005,2229.9661502353424
0.6640000000000005,2229.9475581918978
0.6660000000000005,2229.929215707046
0.6680000000000005,2229.910871591482
0.6700000000000005,2229.892651452864
0.6720000000000005,2229.8743041333105
0.6740000000000005,2229.8562065008073
0.6760000000000005,2229.8379817367313
0.6780000000000005,2229.8198811424595
0.6800000000000005,2229.801779128286
0.6820000000000005,2229.7838013709647
0.6840000000000005,2229.7656966191785
0.6860000000000005,2229.747716224706
0.6880000000000005,2229.729608893692
0.6900000000000005,2229.7116260056405
0.6920000000000005,2229.693516219178
0.6940000000000005,2229.675405270263
0.6960000000000005,2229.6574188678555
0.6980000000000005,2229.6393056267198
0.7000000000000005,2229.621191302306
0.7020000000000005,2229.6029501857342
0.7040000000000005,2229.584833765728
0.7060000000000005,2229.5665905717583
0.7080000000000005,2229.548346386955
0.7100000000000005,2229.5299754695893
0.7120000000000005,2229.511603599321
0.7140000000000005,2229.4932307860627
0.7160000000000005,2229.4747312680256
0.7180000000000005,2229.4562308547092
0.7200000000000005,2229.4376037527436
0.7220000000000005,2229.4189757833096
0.7240000000000005,2229.4002211410543
0.7260000000000005,2229.381465574562
0.7280000000000005,2229.3627088949675
0.7300000000000005,2229.3439509531636
0.7320000000000005,2229.3253174887404
0.7340000000000005,2229.306808452312
0.7360000000000005,2229.288172092715
0.7380000000000005,2229.2696601826356
0.7400000000000005,2229.2511468496605
0.7420000000000005,2229.2326321234523
0.7440000000000005,2229.214116038715
0.7460000000000006,2229.195598610232
0.7480000000000006,2229.177205793497
0.7500000000000006,2229.1586857550915
0.7520000000000006,2229.1401644620337
0.7540000000000006,2229.121767879956
0.7560000000000006,2229.1032441204056
0.7580000000000006,2229.0847191804264
0.7600000000000006,2229.0661930649085
0.7620000000000006,2229.047539824212
0.7640000000000006,2229.0290114333834
0.7660000000000006,2229.0103559301874
0.7680000000000006,2228.9918253232663
0.7700000000000006,2228.973041603884
0.7720000000000006,2228.954382850124
0.7740000000000006,2228.935597007684
0.7760000000000006,2228.9168100645056
0.7780000000000006,2228.8980220105595
0.7800000000000006,2228.879232855729
0.7820000000000006,2228.8603165906948
0.7840000000000006,2228.841399311923
0.7860000000000006,2228.8223549532177
0.7880000000000006,2228.8033096280305
0.7900000000000006,2228.7842633313285
0.7920000000000006,2228.7649638790535
0.7940000000000006,2228.74578959078
0.7960000000000006,2228.7264881046176
0.7980000000000006,2228.707311536149
0.8000000000000006,2228.6881336403803
0.8020000000000006,2228.668954357494
0.8040000000000006,2228.649773662548
0.8060000000000006,2228.630591550429
0.8080000000000006,2228.6115342022777
0.8100000000000006,2228.592349264109
0.8120000000000006,2228.573289141741
0.8140000000000006,2228.554101461565
0.8160000000000006,2228.5350386539917
0.8180000000000006,2228.5158483059463
0.8200000000000006,2228.4967828773497
0.8220000000000006,2228.4775899007027
0.8240000000000006,2228.4585218307598
0.8260000000000006,2228.439326150466
0.8280000000000006,2228.420255379016
0.8300000000000006,2228.401183246003
0.8320000000000006,2228.3821097762066
0.8340000000000006,2228.3629087008567
0.8360000000000006,2228.343832623099
0.8380000000000006,2228.3247552579246
0.8400000000000006,2228.3055503206083
0.8420000000000006,2228.2863441430677
0.8440000000000006,2228.2671367400285
0.8460000000000006,2228.247928126331
0.8480000000000006,2228.2287183168196
0.8500000000000006,2228.209380968377
0.8520000000000006,2228.1900424661767
0.8540000000000006,2228.170702810065
0.8560000000000006,2228.1513620099236
0.8580000000000007,2228.131893697577
0.8600000000000007,2228.112424278194
0.8620000000000007,2228.0928273460413
0.8640000000000007,2228.0732293188157
0.8660000000000007,2228.053630121757
0.8680000000000007,2228.034156072467
0.8700000000000007,2228.0145542009923
0.8720000000000007,2227.9950773553746
0.8740000000000007,2227.9754725999865
0.8760000000000007,2227.9559928530916
0.8780000000000007,2227.936511649757
0.8800000000000007,2227.917028999889
0.8820000000000007,2227.897544923175
0.8840000000000007,2227.8780594444324
0.8860000000000007,2227.8586990899053
0.8880000000000007,2227.8392108403878
0.8900000000000007,2227.8197212481596
0.8920000000000007,2227.800103780228
0.8940000000000007,2227.780611553149
0.8960000000000007,2227.761118002891
0.8980000000000007,2227.741623159262
0.9000000000000007,2227.722000458835
0.9020000000000007,2227.702376496844
0.9040000000000007,2227.6827512732193
0.9060000000000007,2227.6631248076537
0.9080000000000007,2227.643497100105
0.9100000000000007,2227.6237415477626
0.9120000000000007,2227.6039847801912
0.9140000000000007,2227.5842268122083
0.9160000000000007,2227.5643409892327
0.9180000000000007,2227.544453982576
0.9200000000000007,2227.5245657820997
0.9220000000000007,2227.504676397652
0.9240000000000007,2227.4846591536525
0.9260000000000007,2227.4646407472046
0.9280000000000007,2227.4444944796496
0.9300000000000007,2227.424347056169
0.9320000000000007,2227.4041984766936
0.9340000000000007,2227.3839220150153
0.9360000000000007,2227.363644398773
0.9380000000000007,2227.3432388136625
0.9400000000000007,2227.322958664517
0.9420000000000007,2227.3025503486306
0.9440000000000007,2227.282267367297
0.9460000000000007,2227.2619829021064
0.9480000000000007,2227.2416969578567
0.9500000000000007,2227.221409544356
0.9520000000000007,2227.2009938627407
0.9540000000000007,2227.180703550985
0.9560000000000007,2227.1604117895104
0.9580000000000007,2227.139991761785
0.9600000000000007,2227.11969716594
0.9620000000000007,2227.09927430011
0.9640000000000007,2227.0788500453054
0.9660000000000007,2227.05842440135
0.9680000000000007,2227.037997373073
0.9700000000000008,2227.017442083614
0.9720000000000008,2226.9968854259155
0.9740000000000008,2226.9764543251213
0.9760000000000008,2226.9557680202442
0.9780000000000008,2226.935207301872
0.9800000000000008,2226.914518301351
0.9820000000000008,2226.893954915701
0.9840000000000008,2226.8731362769718
0.9860000000000008,2226.8524432877107
0.9880000000000008,2226.8316219944704
0.9900000000000008,2226.810799379044
0.9920000000000008,2226.7899754512337
0.9940000000000008,2226.769023201864
0.9960000000000008,2226.7480696508405
0.9980000000000008,2226.726987759972
1.0000000000000007,2226.7059045681335
1.0020000000000007,2226.6848200651493
1.0040000000000007,2226.663607194149
1.0060000000000007,2226.6423930225624
1.0080000000000007,2226.6211775401753
1.0100000000000007,2226.5998336463576
1.0120000000000007,2226.578488357531
1.0140000000000007,2226.557141593769
1.0160000000000007,2226.5357933050614
1.0180000000000007,2226.5145705657233
1.0200000000000007,2226.493219111811
1.0220000000000007,2226.4718660826857
1.0240000000000007,2226.450384324936
1.0260000000000007,2226.4290281601347
1.0280000000000007,2226.40767041466
1.0300000000000007,2226.386311073375
1.0320000000000007,2226.3648229491987
1.0340000000000007,2226.343460426156
1.0360000000000007,2226.3220962918467
1.0380000000000007,2226.300603340132
1.0400000000000007,2226.2792360230897
1.0420000000000007,2226.2577398838284
1.0440000000000007,2226.23624217311
1.0460000000000007,2226.214742890813
1.0480000000000007,2226.193242046666
1.0500000000000007,2226.1717396505346
1.0520000000000007,2226.1501084181223
1.0540000000000007,2226.1286029526564
1.0560000000000007,2226.1069686410187
1.0580000000000007,2226.0853328071203
1.0600000000000007,2226.0636954556867
1.0620000000000007,2226.0419292535194
1.0640000000000007,2226.0202888867766
1.0660000000000007,2225.998519654307
1.0680000000000007,2225.9766215662416
1.0700000000000007,2225.9548493529355
1.0720000000000007,2225.932948258934
1.0740000000000007,2225.91104567175
1.0760000000000007,2225.889014188841
1.0780000000000007,2225.867108629781
1.0800000000000007,2225.8449467324863
1.0820000000000007,2225.822910788613
1.0840000000000007,2225.800745908455
1.0860000000000007,2225.778579499231
1.0880000000000007,2225.7564114908596
1.0900000000000007,2225.7342418284234
1.0920000000000007,2225.7120704767335
1.0940000000000007,2225.6898974257256
1.0960000000000008,2225.667722660202
1.0980000000000008,2225.6455461799756
1.1000000000000008,2225.6233679949
1.1020000000000008,2225.601060582019
1.1040000000000008,2225.578879021467
1.1060000000000008,2225.5565682125994
1.1080000000000008,2225.534383290862
1.1100000000000008,2225.5120691202287
1.1120000000000008,2225.489753283347
1.1140000000000008,2225.467308191701
1.1160000000000008,2225.4449889967204
1.1180000000000008,2225.422668055126
1.1200000000000008,2225.4003453917016
1.1220000000000008,2225.37789340235
1.1240000000000008,2225.3555673893306
1.1260000000000008,2225.333112069645
1.1280000000000008,2225.310527452555
1.1300000000000008,2225.2880688812875
1.1320000000000008,2225.2654809918326
1.1340000000000008,2225.2428914782754
1.1360000000000008,2225.2203003403897
1.1380000000000008,2225.197579862584
1.1400000000000008,2225.174857764503
1.1420000000000008,2225.152134041068
1.1440000000000008,2225.129408697002
1.1460000000000008,2225.1065539654114
1.1480000000000008,2225.083697617212
1.1500000000000008,2225.060711869643
1.1520000000000008,2225.037852287149
1.1540000000000008,2225.0147354708383
1.1560000000000008,2224.991744844182
1.1580000000000008,2224.9686247599398
1.1600000000000008,2224.9455030411636
1.1620000000000008,2224.922379662775
1.1640000000000008,2224.8991267138813
1.1660000000000008,2224.8759998653727
1.1680000000000008,2224.852743335159
1.1700000000000008,2224.8294849837116
1.1720000000000008,2224.806224800888
1.1740000000000008,2224.7829627714927
1.1760000000000008,2224.7596989053072
1.1780000000000008,2224.736433197113
1.1800000000000008,2224.7131656617444
1.1820000000000008,2224.6897683483094
1.1840000000000008,2224.666369221052
1.1860000000000008,2224.643096236586
1.1880000000000008,2224.6195654692638
1.1900000000000008,2224.596160884262
1.1920000000000008,2224.572754479616
1.1940000000000008,2224.549218250756
1.1960000000000008,2224.525680210535
1.1980000000000008,2224.502140363647
1.2000000000000008,2224.4785987049504
1.2020000000000008,2224.45492718217
1.2040000000000008,2224.431253850712
1.2060000000000008,2224.40757871036
1.2080000000000009,2224.383901760909
1.2100000000000009,2224.3600948971307
1.2120000000000009,2224.336286227206
1.2140000000000009,2224.3124757460296
1.2160000000000009,2224.2886634433144
1.2180000000000009,2224.2647211856083
1.2200000000000009,2224.2407771192584
1.2220000000000009,2224.2168312340586
1.2240000000000009,2224.19275534889
1.2260000000000009,2224.1686776476677
1.2280000000000009,2224.14459810017
1.2300000000000009,2224.1205166962063
1.2320000000000009,2224.0963052108827
1.2340000000000009,2224.0720918567363
1.2360000000000009,2224.0478766185424
1.2380000000000009,2224.023659496068
1.2400000000000009,2223.999312215451
1.2420000000000009,2223.9749629931293
1.2440000000000009,2223.9506117789515
1.2460000000000009,2223.9262585476445
1.2480000000000009,2223.9020315769094
1.2500000000000009,2223.8776742418713
1.252000000000001,2223.853314864011
1.254000000000001,2223.8288251121344
1.256000000000001,2223.8044616669367
1.258000000000001,2223.780096178241
1.260000000000001,2223.7556002815854
1.262000000000001,2223.7312307391226
1.264000000000001,2223.7067307759908
1.266000000000001,2223.682228786228
1.268000000000001,2223.6577247795517
1.270000000000001,2223.633090325893
1.272000000000001,2223.608582293553
1.274000000000001,2223.583943791468
1.276000000000001,2223.5593032692004
1.278000000000001,2223.534660736499
1.280000000000001,2223.510016178131
1.282000000000001,2223.4853696138366
1.284000000000001,2223.4605925302803
1.286000000000001,2223.4358134378704
1.288000000000001,2223.4110323363693
1.290000000000001,2223.3862492155395
1.292000000000001,2223.361335536969
1.294000000000001,2223.336419840955
1.296000000000001,2223.3115021323492
1.298000000000001,2223.2865824008063
1.300000000000001,2223.2615320526797
1.302000000000001,2223.2364796884303
1.304000000000001,2223.2114253028653
1.306000000000001,2223.186368885709
1.308000000000001,2223.1611818027004
1.310000000000001,2223.1359926897635
1.312000000000001,2223.1108015466357
1.314000000000001,2223.0854796897333
1.316000000000001,2223.060155799206
1.318000000000001,2223.0348298597423
1.320000000000001,2223.0095018561747
1.322000000000001,2222.9840430238028
1.324000000000001,2222.9585820587263
1.326000000000001,2222.93324765818
1.328000000000001,2222.90778231347
1.330000000000001,2222.8823147802627
1.332000000000001,2222.856845048269
1.334000000000001,2222.8312443234654
1.336000000000001,2222.805770201543
1.338000000000001,2222.780165063061
1.340000000000001,2222.754557721519
1.342000000000001,2222.729077021851
1.344000000000001,2222.7033364181325
1.346000000000001,2222.6777224857283
1.348000000000001,2222.652106349192
1.350000000000001,2222.6263591313514
1.352000000000001,2222.60060972048
1.354000000000001,2222.574858116276
1.356000000000001,2222.549104303489
1.358000000000001,2222.523219363074
1.360000000000001,2222.497332220084
1.362000000000001,2222.471571826402
1.364000000000001,2222.4455512901063
1.366000000000001,2222.41965753257
1.368000000000001,2222.393632568663
1.370000000000001,2222.3676053971794
1.372000000000001,2222.3415760027874
1.374000000000001,2222.315544395198
1.376000000000001,2222.2893815241714
1.378000000000001,2222.2632164406873
1.380000000000001,2222.2370491244315
1.382000000000001,2222.210879580084
1.384000000000001,2222.184578714847
1.386000000000001,2222.158275622111
1.388000000000001,2222.1319702866026
1.390000000000001,2222.1055335845217
1.392000000000001,2222.0790946401003
1.394000000000001,2222.052653433029
1.396000000000001,2222.0262099680244
1.398000000000001,2221.999635073173
1.400000000000001,2221.97305791072
1.402000000000001,2221.9464784502684
1.404000000000001,2221.9197674586394
1.406000000000001,2221.893183324276
1.408000000000001,2221.8664675738964
1.410000000000001,2221.839749420063
1.412000000000001,2221.813158113884
1.414000000000001,2221.78643512439
1.416000000000001,2221.7595804547536
1.418000000000001,2221.732852654013
1.420000000000001,2221.706122413248
1.422000000000001,2221.6792604248963
1.424000000000001,2221.6523960015447
1.426000000000001,2221.625529127851
1.428000000000001,2221.598789157341
1.430000000000001,2221.5717880131288
1.432000000000001,2221.5449138015
1.434000000000001,2221.518037148261
1.436000000000001,2221.491028645224
1.438000000000001,2221.4640177054807
1.440000000000001,2221.437004318632
1.442000000000001,2221.4099884843904
1.444000000000001,2221.3829701974287
1.446000000000001,2221.35582000308
1.448000000000001,2221.3286673657617
1.450000000000001,2221.3016417140675
1.452000000000001,2221.274484031986
1.454000000000001,2221.247323830875
1.456000000000001,2221.2201611304095
1.458000000000001,2221.1928664118454
1.460000000000001,2221.1656987693586
1.462000000000001,2221.138399093322
1.464000000000001,2221.1110969619
1.466000000000001,2221.0837923647446
1.468000000000001,2221.0563557109426
1.470000000000001,2221.028916595851
1.472000000000001,2221.0014750041055
1.474000000000001,2220.974030935366
1.476000000000001,2220.946454743765
1.478000000000001,2220.918876069464
1.480000000000001,2220.8912949121373
1.482000000000001,2220.863711256444
1.484000000000001,2220.8359954011803
1.486000000000001,2220.8084067401232
1.488000000000001,2220.780685793581
1.490000000000001,2220.7529622720726
1.492000000000001,2220.7252361551887
1.494000000000001,2220.6973776686796
1.496000000000001,2220.669646337385
1.498000000000001,2220.641782600463
1.500000000000001,2220.6140460433094
1.5020000000000011,2220.586177049488
1.5040000000000011,2220.558305437875
1.5060000000000011,2220.5304312081307
1.5080000000000011,2220.502424502235
1.5100000000000011,2220.4745450374207
1.5120000000000011,2220.4465330652765
1.5140000000000011,2220.418518468158
1.5160000000000011,2220.390501240608
1.5180000000000011,2220.3624813773267
1.5200000000000011,2220.3344588779187
1.5220000000000011,2220.306303810127
1.5240000000000011,2220.278146104926
1.5260000000000011,2220.249985756947
1.5280000000000011,2220.2218227658577
1.5300000000000011,2220.1935271379616
1.5320000000000011,2220.165358856641
1.5340000000000011,2220.1370579120735
1.5360000000000011,2220.1087543072013
1.5380000000000011,2220.0803180017856
1.5400000000000011,2220.0520090922587
1.5420000000000011,2220.0235674355913
1.5440000000000011,2219.9951231112527
1.5460000000000012,2219.966676108905
1.5480000000000012,2219.9380963235026
1.5500000000000012,2219.909643970962
1.5520000000000012,2219.8810587936396
1.5540000000000012,2219.852340782094
1.5560000000000012,2219.823750230314
1.5580000000000012,2219.7950268024315
1.5600000000000012,2219.766300661745
1.5620000000000012,2219.7375718078606
1.5640000000000012,2219.7087100212725
1.5660000000000012,2219.6799757317704
1.5680000000000012,2219.6511084775275
1.5700000000000012,2219.62210822871
1.5720000000000012,2219.593235468857
1.5740000000000012,2219.56435990212
1.5760000000000012,2219.5353512299653
1.5780000000000012,2219.506339723711
1.5800000000000012,2219.4773253779763
1.5820000000000012,2219.448308182337
1.5840000000000012,2219.4192881363406
1.5860000000000012,2219.390265239627
1.5880000000000012,2219.361109119249
1.5900000000000012,2219.3319501508686
1.5920000000000012,2219.3027883190034
1.5940000000000012,2219.273623623285
1.5960000000000012,2219.244456058297
1.5980000000000012,2219.215285628592
1.6000000000000012,2219.1859818864746
1.6020000000000012,2219.156675262155
1.6040000000000012,2219.127365750267
1.6060000000000012,2219.098053340357
1.6080000000000012,2219.0687380270087
1.6100000000000012,2219.039289295533
1.6120000000000012,2219.0099681856814
1.6140000000000012,2218.980513620063
1.6160000000000012,2218.9510561475704
1.6180000000000012,2218.921595757741
1.6200000000000012,2218.8921324501734
1.6220000000000012,2218.8625356295847
1.6240000000000012,2218.8329358834667
1.6260000000000012,2218.8033332114064
1.6280000000000012,2218.7737275979275
1.6300000000000012,2218.7441190526383
1.6320000000000012,2218.7145075651156
1.6340000000000012,2218.684762468986
1.6360000000000012,2218.6550144327202
1.6380000000000012,2218.625263445803
1.6400000000000012,2218.595378791184
1.6420000000000012,2218.5656219082302
1.6440000000000012,2218.535731314412
1.6460000000000012,2218.505837756059
1.6480000000000012,2218.475941227688
1.6500000000000012,2218.4459109389986
1.6520000000000012,2218.415877672073
1.6540000000000012,2218.385841416513
1.6560000000000012,2218.355802156804
1.6580000000000013,2218.325759877465
1.6600000000000013,2218.295583704517
1.6620000000000013,2218.2655353357845
1.6640000000000013,2218.2353530149944
1.6660000000000013,2218.205167610222
1.6680000000000013,2218.1749791159627
1.6700000000000013,2218.144787531773
1.6720000000000013,2218.1145928472133
1.6740000000000013,2218.084264121854
1.6760000000000013,2218.054063256354
1.6780000000000013,2218.023728316527
1.6800000000000013,2217.9933902718244
1.6820000000000013,2217.963049121884
1.6840000000000013,2217.932704861145
1.6860000000000013,2217.902357489152
1.6880000000000013,2217.8718759585527
1.6900000000000013,2217.841391318048
1.6920000000000013,2217.810903547169
1.6940000000000013,2217.7804126554533
1.6960000000000013,2217.7499186323407
1.6980000000000013,2217.7192903558303
1.7000000000000013,2217.6887900847423
1.7020000000000013,2217.658155521405
1.7040000000000013,2217.627517821907
1.7060000000000013,2217.596745808312
1.7080000000000013,2217.5661018211244
1.7100000000000013,2217.535323475815
1.7120000000000013,2217.504541974413
1.7140000000000013,2217.473757296371
1.7160000000000013,2217.4429694513037
1.7180000000000013,2217.4121784336235
1.7200000000000013,2217.3812529669444
1.7220000000000013,2217.3503243235896
1.7240000000000013,2217.3193924930097
1.7260000000000013,2217.28832615633
1.7280000000000013,2217.2573879457673
1.7300000000000013,2217.2263151797088
1.7320000000000013,2217.195239211186
1.7340000000000013,2217.1641600246044
1.7360000000000013,2217.13294623512
1.7380000000000013,2217.1018606168864
1.7400000000000013,2217.070640356186
1.7420000000000013,2217.0392854297893
1.7440000000000013,2217.0080586974163
1.7460000000000013,2216.976828700484
1.7480000000000013,2216.945463943336
1.7500000000000013,2216.914095886971
1.7520000000000013,2216.882724505838
1.7540000000000013,2216.8513497944223
1.7560000000000013,2216.819971747119
1.7580000000000013,2216.7884588166366
1.7600000000000013,2216.7570741018676
1.7620000000000013,2216.7255544640275
1.7640000000000013,2216.6940314795725
1.7660000000000013,2216.662505137968
1.7680000000000013,2216.6309754336366
1.7700000000000014,2216.5994423761167
1.7720000000000014,2216.567774256949
1.7740000000000014,2216.536234356716
1.7760000000000014,2216.5046910215246
1.7780000000000014,2216.473012584766
1.7800000000000014,2216.441330743227
1.7820000000000014,2216.4096454963396
1.7840000000000014,2216.3779568486016
1.7860000000000014,2216.3462647994875
1.7880000000000014,2216.314569353427
1.7900000000000014,2216.282738736838
1.7920000000000014,2216.2509047182875
1.7940000000000014,2216.21906728714
1.7960000000000014,2216.187226442956
1.7980000000000014,2216.155382180094
1.8000000000000014,2216.1234026470697
1.8020000000000014,2216.091551555821
1.8040000000000014,2216.0595651540884
1.8060000000000014,2216.0275753273527
1.8080000000000014,2215.99558206012
1.8100000000000014,2215.96345343761
1.8120000000000014,2215.9314532980334
1.8140000000000014,2215.8993177627326
1.8160000000000014,2215.867178770376
1.8180000000000014,2215.835036315397
1.8200000000000014,2215.802758399493
1.8220000000000014,2215.7706090229444
1.8240000000000014,2215.738324144835
1.8260000000000014,2215.7060357873875
1.8280000000000014,2215.6737439450767
1.8300000000000014,2215.6414486123076
1.8320000000000014,2215.609017697035
1.8340000000000014,2215.5765832856114
1.8360000000000014,2215.544145352364
1.8380000000000014,2215.5117038817466
1.8400000000000014,2215.479258848068
1.8420000000000014,2215.4466780849693
1.8440000000000014,2215.414225918651
1.8460000000000014,2215.3816379769496
1.8480000000000014,2215.3491786506243
1.8500000000000014,2215.316583517969
1.8520000000000014,2215.283984789045
1.8540000000000014,2215.251250217996
1.8560000000000014,2215.2186443048668
1.8580000000000014,2215.186034783652
1.8600000000000014,2215.153289363717
1.8620000000000014,2215.120540329679
1.8640000000000014,2215.0877876759205
1.8660000000000014,2215.0550314018733
1.8680000000000014,2215.0222715069453
1.8700000000000014,2214.989375615334
1.8720000000000014,2214.9564760916205
1.8740000000000014,2214.92370532052
1.8760000000000014,2214.890798500752
1.8780000000000014,2214.857755611611
1.8800000000000014,2214.8248415084367
1.8820000000000014,2214.7919237500932
1.8840000000000015,2214.758869865182
1.8860000000000015,2214.725812313798
1.8880000000000015,2214.692751100282
1.8900000000000015,2214.659686203997
1.8920000000000015,2214.6264851028723
1.8940000000000015,2214.5934128641493
1.8960000000000015,2214.560204373993
1.8980000000000015,2214.5269921882496
1.9000000000000015,2214.4937763063795
1.9020000000000015,2214.4604241101133
1.9040000000000015,2214.427200828852
1.9060000000000015,2214.3938411864165
1.9080000000000015,2214.360477829894
1.9100000000000015,2214.327110743569
1.9120000000000015,2214.293607237764
1.9140000000000015,2214.260232689781
1.9160000000000015,2214.226721685343
1.9180000000000015,2214.193206927972
1.9200000000000015,2214.1596884120513
1.9220000000000015,2214.1260333759833
1.9240000000000015,2214.092507345713
1.9260000000000015,2214.058844743169
1.9280000000000015,2214.025178353704
1.9300000000000015,2213.9915081516247
1.9320000000000015,2213.957834126264
1.9340000000000015,2213.924023408335
1.9360000000000015,2213.890341714012
1.9380000000000015,2213.8565232748247
1.9400000000000015,2213.822833883919
1.9420000000000015,2213.7890077158613
1.9440000000000015,2213.755177684646
1.9460000000000015,2213.721210838026
1.9480000000000015,2213.6873730831344
1.9500000000000015,2213.653398460299
1.9520000000000015,2213.619552938959
1.9540000000000015,2213.585570517315
1.9560000000000015,2213.5515841974384
1.9580000000000015,2213.517593973737
1.9600000000000015,2213.4835998354924
1.9620000000000015,2213.4494687156935
1.9640000000000015,2213.4154667658436
1.9660000000000015,2213.3813277868253
1.9680000000000015,2213.347184879349
1.9700000000000015,2213.31303804283
1.9720000000000015,2213.278887266489
1.9740000000000015,2213.2447325496955
1.9760000000000015,2213.2104407157185
1.9780000000000015,2213.1762781253874
1.9800000000000015,2213.1419783750544
1.9820000000000015,2213.1076746702265
1.9840000000000015,2213.073367005117
1.9860000000000015,2213.038922109288
1.9880000000000015,2213.0046065210036
1.9900000000000015,2212.970153653976
1.9920000000000015,2212.9356968124494
1.9940000000000015,2212.9012359757317
1.9960000000000016,2212.866771143058
1.9980000000000016,2212.832302313836
2.0000000000000013,2212.797696116669
2.002000000000001,2212.7630859098513
2.004000000000001,2212.7284716876466
2.0060000000000007,2212.693853439368
2.0080000000000005,2212.659231169292
2.0100000000000002,2212.624604866736
2.012,2212.589841069843
2.014,2212.5550732322267
2.0159999999999996,2212.5203013481387
2.0179999999999993,2212.485525406897
2.019999999999999,2212.4507454077484
2.021999999999999,2212.4158277939227
2.0239999999999987,2212.3809060836793
2.0259999999999985,2212.346113839587
2.0279999999999982,2212.3111838903933
2.029999999999998,2212.276249822699
2.031999999999998,2212.241177994291
2.0339999999999976,2212.2062356712513
2.0359999999999974,2212.1712892074547
2.037999999999997,2212.136204922551
2.039999999999997,2212.101116493304
2.0419999999999967,2212.06602390396
2.0439999999999965,2212.0309271588358
2.0459999999999963,2211.9958262521623
2.047999999999996,2211.960721178218
2.049999999999996,2211.9254781647255
2.0519999999999956,2211.8903647679645
2.0539999999999954,2211.8551133928145
2.055999999999995,2211.819857840192
2.057999999999995,2211.7845980942616
2.0599999999999947,2211.749200306731
2.0619999999999945,2211.7139321858976
2.0639999999999943,2211.6785259744042
2.065999999999994,2211.643249455665
2.067999999999994,2211.6078348122346
2.0699999999999936,2211.572415948616
2.0719999999999934,2211.5368589187406
2.073999999999993,2211.50143162119
2.075999999999993,2211.4658661082176
2.0779999999999927,2211.430296349344
2.0799999999999925,2211.3948562944056
2.0819999999999923,2211.359277892522
2.083999999999992,2211.3236951769845
2.085999999999992,2211.2881081628093
2.0879999999999916,2211.2525168639213
2.0899999999999914,2211.2169212895437
2.091999999999991,2211.181187334987
2.093999999999991,2211.1455832361216
2.0959999999999908,2211.109840717709
2.0979999999999905,2211.0739597596685
2.0999999999999903,2211.0382086864824
2.10199999999999,2211.00245331544
2.10399999999999,2210.9665594329763
2.1059999999999897,2210.930661243146
2.1079999999999894,2210.8947587401954
2.109999999999989,2210.8588519133145
2.111999999999989,2210.8229407617105
2.1139999999999888,2210.7868909890854
2.1159999999999886,2210.7508368720414
2.1179999999999883,2210.7149127235393
2.119999999999988,2210.6788498568
2.121999999999988,2210.6426482462507
2.1239999999999877,2210.6065766084657
2.1259999999999875,2210.5705005571826
2.1279999999999872,2210.534285679737
2.129999999999987,2210.498200812551
2.131999999999987,2210.4619770743366
2.1339999999999866,2210.4257489111083
2.1359999999999864,2210.3895163172506
2.137999999999986,2210.353279281784
2.139999999999986,2210.3170378089762
2.1419999999999857,2210.280791898064
2.1439999999999855,2210.244406997698
2.1459999999999853,2210.2080176442
2.147999999999985,2210.1717584106814
2.149999999999985,2210.1353601250676
2.1519999999999846,2210.0988227662324
2.1539999999999844,2210.0624155568244
2.155999999999984,2210.0260038751194
2.157999999999984,2209.989453047337
2.1599999999999837,2209.9530324118887
2.1619999999999835,2209.916472600075
2.1639999999999833,2209.879908289127
2.165999999999983,2209.8433394882054
2.167999999999983,2209.8066314291855
2.1699999999999826,2209.77005362901
2.1719999999999824,2209.7333365252357
2.173999999999982,2209.696614899424
2.175999999999982,2209.6600235556343
2.1779999999999817,2209.623158023147
2.1799999999999815,2209.586422801087
2.1819999999999813,2209.549683033589
2.183999999999981,2209.5128038420507
2.185999999999981,2209.4759200944563
2.1879999999999806,2209.4391667018235
2.1899999999999804,2209.4021388777337
2.19199999999998,2209.365241431924
2.19399999999998,2209.3283394117266
2.1959999999999797,2209.291297821208
2.1979999999999795,2209.2542516454687
2.1999999999999793,2209.2173358878217
2.201999999999979,2209.1802805010893
2.203999999999979,2209.143085458144
2.2059999999999786,2209.1060208729014
2.2079999999999784,2209.068816580428
2.209999999999978,2209.031607663272
2.211999999999978,2208.994529227629
2.2139999999999778,2208.957175871463
2.2159999999999775,2208.919953010052
2.2179999999999773,2208.8827254804605
2.219999999999977,2208.845358070956
2.221999999999977,2208.8081211851995
2.2239999999999767,2208.7707443783293
2.2259999999999764,2208.733362875348
2.227999999999976,2208.6959766603536
2.229999999999976,2208.6585857324626
2.231999999999976,2208.62119009079
2.2339999999999756,2208.5837897344854
2.2359999999999753,2208.546249328673
2.237999999999975,2208.5087041918478
2.239999999999975,2208.471289686805
2.2419999999999747,2208.433735062588
2.2439999999999745,2208.396040296351
2.2459999999999742,2208.3584761915763
2.247999999999974,2208.3209073312933
2.249999999999974,2208.2831982591388
2.2519999999999736,2208.245619892855
2.2539999999999734,2208.207901273151
2.255999999999973,2208.1701778795727
2.257999999999973,2208.13244970625
2.2599999999999727,2208.0945812096734
2.2619999999999725,2208.0568434717147
2.2639999999999723,2208.018965358671
2.265999999999972,2207.981082437324
2.267999999999972,2207.9433303143596
2.2699999999999716,2207.9053021259583
2.2719999999999714,2207.867404759167
2.273999999999971,2207.829502560344
2.275999999999971,2207.791459855864
2.2779999999999707,2207.7535480028027
2.2799999999999705,2207.715495602099
2.2819999999999703,2207.6774383506117
2.28399999999997,2207.6393762423845
2.28599999999997,2207.6011735057627
2.2879999999999696,2207.5631016737375
2.2899999999999694,2207.524889161116
2.291999999999969,2207.486671752799
2.293999999999969,2207.44844944777
2.2959999999999687,2207.410222240175
2.2979999999999685,2207.371990124014
2.2999999999999683,2207.333753103304
2.301999999999968,2207.295375259987
2.303999999999968,2207.257128419832
2.3059999999999676,2207.2187407146675
2.3079999999999674,2207.1803480807785
2.309999999999967,2207.1418145289244
2.311999999999967,2207.1034120119875
2.3139999999999668,2207.0650045334196
2.3159999999999665,2207.0264560456217
2.3179999999999663,2206.9879025687032
2.319999999999966,2206.9494801640326
2.321999999999966,2206.910916678776
2.3239999999999656,2206.8723481915013
2.3259999999999654,2206.833774696239
2.327999999999965,2206.795060048225
2.329999999999965,2206.756476536242
2.3319999999999648,2206.7177518237745
2.3339999999999645,2206.6791582711517
2.3359999999999643,2206.640423475311
2.337999999999964,2206.6016836448916
2.339999999999964,2206.5629387688723
2.3419999999999637,2206.5240525770146
2.3439999999999634,2206.4852976139614
2.3459999999999632,2206.4465375823625
2.347999999999963,2206.407636173116
2.349999999999963,2206.3687296974103
2.3519999999999626,2206.329818139242
2.3539999999999623,2206.2909014976285
2.355999999999962,2206.2519797715822
2.357999999999962,2206.2130529501233
2.3599999999999617,2206.1739846158107
2.3619999999999615,2206.134911172936
2.3639999999999612,2206.095969078172
2.365999999999961,2206.05688539331
2.367999999999961,2206.0177965968865
2.3699999999999606,2205.978566150883
2.3719999999999604,2205.9394671102473
2.37399999999996,2205.9003628649907
2.37599999999996,2205.8612534091526
2.3779999999999597,2205.822002162085
2.3799999999999595,2205.7828823389
2.3819999999999593,2205.743620716231
2.383999999999959,2205.7043539275705
2.385999999999959,2205.665081966975
2.3879999999999586,2205.625804838397
2.3899999999999584,2205.5865225358293
2.391999999999958,2205.547098346194
2.393999999999958,2205.507805709346
2.3959999999999577,2205.4683711318885
2.3979999999999575,2205.428931364801
2.3999999999999573,2205.3894863921105
2.401999999999957,2205.349899404218
2.403999999999957,2205.3104440188363
2.4059999999999566,2205.270846569558
2.4079999999999564,2205.2313807523583
2.409999999999956,2205.191772822469
2.411999999999956,2205.152159649065
2.4139999999999557,2205.1125412260744
2.4159999999999555,2205.072780595381
2.4179999999999553,2205.033151641713
2.419999999999955,2204.9933804213897
2.421999999999955,2204.9537409028226
2.4239999999999546,2204.9139590736713
2.4259999999999544,2204.874171946785
2.427999999999954,2204.8343795060982
2.429999999999954,2204.7945817505674
2.4319999999999538,2204.7547786741566
2.4339999999999535,2204.71483317752
2.4359999999999533,2204.6748823458156
2.437999999999953,2204.6350633133275
2.439999999999953,2204.5951017768884
2.4419999999999527,2204.555134902147
2.4439999999999524,2204.5151626681027
2.445999999999952,2204.4751850786424
2.447999999999952,2204.4350648895543
2.4499999999999518,2204.3950765724644
2.4519999999999516,2204.3549456113856
2.4539999999999513,2204.3148092583706
2.455999999999951,2204.274667507334
2.457999999999951,2204.2345203572213
2.4599999999999507,2204.1943678019225
2.4619999999999505,2204.154209835338
2.4639999999999502,2204.1140464664168
2.46599999999995,2204.0737402780337
2.46799999999995,2204.0334286726793
2.4699999999999496,2203.9931116243033
2.4719999999999493,2203.95278914179
2.473999999999949,2203.9124612090072
2.475999999999949,2203.872127834921
2.4779999999999487,2203.8317890033863
2.4799999999999485,2203.7913071910466
2.4819999999999482,2203.75081991144
2.483999999999948,2203.7104647284264
2.485999999999948,2203.6699664848884
2.4879999999999476,2203.6293251531933
2.4899999999999474,2203.5888159535225
2.491999999999947,2203.5483012510563
2.493999999999947,2203.507643390503
2.4959999999999467,2203.46698001217
2.4979999999999465,2203.4264488219305
2.4999999999999463,2203.3857743935387
2.501999999999946,2203.3449567041334
2.503999999999946,2203.3042712332717
2.5059999999999456,2203.26358022403
2.5079999999999454,2203.2227458685225
2.509999999999945,2203.1819059643067
2.511999999999945,2203.1411983300727
2.5139999999999447,2203.100347279235
2.5159999999999445,2203.0593527835704
2.5179999999999443,2203.018490578405
2.519999999999944,2202.9776227739217
2.521999999999944,2202.9366114291442
2.5239999999999436,2202.8957324235344
2.5259999999999434,2202.8547098272334
2.527999999999943,2202.813681608834
2.529999999999943,2202.772647752253
2.5319999999999427,2202.7316082613215
2.5339999999999425,2202.6905631298805
2.5359999999999423,2202.6493742881885
2.537999999999942,2202.6083178680733
2.539999999999942,2202.567117692164
2.5419999999999416,2202.52591184771
2.5439999999999414,2202.4848384688926
2.545999999999941,2202.443621263233
2.547999999999941,2202.4022602018945
2.5499999999999408,2202.3610316468207
2.5519999999999405,2202.3197973974243
2.5539999999999403,2202.278419211191
2.55599999999994,2202.2370353197502
2.55799999999994,2202.195783991812
2.5599999999999397,2202.1543886557506
2.5619999999999394,2202.1129876059013
2.563999999999939,2202.0714424933713
2.565999999999939,2202.0300299931464
2.5679999999999388,2201.9884733742
2.5699999999999386,2201.947049398805
2.5719999999999383,2201.9054812636377
2.573999999999938,2201.863907363862
2.575999999999938,2201.822327703277
2.5779999999999377,2201.780742270718
2.5799999999999375,2201.7391510599473
2.5819999999999372,2201.6974155676744
2.583999999999937,2201.6556742758726
2.585999999999937,2201.614065734391
2.5879999999999366,2201.572312824495
2.5899999999999364,2201.5305541064513
2.591999999999936,2201.48878957403
2.593999999999936,2201.4468806021227
2.5959999999999357,2201.4051044328385
2.5979999999999355,2201.363183772583
2.5999999999999353,2201.3212572590087
2.601999999999935,2201.279324890904
2.603999999999935,2201.2373866620505
2.6059999999999346,2201.195442566232
2.6079999999999344,2201.1534925972173
2.609999999999934,2201.111397973286
2.611999999999934,2201.0694362644927
2.6139999999999337,2201.027329844165
2.6159999999999335,2200.9852175263577
2.6179999999999333,2200.9430992949356
2.619999999999933,2200.900975138608
2.621999999999933,2200.8588450561915
2.6239999999999326,2200.8165701183775
2.6259999999999324,2200.774428165258
2.627999999999932,2200.73214129997
2.629999999999932,2200.6899874562428
2.6319999999999317,2200.647688658303
2.6339999999999315,2200.60538388729
2.6359999999999313,2200.5630731469478
2.637999999999931,2200.5207564260254
2.639999999999931,2200.47843372327
2.6419999999999306,2200.435965936581
2.6439999999999304,2200.3936312664646
2.64599999999993,2200.351151460369
2.64799999999993,2200.3086656476535
2.6499999999999297,2200.266173812087
2.6519999999999295,2200.2236759573634
2.6539999999999293,2200.181172027438
2.655999999999929,2200.138661996104
2.657999999999929,2200.0962851315944
2.6599999999999286,2200.05362364912
2.6619999999999284,2200.0110953956037
2.663999999999928,2199.9685610804036
2.665999999999928,2199.9258813830834
2.6679999999999278,2199.883334985547
2.6699999999999275,2199.8406431584813
2.6719999999999273,2199.797945274498
2.673999999999927,2199.755241317437
2.675999999999927,2199.712531285904
2.6779999999999267,2199.669815178673
2.6799999999999264,2199.6269535155707
2.681999999999926,2199.5840857490352
2.683999999999926,2199.5412924681586
2.685999999999926,2199.4984125180818
2.6879999999999256,2199.4555264456994
2.6899999999999253,2199.4126342596437
2.691999999999925,2199.369735938739
2.693999999999925,2199.326691877361
2.6959999999999247,2199.2837813074457
2.6979999999999245,2199.2407249392495
2.6999999999999242,2199.197662415587
2.701999999999924,2199.154593725104
2.703999999999924,2199.111518871504
2.7059999999999236,2199.0684378384367
2.7079999999999234,2199.025210879346
2.709999999999923,2198.982117498148
2.711999999999923,2198.938878132875
2.7139999999999227,2198.8957723831963
2.7159999999999225,2198.8525206014183
2.7179999999999223,2198.8092626116513
2.719999999999922,2198.765858525914
2.721999999999922,2198.7225881008817
2.7239999999999216,2198.679311438912
2.7259999999999214,2198.635888586244
2.727999999999921,2198.5924594782664
2.729999999999921,2198.549164071847
2.7319999999999207,2198.50572240481
2.7339999999999205,2198.462274463403
2.7359999999999203,2198.418680197027
2.73799999999992,2198.375219687423
2.73999999999992,2198.3317528794414
2.7419999999999196,2198.2881396664125
2.7439999999999194,2198.2446602671303
2.745999999999919,2198.2010344192013
2.747999999999919,2198.157312264472
2.7499999999999187,2198.113673871851
2.7519999999999185,2198.0700291417375
2.7539999999999183,2198.026378072641
2.755999999999918,2197.9825804150414
2.757999999999918,2197.93891666338
2.7599999999999176,2197.895106269424
2.7619999999999174,2197.851289504878
2.763999999999917,2197.807466358479
2.765999999999917,2197.763636833675
2.7679999999999167,2197.719800914243
2.7699999999999165,2197.675958603719
2.7719999999999163,2197.6321099006977
2.773999999999916,2197.588114370614
2.775999999999916,2197.544252877695
2.7779999999999156,2197.500244503759
2.7799999999999154,2197.4562297053812
2.781999999999915,2197.412208476191
2.783999999999915,2197.36818081479
2.7859999999999148,2197.3240061527003
2.7879999999999145,2197.2799656068405
2.7899999999999143,2197.2359186095937
2.791999999999914,2197.191724540368
2.793999999999914,2197.1475240003674
2.7959999999999137,2197.103316983107
2.7979999999999134,2197.0591034772406
2.7999999999999132,2197.014883486295
2.801999999999913,2196.9706569989135
2.803999999999913,2196.9262832798977
2.8059999999999126,2196.8820438043144
2.8079999999999123,2196.8376570427
2.809999999999912,2196.7931083846365
2.811999999999912,2196.748708820598
2.8139999999999117,2196.704302704544
2.8159999999999115,2196.659890044995
2.8179999999999112,2196.615470840476
2.819999999999911,2196.5709041797445
2.821999999999911,2196.5264718749463
2.8239999999999106,2196.4818920692037
2.8259999999999104,2196.4373056807894
2.82799999999991,2196.392712708185
2.82999999999991,2196.348113140032
2.8319999999999097,2196.303506969843
2.8339999999999095,2196.2587531397976
2.8359999999999093,2196.2141337551175
2.837999999999909,2196.1693666457727
2.839999999999909,2196.1245929013476
2.8419999999999086,2196.079953646064
2.8439999999999084,2196.0351665936037
2.845999999999908,2195.990372896697
2.847999999999908,2195.9455725389603
2.8499999999999077,2195.9006243040667
2.8519999999999075,2195.855810628879
2.8539999999999073,2195.810849016468
2.855999999999907,2195.766021998007
2.857999999999907,2195.7210469921492
2.8599999999999066,2195.6760652891267
2.8619999999999064,2195.631076882473
2.863999999999906,2195.586081765743
2.865999999999906,2195.541079937387
2.8679999999999057,2195.495929980824
2.8699999999999055,2195.450914723426
2.8719999999999053,2195.405751277466
2.873999999999905,2195.3605810912545
2.875999999999905,2195.3154041483726
2.8779999999999046,2195.270220447301
2.8799999999999044,2195.2250299815714
2.881999999999904,2195.179832749614
2.883999999999904,2195.134628749934
2.8859999999999038,2195.0892763745696
2.8879999999999035,2195.043917205571
2.8899999999999033,2194.998692885616
2.891999999999903,2194.953320106497
2.893999999999903,2194.9079405241823
2.8959999999999027,2194.86255412718
2.8979999999999024,2194.8170191793874
2.899999999999902,2194.771619151815
2.901999999999902,2194.726070512632
2.9039999999999018,2194.6806568185857
2.9059999999999016,2194.6350944718974
2.9079999999999013,2194.5895252633522
2.909999999999901,2194.5439491962916
2.911999999999901,2194.4983662543495
2.9139999999999007,2194.4526345395357
2.9159999999999004,2194.407037851259
2.9179999999999002,2194.361292329123
2.9199999999999,2194.3156818635025
2.9219999999999,2194.269922468346
2.9239999999998996,2194.2242981002905
2.9259999999998993,2194.1785247416774
2.927999999999899,2194.1327444178714
2.929999999999899,2194.086957137202
2.9319999999998987,2194.0411629129217
2.9339999999998985,2193.995361748412
2.9359999999998982,2193.9495536420295
2.937999999999898,2193.9037385873075
2.939999999999898,2193.857774396
2.9419999999998976,2193.8118032395564
2.9439999999998974,2193.7659673265293
2.945999999999897,2193.7199821923386
2.947999999999897,2193.6739900733037
2.9499999999998967,2193.6279909629425
2.9519999999998965,2193.581984849729
2.9539999999998963,2193.535829398487
2.955999999999896,2193.4898092826757
2.957999999999896,2193.4436397722716
2.9599999999998956,2193.3976056276947
2.9619999999998954,2193.351422036807
2.963999999999895,2193.3052314096235
2.965999999999895,2193.2590337297333
2.9679999999998947,2193.2128290053893
2.9699999999998945,2193.166617220115
2.9719999999998943,2193.1202558425907
2.973999999999894,2193.0740299433533
2.975999999999894,2193.027654395046
2.9779999999998936,2192.981271755296
2.9799999999998934,2192.935024634777
2.981999999999893,2192.8886277945985
2.983999999999893,2192.842223848219
2.9859999999998927,2192.7956701109915
2.9879999999998925,2192.749251954939
2.9899999999998923,2192.702826672874
2.991999999999892,2192.656251519299
2.993999999999892,2192.6096692221495
2.9959999999998916,2192.5630797698336
2.9979999999998914,2192.5164831606885
2.999999999999891,2192.4698793831967
3.001999999999891,2192.423268445555
3.0039999999998908,2192.3766503362303
3.0059999999998905,2192.3298821455805
3.0079999999998903,2192.2832496954366
3.00999999999989,2192.2364671065966
3.01199999999989,2192.189677314966
3.0139999999998897,2192.1428803089525
3.0159999999998894,2192.0960760918297
3.017999999999889,2192.0492646471052
3.019999999999889,2192.0024459779997
3.0219999999998888,2191.9554769979
3.0239999999998886,2191.9086438775253
3.0259999999998883,2191.8616603835867
3.027999999999888,2191.8146696338667
3.029999999999888,2191.76767161185
3.0319999999998877,2191.7206663158286
3.0339999999998875,2191.673653744107
3.0359999999998872,2191.626633885085
3.037999999999887,2191.5794634841372
3.039999999999887,2191.532285772552
3.0419999999998866,2191.4852440511186
3.0439999999998864,2191.4380516910473
3.045999999999886,2191.390852005257
3.047999999999886,2191.34364498224
3.0499999999998857,2191.2964306202425
3.0519999999998855,2191.2490654885096
3.0539999999998853,2191.20183642587
3.055999999999885,2191.154456535402
3.057999999999885,2191.107212745505
3.0599999999998846,2191.059818079504
3.0619999999998844,2191.012416024201
3.063999999999884,2190.9650065680175
3.065999999999884,2190.9175897141117
3.0679999999998837,2190.870165445912
3.0699999999998835,2190.822590150517
3.0719999999998833,2190.7751510606145
3.073999999999883,2190.727560885094
3.075999999999883,2190.6801069467456
3.0779999999998826,2190.6325018692623
3.0799999999998824,2190.5848893416714
3.081999999999882,2190.5372693523245
3.083999999999882,2190.489641904397
3.0859999999998817,2190.442006986286
3.0879999999998815,2190.394220776983
3.0899999999998813,2190.346570915127
3.091999999999881,2190.2987697083945
3.093999999999881,2190.2509609938684
3.0959999999998806,2190.2031447648305
3.0979999999998804,2190.1554649518825
3.09999999999988,2190.107489726447
3.10199999999988,2190.0596509381603
3.1039999999998797,2190.0118046183225
3.1059999999998795,2189.9638067418928
3.1079999999998793,2189.915945355504
3.109999999999879,2189.867932353611
3.111999999999879,2189.8199117871645
3.1139999999998786,2189.771883649434
3.1159999999998784,2189.723847933721
3.117999999999878,2189.6758046332425
3.119999999999878,2189.627753746186
3.1219999999998778,2189.5795510603166
3.1239999999998775,2189.531484991564
3.1259999999998773,2189.483267069696
3.127999999999877,2189.435041523021
3.129999999999877,2189.386952641835
3.1319999999998767,2189.3387118285355
3.1339999999998764,2189.2903190322522
3.135999999999876,2189.242062943379
3.137999999999876,2189.193799200869
3.139999999999876,2189.145383391191
3.1419999999998756,2189.0969598979173
3.1439999999998753,2189.0486731866617
3.145999999999875,2189.0002343141146
3.147999999999875,2188.951787752377
3.1499999999998747,2188.9033334947194
3.1519999999998745,2188.8547269796727
3.1539999999998742,2188.8062573063467
3.155999999999874,2188.7576353160243
3.157999999999874,2188.7091502000026
3.1599999999998736,2188.6605127072407
3.1619999999998734,2188.6118674562326
3.163999999999873,2188.5632144402475
3.165999999999873,2188.514553657332
3.1679999999998727,2188.4658851007534
3.1699999999998725,2188.4172087686024
3.1719999999998723,2188.368379873263
3.173999999999872,2188.319687980818
3.175999999999872,2188.270843465193
3.1779999999998716,2188.222135941095
3.1799999999998714,2188.1732756750102
3.181999999999871,2188.1245524283277
3.183999999999871,2188.0756764140056
3.1859999999998707,2188.026792547876
3.1879999999998705,2187.9779008280893
3.1899999999998703,2187.929001267422
3.19199999999987,2187.880093859101
3.19399999999987,2187.8311786060594
3.1959999999998696,2187.782255511343
3.1979999999998694,2187.7331794802267
3.199999999999869,2187.6840955716657
3.201999999999869,2187.6351489183144
3.2039999999998687,2187.586049233184
3.2059999999998685,2187.536941664836
3.2079999999998683,2187.4878262015163
3.209999999999868,2187.438557608232
3.211999999999868,2187.389426335545
3.2139999999998676,2187.3402871474245
3.2159999999998674,2187.2909947434746
3.217999999999867,2187.24169439779
3.219999999999867,2187.192386103542
3.2219999999998667,2187.1432152128746
3.2239999999998665,2187.0937456026204
3.2259999999998663,2187.0444134263776
3.227999999999866,2186.9950732790403
3.229999999999866,2186.9457251586427
3.2319999999998656,2186.8962235719137
3.2339999999998654,2186.8467139855647
3.235999999999865,2186.797341926368
3.237999999999865,2186.7478163095398
3.2399999999998648,2186.698291506157
3.2419999999998645,2186.6487498739925
3.2439999999998643,2186.599054579819
3.245999999999864,2186.5494968835137
3.247999999999864,2186.499785464169
3.2499999999998637,2186.45021167622
3.2519999999998634,2186.4004841188025
3.2539999999998632,2186.3507484799443
3.255999999999863,2186.3010047674466
3.257999999999863,2186.2512529597057
3.2599999999998626,2186.201493064528
3.2619999999998623,2186.1515792336454
3.263999999999862,2186.101803143594
3.265999999999862,2186.0518730564772
3.2679999999998617,2186.0020807390997
3.2699999999998615,2185.9521343681263
3.2719999999998612,2185.9021798500794
3.273999999999861,2185.8522171779955
3.275999999999861,2185.802246345041
3.2779999999998606,2185.752267353999
3.2799999999998604,2185.702134132392
3.28199999999986,2185.6521388002043
3.28399999999986,2185.601989180636
3.2859999999998597,2185.551831352003
3.2879999999998595,2185.501811463746
3.2899999999998593,2185.451637210281
3.291999999999859,2185.4014547366564
3.293999999999859,2185.3511178174117
3.2959999999998586,2185.300918888068
3.2979999999998584,2185.2507117275472
3.299999999999858,2185.200350023662
3.301999999999858,2185.150126380401
3.3039999999998577,2185.0997481367335
3.3059999999998575,2185.049361625159
3.3079999999998573,2184.9989668288936
3.309999999999857,2184.9485637507623
3.311999999999857,2184.89815237406
3.3139999999998566,2184.8475862424475
3.3159999999998564,2184.7971582724313
3.317999999999856,2184.7465754804166
3.319999999999856,2184.696130894067
3.3219999999998557,2184.6455314284044
3.3239999999998555,2184.5949236228857
3.3259999999998553,2184.5443074705167
3.327999999999855,2184.493682964319
3.329999999999855,2184.443050097361
3.3319999999998546,2184.3922621906245
3.3339999999998544,2184.341612595896
3.335999999999854,2184.290807898948
3.337999999999854,2184.2399947988492
3.3399999999998538,2184.1891732935055
3.3419999999998535,2184.1383433661344
3.3439999999998533,2184.0875050244144
3.345999999999853,2184.0366582564448
3.347999999999853,2183.985803060064
3.3499999999998527,2183.9347925374723
3.3519999999998524,2183.8839204828396
3.353999999999852,2183.832893034338
3.355999999999852,2183.781857114739
3.3579999999998518,2183.7308127219353
3.3599999999998515,2183.679759844004
3.3619999999998513,2183.628698478796
3.363999999999851,2183.5776286193172
3.365999999999851,2183.526403172128
3.3679999999998507,2183.475316317483
3.3699999999998504,2183.4240738072085
3.3719999999998502,2183.3728227644688
3.37399999999985,2183.3215631725075
3.37599999999985,2183.2702950339585
3.3779999999998496,2183.2190183369926
3.3799999999998493,2183.1677330793436
3.381999999999849,2183.1164392540695
3.383999999999849,2183.0649895417628
3.3859999999998487,2183.0135312276134
3.3879999999998485,2182.9622116710784
3.3899999999998482,2182.910736132461
3.391999999999848,2182.8592519805597
3.393999999999848,2182.807759203456
3.3959999999998476,2182.756257798966
3.3979999999998474,2182.7047477600086
3.399999999999847,2182.6530815745564
3.401999999999847,2182.6015542596488
3.4039999999998467,2182.549870734653
3.4059999999998465,2182.498326120343
3.4079999999998463,2182.4466252372067
3.409999999999846,2182.394915676231
3.411999999999846,2182.34319742063
3.4139999999998456,2182.2914704730492
3.4159999999998454,2182.2395871085578
3.417999999999845,2182.1878427552288
3.419999999999845,2182.1360896837687
3.4219999999998447,2182.0841800801554
3.4239999999998445,2182.0324094876023
3.4259999999998443,2181.9804822698516
3.427999999999844,2181.928694118147
3.429999999999844,2181.876749320973
3.4319999999998436,2181.824795747429
3.4339999999998434,2181.7729813370834
3.435999999999843,2181.7210102143313
3.437999999999843,2181.668797134972
3.4399999999998427,2181.61680858644
3.4419999999998425,2181.5648112453077
3.4439999999998423,2181.5126570573057
3.445999999999842,2181.4606421427557
3.447999999999842,2181.408470317092
3.4499999999998416,2181.356289668705
3.4519999999998414,2181.3041001905694
3.453999999999841,2181.25190187063
3.455999999999841,2181.1996947114917
3.4579999999998408,2181.1474787060265
3.4599999999998405,2181.095105594434
3.4619999999998403,2181.042723596164
3.46399999999984,2180.990481026448
3.46599999999984,2180.938081244053
3.4679999999998397,2180.8856725680566
3.4699999999998394,2180.833254986438
3.471999999999839,2180.7808284969396
3.473999999999839,2180.7283930972176
3.4759999999998388,2180.675800311327
3.4779999999998386,2180.6233470735356
3.4799999999998383,2180.5707363847096
3.481999999999838,2180.5181167403694
3.483999999999838,2180.4654881333167
3.4859999999998377,2180.4128505467024
3.4879999999998375,2180.360203983034
3.4899999999998372,2180.307548430314
3.491999999999837,2180.254883895812
3.493999999999837,2180.202061675698
3.4959999999998366,2180.1492304280578
3.4979999999998364,2180.096538893286
3.499999999999836,2180.043689570241
3.501999999999836,2179.9908312077387
3.5039999999998357,2179.937963793755
3.5059999999998355,2179.8850873259
3.5079999999998353,2179.832201797019
3.509999999999835,2179.77915830917
3.511999999999835,2179.7262546449024
3.5139999999998346,2179.6731929562993
3.5159999999998344,2179.6202711375267
3.517999999999834,2179.5671912337375
3.519999999999834,2179.5141022180765
3.5219999999998337,2179.461004083301
3.5239999999998335,2179.4078968222398
3.5259999999998333,2179.354631327518
3.527999999999833,2179.3015057955013
3.529999999999833,2179.248221968945
3.5319999999998326,2179.195078141857
3.5339999999998324,2179.1417759545293
3.535999999999832,2179.088464589582
3.537999999999832,2179.0351440349964
3.5399999999998317,2178.9818142835384
3.5419999999998315,2178.928475332778
3.5439999999998313,2178.8751271754345
3.545999999999831,2178.821620456857
3.547999999999831,2178.7682538823296
3.5499999999998306,2178.7147286756917
3.5519999999998304,2178.661194220491
3.55399999999983,2178.6076505046312
3.55599999999983,2178.554097525651
3.5579999999998297,2178.5005352763314
3.5599999999998295,2178.446963754182
3.5619999999998293,2178.3933829518833
3.563999999999829,2178.3396432822356
3.565999999999829,2178.2860439154792
3.5679999999998286,2178.2322856101123
3.5699999999998284,2178.1785179870826
3.571999999999828,2178.124741024598
3.573999999999828,2178.070954729843
3.5759999999998278,2178.017159090734
3.5779999999998275,2177.9633541047165
3.5799999999998273,2177.909389967158
3.581999999999827,2177.8555662684244
3.583999999999827,2177.80158336108
3.5859999999998267,2177.74759105443
3.5879999999998264,2177.693589346005
3.589999999999826,2177.6395782236596
3.591999999999826,2177.5855576896934
3.593999999999826,2177.5315277367827
3.5959999999998256,2177.4773383563074
3.5979999999998253,2177.423289551113
3.599999999999825,2177.3690812465165
3.601999999999825,2177.315013564523
3.6039999999998247,2177.260786325769
3.6059999999998245,2177.2065496102055
3.6079999999998242,2177.152303405721
3.609999999999824,2177.0978975248927
3.611999999999824,2177.043632327886
3.6139999999998236,2176.9893576247005
3.6159999999998234,2176.9349231395513
3.617999999999823,2176.88062940936
3.619999999999823,2176.8261758347176
3.6219999999998227,2176.771712715097
3.6239999999998225,2176.7172400335553
3.6259999999998223,2176.6627577875092
3.627999999999822,2176.608265969616
3.629999999999822,2176.5536141291227
3.6319999999998216,2176.4991031622003
3.6339999999998214,2176.444432095491
3.635999999999821,2176.3899019452315
3.637999999999821,2176.335211641995
3.6399999999998207,2176.280511712918
3.6419999999998205,2176.2258021458383
3.6439999999998203,2176.1710829382105
3.64599999999982,2176.1163540873454
3.64799999999982,2176.061464894621
3.6499999999998196,2176.0067167374546
3.6519999999998194,2175.9518081705114
3.653999999999819,2175.8970406774188
3.655999999999819,2175.842112673093
3.6579999999998187,2175.7871749040846
3.6599999999998185,2175.732378213825
3.6619999999998183,2175.677420919972
3.663999999999818,2175.622453887119
3.665999999999818,2175.5674771126924
3.6679999999998176,2175.5124906036485
3.6699999999998174,2175.4574943621324
3.671999999999817,2175.4024883855686
3.673999999999817,2175.3473216338307
3.6759999999998167,2175.2922961763697
3.6779999999998165,2175.237109880312
3.6799999999998163,2175.181913799447
3.681999999999816,2175.1267079263716
3.683999999999816,2175.071492258459
3.6859999999998156,2175.016266783471
3.6879999999998154,2174.961031508268
3.689999999999815,2174.905635164195
3.691999999999815,2174.850380258591
3.6939999999998148,2174.7949642202743
3.6959999999998145,2174.7396896592463
3.6979999999998143,2174.6842539064105
3.699999999999814,2174.628808288408
3.701999999999814,2174.573201389473
3.7039999999998137,2174.5177360156263
3.7059999999998134,2174.462260749408
3.7079999999998132,2174.4066240989505
3.709999999999813,2174.351129046367
3.711999999999813,2174.295472535806
3.7139999999998126,2174.2398060967444
3.7159999999998123,2174.184129707323
3.717999999999812,2174.128443369597
3.719999999999812,2174.0727470712945
3.7219999999998117,2174.017040814476
3.7239999999998115,2173.961172876544
3.7259999999998112,2173.9054466769812
3.727999999999811,2173.849558731803
3.729999999999811,2173.793812564236
3.7319999999998106,2173.7379045817806
3.7339999999998104,2173.681986584422
3.73599999999981,2173.6260585503646
3.73799999999981,2173.5699685858403
3.7399999999998097,2173.514020471473
3.7419999999998095,2173.4580623073193
3.7439999999998093,2173.4019421036887
3.745999999999809,2173.345811814058
3.747999999999809,2173.289823467759
3.7499999999998086,2173.233672982244
3.7519999999998084,2173.177512392895
3.753999999999808,2173.121341692143
3.755999999999808,2173.0650087358354
3.7579999999998077,2173.008817795577
3.7599999999998075,2172.952616726082
3.7619999999998073,2172.8962532961723
3.763999999999807,2172.8398796955958
3.765999999999807,2172.7834959216
3.7679999999998066,2172.727254272402
3.7699999999998064,2172.6706977942877
3.771999999999806,2172.61428345917
3.773999999999806,2172.557858925027
3.7759999999998057,2172.501424184319
3.7779999999998055,2172.4448267908347
3.7799999999998053,2172.38821915855
3.781999999999805,2172.3317537736425
3.783999999999805,2172.2751256353135
3.7859999999998046,2172.2184872354064
3.7879999999998044,2172.161838566296
3.789999999999804,2172.105027011466
3.791999999999804,2172.048357791563
3.7939999999998038,2171.9916782796568
3.7959999999998035,2171.934835780989
3.7979999999998033,2171.8779829529985
3.799999999999803,2171.821119792805
3.801999999999803,2171.764399072597
3.8039999999998027,2171.7073624167783
3.8059999999998024,2171.65046821894
3.807999999999802,2171.5935636630848
3.809999999999802,2171.536648746383
3.8119999999998018,2171.479570547258
3.8139999999998015,2171.422481944818
3.8159999999998013,2171.36553590106
3.817999999999801,2171.308426473226
3.819999999999801,2171.2513066286087
3.8219999999998007,2171.194176354816
3.8239999999998004,2171.136882567799
3.8259999999998002,2171.0797314179326
3.8279999999998,2171.022569825398
3.8299999999998,2170.965244608126
3.8319999999997996,2170.9079089053585
3.8339999999997993,2170.8505627046693
3.835999999999799,2170.7933592568306
3.837999999999799,2170.735838764673
3.8399999999997987,2170.6784610383443
3.8419999999997985,2170.6210727881457
3.8439999999997982,2170.5636740157875
3.845999999999798,2170.506111314994
3.847999999999798,2170.4486914756912
3.8499999999997976,2170.391107641075
3.8519999999997974,2170.333513230492
3.853999999999797,2170.2759082362363
3.855999999999797,2170.2182926458113
3.8579999999997967,2170.160666461024
3.8599999999997965,2170.1028760831714
3.8619999999997963,2170.045228681893
3.863999999999796,2169.987417015667
3.865999999999796,2169.9297483718074
3.8679999999997956,2169.871915395784
3.8699999999997954,2169.814071760348
3.871999999999795,2169.756217453078
3.873999999999795,2169.6983524756733
3.8759999999997947,2169.6404768109082
3.8779999999997945,2169.5824366055817
3.8799999999997943,2169.5245394957647
3.881999999999794,2169.4666316187668
3.883999999999794,2169.408712995217
3.8859999999997936,2169.3507836362296
3.8879999999997934,2169.2926895609685
3.889999999999793,2169.234584734603
3.891999999999793,2169.1766231889264
3.8939999999997927,2169.1184968467023
3.8959999999997925,2169.0603597442587
3.8979999999997923,2169.002211878539
3.899999999999792,2168.9438990789545
3.901999999999792,2168.88572965368
3.9039999999997916,2168.8273952266363
3.9059999999997914,2168.769204215413
3.907999999999791,2168.7108481345304
3.909999999999791,2168.652481219538
3.9119999999997908,2168.594103457931
3.9139999999997905,2168.535714851371
3.9159999999997903,2168.4773153873207
3.91799999999979,2168.4189050627024
3.91999999999979,2168.360329435089
3.9219999999997897,2168.301897374919
3.9239999999997894,2168.243299934062
3.925999999999789,2168.1846915769565
3.927999999999789,2168.126072295764
3.9299999999997888,2168.0674420826954
3.9319999999997886,2168.0088009298765
3.9339999999997883,2167.950148838865
3.935999999999788,2167.8914858018748
3.937999999999788,2167.8326571082625
3.9399999999997877,2167.7738174282736
3.9419999999997875,2167.715121509817
3.9439999999997872,2167.65625982938
3.945999999999787,2167.597387139008
3.947999999999787,2167.538503430739
3.9499999999997866,2167.479608701489
3.9519999999997864,2167.4205480336523
3.953999999999786,2167.3616312333875
3.955999999999786,2167.302548420842
3.9579999999997857,2167.2436095180606
3.9599999999997855,2167.184504534012
3.9619999999997852,2167.125388461371
3.963999999999785,2167.066261292205
3.965999999999785,2167.0071230092713
3.9679999999997846,2166.947973618724
3.9699999999997844,2166.8886579417544
3.971999999999784,2166.8294863067094
3.973999999999784,2166.7701483112232
3.9759999999997837,2166.7109544001323
3.9779999999997835,2166.6515940638847
3.9799999999997833,2166.5922225471973
3.981999999999783,2166.5328398468537
3.983999999999783,2166.4734459549286
3.9859999999997826,2166.4138854591934
3.9879999999997824,2166.3544691545253
3.989999999999782,2166.295041629838
3.991999999999782,2166.2354474085764
3.9939999999997817,2166.1758419256394
3.9959999999997815,2166.116225182426
3.9979999999997813,2166.0565971616843
3.999999999999781,2165.9969578648197
4.001999999999781,2165.9373072838166
4.003999999999781,2165.877645410777
4.005999999999781,2165.8178165542968
4.007999999999781,2165.7581320907107
4.00999999999978,2165.698280564261
4.01199999999978,2165.638417692498
4.01399999999978,2165.578543467417
4.01599999999978,2165.5186578810603
4.0179999999997795,2165.4587609208083
4.019999999999779,2165.398852592664
4.021999999999779,2165.3387769599613
4.023999999999779,2165.278845861242
4.025999999999779,2165.2187473876043
4.027999999999778,2165.158793495697
4.029999999999778,2165.0986721583863
4.031999999999778,2165.0385393787637
4.033999999999778,2164.9783951488607
4.0359999999997775,2164.918083329397
4.037999999999777,2164.8579161731122
4.039999999999777,2164.797737547198
4.041999999999777,2164.737391218579
4.043999999999777,2164.677033372814
4.045999999999776,2164.6168202909525
4.047999999999776,2164.5564393978552
4.049999999999776,2164.496046972756
4.051999999999776,2164.435643003029
4.053999999999776,2164.3750710909094
4.055999999999775,2164.314644015141
4.057999999999775,2164.254048916545
4.059999999999775,2164.1935987025854
4.061999999999775,2164.1329803899744
4.0639999999997745,2164.072350461893
4.065999999999774,2164.011708910297
4.067999999999774,2163.9510557224626
4.069999999999774,2163.89039089962
4.071999999999774,2163.8297144336725
4.073999999999773,2163.7688696184664
4.075999999999773,2163.708169849339
4.077999999999773,2163.6473016547757
4.079999999999773,2163.586578550195
4.0819999999997725,2163.525686953242
4.083999999999772,2163.4647836418358
4.085999999999772,2163.4038686125155
4.087999999999772,2163.342941857194
4.089999999999772,2163.2818464290926
4.091999999999771,2163.220896153436
4.093999999999771,2163.159934076397
4.095999999999771,2163.098960189983
4.097999999999771,2163.0379745138857
4.0999999999997705,2162.976819964567
4.10199999999977,2162.915810724301
4.10399999999977,2162.8546325527486
4.10599999999977,2162.793442568288
4.10799999999977,2162.7322407674005
4.109999999999769,2162.6710271419774
4.111999999999769,2162.609801683845
4.113999999999769,2162.5485643941606
4.115999999999769,2162.4873152647297
4.1179999999997685,2162.4258969256716
4.119999999999768,2162.364466697659
4.121999999999768,2162.303181999882
4.123999999999768,2162.241727976878
4.125999999999768,2162.1802620450867
4.127999999999767,2162.118784200979
4.129999999999767,2162.057294436385
4.131999999999767,2161.9957927431687
4.133999999999767,2161.934121507854
4.1359999999997665,2161.872595939341
4.137999999999766,2161.810900746809
4.139999999999766,2161.749193568836
4.141999999999766,2161.6874743926223
4.143999999999766,2161.625743205421
4.145999999999765,2161.5640000081844
4.147999999999765,2161.5022447927367
4.149999999999765,2161.44047755552
4.151999999999765,2161.378698288315
4.1539999999997645,2161.3167490764495
4.155999999999764,2161.2547877891698
4.157999999999764,2161.192972395351
4.159999999999764,2161.130986935576
4.161999999999764,2161.0689893802764
4.1639999999997634,2161.006979721243
4.165999999999763,2160.9449579548536
4.167999999999763,2160.882765937443
4.169999999999763,2160.8207199239323
4.171999999999763,2160.758503581261
4.173999999999762,2160.696433287573
4.175999999999762,2160.6341925912348
4.177999999999762,2160.5719397086455
4.179999999999762,2160.5096746315685
4.1819999999997615,2160.4473973471104
4.183999999999761,2160.3851078562157
4.185999999999761,2160.322806150641
4.187999999999761,2160.2604922220917
4.189999999999761,2160.19800760093
4.19199999999976,2160.135669212132
4.19399999999976,2160.0731600521876
4.19599999999976,2160.0106386063803
4.19799999999976,2159.948104871003
4.1999999999997595,2159.885558833194
4.201999999999759,2159.823000489181
4.203999999999759,2159.760429835359
4.205999999999759,2159.6978468679304
4.207999999999759,2159.635251574048
4.209999999999758,2159.5724851779264
4.211999999999758,2159.509865225601
4.213999999999758,2159.447074087562
4.215999999999758,2159.384270564176
4.2179999999997575,2159.3214546471704
4.219999999999757,2159.2586263327607
4.221999999999757,2159.1957856080876
4.223999999999757,2159.1329324693515
4.225999999999757,2159.0700669128164
4.227999999999756,2159.007029867769
4.229999999999756,2158.9441394514693
4.231999999999756,2158.8810774719086
4.233999999999756,2158.818162167021
4.2359999999997555,2158.75507521953
4.237999999999755,2158.6919757827063
4.239999999999755,2158.6288638436704
4.241999999999755,2158.5657393940046
4.243999999999755,2158.5026024299286
4.245999999999754,2158.43945294307
4.247999999999754,2158.3762909342495
4.249999999999754,2158.312956978147
4.251999999999754,2158.249769891646
4.2539999999997535,2158.1864107826814
4.255999999999753,2158.1230390826786
4.257999999999753,2158.059814312519
4.259999999999753,2157.996417409287
4.261999999999753,2157.933007898938
4.263999999999752,2157.869585768525
4.265999999999752,2157.8061510141456
4.267999999999752,2157.742703627444
4.269999999999752,2157.679083876523
4.2719999999997516,2157.6156112002773
4.273999999999751,2157.5521258710814
4.275999999999751,2157.4884680619975
4.277999999999751,2157.4249574019072
4.279999999999751,2157.361274186302
4.2819999999997505,2157.297578257151
4.28399999999975,2157.234029546922
4.28599999999975,2157.170308169807
4.28799999999975,2157.1065740538775
4.28999999999975,2157.042827199832
4.291999999999749,2156.979067590073
4.293999999999749,2156.9152952162167
4.295999999999749,2156.8515100288464
4.297999999999749,2156.787712010463
4.2999999999997485,2156.7240613707263
4.301999999999748,2156.660237728823
4.303999999999748,2156.5964012898685
4.305999999999748,2156.532552050002
4.307999999999748,2156.4686900098686
4.309999999999747,2156.404815170161
4.311999999999747,2156.34092752246
4.313999999999747,2156.277027058306
4.315999999999747,2156.2131137829483
4.3179999999997465,2156.1491876833743
4.319999999999746,2156.0850882322848
4.321999999999746,2156.0211364543416
4.323999999999746,2155.957171826905
4.325999999999746,2155.8931943460916
4.327999999999745,2155.829043356636
4.329999999999745,2155.765040143584
4.331999999999745,2155.7010240564123
4.333999999999745,2155.6369950821922
4.3359999999997445,2155.572953226092
4.337999999999744,2155.5087376727192
4.339999999999744,2155.4446700136696
4.341999999999744,2155.380589438432
4.343999999999744,2155.3164959476426
4.345999999999743,2155.2523895283894
4.347999999999743,2155.1882701812488
4.349999999999743,2155.12413788883
4.351999999999743,2155.060153674126
4.3539999999997425,2154.9959954844107
4.355999999999742,2154.931824324201
4.357999999999742,2154.8678013173526
4.359999999999742,2154.803765355709
4.361999999999742,2154.739716440035
4.363999999999741,2154.67565455745
4.365999999999741,2154.6115796950817
4.367999999999741,2154.547653128079
4.369999999999741,2154.4837135880653
4.3719999999997405,2154.4197610667857
4.37399999999974,2154.3559569264135
4.37599999999974,2154.292139811629
4.37799999999974,2154.228309691576
4.37999999999974,2154.164628028924
4.381999999999739,2154.101094852579
4.383999999999739,2154.037710204875
4.385999999999739,2153.974312543682
4.387999999999739,2153.9112250252447
4.3899999999997386,2153.8482860803374
4.391999999999738,2153.7854956830442
4.393999999999738,2153.723177169263
4.395999999999738,2153.661168810104
4.397999999999738,2153.5999556865204
4.3999999999997375,2153.5398610050015
4.401999999999737,2153.4850883004915
4.403999999999737,2015.8875139925515
4.405999999999737,1914.7659967441623
4.407999999999737,1858.2338016875415
4.409999999999736,1835.1336659182418
4.411999999999736,1830.113929038308
4.413999999999736,1832.7660932960937
4.415999999999736,1837.7285379513842
4.4179999999997355,1842.662020594494
4.419999999999735,1846.725086711427
4.421999999999735,1849.7573354213973
4.423999999999735,1851.856308867823
4.425999999999735,1853.2059211863525
4.427999999999734,1853.9791688926568
4.429999999999734,1854.3267566993243
4.431999999999734,1854.36739318792
4.433999999999734,1854.1908780323486
4.4359999999997335,1853.8635303611456
4.437999999999733,1853.4308671408432
4.439999999999733,1852.925071685083
4.441999999999733,1852.3692353633644
4.443999999999733,1851.7791073115663
4.445999999999732,1851.1651911825793
4.447999999999732,1850.5352032811816
4.449999999999732,1849.8944121191507
4.451999999999732,1849.2459788256542
4.4539999999997315,1848.5923693847778
4.455999999999731,1847.934992669326
4.457999999999731,1847.2749082246337
4.459999999999731,1846.6131818654294
4.461999999999731,1845.949809749316
4.46399999999973,1845.285506450345
4.46599999999973,1844.620271455086
4.46799999999973,1843.9544644738778
4.46999999999973,1843.2877260964485
4.4719999999997295,1842.6207783355974
4.473999999999729,1841.9532624619337
4.475999999999729,1841.2851799291088
4.477999999999729,1840.6165322624984
4.479999999999729,1839.9473210719211
4.481999999999728,1839.2779116429144
4.483999999999728,1838.6083072316092
4.485999999999728,1837.9377820032312
4.487999999999728,1837.267066536584
4.4899999999997275,1836.5957987578877
4.491999999999727,1835.9243468141497
4.493999999999727,1835.2523478174924
4.495999999999727,1834.5801710682767
4.497999999999727,1833.90708533781
4.499999999999726,1833.233827627108
4.501999999999726,1832.5604019625664
4.503999999999726,1831.88644347302
4.505999999999726,1831.2119548938197
4.507999999999726,1830.5369390825347
4.509999999999725,1829.8617694287545
4.511999999999725,1829.1864504718299
4.513999999999725,1828.5102440607207
4.515999999999725,1827.8338957839571
4.5179999999997245,1827.157410512186
4.519999999999724,1826.4800476149078
4.521999999999724,1825.8025558894776
4.523999999999724,1825.1245668438658
4.525999999999724,1824.446458636632
4.527999999999723,1823.7678621016637
4.529999999999723,1823.0887814677656
4.531999999999723,1822.4095967222586
4.533999999999723,1821.729937748136
4.5359999999997225,1821.0498092237763
4.537999999999722,1820.369592988803
4.539999999999722,1819.688918025787
4.541999999999722,1819.007789523064
4.543999999999722,1818.3265911723493
4.545999999999721,1817.6449511258352
4.547999999999721,1816.9628751224725
4.549999999999721,1816.2803691019697
4.551999999999721,1815.5978192582645
4.5539999999997205,1814.9148527724337
4.55599999999972,1814.2318571015448
4.55799999999972,1813.548458973466
4.55999999999972,1812.8646653762414
4.56199999999972,1812.1804835164858
4.563999999999719,1811.4963034181224
4.565999999999719,1810.8117510684408
4.567999999999719,1810.1268344067732
4.569999999999719,1809.44156163163
4.5719999999997185,1808.756325359701
4.573999999999718,1808.0707510189254
4.575999999999718,1807.3852325275668
4.577999999999718,1806.699009791346
4.579999999999718,1806.0128625461703
4.581999999999717,1805.326415829966
4.583999999999717,1804.640066244437
4.585999999999717,1803.953051994781
4.587999999999717,1803.2661569642003
4.5899999999997165,1802.5793934531218
4.591999999999716,1801.8919986182511
4.593999999999716,1801.204759429236
4.595999999999716,1800.5173008336733
4.597999999999716,1799.8296354762206
4.599999999999715,1799.1421706170104
4.601999999999715,1798.4545210040928
4.603999999999715,1797.7667056870923
4.605999999999715,1797.078742433554
4.6079999999997145,1796.3910290951208
4.609999999999714,1795.7028044897086
4.611999999999714,1795.0148645838262
4.613999999999714,1794.3272263236258
4.615999999999714,1793.6391249114263
4.6179999999997134,1792.9513592369942
4.619999999999713,1792.2635561198442
4.621999999999713,1791.5757336592424
4.623999999999713,1790.8879105096164
4.625999999999713,1790.200302263454
4.627999999999712,1789.5125405908034
4.629999999999712,1788.8252815646447
4.631999999999712,1788.1380524320448
4.633999999999712,1787.4513173354728
4.6359999999997115,1786.764313511321
4.637999999999711,1786.0778488745568
4.639999999999711,1785.3915544203874
4.641999999999711,1784.7054542485155
4.643999999999711,1784.019573165873
4.64599999999971,1783.3343296839264
4.64799999999971,1782.6493571684837
4.64999999999971,1781.9642895812847
4.65199999999971,1781.279940502719
4.6539999999997095,1780.5959454966821
4.655999999999709,1779.9127267244103
4.657999999999709,1779.2295285259727
4.659999999999709,1778.5471672953695
4.661999999999709,1777.865281948616
4.663999999999708,1777.1835125418756
4.665999999999708,1776.5026774087721
4.667999999999708,1775.822810509387
4.669999999999708,1775.1431627090878
4.6719999999997075,1774.4641622820661
4.673999999999707,1773.78623773796
4.675999999999707,1773.109035196368
4.677999999999707,1772.4322026727739
4.679999999999707,1771.756561979947
4.681999999999706,1771.0817629481312
4.683999999999706,1770.4078474689063
4.685999999999706,1769.7348584526435
4.687999999999706,1769.0628397736389
4.6899999999997055,1768.3922249791713
4.691999999999705,1767.7222827171258
4.693999999999705,1767.0538364002614
4.695999999999705,1766.3861587673412
4.697999999999705,1765.7200732837414
4.699999999999704,1765.0548570899543
4.701999999999704,1764.3913335179598
4.703999999999704,1763.7291687665597
4.705999999999704,1763.068032672468
4.7079999999997035,1762.4087477535065
4.709999999999703,1761.7509855114386
4.711999999999703,1761.0948027431061
4.713999999999703,1760.4399149489016
4.715999999999703,1759.787067383598
4.717999999999702,1759.1358916148279
4.719999999999702,1758.4866184425393
4.721999999999702,1757.8392246044893
4.723999999999702,1757.1933975896259
4.7259999999997016,1756.5499535087288
4.727999999999701,1755.9085810494328
4.729999999999701,1755.268973897499
4.731999999999701,1754.63194426704
4.733999999999701,1753.9968171464616
4.7359999999997004,1753.364401459866
4.7379999999997,1752.73402890225
4.7399999999997,1752.1061389958807
4.7419999999997,1751.4811668892232
4.7439999999997,1750.8584545789001
4.745999999999699,1750.2384394129097
4.747999999999699,1749.6208345004113
4.749999999999699,1749.0064330347177
4.751999999999699,1748.3949478608872
4.7539999999996985,1747.7860980638434
4.755999999999698,1747.180667778685
4.757999999999698,1746.5780243386248
4.759999999999698,1745.9785956682394
4.761999999999698,1745.382455933174
4.763999999999697,1744.7893337636776
4.765999999999697,1744.199994188045
4.767999999999697,1743.613822833589
4.769999999999697,1743.0312367344143
4.7719999999996965,1742.4523078070713
4.773999999999696,1741.8771069700192
4.775999999999696,1741.3053722920624
4.777999999999696,1740.7378387930394
4.779999999999696,1740.173912998193
4.781999999999695,1739.6139933462944
4.783999999999695,1739.0581447541765
4.785999999999695,1738.5064304414161
4.787999999999695,1737.9585937382797
4.7899999999996945,1737.4153314208984
4.791999999999694,1736.8760681414435
4.793999999999694,1736.3408659089057
4.795999999999694,1735.8103989900353
4.797999999999694,1735.2841003458261
4.799999999999693,1734.7623263194241
4.801999999999693,1734.2448213698767
4.803999999999693,1733.73193049774
4.805999999999693,1733.2236911324692
4.8079999999996925,1732.7198463747445
4.809999999999692,1732.221144553661
4.811999999999692,1731.7264854251257
4.813999999999692,1731.2368835303682
4.815999999999692,1730.7517910881654
4.817999999999691,1730.2715069678286
4.819999999999691,1729.7957682211236
4.821999999999691,1729.3248589242746
4.823999999999691,1728.8587808206928
4.8259999999996905,1728.3975304328815
4.82799999999969,1727.9408382885852
4.82999999999969,1727.4886999336359
4.83199999999969,1727.041618290408
4.83399999999969,1726.5988040670932
4.835999999999689,1726.1609970499908
4.837999999999689,1725.7276631612442
4.839999999999689,1725.2990186317707
4.841999999999689,1724.875022301697
4.8439999999996886,1724.4553895905112
4.845999999999688,1724.0403143209576
4.847999999999688,1723.62950792619
4.849999999999688,1723.2231494091316
4.851999999999688,1722.8211755562486
4.8539999999996875,1722.4235183720236
4.855999999999687,1722.0298832413655
4.857999999999687,1721.6402011531284
4.859999999999687,1721.2548360273654
4.861999999999687,1720.873266697781
4.863999999999686,1720.495626922876
4.865999999999686,1720.1216159647602
4.867999999999686,1719.7515657719614
4.869999999999686,1719.3849615347237
4.8719999999996855,1719.0217119076538
4.873999999999685,1718.6621280611914
4.875999999999685,1718.3057015325205
4.877999999999685,1717.9525329005542
4.879999999999685,1717.602320372507
4.881999999999684,1717.2551581595937
4.883999999999684,1716.9111325516167
4.885999999999684,1716.5695558880973
4.887999999999684,1716.2308992825747
4.8899999999996835,1715.8946728457959
4.891999999999683,1715.561146393419
4.893999999999683,1715.2298366424761
4.895999999999683,1714.9008239002285
4.897999999999683,1714.5738179248708
4.899999999999682,1714.249080144928
4.901999999999682,1713.926140907563
4.903999999999682,1713.605079000299
4.905999999999682,1713.2857927828293
4.9079999999996815,1712.9681819085192
4.909999999999681,1712.6521474726837
4.911999999999681,1712.3374170532022
4.913999999999681,1712.0242490788323
4.915999999999681,1711.7121997882177
4.91799999999968,1711.4013553916202
4.91999999999968,1711.091802381328
4.92199999999968,1710.7831082560297
4.92399999999968,1710.4753646068064
4.9259999999996795,1710.1684918082683
4.927999999999679,1709.8624133846256
4.929999999999679,1709.5570554168876
4.931999999999679,1709.2521751777292
4.933999999999679,1708.9480469468058
4.935999999999678,1708.6444346313779
4.937999999999678,1708.341104121741
4.939999999999678,1708.0383375097504
4.941999999999678,1707.73590720676
4.9439999999996775,1707.4335883788247
4.945999999999677,1707.1316703950204
4.947999999999677,1706.8299346752428
4.949999999999677,1706.528164462627
4.951999999999677,1706.2266572955148
4.953999999999676,1705.9250313193793
4.955999999999676,1705.6235896133926
4.957999999999676,1705.3221261186382
4.959999999999676,1705.0204364420388
4.961999999999676,1704.7188311055688
4.963999999999675,1704.417110854831
4.965999999999675,1704.1150776575864
4.967999999999675,1714.25507840804
4.969999999999675,1714.2352706350885
4.9719999999996745,1714.2087286071144
4.973999999999674,1714.1775844780623
4.975999999999674,1714.143315824972
4.977999999999674,1714.1069576486495
4.979999999999674,1714.0692374256867
4.981999999999673,1714.0306555735658
4.983999999999673,1713.9915698572538
4.985999999999673,1713.9522343625124
4.987999999999673,1713.912822739362
4.9899999999996725,1713.8734427519555
4.991999999999672,1713.8341922061804
4.993999999999672,1713.7951241073552
4.995999999999672,1713.7562853503066
4.997999999999672,1713.7176942986343
4.999999999999671,1713.6793731265464
5.001999999999671,1713.6413365505025
5.003999999999671,1713.6035944767352
5.005999999999671,1713.5661471305887
5.0079999999996705,1713.5289982269467
5.00999999999967,1713.492155713606
5.01199999999967,1713.4556150723736
5.01399999999967,1713.419376135127
5.01599999999967,1713.383438493548
5.017999999999669,1713.3478066781936
5.019999999999669,1713.3124694973314
5.021999999999669,1713.2774349961542
5.023999999999669,1713.2426971065836
5.0259999999996685,1713.2082504986572
5.027999999999668,1713.1741013682267
5.029999999999668,1713.1402444535265
5.031999999999668,1713.1066778742643
5.033999999999668,1713.0734001728101
5.035999999999667,1713.0404091660657
5.037999999999667,1713.0077036134733
5.039999999999667,1712.975284331343
5.041999999999667,1712.9431441267027
5.0439999999996665,1712.9112865912232
5.045999999999666,1712.8797052339198
5.047999999999666,1712.848402446945
5.049999999999666,1712.8173726855634
5.051999999999666,1712.786618162164
5.053999999999665,1712.7561350042122
5.055999999999665,1712.7259202723403
5.057999999999665,1712.695975166017
5.059999999999665,1712.66629683669
5.0619999999996645,1712.6368852660369
5.063999999999664,1712.6077365247622
5.065999999999664,1712.5788499993005
5.067999999999664,1712.5502239114178
5.069999999999664,1712.5218558286829
5.0719999999996634,1712.4937444079987
5.073999999999663,1712.465887463913
5.075999999999663,1712.4382837090002
5.077999999999663,1712.410930847659
5.079999999999663,1712.383827181374
5.081999999999662,1712.3569713849365
5.083999999999662,1712.3303616206667
5.085999999999662,1712.303996052315
5.087999999999662,1712.277873105927
5.0899999999996615,1712.2519912108053
5.091999999999661,1712.2263487999758
5.093999999999661,1712.2009440501743
5.095999999999661,1712.1757754011603
5.097999999999661,1712.1508390550541
5.09999999999966,1712.1261375347765
5.10199999999966,1712.1016671977188
5.10399999999966,1712.0774240807673
5.10599999999966,1712.053411074346
5.1079999999996595,1712.0296243679427
5.109999999999659,1712.0060598441075
5.111999999999659,1711.9827207411786
5.113999999999659,1711.9596004889916
5.115999999999659,1711.9366996303793
5.117999999999658,1711.9140203211166
5.119999999999658,1711.8915543802127
5.121999999999658,1711.8693033087222
5.123999999999658,1711.8472691587244
5.1259999999996575,1711.8254432060075
5.127999999999657,1711.8038276414675
5.129999999999657,1711.7824207171893
5.131999999999657,1711.7612209545475
5.133999999999657,1711.7402266148126
5.135999999999656,1711.7194364948596
5.137999999999656,1711.6988486002645
5.139999999999656,1711.6784620046342
5.141999999999656,1711.65827445712
5.1439999999996555,1711.6382850426676
5.145999999999655,1711.6184920531714
5.147999999999655,1711.5988940523184
5.149999999999655,1711.5794890747682
5.151999999999655,1711.5602762295357
5.153999999999654,1711.5412538297896
5.155999999999654,1711.5224143372182
5.157999999999654,1711.5037682043685
5.159999999999654,1711.4853080251955
5.1619999999996535,1711.4670321342567
5.163999999999653,1711.4489394093684
5.165999999999653,1711.4310220186326
5.167999999999653,1711.4132908239458
5.169999999999653,1711.3957383905708
5.171999999999652,1711.378356560307
5.173999999999652,1711.3611571727808
5.175999999999652,1711.344131925015
5.177999999999652,1711.3272728812758
5.1799999999996515,1711.3105923040307
5.181999999999651,1711.294074492042
5.183999999999651,1711.2777327029064
5.185999999999651,1711.2615583747045
5.187999999999651,1711.24554224668
5.1899999999996504,1711.2296982453254
5.19199999999965,1711.2140098900234
5.19399999999965,1711.1984907283777
5.19599999999965,1711.1831325078483
5.19799999999965,1711.1679249304186
5.199999999999649,1711.1528835508257
5.201999999999649,1711.1379900603674
5.203999999999649,1711.1232601628728
5.205999999999649,1711.1086754300588
5.2079999999996485,1711.0942517076383
5.209999999999648,1711.0799701807882
5.211999999999648,1711.0658476527722
5.213999999999648,1711.051864380544
5.215999999999648,1711.0380372955108
5.217999999999647,1711.0243562852636
5.219999999999647,1711.0108108625695
5.221999999999647,1710.9974177261256
5.223999999999647,1710.9841575863202
5.2259999999996465,1710.971047804327
5.227999999999646,1710.9580679064693
5.229999999999646,1710.945236186284
5.231999999999646,1710.9325413659014
5.233999999999646,1710.9199729198774
5.235999999999645,1710.9075488725118
5.237999999999645,1710.895258524588
5.239999999999645,1710.8830902478066
5.241999999999645,1710.8710632529264
5.2439999999996445,1710.8591556429876
5.245999999999644,1710.8473871771162
5.247999999999644,1710.8357461983915
5.249999999999644,1710.8242315948507
5.251999999999644,1710.8128315823812
5.253999999999643,1710.8015660605706
5.255999999999643,1710.7904236197273
5.257999999999643,1710.779402896282
5.259999999999643,1710.7685028120577
5.2619999999996425,1710.7577109364495
5.263999999999642,1710.747048565805
5.265999999999642,1710.7365033615865
5.267999999999642,1710.7260742725045
5.269999999999642,1710.71576025413
5.271999999999641,1710.7055602688529
5.273999999999641,1710.6954727244904
5.275999999999641,1710.6854971577388
5.277999999999641,1710.6756322703027
5.2799999999996405,1710.6658770512965
5.28199999999964,1710.656230215029
5.28399999999964,1710.6466907635756
5.28599999999964,1710.6372577057036
5.28799999999964,1710.6279420988255
5.289999999999639,1710.61871895076
5.291999999999639,1710.6095989799753
5.293999999999639,1710.6005815040949
5.295999999999639,1710.5916773156011
5.2979999999996386,1710.582861180824
5.299999999999638,1710.574144403017
5.301999999999638,1710.565538274908
5.303999999999638,1710.5570169005352
5.305999999999638,1710.5486047303577
5.3079999999996375,1710.5402750544247
5.309999999999637,1710.5320523097478
5.311999999999637,1710.523910395051
5.313999999999637,1710.5158737292575
5.315999999999637,1710.5079286462997
5.317999999999636,1710.5000609551719
5.319999999999636,1710.4922963172496
5.321999999999636,1710.484620045333
5.323999999999636,1710.4770318391788
5.3259999999996355,1710.4695302647879
5.327999999999635,1710.4621147498146
5.329999999999635,1710.4547844432127
5.331999999999635,1710.4475382143164
5.333999999999635,1710.440375224205
5.335999999999634,1710.4332946401412
5.337999999999634,1710.4262956356595
5.339999999999634,1710.4193910386984
5.341999999999634,1710.4125522192842
5.3439999999996335,1710.405792535973
5.345999999999633,1710.3991247084648
5.347999999999633,1710.3925203757876
5.349999999999633,1710.3860061289204
5.351999999999633,1710.3795534089998
5.353999999999632,1710.3731896010834
5.355999999999632,1710.3668997308487
5.357999999999632,1710.36066862717
5.359999999999632,1710.3545239962316
5.3619999999996315,1710.3484510165742
5.363999999999631,1710.3424486492536
5.365999999999631,1710.3365161492795
5.367999999999631,1710.330652488615
5.369999999999631,1710.324857511441
5.37199999999963,1710.3191299122689
5.37399999999963,1710.313483463483
5.37599999999963,1710.3078885042453
5.37799999999963,1710.3023590622531
5.3799999999996295,1710.2969084820709
5.381999999999629,1710.291506849331
5.383999999999629,1710.286183060468
5.385999999999629,1710.2809215062448
5.387999999999629,1710.2757069908346
5.389999999999628,1710.270567814992
5.391999999999628,1710.265488836124
5.393999999999628,1710.2604690948417
5.395999999999628,1710.2555082187155
5.3979999999996275,1710.2506049676404
5.399999999999627,1710.245759271129
5.401999999999627,1710.2409701906786
5.403999999999627,1710.2362519164546
5.405999999999627,1710.2315736013024
5.407999999999626,1710.2269651906252
5.409999999999626,1710.2223954026952
5.411999999999626,1710.217894052834
5.413999999999626,1710.2134297189937
5.415999999999626,1710.209032666987
5.417999999999625,1710.2046870142533
5.419999999999625,1710.2003918651385
5.421999999999625,1710.196146328377
5.423999999999625,1710.1919503967083
5.4259999999996245,1710.187802895561
5.427999999999624,1710.183703534626
5.429999999999624,1710.179667324447
5.431999999999624,1710.1756619584871
5.433999999999624,1710.1717183711748
5.435999999999623,1710.1678050153328
5.437999999999623,1710.1639520832532
5.439999999999623,1710.160143363832
5.441999999999623,1710.1563785996364
5.4439999999996225,1710.1526572437663
5.445999999999622,1710.1489781642592
5.447999999999622,1710.1453411175507
5.449999999999622,1710.1417452749358
5.451999999999622,1710.1382066268588
5.453999999999621,1710.1346919329071
5.455999999999621,1710.1312171636225
5.457999999999621,1710.1277975217702
5.459999999999621,1710.1244165366263
5.4619999999996205,1710.121073699786
5.46399999999962,1710.1177682110456
5.46599999999962,1710.1144995701864
5.46799999999962,1710.1112675778127
5.46999999999962,1710.1080714460777
5.471999999999619,1710.1049106875362
5.473999999999619,1710.1018007466896
5.475999999999619,1710.0987090165195
5.477999999999619,1710.0956674953359
5.4799999999996185,1710.0926428914734
5.481999999999618,1710.0896673085535
5.483999999999618,1710.0867240085865
5.485999999999618,1710.0838125313371
5.487999999999618,1710.0809324205109
5.489999999999617,1710.078099338875
5.491999999999617,1710.075280033415
5.493999999999617,1710.0724907482142
5.495999999999617,1710.0697472224756
5.4979999999996165,1710.0670322841454
5.499999999999616,1710.0643295755551
5.501999999999616,1710.0616710887114
5.503999999999616,1710.0590398967636
5.505999999999616,1710.0564524560043
5.507999999999615,1710.0538749054501
5.509999999999615,1710.051323389667
5.511999999999615,1710.048813834881
5.513999999999615,1710.0463131724796
5.5159999999996145,1710.0438536927068
5.517999999999614,1710.0414183535631
5.519999999999614,1710.039007055315
5.521999999999614,1710.0366191016474
5.523999999999614,1710.0342537991305
5.525999999999613,1710.0319113589253
5.527999999999613,1710.0296075733381
5.529999999999613,1710.0273088172721
5.531999999999613,1710.0250479849833
5.533999999999613,1710.0228079195192
5.535999999999612,1710.0205885479672
5.537999999999612,1710.018388896931
5.539999999999612,1710.0162088999098
5.541999999999612,1710.0140481923415
5.5439999999996115,1710.011906111047
5.545999999999611,1710.0097992137096
5.547999999999611,1710.0077105582836
5.549999999999611,1710.0056225460025
5.551999999999611,1710.0035687008183
5.55399999999961,1710.0015317454406
5.55599999999961,1709.9995280159426
5.55799999999961,1709.9975235204
5.55999999999961,1709.995534587757
5.5619999999996095,1709.9935779019788
5.563999999999609,1709.991636437402
5.565999999999609,1709.9897092570802
5.567999999999609,1709.9877963363244
5.569999999999609,1709.9858973501741
5.571999999999608,1709.9840119765142
5.573999999999608,1709.9821392881322
5.575999999999608,1709.9802966723382
5.577999999999608,1709.9784667386466
5.5799999999996075,1709.9766314501348
5.581999999999607,1709.9748250244988
5.583999999999607,1709.9730297435567
5.585999999999607,1709.9712630563006
5.587999999999607,1709.9694894671259
5.589999999999606,1709.9677438879733
5.591999999999606,1709.9659907923099
5.593999999999606,1709.964264521806
5.595999999999606,1709.9625476221845
5.5979999999996055,1709.9608398033577
5.599999999999605,1709.9591404720145
5.601999999999605,1709.957466856708
5.603999999999605,1709.9557842650854
5.605999999999605,1709.9541262277414
5.607999999999604,1709.9524758694142
5.609999999999604,1709.9508326074852
5.611999999999604,1709.9491958611661
5.613999999999604,1709.9475659712966
5.6159999999996035,1709.9459590007752
5.617999999999603,1709.944341102577
5.619999999999603,1709.9427456007895
5.621999999999603,1709.9411555929053
5.623999999999603,1709.9395705102588
5.625999999999602,1709.937989785865
5.627999999999602,1709.9364137770876
5.629999999999602,1709.9348588997118
5.631999999999602,1709.933307929972
5.6339999999996015,1709.9317603082675
5.635999999999601,1709.9302157846887
5.637999999999601,1709.928674419636
5.639999999999601,1709.9271353509857
5.641999999999601,1709.9255989516253
5.6439999999996004,1709.9240816723484
5.6459999999996,1709.9225662774431
5.6479999999996,1709.921052219629
5.6499999999996,1709.9195395711486
5.6519999999996,1709.9180277883993
5.653999999999599,1709.9165339585343
5.655999999999599,1709.91502321185
5.657999999999599,1709.9135299606035
5.659999999999599,1709.9120366568202
5.6619999999995985,1709.9105430744792
5.663999999999598,1709.9090660053632
5.665999999999598,1709.9075705754653
5.667999999999598,1709.906091526116
5.669999999999598,1709.9045936745592
5.671999999999597,1709.9031114570082
5.673999999999597,1709.901644657294
5.675999999999597,1709.900158095857
5.677999999999597,1709.8986695085102
5.6799999999995965,1709.8971950766813
5.681999999999596,1709.895718196631
5.683999999999596,1709.894237726458
5.685999999999596,1709.8927540816608
5.687999999999596,1709.8912667456066
5.689999999999595,1709.8897925217702
5.691999999999595,1709.8883145086822
5.693999999999595,1709.886814566433
5.695999999999595,1709.8853447526785
5.6979999999995945,1709.8838526116458
5.699999999999594,1709.8823555740316
5.701999999999594,1709.8808701252085
5.703999999999594,1709.8793793851353
5.705999999999594,1709.8778828485194
5.707999999999593,1709.8763803239924
5.709999999999593,1709.8748716216248
5.711999999999593,1709.8733735290514
5.713999999999593,1709.8718512765142
5.7159999999995925,1709.8703395659984
5.717999999999592,1709.8688209234813
5.719999999999592,1709.8673118115141
5.721999999999592,1709.8657781240581
5.723999999999592,1709.864253594432
5.725999999999591,1709.862721397094
5.727999999999591,1709.8611807251361
5.729999999999591,1709.8596314007673
5.731999999999591,1709.858073876539
5.7339999999995905,1709.8565242728857
5.73599999999959,1709.8549657950991
5.73799999999959,1709.8533807279834
5.73999999999959,1709.851820267178
5.74199999999959,1709.850233189547
5.743999999999589,1709.8486534475808
5.745999999999589,1709.847046132749
5.747999999999589,1709.8454458051535
5.749999999999589,1709.8438347736057
5.7519999999995886,1709.8422303712887
5.753999999999588,1709.8405974299615
5.755999999999588,1709.8389707764725
5.757999999999588,1709.8373327499164
5.759999999999588,1709.8356831891
5.7619999999995875,1709.8340219339689
5.763999999999587,1709.8323656469377
5.765999999999587,1709.830697332574
5.767999999999587,1709.8290165167812
5.769999999999587,1709.8273243113074
5.771999999999586,1709.8256205623488
5.773999999999586,1709.8239051171647
5.775999999999586,1709.8221775066509
5.777999999999586,1709.8204543409227
5.7799999999995855,1709.8187183727046
5.781999999999585,1709.8169691343633
5.783999999999585,1709.8152061587318
5.785999999999585,1709.8134289791308
5.787999999999585,1709.8116551158691
5.789999999999584,1709.8098667345412
5.791999999999584,1709.808063688763
5.793999999999584,1709.8062458330485
5.795999999999584,1709.8044303331112
5.7979999999995835,1709.8025820958346
5.799999999999583,1709.8007359069645
5.801999999999583,1709.7988739950952
5.803999999999583,1709.7970134866007
5.805999999999583,1709.795120013482
5.807999999999582,1709.793227321892
5.809999999999582,1709.791318643646
5.811999999999582,1709.7893932011082
5.813999999999582,1709.7874683880987
5.8159999999995815,1709.7855096328653
5.817999999999581,1709.7835508909452
5.819999999999581,1709.781574814885
5.821999999999581,1709.7795815903428
5.823999999999581,1709.7775879148908
5.82599999999958,1709.7755764786996
5.82799999999958,1709.773547149001
5.82999999999958,1709.7714997938483
5.83199999999958,1709.7694342821276
5.8339999999995795,1709.7673672504022
5.835999999999579,1709.765281454235
5.837999999999579,1709.7631774072338
5.839999999999579,1709.7610540163066
5.841999999999579,1709.7589288313904
5.843999999999578,1709.7567676426174
5.845999999999578,1709.7546037350298
5.847999999999578,1709.7524202696807
5.849999999999578,1709.7502337776432
5.8519999999995775,1709.7480274489333
5.853999999999577,1709.7457845318868
5.855999999999577,1709.743554784992
5.857999999999577,1709.74128820334
5.859999999999577,1709.7390175517935
5.861999999999576,1709.7367095280722
5.863999999999576,1709.734397484165
5.865999999999576,1709.732080930237
5.867999999999576,1709.7297269807739
5.869999999999576,1709.7273679267796
5.871999999999575,1709.7249874358445
5.873999999999575,1709.722585389439
5.875999999999575,1709.7201781268395
5.877999999999575,1709.7177326003805
5.8799999999995745,1709.7152812667264
5.881999999999574,1709.7128075524195
5.883999999999574,1709.7103280563751
5.885999999999574,1709.7078098652953
5.887999999999574,1709.7052475005369
5.889999999999573,1709.7026990462682
5.891999999999573,1709.7001439222008
5.893999999999573,1709.6975500031244
5.895999999999573,1709.6949491536348
5.8979999999995725,1709.6923249388228
5.899999999999572,1709.6896934985002
5.901999999999572,1709.6870218743313
5.903999999999572,1709.6843427661536
5.905999999999572,1709.6816394858358
5.907999999999571,1709.6789284278132
5.909999999999571,1709.6761767808953
5.911999999999571,1709.673416447633
5.913999999999571,1709.6706317933406
5.9159999999995705,1709.667822383384
5.91799999999957,1709.66500386701
5.91999999999957,1709.6621603410183
5.92199999999957,1709.6592914162636
5.92399999999957,1709.6563972247004
5.925999999999569,1709.653493381978
5.927999999999569,1709.6505477512458
5.929999999999569,1709.647592218148
5.931999999999569,1709.6446269450746
5.9339999999995685,1709.6416192610359
5.935999999999568,1709.638601587619
5.937999999999568,1709.6355572196246
5.939999999999568,1709.6325022445346
5.941999999999568,1709.6294044840877
5.943999999999567,1709.6262958688226
5.945999999999567,1709.6231601047962
5.947999999999567,1709.6200131969906
5.949999999999567,1709.6168228079962
5.9519999999995665,1709.6136210293807
5.953999999999566,1709.6103916528764
5.955999999999566,1709.6071502693826
5.957999999999566,1709.6038650443136
5.959999999999566,1709.6005678974643
5.961999999999565,1709.5972423787757
5.963999999999565,1709.5939039911068
5.965999999999565,1709.590521738278
5.967999999999565,1709.587126703827
5.9699999999995645,1709.5837183910726
5.971999999999564,1709.5802656113192
5.973999999999564,1709.576799311385
5.975999999999564,1709.5733038600292
5.977999999999564,1709.5697791603318
5.979999999999563,1709.5662402018006
5.981999999999563,1709.562672085548
5.983999999999563,1709.5590740536616
5.985999999999563,1709.5554463415428
5.987999999999563,1709.5518038434413
5.989999999999562,1709.5481314263538
5.991999999999562,1709.5444286640184
5.993999999999562,1709.5406954618982
5.995999999999562,1709.5369469481693
5.9979999999995615,1709.533168089047
5.999999999999561,1709.529358126893
