time,value
0.0,0.7451322879516353
0.002,0.7187801788947932
0.004,0.7067574486188353
0.006,1.0540378292185069
0.008,1.2073701767640141
0.01,1.2658322785887965
0.012,1.2830406045478069
0.014,1.2847364016526361
0.016,1.2818013649808966
0.018000000000000002,1.2781977062724192
0.020000000000000004,1.2750166070029993
0.022000000000000006,1.2723645006449684
0.024000000000000007,1.2700964265499195
0.02600000000000001,1.268061091572649
0.02800000000000001,1.2661565842110665
0.030000000000000013,1.2643259539664697
0.032000000000000015,1.2625412007268364
0.034000000000000016,1.2607900683634328
0.03600000000000002,1.259067881058444
0.03800000000000002,1.257373209059971
0.04000000000000002,1.2557059441705696
0.04200000000000002,1.2540664821702827
0.044000000000000025,1.2524551433243754
0.04600000000000003,1.2508721151854676
0.04800000000000003,1.2493174858512581
0.05000000000000003,1.2477912793164891
0.05200000000000003,1.246293472924728
0.054000000000000034,1.2448240026678674
0.056000000000000036,1.2433827806518498
0.05800000000000004,1.241969691138153
0.06000000000000004,1.2405845940368239
0.06200000000000004,1.2392273294983849
0.06400000000000004,1.2378977161892935
0.06600000000000004,1.2365956469153396
0.06800000000000005,1.2353219559658277
0.07000000000000005,1.2340776550952355
0.07200000000000005,1.2328630982554771
0.07400000000000005,1.2316778684710825
0.07600000000000005,1.230521610264253
0.07800000000000006,1.2293939954608175
0.08000000000000006,1.2282947019064894
0.08200000000000006,1.227223389263541
0.08400000000000006,1.2261796989887506
0.08600000000000006,1.2251632496822091
0.08800000000000006,1.2241736308926936
0.09000000000000007,1.2232104155342978
0.09200000000000007,1.222273154115034
0.09400000000000007,1.2213613783203843
0.09600000000000007,1.220474603407225
0.09800000000000007,1.2196123301329718
0.10000000000000007,1.2187740493308081
0.10200000000000008,1.2179595725852357
0.10400000000000008,1.2171714886393246
0.10600000000000008,1.216411160360067
0.10800000000000008,1.2156785253578086
0.11000000000000008,1.2149729098144126
0.11200000000000009,1.2142933967070961
0.11400000000000009,1.2136389786789916
0.11600000000000009,1.213008627300232
0.11800000000000009,1.2124013129345472
0.12000000000000009,1.2118160181470432
0.1220000000000001,1.2112517340115678
0.1240000000000001,1.210707457277275
0.12600000000000008,1.2101822002560807
0.12800000000000009,1.2096749870530967
0.1300000000000001,1.2091848538620102
0.1320000000000001,1.2087108503565296
0.1340000000000001,1.2082520438583317
0.1360000000000001,1.207807514623858
0.1380000000000001,1.2073763617928661
0.1400000000000001,1.206957704289488
0.1420000000000001,1.2065506747616337
0.1440000000000001,1.2061544221203468
0.1460000000000001,1.2057681123059338
0.1480000000000001,1.2053909310224922
0.1500000000000001,1.2050220775573015
0.1520000000000001,1.2046608631977023
0.1540000000000001,1.204308502393401
0.1560000000000001,1.2039664889538026
0.1580000000000001,1.2036351631206585
0.16000000000000011,1.2033143426132606
0.16200000000000012,1.203003629512137
0.16400000000000012,1.2027025828459716
0.16600000000000012,1.2024136447565903
0.16800000000000012,1.202139915631665
0.17000000000000012,1.201881797189614
0.17200000000000013,1.201638504253393
0.17400000000000013,1.2014088100480045
0.17600000000000013,1.2011913976521824
0.17800000000000013,1.2009849848736545
0.18000000000000013,1.2007883586548247
0.18200000000000013,1.2006003845372266
0.18400000000000014,1.2004199946343483
0.18600000000000014,1.2002461786473702
0.18800000000000014,1.2000779825980235
0.19000000000000014,1.199914497191715
0.19200000000000014,1.1997548492307308
0.19400000000000014,1.1995982031521142
0.19600000000000015,1.1994437551434038
0.19800000000000015,1.1992907263269035
0.20000000000000015,1.199138365208709
0.20200000000000015,1.198985941979894
0.20400000000000015,1.1988327389837823
0.20600000000000016,1.1986780591972206
0.20800000000000016,1.1985212126345053
0.21000000000000016,1.1983615207946579
0.21200000000000016,1.1981995122144506
0.21400000000000016,1.1980392600092267
0.21600000000000016,1.1978828677236113
0.21800000000000017,1.1977308921785847
0.22000000000000017,1.1975832712522663
0.22200000000000017,1.197439708953465
0.22400000000000017,1.1972998496247096
0.22600000000000017,1.197163331334958
0.22800000000000017,1.1970298142673352
0.23000000000000018,1.1968989744689282
0.23200000000000018,1.1967705000607132
0.23400000000000018,1.1966440918729457
0.23600000000000018,1.196519464736367
0.23800000000000018,1.196396337094554
0.24000000000000019,1.196274435238547
0.2420000000000002,1.1961534965370335
0.2440000000000002,1.1960332599818415
0.2460000000000002,1.1959134736694166
0.2480000000000002,1.1957938866695357
0.25000000000000017,1.1956742567160912
0.25200000000000017,1.1955543476270623
0.25400000000000017,1.1954339194199282
0.25600000000000017,1.195312745227144
0.2580000000000002,1.1951905948315629
0.2600000000000002,1.1950672411965608
0.2620000000000002,1.1949424615111894
0.2640000000000002,1.1948170274087933
0.2660000000000002,1.1946929222409257
0.2680000000000002,1.194571036501195
0.2700000000000002,1.1944515815521397
0.2720000000000002,1.1943344908343119
0.2740000000000002,1.194219597921678
0.2760000000000002,1.1941067133378467
0.2780000000000002,1.1939956479864626
0.2800000000000002,1.1938862225285598
0.2820000000000002,1.193778264838799
0.2840000000000002,1.1936716083332695
0.2860000000000002,1.1935663071253861
0.2880000000000002,1.1934632516306216
0.2900000000000002,1.1933627574150953
0.2920000000000002,1.1932647021669402
0.2940000000000002,1.1931688023193734
0.2960000000000002,1.1930747155665617
0.2980000000000002,1.1929820948070249
0.3000000000000002,1.192890599257702
0.3020000000000002,1.1927999033504584
0.3040000000000002,1.192709690653416
0.3060000000000002,1.1926196517688625
0.3080000000000002,1.192529492087929
0.3100000000000002,1.1924389163282654
0.3120000000000002,1.1923476409330132
0.3140000000000002,1.1922558629104703
0.3160000000000002,1.1921651332411007
0.3180000000000002,1.1920762273849235
0.32000000000000023,1.1919893178990044
0.32200000000000023,1.191904330470602
0.32400000000000023,1.1918211075436485
0.32600000000000023,1.1917394682064166
0.32800000000000024,1.1916592308494989
0.33000000000000024,1.1915802228351837
0.33200000000000024,1.1915022783408256
0.33400000000000024,1.191425236980676
0.33600000000000024,1.1913489458277855
0.33800000000000024,1.191273255799751
0.34000000000000025,1.191198020704142
0.34200000000000025,1.1911231028446314
0.34400000000000025,1.191048363998057
0.34600000000000025,1.1909736672979707
0.34800000000000025,1.190898883843396
0.35000000000000026,1.190823881013834
0.35200000000000026,1.1907485331247025
0.35400000000000026,1.1906727166415165
0.35600000000000026,1.1905963090298854
0.35800000000000026,1.1905191916107767
0.36000000000000026,1.190441243787669
0.36200000000000027,1.1903623485268542
0.36400000000000027,1.1902831369447464
0.36600000000000027,1.190204599983216
0.36800000000000027,1.1901270984790078
0.3700000000000003,1.190050701924819
0.3720000000000003,1.1899753491314176
0.3740000000000003,1.189900941754382
0.3760000000000003,1.1898273726708122
0.3780000000000003,1.1897545331945203
0.3800000000000003,1.1896823245616344
0.3820000000000003,1.1896106523694834
0.3840000000000003,1.1895394217215536
0.3860000000000003,1.1894685426599034
0.3880000000000003,1.189397927589878
0.3900000000000003,1.1893274934030562
0.3920000000000003,1.1892571553651488
0.3940000000000003,1.1891868325189088
0.3960000000000003,1.1891164453681253
0.3980000000000003,1.1890459153748183
0.4000000000000003,1.1889751650095248
0.4020000000000003,1.188904120758509
0.4040000000000003,1.1888327100818743
0.4060000000000003,1.1887608579264843
0.4080000000000003,1.1886884957256707
0.4100000000000003,1.188615553121946
0.4120000000000003,1.1885419843913851
0.4140000000000003,1.188468322729923
0.4160000000000003,1.1883951829503814
0.4180000000000003,1.1883227756962769
0.4200000000000003,1.1882511323482532
0.4220000000000003,1.1881802103225394
0.4240000000000003,1.1881099356734368
0.4260000000000003,1.1880402349493837
0.4280000000000003,1.1879710342294256
0.4300000000000003,1.1879022653028914
0.43200000000000033,1.1878338657465042
0.43400000000000033,1.1877657689029055
0.43600000000000033,1.1876979149013684
0.43800000000000033,1.187630438762807
0.44000000000000034,1.1875635634826613
0.44200000000000034,1.1874972470625393
0.44400000000000034,1.1874314124599206
0.44600000000000034,1.1873659644154348
0.44800000000000034,1.1873008082870464
0.45000000000000034,1.187235854835778
0.45200000000000035,1.187171014498404
0.45400000000000035,1.1871061996128698
0.45600000000000035,1.1870413306036103
0.45800000000000035,1.1869763267709048
0.46000000000000035,1.186911107884691
0.46200000000000035,1.1868455985628732
0.46400000000000036,1.1867801212931286
0.46600000000000036,1.1867151754289615
0.46800000000000036,1.1866509300141403
0.47000000000000036,1.186587401576539
0.47200000000000036,1.1865245473048378
0.47400000000000037,1.1864623002357597
0.47600000000000037,1.186400588446642
0.47800000000000037,1.1863393473104766
0.48000000000000037,1.1862785090209773
0.4820000000000004,1.186218010254232
0.4840000000000004,1.186157790098925
0.4860000000000004,1.1860977921219433
0.4880000000000004,1.18603795810124
0.4900000000000004,1.185978233298547
0.4920000000000004,1.185918561217917
0.4940000000000004,1.1858588919525883
0.4960000000000004,1.1857991708879023
0.4980000000000004,1.1857393465560544
0.5000000000000003,1.1856793717929497
0.5020000000000003,1.185619197208549
0.5040000000000003,1.185558776442628
0.5060000000000003,1.1854980609623336
0.5080000000000003,1.185437005585507
0.5100000000000003,1.1853755660875853
0.5120000000000003,1.185313695720706
0.5140000000000003,1.1852515268017505
0.5160000000000003,1.185189493070384
0.5180000000000003,1.1851277993387295
0.5200000000000004,1.185066493346611
0.5220000000000004,1.1850055530868047
0.5240000000000004,1.1849449389126987
0.5260000000000004,1.1848846000224964
0.5280000000000004,1.184824491363899
0.5300000000000004,1.1847645702817853
0.5320000000000004,1.1847047924023952
0.5340000000000004,1.184645117293015
0.5360000000000004,1.1845855030439336
0.5380000000000004,1.1845259115310616
0.5400000000000004,1.1844663087101237
0.5420000000000004,1.1844066549879964
0.5440000000000004,1.1843469136685814
0.5460000000000004,1.1842870522458213
0.5480000000000004,1.1842270358261464
0.5500000000000004,1.1841668294732752
0.5520000000000004,1.184106401882871
0.5540000000000004,1.1840457195110456
0.5560000000000004,1.1839847519119897
0.5580000000000004,1.1839234693002307
0.5600000000000004,1.1838618390716211
0.5620000000000004,1.1837998318561276
0.5640000000000004,1.1837374247754493
0.5660000000000004,1.1836748419224608
0.5680000000000004,1.1836123770352156
0.5700000000000004,1.1835501306062801
0.5720000000000004,1.1834881187255628
0.5740000000000004,1.1834263193276766
0.5760000000000004,1.1833647010787305
0.5780000000000004,1.1833032274813422
0.5800000000000004,1.1832418654968255
0.5820000000000004,1.1831805808838807
0.5840000000000004,1.1831193464164667
0.5860000000000004,1.1830581301913208
0.5880000000000004,1.182996903293467
0.5900000000000004,1.1829356408423273
0.5920000000000004,1.1828743124480707
0.5940000000000004,1.1828128935308948
0.5960000000000004,1.182751355622678
0.5980000000000004,1.1826897433664123
0.6000000000000004,1.1826281111262553
0.6020000000000004,1.1825664612774778
0.6040000000000004,1.1825047721959785
0.6060000000000004,1.182443015469551
0.6080000000000004,1.1823811535789925
0.6100000000000004,1.1823191540942615
0.6120000000000004,1.182256985787843
0.6140000000000004,1.1821946117446558
0.6160000000000004,1.1821320013938312
0.6180000000000004,1.1820692926220588
0.6200000000000004,1.1820067259033589
0.6220000000000004,1.1819443919211206
0.6240000000000004,1.1818823010256656
0.6260000000000004,1.1818204317857837
0.6280000000000004,1.1817587552173596
0.6300000000000004,1.181697237239144
0.6320000000000005,1.1816358498211987
0.6340000000000005,1.181574557333369
0.6360000000000005,1.1815133334518642
0.6380000000000005,1.1814521478087667
0.6400000000000005,1.1813909760111416
0.6420000000000005,1.1813297886280794
0.6440000000000005,1.181268559148172
0.6460000000000005,1.181207265102366
0.6480000000000005,1.1811458784791031
0.6500000000000005,1.1810843770765784
0.6520000000000005,1.181022736739416
0.6540000000000005,1.1809609332429438
0.6560000000000005,1.1808989458312524
0.6580000000000005,1.180836751267497
0.6600000000000005,1.1807743292135515
0.6620000000000005,1.180711659800115
0.6640000000000005,1.1806487201242508
0.6660000000000005,1.1805854874436659
0.6680000000000005,1.1805219429315423
0.6700000000000005,1.180458095861888
0.6720000000000005,1.180394155062502
0.6740000000000005,1.180330261181082
0.6760000000000005,1.1802664535522034
0.6780000000000005,1.1802027298165958
0.6800000000000005,1.1801390715929898
0.6820000000000005,1.1800754527930875
0.6840000000000005,1.1800118500062013
0.6860000000000005,1.1799482413195168
0.6880000000000005,1.179884608655529
0.6900000000000005,1.1798209284700878
0.6920000000000005,1.1797571802205986
0.6940000000000005,1.179693347554311
0.6960000000000005,1.1796294115483215
0.6980000000000005,1.1795653529832926
0.7000000000000005,1.1795011530982664
0.7020000000000005,1.1794367966855712
0.7040000000000005,1.17937226595406
0.7060000000000005,1.1793075458875437
0.7080000000000005,1.1792426188736638
0.7100000000000005,1.1791774673028694
0.7120000000000005,1.1791120772240058
0.7140000000000005,1.1790464352211303
0.7160000000000005,1.1789805246755902
0.7180000000000005,1.1789143318675197
0.7200000000000005,1.1788478436559675
0.7220000000000005,1.178781043907613
0.7240000000000005,1.1787139377786402
0.7260000000000005,1.178646695237668
0.7280000000000005,1.1785794317185265
0.7300000000000005,1.1785121808809098
0.7320000000000005,1.178444945330014
0.7340000000000005,1.1783777084044242
0.7360000000000005,1.1783104519607082
0.7380000000000005,1.1782431582077766
0.7400000000000005,1.1781758101437418
0.7420000000000005,1.1781083944700417
0.7440000000000005,1.1780408953380401
0.7460000000000006,1.1779732937794667
0.7480000000000006,1.1779055774975717
0.7500000000000006,1.1778377352892548
0.7520000000000006,1.1777697495948813
0.7540000000000006,1.1777016151005082
0.7560000000000006,1.1776333575979983
0.7580000000000006,1.1775649999277116
0.7600000000000006,1.1774965395424315
0.7620000000000006,1.177427963658269
0.7640000000000006,1.177359255918897
0.7660000000000006,1.177290402158433
0.7680000000000006,1.177221385286153
0.7700000000000006,1.177152191008026
0.7720000000000006,1.177082802504708
0.7740000000000006,1.17701320301987
0.7760000000000006,1.176943379507815
0.7780000000000006,1.1768733194843146
0.7800000000000006,1.1768030758939636
0.7820000000000006,1.1767327877191447
0.7840000000000006,1.1766625111785993
0.7860000000000006,1.176592260317078
0.7880000000000006,1.176522027360296
0.7900000000000006,1.1764517939671124
0.7920000000000006,1.1763815461919722
0.7940000000000006,1.1763112649268508
0.7960000000000006,1.1762409372003315
0.7980000000000006,1.1761705481588218
0.8000000000000006,1.176100082817194
0.8020000000000006,1.1760295266184375
0.8040000000000006,1.1759588655299296
0.8060000000000006,1.175888088955567
0.8080000000000006,1.1758171835236297
0.8100000000000006,1.175746135533124
0.8120000000000006,1.1756749346900195
0.8140000000000006,1.175603568083232
0.8160000000000006,1.1755320226256143
0.8180000000000006,1.1754602887329315
0.8200000000000006,1.175388354249486
0.8220000000000006,1.1753162098202519
0.8240000000000006,1.1752438463983548
0.8260000000000006,1.1751712487021602
0.8280000000000006,1.1750984105134892
0.8300000000000006,1.1750253207033734
0.8320000000000006,1.1749519674572266
0.8340000000000006,1.17487834550011
0.8360000000000006,1.1748044887756848
0.8380000000000006,1.1747305153683694
0.8400000000000006,1.1746564845642364
0.8420000000000006,1.1745824093287245
0.8440000000000006,1.1745082845476895
0.8460000000000006,1.1744340988357558
0.8480000000000006,1.1743598393845098
0.8500000000000006,1.174285496616337
0.8520000000000006,1.1742110584119945
0.8540000000000006,1.174136512583932
0.8560000000000006,1.1740618475621476
0.8580000000000007,1.1739870524361304
0.8600000000000007,1.1739121198109377
0.8620000000000007,1.1738370424775595
0.8640000000000007,1.1737618066870594
0.8660000000000007,1.1736864045648359
0.8680000000000007,1.1736108263546758
0.8700000000000007,1.1735350651840712
0.8720000000000007,1.1734591114024955
0.8740000000000007,1.1733829581184303
0.8760000000000007,1.1733065957565647
0.8780000000000007,1.1732300176176176
0.8800000000000007,1.1731532143978591
0.8820000000000007,1.1730761797147435
0.8840000000000007,1.1729989045980969
0.8860000000000007,1.172921383004745
0.8880000000000007,1.1728436092851053
0.8900000000000007,1.172765574519541
0.8920000000000007,1.1726872739356193
0.8940000000000007,1.172608771830476
0.8960000000000007,1.172530157810764
0.8980000000000007,1.1724514658391145
0.9000000000000007,1.1723726972309105
0.9020000000000007,1.1722938482821839
0.9040000000000007,1.172214909527586
0.9060000000000007,1.1721358782316833
0.9080000000000007,1.1720567731282778
0.9100000000000007,1.1719775994784727
0.9120000000000007,1.171898355467286
0.9140000000000007,1.1718190321975839
0.9160000000000007,1.1717396187782965
0.9180000000000007,1.1716601042329247
0.9200000000000007,1.171580481041111
0.9220000000000007,1.1715007389950218
0.9240000000000007,1.1714208676229902
0.9260000000000007,1.171340856918029
0.9280000000000007,1.171260700421895
0.9300000000000007,1.1711803889312775
0.9320000000000007,1.1710999129030681
0.9340000000000007,1.1710192661864764
0.9360000000000007,1.1709384429244898
0.9380000000000007,1.1708574307802135
0.9400000000000007,1.170776226380047
0.9420000000000007,1.170694818275603
0.9440000000000007,1.170613203425247
0.9460000000000007,1.1705313705776774
0.9480000000000007,1.1704493168951695
0.9500000000000007,1.1703670313630856
0.9520000000000007,1.1702845504934927
0.9540000000000007,1.1702019551552576
0.9560000000000007,1.1701192802464595
0.9580000000000007,1.170036532567654
0.9600000000000007,1.169953710811909
0.9620000000000007,1.169870803600284
0.9640000000000007,1.1697878042210852
0.9660000000000007,1.1697047037532096
0.9680000000000007,1.1696214961731113
0.9700000000000008,1.1695381727183594
0.9720000000000008,1.1694547244506743
0.9740000000000008,1.1693711429757387
0.9760000000000008,1.1692874204973354
0.9780000000000008,1.1692035527063205
0.9800000000000008,1.1691195354261406
0.9820000000000008,1.1690353577953139
0.9840000000000008,1.1689510178045923
0.9860000000000008,1.1688665052603366
0.9880000000000008,1.1687818153309446
0.9900000000000008,1.1686969411499744
0.9920000000000008,1.16861187873217
0.9940000000000008,1.1685266212772591
0.9960000000000008,1.1684411647419508
0.9980000000000008,1.16835550233358
1.0000000000000007,1.1682696301087891
1.0020000000000007,1.168183544456165
1.0040000000000007,1.168097235392682
1.0060000000000007,1.1680107020459012
1.0080000000000007,1.167923938500146
1.0100000000000007,1.1678369380245541
1.0120000000000007,1.1677497440757978
1.0140000000000007,1.1676624245973888
1.0160000000000007,1.1675750034483965
1.0180000000000007,1.1674874840184817
1.0200000000000007,1.167399861806771
1.0220000000000007,1.1673121329218645
1.0240000000000007,1.1672242899443084
1.0260000000000007,1.1671363250898872
1.0280000000000007,1.1670482311221373
1.0300000000000007,1.1669600044737574
1.0320000000000007,1.1668716388483502
1.0340000000000007,1.1667831306171994
1.0360000000000007,1.1666944732808884
1.0380000000000007,1.1666056600860488
1.0400000000000007,1.166516687797937
1.0420000000000007,1.1664275505046324
1.0440000000000007,1.1663382420143913
1.0460000000000007,1.16624875959636
1.0480000000000007,1.1661590977754315
1.0500000000000007,1.166069254856388
1.0520000000000007,1.1659792407763596
1.0540000000000007,1.1658890667586848
1.0560000000000007,1.1657987320194558
1.0580000000000007,1.165708231480032
1.0600000000000007,1.1656175619537286
1.0620000000000007,1.1655267170293822
1.0640000000000007,1.1654356929358134
1.0660000000000007,1.1653444831128792
1.0680000000000007,1.1652530838628055
1.0700000000000007,1.1651614888013782
1.0720000000000007,1.1650697019620173
1.0740000000000007,1.1649777888831494
1.0760000000000007,1.1648857862041657
1.0780000000000007,1.1647936983993787
1.0800000000000007,1.1647015255203574
1.0820000000000007,1.1646092616685617
1.0840000000000007,1.1645168995466293
1.0860000000000007,1.1644244350701367
1.0880000000000007,1.1643318584166662
1.0900000000000007,1.1642391658293394
1.0920000000000007,1.164146354555551
1.0940000000000007,1.164053415269556
1.0960000000000008,1.1639603444707856
1.0980000000000008,1.1638671365969757
1.1000000000000008,1.1637737888718762
1.1020000000000008,1.1636802955635586
1.1040000000000008,1.1635866505894072
1.1060000000000008,1.1634928513276694
1.1080000000000008,1.1633988924170369
1.1100000000000008,1.1633047712222884
1.1120000000000008,1.1632104792106386
1.1140000000000008,1.1631160169446257
1.1160000000000008,1.163021376654285
1.1180000000000008,1.1629265588993807
1.1200000000000008,1.1628315557759799
1.1220000000000008,1.1627363647285351
1.1240000000000008,1.1626409841778123
1.1260000000000008,1.1625454091328962
1.1280000000000008,1.1624496342574304
1.1300000000000008,1.1623536608461502
1.1320000000000008,1.162257481239111
1.1340000000000008,1.162161100780913
1.1360000000000008,1.1620645771594693
1.1380000000000008,1.161967936767926
1.1400000000000008,1.1618711927079008
1.1420000000000008,1.1617743407291554
1.1440000000000008,1.161677378422032
1.1460000000000008,1.1615803001778926
1.1480000000000008,1.1614831000373664
1.1500000000000008,1.161385775581496
1.1520000000000008,1.1612883217065315
1.1540000000000008,1.16119073301353
1.1560000000000008,1.1610930045110601
1.1580000000000008,1.1609951347481167
1.1600000000000008,1.1608971224562872
1.1620000000000008,1.1607989595782526
1.1640000000000008,1.1607006834421192
1.1660000000000008,1.1606023365041465
1.1680000000000008,1.1605038643201948
1.1700000000000008,1.1604052425099443
1.1720000000000008,1.160306457504665
1.1740000000000008,1.1602075046285367
1.1760000000000008,1.1601083788438085
1.1780000000000008,1.1600090756701753
1.1800000000000008,1.1599095942947453
1.1820000000000008,1.1598099311483299
1.1840000000000008,1.159710085283121
1.1860000000000008,1.159610052823957
1.1880000000000008,1.1595098326106998
1.1900000000000008,1.1594094248464255
1.1920000000000008,1.1593088412623125
1.1940000000000008,1.15920808431922
1.1960000000000008,1.159107154663384
1.1980000000000008,1.1590060696531
1.2000000000000008,1.1589048757685776
1.2020000000000008,1.1588035866293471
1.2040000000000008,1.1587022072338615
1.2060000000000008,1.158600734670988
1.2080000000000009,1.1584991667369169
1.2100000000000009,1.1583974947137303
1.2120000000000009,1.1582957158217435
1.2140000000000009,1.1581938253253752
1.2160000000000009,1.1580918213286497
1.2180000000000009,1.1579896959578981
1.2200000000000009,1.1578874503120533
1.2220000000000009,1.157785077094427
1.2240000000000009,1.157682571166612
1.2260000000000009,1.1575799314950996
1.2280000000000009,1.1574771573382308
1.2300000000000009,1.1573742411481853
1.2320000000000009,1.1572711811532905
1.2340000000000009,1.1571679765933256
1.2360000000000009,1.1570646232056503
1.2380000000000009,1.1569611162613522
1.2400000000000009,1.1568574514787273
1.2420000000000009,1.1567536281841688
1.2440000000000009,1.1566496428918367
1.2460000000000009,1.156545494724119
1.2480000000000009,1.156441179846865
1.2500000000000009,1.1563366971519353
1.252000000000001,1.156232042713929
1.254000000000001,1.1561272123669504
1.256000000000001,1.1560222054896245
1.258000000000001,1.155917018743533
1.260000000000001,1.155811651509902
1.262000000000001,1.1557061116306355
1.264000000000001,1.1556004401669742
1.266000000000001,1.155494655986507
1.268000000000001,1.1553887628745119
1.270000000000001,1.1552827590300858
1.272000000000001,1.1551766439265458
1.274000000000001,1.1550704135008818
1.276000000000001,1.1549640662083567
1.278000000000001,1.1548575945596684
1.280000000000001,1.1547509971510972
1.282000000000001,1.1546442736410798
1.284000000000001,1.1545374170809524
1.286000000000001,1.1544304263399623
1.288000000000001,1.1543233012639809
1.290000000000001,1.1542160350650397
1.292000000000001,1.1541086267807208
1.294000000000001,1.1540010764302264
1.296000000000001,1.15389338047052
1.298000000000001,1.153785534859923
1.300000000000001,1.1536775359768527
1.302000000000001,1.1535693838096281
1.304000000000001,1.1534610755060992
1.306000000000001,1.1533526108215084
1.308000000000001,1.153243986525568
1.310000000000001,1.1531352021049206
1.312000000000001,1.1530262511254865
1.314000000000001,1.1529171363097546
1.316000000000001,1.1528078520047718
1.318000000000001,1.1526984009040326
1.320000000000001,1.1525887771597259
1.322000000000001,1.152478980239194
1.324000000000001,1.1523690126883372
1.326000000000001,1.1522588780595149
1.328000000000001,1.1521486000481873
1.330000000000001,1.1520382088376797
1.332000000000001,1.1519277207009655
1.334000000000001,1.1518171381330808
1.336000000000001,1.151706461718729
1.338000000000001,1.1515956873778384
1.340000000000001,1.1514848071269048
1.342000000000001,1.1513738228218222
1.344000000000001,1.1512627280498635
1.346000000000001,1.151151521642867
1.348000000000001,1.1510402001725142
1.350000000000001,1.1509287598841187
1.352000000000001,1.150817200385482
1.354000000000001,1.150705518371387
1.356000000000001,1.1505937100703236
1.358000000000001,1.1504817750994065
1.360000000000001,1.1503697102207455
1.362000000000001,1.150257511777372
1.364000000000001,1.1501451795280253
1.366000000000001,1.150032707296147
1.368000000000001,1.1499200979485371
1.370000000000001,1.149807345797075
1.372000000000001,1.14969445033899
1.374000000000001,1.1495814118989813
1.376000000000001,1.1494682272223937
1.378000000000001,1.1493548925828283
1.380000000000001,1.1492414047118622
1.382000000000001,1.149127763996454
1.384000000000001,1.1490139679780516
1.386000000000001,1.1489000168152497
1.388000000000001,1.1487859076639426
1.390000000000001,1.1486716373022516
1.392000000000001,1.1485572060121536
1.394000000000001,1.1484426173335338
1.396000000000001,1.148327894644651
1.398000000000001,1.1482130588273538
1.400000000000001,1.148098118413778
1.402000000000001,1.147983069572199
1.404000000000001,1.1478679120824364
1.406000000000001,1.1477526429015326
1.408000000000001,1.1476372616521524
1.410000000000001,1.1475217618711517
1.412000000000001,1.1474061431300735
1.414000000000001,1.1472904060073277
1.416000000000001,1.1471745443384178
1.418000000000001,1.1470585577845545
1.420000000000001,1.1469424469814167
1.422000000000001,1.1468262058320984
1.424000000000001,1.1467098340963495
1.426000000000001,1.1465933325231954
1.428000000000001,1.1464766951516157
1.430000000000001,1.1463599218871852
1.432000000000001,1.1462430105061265
1.434000000000001,1.1461259615601485
1.436000000000001,1.1460087725365216
1.438000000000001,1.145891443580691
1.440000000000001,1.1457739687838862
1.442000000000001,1.1456563483265723
1.444000000000001,1.1455385834157503
1.446000000000001,1.1454206716149544
1.448000000000001,1.1453026099190313
1.450000000000001,1.145184398817093
1.452000000000001,1.1450660360153355
1.454000000000001,1.144947520360024
1.456000000000001,1.1448288600133982
1.458000000000001,1.144710056836604
1.460000000000001,1.1445911094634238
1.462000000000001,1.144472021214751
1.464000000000001,1.1443528179028075
1.466000000000001,1.1442335119549512
1.468000000000001,1.144114109916149
1.470000000000001,1.1439946112425239
1.472000000000001,1.1438750131197783
1.474000000000001,1.1437553154900368
1.476000000000001,1.1436355152338356
1.478000000000001,1.1435156087899339
1.480000000000001,1.1433955929566746
1.482000000000001,1.1432754681213744
1.484000000000001,1.1431552317398066
1.486000000000001,1.143034880739156
1.488000000000001,1.1429144154216468
1.490000000000001,1.1427938331685674
1.492000000000001,1.1426731308976141
1.494000000000001,1.1425523058311322
1.496000000000001,1.1424313587341777
1.498000000000001,1.1423102874032312
1.500000000000001,1.1421890890819455
1.5020000000000011,1.142067764379244
1.5040000000000011,1.1419463109672727
1.5060000000000011,1.1418247291834047
1.5080000000000011,1.141703013224134
1.5100000000000011,1.1415811664959659
1.5120000000000011,1.14145918384972
1.5140000000000011,1.1413370654361592
1.5160000000000011,1.141214809151583
1.5180000000000011,1.1410924125850666
1.5200000000000011,1.140969876747545
1.5220000000000011,1.1408471996968237
1.5240000000000011,1.1407243821274653
1.5260000000000011,1.1406014217088036
1.5280000000000011,1.1404783157374607
1.5300000000000011,1.1403550650451866
1.5320000000000011,1.1402316765856755
1.5340000000000011,1.1401081709158003
1.5360000000000011,1.139984560553817
1.5380000000000011,1.1398608474122875
1.5400000000000011,1.13973702976745
1.5420000000000011,1.139613108158957
1.5440000000000011,1.1394890798993835
1.5460000000000012,1.1393649418330107
1.5480000000000012,1.1392406911789994
1.5500000000000012,1.1391163287887456
1.5520000000000012,1.1389918525791063
1.5540000000000012,1.138867259933003
1.5560000000000012,1.1387425484723548
1.5580000000000012,1.1386177193404339
1.5600000000000012,1.13849277382052
1.5620000000000012,1.138367706153531
1.5640000000000012,1.138242516480173
1.5660000000000012,1.138117202859179
1.5680000000000012,1.137991763050949
1.5700000000000012,1.1378661982254252
1.5720000000000012,1.1377405065569515
1.5740000000000012,1.1376146888428034
1.5760000000000012,1.1374887396633637
1.5780000000000012,1.137362662830034
1.5800000000000012,1.1372364540517674
1.5820000000000012,1.1371101190677422
1.5840000000000012,1.1369836598405456
1.5860000000000012,1.13685707550143
1.5880000000000012,1.1367303675429703
1.5900000000000012,1.136603534061337
1.5920000000000012,1.1364765725050623
1.5940000000000012,1.1363494837342962
1.5960000000000012,1.1362222656917158
1.5980000000000012,1.1360949190318002
1.6000000000000012,1.1359674382329108
1.6020000000000012,1.135839831012452
1.6040000000000012,1.1357121136763029
1.6060000000000012,1.1355842984960836
1.6080000000000012,1.1354563876226416
1.6100000000000012,1.1353283796919493
1.6120000000000012,1.1352002723954207
1.6140000000000012,1.1350720665869216
1.6160000000000012,1.134943760043611
1.6180000000000012,1.1348153499949705
1.6200000000000012,1.1346868371207206
1.6220000000000012,1.1345582191753194
1.6240000000000012,1.1344294934419563
1.6260000000000012,1.134300657518291
1.6280000000000012,1.1341717125977657
1.6300000000000012,1.134042656859221
1.6320000000000012,1.133913487900028
1.6340000000000012,1.133784206706501
1.6360000000000012,1.13365481129722
1.6380000000000012,1.1335252991952198
1.6400000000000012,1.1333956682105986
1.6420000000000012,1.133265919734788
1.6440000000000012,1.1331360521469618
1.6460000000000012,1.1330060632468109
1.6480000000000012,1.1328759542275237
1.6500000000000012,1.1327457233042082
1.6520000000000012,1.1326153681956606
1.6540000000000012,1.1324848900787852
1.6560000000000012,1.132354287200081
1.6580000000000013,1.1322235573291042
1.6600000000000013,1.1320927017090545
1.6620000000000013,1.1319617186570836
1.6640000000000013,1.1318306060115242
1.6660000000000013,1.1316993650875484
1.6680000000000013,1.131567994268437
1.6700000000000013,1.1314364914574422
1.6720000000000013,1.1313048580380616
1.6740000000000013,1.1311731005847518
1.6760000000000013,1.1310412342011946
1.6780000000000013,1.1309092684270967
1.6800000000000013,1.1307772043447177
1.6820000000000013,1.1306450402682928
1.6840000000000013,1.1305127771526235
1.6860000000000013,1.130380409605344
1.6880000000000013,1.1302479382931332
1.6900000000000013,1.1301153616938189
1.6920000000000013,1.1299826810582978
1.6940000000000013,1.1298498944579631
1.6960000000000013,1.1297169994335143
1.6980000000000013,1.129583993829585
1.7000000000000013,1.1294508791209747
1.7020000000000013,1.1293176537779845
1.7040000000000013,1.1291843172412106
1.7060000000000013,1.1290508751438357
1.7080000000000013,1.1289173279312545
1.7100000000000013,1.1287836740138522
1.7120000000000013,1.1286499114546389
1.7140000000000013,1.1285160416816713
1.7160000000000013,1.1283820630376709
1.7180000000000013,1.12824797327116
1.7200000000000013,1.1281137735593656
1.7220000000000013,1.1279794588989311
1.7240000000000013,1.1278450335432684
1.7260000000000013,1.1277104929420858
1.7280000000000013,1.1275758378328906
1.7300000000000013,1.1274410665970145
1.7320000000000013,1.1273061772447917
1.7340000000000013,1.1271711712460242
1.7360000000000013,1.1270360470599086
1.7380000000000013,1.1269008026080596
1.7400000000000013,1.126765439276473
1.7420000000000013,1.1266299554816142
1.7440000000000013,1.1264943491475639
1.7460000000000013,1.1263586240223862
1.7480000000000013,1.1262227918090777
1.7500000000000013,1.126086866407089
1.7520000000000013,1.1259508466466177
1.7540000000000013,1.1258147340994715
1.7560000000000013,1.1256785270177734
1.7580000000000013,1.125542223006375
1.7600000000000013,1.1254058199025687
1.7620000000000013,1.1252693191549723
1.7640000000000013,1.125132719176196
1.7660000000000013,1.124996017790035
1.7680000000000013,1.1248592162486248
1.7700000000000014,1.1247223128022656
1.7720000000000014,1.1245853051906884
1.7740000000000014,1.1244481914319207
1.7760000000000014,1.1243109731636483
1.7780000000000014,1.1241736489856526
1.7800000000000014,1.1240362168962037
1.7820000000000014,1.1238986750968534
1.7840000000000014,1.1237610253694852
1.7860000000000014,1.1236232664219394
1.7880000000000014,1.1234853963450666
1.7900000000000014,1.1233475081968196
1.7920000000000014,1.123209574219097
1.7940000000000014,1.123071553831318
1.7960000000000014,1.1229334274866838
1.7980000000000014,1.122795186627684
1.8000000000000014,1.122656831061457
1.8020000000000014,1.1225183593972836
1.8040000000000014,1.122379770179048
1.8060000000000014,1.1222410653984447
1.8080000000000014,1.122102243960485
1.8100000000000014,1.1219633041516
1.8120000000000014,1.1218242444524624
1.8140000000000014,1.1216850668966272
1.8160000000000014,1.1215457736725734
1.8180000000000014,1.1214063597996209
1.8200000000000014,1.1212668305833353
1.8220000000000014,1.121127198529613
1.8240000000000014,1.1209874696275843
1.8260000000000014,1.1208476517293775
1.8280000000000014,1.1207077462117234
1.8300000000000014,1.1205677516811738
1.8320000000000014,1.120427666165332
1.8340000000000014,1.1202874910319927
1.8360000000000014,1.120147224588527
1.8380000000000014,1.1200068645751649
1.8400000000000014,1.1198664089710149
1.8420000000000014,1.1197258593586443
1.8440000000000014,1.1195852142866638
1.8460000000000014,1.1194444716966139
1.8480000000000014,1.1193036329453259
1.8500000000000014,1.1191626931804945
1.8520000000000014,1.1190216535942838
1.8540000000000014,1.1188805163318278
1.8560000000000014,1.1187392764791928
1.8580000000000014,1.1185979349885278
1.8600000000000014,1.1184564905943062
1.8620000000000014,1.1183149416247726
1.8640000000000014,1.1181732898133931
1.8660000000000014,1.1180315338284557
1.8680000000000014,1.1178896717525424
1.8700000000000014,1.117747701899002
1.8720000000000014,1.1176056261760319
1.8740000000000014,1.1174634434526132
1.8760000000000014,1.1173211519879755
1.8780000000000014,1.117178753447652
1.8800000000000014,1.1170362464838517
1.8820000000000014,1.116893629216207
1.8840000000000015,1.1167509032549872
1.8860000000000015,1.1166080640189024
1.8880000000000015,1.1164651162400232
1.8900000000000015,1.1163220557989189
1.8920000000000015,1.1161788838519493
1.8940000000000015,1.116035600206379
1.8960000000000015,1.1158922143439525
1.8980000000000015,1.115748733422397
1.9000000000000015,1.1156051627512324
1.9020000000000015,1.115461502184282
1.9040000000000015,1.1153177532172704
1.9060000000000015,1.1151739106211402
1.9080000000000015,1.1150299752386759
1.9100000000000015,1.1148859457625808
1.9120000000000015,1.1147418237434177
1.9140000000000015,1.114597604324456
1.9160000000000015,1.1144532887132403
1.9180000000000015,1.1143088758815818
1.9200000000000015,1.1141643675756874
1.9220000000000015,1.1140197590735554
1.9240000000000015,1.1138750516843257
1.9260000000000015,1.1137302444602872
1.9280000000000015,1.113585339227563
1.9300000000000015,1.1134403345950952
1.9320000000000015,1.113295240260376
1.9340000000000015,1.1131500335224853
1.9360000000000015,1.113004719344634
1.9380000000000015,1.1128593025489444
1.9400000000000015,1.112713783101583
1.9420000000000015,1.1125681631980353
1.9440000000000015,1.1124224409682015
1.9460000000000015,1.112276619292648
1.9480000000000015,1.1121307009555226
1.9500000000000015,1.111984681238949
1.9520000000000015,1.1118385612150994
1.9540000000000015,1.1116923397141258
1.9560000000000015,1.1115460151866505
1.9580000000000015,1.1113995895291797
1.9600000000000015,1.1112530615549812
1.9620000000000015,1.111106429484579
1.9640000000000015,1.1109596917594238
1.9660000000000015,1.110812850455423
1.9680000000000015,1.1106659045747422
1.9700000000000015,1.110518857008828
1.9720000000000015,1.1103717139505822
1.9740000000000015,1.1102244832750134
1.9760000000000015,1.1100771663140205
1.9780000000000015,1.1099297621802386
1.9800000000000015,1.1097822727151292
1.9820000000000015,1.109634696436626
1.9840000000000015,1.1094870312368394
1.9860000000000015,1.109339275256537
1.9880000000000015,1.10919143031404
1.9900000000000015,1.1090434951789625
1.9920000000000015,1.108895468006768
1.9940000000000015,1.1087473471518914
1.9960000000000016,1.1085991313246992
1.9980000000000016,1.1084508227969474
2.0000000000000013,1.1083024206520633
2.002000000000001,1.1081539265186584
2.004000000000001,1.1080053355074346
2.0060000000000007,1.1078566488643817
2.0080000000000005,1.1077078656290675
2.0100000000000002,1.1075589876765084
2.012,1.1074100103753133
2.014,1.107260935179052
2.0159999999999996,1.1071117645476285
2.0179999999999993,1.1069624937954008
2.019999999999999,1.1068131241927306
2.021999999999999,1.1066636547742303
2.0239999999999987,1.106514084156046
2.0259999999999985,1.1063644144136493
2.0279999999999982,1.106214644516211
2.029999999999998,1.1060647728187067
2.031999999999998,1.1059147979080668
2.0339999999999976,1.1057647220488382
2.0359999999999974,1.1056145444159484
2.037999999999997,1.1054642635205445
2.039999999999997,1.1053138813242163
2.0419999999999967,1.1051633934497311
2.0439999999999965,1.105012801641228
2.0459999999999963,1.1048621089677408
2.047999999999996,1.1047113180328583
2.049999999999996,1.1045604379007983
2.0519999999999956,1.1044094739959558
2.0539999999999954,1.1042584224759322
2.055999999999995,1.1041072846311506
2.057999999999995,1.1039560600184095
2.0599999999999947,1.1038047492631715
2.0619999999999945,1.1036533520417224
2.0639999999999943,1.1035018708342608
2.065999999999994,1.103350304649395
2.067999999999994,1.1031986516976027
2.0699999999999936,1.1030469103280494
2.0719999999999934,1.102895082526206
2.073999999999993,1.1027431671712342
2.075999999999993,1.1025911624988516
2.0779999999999927,1.1024390669309343
2.0799999999999925,1.1022868825401475
2.0819999999999923,1.102134608282031
2.083999999999992,1.1019822424666836
2.085999999999992,1.1018297835816253
2.0879999999999916,1.1016772337595127
2.0899999999999914,1.1015245887235132
2.091999999999991,1.101371853543893
2.093999999999991,1.101219024206171
2.0959999999999908,1.1010661019845038
2.0979999999999905,1.1009130857299039
2.0999999999999903,1.1007599738819178
2.10199999999999,1.1006067651150548
2.10399999999999,1.1004534617449613
2.1059999999999897,1.1003000629412985
2.1079999999999894,1.1001465671903663
2.109999999999989,1.0999929764521357
2.111999999999989,1.099839286300918
2.1139999999999888,1.099685498489246
2.1159999999999886,1.0995316157621275
2.1179999999999883,1.0993776336081962
2.119999999999988,1.0992235534827093
2.121999999999988,1.0990693745711881
2.1239999999999877,1.098915099665104
2.1259999999999875,1.0987607352837183
2.1279999999999872,1.098606282001638
2.129999999999987,1.098451747077799
2.131999999999987,1.0982971273361546
2.1339999999999866,1.0981424242842472
2.1359999999999864,1.0979876367566195
2.137999999999986,1.097832763104502
2.139999999999986,1.0976778018763065
2.1419999999999857,1.0975227552698734
2.1439999999999855,1.0973676223376485
2.1459999999999853,1.0972124014526956
2.147999999999985,1.0970570911581263
2.149999999999985,1.0969016936597087
2.1519999999999846,1.0967462080309347
2.1539999999999844,1.0965906326781503
2.155999999999984,1.0964349661857073
2.157999999999984,1.096279210807432
2.1599999999999837,1.0961233656613978
2.1619999999999835,1.0959674291976476
2.1639999999999833,1.0958114000457848
2.165999999999983,1.0956552805071273
2.167999999999983,1.0954990697422766
2.1699999999999826,1.0953427662468007
2.1719999999999824,1.095186369912369
2.173999999999982,1.0950298847956477
2.175999999999982,1.0948733107509816
2.1779999999999817,1.0947166464594043
2.1799999999999815,1.094559893893333
2.1819999999999813,1.0944030485361094
2.183999999999981,1.0942461120532787
2.185999999999981,1.0940890871306617
2.1879999999999806,1.0939319691665934
2.1899999999999804,1.093774759580092
2.19199999999998,1.0936174575357642
2.19399999999998,1.0934600617462271
2.1959999999999797,1.093302571093499
2.1979999999999795,1.0931449880782467
2.1999999999999793,1.0929873119957372
2.201999999999979,1.0928295450212235
2.203999999999979,1.0926716879147504
2.2059999999999786,1.0925137480980864
2.2079999999999784,1.0923557271339024
2.209999999999978,1.0921976244531135
2.211999999999978,1.0920394422891166
2.2139999999999778,1.091881179466448
2.2159999999999775,1.091722834121138
2.2179999999999773,1.0915644046162758
2.219999999999977,1.0914058897138323
2.221999999999977,1.0912472918591036
2.2239999999999767,1.0910886102742947
2.2259999999999764,1.0909298434411232
2.227999999999976,1.090770993319723
2.229999999999976,1.090612055395635
2.231999999999976,1.0904530313570997
2.2339999999999756,1.090293920572079
2.2359999999999753,1.0901347252215992
2.237999999999975,1.0899754407848858
2.239999999999975,1.0898160689185674
2.2419999999999747,1.0896566123515363
2.2439999999999745,1.0894970664807082
2.2459999999999742,1.0893374327358276
2.247999999999974,1.0891777102666587
2.249999999999974,1.0890178977910339
2.2519999999999736,1.0888579941992984
2.2539999999999734,1.0886980020269525
2.255999999999973,1.0885379205937804
2.257999999999973,1.0883777484943635
2.2599999999999727,1.0882174844739954
2.2619999999999725,1.088057130968407
2.2639999999999723,1.0878966872445885
2.265999999999972,1.0877361518989606
2.267999999999972,1.087575527069053
2.2699999999999716,1.0874148117707572
2.2719999999999714,1.087254004422828
2.273999999999971,1.0870931036912164
2.275999999999971,1.0869321086402262
2.2779999999999707,1.0867710220230915
2.2799999999999705,1.0866098433440878
2.2819999999999703,1.086448575850897
2.28399999999997,1.0862872230606577
2.28599999999997,1.086125791414907
2.2879999999999696,1.0859642818638842
2.2899999999999694,1.085802693548683
2.291999999999969,1.0856410286152864
2.293999999999969,1.0854792858638538
2.2959999999999687,1.0853174600567745
2.2979999999999685,1.085155556405772
2.2999999999999683,1.0849935711082135
2.301999999999968,1.0848315057198024
2.303999999999968,1.0846693592580974
2.3059999999999676,1.084507130241982
2.3079999999999674,1.084344817376421
2.309999999999967,1.0841824230570434
2.311999999999967,1.084020016439642
2.3139999999999668,1.083857611413845
2.3159999999999665,1.0836951572575273
2.3179999999999663,1.0835326294298722
2.319999999999966,1.0833700173344398
2.321999999999966,1.0832073203900447
2.3239999999999656,1.0830445340244477
2.3259999999999654,1.0828816605674603
2.327999999999965,1.0827187034065437
2.329999999999965,1.0825556584320677
2.3319999999999648,1.0823925273857635
2.3339999999999645,1.0822293096124058
2.3359999999999643,1.0820660039423071
2.337999999999964,1.0819026126990332
2.339999999999964,1.0817391350287116
2.3419999999999637,1.0815755694437055
2.3439999999999634,1.0814119146499777
2.3459999999999632,1.0812481731024257
2.347999999999963,1.0810843441285511
2.349999999999963,1.0809204263511392
2.3519999999999626,1.080756418548904
2.3539999999999623,1.0805923232083616
2.355999999999962,1.0804281362890005
2.357999999999962,1.0802638632490287
2.3599999999999617,1.0800995003210918
2.3619999999999615,1.0799350501370062
2.3639999999999612,1.0797705142407272
2.365999999999961,1.0796059012960482
2.367999999999961,1.0794412086365632
2.3699999999999606,1.0792764346767711
2.3719999999999604,1.0791115818431969
2.37399999999996,1.0789466494464024
2.37599999999996,1.0787816394485827
2.3779999999999597,1.0786165470991376
2.3799999999999595,1.0784513739053327
2.3819999999999593,1.0782861191269553
2.383999999999959,1.0781207815561706
2.385999999999959,1.077955363503492
2.3879999999999586,1.077789860701142
2.3899999999999584,1.0776242750572
2.391999999999958,1.0774586065173253
2.393999999999958,1.0772928587427602
2.3959999999999577,1.0771270313379433
2.3979999999999575,1.0769611227717237
2.3999999999999573,1.0767951315656523
2.401999999999957,1.0766290565947993
2.403999999999957,1.0764629004514061
2.4059999999999566,1.0762966624904622
2.4079999999999564,1.0761303413175263
2.409999999999956,1.075963935658788
2.411999999999956,1.0757974479540247
2.4139999999999557,1.0756308774772996
2.4159999999999555,1.0754642228125533
2.4179999999999553,1.075297482690956
2.419999999999955,1.0751306595700476
2.421999999999955,1.0749637493384845
2.4239999999999546,1.0747967540494203
2.4259999999999544,1.0746296767390588
2.427999999999954,1.074462512981376
2.429999999999954,1.0742952643830228
2.4319999999999538,1.0741279302324596
2.4339999999999535,1.0739605127551264
2.4359999999999533,1.0737930074658588
2.437999999999953,1.0736254161440977
2.439999999999953,1.0734577382696147
2.4419999999999527,1.0732899731469827
2.4439999999999524,1.0731221275173095
2.445999999999952,1.0729542042390732
2.447999999999952,1.0727862031820674
2.4499999999999518,1.0726181233799268
2.4519999999999516,1.0724499672603376
2.4539999999999513,1.0722817305653836
2.455999999999951,1.0721134151873097
2.457999999999951,1.071945024016311
2.4599999999999507,1.0717765524733331
2.4619999999999505,1.0716080020450103
2.4639999999999502,1.0714393719106994
2.46599999999995,1.0712706607935127
2.46799999999995,1.0711018675863655
2.4699999999999496,1.0709329948794775
2.4719999999999493,1.0707640420180746
2.473999999999949,1.0705950076016117
2.475999999999949,1.0704258903683228
2.4779999999999487,1.070256692803792
2.4799999999999485,1.0700874141965593
2.4819999999999482,1.0699180531295935
2.483999999999948,1.069748608343481
2.485999999999948,1.0695790823582842
2.4879999999999476,1.0694094745210845
2.4899999999999474,1.0692397834598462
2.491999999999947,1.0690700079467044
2.493999999999947,1.0689001505208169
2.4959999999999467,1.0687302071037768
2.4979999999999465,1.0685601798272708
2.4999999999999463,1.0683900725302422
2.501999999999946,1.0682198817900361
2.503999999999946,1.0680496096372194
2.5059999999999456,1.067879255485317
2.5079999999999454,1.0677088181638217
2.509999999999945,1.067538300045237
2.511999999999945,1.0673677002870305
2.5139999999999447,1.0671970173788732
2.5159999999999445,1.067026250011128
2.5179999999999443,1.066855397259024
2.519999999999944,1.0666844619453095
2.521999999999944,1.0665134436054902
2.5239999999999436,1.0663423424210312
2.5259999999999434,1.0661711649512238
2.527999999999943,1.0659999089824366
2.529999999999943,1.0658285771160356
2.5319999999999427,1.0656571724157777
2.5339999999999425,1.0654856902271201
2.5359999999999423,1.0653141319528643
2.537999999999942,1.0651424966878833
2.539999999999942,1.064970783088301
2.5419999999999416,1.064798989992651
2.5439999999999414,1.0646271199866324
2.545999999999941,1.0644551689573758
2.547999999999941,1.0642831389890421
2.5499999999999408,1.0641110331545194
2.5519999999999405,1.063938846951364
2.5539999999999403,1.063766581965246
2.55599999999994,1.0635942374479663
2.55799999999994,1.0634218122186618
2.5599999999999397,1.0632493087543367
2.5619999999999394,1.063076722814552
2.563999999999939,1.062904056414969
2.565999999999939,1.0627313091635378
2.5679999999999388,1.0625584835304824
2.5699999999999386,1.062385578540848
2.5719999999999383,1.062212589080604
2.573999999999938,1.0620395206989168
2.575999999999938,1.0618663698096065
2.5779999999999377,1.0616931382693555
2.5799999999999375,1.0615198253622615
2.5819999999999372,1.0613464298496624
2.583999999999937,1.061172950668451
2.585999999999937,1.0609993905266193
2.5879999999999366,1.0608257488746768
2.5899999999999364,1.0606520244127817
2.591999999999936,1.0604782159755453
2.593999999999936,1.0603043262017926
2.5959999999999357,1.0601303545039316
2.5979999999999355,1.0599562995629028
2.5999999999999353,1.0597821602195525
2.601999999999935,1.0596079391244388
2.603999999999935,1.0594336357745047
2.6059999999999346,1.0592592517683515
2.6079999999999344,1.059084790070944
2.609999999999934,1.0589102550189389
2.611999999999934,1.0587356429852648
2.6139999999999337,1.058560956095403
2.6159999999999335,1.0583861973245425
2.6179999999999333,1.058211361996894
2.619999999999933,1.0580364515808092
2.621999999999933,1.0578614652238052
2.6239999999999326,1.057686401614689
2.6259999999999324,1.0575112596213212
2.627999999999932,1.0573360419115518
2.629999999999932,1.0571607478760867
2.6319999999999317,1.0569853761158616
2.6339999999999315,1.0568099253547667
2.6359999999999313,1.0566343981288373
2.637999999999931,1.0564587937376209
2.639999999999931,1.0562831107456487
2.6419999999999306,1.0561073478786949
2.6439999999999304,1.0559315076914213
2.64599999999993,1.0557555895081085
2.64799999999993,1.0555795919210411
2.6499999999999297,1.0554035136822035
2.6519999999999295,1.0552273538953552
2.6539999999999293,1.0550511154530713
2.655999999999929,1.054874797914453
2.657999999999929,1.0546984000221995
2.6599999999999286,1.0545219241056203
2.6619999999999284,1.0543453692703566
2.663999999999928,1.0541687339675412
2.665999999999928,1.0539920169140737
2.6679999999999278,1.0538152172612345
2.6699999999999275,1.053638337955296
2.6719999999999273,1.0534613785954605
2.673999999999927,1.053284337969544
2.675999999999927,1.0531072149584038
2.6779999999999267,1.0529300122579806
2.6799999999999264,1.0527527293036953
2.681999999999926,1.0525753647859664
2.683999999999926,1.0523979210431562
2.685999999999926,1.0522203937135335
2.6879999999999256,1.0520427868115583
2.6899999999999253,1.0518651029962691
2.691999999999925,1.0516873460675737
2.693999999999925,1.0515095119509996
2.6959999999999247,1.0513316025513255
2.6979999999999245,1.0511536173201608
2.6999999999999242,1.0509755586281755
2.701999999999924,1.0507974218832703
2.703999999999924,1.0506192088731607
2.7059999999999236,1.0504409190407928
2.7079999999999234,1.0502625514725212
2.709999999999923,1.050084109498703
2.711999999999923,1.04990558924336
2.7139999999999227,1.0497269928845614
2.7159999999999225,1.0495483235559786
2.7179999999999223,1.0493695766762574
2.719999999999922,1.0491907538500724
2.721999999999922,1.0490118543264524
2.7239999999999216,1.048832876878727
2.7259999999999214,1.048653820449157
2.727999999999921,1.048474687793422
2.729999999999921,1.048295478349247
2.7319999999999207,1.0481161907703298
2.7339999999999205,1.047936823837778
2.7359999999999203,1.0477573801894127
2.73799999999992,1.0475778556781832
2.73999999999992,1.0473982525033079
2.7419999999999196,1.047218573918427
2.7439999999999194,1.0470388154557932
2.745999999999919,1.0468589788409817
2.747999999999919,1.0466790634302439
2.7499999999999187,1.0464990680922153
2.7519999999999185,1.046318995377777
2.7539999999999183,1.046138844559739
2.755999999999918,1.045958614202561
2.757999999999918,1.0457783030596541
2.7599999999999176,1.0455979173805257
2.7619999999999174,1.045417579701064
2.763999999999917,1.0452372190454204
2.765999999999917,1.04505679565405
2.7679999999999167,1.044876296514859
2.7699999999999165,1.0446957176224547
2.7719999999999163,1.0445150631079252
2.773999999999916,1.0443343335590938
2.775999999999916,1.0441535248558012
2.7779999999999156,1.0439726432209087
2.7799999999999154,1.0437916853191378
2.781999999999915,1.0436106531386669
2.783999999999915,1.043429542468962
2.7859999999999148,1.0432483555869099
2.7879999999999145,1.0430670958328088
2.7899999999999143,1.0428857588115457
2.791999999999914,1.042704346264339
2.793999999999914,1.0425228575388479
2.7959999999999137,1.042341291481223
2.7979999999999134,1.0421596506023996
2.7999999999999132,1.0419779306243897
2.801999999999913,1.0417961336408055
2.803999999999913,1.0416142628486593
2.8059999999999126,1.0414323137614288
2.8079999999999123,1.0412502880944117
2.809999999999912,1.0410681855368462
2.811999999999912,1.04088600555407
2.8139999999999117,1.0407037474226244
2.8159999999999115,1.0405214140415242
2.8179999999999112,1.0403390049132057
2.819999999999911,1.040156518716675
2.821999999999911,1.0399739542490893
2.8239999999999106,1.0397913141767448
2.8259999999999104,1.0396085979004024
2.82799999999991,1.039425804078994
2.82999999999991,1.0392429315149017
2.8319999999999097,1.0390599829281075
2.8339999999999095,1.038876954256565
2.8359999999999093,1.0386938477714878
2.837999999999909,1.0385106668071864
2.839999999999909,1.0383274069471344
2.8419999999999086,1.038144069972238
2.8439999999999084,1.0379606552913176
2.845999999999908,1.037777161817703
2.847999999999908,1.037593592164692
2.8499999999999077,1.0374099456593122
2.8519999999999075,1.0372262186314936
2.8539999999999073,1.0370424193147252
2.855999999999907,1.0368585452386176
2.857999999999907,1.0366745986943586
2.8599999999999066,1.036490579025274
2.8619999999999064,1.0363064849071553
2.863999999999906,1.036122315162479
2.865999999999906,1.0359380724886602
2.8679999999999057,1.0357537562823427
2.8699999999999055,1.0355693651732132
2.8719999999999053,1.0353848979285414
2.873999999999905,1.0352003572154194
2.875999999999905,1.035015742426863
2.8779999999999046,1.0348310521991975
2.8799999999999044,1.034646285317182
2.881999999999904,1.0344614409296427
2.883999999999904,1.0342765221190324
2.8859999999999038,1.0340915285758023
2.8879999999999035,1.0339064591125737
2.8899999999999033,1.0337213161741468
2.891999999999903,1.0335360989315805
2.893999999999903,1.0333508058737575
2.8959999999999027,1.0331654357161917
2.8979999999999024,1.032979987609893
2.899999999999902,1.032794464633787
2.901999999999902,1.03260886648421
2.9039999999999018,1.0324231919982447
2.9059999999999016,1.0322374401030396
2.9079999999999013,1.032051613635491
2.909999999999901,1.031865712542685
2.911999999999901,1.0316797359586007
2.9139999999999007,1.0314936828893102
2.9159999999999004,1.03130754947391
2.9179999999999002,1.031121349694399
2.9199999999999,1.0309350762189846
2.9219999999999,1.0307487257268009
2.9239999999998996,1.0305622969268775
2.9259999999998993,1.030375793013082
2.927999999999899,1.0301892139257993
2.929999999999899,1.0300025587265662
2.9319999999998987,1.0298158300796514
2.9339999999998985,1.0296290285601553
2.9359999999998982,1.029442154697434
2.937999999999898,1.0292552080294084
2.939999999999898,1.0290681878906371
2.9419999999998976,1.028881097290861
2.9439999999998974,1.0286939357812903
2.945999999999897,1.0285067020547785
2.947999999999897,1.0283193949098903
2.9499999999998967,1.0281320170678636
2.9519999999998965,1.0279445679492971
2.9539999999998963,1.0277570462099437
2.955999999999896,1.027569450650935
2.957999999999896,1.0273817804380485
2.9599999999998956,1.0271940386438383
2.9619999999998954,1.0270062249501473
2.963999999999895,1.0268183382279878
2.965999999999895,1.0266303810251798
2.9679999999998947,1.0264423525676338
2.9699999999998945,1.0262542477896242
2.9719999999998943,1.026066072661172
2.973999999999894,1.025877823711157
2.975999999999894,1.0256895030491848
2.9779999999998936,1.0255011065324875
2.9799999999998934,1.0253126366744494
2.981999999999893,1.02512409711494
2.983999999999893,1.024935483590302
2.9859999999998927,1.0247467980820073
2.9879999999998925,1.0245580401442516
2.9899999999998923,1.0243692088020917
2.991999999999892,1.0241803068672946
2.993999999999892,1.0239913338752609
2.9959999999998916,1.0238022885810603
2.9979999999998914,1.0236131698950777
2.999999999999891,1.0234239771034352
3.001999999999891,1.0232347134377235
3.0039999999998908,1.0230453787238205
3.0059999999998905,1.022855972057791
3.0079999999998903,1.0226664929453577
3.00999999999989,1.0224769445899118
3.01199999999989,1.0222873266968984
3.0139999999998897,1.0220976382515183
3.0159999999998894,1.0219078798895687
3.017999999999889,1.0217180521810532
3.019999999999889,1.0215281587695588
3.0219999999998888,1.0213381994964612
3.0239999999998886,1.0211481731939243
3.0259999999998883,1.0209580823736588
3.027999999999888,1.0207679226512514
3.029999999999888,1.0205776962305841
3.0319999999998877,1.0203874028850897
3.0339999999998875,1.0201970417960515
3.0359999999998872,1.0200066158588017
3.037999999999887,1.019816120942807
3.039999999999887,1.019625559429104
3.0419999999998866,1.0194349312236308
3.0439999999998864,1.0192442392459193
3.045999999999886,1.0190534791986958
3.047999999999886,1.0188626533141294
3.0499999999998857,1.0186717614069343
3.0519999999998855,1.0184808027309693
3.0539999999998853,1.0182897802845594
3.055999999999885,1.0180986936788703
3.057999999999885,1.0179075381261904
3.0599999999998846,1.0177163199523487
3.0619999999998844,1.0175250359247625
3.063999999999884,1.0173336848002652
3.065999999999884,1.0171422699515764
3.0679999999998837,1.016950791518953
3.0699999999998835,1.0167592488044306
3.0719999999998833,1.0165676448078678
3.073999999999883,1.0163759755164254
3.075999999999883,1.0161842435017185
3.0779999999998826,1.0159924488921495
3.0799999999998824,1.015800594861492
3.081999999999882,1.0156086773608695
3.083999999999882,1.0154166988950442
3.0859999999998817,1.0152246595570449
3.0879999999998815,1.0150325588794207
3.0899999999998813,1.0148403965211774
3.091999999999881,1.0146481724657863
3.093999999999881,1.0144558906389318
3.0959999999998806,1.0142635526628596
3.0979999999998804,1.0140711591298863
3.09999999999988,1.0138787099149091
3.10199999999988,1.0136862088758494
3.1039999999998797,1.013493656290273
3.1059999999998795,1.0133010477461188
3.1079999999998793,1.0131083862197774
3.109999999999879,1.012915676048208
3.111999999999879,1.0127229135568414
3.1139999999998786,1.0125301013852457
3.1159999999998784,1.0123372360286962
3.117999999999878,1.0121443207826184
3.119999999999878,1.011951360109637
3.1219999999998778,1.0117583504247656
3.1239999999998775,1.0115652908134543
3.1259999999998773,1.0113721852701936
3.127999999999877,1.0111790346179759
3.129999999999877,1.010985838836846
3.1319999999998767,1.010792597968591
3.1339999999998764,1.0105993123536474
3.135999999999876,1.010405986317498
3.137999999999876,1.0102126170570778
3.139999999999876,1.0100192082871005
3.1419999999998756,1.0098257611788357
3.1439999999998753,1.0096322762653487
3.145999999999875,1.0094387578388666
3.147999999999875,1.009245203106709
3.1499999999998747,1.009051615916861
3.1519999999998745,1.0088579940026405
3.1539999999998742,1.008664341970745
3.155999999999874,1.0084707899977854
3.157999999999874,1.0082772732411258
3.1599999999998736,1.0080837507132259
3.1619999999998734,1.0078902103898257
3.163999999999873,1.0076966486499697
3.165999999999873,1.007503065924221
3.1679999999998727,1.0073094643962648
3.1699999999998725,1.0071158469157475
3.1719999999998723,1.0069222166091534
3.173999999999872,1.0067285813662878
3.175999999999872,1.006534941809351
3.1779999999998716,1.0063413042372498
3.1799999999998714,1.0061476684446045
3.181999999999871,1.0059540409191177
3.183999999999871,1.005760422038589
3.1859999999998707,1.0055668190010567
3.1879999999998705,1.0053732329284224
3.1899999999998703,1.0051796717885917
3.19199999999987,1.0049861376076095
3.19399999999987,1.004792639492673
3.1959999999998696,1.0045991840588373
3.1979999999998694,1.0044057737637526
3.199999999999869,1.0042124151791993
3.201999999999869,1.0040191203560944
3.2039999999998687,1.003825894894709
3.2059999999998685,1.0036327477586955
3.2079999999998683,1.0034396897057476
3.209999999999868,1.0032467327401742
3.211999999999868,1.0030538864003864
3.2139999999998676,1.0028611653673472
3.2159999999998674,1.002668586948816
3.217999999999867,1.0024761703505631
3.219999999999867,1.0022839331511904
3.2219999999998667,1.0020918992062466
3.2239999999998665,1.00190009300719
3.2259999999998663,1.0017085469123193
3.227999999999866,1.0015172956107206
3.229999999999866,1.0013263839083197
3.2319999999998656,1.001135858382837
3.2339999999998654,1.000945783903787
3.235999999999865,1.0007562346070826
3.237999999999865,1.000567308814932
3.2399999999998648,1.0003791359673235
3.2419999999998645,1.0001918868273116
3.2439999999998643,1.000005799261447
3.245999999999864,0.9998212344241747
3.247999999999864,0.9996387859365455
3.2499999999998637,0.9994595970836027
3.2519999999998634,0.999286959793381
3.2539999999998632,0.7289502374569092
3.255999999999863,0.6000640114700162
3.257999999999863,0.5418307773218256
3.2599999999998626,0.5173428434298861
3.2619999999998623,0.5081648975395101
3.263999999999862,0.5054358479396347
3.265999999999862,0.5050941455523996
3.2679999999998617,0.5053990592599962
3.2699999999998615,0.5056895423725465
3.2719999999998612,0.5057697479247892
3.273999999999861,0.5056255692176276
3.275999999999861,0.5053022136986703
3.2779999999998606,0.5048527470942723
3.2799999999998604,0.5043209698290905
3.28199999999986,0.5037383073302726
3.28399999999986,0.5031255836529798
3.2859999999998597,0.502495873901297
3.2879999999998595,0.5018570584187726
3.2899999999998593,0.5012137265611157
3.291999999999859,0.5005684713177557
3.293999999999859,0.49992271703029134
3.2959999999998586,0.4992772225825464
3.2979999999998584,0.49863238090480766
3.299999999999858,0.49798838735965256
3.301999999999858,0.49734533413160814
3.3039999999998577,0.4967032621732677
3.3059999999998575,0.4960621892749662
3.3079999999998573,0.495422119093155
3.309999999999857,0.49478305127352085
3.311999999999857,0.49414498244197724
3.3139999999998566,0.49350791154179174
3.3159999999998564,0.49287183510027516
3.317999999999856,0.49223675070281603
3.319999999999856,0.4916026563582126
3.3219999999998557,0.4909695502176129
3.3239999999998555,0.4903374289908632
3.3259999999998553,0.4897062921787591
3.327999999999855,0.4890761368916493
3.329999999999855,0.4884469611910026
3.3319999999998546,0.4878187634348073
3.3339999999998544,0.48719154201719156
3.335999999999854,0.4865652938094916
3.337999999999854,0.48594001842756895
3.3399999999998538,0.4853157130583112
3.3419999999998535,0.48469237582006885
3.3439999999998533,0.4840700051158674
3.345999999999853,0.48344859937763984
3.347999999999853,0.482828155506401
3.3499999999998527,0.48220867315108384
3.3519999999998524,0.4815901495252964
3.353999999999852,0.48097258425344036
3.355999999999852,0.48035597442689315
3.3579999999998518,0.4797403180675891
3.3599999999998515,0.4791256135098441
3.3619999999998513,0.4785118591472626
3.363999999999851,0.47789905186214043
3.365999999999851,0.4772871913103452
3.3679999999998507,0.4766762735924789
3.3699999999998504,0.4760662989839317
3.3719999999998502,0.47545726677465533
3.37399999999985,0.4748491738439067
3.37599999999985,0.47424201809456323
3.3779999999998496,0.47363579780327464
3.3799999999998493,0.473030511344647
3.381999999999849,0.4724261555998608
3.383999999999849,0.4718227302462823
3.3859999999998487,0.4712202340213072
3.3879999999998485,0.4706186637764814
3.3899999999998482,0.47001801756133277
3.391999999999848,0.46941829531807633
3.393999999999848,0.4688194942280023
3.3959999999998476,0.4682216123373496
3.3979999999998474,0.4676246479957644
3.399999999999847,0.46702859962196164
3.401999999999847,0.46643346561835125
3.4039999999998467,0.4658392443490209
3.4059999999998465,0.46524593414168963
3.4079999999998463,0.46465353329654646
3.409999999999846,0.464062040095393
3.411999999999846,0.4634714513124357
3.4139999999998456,0.4628817665618501
3.4159999999998454,0.46229298455010587
3.417999999999845,0.46170510211539206
3.419999999999845,0.4611181188166015
3.4219999999998447,0.46053203178154506
3.4239999999998445,0.4599468406288927
3.4259999999998443,0.45936254246278807
3.427999999999844,0.4587791368603307
3.429999999999844,0.45819662088662394
3.4319999999998436,0.4576149925894406
3.4339999999998434,0.45703425187002256
3.435999999999843,0.45645439585913217
3.437999999999843,0.4558754225794757
3.4399999999998427,0.45529733188773547
3.4419999999998425,0.4547201208721482
3.4439999999998423,0.454143787524531
3.445999999999842,0.45356833017782033
3.447999999999842,0.45299374876893805
3.4499999999998416,0.45242004037763217
3.4519999999998414,0.4518472029639319
3.453999999999841,0.4512752363374175
3.455999999999841,0.450704137550964
3.4579999999998408,0.4501339045757513
3.4599999999998405,0.4495645372440129
3.4619999999998403,0.4489960326288012
3.46399999999984,0.44842838871764373
3.46599999999984,0.44786160535667774
3.4679999999998397,0.4472956796275755
3.4699999999998394,0.44673061103515366
3.471999999999839,0.44616639656324736
3.473999999999839,0.44560303571485704
3.4759999999998388,0.4450405270131054
3.4779999999998386,0.4444788671231661
3.4799999999998383,0.44391805550081725
3.481999999999838,0.4433580907148179
3.483999999999838,0.4427989694936584
3.4859999999998377,0.4422406913516016
3.4879999999998375,0.4416832548973423
3.4899999999998372,0.4411266584006457
3.491999999999837,0.4405709000368059
3.493999999999837,0.44001597796982367
3.4959999999998366,0.4394618903972698
3.4979999999998364,0.4389086370600256
3.499999999999836,0.43835621484984966
3.501999999999836,0.4378046215801755
3.5039999999998357,0.4372538569631186
3.5059999999998355,0.43670391797542574
3.5079999999998353,0.43615480404669127
3.509999999999835,0.43560651361470154
3.511999999999835,0.4350590447776146
3.5139999999998346,0.43451239404794184
3.5159999999998344,0.43396656235403896
3.517999999999834,0.43342154689925194
3.519999999999834,0.4328773454642053
3.5219999999998337,0.4323339561047359
3.5239999999998335,0.4317913785160509
3.5259999999998333,0.4312496095732369
3.527999999999833,0.4307086485842297
3.529999999999833,0.4301684938753914
3.5319999999998326,0.42962914344574643
3.5339999999998324,0.4290905958296665
3.535999999999832,0.42855284845230135
3.537999999999832,0.428015899163678
3.5399999999998317,0.42747974752638584
3.5419999999998315,0.4269443903240363
3.5439999999998313,0.4264098267831577
3.545999999999831,0.42587605515661564
3.547999999999831,0.4253430733706795
3.5499999999998306,0.4248108808006362
3.5519999999998304,0.4242794739936374
3.55399999999983,0.4237488519515578
3.55599999999983,0.42321901148885166
3.5579999999998297,0.422689951497875
3.5599999999998295,0.42216167009611677
3.5619999999998293,0.421634166647851
3.563999999999829,0.42110743762098013
3.565999999999829,0.4205814819003939
3.5679999999998286,0.4200562974358075
3.5699999999998284,0.41953188188623475
3.571999999999828,0.41900823287721584
3.573999999999828,0.4184853480821723
3.5759999999998278,0.4179632267308335
3.5779999999998275,0.4174418667644915
3.5799999999998273,0.4169212657041742
3.581999999999827,0.4164014224912554
3.583999999999827,0.4158823333175129
3.5859999999998267,0.4153639967535608
3.5879999999998264,0.4148464105109014
3.589999999999826,0.41432957349831545
3.591999999999826,0.4138134817836469
3.593999999999826,0.41329813382853275
3.5959999999998256,0.4127835271905084
3.5979999999998253,0.41226966062243786
3.599999999999825,0.41175652976477467
3.601999999999825,0.41124413328575093
3.6039999999998247,0.41073247007325375
3.6059999999998245,0.41022153596129884
3.6079999999998242,0.4097113290629386
3.609999999999824,0.4092018465946484
3.611999999999824,0.40869308696214013
3.6139999999998236,0.4081850472643077
3.6159999999998234,0.40767772421704873
3.617999999999823,0.40717111595326544
3.619999999999823,0.40666521797326116
3.6219999999998227,0.40616002957558894
3.6239999999998225,0.4056555465071506
3.6259999999998223,0.4051517665056036
3.627999999999822,0.40464868776897334
3.629999999999822,0.40414630696576637
3.6319999999998216,0.4036446203250354
3.6339999999998214,0.40314362406026405
3.635999999999821,0.40264331589002855
3.637999999999821,0.402143693646323
3.6399999999998207,0.40164475402276834
3.6419999999998205,0.4011464929059897
3.6439999999998203,0.40064890758723176
3.64599999999982,0.40015199428265846
3.64799999999982,0.3996557502831125
3.6499999999998196,0.3991601717006098
3.6519999999998194,0.39866525568043326
3.653999999999819,0.3981709995343048
3.655999999999819,0.3976773977826835
3.6579999999998187,0.39718444839032474
3.6599999999998185,0.39669214744237347
3.6619999999998183,0.396200490479454
3.663999999999818,0.3957094741822803
3.665999999999818,0.39521909574415515
3.6679999999998176,0.39472935093588213
3.6699999999998174,0.3942402364393686
3.671999999999817,0.39375174912706146
3.673999999999817,0.3932638845722418
3.6759999999998167,0.39277663931446355
3.6779999999998165,0.3922900089305461
3.6799999999998163,0.39180399126272336
3.681999999999816,0.39131858217433124
3.683999999999816,0.3908337770371071
3.6859999999998156,0.39034957247651547
3.6879999999998154,0.3898659655057031
3.689999999999815,0.3893829531882722
3.691999999999815,0.38890053253917467
3.6939999999998148,0.3884186994156368
3.6959999999998145,0.38793745066221424
3.6979999999998143,0.3874567834878798
3.699999999999814,0.38697669523764217
3.701999999999814,0.38649718224946805
3.7039999999998137,0.3860182429211154
3.7059999999998134,0.38553987408579016
3.7079999999998132,0.38506207336277254
3.709999999999813,0.3845848387282383
3.711999999999813,0.38410816715954477
3.7139999999998126,0.3836320582780403
3.7159999999998123,0.3831565097843894
3.717999999999812,0.3826815211605623
3.719999999999812,0.3822070906484809
3.7219999999998117,0.38173321718311326
3.7239999999998115,0.3812599001568786
3.7259999999998112,0.38078713798290414
3.727999999999811,0.3803149316812895
3.729999999999811,0.37984328177082916
3.7319999999998106,0.3793721878225984
3.7339999999998104,0.3789016502864879
3.73599999999981,0.3784316709198762
3.73799999999981,0.3779622501873512
3.7399999999998097,0.37749338924796694
3.7419999999998095,0.37702508885941277
3.7439999999998093,0.3765573515496887
3.745999999999809,0.37609017880335993
3.747999999999809,0.37562357355574305
3.7499999999998086,0.3751575376115724
3.7519999999998084,0.3746920726536077
3.753999999999808,0.3742271820901919
3.755999999999808,0.3737628683028206
3.7579999999998077,0.37329913498435585
3.7599999999998075,0.3728359846717832
3.7619999999998073,0.37237341967796866
3.763999999999807,0.3719114431479146
3.765999999999807,0.37145005920690227
3.7679999999998066,0.3709892699880365
3.7699999999998064,0.3705290792826395
3.771999999999806,0.3700694898711715
3.773999999999806,0.36961050425854963
3.7759999999998057,0.36915212630483085
3.7779999999998055,0.3686943580231871
3.7799999999998053,0.3682372030080834
3.781999999999805,0.36778066377396
3.783999999999805,0.36732474312915675
3.7859999999998046,0.36686944318110215
3.7879999999998044,0.36641476580422716
3.789999999999804,0.36596071412031583
3.791999999999804,0.3655072893699226
3.7939999999998038,0.36505449357483194
3.7959999999998035,0.36460232887208643
3.7979999999998033,0.36415079657787774
3.799999999999803,0.3636998983500006
3.801999999999803,0.3632218509340672
3.8039999999998027,0.3627404185878653
3.8059999999998024,0.36226381893171145
3.807999999999802,0.3617937614840223
3.809999999999802,0.3613295826429687
3.8119999999998018,0.3608700146202908
3.8139999999998015,0.36041385865664843
3.8159999999998013,0.3599601805884787
3.817999999999801,0.3595083180162443
3.819999999999801,0.35905782748142134
3.8219999999998007,0.3586084233815158
3.8239999999998004,0.35815992707799144
3.8259999999998002,0.35771222910225164
3.8279999999998,0.3572652637693952
3.8299999999998,0.35681899192287403
3.8319999999997996,0.3563733904816141
3.8339999999997993,0.3559284459314266
3.835999999999799,0.35548415017113005
3.837999999999799,0.3550404983100476
3.8399999999997987,0.3545974871451694
3.8419999999997985,0.3541551144469275
3.8439999999997982,0.35371337862422203
3.845999999999798,0.3532722783102319
3.847999999999798,0.3528318122851083
3.8499999999997976,0.35239197949968903
3.8519999999997974,0.3519527789657154
3.853999999999797,0.3515142095453505
3.855999999999797,0.35107627024964494
3.8579999999997967,0.3506389601311458
3.8599999999997965,0.35020227816117516
3.8619999999997963,0.3497662232967701
3.863999999999796,0.3493307945776741
3.865999999999796,0.3488959909864009
3.8679999999997956,0.3484618115677919
3.8699999999997954,0.3480282553072664
3.871999999999795,0.347595321176996
3.873999999999795,0.34716300822473567
3.8759999999997947,0.3467313155166428
3.8779999999997945,0.3463002419752966
3.8799999999997943,0.34586978670613067
3.881999999999794,0.34543994864874306
3.883999999999794,0.3450107268480592
3.8859999999997936,0.3445821203729529
3.8879999999997934,0.3441541282299862
3.889999999999793,0.34372674940990183
3.891999999999793,0.3432999829689307
3.8939999999997927,0.3428738279233679
3.8959999999997925,0.3424482833361573
3.8979999999997923,0.3420233482213111
3.899999999999792,0.341599021644729
3.901999999999792,0.34117530262177653
3.9039999999997916,0.3407521901613937
3.9059999999997914,0.3403296833359117
3.907999999999791,0.339907781170982
3.909999999999791,0.33948648274212834
3.9119999999997908,0.3390657870818563
3.9139999999997905,0.33864569326713145
3.9159999999997903,0.3382262003260542
3.91799999999979,0.3378073073347503
3.91999999999979,0.3373890133270475
3.9219999999997897,0.33697131738110403
3.9239999999997894,0.3365542185341144
3.925999999999789,0.33613771581573865
3.927999999999789,0.3357218083124806
3.9299999999997888,0.33530649512110233
3.9319999999997886,0.33489177524302777
3.9339999999997883,0.3344776478022877
3.935999999999788,0.33406411185772045
3.937999999999788,0.3336511664564627
3.9399999999997877,0.33323881068462313
3.9419999999997875,0.3328270435987217
3.9439999999997872,0.3324158642956202
3.945999999999787,0.33200527183367246
3.947999999999787,0.33159526530940364
3.9499999999997866,0.3311858437843592
3.9519999999997864,0.33077700631991075
3.953999999999786,0.33036875205586347
3.955999999999786,0.32996108002956803
3.9579999999997857,0.32955398933658775
3.9599999999997855,0.32914747908768954
3.9619999999997852,0.3287415483539484
3.963999999999785,0.32833619620455534
3.965999999999785,0.3279314217478501
3.9679999999997846,0.32752722410068413
3.9699999999997844,0.32712360234304017
3.971999999999784,0.32672055558164426
3.973999999999784,0.3263180828977727
3.9759999999997837,0.32591618336936357
3.9779999999997835,0.32551485611153175
3.9799999999997833,0.3251141002468817
3.981999999999783,0.3247139148658002
3.983999999999783,0.32431429905626863
3.9859999999997826,0.3239152519369711
3.9879999999997824,0.32351677263276557
3.989999999999782,0.32311886024084213
3.991999999999782,0.322721513882834
3.9939999999997817,0.3223247326549855
3.9959999999997815,0.3219285156563747
3.9979999999997813,0.32153286201237996
3.999999999999781,0.3211377708549502
4.001999999999781,0.32074324129166254
4.003999999999781,0.32034927245050754
4.005999999999781,0.3199558634385016
4.007999999999781,0.3195630133878632
4.00999999999978,0.31917072141269204
4.01199999999978,0.318778986622374
4.01399999999978,0.31838780817334533
4.01599999999978,0.3179971851871968
4.0179999999997795,0.31760711677867626
4.019999999999779,0.31721760208393135
4.021999999999779,0.31682864022837
4.023999999999779,0.3164402303501903
4.025999999999779,0.3160523715780168
4.027999999999778,0.3156650630523257
4.029999999999778,0.31527830391885936
4.031999999999778,0.31489209330847
4.033999999999778,0.3145064303494225
4.0359999999997775,0.31412131420247386
4.037999999999777,0.3137367440889629
4.039999999999777,0.31335271903958606
4.041999999999777,0.31296923811598454
4.043999999999777,0.3125863005393107
4.045999999999776,0.31220390548725574
4.047999999999776,0.311822052123474
4.049999999999776,0.3114407395933254
4.051999999999776,0.3110599670337166
4.053999999999776,0.3106797335995599
4.055999999999775,0.3103000384486392
4.057999999999775,0.3099208807305943
4.059999999999775,0.3095422595944235
4.061999999999775,0.3091641742070751
4.0639999999997745,0.30878662372400556
4.065999999999774,0.3084096072992572
4.067999999999774,0.30803312409731454
4.069999999999774,0.30765717327647313
4.071999999999774,0.30728175400451696
4.073999999999773,0.3069068654470958
4.075999999999773,0.30653250676982857
4.077999999999773,0.3061586771414866
4.079999999999773,0.30578537572614395
4.0819999999997725,0.30541260169644213
4.083999999999772,0.3050403542248241
4.085999999999772,0.30466863248130416
4.087999999999772,0.30429743563905987
4.089999999999772,0.3039267628732867
4.091999999999771,0.303556613360349
4.093999999999771,0.3031869862780782
4.095999999999771,0.30281788080498895
4.097999999999771,0.3024492961217982
4.0999999999997705,0.30208123140866616
4.10199999999977,0.30171368584724717
4.10399999999977,0.3013466586224235
4.10599999999977,0.30098014891829505
4.10799999999977,0.3006141559219172
4.109999999999769,0.30024867882015827
4.111999999999769,0.2998837168006787
4.113999999999769,0.2995192690536559
4.115999999999769,0.2991553347698264
4.1179999999997685,0.2987919131443473
4.119999999999768,0.2984290033676046
4.121999999999768,0.2980666046333914
4.123999999999768,0.29770471613970123
4.125999999999768,0.29734333708179084
4.127999999999767,0.29698246666124967
4.129999999999767,0.29662210407726597
4.131999999999767,0.2962622485277634
4.133999999999767,0.2959028992166687
4.1359999999997665,0.29554405534547556
4.137999999999766,0.2951857161234114
4.139999999999766,0.294827880754126
4.141999999999766,0.29447054843924125
4.143999999999766,0.2941137183924226
4.145999999999765,0.29375738982157396
4.147999999999765,0.2934015619414778
4.149999999999765,0.29304623396147983
4.151999999999765,0.2926914050898439
4.1539999999997645,0.29233707454682634
4.155999999999764,0.291983241544696
4.157999999999764,0.2916299052962765
4.159999999999764,0.29127706502572737
4.161999999999764,0.2909247199493807
4.1639999999997634,0.2905728692932712
4.165999999999763,0.29022151227622145
4.167999999999763,0.2898706481162824
4.169999999999763,0.28952027604340286
4.171999999999763,0.2891703952788709
4.173999999999762,0.2888210050564299
4.175999999999762,0.28847210458965766
4.177999999999762,0.28812369312339176
4.179999999999762,0.28777576987353204
4.1819999999997615,0.28742833407799734
4.183999999999761,0.28708138496508534
4.185999999999761,0.28673492177664284
4.187999999999761,0.2863889437447006
4.189999999999761,0.2860434500999699
4.19199999999976,0.28569844008672773
4.19399999999976,0.2853539129408162
4.19599999999976,0.28500986789592847
4.19799999999976,0.2846663042009827
4.1999999999997595,0.2843232210956984
4.201999999999759,0.2839806178333752
4.203999999999759,0.2836384936530201
4.205999999999759,0.2832968477925199
4.207999999999759,0.2829556794924213
4.209999999999758,0.2826149880127765
4.211999999999758,0.2822747725991315
4.213999999999758,0.2819350325120732
4.215999999999758,0.28159576699994815
4.2179999999997575,0.2812569753070939
4.219999999999757,0.2809186566986493
4.221999999999757,0.28058081042471045
4.223999999999757,0.28024343573463695
4.225999999999757,0.2799065318804612
4.227999999999756,0.2795700981329319
4.229999999999756,0.27923413376838124
4.231999999999756,0.278898638025772
4.233999999999756,0.27856361017426
4.2359999999997555,0.2782290494720432
4.237999999999755,0.2778949551969323
4.239999999999755,0.2775613266115661
4.241999999999755,0.2772281629755495
4.243999999999755,0.2768954635692772
4.245999999999754,0.27656322763722985
4.247999999999754,0.27623145448036146
4.249999999999754,0.27590014335056035
4.251999999999754,0.2755692935314513
4.2539999999997535,0.2752389042917892
4.255999999999753,0.2749089749221476
4.257999999999753,0.274579504671906
4.259999999999753,0.2742504928299091
4.261999999999753,0.2739219386949342
4.263999999999752,0.2735938415207956
4.265999999999752,0.2732662005999655
4.267999999999752,0.27293901523275516
4.269999999999752,0.2726122846758305
4.2719999999997516,0.2722860082241718
4.273999999999751,0.27196018518296117
4.275999999999751,0.2716348148117882
4.277999999999751,0.2713098964100008
4.279999999999751,0.2709854292628656
4.2819999999997505,0.27066141267833344
4.28399999999975,0.2703378459200344
4.28599999999975,0.27001472829174117
4.28799999999975,0.26969205910988525
4.28999999999975,0.26936983764315997
4.291999999999749,0.26904806319866603
4.293999999999749,0.2687267350954848
4.295999999999749,0.2684058526020118
4.297999999999749,0.2680854150312119
4.2999999999997485,0.26776542167907047
4.301999999999748,0.26744587184133206
4.303999999999748,0.26712676484026104
4.305999999999748,0.26680809997731547
4.307999999999748,0.26648987654995265
4.309999999999747,0.266172093881131
4.311999999999747,0.26585475127532954
4.313999999999747,0.26553784803221825
4.315999999999747,0.26522138345439067
4.3179999999997465,0.26490535687183425
4.319999999999746,0.26458976759499975
4.321999999999746,0.26427461492961624
4.323999999999746,0.26395989818322946
4.325999999999746,0.2636456166928305
4.327999999999745,0.263331769772911
4.329999999999745,0.2630183567337881
4.331999999999745,0.26270537691327045
4.333999999999745,0.26239282960136046
4.3359999999997445,0.2620807141626343
4.337999999999744,0.2617690298930902
4.339999999999744,0.26145777610526566
4.341999999999744,0.26114695214343775
4.343999999999744,0.26083655733368916
4.345999999999743,0.2605265910228754
4.347999999999743,0.2602170525341713
4.349999999999743,0.2599079411598032
4.351999999999743,0.2595992562737985
4.3539999999997425,0.2592909971828345
4.355999999999742,0.2589831632354018
4.357999999999742,0.25867575376245555
4.359999999999742,0.25836876809210835
4.361999999999742,0.2580622055546409
4.363999999999741,0.257756065509925
4.365999999999741,0.2574503472944031
4.367999999999741,0.2571450502405125
4.369999999999741,0.25684017368147716
4.3719999999997405,0.2565357169818897
4.37399999999974,0.2562316794830146
4.37599999999974,0.2559280605202924
4.37799999999974,0.2556248594318617
4.37999999999974,0.25532207558693765
4.381999999999739,0.2550197083305502
4.383999999999739,0.2547177570030471
4.385999999999739,0.2544162209464045
4.387999999999739,0.2541150995345981
4.3899999999997386,0.2538143911092041
4.391999999999738,0.2535140971230201
4.393999999999738,0.2532142160971084
4.395999999999738,0.2529147470898986
4.397999999999738,0.25261568940886414
4.3999999999997375,0.2523170424126076
4.401999999999737,0.25201880547499944
4.403999999999737,0.25172097800080934
4.405999999999737,0.2514235593335749
4.407999999999737,0.25112654886518926
4.409999999999736,0.2508299459646773
4.411999999999736,0.2505337500234128
4.413999999999736,0.2502379603755819
4.415999999999736,0.24994257640627038
4.4179999999997355,0.24964759748197574
4.419999999999735,0.24935302296521727
4.421999999999735,0.24905885222061652
4.423999999999735,0.2487650846470184
4.425999999999735,0.24847171900080664
4.427999999999734,0.24817875591950572
4.429999999999734,0.2478861942718369
4.431999999999734,0.24759403325258333
4.433999999999734,0.2473022722204173
4.4359999999997335,0.24701091055433438
4.437999999999733,0.2467199476373544
4.439999999999733,0.24642938285465538
4.441999999999733,0.24613921562230962
4.443999999999733,0.2458494452954221
4.445999999999732,0.24556007128135726
4.447999999999732,0.2452710929657942
4.449999999999732,0.24498250973060887
4.451999999999732,0.2446943209863851
4.4539999999997315,0.24440652611770616
4.455999999999731,0.24411912447133105
4.457999999999731,0.24383211545871677
4.459999999999731,0.24354549850298718
4.461999999999731,0.24325927296110955
4.46399999999973,0.24297343824441953
4.46599999999973,0.24268799374426653
4.46799999999973,0.24240293884735298
4.46999999999973,0.24211827294247262
4.4719999999997295,0.24183399542225015
4.473999999999729,0.24155010571225008
4.475999999999729,0.24126660317901077
4.477999999999729,0.24098348724557467
4.479999999999729,0.24070075731231202
4.481999999999728,0.24041841280680126
4.483999999999728,0.24013645309595094
4.485999999999728,0.2398548776035956
4.487999999999728,0.23957368573152737
4.4899999999997275,0.23929287687912398
4.491999999999727,0.2390124504471015
4.493999999999727,0.2387324058395222
4.495999999999727,0.2384527424938765
4.497999999999727,0.23817345978804283
4.499999999999726,0.23789455715497113
4.501999999999726,0.23761603400813658
4.503999999999726,0.23733788975555778
4.505999999999726,0.23706012383714012
4.507999999999726,0.23678273563325025
4.509999999999725,0.23650572458140068
4.511999999999725,0.23622909009732612
4.513999999999725,0.23595283159274108
4.515999999999725,0.23567694848072068
4.5179999999997245,0.23540144017817782
4.519999999999724,0.2351263061356802
4.521999999999724,0.234851545743086
4.523999999999724,0.2345771584468223
4.525999999999724,0.23430314367033706
4.527999999999723,0.23402950083447974
4.529999999999723,0.23375622939105029
4.531999999999723,0.23348332873245561
4.533999999999723,0.2332107983074448
4.5359999999997225,0.2329386375134154
4.537999999999722,0.2326668458059356
4.539999999999722,0.23239542261856838
4.541999999999722,0.23212436737887573
4.543999999999722,0.2318536795474567
4.545999999999721,0.23158335794510596
4.547999999999721,0.23131340327131028
4.549999999999721,0.2310438144160651
4.551999999999721,0.23077459066973102
4.5539999999997205,0.23050573143369146
4.55599999999972,0.23023723617939684
4.55799999999972,0.22996910432732331
4.55999999999972,0.229701335322114
4.56199999999972,0.22943392864530676
4.563999999999719,0.22916688374747504
4.565999999999719,0.22890020003892048
4.567999999999719,0.22863387699224047
4.569999999999719,0.22836791409024543
4.5719999999997185,0.22810231074491633
4.573999999999718,0.22783706639402546
4.575999999999718,0.22757218051419992
4.577999999999718,0.22730765252544635
4.579999999999718,0.2270434819027744
4.581999999999717,0.22677966809910372
4.583999999999717,0.22651621056253096
4.585999999999717,0.22625312330156977
4.587999999999717,0.22599041978098525
4.5899999999997165,0.225728084502272
4.591999999999716,0.22546610948791435
4.593999999999716,0.22520449061319647
4.595999999999716,0.22494322568744785
4.597999999999716,0.22468231344618506
4.599999999999715,0.22442175304732254
4.601999999999715,0.22416154387158455
4.603999999999715,0.22390168531644186
4.605999999999715,0.22364217686423998
4.6079999999997145,0.22338301765637106
4.609999999999714,0.22312420750514195
4.611999999999714,0.2228657462686749
4.613999999999714,0.222607633077806
4.615999999999714,0.2223498672940216
4.6179999999997134,0.22209244836634978
4.619999999999713,0.22183537580310736
4.621999999999713,0.22157864905779362
4.623999999999713,0.22132226763511675
4.625999999999713,0.22106623101515535
4.627999999999712,0.220810538641375
4.629999999999712,0.22055519001564064
4.631999999999712,0.22030018461925854
4.633999999999712,0.2200455219269341
4.6359999999997115,0.21979120144350586
4.637999999999711,0.21953722261464304
4.639999999999711,0.21928358491019126
4.641999999999711,0.21903028783962114
4.643999999999711,0.218777330885436
4.64599999999971,0.21852471349394065
4.64799999999971,0.21827243517254222
4.64999999999971,0.21802049540748866
4.65199999999971,0.21776889368053837
4.6539999999997095,0.21751762947343128
4.655999999999709,0.21726670227098793
4.657999999999709,0.2170161115585622
4.659999999999709,0.21676585682240923
4.661999999999709,0.21651593758144155
4.663999999999708,0.2162663532965525
4.665999999999708,0.21601710348007488
4.667999999999708,0.21576818759444272
4.669999999999708,0.21551960515596444
4.6719999999997075,0.2152713556607802
4.673999999999707,0.21502343859902404
4.675999999999707,0.21477585346218608
4.677999999999707,0.21452859974224311
4.679999999999707,0.214281676934876
4.681999999999706,0.214035084536603
4.683999999999706,0.21378882204586874
4.685999999999706,0.21354288896208284
4.687999999999706,0.21329728481465327
4.6899999999997055,0.2130520090763773
4.691999999999705,0.21280706127015647
4.693999999999705,0.2125624408711314
4.695999999999705,0.21231814740613697
4.697999999999705,0.21207418038287582
4.699999999999704,0.21183053927387502
4.701999999999704,0.21158722360973056
4.703999999999704,0.21134423290313553
4.705999999999704,0.21110156665921798
4.7079999999997035,0.21085922438429083
4.709999999999703,0.21061720558566024
4.711999999999703,0.21037550977243324
4.713999999999703,0.21013413645525553
4.715999999999703,0.20989308517381486
4.717999999999702,0.20965235541299893
4.719999999999702,0.20941194667955584
4.721999999999702,0.20917185851747816
4.723999999999702,0.20893209041611555
4.7259999999997016,0.20869264191505865
4.727999999999701,0.20845351250536914
4.729999999999701,0.208214701728769
4.731999999999701,0.2079762090786359
4.733999999999701,0.20773803409964522
4.7359999999997004,0.20750017631529377
4.7379999999997,0.20726263524422708
4.7399999999997,0.20702541040462125
4.7419999999997,0.20678850128839965
4.7439999999997,0.20655190744669322
4.745999999999699,0.2063156284104314
4.747999999999699,0.2060796637040944
4.749999999999699,0.20584401285208892
4.751999999999699,0.20560867537939612
4.7539999999996985,0.20537365083948103
4.755999999999698,0.20513893873402422
4.757999999999698,0.20490453858479435
4.759999999999698,0.20467044992303823
4.761999999999698,0.20443667228202714
4.763999999999697,0.204203205221288
4.765999999999697,0.2039700482493177
4.767999999999697,0.20373720089335284
4.769999999999697,0.20350466271524312
4.7719999999996965,0.20327243322595812
4.773999999999696,0.2030405119833993
4.775999999999696,0.20280889849989575
4.777999999999696,0.20257759230842753
4.779999999999696,0.20234659297644966
4.781999999999695,0.20211590004698027
4.783999999999695,0.2018855130295606
4.785999999999695,0.2016554314862778
4.787999999999695,0.20142565493648826
4.7899999999996945,0.20119618294508052
4.791999999999694,0.20096701505923467
4.793999999999694,0.2007381507947799
4.795999999999694,0.20050958971883726
4.797999999999694,0.2002813313796163
4.799999999999693,0.20005337529754477
4.801999999999693,0.19982572104170862
4.803999999999693,0.1995983681646088
4.805999999999693,0.1993713162122969
4.8079999999996925,0.19914456470725345
4.809999999999692,0.19891811322216946
4.811999999999692,0.19869196131291406
4.813999999999692,0.19846610853046998
4.815999999999692,0.19824055440023713
4.817999999999691,0.19801529849786095
4.819999999999691,0.1977903403829982
4.821999999999691,0.19756567960844712
4.823999999999691,0.1973413157283993
4.8259999999996905,0.19711724829702293
4.82799999999969,0.19689347684597636
4.82999999999969,0.19667000095653797
4.83199999999969,0.1964468201923382
4.83399999999969,0.19622393411246825
4.835999999999689,0.19600134227438312
4.837999999999689,0.19577904423755177
4.839999999999689,0.19555703953998352
4.841999999999689,0.19533532776599932
4.8439999999996886,0.19511390848413374
4.845999999999688,0.19489278125730408
4.847999999999688,0.19467194564859325
4.849999999999688,0.1944514012211907
4.851999999999688,0.1942311475167539
4.8539999999996875,0.1940111841249882
4.855999999999687,0.1937915106191637
4.857999999999687,0.19357212656622025
4.859999999999687,0.19335303151130828
4.861999999999687,0.1931342248560402
4.863999999999686,0.19291570623039087
4.865999999999686,0.19269747576893792
4.867999999999686,0.19247953266437232
4.869999999999686,0.19226187640164588
4.8719999999996855,0.19204450653977367
4.873999999999685,0.19182742263959687
4.875999999999685,0.19161062430949374
4.877999999999685,0.19139411111751076
4.879999999999685,0.19117788266718883
4.881999999999684,0.1909619385426192
4.883999999999684,0.1907462783002646
4.885999999999684,0.190530901539763
4.887999999999684,0.19031580782189514
4.8899999999996835,0.19010099674563308
4.891999999999683,0.18988646787409336
4.893999999999683,0.18967222078716073
4.895999999999683,0.18945825508909883
4.897999999999683,0.18924457034487863
4.899999999999682,0.1890311661544893
4.901999999999682,0.18881804208403336
4.903999999999682,0.1886051977146208
4.905999999999682,0.18839263263425654
4.9079999999996815,0.1881803464511612
4.909999999999681,0.187968338733377
4.911999999999681,0.18775660906511893
4.913999999999681,0.18754515703559904
4.915999999999681,0.18733398223468273
4.91799999999968,0.18712308425428587
4.91999999999968,0.18691246268462752
4.92199999999968,0.186702117117412
4.92399999999968,0.1864920471447507
4.9259999999996795,0.18628225235850548
4.927999999999679,0.18607273233376173
4.929999999999679,0.18586348668218308
4.931999999999679,0.18565451500257463
4.933999999999679,0.18544581688914427
4.935999999999678,0.18523739191869287
4.937999999999678,0.18502923970446183
4.939999999999678,0.18482135982854503
4.941999999999678,0.1846137519065201
4.9439999999996775,0.1844064155215323
4.945999999999677,0.18419935028847365
4.947999999999677,0.18399255579193946
4.949999999999677,0.1837860316307389
4.951999999999677,0.1835797774246513
4.953999999999676,0.183373792760342
4.955999999999676,0.1831680772376367
4.957999999999676,0.1829626304610839
4.959999999999676,0.18275745203595886
4.961999999999676,0.1825525415687314
4.963999999999675,0.18234789866527257
4.965999999999675,0.18214352293058123
4.967999999999675,0.18193941397194163
4.969999999999675,0.18173557138045013
4.9719999999996745,0.1815319947797337
4.973999999999674,0.181328683781449
4.975999999999674,0.18112563797832448
4.977999999999674,0.18092285699524346
4.979999999999674,0.18072034043017954
4.981999999999673,0.1805180878935987
4.983999999999673,0.18031609901266743
4.985999999999673,0.1801143733877081
4.987999999999673,0.1799129106297968
4.9899999999996725,0.17971171035315886
4.991999999999672,0.1795107721737416
4.993999999999672,0.17931009570755707
4.995999999999672,0.17910968056995538
4.997999999999672,0.17890952637743118
4.999999999999671,0.17870963274737856
5.001999999999671,0.17850999928387473
5.003999999999671,0.17831062561815608
5.005999999999671,0.1781115113586874
5.0079999999996705,0.1779126561370751
5.00999999999967,0.1777140595636767
5.01199999999967,0.1775157212569345
5.01399999999967,0.17731764085233193
5.01599999999967,0.17711981796092047
5.017999999999669,0.17692225220308072
5.019999999999669,0.17672494320278484
5.021999999999669,0.17652789058480894
5.023999999999669,0.1763310939633445
5.0259999999996685,0.1761345529755816
5.027999999999668,0.1759382672488387
5.029999999999668,0.17574223639878328
5.031999999999668,0.17554646006221458
5.033999999999668,0.17535093785785652
5.035999999999667,0.1751556694127142
5.037999999999667,0.17496065435793778
5.039999999999667,0.1747658923336976
5.041999999999667,0.1745713829603209
5.0439999999996665,0.17437712586606974
5.045999999999666,0.17418312067300964
5.047999999999666,0.1739893670235655
5.049999999999666,0.17379586455241222
5.051999999999666,0.17360261288401907
5.053999999999665,0.17340961166023267
5.055999999999665,0.17321686050750393
5.057999999999665,0.1730243590600915
5.059999999999665,0.17283210695565407
5.0619999999996645,0.17264010383815515
5.063999999999664,0.1724483493377588
5.065999999999664,0.17225684308109326
5.067999999999664,0.17206558471435096
5.069999999999664,0.1718745738771753
5.0719999999996634,0.17168381020282686
5.073999999999663,0.17149329333827953
5.075999999999663,0.17130302291628435
5.077999999999663,0.17111299857840087
5.079999999999663,0.17092321997226906
5.081999999999662,0.1707336867346613
5.083999999999662,0.17054439850639252
5.085999999999662,0.17035535492583867
5.087999999999662,0.1701665556422325
5.0899999999996615,0.16997800030211277
5.091999999999661,0.1697896885442824
5.093999999999661,0.16960162001908782
5.095999999999661,0.16941379436819004
5.097999999999661,0.16922621123782353
5.09999999999966,0.16903887027557413
5.10199999999966,0.16885177113024108
5.10399999999966,0.16866491344951534
5.10599999999966,0.1684782968825232
5.1079999999996595,0.1682919210748501
5.109999999999659,0.16810578568027323
5.111999999999659,0.16791989034618196
5.113999999999659,0.16773423472366958
5.115999999999659,0.16754881846500802
5.117999999999658,0.1673636412225833
5.119999999999658,0.16717870265013207
5.121999999999658,0.16699400240059728
5.123999999999658,0.1668095401267241
5.1259999999996575,0.16662531548129225
5.127999999999657,0.16644132811969375
5.129999999999657,0.16625757769969768
5.131999999999657,0.16607406387553514
5.133999999999657,0.16589078630361426
5.135999999999656,0.165707744641577
5.137999999999656,0.16552493854492728
5.139999999999656,0.1653423676743784
5.141999999999656,0.1651600316893181
5.1439999999996555,0.16497793024733906
5.145999999999655,0.16479606300857175
5.147999999999655,0.16461442963410872
5.149999999999655,0.1644330297838045
5.151999999999655,0.16425186312017348
5.153999999999654,0.16407092930527836
5.155999999999654,0.16389022800167236
5.157999999999654,0.1637097588720942
5.159999999999654,0.16352952158065173
5.1619999999996535,0.16334951579142357
5.163999999999653,0.1631697411700418
5.165999999999653,0.1629901973809529
5.167999999999653,0.16281088409003003
5.169999999999653,0.16263180096471794
5.171999999999652,0.16245294767080215
5.173999999999652,0.16227432387703486
5.175999999999652,0.1620959292513935
5.177999999999652,0.16191776346190873
5.1799999999996515,0.16173982617731258
5.181999999999651,0.1615621170669721
5.183999999999651,0.16138463580414392
5.185999999999651,0.1612073820554188
5.187999999999651,0.1610303554947768
5.1899999999996504,0.1608535557941385
5.19199999999965,0.16067698262502117
5.19399999999965,0.16050063566049433
5.19599999999965,0.16032451457292787
5.19799999999965,0.16014861903943411
5.199999999999649,0.1599729487301435
5.201999999999649,0.15979750332318637
5.203999999999649,0.1596222824941387
5.205999999999649,0.15944728591790394
5.2079999999996485,0.15927251327015124
5.209999999999648,0.1590979642273958
5.211999999999648,0.15892363847199933
5.213999999999648,0.1587495356825825
5.215999999999648,0.15857565553539688
5.217999999999647,0.15840199770779473
5.219999999999647,0.15822856187862994
5.221999999999647,0.15805534772748472
5.223999999999647,0.15788235493425756
5.2259999999996465,0.1577095831864085
5.227999999999646,0.15753703216615153
5.229999999999646,0.15736470155391313
5.231999999999646,0.15719259102934216
5.233999999999646,0.15702070027498702
5.235999999999645,0.1568490289825369
5.237999999999645,0.15667757682602734
5.239999999999645,0.15650634349679496
5.241999999999645,0.15633532867933603
5.2439999999996445,0.15616453205902547
5.245999999999644,0.15599395332925622
5.247999999999644,0.1558235921659244
5.249999999999644,0.15565344826246263
5.251999999999644,0.15548352130646081
5.253999999999643,0.15531381097380564
5.255999999999643,0.1551443169716587
5.257999999999643,0.1549750389803436
5.259999999999643,0.1548059766851649
5.2619999999996425,0.15463712978642608
5.263999999999642,0.1544684979750166
5.265999999999642,0.1543000809389819
5.267999999999642,0.15413187836718661
5.269999999999642,0.1539638899628703
5.271999999999641,0.15379611540412128
5.273999999999641,0.1536285543925211
5.275999999999641,0.15346120662220122
5.277999999999641,0.15329407178425514
5.2799999999996405,0.15312714957075163
5.28199999999964,0.15296043968814918
5.28399999999964,0.1527939418178188
5.28599999999964,0.15262765566558212
5.28799999999964,0.15246158092747802
5.289999999999639,0.15229571729768338
5.291999999999639,0.15213006448589472
5.293999999999639,0.15196462217249063
5.295999999999639,0.15179939006688015
5.2979999999996386,0.15163436786693058
5.299999999999638,0.1514695552696282
5.301999999999638,0.15130495197058555
5.303999999999638,0.15114055768519086
5.305999999999638,0.15097637209565967
5.3079999999996375,0.15081239491608228
5.309999999999637,0.1506486258463717
5.311999999999637,0.15048506460324546
5.313999999999637,0.15032171086889695
5.315999999999637,0.15015856435749375
5.317999999999636,0.14999562477113776
5.319999999999636,0.14983289181061096
5.321999999999636,0.14967036517645926
5.323999999999636,0.14950804457086653
5.3259999999996355,0.14934592971650346
5.327999999999635,0.14918402031793843
5.329999999999635,0.14902231607630387
5.331999999999635,0.14886081669468887
5.333999999999635,0.14869952187590021
5.335999999999634,0.1485384313457628
5.337999999999634,0.14837754481140933
5.339999999999634,0.14821686197549125
5.341999999999634,0.14805638254087855
5.3439999999996335,0.14789610623592112
5.345999999999633,0.14773603274653052
5.347999999999633,0.14757616179814065
5.349999999999633,0.14741649310084023
5.351999999999633,0.14725702636217625
5.353999999999632,0.14709776131026167
5.355999999999632,0.1469386973332104
5.357999999999632,0.14677983425396104
5.359999999999632,0.1466211721976749
5.3619999999996315,0.14646271093840046
5.363999999999631,0.14630445010233603
5.365999999999631,0.14614638935195307
5.367999999999631,0.14598852834870085
5.369999999999631,0.14583086677070373
5.37199999999963,0.145673404309559
5.37399999999963,0.14551614069190572
5.37599999999963,0.14535907562679093
5.37799999999963,0.14520220882167184
5.3799999999996295,0.14504553998525066
5.381999999999629,0.1448890688314014
5.383999999999629,0.14473279510077258
5.385999999999629,0.14457671850990828
5.387999999999629,0.1444208387712233
5.389999999999628,0.1442651555971976
5.391999999999628,0.14410966873016817
5.393999999999628,0.14395437788852733
5.395999999999628,0.14379928275691028
5.3979999999996275,0.14364438310540445
5.399999999999627,0.1434896786297793
5.401999999999627,0.14333516906919966
5.403999999999627,0.1431808541427192
5.405999999999627,0.14302673356654885
5.407999999999626,0.14287280705683914
5.409999999999626,0.1427190743345768
5.411999999999626,0.14256553514954629
5.413999999999626,0.14241218922493626
5.415999999999626,0.14225903627779596
5.417999999999625,0.14210607605668762
5.419999999999625,0.14195330825232177
5.421999999999625,0.14180073260972748
5.423999999999625,0.1416483488851659
5.4259999999996245,0.1414961567697895
5.427999999999624,0.14134415597735914
5.429999999999624,0.14119234626445126
5.431999999999624,0.14104072735812648
5.433999999999624,0.14088929901189523
5.435999999999623,0.1407380609165317
5.437999999999623,0.14058701282145508
5.439999999999623,0.14043615445426602
5.441999999999623,0.14028548553747827
5.4439999999996225,0.14013500582900207
5.445999999999622,0.13998471502279564
5.447999999999622,0.1398346128733155
5.449999999999622,0.13968469911116072
5.451999999999622,0.13953497349565555
5.453999999999621,0.1393854357194104
5.455999999999621,0.13923608553751288
5.457999999999621,0.13908692271592177
5.459999999999621,0.1389379469455826
5.4619999999996205,0.1387891579819701
5.46399999999962,0.138640555519358
5.46599999999962,0.13849213935552881
5.46799999999962,0.13834390919110295
5.46999999999962,0.13819586474787843
5.471999999999619,0.13804800579285556
5.473999999999619,0.13790033206213273
5.475999999999619,0.13775284331959592
5.477999999999619,0.13760553925700128
5.4799999999996185,0.13745841963446176
5.481999999999618,0.13731148418648875
5.483999999999618,0.13716473268041252
5.485999999999618,0.1370181648085063
5.487999999999618,0.13687178033408454
5.489999999999617,0.13672557899392762
5.491999999999617,0.13657956668825347
5.493999999999617,0.13643375576388306
5.495999999999617,0.1362881361526609
5.4979999999996165,0.13614270271511497
5.499999999999616,0.13599745283769293
5.501999999999616,0.1358523851716501
5.503999999999616,0.13570749901545198
5.505999999999616,0.13556279390446746
5.507999999999615,0.13541826948631336
5.509999999999615,0.13527392545919745
5.511999999999615,0.13512976158354506
5.513999999999615,0.13498577754175525
5.5159999999996145,0.13484197312538793
5.517999999999614,0.13469834799700556
5.519999999999614,0.1345549018461916
5.521999999999614,0.13441163420756852
5.523999999999614,0.13428481534004522
5.525999999999613,0.13418687038260088
5.527999999999613,0.13410265698226442
5.529999999999613,0.13402469861762642
5.531999999999613,0.1339494391566065
5.533999999999613,0.13387525391849733
5.535999999999612,0.13380143482694673
5.537999999999612,0.13372769156092668
5.539999999999612,0.1336539152245798
5.541999999999612,0.1335800710008206
5.5439999999996115,0.13350615167570914
5.545999999999611,0.13343215869797626
5.547999999999611,0.13335809518298186
5.549999999999611,0.13328396370790163
5.551999999999611,0.1332097660077416
5.55399999999961,0.13313550304504979
5.55599999999961,0.13306117537017825
5.55799999999961,0.13298678309957118
5.55999999999961,0.1329123262979558
5.5619999999996095,0.13283780486018168
5.563999999999609,0.13276321861974494
5.565999999999609,0.13268856743724516
5.567999999999609,0.1326138511691765
5.569999999999609,0.13253906966111034
5.571999999999608,0.13246422270245514
5.573999999999608,0.13238931007787844
5.575999999999608,0.13231433167216822
5.577999999999608,0.13223928728373333
5.5799999999996075,0.13216417669584013
5.581999999999607,0.1320889997437103
5.583999999999607,0.1320137562701923
5.585999999999607,0.1319384461140287
5.587999999999607,0.13186306905886996
5.589999999999606,0.13178762493147028
5.591999999999606,0.13171211351866113
5.593999999999606,0.1316365346531899
5.595999999999606,0.13156088817392247
5.5979999999996055,0.13148517386642744
5.599999999999605,0.13140939156034956
5.601999999999605,0.13133354109007522
5.603999999999605,0.13125762223909312
5.605999999999605,0.13118163483341433
5.607999999999604,0.131105578706471
5.609999999999604,0.13102945363914303
5.611999999999604,0.13095325945644082
5.613999999999604,0.130876995990601
5.6159999999996035,0.1308006630210678
5.617999999999603,0.1307242603724223
5.619999999999603,0.13064778782516123
5.621999999999603,0.13057124525860042
5.623999999999603,0.13049463245604642
5.625999999999602,0.13041794918482064
5.627999999999602,0.1303411953196149
5.629999999999602,0.13026437064358762
5.631999999999602,0.13018747492248356
5.6339999999996015,0.13011050803200505
5.635999999999601,0.13003346975386454
5.637999999999601,0.12995635985273069
5.639999999999601,0.12987917820412692
5.641999999999601,0.12980192458815984
5.6439999999996004,0.12972459882008977
5.6459999999996,0.12964720066838392
5.6479999999996,0.1295697299525807
5.6499999999996,0.1294921865006284
5.6519999999996,0.12941457013564817
5.653999999999599,0.12933688062149834
5.655999999999599,0.12925911777028176
5.657999999999599,0.1291812814045764
5.659999999999599,0.12910337128964705
5.6619999999995985,0.12902538729326624
5.663999999999598,0.12894732912950252
5.665999999999598,0.12886919666004626
5.667999999999598,0.12879098965687266
5.669999999999598,0.12871270793222556
5.671999999999597,0.12863435130496148
5.673999999999597,0.12855591953465909
5.675999999999597,0.12847741248750405
5.677999999999597,0.1283988299266333
5.6799999999995965,0.1283201715983917
5.681999999999596,0.12824143737027782
5.683999999999596,0.128162627009677
5.685999999999596,0.1280837403209285
5.687999999999596,0.1280047770611773
5.689999999999595,0.12792573709673857
5.691999999999595,0.1278466201890021
5.693999999999595,0.12776742608322955
5.695999999999595,0.12768815464609634
5.6979999999995945,0.12760880564082316
5.699999999999594,0.1275293788692372
5.701999999999594,0.12744987414207065
5.703999999999594,0.12737029126587673
5.705999999999594,0.12729062998343182
5.707999999999593,0.12721089009435554
5.709999999999593,0.12713107140813829
5.711999999999593,0.12705117373176758
5.713999999999593,0.12697119680895053
5.7159999999995925,0.12689114043763736
5.717999999999592,0.12681100442705395
5.719999999999592,0.12673078858300307
5.721999999999592,0.12665049270568082
5.723999999999592,0.12657011653140793
5.725999999999591,0.12648965985205005
5.727999999999591,0.12640912247298997
5.729999999999591,0.12632850419684757
5.731999999999591,0.12624780476064043
5.7339999999995905,0.12616702395826293
5.73599999999959,0.1260861615940943
5.73799999999959,0.12600521747033408
5.73999999999959,0.12592419138283129
5.74199999999959,0.12584308306121725
5.743999999999589,0.12576189229432436
5.745999999999589,0.12568061894466553
5.747999999999589,0.1255992626854826
5.749999999999589,0.12551782335807046
5.7519999999995886,0.1254363007659844
5.753999999999588,0.12535469463547005
5.755999999999588,0.12527300474902558
5.757999999999588,0.12519123090241135
5.759999999999588,0.1251093728898524
5.7619999999995875,0.1250274304372544
5.763999999999587,0.1249454033932848
5.765999999999587,0.12486329149065649
5.767999999999587,0.12478109450828086
5.769999999999587,0.12469881223526602
5.771999999999586,0.12461644446024157
5.773999999999586,0.12453399090238337
5.775999999999586,0.12445145140678104
5.777999999999586,0.12436882570161775
5.7799999999995855,0.12428611356184462
5.781999999999585,0.12420331477356153
5.783999999999585,0.1241204291214907
5.785999999999585,0.12403745632073315
5.787999999999585,0.12395439621506837
5.789999999999584,0.12387124852772607
5.791999999999584,0.12378801309713228
5.793999999999584,0.12370468963807667
5.795999999999584,0.12362127790784205
5.7979999999995835,0.12353777765314891
5.799999999999583,0.12345418856145234
5.801999999999583,0.12337051046241634
5.803999999999583,0.12328674313833513
5.805999999999583,0.12320288628646156
5.807999999999582,0.12311893966909629
5.809999999999582,0.12303490306461809
5.811999999999582,0.12295077625128151
5.813999999999582,0.1228665590028464
5.8159999999995815,0.12278225108881129
5.817999999999581,0.12269785227505459
5.819999999999581,0.12261336232518981
5.821999999999581,0.12252878093181005
5.823999999999581,0.12244410792720424
5.82599999999958,0.1223593430182799
5.82799999999958,0.12227448596396309
5.82999999999958,0.1221895365370591
5.83199999999958,0.12210449457945671
5.8339999999995795,0.1220193597857676
5.835999999999579,0.1219341319007766
5.837999999999579,0.1218488106129053
5.839999999999579,0.12176339575759974
5.841999999999579,0.12167788711365668
5.843999999999578,0.12159228443790598
5.845999999999578,0.12150658740903217
5.847999999999578,0.12142079585020776
5.849999999999578,0.12133490945533124
5.8519999999995775,0.12124892804846218
5.853999999999577,0.12116285131879047
5.855999999999577,0.12107667908558473
5.857999999999577,0.12099041103281055
5.859999999999577,0.12090404690300668
5.861999999999576,0.12081758645441931
5.863999999999576,0.1207310294451667
5.865999999999576,0.12064437570485702
5.867999999999576,0.1205576249096412
5.869999999999576,0.12047077679007087
5.871999999999575,0.12038383109336398
5.873999999999575,0.12029678757083179
5.875999999999575,0.12020964597124745
5.877999999999575,0.12012240604133245
5.8799999999995745,0.12003506752662643
5.881999999999574,0.11994763017024612
5.883999999999574,0.11986009371382382
5.885999999999574,0.11977245789810687
5.887999999999574,0.1196847224630887
5.889999999999573,0.1195968871467708
5.891999999999573,0.11950895168888492
5.893999999999573,0.11942091582661747
5.895999999999573,0.11933277929712154
5.8979999999995725,0.11924454183641042
5.899999999999572,0.11915620317998499
5.901999999999572,0.11906776306207395
5.903999999999572,0.11897922121774406
5.905999999999572,0.11889057738008879
5.907999999999571,0.11880183128117061
5.909999999999571,0.11871298265375876
5.911999999999571,0.11862403130896222
5.913999999999571,0.11853497689600312
5.9159999999995705,0.1184458191246054
5.91799999999957,0.1183565578055255
5.91999999999957,0.1182671925901028
5.92199999999957,0.11817772319144518
5.92399999999957,0.11808814942299711
5.925999999999569,0.11799847093558463
5.927999999999569,0.11790868752356866
5.929999999999569,0.11781879891721037
5.931999999999569,0.11772880482650458
5.9339999999995685,0.11763870487761409
5.935999999999568,0.11754849886696134
5.937999999999568,0.11745818653045428
5.939999999999568,0.11736776758437834
5.941999999999568,0.11727724182499763
5.943999999999567,0.11718660887929322
5.945999999999567,0.11709586844064498
5.947999999999567,0.11700502030885082
5.949999999999567,0.11691406411903243
5.9519999999995665,0.11682299965714128
5.953999999999566,0.11673182664115886
5.955999999999566,0.11664054468586882
5.957999999999566,0.11654915357780238
5.959999999999566,0.11645765304122345
5.961999999999565,0.1163660428673601
5.963999999999565,0.11627432266966986
5.965999999999565,0.11618249221593796
5.967999999999565,0.11609055112259603
5.9699999999995645,0.11599849916764514
5.971999999999564,0.11590633606263592
5.973999999999564,0.11581406150176841
5.975999999999564,0.1157216751774375
5.977999999999564,0.11562917678455344
5.979999999999563,0.11553656611046689
5.981999999999563,0.1154438427644454
5.983999999999563,0.11535100651553516
5.985999999999563,0.11525805706472525
5.987999999999563,0.11516499409525177
5.989999999999562,0.11507181738202212
5.991999999999562,0.114978526519808
5.993999999999562,0.11488512126861766
5.995999999999562,0.11479160123010443
5.9979999999995615,0.11469796617391487
5.999999999999561,0.11460421589468259
