time,value
0.0,0.9089650682002387
0.002,0.8796898533748705
0.004,0.8663157143221291
0.006,1.2488931229440277
0.008,1.4159173617841445
0.01,1.4793688144378558
0.012,1.498023699298076
0.014,1.4998615212637956
0.016,1.4966806126987695
0.018000000000000002,1.4927746854355959
0.020000000000000004,1.489326406881255
0.022000000000000006,1.48645129627012
0.024000000000000007,1.4839923251106264
0.02600000000000001,1.481785536869217
0.02800000000000001,1.4797204722873327
0.030000000000000013,1.477735399088109
0.032000000000000015,1.475799965674465
0.034000000000000016,1.4739008880774107
0.03600000000000002,1.4720331007333698
0.03800000000000002,1.470195057704548
0.04000000000000002,1.4683866461385413
0.04200000000000002,1.466608299785718
0.044000000000000025,1.4648603705061765
0.04600000000000003,1.4631430661944425
0.04800000000000003,1.4614564868224074
0.05000000000000003,1.459800662766468
0.05200000000000003,1.4581755737249895
0.054000000000000034,1.4565811544559746
0.056000000000000036,1.4550173137185385
0.05800000000000004,1.4534839299714448
0.06000000000000004,1.4519808551572633
0.06200000000000004,1.4505079196804336
0.06400000000000004,1.4490649305317318
0.06600000000000004,1.4476517750679216
0.06800000000000005,1.4462693624284653
0.07000000000000005,1.4449187944543764
0.07200000000000005,1.4436004590619302
0.07400000000000005,1.4423139072992812
0.07600000000000005,1.4410587568249575
0.07800000000000006,1.4398346548026748
0.08000000000000006,1.4386412548031753
0.08200000000000006,1.4374781905312286
0.08400000000000006,1.436345075800844
0.08600000000000006,1.4352414994847091
0.08800000000000006,1.434167018787085
0.09000000000000007,1.4331211727239062
0.09200000000000007,1.4321034758564777
0.09400000000000007,1.4311134221824935
0.09600000000000007,1.4301504877361704
0.09800000000000007,1.429214132684296
0.10000000000000007,1.4283038062963171
0.10200000000000008,1.4274193060563705
0.10400000000000008,1.4265634454090947
0.10600000000000008,1.4257377066686723
0.10800000000000008,1.4249420242945383
0.11000000000000008,1.4241756685936315
0.11200000000000009,1.4234376455815128
0.11400000000000009,1.4227268629990162
0.11600000000000009,1.4220422055388524
0.11800000000000009,1.4213825564304758
0.12000000000000009,1.4207468120117588
0.1220000000000001,1.4201338777270542
0.1240000000000001,1.4195426650576684
0.12600000000000008,1.4189721022698432
0.12800000000000009,1.4184211303280523
0.1300000000000001,1.417888703223187
0.1320000000000001,1.4173737894910217
0.1340000000000001,1.4168753767466138
0.1360000000000001,1.416392466570662
0.1380000000000001,1.4159240809775506
0.1400000000000001,1.4154692634000599
0.1420000000000001,1.4150270721106557
0.1440000000000001,1.4145965829849305
0.1460000000000001,1.4141768903384453
0.1480000000000001,1.413767109901836
0.1500000000000001,1.4133663721099774
0.1520000000000001,1.4129739290314658
0.1540000000000001,1.4125911004291778
0.1560000000000001,1.4122195096404593
0.1580000000000001,1.4118595267167895
0.16000000000000011,1.4115109539884254
0.16200000000000012,1.4111733594694764
0.16400000000000012,1.4108462643680424
0.16600000000000012,1.4105323224867825
0.16800000000000012,1.4102349029345451
0.17000000000000012,1.4099544426515829
0.17200000000000013,1.4096900889225779
0.17400000000000013,1.4094405091496247
0.17600000000000013,1.4092042727215033
0.17800000000000013,1.4089799867046602
0.18000000000000013,1.408766333235144
0.18200000000000013,1.4085620798098422
0.18400000000000014,1.4083660662241273
0.18600000000000014,1.4081771948147481
0.18800000000000014,1.407994429087363
0.19000000000000014,1.4078167810753928
0.19200000000000014,1.4076433020123282
0.19400000000000014,1.4074730840052598
0.19600000000000015,1.4073052536428594
0.19800000000000015,1.4071389645906847
0.20000000000000015,1.4069734002536367
0.20200000000000015,1.406807767584291
0.20400000000000015,1.4066412867246272
0.20600000000000016,1.4064732002226528
0.20800000000000016,1.4063027582580698
0.21000000000000016,1.4061292234748115
0.21200000000000016,1.4059531701811934
0.21400000000000016,1.4057790245906219
0.21600000000000016,1.4056090726671773
0.21800000000000017,1.4054439195797435
0.22000000000000017,1.4052834978921802
0.22200000000000017,1.4051274860141365
0.22400000000000017,1.4049754975063136
0.22600000000000017,1.4048271391029514
0.22800000000000017,1.4046820415621153
0.23000000000000018,1.4045398528742747
0.23200000000000018,1.4044002341441733
0.23400000000000018,1.4042628602819076
0.23600000000000018,1.404127421406685
0.23800000000000018,1.4039936115584664
0.24000000000000019,1.4038611333002537
0.2420000000000002,1.4037297012288583
0.2440000000000002,1.4035990317003513
0.2460000000000002,1.4034688509608721
0.2480000000000002,1.4033388863099499
0.25000000000000017,1.4032088744587845
0.25200000000000017,1.4030785587264927
0.25400000000000017,1.4029476782977108
0.25600000000000017,1.4028159866061942
0.2580000000000002,1.4026832334412949
0.2600000000000002,1.402549172044804
0.2620000000000002,1.4024135602468155
0.2640000000000002,1.402277236651889
0.2660000000000002,1.402142356799648
0.2680000000000002,1.4020098885193064
0.2700000000000002,1.401880061555422
0.2720000000000002,1.4017528036004892
0.2740000000000002,1.401627933806412
0.2760000000000002,1.4015052462696587
0.2780000000000002,1.4013845354961663
0.2800000000000002,1.4012656065932596
0.2820000000000002,1.4011482725052606
0.2840000000000002,1.401032352196287
0.2860000000000002,1.4009179044952549
0.2880000000000002,1.4008058971799644
0.2900000000000002,1.4006966732548585
0.2920000000000002,1.400590099810506
0.2940000000000002,1.40048586867086
0.2960000000000002,1.400383607813059
0.2980000000000002,1.4002829399968384
0.3000000000000002,1.4001834948443856
0.3020000000000002,1.4000849185101314
0.3040000000000002,1.3999868670742506
0.3060000000000002,1.3998890042581318
0.3080000000000002,1.399791009853087
0.3100000000000002,1.3996925629145465
0.3120000000000002,1.3995933552385424
0.3140000000000002,1.3994936009483336
0.3160000000000002,1.3993949858200758
0.3180000000000002,1.3992983527244165
0.32000000000000023,1.3992038892347207
0.32200000000000023,1.3991115145977266
0.32400000000000023,1.3990210575795232
0.32600000000000023,1.3989323215579914
0.32800000000000024,1.3988451091502327
0.33000000000000024,1.3987592327226375
0.33200000000000024,1.398674512046976
0.33400000000000024,1.3985907728025793
0.33600000000000024,1.398507848774165
0.33800000000000024,1.3984255779234915
0.34000000000000025,1.3983438013518765
0.34200000000000025,1.398262369393854
0.34400000000000025,1.3981811318097928
0.34600000000000025,1.3980999398332363
0.34800000000000025,1.3980186533543792
0.35000000000000026,1.3979371282190272
0.35200000000000026,1.397855227810627
0.35400000000000026,1.3977728178483186
0.35600000000000026,1.3976897651369249
0.35800000000000026,1.3976059406705374
0.36000000000000026,1.3975212133575967
0.36200000000000027,1.3974354559778017
0.36400000000000027,1.3973493545350746
0.36600000000000027,1.397263986165401
0.36800000000000027,1.3971797430996433
0.3700000000000003,1.3970967008844737
0.3720000000000003,1.3970147930168495
0.3740000000000003,1.3969339126053943
0.3760000000000003,1.3968539432153637
0.3780000000000003,1.396774766711483
0.3800000000000003,1.3966962757428514
0.3820000000000003,1.3966183676981316
0.3840000000000003,1.3965409394281507
0.3860000000000003,1.3964638931510078
0.3880000000000003,1.3963871336527804
0.3900000000000003,1.3963105705952437
0.3920000000000003,1.3962341118719606
0.3940000000000003,1.396157669481349
0.3960000000000003,1.3960811570091753
0.3980000000000003,1.3960044890820096
0.4000000000000003,1.3959275814218968
0.4020000000000003,1.3958503541153005
0.4040000000000003,1.3957727283065076
0.4060000000000003,1.3956946224070477
0.4080000000000003,1.395615961878692
0.4100000000000003,1.395536670235762
0.4120000000000003,1.3954566977695975
0.4140000000000003,1.3953766240848613
0.4160000000000003,1.3952971175136715
0.4180000000000003,1.3952184070410043
0.4200000000000003,1.395140526785196
0.4220000000000003,1.3950634304611782
0.4240000000000003,1.3949870376910398
0.4260000000000003,1.3949112686332181
0.4280000000000003,1.3948360429350994
0.4300000000000003,1.3947612864507637
0.43200000000000033,1.394686931324892
0.43400000000000033,1.3946129050987637
0.43600000000000033,1.3945391426905682
0.43800000000000033,1.3944657908805047
0.44000000000000034,1.3943930920855718
0.44200000000000034,1.3943210006543993
0.44400000000000034,1.3942494328391826
0.44600000000000034,1.3941782850880122
0.44800000000000034,1.3941074545191452
0.45000000000000034,1.3940368441235516
0.45200000000000035,1.3939663565388563
0.45400000000000035,1.3938958964685895
0.45600000000000035,1.393825377406275
0.45800000000000035,1.393754711622606
0.46000000000000035,1.393683811898072
0.46200000000000035,1.3936125962826527
0.46400000000000036,1.3935414153538843
0.46600000000000036,1.3934708119654644
0.46800000000000036,1.3934009698911862
0.47000000000000036,1.3933319071037302
0.47200000000000036,1.3932635770670767
0.47400000000000037,1.3931959069886384
0.47600000000000037,1.3931288186837054
0.47800000000000037,1.3930622418981806
0.48000000000000037,1.3929961029210745
0.4820000000000004,1.3929303329136995
0.4840000000000004,1.392864865659605
0.4860000000000004,1.392799639810203
0.4880000000000004,1.3927345920715846
0.4900000000000004,1.392669662936681
0.4920000000000004,1.392604790987093
0.4940000000000004,1.39253992196732
0.4960000000000004,1.3924749965032512
0.4980000000000004,1.3924099586413932
0.5000000000000003,1.3923447571065803
0.5020000000000003,1.392279338203287
0.5040000000000003,1.3922136515294248
0.5060000000000003,1.392147644320499
0.5080000000000003,1.3920812674543113
0.5100000000000003,1.3920144728493078
0.5120000000000003,1.3919472096802787
0.5140000000000003,1.3918796217947336
0.5160000000000003,1.3918121807387747
0.5180000000000003,1.3917451091790967
0.5200000000000004,1.3916784590194577
0.5220000000000004,1.3916122063367578
0.5240000000000004,1.3915463080305364
0.5260000000000004,1.3914807088722747
0.5280000000000004,1.3914153598837453
0.5300000000000004,1.391350214692489
0.5320000000000004,1.3912852250571852
0.5340000000000004,1.3912203470207811
0.5360000000000004,1.39115553502009
0.5380000000000004,1.3910907476072574
0.5400000000000004,1.3910259477696492
0.5420000000000004,1.3909610924616391
0.5440000000000004,1.3908961417868972
0.5460000000000004,1.3908310604041907
0.5480000000000004,1.3907658103762852
0.5500000000000004,1.390700353719199
0.5520000000000004,1.3906346563973189
0.5540000000000004,1.3905686819398821
0.5560000000000004,1.3905023972440922
0.5580000000000004,1.3904357699247976
0.5600000000000004,1.390368764532055
0.5620000000000004,1.3903013491318053
0.5640000000000004,1.3902334988476597
0.5660000000000004,1.3901654573160875
0.5680000000000004,1.390097543895713
0.5700000000000004,1.3900298678457699
0.5720000000000004,1.3899624466612015
0.5740000000000004,1.3898952563533757
0.5760000000000004,1.3898282628564051
0.5780000000000004,1.3897614264901694
0.5800000000000004,1.389694711334648
0.5820000000000004,1.3896280801619887
0.5840000000000004,1.3895615033713313
0.5860000000000004,1.389494946276275
0.5880000000000004,1.3894283774391427
0.5900000000000004,1.3893617698084022
0.5920000000000004,1.3892950903423404
0.5940000000000004,1.3892283123159568
0.5960000000000004,1.389161404776421
0.5980000000000004,1.3890944162614818
0.6000000000000004,1.3890274058787577
0.6020000000000004,1.3889603762106506
0.6040000000000004,1.3888933037458462
0.6060000000000004,1.388826157592332
0.6080000000000004,1.3887588969560516
0.6100000000000004,1.3886914865759215
0.6120000000000004,1.3886238924980372
0.6140000000000004,1.3885560745842336
0.6160000000000004,1.388487999593945
0.6180000000000004,1.388419817447458
0.6200000000000004,1.3883517896080921
0.6220000000000004,1.3882840146758006
0.6240000000000004,1.3882165039059857
0.6260000000000004,1.388149233998308
0.6280000000000004,1.3880821734399897
0.6300000000000004,1.3880152851758853
0.6320000000000005,1.387948538730124
0.6340000000000005,1.3878818953628491
0.6360000000000005,1.3878153264527289
0.6380000000000005,1.3877487989809865
0.6400000000000005,1.3876822864252216
0.6420000000000005,1.3876157567849683
0.6440000000000005,1.3875491812339067
0.6460000000000005,1.3874825353407916
0.6480000000000005,1.3874157886477099
0.6500000000000005,1.3873489170135542
0.6520000000000005,1.387281894172853
0.6540000000000005,1.3872146937845653
0.6560000000000005,1.3871472932791034
0.6580000000000005,1.3870796673890937
0.6600000000000005,1.3870117939988114
0.6620000000000005,1.3869436515021079
0.6640000000000005,1.3868752149940622
0.6660000000000005,1.386806459744206
0.6680000000000005,1.3867373652793045
0.6700000000000005,1.3866679416811754
0.6720000000000005,1.3865984160156337
0.6740000000000005,1.386528941214977
0.6760000000000005,1.3864595600499863
0.6780000000000005,1.3863902699559008
0.6800000000000005,1.3863210509463382
0.6820000000000005,1.3862518746544474
0.6840000000000005,1.3861827156246584
0.6860000000000005,1.3861135500299093
0.6880000000000005,1.3860443582133122
0.6900000000000005,1.3859751145735597
0.6920000000000005,1.3859057967729214
0.6940000000000005,1.385836387029389
0.6960000000000005,1.385766864766082
0.6980000000000005,1.3856972090836037
0.7000000000000005,1.3856273995808066
0.7020000000000005,1.3855574197201368
0.7040000000000005,1.3854872501546656
0.7060000000000005,1.3854168745547404
0.7080000000000005,1.3853462737675166
0.7100000000000005,1.3852754286430282
0.7120000000000005,1.3852043240092484
0.7140000000000005,1.3851329452759953
0.7160000000000005,1.3850612743703297
0.7180000000000005,1.3849892963712838
0.7200000000000005,1.384916996987259
0.7220000000000005,1.3848443586726
0.7240000000000005,1.3847713870318525
0.7260000000000005,1.3846982668883316
0.7280000000000005,1.3846251237652198
0.7300000000000005,1.3845519942644091
0.7320000000000005,1.3844788812189168
0.7340000000000005,1.384405766510883
0.7360000000000005,1.3843326304107038
0.7380000000000005,1.384259453571739
0.7400000000000005,1.3841862175053714
0.7420000000000005,1.3841129077499215
0.7440000000000005,1.3840395070705422
0.7460000000000006,1.3839659948398264
0.7480000000000006,1.3838923576850393
0.7500000000000006,1.3838185834225987
0.7520000000000006,1.3837446529564408
0.7540000000000006,1.383670560506842
0.7560000000000006,1.383596334119964
0.7580000000000006,1.3835219986326142
0.7600000000000006,1.383447551274037
0.7620000000000006,1.3833729781415234
0.7640000000000006,1.3832982614473572
0.7660000000000006,1.383223385785675
0.7680000000000006,1.3831483325698086
0.7700000000000006,1.383073086254219
0.7720000000000006,1.38299762854702
0.7740000000000006,1.3829219412246734
0.7760000000000006,1.3828460100986777
0.7780000000000006,1.3827698215909725
0.7800000000000006,1.382693433275813
0.7820000000000006,1.382616996292486
0.7840000000000006,1.3825405717776023
0.7860000000000006,1.3824641750047135
0.7880000000000006,1.3823877975195542
0.7900000000000006,1.3823114193764088
0.7920000000000006,1.3822350254095455
0.7940000000000006,1.3821585948389161
0.7960000000000006,1.3820821135578316
0.7980000000000006,1.3820055654125962
0.8000000000000006,1.3819289341063135
0.8020000000000006,1.3818522038075092
0.8040000000000006,1.3817753592548325
0.8060000000000006,1.3816983889240428
0.8080000000000006,1.38162127827226
0.8100000000000006,1.3815440123983698
0.8120000000000006,1.381466580106254
0.8140000000000006,1.3813889673535755
0.8160000000000006,1.3813111599063834
0.8180000000000006,1.3812331473401018
0.8200000000000006,1.3811549164335013
0.8220000000000006,1.3810764570110439
0.8240000000000006,1.380997759232212
0.8260000000000006,1.3809188064758375
0.8280000000000006,1.3808395919774707
0.8300000000000006,1.3807601036318837
0.8320000000000006,1.3806803285880784
0.8340000000000006,1.3806002611071146
0.8360000000000006,1.3805199381022952
0.8380000000000006,1.3804394879950588
0.8400000000000006,1.3803589752614975
0.8420000000000006,1.3802784140018267
0.8440000000000006,1.3801977986536995
0.8460000000000006,1.380117116834329
0.8480000000000006,1.380036354613148
0.8500000000000006,1.3799555015731755
0.8520000000000006,1.3798745445331113
0.8540000000000006,1.3797934702372305
0.8560000000000006,1.3797122661013037
0.8580000000000007,1.379630920258224
0.8600000000000007,1.3795494246642432
0.8620000000000007,1.3794677714777484
0.8640000000000007,1.37938594574427
0.8660000000000007,1.3793039388980786
0.8680000000000007,1.379221740326916
0.8700000000000007,1.3791393425547294
0.8720000000000007,1.3790567350840017
0.8740000000000007,1.3789739104178171
0.8760000000000007,1.3788908581402595
0.8780000000000007,1.378807570963302
0.8800000000000007,1.3787240387662
0.8820000000000007,1.3786402546052265
0.8840000000000007,1.3785562087222176
0.8860000000000007,1.3784718945423726
0.8880000000000007,1.3783873059188945
0.8900000000000007,1.3783024331483062
0.8920000000000007,1.378217271037651
0.8940000000000007,1.3781318895163879
0.8960000000000007,1.378046386042315
0.8980000000000007,1.3779607975535684
0.9000000000000007,1.3778751254801054
0.9020000000000007,1.3777893657926166
0.9040000000000007,1.3777035081953843
0.9060000000000007,1.3776175497123888
0.9080000000000007,1.3775315107187107
0.9100000000000007,1.377445396935956
0.9120000000000007,1.3773592063894056
0.9140000000000007,1.3772729294013133
0.9160000000000007,1.3771865541250874
0.9180000000000007,1.3771000686210866
0.9200000000000007,1.3770134647086911
0.9220000000000007,1.3769267312840858
0.9240000000000007,1.376839856956366
0.9260000000000007,1.3767528308399237
0.9280000000000007,1.3766656459089457
0.9300000000000007,1.3765782921517609
0.9320000000000007,1.376490759186989
0.9340000000000007,1.3764030403229377
0.9360000000000007,1.3763151291873772
0.9380000000000007,1.376227012359833
0.9400000000000007,1.3761386861690832
0.9420000000000007,1.3760501381608612
0.9440000000000007,1.375961365024863
0.9460000000000007,1.3758723545209817
0.9480000000000007,1.3757831035605483
0.9500000000000007,1.37569360016067
0.9520000000000007,1.3756038840341527
0.9540000000000007,1.375514043142252
0.9560000000000007,1.3754241154435007
0.9580000000000007,1.3753341083343096
0.9600000000000007,1.3752440203923788
0.9620000000000007,1.375153839239691
0.9640000000000007,1.3750635575748398
0.9660000000000007,1.374973165693064
0.9680000000000007,1.374882657041297
0.9700000000000008,1.374792022087175
0.9720000000000008,1.3747012511069423
0.9740000000000008,1.3746103349684275
0.9760000000000008,1.3745192651899412
0.9780000000000008,1.3744280370828008
0.9800000000000008,1.3743366461024946
0.9820000000000008,1.3742450804327988
0.9840000000000008,1.3741533378865602
0.9860000000000008,1.3740614073738207
0.9880000000000008,1.373969283637196
0.9900000000000008,1.373876959205776
0.9920000000000008,1.3737844297426691
0.9940000000000008,1.373691687848787
0.9960000000000008,1.3735987291239702
0.9980000000000008,1.3735055461772487
1.0000000000000007,1.3734121347170296
1.0020000000000007,1.373318490812753
1.0040000000000007,1.373224603602741
1.0060000000000007,1.3731304721357431
1.0080000000000007,1.3730360899744047
1.0100000000000007,1.3729414497945156
1.0120000000000007,1.3728465988666323
1.0140000000000007,1.3727516110991587
1.0160000000000007,1.3726565124452872
1.0180000000000007,1.3725613065913471
1.0200000000000007,1.3724659886401493
1.0220000000000007,1.3723705543574496
1.0240000000000007,1.372274995671003
1.0260000000000007,1.3721793041116634
1.0280000000000007,1.3720834718060477
1.0300000000000007,1.3719874948721609
1.0320000000000007,1.3718913664591117
1.0340000000000007,1.371795082617968
1.0360000000000007,1.3716986362768357
1.0380000000000007,1.3716020200874681
1.0400000000000007,1.3715052305293074
1.0420000000000007,1.3714082611693381
1.0440000000000007,1.37131110527005
1.0460000000000007,1.3712137598588574
1.0480000000000007,1.3711162189777235
1.0500000000000007,1.3710184807806014
1.0520000000000007,1.3709205560760591
1.0540000000000007,1.3708224570720455
1.0560000000000007,1.3707241829140886
1.0580000000000007,1.3706257280754879
1.0600000000000007,1.3705270890877248
1.0620000000000007,1.3704282589743197
1.0640000000000007,1.370329233630752
1.0660000000000007,1.37023000591831
1.0680000000000007,1.3701305718121897
1.0700000000000007,1.3700309243649158
1.0720000000000007,1.3699310679624515
1.0740000000000007,1.369831073903433
1.0760000000000007,1.369730982047419
1.0780000000000007,1.3696307972611712
1.0800000000000007,1.3695305195998668
1.0820000000000007,1.3694301426453492
1.0840000000000007,1.369329658457545
1.0860000000000007,1.3692290625917705
1.0880000000000007,1.3691283443606554
1.0900000000000007,1.369027499675691
1.0920000000000007,1.368926525540916
1.0940000000000007,1.368825411809039
1.0960000000000008,1.3687241546701931
1.0980000000000008,1.3686227480714126
1.1000000000000008,1.3685211889907405
1.1020000000000008,1.3684194711904878
1.1040000000000008,1.3683175880513432
1.1060000000000008,1.368215536719248
1.1080000000000008,1.3681133113595174
1.1100000000000008,1.3680109091033297
1.1120000000000008,1.3679083206653406
1.1140000000000008,1.3678055466557189
1.1160000000000008,1.367702578618912
1.1180000000000008,1.3675994171619896
1.1200000000000008,1.3674960536835004
1.1220000000000008,1.3673924854009518
1.1240000000000008,1.3672887105940488
1.1260000000000008,1.3671847238305137
1.1280000000000008,1.367080519302146
1.1300000000000008,1.366976098415428
1.1320000000000008,1.3668714528339463
1.1340000000000008,1.3667665883704787
1.1360000000000008,1.3666615677890595
1.1380000000000008,1.3665564198047506
1.1400000000000008,1.366451158671296
1.1420000000000008,1.3663457797630711
1.1440000000000008,1.366240280457024
1.1460000000000008,1.3661346546494155
1.1480000000000008,1.3660288958548055
1.1500000000000008,1.3659230014398371
1.1520000000000008,1.3658169658498978
1.1540000000000008,1.3657107832091078
1.1560000000000008,1.3656044480849057
1.1580000000000008,1.3654979588968932
1.1600000000000008,1.365391314263322
1.1620000000000008,1.3652845054155516
1.1640000000000008,1.365177572967945
1.1660000000000008,1.3650705631152982
1.1680000000000008,1.3649634166166014
1.1700000000000008,1.3648561069423093
1.1720000000000008,1.3647486193265819
1.1740000000000008,1.364640948679766
1.1760000000000008,1.3645330895183159
1.1780000000000008,1.364425036965168
1.1800000000000008,1.3643167901337494
1.1820000000000008,1.3642083451382958
1.1840000000000008,1.3640997009453646
1.1860000000000008,1.3639908533361678
1.1880000000000008,1.3638818010461498
1.1900000000000008,1.363772544294089
1.1920000000000008,1.363663095842909
1.1940000000000008,1.3635534583683036
1.1960000000000008,1.363443632571427
1.1980000000000008,1.3633336373386316
1.2000000000000008,1.3632235232455892
1.2020000000000008,1.3631133051111586
1.2040000000000008,1.3630029883733004
1.2060000000000008,1.3628925698631316
1.2080000000000009,1.362782047181409
1.2100000000000009,1.3626714108403906
1.2120000000000009,1.3625606578140332
1.2140000000000009,1.3624497829478848
1.2160000000000009,1.362338784177427
1.2180000000000009,1.3622276529332655
1.2200000000000009,1.36211639040978
1.2220000000000009,1.3620049886652985
1.2240000000000009,1.3618934421066717
1.2260000000000009,1.361781749607625
1.2280000000000009,1.3616699103594585
1.2300000000000009,1.3615579161469267
1.2320000000000009,1.3614457650403455
1.2340000000000009,1.361333456210681
1.2360000000000009,1.361220985017475
1.2380000000000009,1.3611083463127909
1.2400000000000009,1.3609955354352783
1.2420000000000009,1.3608825516499692
1.2440000000000009,1.3607693911615035
1.2460000000000009,1.3606560530128444
1.2480000000000009,1.360542533029498
1.2500000000000009,1.360428830003485
1.252000000000001,1.3603149396609113
1.254000000000001,1.3602008574660955
1.256000000000001,1.3600865827406505
1.258000000000001,1.3599721118493109
1.260000000000001,1.359857444116459
1.262000000000001,1.3597425880739955
1.264000000000001,1.3596275884058007
1.266000000000001,1.3595124656434725
1.268000000000001,1.3593972239050498
1.270000000000001,1.3592818612292472
1.272000000000001,1.3591663770414746
1.274000000000001,1.3590507669185539
1.276000000000001,1.358935029177881
1.278000000000001,1.3588191556673188
1.280000000000001,1.358703144857607
1.282000000000001,1.3585869963754194
1.284000000000001,1.3584707026567944
1.286000000000001,1.3583542624694172
1.288000000000001,1.3582376756438366
1.290000000000001,1.3581209347907877
1.292000000000001,1.3580040388610384
1.294000000000001,1.3578869878736737
1.296000000000001,1.357769777970839
1.298000000000001,1.3576524047519232
1.300000000000001,1.3575348642734562
1.302000000000001,1.3574171565207611
1.304000000000001,1.3572992783877065
1.306000000000001,1.3571812296059003
1.308000000000001,1.3570630066575893
1.310000000000001,1.3569446089819936
1.312000000000001,1.3568260295743482
1.314000000000001,1.3567072713956054
1.316000000000001,1.3565883282910594
1.318000000000001,1.3564692031900836
1.320000000000001,1.3563498897257973
1.322000000000001,1.3562303873162147
1.324000000000001,1.3561106987300438
1.326000000000001,1.3559908278314659
1.328000000000001,1.3558708004086657
1.330000000000001,1.3557506493117077
1.332000000000001,1.3556303922508863
1.334000000000001,1.3555100319405544
1.336000000000001,1.3553895690158484
1.338000000000001,1.355268999034629
1.340000000000001,1.3551483133060513
1.342000000000001,1.3550275138487229
1.344000000000001,1.354906593681353
1.346000000000001,1.3547855515309746
1.348000000000001,1.3546643836645282
1.350000000000001,1.354543085993655
1.352000000000001,1.3544216580898665
1.354000000000001,1.3543000963539467
1.356000000000001,1.3541783966790746
1.358000000000001,1.3540565586467908
1.360000000000001,1.3539345787310177
1.362000000000001,1.3538124529494593
1.364000000000001,1.3536901810377069
1.366000000000001,1.3535677562708266
1.368000000000001,1.3534451817674287
1.370000000000001,1.3533224513341415
1.372000000000001,1.3531995644217667
1.374000000000001,1.3530765213818012
1.376000000000001,1.3529533186695732
1.378000000000001,1.352829952226849
1.380000000000001,1.352706418493844
1.382000000000001,1.3525827178896899
1.384000000000001,1.3524588477360975
1.386000000000001,1.3523348082035866
1.388000000000001,1.3522105961941193
1.390000000000001,1.3520862081983822
1.392000000000001,1.3519616445211153
1.394000000000001,1.351836909013464
1.396000000000001,1.3517120271218257
1.398000000000001,1.3515870215755137
1.400000000000001,1.3514619016607374
1.402000000000001,1.3513366632049293
1.404000000000001,1.3512113059668858
1.406000000000001,1.3510858266325831
1.408000000000001,1.3509602247896928
1.410000000000001,1.3508344934009409
1.412000000000001,1.3507086319982493
1.414000000000001,1.3505826412096027
1.416000000000001,1.3504565143226577
1.418000000000001,1.350330250966856
1.420000000000001,1.3502038518324475
1.422000000000001,1.3500773102805002
1.424000000000001,1.349950626047638
1.426000000000001,1.3498237999474263
1.428000000000001,1.3496968254886974
1.430000000000001,1.3495697025667401
1.432000000000001,1.3494424287587472
1.434000000000001,1.3493150046633777
1.436000000000001,1.3491874275432099
1.438000000000001,1.349059697554596
1.440000000000001,1.3489318082629356
1.442000000000001,1.3488037598626228
1.444000000000001,1.348675553665606
1.446000000000001,1.3485471870173227
1.448000000000001,1.348418656644048
1.450000000000001,1.348289963076129
1.452000000000001,1.3481611038142054
1.454000000000001,1.3480320776000514
1.456000000000001,1.3479028933176422
1.458000000000001,1.3477735529911206
1.460000000000001,1.3476440551310267
1.462000000000001,1.3475144033507573
1.464000000000001,1.3473846257503086
1.466000000000001,1.34725473585785
1.468000000000001,1.3471247407975047
1.470000000000001,1.3469946399757198
1.472000000000001,1.3468644303270585
1.474000000000001,1.3467341117870386
1.476000000000001,1.346603680957908
1.478000000000001,1.3464731339608733
1.480000000000001,1.3463424673085684
1.482000000000001,1.3462116814210692
1.484000000000001,1.3460807735267184
1.486000000000001,1.345949740278303
1.488000000000001,1.345818582003179
1.490000000000001,1.3456872958484762
1.492000000000001,1.345555878456526
1.494000000000001,1.3454243268012953
1.496000000000001,1.345292641713946
1.498000000000001,1.3451608207934984
1.500000000000001,1.3450288610370138
1.5020000000000011,1.3448967631056017
1.5040000000000011,1.3447645244628061
1.5060000000000011,1.3446321454740477
1.5080000000000011,1.3444996198184795
1.5100000000000011,1.3443669512031682
1.5120000000000011,1.3442341340196173
1.5140000000000011,1.344101168429954
1.5160000000000011,1.3439680521415727
1.5180000000000011,1.343834782527308
1.5200000000000011,1.3437013606858095
1.5220000000000011,1.3435677845002383
1.5240000000000011,1.3434340547247516
1.5260000000000011,1.3433001688194786
1.5280000000000011,1.3431661238386687
1.5300000000000011,1.3430319206857968
1.5320000000000011,1.3428975669303547
1.5340000000000011,1.3427630849541294
1.5360000000000011,1.3426284883862125
1.5380000000000011,1.3424937793075533
1.5400000000000011,1.342358955839581
1.5420000000000011,1.3422240185683092
1.5440000000000011,1.3420889645657974
1.5460000000000012,1.3419537903941243
1.5480000000000012,1.3418184930235149
1.5500000000000012,1.34168307337933
1.5520000000000012,1.3415475291914705
1.5540000000000012,1.3414118576083796
1.5560000000000012,1.3412760560386985
1.5580000000000012,1.3411401257255393
1.5600000000000012,1.3410040680644935
1.5620000000000012,1.3408678767824433
1.5640000000000012,1.3407315520307201
1.5660000000000012,1.3405950916934832
1.5680000000000012,1.340458493329981
1.5700000000000012,1.340321758212279
1.5720000000000012,1.340184884350354
1.5740000000000012,1.3400478726104452
1.5760000000000012,1.3399107170887479
1.5780000000000012,1.3397734219337656
1.5800000000000012,1.339635982470611
1.5820000000000012,1.3394984049471468
1.5840000000000012,1.3393606914986498
1.5860000000000012,1.339222841177103
1.5880000000000012,1.3390848556059665
1.5900000000000012,1.3389467327100024
1.5920000000000012,1.338808469708643
1.5940000000000012,1.3386700675365946
1.5960000000000012,1.3385315239513706
1.5980000000000012,1.3383928396636808
1.6000000000000012,1.338254008658224
1.6020000000000012,1.3381150393374608
1.6040000000000012,1.3379759494572578
1.6060000000000012,1.337836752380288
1.6080000000000012,1.3376974504473682
1.6100000000000012,1.3375580421714388
1.6120000000000012,1.337418525036724
1.6140000000000012,1.337278899971539
1.6160000000000012,1.3371391645534416
1.6180000000000012,1.3369993157634787
1.6200000000000012,1.3368593543402503
1.6220000000000012,1.3367192778364876
1.6240000000000012,1.336579083291617
1.6260000000000012,1.3364387680874983
1.6280000000000012,1.3362983335221348
1.6300000000000012,1.3361577776103113
1.6320000000000012,1.3360170977334846
1.6340000000000012,1.3358762949640361
1.6360000000000012,1.3357353671421233
1.6380000000000012,1.3355943115681461
1.6400000000000012,1.3354531258551032
1.6420000000000012,1.3353118115165323
1.6440000000000012,1.3351703667852006
1.6460000000000012,1.3350287892626946
1.6480000000000012,1.3348870802466104
1.6500000000000012,1.3347452377909488
1.6520000000000012,1.3346032594091042
1.6540000000000012,1.3344611463809033
1.6560000000000012,1.3343188967944581
1.6580000000000013,1.3341765082183636
1.6600000000000013,1.3340339820046214
1.6620000000000013,1.3338913163182216
1.6640000000000013,1.3337485088025864
1.6660000000000013,1.3336055608880817
1.6680000000000013,1.333462470811652
1.6700000000000013,1.3333192362873518
1.6720000000000013,1.333175858819943
1.6740000000000013,1.3330323455683395
1.6760000000000013,1.3328887129818838
1.6780000000000013,1.3327449714497486
1.6800000000000013,1.3326011221491032
1.6820000000000013,1.332457163242077
1.6840000000000013,1.3323130957670035
1.6860000000000013,1.3321689138485389
1.6880000000000013,1.3320246182111124
1.6900000000000013,1.3318802071949216
1.6920000000000013,1.3317356821607584
1.6940000000000013,1.3315910410060758
1.6960000000000013,1.3314462810502088
1.6980000000000013,1.3313013999435108
1.7000000000000013,1.3311563992906046
1.7020000000000013,1.3310112774233445
1.7040000000000013,1.3308660337304974
1.7060000000000013,1.3307206743464595
1.7080000000000013,1.3305751997546096
1.7100000000000013,1.3304296082215574
1.7120000000000013,1.3302838976354732
1.7140000000000013,1.3301380695501313
1.7160000000000013,1.3299921221583688
1.7180000000000013,1.3298460530057
1.7200000000000013,1.3296998633726356
1.7220000000000013,1.3295535478068807
1.7240000000000013,1.3294071109399577
1.7260000000000013,1.3292605478130537
1.7280000000000013,1.3291138592276135
1.7300000000000013,1.3289670434183423
1.7320000000000013,1.3288200982157508
1.7340000000000013,1.3286730252189938
1.7360000000000013,1.3285258227475332
1.7380000000000013,1.328378488535158
1.7400000000000013,1.3282310240897055
1.7420000000000013,1.328083427684019
1.7440000000000013,1.327935697054496
1.7460000000000013,1.3277878362822277
1.7480000000000013,1.3276398581146585
1.7500000000000013,1.3274917776923592
1.7520000000000013,1.327343593739267
1.7540000000000013,1.3271953079661074
1.7560000000000013,1.3270469184670286
1.7580000000000013,1.326898422630972
1.7600000000000013,1.3267498181000583
1.7620000000000013,1.3266011064507515
1.7640000000000013,1.3264522859519228
1.7660000000000013,1.32630335423091
1.7680000000000013,1.326154312650095
1.7700000000000014,1.3260051593014426
1.7720000000000014,1.3258558917206196
1.7740000000000014,1.3257065077464423
1.7760000000000014,1.3255570091612918
1.7780000000000014,1.3254073944377762
1.7800000000000014,1.3252576613931195
1.7820000000000014,1.3251078080659782
1.7840000000000014,1.324957836395808
1.7860000000000014,1.3248077449728555
1.7880000000000014,1.324657531715107
1.7900000000000014,1.3245072980105697
1.7920000000000014,1.3243570136152063
1.7940000000000014,1.3242066343136765
1.7960000000000014,1.3240561388071532
1.7980000000000014,1.3239055177698424
1.8000000000000014,1.3237547709895752
1.8020000000000014,1.323603896949026
1.8040000000000014,1.3234528940595836
1.8060000000000014,1.3233017644892657
1.8080000000000014,1.3231505070429275
1.8100000000000014,1.3229991198513975
1.8120000000000014,1.322847601257109
1.8140000000000014,1.3226959534736873
1.8160000000000014,1.322544178883607
1.8180000000000014,1.3223922720577772
1.8200000000000014,1.322240238775082
1.8220000000000014,1.3220880926601777
1.8240000000000014,1.3219358402371335
1.8260000000000014,1.3217834900601395
1.8280000000000014,1.3216310436277
1.8300000000000014,1.3214784994198308
1.8320000000000014,1.3213258552856633
1.8340000000000014,1.321173112713949
1.8360000000000014,1.3210202698586362
1.8380000000000014,1.3208673242556375
1.8400000000000014,1.3207142737011126
1.8420000000000014,1.3205611199177933
1.8440000000000014,1.3204078613223846
1.8460000000000014,1.3202544956700377
1.8480000000000014,1.3201010244374891
1.8500000000000014,1.319947442335389
1.8520000000000014,1.319793750660987
1.8540000000000014,1.319639951750023
1.8560000000000014,1.3194860402458761
1.8580000000000014,1.319332017184233
1.8600000000000014,1.3191778811841295
1.8620000000000014,1.319023630421888
1.8640000000000014,1.3188692667846067
1.8660000000000014,1.3187147888191477
1.8680000000000014,1.3185601944340655
1.8700000000000014,1.3184054817893494
1.8720000000000014,1.3182506529624893
1.8740000000000014,1.3180957067189676
1.8760000000000014,1.3179406411597445
1.8780000000000014,1.3177854580978692
1.8800000000000014,1.3176301560625405
1.8820000000000014,1.3174747330025267
1.8840000000000015,1.3173191906706447
1.8860000000000015,1.3171635240721518
1.8880000000000015,1.3170077383620022
1.8900000000000015,1.3168518290487408
1.8920000000000015,1.3166957973904911
1.8940000000000015,1.3165396431751195
1.8960000000000015,1.3163833767340662
1.8980000000000015,1.3162270058661818
1.9000000000000015,1.316070536356218
1.9020000000000015,1.315913968043147
1.9040000000000015,1.3157573025553753
1.9060000000000015,1.3156005341922479
1.9080000000000015,1.3154436638705005
1.9100000000000015,1.3152866901635676
1.9120000000000015,1.3151296147595768
1.9140000000000015,1.3149724323634673
1.9160000000000015,1.3148151442894707
1.9180000000000015,1.3146577494151233
1.9200000000000015,1.3145002496417613
1.9220000000000015,1.3143426398209939
1.9240000000000015,1.3141849213777554
1.9260000000000015,1.3140270932772178
1.9280000000000015,1.3138691575078068
1.9300000000000015,1.3137111125514769
1.9320000000000015,1.3135529689759924
1.9340000000000015,1.313394702036855
1.9360000000000015,1.313236317141576
1.9380000000000015,1.313077819544001
1.9400000000000015,1.312919209205276
1.9420000000000015,1.312760488516432
1.9440000000000015,1.312601655437165
1.9460000000000015,1.3124427131052587
1.9480000000000015,1.312283664553467
1.9500000000000015,1.3121245046374606
1.9520000000000015,1.3119652345239385
1.9540000000000015,1.3118058529358119
1.9560000000000015,1.311646358182271
1.9580000000000015,1.3114867523285356
1.9600000000000015,1.3113270340790715
1.9620000000000015,1.3111672014922067
1.9640000000000015,1.311007252867043
1.9660000000000015,1.310847190464344
1.9680000000000015,1.3106870131944024
1.9700000000000015,1.3105267242070018
1.9720000000000015,1.310366330250769
1.9740000000000015,1.3102058399080794
1.9760000000000015,1.3100452546290504
1.9780000000000015,1.3098845734446656
1.9800000000000015,1.3097237983605279
1.9820000000000015,1.309562927759348
1.9840000000000015,1.3094019593415924
1.9860000000000015,1.3092408910787374
1.9880000000000015,1.3090797249511334
1.9900000000000015,1.308918459615743
1.9920000000000015,1.308757093060001
1.9940000000000015,1.3085956234881988
1.9960000000000016,1.3084340494925992
1.9980000000000016,1.308272373547828
2.0000000000000013,1.3081105946528357
2.002000000000001,1.3079487145811741
2.004000000000001,1.3077867280009103
2.0060000000000007,1.3076246362684347
2.0080000000000005,1.3074624383348004
2.0100000000000002,1.3073001362421615
2.012,1.307137724939574
2.014,1.3069752060097064
2.0159999999999996,1.306812582132356
2.0179999999999993,1.3066498481973317
2.019999999999999,1.3064870055875741
2.021999999999999,1.3063240532486218
2.0239999999999987,1.306160989669768
2.0259999999999985,1.3059978171116993
2.0279999999999982,1.3058345344485778
2.029999999999998,1.3056711398849237
2.031999999999998,1.3055076318781005
2.0339999999999976,1.3053440128949383
2.0359999999999974,1.305180282033859
2.037999999999997,1.3050164376695714
2.039999999999997,1.3048524819386367
2.0419999999999967,1.3046884100666374
2.0439999999999965,1.3045242239530286
2.0459999999999963,1.304359926941815
2.047999999999996,1.3041955218696049
2.049999999999996,1.3040310186170556
2.0519999999999956,1.3038664230965455
2.0539999999999954,1.3037017311169408
2.055999999999995,1.3035369440833913
2.057999999999995,1.3033720615108737
2.0599999999999947,1.303207084079543
2.0619999999999945,1.3030420114346517
2.0639999999999943,1.3028768462786524
2.065999999999994,1.3027115875288329
2.067999999999994,1.3025462332322115
2.0699999999999936,1.302380781586981
2.0719999999999934,1.302215234756181
2.073999999999993,1.3020495915158767
2.075999999999993,1.3018838499405092
2.0779999999999927,1.301718008307458
2.0799999999999925,1.3015520688748339
2.0819999999999923,1.3013860305019054
2.083999999999992,1.3012198913441246
2.085999999999992,1.3010536497503602
2.0879999999999916,1.3008873080441432
2.0899999999999914,1.3007208615600307
2.091999999999991,1.3005543158247777
2.093999999999991,1.3003876664589753
2.0959999999999908,1.3002209148500394
2.0979999999999905,1.3000540597431143
2.0999999999999903,1.2998870994346299
2.10199999999999,1.2997200324771923
2.10399999999999,1.299552861393895
2.1059999999999897,1.2993855852772895
2.1079999999999894,1.2992182024747163
2.109999999999989,1.2990507151214485
2.111999999999989,1.2988831183893248
2.1139999999999888,1.2987154141873818
2.1159999999999886,1.2985476055069944
2.1179999999999883,1.2983796874264795
2.119999999999988,1.2982116615307187
2.121999999999988,1.2980435269294375
2.1239999999999877,1.2978752866647196
2.1259999999999875,1.2977069478439929
2.1279999999999872,1.2975385110919746
2.129999999999987,1.2973699843229554
2.131999999999987,1.2972013640715256
2.1339999999999866,1.2970326519799182
2.1359999999999864,1.296863846775324
2.137999999999986,1.296694946657818
2.139999999999986,1.2965259500424717
2.1419999999999857,1.2963568593243238
2.1439999999999855,1.2961876734681324
2.1459999999999853,1.296018390697699
2.147999999999985,1.295849009422236
2.149999999999985,1.2956795320454415
2.1519999999999846,1.2955099575549616
2.1539999999999844,1.2953402842108117
2.155999999999984,1.2951705104671034
2.157999999999984,1.2950006387799655
2.1599999999999837,1.2948306681856023
2.1619999999999835,1.2946605969916078
2.1639999999999833,1.2944904237013728
2.165999999999983,1.294320150822844
2.167999999999983,1.29414977743855
2.1699999999999826,1.293979301905663
2.1719999999999824,1.2938087241040126
2.173999999999982,1.2936380484561285
2.175999999999982,1.293467274801203
2.1779999999999817,1.2932964016986928
2.1799999999999815,1.2931254312979494
2.1819999999999813,1.29295435867066
2.183999999999981,1.2927831856314376
2.185999999999981,1.2926119151077766
2.1879999999999806,1.292440542078548
2.1899999999999804,1.2922690680894902
2.19199999999998,1.2920974922273891
2.19399999999998,1.2919258130859985
2.1959999999999797,1.291754029443813
2.1979999999999795,1.291582144026388
2.1999999999999793,1.2914101560629858
2.201999999999979,1.2912380679242723
2.203999999999979,1.2910658804372817
2.2059999999999786,1.2908936016956114
2.2079999999999784,1.2907212334019658
2.209999999999978,1.290548774933761
2.211999999999978,1.290376228725373
2.2139999999999778,1.2902035934927918
2.2159999999999775,1.2900308672009366
2.2179999999999773,1.289858048062359
2.219999999999977,1.2896851347246798
2.221999999999977,1.2895121298534165
2.2239999999999767,1.2893390325982403
2.2259999999999764,1.2891658413010354
2.227999999999976,1.2889925580981196
2.229999999999976,1.2888191780629243
2.231999999999976,1.2886457030351366
2.2339999999999756,1.2884721323233348
2.2359999999999753,1.2882984683048213
2.237999999999975,1.2881247060459857
2.239999999999975,1.2879508473520422
2.2419999999999747,1.2877768951979895
2.2439999999999745,1.287602844560326
2.2459999999999742,1.287428696996776
2.247999999999974,1.2872544515778024
2.249999999999974,1.2870801069026339
2.2519999999999736,1.2869056617586638
2.2539999999999734,1.2867311189099353
2.255999999999973,1.2865564776123508
2.257999999999973,1.2863817363306242
2.2599999999999727,1.2862068936938518
2.2619999999999725,1.2860319523572743
2.2639999999999723,1.2858569115191534
2.265999999999972,1.2856817696461444
2.267999999999972,1.2855065290682013
2.2699999999999716,1.2853311887096153
2.2719999999999714,1.2851557468431678
2.273999999999971,1.2849802020112906
2.275999999999971,1.2848045531909904
2.2779999999999707,1.28462880338398
2.2799999999999705,1.2844529520473105
2.2819999999999703,1.2842770027222385
2.28399999999997,1.2841009592440966
2.28599999999997,1.2839248286389966
2.2879999999999696,1.2837486119418662
2.2899999999999694,1.2835723082137516
2.291999999999969,1.2833959197942406
2.293999999999969,1.2832194453724028
2.2959999999999687,1.2830428792316992
2.2979999999999685,1.282866227056692
2.2999999999999683,1.2826894846964778
2.301999999999968,1.28251265384659
2.303999999999968,1.2823357334331875
2.3059999999999676,1.2821587218382824
2.3079999999999674,1.2819816176468848
2.309999999999967,1.2818044234709944
2.311999999999967,1.2816272147677301
2.3139999999999668,1.2814500066922911
2.3159999999999665,1.2812727438985478
2.3179999999999663,1.281095399607137
2.319999999999966,1.2809179622537505
2.321999999999966,1.2807404312022301
2.3239999999999656,1.2805628014614159
2.3259999999999654,1.2803850755714934
2.327999999999965,1.2802072572268177
2.329999999999965,1.280029341940955
2.3319999999999648,1.2798513316124451
2.3339999999999645,1.279673225524264
2.3359999999999643,1.2794950223979729
2.337999999999964,1.2793167247670576
2.339999999999964,1.2791383316977138
2.3419999999999637,1.2789598415645176
2.3439999999999634,1.2787812529532676
2.3459999999999632,1.2786025685407973
2.347999999999963,1.2784237875911746
2.349999999999963,1.2782449085994065
2.3519999999999626,1.2780659302306232
2.3539999999999623,1.2778868551962055
2.355999999999962,1.2777076790846764
2.357999999999962,1.2775284078504348
2.3599999999999617,1.277349037380072
2.3619999999999615,1.2771695705436026
2.3639999999999612,1.2769900090239017
2.365999999999961,1.2768103622739915
2.367999999999961,1.2766306273820487
2.3699999999999606,1.2764508026158143
2.3719999999999604,1.2762708906215199
2.37399999999996,1.2760908906448254
2.37599999999996,1.2759108048252747
2.3779999999999597,1.2757306279762972
2.3799999999999595,1.275550361740901
2.3819999999999593,1.2753700053092643
2.383999999999959,1.2751895573611836
2.385999999999959,1.2750090204163491
2.3879999999999586,1.2748283898149124
2.3899999999999584,1.2746476676373295
2.391999999999958,1.2744668538222779
2.393999999999958,1.2742859523637302
2.3959999999999577,1.2741049628280157
2.3979999999999575,1.2739238835420184
2.3999999999999573,1.2737427128900989
2.401999999999957,1.273561449642426
2.403999999999957,1.273380096626297
2.4059999999999566,1.2731986531357105
2.4079999999999564,1.2730171176466574
2.409999999999956,1.2728354887667543
2.411999999999956,1.2726537691569357
2.4139999999999557,1.2724719580228254
2.4159999999999555,1.2722900538167514
2.4179999999999553,1.2721080551517019
2.419999999999955,1.271925964708041
2.421999999999955,1.2717437779960759
2.4239999999999546,1.2715614972547642
2.4259999999999544,1.2713791257961617
2.427999999999954,1.2711966587870134
2.429999999999954,1.2710140979789464
2.4319999999999538,1.2708314425931773
2.4339999999999535,1.2706486950568237
2.4359999999999533,1.2704658504719128
2.437999999999953,1.2702829107786955
2.439999999999953,1.2700998754071693
2.4419999999999527,1.2699167435960674
2.4439999999999524,1.2697335227018767
2.445999999999952,1.2695502158429404
2.447999999999952,1.2693668228751702
2.4499999999999518,1.2691833427416972
2.4519999999999516,1.2689997780906914
2.4539999999999513,1.2688161242720992
2.455999999999951,1.2686323833495685
2.457999999999951,1.2684485584762188
2.4599999999999507,1.2682646446513361
2.4619999999999505,1.268080643495814
2.4639999999999502,1.2678965541117813
2.46599999999995,1.2677123751032648
2.46799999999995,1.2675281052596257
2.4699999999999496,1.2673437474065419
2.4719999999999493,1.2671593008271782
2.473999999999949,1.2669747639905091
2.475999999999949,1.2667901355169755
2.4779999999999487,1.2666054181180733
2.4799999999999485,1.266420611015037
2.4819999999999482,1.2662357126587753
2.483999999999948,1.2660507216722343
2.485999999999948,1.265865640804596
2.4879999999999476,1.2656804693409627
2.4899999999999474,1.2654952057813016
2.491999999999947,1.2653098487829415
2.493999999999947,1.2651244011159637
2.4959999999999467,1.2649388583254957
2.4979999999999465,1.26475322273674
2.4999999999999463,1.2645674985389592
2.501999999999946,1.2643816819931886
2.503999999999946,1.2641957753143225
2.5059999999999456,1.2640097778599437
2.5079999999999454,1.2638236883499463
2.509999999999945,1.263637509372612
2.511999999999945,1.2634512400059412
2.5139999999999447,1.2632648785987663
2.5159999999999445,1.2630784237190034
2.5179999999999443,1.2628918743547533
2.519999999999944,1.2627052335859414
2.521999999999944,1.2625185009032651
2.5239999999999436,1.2623316765027282
2.5259999999999434,1.2621447675443194
2.527999999999943,1.2619577716089547
2.529999999999943,1.2617706915350746
2.5319999999999427,1.261583530666092
2.5339999999999425,1.261396283917629
2.5359999999999423,1.2612089528194375
2.537999999999942,1.2610215363811683
2.539999999999942,1.2608340331333483
2.5419999999999416,1.2606464418056473
2.5439999999999414,1.2604587652194987
2.545999999999941,1.2602709988817127
2.547999999999941,1.26008314506605
2.5499999999999408,1.2598952071260165
2.5519999999999405,1.2597071801429327
2.5539999999999403,1.259519065846259
2.55599999999994,1.2593308634168772
2.55799999999994,1.2591425715631654
2.5599999999999397,1.2589541929879713
2.5619999999999394,1.258765723058505
2.563999999999939,1.2585771639738004
2.565999999999939,1.258388515303598
2.5679999999999388,1.2581997797434055
2.5699999999999386,1.2580109562264288
2.5719999999999383,1.2578220391656556
2.573999999999938,1.2576330346190254
2.575999999999938,1.257443938668008
2.5779999999999377,1.2572547533381084
2.5799999999999375,1.2570654778453485
2.5819999999999372,1.2568761108348139
2.583999999999937,1.2566866511432786
2.585999999999937,1.2564971017260085
2.5879999999999366,1.2563074619807348
2.5899999999999364,1.2561177304856774
2.591999999999936,1.2559279059658586
2.593999999999936,1.255737991301071
2.5959999999999357,1.2555479858473988
2.5979999999999355,1.255357888162017
2.5999999999999353,1.255167696976705
2.601999999999935,1.2549774151841318
2.603999999999935,1.2547870422326755
2.6059999999999346,1.2545965798661391
2.6079999999999344,1.2544060313207304
2.609999999999934,1.2542154013309348
2.611999999999934,1.2540246859331645
2.6139999999999337,1.2538338874468609
2.6159999999999335,1.253643009119614
2.6179999999999333,1.2534520458423202
2.619999999999933,1.2532609992167176
2.621999999999933,1.253069868309621
2.6239999999999326,1.2528786516867791
2.6259999999999324,1.252687348109477
2.627999999999932,1.2524959604896468
2.629999999999932,1.2523044881596894
2.6319999999999317,1.252112929589316
2.6339999999999315,1.2519212833824982
2.6359999999999313,1.2517295523072447
2.637999999999931,1.2515377355963384
2.639999999999931,1.2513458316796557
2.6419999999999306,1.251153839163159
2.6439999999999304,1.2509617608352541
2.64599999999993,1.2507695959556935
2.64799999999993,1.2505773429845988
2.6499999999999297,1.2503850005564987
2.6519999999999295,1.2501925676901537
2.6539999999999293,1.2500000475431534
2.655999999999929,1.2498074396317
2.657999999999929,1.24961474258014
2.6599999999999286,1.2494219589308337
2.6619999999999284,1.2492290877046142
2.663999999999928,1.2490361272072819
2.665999999999928,1.2488430760349207
2.6679999999999278,1.2486499332581085
2.6699999999999275,1.2484567020932353
2.6719999999999273,1.248263382100247
2.673999999999927,1.2480699719526624
2.675999999999927,1.2478764704256073
2.6779999999999267,1.247682880462077
2.6799999999999264,1.247489201443067
2.681999999999926,1.2472954319356397
2.683999999999926,1.2471015744922116
2.685999999999926,1.246907624345333
2.6879999999999256,1.246713585878576
2.6899999999999253,1.2465194619948001
2.691999999999925,1.2463252568433865
2.693999999999925,1.2461309659707278
2.6959999999999247,1.2459365914557285
2.6979999999999245,1.2457421326971172
2.6999999999999242,1.2455475922828738
2.701999999999924,1.245352965193702
2.703999999999924,1.245158253380637
2.7059999999999236,1.244963456232894
2.7079999999999234,1.244768572750058
2.709999999999923,1.244573606568709
2.711999999999923,1.2443785534517824
2.7139999999999227,1.2441834157768787
2.7159999999999225,1.243988196965784
2.7179999999999223,1.2437928920106505
2.719999999999922,1.2435975026626238
2.721999999999922,1.2434020280989933
2.7239999999999216,1.2432064669772434
2.7259999999999214,1.2430108181394046
2.727999999999921,1.2428150845943091
2.729999999999921,1.242619265725394
2.7319999999999207,1.2424233600593744
2.7339999999999205,1.242227366262142
2.7359999999999203,1.2420312872138153
2.73799999999992,1.241835118380647
2.73999999999992,1.2416388621634853
2.7419999999999196,1.241442522115448
2.7439999999999194,1.2412460933522762
2.745999999999919,1.2410495777573145
2.747999999999919,1.2408529746248655
2.7499999999999187,1.24065628271636
2.7519999999999185,1.2404595048170486
2.7539999999999183,1.2402626401300485
2.755999999999918,1.240065687084373
2.757999999999918,1.2398686443154738
2.7599999999999176,1.2396715186505334
2.7619999999999174,1.2394744439962104
2.763999999999917,1.2392773427893797
2.765999999999917,1.2390801715787274
2.7679999999999167,1.2388829161422727
2.7699999999999165,1.238685572100544
2.7719999999999163,1.2384881439659194
2.773999999999916,1.23829063237861
2.775999999999916,1.2380930328336355
2.7779999999999156,1.2378953521295326
2.7799999999999154,1.237697586619086
2.781999999999915,1.2374997384729423
2.783999999999915,1.2373018030872276
2.7859999999999148,1.2371037829480955
2.7879999999999145,1.2369056817039912
2.7899999999999143,1.2367074945492367
2.791999999999914,1.2365092233846138
2.793999999999914,1.236310867494938
2.7959999999999137,1.2361124256168774
2.7979999999999134,1.2359139004925175
2.7999999999999132,1.2357152874439594
2.801999999999913,1.2355165887571584
2.803999999999913,1.2353178079241331
2.8059999999999126,1.235118940038973
2.8079999999999123,1.2349199869742018
2.809999999999912,1.2347209483878991
2.811999999999912,1.2345218236934068
2.8139999999999117,1.2343226120976876
2.8159999999999115,1.234123316767156
2.8179999999999112,1.2339239371557251
2.819999999999911,1.233724471817241
2.821999999999911,1.233524919434651
2.8239999999999106,1.2333252829200767
2.8259999999999104,1.23312556161626
2.82799999999991,1.2329257540550422
2.82999999999991,1.2327258589250227
2.8319999999999097,1.232525879197075
2.8339999999999095,1.2323258104286918
2.8359999999999093,1.2321256551001996
2.837999999999909,1.2319254168540905
2.839999999999909,1.231725090860297
2.8419999999999086,1.2315246790632512
2.8439999999999084,1.231324180814406
2.845999999999908,1.2311235949235448
2.847999999999908,1.2309229242450797
2.8499999999999077,1.230722168041052
2.8519999999999075,1.2305213222971159
2.8539999999999073,1.2303203960116196
2.855999999999907,1.2301193864817506
2.857999999999907,1.2299182962099864
2.8599999999999066,1.229717124476241
2.8619999999999064,1.229515869830642
2.863999999999906,1.229314530983633
2.865999999999906,1.2291131108818403
2.8679999999999057,1.2289116088634267
2.8699999999999055,1.2287100234280541
2.8719999999999053,1.2285083532257524
2.873999999999905,1.2283066011700658
2.875999999999905,1.2281047665951499
2.8779999999999046,1.227902848007858
2.8799999999999044,1.227700844077278
2.881999999999904,1.2274987538704911
2.883999999999904,1.2272965807552283
2.8859999999999038,1.2270943243907775
2.8879999999999035,1.2268919834766585
2.8899999999999033,1.2266895606835442
2.891999999999903,1.226487055102858
2.893999999999903,1.226284465080134
2.8959999999999027,1.2260817892086435
2.8979999999999024,1.225879026557772
2.899999999999902,1.2256761804915717
2.901999999999902,1.2254732506757187
2.9039999999999018,1.2252702358363725
2.9059999999999016,1.225067134798129
2.9079999999999013,1.2248639506605126
2.909999999999901,1.2246606833633635
2.911999999999901,1.2244573319574426
2.9139999999999007,1.2242538953536215
2.9159999999999004,1.2240503693278542
2.9179999999999002,1.22384676916636
2.9199999999999,1.223643086849992
2.9219999999999,1.223439318745186
2.9239999999998996,1.2232354634379135
2.9259999999998993,1.2230315244182168
2.927999999999899,1.2228275016185728
2.929999999999899,1.2226233940104287
2.9319999999998987,1.222419204504834
2.9339999999998985,1.2222149337283759
2.9359999999998982,1.2220105822576355
2.937999999999898,1.2218061495850372
2.939999999999898,1.2216016349806016
2.9419999999998976,1.2213970417333424
2.9439999999998974,1.2211923693502467
2.945999999999897,1.2209876163996098
2.947999999999897,1.2207827815652836
2.9499999999998967,1.220577867820874
2.9519999999998965,1.2203728745305031
2.9539999999998963,1.2201678002218306
2.955999999999896,1.219962643581457
2.957999999999896,1.2197574036947252
2.9599999999998956,1.2195520839195266
2.9619999999998954,1.2193466839056337
2.963999999999895,1.2191412024160422
2.965999999999895,1.2189356422348776
2.9679999999998947,1.218730002513289
2.9699999999998945,1.2185242777087393
2.9719999999998943,1.2183184743481363
2.973999999999894,1.2181125886328843
2.975999999999894,1.2179066228679123
2.9779999999998936,1.2177005725199375
2.9799999999998934,1.2174944403354897
2.981999999999893,1.2172882302932508
2.983999999999893,1.217081937727656
2.9859999999998927,1.2168755648035665
2.9879999999998925,1.2166691110310692
2.9899999999998923,1.2164625753414822
2.991999999999892,1.2162559608078787
2.993999999999892,1.2160492669198069
2.9959999999998916,1.2158424923132802
2.9979999999998914,1.2156356357941505
2.999999999999891,1.215428696579213
3.001999999999891,1.2152216782008436
3.0039999999998908,1.2150145804662842
3.0059999999998905,1.2148074023844755
3.0079999999998903,1.2146001434124254
3.00999999999989,1.214392807051812
3.01199999999989,1.2141853929781687
3.0139999999998897,1.2139779000791673
3.0159999999998894,1.213770329047986
3.017999999999889,1.2135626805058548
3.019999999999889,1.2133549584361887
3.0219999999998888,1.2131471626632866
3.0239999999998886,1.2129392919074535
3.0259999999998883,1.212731348914076
3.027999999999888,1.2125233288847692
3.029999999999888,1.212315234228166
3.0319999999998877,1.212107064694197
3.0339999999998875,1.2118988193849998
3.0359999999998872,1.21169050146571
3.037999999999887,1.2114821064154708
3.039999999999887,1.2112736368368036
3.0419999999998866,1.2110650926245823
3.0439999999998864,1.210856476970539
3.045999999999886,1.2106477851712778
3.047999999999886,1.2104390196665573
3.0499999999998857,1.2102301802514597
3.0519999999998855,1.2100212661074652
3.0539999999998853,1.2098122805126261
3.055999999999885,1.2096032230393772
3.057999999999885,1.2093940884475063
3.0599999999998846,1.2091848836555972
3.0619999999998844,1.2089756051248204
3.063999999999884,1.2087662514928221
3.065999999999884,1.2085568264474174
3.0679999999998837,1.2083473301398908
3.0699999999998835,1.2081377618044224
3.0719999999998833,1.2079281247210314
3.073999999999883,1.20771841449704
3.075999999999883,1.2075086339439323
3.0779999999998826,1.2072987832000466
3.0799999999998824,1.207088865735837
3.081999999999882,1.2068788771190948
3.083999999999882,1.2066688200882887
3.0859999999998817,1.2064586947430969
3.0879999999998815,1.2062485005699262
3.0899999999998813,1.2060382371935348
3.091999999999881,1.2058279045937
3.093999999999881,1.2056175070638404
3.0959999999998806,1.2054070463770272
3.0979999999998804,1.2051965231794013
3.09999999999988,1.2049859373320904
3.10199999999988,1.2047752930546587
3.1039999999998797,1.2045645906489544
3.1059999999998795,1.204353825285105
3.1079999999998793,1.204143000218123
3.109999999999879,1.2039321201919848
3.111999999999879,1.2037211811838089
3.1139999999998786,1.2035101860801949
3.1159999999998784,1.2032991310440293
3.117999999999878,1.2030880196796547
3.119999999999878,1.2028768568688377
3.1219999999998778,1.2026656386866472
3.1239999999998775,1.2024543641304224
3.1259999999998773,1.2022430375697375
3.127999999999877,1.2020316599035126
3.129999999999877,1.201820231108191
3.1319999999998767,1.2016087512277835
3.1339999999998764,1.2013972206331436
3.135999999999876,1.2011856440563995
3.137999999999876,1.200974018428235
3.139999999999876,1.2007623478124538
3.1419999999998756,1.2005506334893605
3.1439999999998753,1.2003388760408225
3.145999999999875,1.2001270801629491
3.147999999999875,1.199915242797845
3.1499999999998747,1.199703368155527
3.1519999999998745,1.1994914537537698
3.1539999999998742,1.1992795046331033
3.155999999999874,1.1990676632702382
3.157999999999874,1.1988558586966704
3.1599999999998736,1.1986440460513297
3.1619999999998734,1.1984322121726985
3.163999999999873,1.1982203530965267
3.165999999999873,1.1980084692929946
3.1679999999998727,1.197796563151182
3.1699999999998725,1.1975846377891826
3.1719999999998723,1.1973726966282117
3.173999999999872,1.1971607483034326
3.175999999999872,1.1969487934952558
3.1779999999998716,1.196736839097826
3.1799999999998714,1.196524884885878
3.181999999999871,1.196312937960496
3.183999999999871,1.1961009987349454
3.1859999999998707,1.1958890750881732
3.1879999999998705,1.1956771682481853
3.1899999999998703,1.1954652869370241
3.19199999999987,1.1952534333726954
3.19399999999987,1.1950416175248093
3.1959999999998696,1.1948298466352105
3.1979999999998694,1.1946181233949194
3.199999999999869,1.1944064549987765
3.201999999999869,1.194194854639913
3.2039999999998687,1.1939833284502723
3.2059999999998685,1.1937718862439808
3.2079999999998683,1.1935605397994908
3.209999999999868,1.1933493022603716
3.211999999999868,1.1931381840710804
3.2139999999998676,1.1929272013062924
3.2159999999998674,1.1927163729169572
3.217999999999867,1.1925057199325577
3.219999999999867,1.1922952616018683
3.2219999999998667,1.1920850240462915
3.2239999999998665,1.1918750340842914
3.2259999999998663,1.1916653271479642
3.227999999999866,1.1914559412223786
3.229999999999866,1.1912469253701174
3.2319999999998656,1.191038330595211
3.2339999999998654,1.1908302279301741
3.235999999999865,1.1906226985552602
3.237999999999865,1.190415850134218
3.2399999999998648,1.1902098244044932
3.2419999999998645,1.1900048083522292
3.2439999999998643,1.1898010624409625
3.245999999999864,1.1895989821311126
3.247999999999864,1.1893992174265473
3.2499999999998637,1.1892030201909487
3.2519999999998634,1.1890139949421012
3.2539999999998632,0.8909942732208551
3.255999999999863,0.7470862058414898
3.257999999999863,0.6815370626285777
3.2599999999998626,0.6538556303432808
3.2619999999998623,0.6434613598764999
3.263999999999862,0.6403685230264835
3.265999999999862,0.6399812019789363
3.2679999999998617,0.6403268236491695
3.2699999999998615,0.6406560767258205
3.2719999999998612,0.6407469851256784
3.273999999999861,0.6405835662101524
3.275999999999861,0.6402170499067462
3.2779999999998606,0.6397075665416507
3.2799999999998604,0.6391047471540234
3.28199999999986,0.6384442015673205
3.28399999999986,0.637749527992999
3.2859999999998597,0.6370355444977194
3.2879999999998595,0.6363111826834673
3.2899999999998593,0.6355816446456196
3.291999999999859,0.6348498698980453
3.293999999999859,0.6341174733451713
3.2959999999998586,0.6333853155527189
3.2979999999998584,0.6326538422156199
3.299999999999858,0.6319232750294999
3.301999999999858,0.631193718696076
3.3039999999998577,0.6304652198190439
3.3059999999998575,0.6297377987335241
3.3079999999998573,0.6290114597416134
3.309999999999857,0.6282862025950771
3.311999999999857,0.6275620236183755
3.3139999999998566,0.6268389217654435
3.3159999999998564,0.6261168932475749
3.317999999999856,0.6253959354763001
3.319999999999856,0.6246760463432772
3.3219999999998557,0.6239572239013518
3.3239999999998555,0.6232394645663477
3.3259999999998553,0.6225227679226175
3.327999999999855,0.6218071308397709
3.329999999999855,0.6210925512669249
3.3319999999998546,0.6203790274895767
3.3339999999998544,0.6196665578339536
3.335999999999854,0.6189551388960096
3.337999999999854,0.6182447703889986
3.3399999999998538,0.6175354492664388
3.3419999999998535,0.6168271735395403
3.3439999999998533,0.6161199415426057
3.345999999999853,0.6154137516424774
3.347999999999853,0.6147086004656986
3.3499999999998527,0.6140044877614166
3.3519999999998524,0.6133014105105548
3.353999999999852,0.6125993684339766
3.355999999999852,0.6118983583728081
3.3579999999998518,0.6111983782254513
3.3599999999998515,0.610499426245065
3.3619999999998513,0.609801500751889
3.363999999999851,0.6091045983470704
3.365999999999851,0.6084087187854557
3.3679999999998507,0.6077138577780785
3.3699999999998504,0.607020015783819
3.3719999999998502,0.6063271921408362
3.37399999999985,0.6056353834446002
3.37599999999985,0.6049445874543997
3.3779999999998496,0.6042548023543357
3.3799999999998493,0.6035660264396139
3.381999999999849,0.6028782563054886
3.383999999999849,0.6021914917288439
3.3859999999998487,0.6015057314167734
3.3879999999998485,0.6008209719294422
3.3899999999998482,0.6001372111899462
3.391999999999848,0.5994544492757687
3.393999999999848,0.5987726831210307
3.3959999999998476,0.5980919106439965
3.3979999999998474,0.5974121301079874
3.399999999999847,0.5967333398546357
3.401999999999847,0.5960555382066786
3.4039999999998467,0.5953787234428712
3.4059999999998465,0.5947028938001955
3.4079999999998463,0.5940280474839115
3.409999999999846,0.5933541826779614
3.411999999999846,0.5926812958481666
3.4139999999998456,0.5920093866955314
3.4159999999998454,0.5913384538867594
3.417999999999845,0.5906684939591227
3.419999999999845,0.5899995065499197
3.4219999999998447,0.589331488525485
3.4239999999998445,0.5886644395907586
3.4259999999998443,0.5879983565841763
3.427999999999844,0.5873332391628016
3.429999999999844,0.5866690841196146
3.4319999999998436,0.586005889367301
3.4339999999998434,0.5853436549317227
3.435999999999843,0.5846823776793115
3.437999999999843,0.5840220554930109
3.4399999999998427,0.5833626883471914
3.4419999999998425,0.5827042730583548
3.4439999999998423,0.582046807473011
3.445999999999842,0.5813902898263644
3.447999999999842,0.5807347201833915
3.4499999999998416,0.5800800953489909
3.4519999999998414,0.5794264131317979
3.453999999999841,0.5787736734507699
3.455999999999841,0.5781218730786439
3.4579999999998408,0.5774710098355191
3.4599999999998405,0.5768210836654462
3.4619999999998403,0.5761720913626952
3.46399999999984,0.5755240307647774
3.46599999999984,0.5748769018308696
3.4679999999998397,0.5742307013635957
3.4699999999998394,0.5735854289319398
3.471999999999839,0.5729410812257896
3.473999999999839,0.5722976578114628
3.4759999999998388,0.5716551571360531
3.4779999999998386,0.571013575523933
3.4799999999998383,0.5703729124865673
3.481999999999838,0.5697331665220072
3.483999999999838,0.5690943340252979
3.4859999999998377,0.5684564145738288
3.4879999999998375,0.5678194067101577
3.4899999999998372,0.5671833085892037
3.491999999999837,0.5665481182575015
3.493999999999837,0.5659138337482367
3.4959999999998366,0.5652804531325246
3.4979999999998364,0.5646479762454225
3.499999999999836,0.5640163996646193
3.501999999999836,0.5633857210207598
3.5039999999998357,0.5627559401150796
3.5059999999998355,0.5621270536207514
3.5079999999998353,0.5614990610153727
3.509999999999835,0.5608719606421355
3.511999999999835,0.5602457504553886
3.5139999999998346,0.5596204265950835
3.5159999999998344,0.5589959902520871
3.517999999999834,0.5583724383558646
3.519999999999834,0.5577497684956221
3.5219999999998337,0.5571279785749059
3.5239999999998335,0.556507068372891
3.5259999999998333,0.5558870344412034
3.527999999999833,0.5552678761151805
3.529999999999833,0.5546495916065217
3.5319999999998326,0.5540321787517989
3.5339999999998324,0.5534156359999693
3.535999999999832,0.5527999605296502
3.537999999999832,0.5521851500052377
3.5399999999998317,0.5515712040516828
3.5419999999998315,0.5509581191114044
3.5439999999998313,0.5503458944237918
3.545999999999831,0.5497345281129102
3.547999999999831,0.5491240179282764
3.5499999999998306,0.5485143632788492
3.5519999999998304,0.5479055603334004
3.55399999999983,0.5472976080722222
3.55599999999983,0.5466905029689428
3.5579999999998297,0.5460842438774316
3.5599999999998295,0.5454788287633163
3.5619999999998293,0.5448742570207386
3.563999999999829,0.5442705247238809
3.565999999999829,0.5436676307164996
3.5679999999998286,0.5430655727700415
3.5699999999998284,0.5424643483221128
3.571999999999828,0.5418639547712828
3.573999999999828,0.541264389570357
3.5759999999998278,0.5406656519562415
3.5779999999998275,0.5400677396880789
3.5799999999998273,0.5394706500424262
3.581999999999827,0.5388743819243541
3.583999999999827,0.5382789310845357
3.5859999999998267,0.5376842960015518
3.5879999999998264,0.5370904741679645
3.589999999999826,0.536497464449484
3.591999999999826,0.5359052624515825
3.593999999999826,0.535313866525629
3.5959999999998256,0.5347232739849801
3.5979999999998253,0.5341334835142821
3.599999999999825,0.5335444902252172
3.601999999999825,0.5329562927038856
3.6039999999998247,0.53236888978827
3.6059999999998245,0.5317822768097881
3.6079999999998242,0.5311964517154333
3.609999999999824,0.5306114114221103
3.611999999999824,0.5300271542116561
3.6139999999998236,0.5294436768645846
3.6159999999998234,0.5288609757206079
3.617999999999823,0.5282790487461528
3.619999999999823,0.5276978908827856
3.6219999999998227,0.5271175014344185
3.6239999999998225,0.5265378756240571
3.6259999999998223,0.5259590109608739
3.627999999999822,0.5253809054824354
3.629999999999822,0.5248035554679884
3.6319999999998216,0.5242269566906356
3.6339999999998214,0.5236511049043683
3.635999999999821,0.5230759975921382
3.637999999999821,0.5225016323666222
3.6399999999998207,0.5219280055310416
3.6419999999998205,0.5213551124596608
3.6439999999998203,0.5207829501406004
3.64599999999982,0.5202115143247904
3.64799999999982,0.5196408019979298
3.6499999999998196,0.5190708087889948
3.6519999999998194,0.5185015315142533
3.653999999999819,0.5179329671805535
3.655999999999819,0.517365109582615
3.6579999999998187,0.5167979564762121
3.6599999999998185,0.516231503453721
3.6619999999998183,0.5156657454796122
3.663999999999818,0.5151006788289402
3.665999999999818,0.5145363003656519
3.6679999999998176,0.5139726053154532
3.6699999999998174,0.51340958995144
3.671999999999817,0.5128472507649874
3.673999999999817,0.5122855827507008
3.6759999999998167,0.511724582014275
3.6779999999998165,0.5111642435516681
3.6799999999998163,0.5106045649662072
3.681999999999816,0.510045541581471
3.683999999999816,0.5094871681534221
3.6859999999998156,0.5089294408805962
3.6879999999998154,0.5083723564070203
3.689999999999815,0.5078159114338814
3.691999999999815,0.5072601026053626
3.6939999999998148,0.5067049252306682
3.6959999999998145,0.5061503757553528
3.6979999999998143,0.5055964510439064
3.699999999999814,0.5050431481167046
3.701999999999814,0.5044904628325094
3.7039999999998137,0.503938393423249
3.7059999999998134,0.5033869363167257
3.7079999999998132,0.5028360888459786
3.709999999999813,0.5022858487548009
3.711999999999813,0.5017362126346092
3.7139999999998126,0.5011871801249048
3.7159999999998123,0.5006387486500505
3.717999999999812,0.5000909176882451
3.719999999999812,0.49954368528724125
3.7219999999998117,0.4989970502937616
3.7239999999998115,0.4984510120820244
3.7259999999998112,0.49790556889626875
3.727999999999811,0.4973607219884063
3.729999999999811,0.4968164720323891
3.7319999999998106,0.496272818608777
3.7339999999998104,0.4957297623124106
3.73599999999981,0.49518730524763255
3.73799999999981,0.4946454480272609
3.7399999999998097,0.4941041920661675
3.7419999999998095,0.49356353831642036
3.7439999999998093,0.4930234897746079
3.745999999999809,0.49248404823353964
3.747999999999809,0.49194521716212786
3.7499999999998086,0.4914069987248155
3.7519999999998084,0.490869394946007
3.753999999999808,0.49033240984417387
3.755999999999808,0.4897960462530161
3.7579999999998077,0.4892603085223534
3.7599999999998075,0.48872519966806716
3.7619999999998073,0.48819072244820205
3.763999999999807,0.48765688058347784
3.765999999999807,0.4871236789289025
3.7679999999998066,0.4865911200386769
3.7699999999998064,0.4860592083847205
3.771999999999806,0.48552794727203075
3.773999999999806,0.4849973396882924
3.7759999999998057,0.48446739018912377
3.7779999999998055,0.48393810119627795
3.7799999999998053,0.4834094769610365
3.781999999999805,0.4828815204872167
3.783999999999805,0.4823542351196986
3.7859999999998046,0.4818276233938969
3.7879999999998044,0.4813016875766911
3.789999999999804,0.48077643137888504
3.791999999999804,0.48025185633615003
3.7939999999998038,0.47972796488874603
3.7959999999998035,0.47920475961126585
3.7979999999998033,0.47868224212937216
3.799999999999803,0.47816041446477175
3.801999999999803,0.4776071188205215
3.8039999999998027,0.4770498553705829
3.8059999999998024,0.47649813623185033
3.807999999999802,0.4759539420380354
3.809999999999802,0.47541650633969795
3.8119999999998018,0.47488436277039664
3.8139999999998015,0.4743561243832305
3.8159999999998013,0.47383071019360995
3.817999999999801,0.4733073536187205
3.819999999999801,0.47278554142631335
3.8219999999998007,0.47226494307925754
3.8239999999998004,0.4717453518522396
3.8259999999998002,0.4712266410942072
3.8279999999998,0.4707087348459565
3.8299999999998,0.47019158786521564
3.8319999999997996,0.46967517352527477
3.8339999999997993,0.4691594762790833
3.835999999999799,0.46864448684896987
3.837999999999799,0.46813019967604685
3.8399999999997987,0.46761661115628345
3.8419999999997985,0.46710371881322543
3.8439999999997982,0.4665915209100562
3.845999999999798,0.46608001596959414
3.847999999999798,0.46556920268474655
3.8499999999997976,0.465059079946088
3.8519999999997974,0.4645496467146005
3.853999999999797,0.46404090177753216
3.855999999999797,0.4635328440945902
3.8579999999997967,0.46302547267341326
3.8599999999997965,0.46251878642719046
3.8619999999997963,0.46201278425230197
3.863999999999796,0.46150746514087526
3.865999999999796,0.46100282801840836
3.8679999999997956,0.46049887188251776
3.8699999999997954,0.459995595661635
3.871999999999795,0.45949299826858325
3.873999999999795,0.4589910787037081
3.8759999999997947,0.45848983598851917
3.8779999999997945,0.4579892689775969
3.8799999999997943,0.45748937673762663
3.881999999999794,0.45699015814249955
3.883999999999794,0.4564916121882019
3.8859999999997936,0.45599373789833203
3.8879999999997934,0.4554965342238991
3.889999999999793,0.4550000000973083
3.891999999999793,0.4545041345268295
3.8939999999997927,0.4540089364741199
3.8959999999997925,0.4535144049548294
3.8979999999997923,0.45302053892753363
3.899999999999792,0.4525273374108978
3.901999999999792,0.4520347993646405
3.9039999999997916,0.45154292374078747
3.9059999999997914,0.4510517095648412
3.907999999999791,0.45056115580782574
3.909999999999791,0.4500712614985398
3.9119999999997908,0.4495820256155534
3.9139999999997905,0.4490934471889281
3.9159999999997903,0.4486055251916867
3.91799999999979,0.4481182586524979
3.91999999999979,0.4476316465506203
3.9219999999997897,0.44714568791667075
3.9239999999997894,0.44666038173340006
3.925999999999789,0.4461757269745729
3.927999999999789,0.4456917226798855
3.9299999999997888,0.44520836790077406
3.9319999999997886,0.44472566157750726
3.9339999999997883,0.44424360279284386
3.935999999999788,0.44376219055346106
3.937999999999788,0.44328142385219993
3.9399999999997877,0.4428013017270629
3.9419999999997875,0.44232182318139435
3.9439999999997872,0.4418429872653067
3.945999999999787,0.44136479298386366
3.947999999999787,0.44088723938637675
3.9499999999997866,0.4404103254812105
3.9519999999997864,0.43993405027631294
3.953999999999786,0.43945841287080106
3.955999999999786,0.4389834122442289
3.9579999999997857,0.43850904744376096
3.9599999999997855,0.438035317534079
3.9619999999997852,0.4375622215334075
3.963999999999785,0.4370897584575629
3.965999999999785,0.4366179273677844
3.9679999999997846,0.43614672733503657
3.9699999999997844,0.4356761573871033
3.971999999999784,0.43520621658274183
3.973999999999784,0.43473690395083203
3.9759999999997837,0.43426821851615044
3.9779999999997835,0.43380015934662186
3.9799999999997833,0.43333272551870977
3.981999999999783,0.4328659160711003
3.983999999999783,0.43239973003946497
3.9859999999997826,0.431934166495088
3.9879999999997824,0.43146922451626013
3.989999999999782,0.43100490314879014
3.991999999999782,0.4305412014668063
3.9939999999997817,0.43007811851460687
3.9959999999997815,0.42961565333958984
3.9979999999997813,0.42915380501964795
3.999999999999781,0.4286925726401477
4.001999999999781,0.4282319552578057
4.003999999999781,0.42777195195297
4.005999999999781,0.42731256178129834
4.007999999999781,0.426853783827676
4.00999999999978,0.4263956171556298
4.01199999999978,0.4259380608229769
4.01399999999978,0.4254811139422917
4.01599999999978,0.42502477558525253
4.0179999999997795,0.42456904481534063
4.019999999999779,0.4241139207208379
4.021999999999779,0.4236594023772795
4.023999999999779,0.42320548887494713
4.025999999999779,0.4227521792927368
4.027999999999778,0.42229947272319707
4.029999999999778,0.4218473682648368
4.031999999999778,0.4213958649985625
4.033999999999778,0.4209449620020544
4.0359999999997775,0.4204946583907845
4.037999999999777,0.42004495335088105
4.039999999999777,0.41959584584534704
4.041999999999777,0.4191473348731354
4.043999999999777,0.41869941961955326
4.045999999999776,0.4182520992188999
4.047999999999776,0.41780537278886826
4.049999999999776,0.417359239425556
4.051999999999776,0.4169136982149711
4.053999999999776,0.41646874826399094
4.055999999999775,0.4160243886826586
4.057999999999775,0.4155806185712913
4.059999999999775,0.4151374370292572
4.061999999999775,0.41469484317673994
4.0639999999997745,0.4142528361202775
4.065999999999774,0.4138114149645558
4.067999999999774,0.413370578826291
4.069999999999774,0.4129303268147582
4.071999999999774,0.41249065805014906
4.073999999999773,0.4120515716499627
4.075999999999773,0.4116130667314684
4.077999999999773,0.4111751424154342
4.079999999999773,0.41073779781693126
4.0819999999997725,0.41030103206087415
4.083999999999772,0.40986484427175207
4.085999999999772,0.40942923357101546
4.087999999999772,0.4089941990836278
4.089999999999772,0.4085597399367248
4.091999999999771,0.40812585525861966
4.093999999999771,0.4076925441791528
4.095999999999771,0.4072598058287734
4.097999999999771,0.4068276393403208
4.0999999999997705,0.4063960438457895
4.10199999999977,0.4059650184787339
4.10399999999977,0.40553456237630225
4.10599999999977,0.4051046746745342
4.10799999999977,0.40467535451274433
4.109999999999769,0.4042466010298371
4.111999999999769,0.4038184133654551
4.113999999999769,0.4033907906620029
4.115999999999769,0.40296373206235064
4.1179999999997685,0.4025372367143658
4.119999999999768,0.40211130376012677
4.121999999999768,0.40168593234551975
4.123999999999768,0.4012611216211714
4.125999999999768,0.4008368707343064
4.127999999999767,0.40041317883939426
4.129999999999767,0.3999900450878967
4.131999999999767,0.399567468629601
4.133999999999767,0.39914544862115425
4.1359999999997665,0.39872398421615757
4.137999999999766,0.3983030745771069
4.139999999999766,0.39788271885975945
4.141999999999766,0.39746291621730007
4.143999999999766,0.39704366581687434
4.145999999999765,0.39662496681867165
4.147999999999765,0.3962068183907765
4.149999999999765,0.3957892196946975
4.151999999999765,0.39537216989048296
4.1539999999997645,0.39495566815208916
4.155999999999764,0.39453971364389756
4.157999999999764,0.3941243055307532
4.159999999999764,0.39370944299064187
4.161999999999764,0.39329512519216087
4.1639999999997634,0.39288135131513036
4.165999999999763,0.392468120530704
4.167999999999763,0.3920554320089408
4.169999999999763,0.39164328493370765
4.171999999999763,0.3912316784784994
4.173999999999762,0.39082061183127814
4.175999999999762,0.39041008415609524
4.177999999999762,0.390000094653597
4.179999999999762,0.38959064249019487
4.1819999999997615,0.38918172685802577
4.183999999999761,0.3887733469377197
4.185999999999761,0.38836550192567065
4.187999999999761,0.38795819100653517
4.189999999999761,0.38755141336323096
4.19199999999976,0.38714516819446354
4.19399999999976,0.38673945468882437
4.19599999999976,0.3863342720321895
4.19799999999976,0.3859296194281819
4.1999999999997595,0.3855254960694089
4.201999999999759,0.38512190116429257
4.203999999999759,0.384718833904237
4.205999999999759,0.38431629347914137
4.207999999999759,0.3839142790818535
4.209999999999758,0.38351278992802373
4.211999999999758,0.38311182521602827
4.213999999999758,0.3827113841617889
4.215999999999758,0.3823114659666208
4.2179999999997575,0.3819120698269298
4.219999999999757,0.3815131949634627
4.221999999999757,0.38111484057905215
4.223999999999757,0.38071700587547913
4.225999999999757,0.38031969005749316
4.227999999999756,0.37992289235173615
4.229999999999756,0.37952661199126136
4.231999999999756,0.3791308481648642
4.233999999999756,0.37873560009677254
4.2359999999997555,0.378340866998108
4.237999999999755,0.3779466481029539
4.239999999999755,0.37755294262731504
4.241999999999755,0.37715974978343486
4.243999999999755,0.3767670688079138
4.245999999999754,0.3763748988947838
4.247999999999754,0.3759832393045578
4.249999999999754,0.3755920892396531
4.251999999999754,0.3752014479397737
4.2539999999997535,0.3748113146268908
4.255999999999753,0.37442168854856306
4.257999999999753,0.3740325689035237
4.259999999999753,0.3736439549369336
4.261999999999753,0.3732558459055147
4.263999999999752,0.3728682410127001
4.265999999999752,0.3724811395074104
4.267999999999752,0.3720945406476575
4.269999999999752,0.37170844363970656
4.2719999999997516,0.37132284773491714
4.273999999999751,0.37093775219653546
4.275999999999751,0.37055315623374646
4.277999999999751,0.37016905910254916
4.279999999999751,0.36978546004212387
4.2819999999997505,0.36940235831829565
4.28399999999975,0.36901975314431235
4.28599999999975,0.3686376437807081
4.28799999999975,0.3682560295028195
4.28999999999975,0.36787490952935137
4.291999999999749,0.367494283124257
4.293999999999749,0.36711414956549426
4.295999999999749,0.3667345080708865
4.297999999999749,0.3663553579108082
4.2999999999997485,0.36597669833537283
4.301999999999748,0.36559852859423336
4.303999999999748,0.36522084796825627
4.305999999999748,0.36484365571351435
4.307999999999748,0.36446695108117055
4.309999999999747,0.36409073335240333
4.311999999999747,0.36371500178634575
4.313999999999747,0.36333975563626253
4.315999999999747,0.36296499415870487
4.3179999999997465,0.36259071664249365
4.319999999999746,0.3622169223531455
4.321999999999746,0.36184361055041186
4.323999999999746,0.3614707804960217
4.325999999999746,0.3610984314864175
4.327999999999745,0.36072656279122023
4.329999999999745,0.3603551736749322
4.331999999999745,0.35998426343446377
4.333999999999745,0.35961383130990054
4.3359999999997445,0.35924387662954255
4.337999999999744,0.3588743986402412
4.339999999999744,0.3585053966082757
4.341999999999744,0.3581368698373846
4.343999999999744,0.3577688176095708
4.345999999999743,0.35740123923130374
4.347999999999743,0.3570341339808065
4.349999999999743,0.35666750109942236
4.351999999999743,0.3563013399253466
4.3539999999997425,0.35593564971672437
4.355999999999742,0.35557042978113196
4.357999999999742,0.3552056794051779
4.359999999999742,0.3548413978719288
4.361999999999742,0.3544775844668541
4.363999999999741,0.35411423851037616
4.365999999999741,0.35375135929494883
4.367999999999741,0.35338894610810406
4.369999999999741,0.35302699823813843
4.3719999999997405,0.35266551501042487
4.37399999999974,0.352304495722479
4.37599999999974,0.3519439396647336
4.37799999999974,0.35158384613065674
4.37999999999974,0.35122421445046076
4.381999999999739,0.35086504392547335
4.383999999999739,0.3505063338512936
4.385999999999739,0.3501480835252871
4.387999999999739,0.3497902922826751
4.3899999999997386,0.34943295823165943
4.391999999999738,0.34907608317743505
4.393999999999738,0.3487196654413499
4.395999999999738,0.34836370398298383
4.397999999999738,0.3480081980576867
4.3999999999997375,0.34765314698141175
4.401999999999737,0.34729855008810384
4.403999999999737,0.3469444067482957
4.405999999999737,0.3465907162595569
4.407999999999737,0.3462374779767996
4.409999999999736,0.3458846912275859
4.411999999999736,0.34553235536590504
4.413999999999736,0.34518046967756
4.415999999999736,0.3448290335087402
4.4179999999997355,0.34447804618336314
4.419999999999735,0.34412750702045075
4.421999999999735,0.34377741534136363
4.423999999999735,0.3434277705080342
4.425999999999735,0.343078571117476
4.427999999999734,0.3427298180057449
4.429999999999734,0.34238150990336397
4.431999999999734,0.34203364592871616
4.433999999999734,0.3416862253951076
4.4359999999997335,0.341339247639881
4.437999999999733,0.3409927120050138
4.439999999999733,0.34064661783489764
4.441999999999733,0.3403009645105715
4.443999999999733,0.3399557513402962
4.445999999999732,0.33961097769442977
4.447999999999732,0.33926664291734265
4.449999999999732,0.33892274634871605
4.451999999999732,0.33857928736228754
4.4539999999997315,0.3382362653006571
4.455999999999731,0.3378936794611771
4.457999999999731,0.3375515292181563
4.459999999999731,0.33720981395966704
4.461999999999731,0.3368685329947545
4.46399999999973,0.3365276856971273
4.46599999999973,0.3361872714165106
4.46799999999973,0.33584728949692977
4.46999999999973,0.335507739284746
4.4719999999997295,0.33516862013073184
4.473999999999729,0.3348299314248031
4.475999999999729,0.3344916724863032
4.477999999999729,0.33415384270183324
4.479999999999729,0.3338164414307926
4.481999999999728,0.3334794680649002
4.483999999999728,0.3331429219233137
4.485999999999728,0.3328068023929768
4.487999999999728,0.33247110883437236
4.4899999999997275,0.3321358406049456
4.491999999999727,0.33180099706358357
4.493999999999727,0.3314665775730132
4.495999999999727,0.33113258153573116
4.497999999999727,0.330799008282891
4.499999999999726,0.33046585721126515
4.501999999999726,0.3301331276942179
4.503999999999726,0.32980081909844233
4.505999999999726,0.3294689308285791
4.507999999999726,0.32913746221797885
4.509999999999725,0.32880641266812183
4.511999999999725,0.3284757815543167
4.513999999999725,0.3281455682469149
4.515999999999725,0.32781577211774043
4.5179999999997245,0.32748639254305223
4.519999999999724,0.32715742893919847
4.521999999999724,0.32682888064979276
4.523999999999724,0.32650074708593635
4.525999999999724,0.32617302763110734
4.527999999999723,0.3258457216655252
4.529999999999723,0.3255188286062835
4.531999999999723,0.3251923477992808
4.533999999999723,0.32486627865766426
4.5359999999997225,0.3245406205329934
4.537999999999722,0.3242153728462791
4.539999999999722,0.3238905349920588
4.541999999999722,0.32356610635753935
4.543999999999722,0.3232420863693256
4.545999999999721,0.3229184736879154
4.547999999999721,0.322595269222757
4.549999999999721,0.3222724717169993
4.551999999999721,0.32195008039284656
4.5539999999997205,0.3216280946052558
4.55599999999972,0.3213065137929446
4.55799999999972,0.3209853373334371
4.55999999999972,0.3206645646330542
4.56199999999972,0.3203441951421764
4.563999999999719,0.32002422827395355
4.565999999999719,0.3197046633931337
4.567999999999719,0.3193854999389627
4.569999999999719,0.3190667373627949
4.5719999999997185,0.3187483750309535
4.573999999999718,0.3184304123405193
4.575999999999718,0.31811284873500767
4.577999999999718,0.3177956835899119
4.579999999999718,0.31747891634652425
4.581999999999717,0.31716254641951186
4.583999999999717,0.31684657321761395
4.585999999999717,0.31653101361473684
4.587999999999717,0.3162158838391
4.5899999999997165,0.3159011653769373
4.591999999999716,0.3155868487314993
4.593999999999716,0.31527292902569143
4.595999999999716,0.314959403701636
4.597999999999716,0.3146462713121595
4.599999999999715,0.31433353091662175
4.601999999999715,0.31402118184156846
4.603999999999715,0.3137092234334708
4.605999999999715,0.3133976551405342
4.6079999999997145,0.3130864760014201
4.609999999999714,0.31277568586019966
4.611999999999714,0.31246528461598944
4.613999999999714,0.31215527129438003
4.615999999999714,0.311845645197733
4.6179999999997134,0.31153640573338937
4.619999999999713,0.3112275523797746
4.621999999999713,0.31091908454932327
4.623999999999713,0.3106110017158602
4.625999999999713,0.3103033033234851
4.627999999999712,0.3099959887721543
4.629999999999712,0.3096890575318706
4.631999999999712,0.3093825090477949
4.633999999999712,0.30907634275701557
4.6359999999997115,0.30877055813271376
4.637999999999711,0.3084651545767917
4.639999999999711,0.30816013152007365
4.641999999999711,0.3078554884409009
4.643999999999711,0.3075512247850517
4.64599999999971,0.30724733995462034
4.64799999999971,0.30694383342505993
4.64999999999971,0.3066407046462381
4.65199999999971,0.30633795306248385
4.6539999999997095,0.3060355781179654
4.655999999999709,0.30573357926041994
4.657999999999709,0.3054319559380892
4.659999999999709,0.3051307076001623
4.661999999999709,0.30482983373500877
4.663999999999708,0.3045293337610171
4.665999999999708,0.30422920715836854
4.667999999999708,0.3039294533470256
4.669999999999708,0.3036300718116884
4.6719999999997075,0.30333106201263943
4.673999999999707,0.30303242340279185
4.675999999999707,0.30273415543655546
4.677999999999707,0.3024362575687898
4.679999999999707,0.302138729258681
4.681999999999706,0.30184156996628925
4.683999999999706,0.30154477915386146
4.685999999999706,0.3012483562846733
4.687999999999706,0.30095230085802865
4.6899999999997055,0.30065661230486174
4.691999999999705,0.3003612901163709
4.693999999999705,0.3000663337260394
4.695999999999705,0.2997717426295444
4.697999999999705,0.29947751629936625
4.699999999999704,0.29918365416542536
4.701999999999704,0.29889015572754246
4.703999999999704,0.29859702046381886
4.705999999999704,0.29830424784309834
4.7079999999997035,0.2980118373355208
4.709999999999703,0.2977197884122914
4.711999999999703,0.2974281005466559
4.713999999999703,0.29713677321358456
4.715999999999703,0.2968458059229735
4.717999999999702,0.29655519811844294
4.719999999999702,0.29626494926986213
4.721999999999702,0.29597505889193826
4.723999999999702,0.29568552643327417
4.7259999999997016,0.2953963514030072
4.727999999999701,0.29510753325153927
4.729999999999701,0.2948190714903258
4.731999999999701,0.29453096557229913
4.733999999999701,0.2942432150122275
4.7359999999997004,0.2939558192991709
4.7379999999997,0.2936687779161984
4.7399999999997,0.2933820903456809
4.7419999999997,0.2930957560381271
4.7439999999997,0.29280977451547185
4.745999999999699,0.2925241452751121
4.747999999999699,0.29223886780652164
4.749999999999699,0.29195394159895643
4.751999999999699,0.2916693661422376
4.7539999999996985,0.2913851409605056
4.755999999999698,0.29110126551515064
4.757999999999698,0.2908177392917214
4.759999999999698,0.29053456178710146
4.761999999999698,0.29025173250049663
4.763999999999697,0.2899692509627557
4.765999999999697,0.2896871166428612
4.767999999999697,0.289405329032336
4.769999999999697,0.28912388766446806
4.7719999999996965,0.28884279201084206
4.773999999999696,0.28856204159972054
4.775999999999696,0.28828163590407446
4.777999999999696,0.2880015744217423
4.779999999999696,0.28772185669218203
4.781999999999695,0.28744248222514474
4.783999999999695,0.28716345048971037
4.785999999999695,0.28688476101846894
4.787999999999695,0.2866064132921294
4.7899999999996945,0.28632840684643
4.791999999999694,0.2860507411955381
4.793999999999694,0.28577341581550664
4.795999999999694,0.2854964302444126
4.797999999999694,0.28521978399729775
4.799999999999693,0.2849434765554045
4.801999999999693,0.28466750745882646
4.803999999999693,0.28439187622743634
4.805999999999693,0.2841165823731653
4.8079999999996925,0.2838416253792358
4.809999999999692,0.28356700478962815
4.811999999999692,0.2832927201278071
4.813999999999692,0.2830187709111892
4.815999999999692,0.2827451566260325
4.817999999999691,0.2824718768194199
4.819999999999691,0.282198931018922
4.821999999999691,0.28192631874366736
4.823999999999691,0.28165403951435186
4.8259999999996905,0.28138209285152055
4.82799999999969,0.28111047824827146
4.82999999999969,0.2808391952578066
4.83199999999969,0.2805682434117913
4.83399999999969,0.2802976222362602
4.835999999999689,0.2800273312551397
4.837999999999689,0.2797573699946795
4.839999999999689,0.2794877379549433
4.841999999999689,0.27921843469211777
4.8439999999996886,0.2789494597431018
4.845999999999688,0.2786808126378519
4.847999999999688,0.27841249290640474
4.849999999999688,0.278144500078806
4.851999999999688,0.2778768336588117
4.8539999999996875,0.27760949320844597
4.855999999999687,0.2773424782696463
4.857999999999687,0.2770757883765378
4.859999999999687,0.2768094230366337
4.861999999999687,0.27654338158278347
4.863999999999686,0.2762776636253374
4.865999999999686,0.27601226938824386
4.867999999999686,0.2757471979499889
4.869999999999686,0.2754824487442682
4.8719999999996855,0.2752180212947172
4.873999999999685,0.2749539151270681
4.875999999999685,0.27469012982477137
4.877999999999685,0.2744266649220955
4.879999999999685,0.2741635199963857
4.881999999999684,0.2739006946012096
4.883999999999684,0.2736381882563892
4.885999999999684,0.27337600053418043
4.887999999999684,0.27311413095942316
4.8899999999996835,0.2728525791033344
4.891999999999683,0.27259134449336037
4.893999999999683,0.2723304266772437
4.895999999999683,0.2720698252323041
4.897999999999683,0.2718095396878915
4.899999999999682,0.2715495696158927
4.901999999999682,0.27128991454679935
4.903999999999682,0.2710305740292652
4.905999999999682,0.270771547620229
4.9079999999996815,0.27051283490115297
4.909999999999681,0.27025443540442234
4.911999999999681,0.2699963486820124
4.913999999999681,0.2697385742918735
4.915999999999681,0.26948111179263834
4.91799999999968,0.26922396074532556
4.91999999999968,0.2689671207087709
4.92199999999968,0.26871059124350694
4.92399999999968,0.2684543719104489
4.9259999999996795,0.26819846227009353
4.927999999999679,0.26794286186235605
4.929999999999679,0.26768757027165857
4.931999999999679,0.2674325870666279
4.933999999999679,0.26717791181016914
4.935999999999678,0.26692354404382823
4.937999999999678,0.26666948335350826
4.939999999999678,0.26641572928698454
4.941999999999678,0.26616228143279086
4.9439999999996775,0.2659091393397576
4.945999999999677,0.26565630259536094
4.947999999999677,0.26540377074997296
4.949999999999677,0.2651515433712059
4.951999999999677,0.2648996200521737
4.953999999999676,0.2646480003454349
4.955999999999676,0.2643966838195072
4.957999999999676,0.2641456700485655
4.959999999999676,0.2638949586075617
4.961999999999676,0.26364454907279694
4.963999999999675,0.26339444101973
4.965999999999675,0.2631446340226426
4.967999999999675,0.26289512765849876
4.969999999999675,0.26264592148436067
4.9719999999996745,0.2623970150969476
4.973999999999674,0.2621484080782382
4.975999999999674,0.2619000999869534
4.977999999999674,0.2616520904210244
4.979999999999674,0.26140437894536256
4.981999999999673,0.261156965140046
4.983999999999673,0.260909848605475
4.985999999999673,0.26066302890910126
4.987999999999673,0.2604165056314204
4.9899999999996725,0.2601702783566717
4.991999999999672,0.2599243466710932
4.993999999999672,0.2596787101608935
4.995999999999672,0.25943336841136244
4.997999999999672,0.25918832100908196
4.999999999999671,0.25894356754162684
5.001999999999671,0.2586991075801553
5.003999999999671,0.2584549407289732
5.005999999999671,0.25821106656439236
5.0079999999996705,0.2579674846909595
5.00999999999967,0.25772419468708696
5.01199999999967,0.2574811961409802
5.01399999999967,0.25723848866161697
5.01599999999967,0.25699607182793366
5.017999999999669,0.25675394523018735
5.019999999999669,0.256512108462929
5.021999999999669,0.2562705611215882
5.023999999999669,0.2560293027885112
5.0259999999996685,0.25578833307413107
5.027999999999668,0.25554765157667514
5.029999999999668,0.2553072578799763
5.031999999999668,0.2550671515936737
5.033999999999668,0.2548273323051333
5.035999999999667,0.25458779961176925
5.037999999999667,0.2543485531159743
5.039999999999667,0.2541095924311043
5.041999999999667,0.2538709171460646
5.0439999999996665,0.25363252685938775
5.045999999999666,0.25339442116189415
5.047999999999666,0.2531565996692853
5.049999999999666,0.25291906198764846
5.051999999999666,0.2526818077104368
5.053999999999665,0.25244483645233146
5.055999999999665,0.25220814780900663
5.057999999999665,0.2519717413856167
5.059999999999665,0.2517356167913872
5.0619999999996645,0.251499773643185
5.063999999999664,0.25126421154082373
5.065999999999664,0.25102893007966515
5.067999999999664,0.2507939288790013
5.069999999999664,0.25055920754997646
5.0719999999996634,0.2503247656957868
5.073999999999663,0.25009060293637786
5.075999999999663,0.2498567188741111
5.077999999999663,0.24962311312207
5.079999999999663,0.2493897853007112
5.081999999999662,0.24915673501702784
5.083999999999662,0.24892396188287863
5.085999999999662,0.2486914655070188
5.087999999999662,0.24845924551145254
5.0899999999996615,0.2482273015147702
5.091999999999661,0.24799563312594308
5.093999999999661,0.24776423996804048
5.095999999999661,0.2475331216533439
5.097999999999661,0.24730227779965883
5.09999999999966,0.24707170802635192
5.10199999999966,0.2468414119541814
5.10399999999966,0.24661138920244013
5.10599999999966,0.2463816393920859
5.1079999999996595,0.24615216213961522
5.109999999999659,0.24592295707150869
5.111999999999659,0.24569402380628058
5.113999999999659,0.24546536196690438
5.115999999999659,0.2452369711777044
5.117999999999658,0.24500885106304468
5.119999999999658,0.2447810012488527
5.121999999999658,0.24455342135997757
5.123999999999658,0.2443261110209239
5.1259999999996575,0.2440990698561377
5.127999999999657,0.24387229749318376
5.129999999999657,0.24364579356245702
5.131999999999657,0.24341955768989165
5.133999999999657,0.24319358950400494
5.135999999999656,0.24296788863473573
5.137999999999656,0.24274245470928654
5.139999999999656,0.24251728736118414
5.141999999999656,0.24229238622222193
5.1439999999996555,0.24206775092187982
5.145999999999655,0.24184338109266834
5.147999999999655,0.24161927636818614
5.149999999999655,0.24139543638040534
5.151999999999655,0.24117186076448124
5.153999999999654,0.2409485491549132
5.155999999999654,0.24072550118670732
5.157999999999654,0.24050271649500027
5.159999999999654,0.24028019471652012
5.1619999999996535,0.240057935487861
5.163999999999653,0.2398359384474369
5.165999999999653,0.23961420323209992
5.167999999999653,0.23939272948036594
5.169999999999653,0.2391715168325943
5.171999999999652,0.2389505649269973
5.173999999999652,0.23872987340535445
5.175999999999652,0.23850944190839113
5.177999999999652,0.23828927007680104
5.1799999999996515,0.2380693575520471
5.181999999999651,0.2378497039762799
5.183999999999651,0.23763030899636134
5.185999999999651,0.23741117225081643
5.187999999999651,0.2371922933872082
5.1899999999996504,0.23697367205045747
5.19199999999965,0.23675530788488994
5.19399999999965,0.23653720053665428
5.19599999999965,0.23631934965093765
5.19799999999965,0.23610175487869745
5.199999999999649,0.23588441586215825
5.201999999999649,0.23566733225334544
5.203999999999649,0.2354505037010292
5.205999999999649,0.2352339298530517
5.2079999999996485,0.23501761035810667
5.209999999999648,0.2348015448658393
5.211999999999648,0.2345857330330373
5.213999999999648,0.23437017451176378
5.215999999999648,0.23415486895105309
5.217999999999647,0.2339398160012066
5.219999999999647,0.23372501531428982
5.221999999999647,0.2335104665431751
5.223999999999647,0.2332961693410317
5.2259999999996465,0.23308212337030243
5.227999999999646,0.23286832828683865
5.229999999999646,0.23265478374418253
5.231999999999646,0.23244148939481735
5.233999999999646,0.23222844489472466
5.235999999999645,0.23201564991112283
5.237999999999645,0.23180310408925442
5.239999999999645,0.23159080709571417
5.241999999999645,0.23137875858852458
5.2439999999996445,0.23116695822670386
5.245999999999644,0.2309554056791212
5.247999999999644,0.2307441005928531
5.249999999999644,0.23053304263663196
5.251999999999644,0.23032223147185138
5.253999999999643,0.23011166674529068
5.255999999999643,0.22990134814243982
5.257999999999643,0.2296912753153981
5.259999999999643,0.22948144792234992
5.2619999999996425,0.22927186564000326
5.263999999999642,0.22906252813329214
5.265999999999642,0.2288534350635271
5.267999999999642,0.22864458609294222
5.269999999999642,0.2284359809015294
5.271999999999641,0.22822761913795722
5.273999999999641,0.22801950047997588
5.275999999999641,0.22781162459599352
5.277999999999641,0.22760399115055258
5.2799999999996405,0.22739659980931431
5.28199999999964,0.2271894502557283
5.28399999999964,0.22698254214198096
5.28599999999964,0.22677587515054975
5.28799999999964,0.22656944895166603
5.289999999999639,0.22636326321315497
5.291999999999639,0.2261573176220451
5.293999999999639,0.2259516118288258
5.295999999999639,0.22574614551998767
5.2979999999996386,0.22554091836758228
5.299999999999638,0.22533593004247426
5.301999999999638,0.22513118021372788
5.303999999999638,0.22492666857491772
5.305999999999638,0.2247223947782619
5.3079999999996375,0.22451835851554233
5.309999999999637,0.22431455946081438
5.311999999999637,0.22411099730895792
5.313999999999637,0.2239076717117967
5.315999999999637,0.22370458236085833
5.317999999999636,0.2235017289325648
5.319999999999636,0.22329911110160444
5.321999999999636,0.22309672854228052
5.323999999999636,0.22289458093084502
5.3259999999996355,0.22269266796897702
5.327999999999635,0.22249098933572578
5.329999999999635,0.2222895447057704
5.331999999999635,0.22208833375613646
5.333999999999635,0.22188735616340705
5.335999999999634,0.22168661163276016
5.337999999999634,0.2214860998459977
5.339999999999634,0.221285820479247
5.341999999999634,0.22108577320881617
5.3439999999996335,0.22088595774268938
5.345999999999633,0.22068637373585664
5.347999999999633,0.2204870208924926
5.349999999999633,0.22028789889755424
5.351999999999633,0.2200890074327399
5.353999999999632,0.21989034620531317
5.355999999999632,0.21969191449828826
5.357999999999632,0.21949371213694796
5.359999999999632,0.21929573932366958
5.3619999999996315,0.21909799582278755
5.363999999999631,0.2189004812140498
5.365999999999631,0.21870319512234784
5.367999999999631,0.2185061371711821
5.369999999999631,0.21830930700475643
5.37199999999963,0.21811270428399088
5.37399999999963,0.21791632871346484
5.37599999999963,0.2177201799757062
5.37799999999963,0.21752425775116638
5.3799999999996295,0.21732856172176068
5.381999999999629,0.21713309157577443
5.383999999999629,0.2169378470348579
5.385999999999629,0.216742827790467
5.387999999999629,0.2165480335288099
5.389999999999628,0.21635346393608682
5.391999999999628,0.21615911873572896
5.393999999999628,0.21596499762116023
5.395999999999628,0.21577110024351304
5.3979999999996275,0.21557742636066288
5.399999999999627,0.21538397563749
5.401999999999627,0.21519074779304798
5.403999999999627,0.21499774252115955
5.405999999999627,0.21480495951200423
5.407999999999626,0.21461239845559735
5.409999999999626,0.21442005904791633
5.411999999999626,0.2142279410208877
5.413999999999626,0.21403604407308335
5.415999999999626,0.21384436789530545
5.417999999999625,0.21365291221771332
5.419999999999625,0.21346167669797123
5.421999999999625,0.21327066106164724
5.423999999999625,0.21307986504829954
5.4259999999996245,0.21288928831588372
5.427999999999624,0.2126989305505668
5.429999999999624,0.212508791492053
5.431999999999624,0.21231887084300408
5.433999999999624,0.21212916833913403
5.435999999999623,0.2119396836374807
5.437999999999623,0.21175041646846499
5.439999999999623,0.2115613665350915
5.441999999999623,0.21137253353390417
5.4439999999996225,0.2111839172057287
5.445999999999622,0.21099551721114973
5.447999999999622,0.21080733328649945
5.449999999999622,0.21061936513812426
5.451999999999622,0.2104316125083095
5.453999999999621,0.2102440750556007
5.455999999999621,0.2100567525168051
5.457999999999621,0.2098696446422964
5.459999999999621,0.20968275108827222
5.4619999999996205,0.20949607159179068
5.46399999999962,0.20930960581303987
5.46599999999962,0.209123353542007
5.46799999999962,0.2089373144466793
5.46999999999962,0.20875148822152614
5.471999999999619,0.20856587461767465
5.473999999999619,0.2083804733473876
5.475999999999619,0.20819528415773791
5.477999999999619,0.20801030670514892
5.4799999999996185,0.20782554073179046
5.481999999999618,0.20764098594760472
5.483999999999618,0.2074566421036782
5.485999999999618,0.2072725088567322
5.487999999999618,0.20708858595264457
5.489999999999617,0.20690487310388095
5.491999999999617,0.2067213777689092
5.493999999999617,0.20653811551234263
5.495999999999617,0.20635507372878892
5.4979999999996165,0.20617224600369372
5.499999999999616,0.20598962909565527
5.501999999999616,0.2058072213523512
5.503999999999616,0.20562502193471316
5.505999999999616,0.2054430303013111
5.507999999999615,0.20526124605171475
5.509999999999615,0.2050796688490045
5.511999999999615,0.2048982984344347
5.513999999999615,0.20471713445100834
5.5159999999996145,0.20453617667898502
5.517999999999614,0.20435542473621804
5.519999999999614,0.20417487827444614
5.521999999999614,0.2039945367502258
5.523999999999614,0.2038348840159777
5.525999999999613,0.20371157013984767
5.527999999999613,0.20360553705530393
5.529999999999613,0.20350737357809273
5.531999999999613,0.20341260292612948
5.533999999999613,0.20331917962675847
5.535999999999612,0.20322621213318548
5.537999999999612,0.2031333348592706
5.539999999999612,0.20304041065440148
5.541999999999612,0.20294739564986386
5.5439999999996115,0.20285428073911987
5.545999999999611,0.2027610677266637
5.547999999999611,0.2026677605170823
5.549999999999611,0.2025743623377373
5.551999999999611,0.2024808753555501
5.55399999999961,0.20238730076454214
5.55599999999961,0.20229363923954125
5.55799999999961,0.2021998909086712
5.55999999999961,0.20210605583486857
5.5619999999996095,0.2020121338669377
5.563999999999609,0.20191812477627705
5.565999999999609,0.20182402836835822
5.567999999999609,0.2017298444433938
5.569999999999609,0.20163557278774108
5.571999999999608,0.20154121311686196
5.573999999999608,0.20144676514013526
5.575999999999608,0.2013522286930728
5.577999999999608,0.20125760350218758
5.5799999999996075,0.20116288927479326
5.581999999999607,0.20106808578361596
5.583999999999607,0.20097319281090648
5.585999999999607,0.20087821013364515
5.587999999999607,0.20078313745922932
5.589999999999606,0.2006879745493172
5.591999999999606,0.2005927211151075
5.593999999999606,0.20049737692561415
5.595999999999606,0.20040194175747356
5.5979999999996055,0.20030641531998133
5.599999999999605,0.20021079737793568
5.601999999999605,0.20011508770201944
5.603999999999605,0.20001928599858793
5.605999999999605,0.1999233920275466
5.607999999999604,0.19982740555806588
5.609999999999604,0.19973132629288756
5.611999999999604,0.19963515399034093
5.613999999999604,0.19953888841777462
5.6159999999996035,0.19944252927579167
5.617999999999603,0.19934607632186185
5.619999999999603,0.19924952925769246
5.621999999999603,0.19915288790964414
5.623999999999603,0.19905615198275894
5.625999999999602,0.19895932116177545
5.627999999999602,0.19886239526690214
5.629999999999602,0.19876537400265665
5.631999999999602,0.19866825705144403
5.6339999999996015,0.19857104423443023
5.635999999999601,0.19847373525396517
5.637999999999601,0.1983763297907475
5.639999999999601,0.19827882766539434
5.641999999999601,0.1981812285778807
5.6439999999996004,0.19808353227247488
5.6459999999996,0.1979857384342072
5.6479999999996,0.1978878468125161
5.6499999999996,0.19778985716735575
5.6519999999996,0.19769176925247056
5.653999999999599,0.19759358274659278
5.655999999999599,0.19749529738930277
5.657999999999599,0.19739691293330575
5.659999999999599,0.197298429058744
5.6619999999995985,0.19719984557521725
5.663999999999598,0.19710116209790257
5.665999999999598,0.19700237842847362
5.667999999999598,0.19690349425506315
5.669999999999598,0.1968045093165926
5.671999999999597,0.19670542336022678
5.673999999999597,0.19660623605804595
5.675999999999597,0.19650694721682505
5.677999999999597,0.1964075565128963
5.6799999999995965,0.19630806360121478
5.681999999999596,0.19620846828985145
5.683999999999596,0.19610877026012255
5.685999999999596,0.19600896923995975
5.687999999999596,0.19590906489745713
5.689999999999595,0.19580905703870294
5.691999999999595,0.1957089453369061
5.693999999999595,0.1956087294447245
5.695999999999595,0.19550840916832662
5.6979999999995945,0.1954079841828358
5.699999999999594,0.19530745421209889
5.701999999999594,0.19520681899110484
5.703999999999594,0.1951060782494251
5.705999999999594,0.19500523163576133
5.707999999999593,0.19490427887063125
5.709999999999593,0.194803219686918
5.711999999999593,0.19470205381420527
5.713999999999593,0.19460078090181238
5.7159999999995925,0.19449940066759916
5.717999999999592,0.19439791284357033
5.719999999999592,0.1942963171572628
5.721999999999592,0.19419461332897786
5.723999999999592,0.19409280099796689
5.725999999999591,0.19399087987368846
5.727999999999591,0.19388884968258568
5.729999999999591,0.19378671014746485
5.731999999999591,0.193684460907871
5.7339999999995905,0.1935821016752607
5.73599999999959,0.19347963217423542
5.73799999999959,0.19337705212649542
5.73999999999959,0.19327436124555172
5.74199999999959,0.19317155916084078
5.743999999999589,0.19306864557667563
5.745999999999589,0.19296562029062603
5.747999999999589,0.192862482860188
5.749999999999589,0.19275923305573656
5.7519999999995886,0.19265587059966482
5.753999999999588,0.19255239511619096
5.755999999999588,0.19244880630069622
5.757999999999588,0.19234510386522846
5.759999999999588,0.1922412875197398
5.7619999999995875,0.19213735688737738
5.763999999999587,0.19203331174683366
5.765999999999587,0.19192915172957398
5.767999999999587,0.19182487652549993
5.769999999999587,0.1917204858372923
5.771999999999586,0.1916159793668697
5.773999999999586,0.19151135672786468
5.775999999999586,0.19140661769351325
5.777999999999586,0.19130176188854986
5.7799999999995855,0.19119678899688647
5.781999999999585,0.1910916987164228
5.783999999999585,0.19098649074314963
5.785999999999585,0.1908811646845163
5.787999999999585,0.1907757203111475
5.789999999999584,0.19067015724047312
5.791999999999584,0.19056447523600484
5.793999999999584,0.19045867390411497
5.795999999999584,0.19035275290494796
5.7979999999995835,0.19024671188505887
5.799999999999583,0.1901405504155506
5.801999999999583,0.19003426824795416
5.803999999999583,0.18992786507347703
5.805999999999583,0.18982134047512433
5.807999999999582,0.18971469411833997
5.809999999999582,0.18960792568881776
5.811999999999582,0.1895010348719208
5.813999999999582,0.18939402134712674
5.8159999999995815,0.18928688478832173
5.817999999999581,0.18917962486461265
5.819999999999581,0.1890722412420469
5.821999999999581,0.18896473349621537
5.823999999999581,0.18885710138008022
5.82599999999958,0.18874934448704916
5.82799999999958,0.18864146247645946
5.82999999999958,0.18853345502510838
5.83199999999958,0.18842532189745487
5.8339999999995795,0.1883170626705128
5.835999999999579,0.18820867698489033
5.837999999999579,0.18810016440931354
5.839999999999579,0.18799152469929856
5.841999999999579,0.18788275753813763
5.843999999999578,0.18777386258099246
5.845999999999578,0.1876648393834102
5.847999999999578,0.18755568768454983
5.849999999999578,0.18744640705890664
5.8519999999995775,0.18733699724638814
5.853999999999577,0.18722745781509076
5.855999999999577,0.1871177884984398
5.857999999999577,0.18700798885746822
5.859999999999577,0.1868980585275384
5.861999999999576,0.1867879971638012
5.863999999999576,0.18667780442104215
5.865999999999576,0.18656748004486556
5.867999999999576,0.1864570235853007
5.869999999999576,0.18634643466141404
5.871999999999575,0.1862357129132799
5.873999999999575,0.1861248579859744
5.875999999999575,0.18601386952113036
5.877999999999575,0.18590274715755456
5.8799999999995745,0.18579149053233376
5.881999999999574,0.1856800992792522
5.883999999999574,0.18556857302998492
5.885999999999574,0.1854569114148601
5.887999999999574,0.18534511406302434
5.889999999999573,0.18523318060086374
5.891999999999573,0.18512111065674575
5.893999999999573,0.18500890385556928
5.895999999999573,0.1848965598219646
5.8979999999995725,0.18478407817888143
5.899999999999572,0.18467145854838765
5.901999999999572,0.1845587005506987
5.903999999999572,0.1844458038068672
5.905999999999572,0.18433276793519682
5.907999999999571,0.18421959255244214
5.909999999999571,0.18410627727602327
5.911999999999571,0.18399282182304838
5.913999999999571,0.18387922570391213
5.9159999999995705,0.18376548850592014
5.91799999999957,0.1836516099450298
5.91999999999957,0.18353758953358257
5.92199999999957,0.18342342686246335
5.92399999999957,0.18330912165035032
5.925999999999569,0.1831946734081677
5.927999999999569,0.18308008182976243
5.929999999999569,0.18296534652693905
5.931999999999569,0.1828504670853817
5.9339999999995685,0.18273544298348884
5.935999999999568,0.18262027391674873
5.937999999999568,0.18250495950315435
5.939999999999568,0.18238949933538928
5.941999999999568,0.18227389310801734
5.943999999999567,0.18215814029916377
5.945999999999567,0.18204224047146447
5.947999999999567,0.18192619332322216
5.949999999999567,0.18180999834212952
5.9519999999995665,0.18169365520828373
5.953999999999566,0.1815771635146946
5.955999999999566,0.18146052272223012
5.957999999999566,0.18134373251093133
5.959999999999566,0.18122679248101453
5.961999999999565,0.1811097023180186
5.963999999999565,0.18099246147999612
5.965999999999565,0.18087506962197195
5.967999999999565,0.18075752620520724
5.9699999999995645,0.1806398308972272
5.971999999999564,0.18052198328033095
5.973999999999564,0.1804039829143445
5.975999999999564,0.18028582935649204
5.977999999999564,0.1801675221669195
5.979999999999563,0.18004906102372562
5.981999999999563,0.17993044537693176
5.983999999999563,0.1798116748806448
5.985999999999563,0.17969274910162406
5.987999999999563,0.1795736675836127
5.989999999999562,0.17945442998736177
5.991999999999562,0.17933503574280507
5.993999999999562,0.17921548449102376
5.995999999999562,0.1790957756701122
5.9979999999995615,0.178975908932879
5.999999999999561,0.17885588396384744
