time,value
0.0,4.548126979356363
0.002,4.466979261609204
0.004,4.429463089885198
0.006,5.409336380171725
0.008,5.789434063315076
0.01,5.927942370871672
0.012,5.968099984969637
0.014,5.972042706936356
0.016,5.965217109582611
0.018000000000000002,5.95682589650218
0.020000000000000004,5.949408789179522
0.022000000000000006,5.943218015522894
0.024000000000000007,5.937918562704217
0.02600000000000001,5.933158885091801
0.02800000000000001,5.928701690235698
0.030000000000000013,5.92441423220902
0.032000000000000015,5.920231231935004
0.034000000000000016,5.916124155758842
0.03600000000000002,5.912082184031311
0.03800000000000002,5.908102091340471
0.04000000000000002,5.90418374846097
0.04200000000000002,5.900328209478951
0.044000000000000025,5.896536351491853
0.04600000000000003,5.892808739207001
0.04800000000000003,5.88914570226134
0.05000000000000003,5.8855474178146086
0.05200000000000003,5.882013951237872
0.054000000000000034,5.878545268277355
0.056000000000000036,5.875141276022496
0.05800000000000004,5.87180181338539
0.06000000000000004,5.868526659182596
0.06200000000000004,5.865315542855178
0.06400000000000004,5.862168140277036
0.06600000000000004,5.8590843001789015
0.06800000000000005,5.856066100460094
0.07000000000000005,5.853116041993786
0.07200000000000005,5.85023506765738
0.07400000000000005,5.847422289761522
0.07600000000000005,5.8446769625494825
0.07800000000000006,5.841998401381589
0.08000000000000006,5.839385932365528
0.08200000000000006,5.836838834900572
0.08400000000000006,5.834356341601709
0.08600000000000006,5.831937627212795
0.08800000000000006,5.829581793824612
0.09000000000000007,5.827287900397571
0.09200000000000007,5.82505494902276
0.09400000000000007,5.822881893457523
0.09600000000000007,5.8207676448499415
0.09800000000000007,5.818711076372212
0.10000000000000007,5.816711034182284
0.10200000000000008,5.81476712684293
0.10400000000000008,5.81288559224662
0.10600000000000008,5.811069746341392
0.10800000000000008,5.809319501655501
0.11000000000000008,5.807633307057045
0.11200000000000009,5.806009026029848
0.11400000000000009,5.804444301619253
0.11600000000000009,5.802936722039621
0.11800000000000009,5.801483868374851
0.12000000000000009,5.8000833468890365
0.1220000000000001,5.798732780439987
0.1240000000000001,5.797429801925104
0.12600000000000008,5.796172078170291
0.12800000000000009,5.794957301125992
0.1300000000000001,5.793783188777848
0.1320000000000001,5.792647488672937
0.1340000000000001,5.79154798809274
0.1360000000000001,5.790482502936688
0.1380000000000001,5.789448892143694
0.1400000000000001,5.788445060014387
0.1420000000000001,5.787468941827882
0.1440000000000001,5.78651851006254
0.1460000000000001,5.785591776359035
0.1480000000000001,5.784686798198989
0.1500000000000001,5.783801664185406
0.1520000000000001,5.7829347303593375
0.1540000000000001,5.782088920297302
0.1560000000000001,5.781267829796933
0.1580000000000001,5.780472286399745
0.16000000000000011,5.779701862894013
0.16200000000000012,5.77895561356913
0.16400000000000012,5.7782324884958935
0.16600000000000012,5.777538363545704
0.16800000000000012,5.77688069863001
0.17000000000000012,5.776260471534653
0.17200000000000013,5.775675807343999
0.17400000000000013,5.775123768330785
0.17600000000000013,5.774601198372371
0.17800000000000013,5.774105023203608
0.18000000000000013,5.773632333317535
0.18200000000000013,5.77318040691757
0.18400000000000014,5.772746681180158
0.18600000000000014,5.7723287307998765
0.18800000000000014,5.771924265065562
0.19000000000000014,5.771531099980955
0.19200000000000014,5.771147137696791
0.19400000000000014,5.770770370276614
0.19600000000000015,5.770398865601103
0.19800000000000015,5.770030751017856
0.20000000000000015,5.7696642192664545
0.20200000000000015,5.769297514796384
0.20400000000000015,5.768928910849376
0.20600000000000016,5.768556729873262
0.20800000000000016,5.768179310812582
0.21000000000000016,5.767795019803757
0.21200000000000016,5.767405127500855
0.21400000000000016,5.767019436184154
0.21600000000000016,5.76664300996134
0.21800000000000017,5.766277191008303
0.22000000000000017,5.765921831797008
0.22200000000000017,5.76557622167461
0.22400000000000017,5.765239506113353
0.22600000000000017,5.764910815236783
0.22800000000000017,5.76458933218207
0.23000000000000018,5.764274278075438
0.23200000000000018,5.763964902924991
0.23400000000000018,5.763660487166695
0.23600000000000018,5.763360344788924
0.23800000000000018,5.763063798328091
0.24000000000000019,5.762770189075147
0.2420000000000002,5.762478884864894
0.2440000000000002,5.762189257310891
0.2460000000000002,5.76190069983144
0.2480000000000002,5.761612608067311
0.25000000000000017,5.761324398412018
0.25200000000000017,5.761035501800992
0.25400000000000017,5.760745339898117
0.25600000000000017,5.760453365851971
0.2580000000000002,5.7601590246272245
0.2600000000000002,5.75986176873715
0.2620000000000002,5.7595610607618495
0.2640000000000002,5.759258759874969
0.2660000000000002,5.75895964615293
0.2680000000000002,5.75866586649302
0.2700000000000002,5.758377931194589
0.2720000000000002,5.758095680687007
0.2740000000000002,5.757818714602481
0.2760000000000002,5.75754657691066
0.2780000000000002,5.75727881239826
0.2800000000000002,5.757014989282071
0.2820000000000002,5.756754693084144
0.2840000000000002,5.756497522606343
0.2860000000000002,5.7562436087547075
0.2880000000000002,5.755995099168371
0.2900000000000002,5.755752755556785
0.2920000000000002,5.755516283723244
0.2940000000000002,5.7552850004951726
0.2960000000000002,5.75505808090449
0.2980000000000002,5.754834688274811
0.3000000000000002,5.75461400103252
0.3020000000000002,5.754395234173764
0.3040000000000002,5.754177624611498
0.3060000000000002,5.753960426110788
0.3080000000000002,5.753742928000507
0.3100000000000002,5.753524417877228
0.3120000000000002,5.753304211517787
0.3140000000000002,5.753082784046981
0.3160000000000002,5.752863877499347
0.3180000000000002,5.752649363246997
0.32000000000000023,5.752439658154238
0.32200000000000023,5.752234583427146
0.32400000000000023,5.75203375935803
0.32600000000000023,5.7518367498140295
0.32800000000000024,5.751643116910629
0.33000000000000024,5.75145244434988
0.33200000000000024,5.751264332221432
0.33400000000000024,5.751078393680909
0.33600000000000024,5.7508942598337285
0.33800000000000024,5.750711571015627
0.34000000000000025,5.750529974491034
0.34200000000000025,5.750349137987237
0.34400000000000025,5.750168727917583
0.34600000000000025,5.74998841392848
0.34800000000000025,5.749807884854009
0.35000000000000026,5.749626820509702
0.35200000000000026,5.749444917415449
0.35400000000000026,5.749261877243394
0.35600000000000026,5.749077404041719
0.35800000000000026,5.748891211128232
0.36000000000000026,5.748703007152389
0.36200000000000027,5.748512509326363
0.36400000000000027,5.748321241370585
0.36600000000000027,5.748131596101579
0.36800000000000027,5.7479444450447525
0.3700000000000003,5.747759956263219
0.3720000000000003,5.747577982241424
0.3740000000000003,5.747398285709156
0.3760000000000003,5.747220608162296
0.3780000000000003,5.747044687286739
0.3800000000000003,5.746870284699817
0.3820000000000003,5.746697172522487
0.3840000000000003,5.746525121654425
0.3860000000000003,5.746353914896368
0.3880000000000003,5.746183340731443
0.3900000000000003,5.746013198454603
0.3920000000000003,5.745843283409232
0.3940000000000003,5.745673400039037
0.3960000000000003,5.745503356294252
0.3980000000000003,5.745332962417407
0.4000000000000003,5.745162031065058
0.4020000000000003,5.744990384573686
0.4040000000000003,5.7448178476112695
0.4060000000000003,5.744644238751774
0.4080000000000003,5.744469392219997
0.4100000000000003,5.7442931378925115
0.4120000000000003,5.744115365149939
0.4140000000000003,5.743937362335115
0.4160000000000003,5.743760615185832
0.4180000000000003,5.743585632875472
0.4200000000000003,5.7434124914045155
0.4220000000000003,5.74324108802204
0.4240000000000003,5.743071244164765
0.4260000000000003,5.742902782441221
0.4280000000000003,5.742735524303502
0.4300000000000003,5.742569304984408
0.43200000000000033,5.742403973686191
0.43400000000000033,5.74223936935845
0.43600000000000033,5.74207534733742
0.43800000000000033,5.741912234070103
0.44000000000000034,5.74175056871425
0.44200000000000034,5.741590249860329
0.44400000000000034,5.741431091364351
0.44600000000000034,5.741272863018919
0.44800000000000034,5.741115336083256
0.45000000000000034,5.740958294854588
0.45200000000000035,5.740801522822386
0.45400000000000035,5.740644808049269
0.45600000000000035,5.7404879581276935
0.45800000000000035,5.740330777910802
0.46000000000000035,5.740173073366019
0.46200000000000035,5.740014662162589
0.46400000000000036,5.739856324097101
0.46600000000000036,5.739699266769186
0.46800000000000036,5.739543899095935
0.47000000000000036,5.7393902611862995
0.47200000000000036,5.73923824963968
0.47400000000000037,5.73908770262984
0.47600000000000037,5.738938446317414
0.47800000000000037,5.738790324489977
0.48000000000000037,5.738643173228323
0.4820000000000004,5.738496839437946
0.4840000000000004,5.738351175844109
0.4860000000000004,5.738206045989362
0.4880000000000004,5.738061309074841
0.4900000000000004,5.737916832714852
0.4920000000000004,5.737772480258275
0.4940000000000004,5.737628130980685
0.4960000000000004,5.7374836527559445
0.4980000000000004,5.737338921057806
0.5000000000000003,5.737193821759698
0.5020000000000003,5.737048235337931
0.5040000000000003,5.736902049587186
0.5060000000000003,5.736755147033742
0.5080000000000003,5.736607418299013
0.5100000000000003,5.736458756309885
0.5120000000000003,5.736309047875987
0.5140000000000003,5.736158613096641
0.5160000000000003,5.736008501508303
0.5180000000000003,5.735859208767944
0.5200000000000004,5.735710850469655
0.5220000000000004,5.735563373427199
0.5240000000000004,5.735416681759021
0.5260000000000004,5.735270652575834
0.5280000000000004,5.735125176890758
0.5300000000000004,5.734980151507566
0.5320000000000004,5.734835469059736
0.5340000000000004,5.734691031708845
0.5360000000000004,5.7345467380315185
0.5380000000000004,5.734402495757432
0.5400000000000004,5.734258222482607
0.5420000000000004,5.734113822362844
0.5440000000000004,5.733969206557197
0.5460000000000004,5.733824296358959
0.5480000000000004,5.733679007273605
0.5500000000000004,5.733533254694587
0.5520000000000004,5.733386962799495
0.5540000000000004,5.733240050336013
0.5560000000000004,5.733092443544065
0.5580000000000004,5.7329440702545265
0.5600000000000004,5.732794851465869
0.5620000000000004,5.732644715998702
0.5640000000000004,5.732493608384552
0.5660000000000004,5.7323420711689845
0.5680000000000004,5.732190815599216
0.5700000000000004,5.732040085044834
0.5720000000000004,5.731889918510715
0.5740000000000004,5.731740262606067
0.5760000000000004,5.731591041488512
0.5780000000000004,5.731442166802734
0.5800000000000004,5.731293558560639
0.5820000000000004,5.731145133853151
0.5840000000000004,5.730996826753446
0.5860000000000004,5.730848559999402
0.5880000000000004,5.73070026355886
0.5900000000000004,5.730551877164428
0.5920000000000004,5.7304033271977515
0.5940000000000004,5.730254554106463
0.5960000000000004,5.730105488913067
0.5980000000000004,5.729956239739105
0.6000000000000004,5.729806938266766
0.6020000000000004,5.72965759024618
0.6040000000000004,5.729508143286831
0.6060000000000004,5.729358528547337
0.6080000000000004,5.729208655115208
0.6100000000000004,5.729058444398463
0.6120000000000004,5.728907820710393
0.6140000000000004,5.728756694575653
0.6160000000000004,5.728604991881354
0.6180000000000004,5.728453046689616
0.6200000000000004,5.728301441679922
0.6220000000000004,5.728150396622318
0.6240000000000004,5.727999936642552
0.6260000000000004,5.727850009852125
0.6280000000000004,5.727700546053387
0.6300000000000004,5.7275514626886235
0.6320000000000005,5.727402691856826
0.6340000000000005,5.727254147230226
0.6360000000000005,5.727105765027254
0.6380000000000005,5.726957471657993
0.6400000000000005,5.726809208006794
0.6420000000000005,5.7266609027407505
0.6440000000000005,5.726512491596088
0.6460000000000005,5.726363920100816
0.6480000000000005,5.726215120342199
0.6500000000000005,5.726066038483681
0.6520000000000005,5.725916615947338
0.6540000000000005,5.725766793981094
0.6560000000000005,5.725616522235833
0.6580000000000005,5.725465744342462
0.6600000000000005,5.725314410953445
0.6620000000000005,5.725162473852524
0.6640000000000005,5.72500987746304
0.6660000000000005,5.724856566591671
0.6680000000000005,5.724702495532599
0.6700000000000005,5.7245476867112615
0.6720000000000005,5.72439264642933
0.6740000000000005,5.7242377157169875
0.6760000000000005,5.724082989965984
0.6780000000000005,5.723928463471768
0.6800000000000005,5.723774091675122
0.6820000000000005,5.723619811321636
0.6840000000000005,5.72346556564374
0.6860000000000005,5.723311301500439
0.6880000000000005,5.723156975046803
0.6900000000000005,5.723002529174535
0.6920000000000005,5.722847914049246
0.6940000000000005,5.72269308999362
0.6960000000000005,5.7225380110919435
0.6980000000000005,5.722382630704461
0.7000000000000005,5.722226903298198
0.7020000000000005,5.722070791954598
0.7040000000000005,5.721914253483931
0.7060000000000005,5.721757251423414
0.7080000000000005,5.721599743007934
0.7100000000000005,5.721441685474367
0.7120000000000005,5.72128304493033
0.7140000000000005,5.721123788778027
0.7160000000000005,5.720963876645317
0.7180000000000005,5.720803275188658
0.7200000000000005,5.720641952465186
0.7220000000000005,5.720479869267367
0.7240000000000005,5.720317038042074
0.7260000000000005,5.720153871167386
0.7280000000000005,5.719990648731648
0.7300000000000005,5.719827452412605
0.7320000000000005,5.719664288534745
0.7340000000000005,5.719501116666024
0.7360000000000005,5.719337892773037
0.7380000000000005,5.719174573672497
0.7400000000000005,5.719011118091611
0.7420000000000005,5.71884749374132
0.7440000000000005,5.7186836621393144
0.7460000000000006,5.718519577226663
0.7480000000000006,5.718355209133159
0.7500000000000006,5.718190530639868
0.7520000000000006,5.718025499094303
0.7540000000000006,5.717860101566031
0.7560000000000006,5.717694400636153
0.7580000000000006,5.717528451727632
0.7600000000000006,5.71736224863484
0.7620000000000006,5.717195760298471
0.7640000000000006,5.717028946982016
0.7660000000000006,5.716861774262636
0.7680000000000006,5.716694200611741
0.7700000000000006,5.716526191286497
0.7720000000000006,5.71635770540795
0.7740000000000006,5.716188702245236
0.7760000000000006,5.716019150073183
0.7780000000000006,5.715849018526181
0.7800000000000006,5.715678436127222
0.7820000000000006,5.715507740361553
0.7840000000000006,5.715337067753092
0.7860000000000006,5.715166452414325
0.7880000000000006,5.714995875468452
0.7900000000000006,5.7148252923712235
0.7920000000000006,5.714654669249562
0.7940000000000006,5.714483959686785
0.7960000000000006,5.714313132166831
0.7980000000000006,5.714142150597818
0.8000000000000006,5.713970978563999
0.8020000000000006,5.713799580685271
0.8040000000000006,5.713627922851175
0.8060000000000006,5.7134559792958814
0.8080000000000006,5.713283717507062
0.8100000000000006,5.713111104168434
0.8120000000000006,5.712938114237326
0.8140000000000006,5.712764716309262
0.8160000000000006,5.712590878548075
0.8180000000000006,5.712416577625227
0.8200000000000006,5.71224178396073
0.8220000000000006,5.712066474776515
0.8240000000000006,5.711890628040421
0.8260000000000006,5.711714206565942
0.8280000000000006,5.711537195188168
0.8300000000000006,5.711359566805369
0.8320000000000006,5.71118129264593
0.8340000000000006,5.711002359828822
0.8360000000000006,5.710822850793622
0.8380000000000006,5.710643052504147
0.8400000000000006,5.710463109039434
0.8420000000000006,5.710283051901779
0.8440000000000006,5.710102868648719
0.8460000000000006,5.709922531591323
0.8480000000000006,5.709742009577736
0.8500000000000006,5.709561279306482
0.8520000000000006,5.709380311294013
0.8540000000000006,5.709199075886945
0.8560000000000006,5.709017544929549
0.8580000000000007,5.708835691865947
0.8600000000000007,5.708653498684807
0.8620000000000007,5.708470947824544
0.8640000000000007,5.708288005818639
0.8660000000000007,5.708104653480824
0.8680000000000007,5.707920867046615
0.8700000000000007,5.707736629761125
0.8720000000000007,5.707551918111249
0.8740000000000007,5.70736671529066
0.8760000000000007,5.7071809979634995
0.8780000000000007,5.706994749785731
0.8800000000000007,5.706807948076371
0.8820000000000007,5.706620577256586
0.8840000000000007,5.706432615451167
0.8860000000000007,5.706244047901734
0.8880000000000007,5.7060548608052155
0.8900000000000007,5.705865032401597
0.8920000000000007,5.705674551016804
0.8940000000000007,5.705483573008563
0.8960000000000007,5.705292316330844
0.8980000000000007,5.705100863586009
0.9000000000000007,5.704909217954723
0.9020000000000007,5.7047173704052625
0.9040000000000007,5.704525297885936
0.9060000000000007,5.704332993717866
0.9080000000000007,5.704140503464255
0.9100000000000007,5.703947839909006
0.9120000000000007,5.703754998617702
0.9140000000000007,5.703561957919933
0.9160000000000007,5.70336869128965
0.9180000000000007,5.7031751719892725
0.9200000000000007,5.702981381689396
0.9220000000000007,5.702787295516877
0.9240000000000007,5.702592887952943
0.9260000000000007,5.702398134606391
0.9280000000000007,5.702203019721032
0.9300000000000007,5.702007520856139
0.9320000000000007,5.70181161474063
0.9340000000000007,5.701615286358637
0.9360000000000007,5.701418521407336
0.9380000000000007,5.701221289805691
0.9400000000000007,5.701023583291496
0.9420000000000007,5.700825373940764
0.9440000000000007,5.700626654294997
0.9460000000000007,5.700427396904201
0.9480000000000007,5.700227594801951
0.9500000000000007,5.70002722110873
0.9520000000000007,5.69982636467957
0.9540000000000007,5.699625222404758
0.9560000000000007,5.699423879244918
0.9580000000000007,5.699222351741434
0.9600000000000007,5.699020636691621
0.9620000000000007,5.698818706360318
0.9640000000000007,5.698616544376642
0.9660000000000007,5.698414128985606
0.9680000000000007,5.698211445487326
0.9700000000000008,5.698008472507841
0.9720000000000008,5.697805188241713
0.9740000000000008,5.697601572205544
0.9760000000000008,5.697397605370076
0.9780000000000008,5.697193277199026
0.9800000000000008,5.6969885774775735
0.9820000000000008,5.69678347970132
0.9840000000000008,5.696577978931503
0.9860000000000008,5.696372050285583
0.9880000000000008,5.696165681943529
0.9900000000000008,5.695958857124822
0.9920000000000008,5.6957515660677736
0.9940000000000008,5.695543792148791
0.9960000000000008,5.6953355254609175
0.9980000000000008,5.695126749394734
1.0000000000000007,5.694917454282954
1.0020000000000007,5.694707631265818
1.0040000000000007,5.694497255951247
1.0060000000000007,5.694286326151373
1.0080000000000007,5.694074827383982
1.0100000000000007,5.693862743177301
1.0120000000000007,5.693650179407737
1.0140000000000007,5.693437301665398
1.0160000000000007,5.69322416808479
1.0180000000000007,5.693010786901667
1.0200000000000007,5.692797147113985
1.0220000000000007,5.692583239204113
1.0240000000000007,5.692369045050077
1.0260000000000007,5.692154545637644
1.0280000000000007,5.691939723285426
1.0300000000000007,5.691724569257293
1.0320000000000007,5.691509068160038
1.0340000000000007,5.691293211104226
1.0360000000000007,5.691076982197438
1.0380000000000007,5.690860364925365
1.0400000000000007,5.690643351353602
1.0420000000000007,5.690425927016126
1.0440000000000007,5.690208076762043
1.0460000000000007,5.689989793880673
1.0480000000000007,5.689771064965513
1.0500000000000007,5.689551885829417
1.0520000000000007,5.689332280664194
1.0540000000000007,5.689112276803404
1.0560000000000007,5.688891872288127
1.0580000000000007,5.688671054679874
1.0600000000000007,5.688449816154707
1.0620000000000007,5.688228141019014
1.0640000000000007,5.688006020018972
1.0660000000000007,5.687783437093052
1.0680000000000007,5.687560383162672
1.0700000000000007,5.687336842591233
1.0720000000000007,5.6871128251656184
1.0740000000000007,5.686888490793787
1.0760000000000007,5.686663928870126
1.0780000000000007,5.686439150289314
1.0800000000000007,5.686214155151544
1.0820000000000007,5.685988929031841
1.0840000000000007,5.685763454088039
1.0860000000000007,5.685537720319028
1.0880000000000007,5.685311703713048
1.0900000000000007,5.685085395063782
1.0920000000000007,5.684858787615471
1.0940000000000007,5.684631858561337
1.0960000000000008,5.684404599315044
1.0980000000000008,5.684176996254291
1.1000000000000008,5.683949042558088
1.1020000000000008,5.683720724186116
1.1040000000000008,5.683492026239289
1.1060000000000008,5.683262942268595
1.1080000000000008,5.683033459132754
1.1100000000000008,5.6828035703468105
1.1120000000000008,5.6825732550191415
1.1140000000000008,5.6823425144720074
1.1160000000000008,5.682111329672952
1.1180000000000008,5.681879701935215
1.1200000000000008,5.681647611895133
1.1220000000000008,5.6814150532525325
1.1240000000000008,5.681182022091451
1.1260000000000008,5.680948506159317
1.1280000000000008,5.680714492357367
1.1300000000000008,5.680479983787793
1.1320000000000008,5.680244961671272
1.1340000000000008,5.680009439004803
1.1360000000000008,5.6797735567054985
1.1380000000000008,5.679537379231558
1.1400000000000008,5.679300938566932
1.1420000000000008,5.679064224290597
1.1440000000000008,5.678827230478566
1.1460000000000008,5.678589943386428
1.1480000000000008,5.678352348410094
1.1500000000000008,5.678114439597668
1.1520000000000008,5.6778762044328435
1.1540000000000008,5.6776376296754805
1.1560000000000008,5.677398703079464
1.1580000000000008,5.677159421052731
1.1600000000000008,5.676919780448995
1.1620000000000008,5.676679761521407
1.1640000000000008,5.676439455499055
1.1660000000000008,5.676198966166644
1.1680000000000008,5.6759581603592855
1.1700000000000008,5.675716978412784
1.1720000000000008,5.67547538709443
1.1740000000000008,5.675233374915892
1.1760000000000008,5.674990929501553
1.1780000000000008,5.674748039837091
1.1800000000000008,5.674504703877046
1.1820000000000008,5.674260912833041
1.1840000000000008,5.674016664327785
1.1860000000000008,5.673771948821952
1.1880000000000008,5.673526763416809
1.1900000000000008,5.673281108548287
1.1920000000000008,5.673035012858443
1.1940000000000008,5.672788482311228
1.1960000000000008,5.6725415184312515
1.1980000000000008,5.672294163638544
1.2000000000000008,5.672046531626384
1.2020000000000008,5.671798655689056
1.2040000000000008,5.671550548027654
1.2060000000000008,5.671302201486826
1.2080000000000009,5.671053610641177
1.2100000000000009,5.670804754119784
1.2120000000000009,5.6705556250835505
1.2140000000000009,5.670306211904286
1.2160000000000009,5.670056509903118
1.2180000000000009,5.669806499766155
1.2200000000000009,5.669556184143085
1.2220000000000009,5.669305545128658
1.2240000000000009,5.669054570098851
1.2260000000000009,5.668803256478428
1.2280000000000009,5.66855160240628
1.2300000000000009,5.668299589354145
1.2320000000000009,5.668047212935516
1.2340000000000009,5.667794471240079
1.2360000000000009,5.66754135377932
1.2380000000000009,5.667287848920776
1.2400000000000009,5.667033946125186
1.2420000000000009,5.6667796436891065
1.2440000000000009,5.666524933020019
1.2460000000000009,5.666269811913025
1.2480000000000009,5.666014270919921
1.2500000000000009,5.665758307269093
1.252000000000001,5.66550191128608
1.254000000000001,5.665245072705341
1.256000000000001,5.6649877899441785
1.258000000000001,5.66473005476188
1.260000000000001,5.664471865580429
1.262000000000001,5.664213241554662
1.264000000000001,5.663954283251914
1.266000000000001,5.663695036866384
1.268000000000001,5.663435511635774
1.270000000000001,5.66317570310775
1.272000000000001,5.662915609952361
1.274000000000001,5.6626552221710735
1.276000000000001,5.6623945359365795
1.278000000000001,5.66213353284807
1.280000000000001,5.661872209420425
1.282000000000001,5.661610564771884
1.284000000000001,5.661348581821308
1.286000000000001,5.66108625774923
1.288000000000001,5.660823592130316
1.290000000000001,5.660560568272072
1.292000000000001,5.660297183764486
1.294000000000001,5.660033438604299
1.296000000000001,5.659769324051911
1.298000000000001,5.659504830143069
1.300000000000001,5.659239947941938
1.302000000000001,5.658974677365344
1.304000000000001,5.658709011362554
1.306000000000001,5.6584429492774735
1.308000000000001,5.658176483129825
1.310000000000001,5.657909611603111
1.312000000000001,5.657642318854675
1.314000000000001,5.657374611504448
1.316000000000001,5.657106475623366
1.318000000000001,5.656837917759623
1.320000000000001,5.656568923503439
1.322000000000001,5.656299491485429
1.324000000000001,5.656029627890896
1.326000000000001,5.655759341376277
1.328000000000001,5.655488690037247
1.330000000000001,5.655217747904587
1.332000000000001,5.654946554879453
1.334000000000001,5.6546751170502585
1.336000000000001,5.654403435817068
1.338000000000001,5.654131501128583
1.340000000000001,5.653859293348489
1.342000000000001,5.653586816993837
1.344000000000001,5.6533140562808315
1.346000000000001,5.653041008300032
1.348000000000001,5.652767664591555
1.350000000000001,5.652494015892406
1.352000000000001,5.652220061195152
1.354000000000001,5.651945792338136
1.356000000000001,5.651671200012872
1.358000000000001,5.651396283231803
1.360000000000001,5.651121033994608
1.362000000000001,5.650845443269949
1.364000000000001,5.650569510415213
1.366000000000001,5.650293220207073
1.368000000000001,5.6500165796359685
1.370000000000001,5.649739574675744
1.372000000000001,5.6494622040375235
1.374000000000001,5.649184468465248
1.376000000000001,5.648906359907805
1.378000000000001,5.648627869153216
1.380000000000001,5.64834898811304
1.382000000000001,5.6480697176804355
1.384000000000001,5.647790051755332
1.386000000000001,5.64750999066877
1.388000000000001,5.647229527371392
1.390000000000001,5.646948653883784
1.392000000000001,5.646667370837878
1.394000000000001,5.646385686874491
1.396000000000001,5.6461036594067835
1.398000000000001,5.645821339721829
1.400000000000001,5.645538748753306
1.402000000000001,5.645255877039141
1.404000000000001,5.644972723995727
1.406000000000001,5.6446892820980406
1.408000000000001,5.644405550374645
1.410000000000001,5.644121512887245
1.412000000000001,5.643837168535931
1.414000000000001,5.643552518696929
1.416000000000001,5.643267548161584
1.418000000000001,5.642982256047968
1.420000000000001,5.642696643871
1.422000000000001,5.642410696583625
1.424000000000001,5.642124413543842
1.426000000000001,5.641837796543337
1.428000000000001,5.641550830864795
1.430000000000001,5.641263516222676
1.432000000000001,5.640975847091747
1.434000000000001,5.640687824775395
1.436000000000001,5.64039944303597
1.438000000000001,5.640110702176283
1.440000000000001,5.639821587598859
1.442000000000001,5.639532099690396
1.444000000000001,5.639242241364305
1.446000000000001,5.638952006566049
1.448000000000001,5.638661387839876
1.450000000000001,5.638370386330499
1.452000000000001,5.638078996331527
1.454000000000001,5.637787214942197
1.456000000000001,5.637495062198446
1.458000000000001,5.637202542625205
1.460000000000001,5.636909652801178
1.462000000000001,5.636616400846478
1.464000000000001,5.636322850271523
1.466000000000001,5.636029031635711
1.468000000000001,5.635734961016879
1.470000000000001,5.63544063703598
1.472000000000001,5.635146052721187
1.474000000000001,5.634851207889104
1.476000000000001,5.634556094814221
1.478000000000001,5.634260704681024
1.480000000000001,5.633965029558015
1.482000000000001,5.6336690703546015
1.484000000000001,5.633372820757143
1.486000000000001,5.633076273148139
1.488000000000001,5.632779428225266
1.490000000000001,5.6324822794881015
1.492000000000001,5.632184819292291
1.494000000000001,5.631887040742651
1.496000000000001,5.631588945674345
1.498000000000001,5.631290528605724
1.500000000000001,5.630991782691194
1.5020000000000011,5.630692709379494
1.5040000000000011,5.630393302879679
1.5060000000000011,5.630093563970349
1.5080000000000011,5.629793478289726
1.5100000000000011,5.629493054181626
1.5120000000000011,5.629192278895077
1.5140000000000011,5.628891152745552
1.5160000000000011,5.628589670488907
1.5180000000000011,5.628287826122129
1.5200000000000011,5.627985622080243
1.5220000000000011,5.627683053514983
1.5240000000000011,5.627380122080743
1.5260000000000011,5.627076821969833
1.5280000000000011,5.626773146453809
1.5300000000000011,5.626469097523802
1.5320000000000011,5.626164692274826
1.5340000000000011,5.625859981367962
1.5360000000000011,5.625554995640855
1.5380000000000011,5.625249739768085
1.5400000000000011,5.624944209452031
1.5420000000000011,5.624638405979714
1.5440000000000011,5.624332322674232
1.5460000000000012,5.624025951701416
1.5480000000000012,5.623719286150619
1.5500000000000012,5.623412328075166
1.5520000000000012,5.6231050722850044
1.5540000000000012,5.622797512270825
1.5560000000000012,5.622489642111876
1.5580000000000012,5.622181464579784
1.5600000000000012,5.621872982792416
1.5620000000000012,5.6215641824797435
1.5640000000000012,5.621255063936712
1.5660000000000012,5.620945622317042
1.5680000000000012,5.6206358520365916
1.5700000000000012,5.620325755930393
1.5720000000000012,5.620015329435486
1.5740000000000012,5.619704574466347
1.5760000000000012,5.619393477581553
1.5780000000000012,5.619082048139334
1.5800000000000012,5.618770275483952
1.5820000000000012,5.618458173736906
1.5840000000000012,5.61814574769219
1.5860000000000012,5.617832995149217
1.5880000000000012,5.617519919741479
1.5900000000000012,5.617206516710532
1.5920000000000012,5.616892779696377
1.5940000000000012,5.616578710768762
1.5960000000000012,5.616264304787405
1.5980000000000012,5.615949563313305
1.6000000000000012,5.615634472641993
1.6020000000000012,5.615319051791183
1.6040000000000012,5.6150033410136695
1.6060000000000012,5.614687370597928
1.6080000000000012,5.614371145817659
1.6100000000000012,5.614054663257405
1.6120000000000012,5.613737917165413
1.6140000000000012,5.613420909608441
1.6160000000000012,5.613103635045427
1.6180000000000012,5.612786086579607
1.6200000000000012,5.612468265845536
1.6220000000000012,5.612150167243111
1.6240000000000012,5.611831784005278
1.6260000000000012,5.6115131101412645
1.6280000000000012,5.611194148553771
1.6300000000000012,5.610874894688473
1.6320000000000012,5.610555342551425
1.6340000000000012,5.610235494531919
1.6360000000000012,5.609915345676797
1.6380000000000012,5.6095948898055426
1.6400000000000012,5.60927412144653
1.6420000000000012,5.6089530439895015
1.6440000000000012,5.608631653370106
1.6460000000000012,5.608309944088812
1.6480000000000012,5.60798791904405
1.6500000000000012,5.60766557376336
1.6520000000000012,5.607342902544634
1.6540000000000012,5.60701990824507
1.6560000000000012,5.6066965864677245
1.6580000000000013,5.606372931633753
1.6600000000000013,5.606048946763591
1.6620000000000013,5.605724627633095
1.6640000000000013,5.605399968831413
1.6660000000000013,5.605074973556407
1.6680000000000013,5.604749637745673
1.6700000000000013,5.604423956146928
1.6720000000000013,5.604097932126565
1.6740000000000013,5.6037715819095775
1.6760000000000013,5.603444942852571
1.6780000000000013,5.6031180385373895
1.6800000000000013,5.602790871598799
1.6820000000000013,5.602463437814218
1.6840000000000013,5.602135739502568
1.6860000000000013,5.601807763255995
1.6880000000000013,5.6014795106777004
1.6900000000000013,5.601150977946957
1.6920000000000013,5.600822168114535
1.6940000000000013,5.600493076351723
1.6960000000000013,5.600163696513273
1.6980000000000013,5.5998340232058075
1.7000000000000013,5.599504060033322
1.7020000000000013,5.599173803152432
1.7040000000000013,5.598843251124315
1.7060000000000013,5.598512417863044
1.7080000000000013,5.598181304423092
1.7100000000000013,5.597849906813143
1.7120000000000013,5.59751822017949
1.7140000000000013,5.597186248012172
1.7160000000000013,5.596853986150275
1.7180000000000013,5.596521428958121
1.7200000000000013,5.596188579302974
1.7220000000000013,5.5958554247219325
1.7240000000000013,5.595521975711653
1.7260000000000013,5.595188220931249
1.7280000000000013,5.594854162155702
1.7300000000000013,5.594519795314523
1.7320000000000013,5.594185115415681
1.7340000000000013,5.593850126050099
1.7360000000000013,5.593514823338653
1.7380000000000013,5.59317920206713
1.7400000000000013,5.59284326561797
1.7420000000000013,5.592507010004093
1.7440000000000013,5.592170430015268
1.7460000000000013,5.591833534896593
1.7480000000000013,5.5914963536427615
1.7500000000000013,5.591158920708239
1.7520000000000013,5.590821233143174
1.7540000000000013,5.590483294804006
1.7560000000000013,5.590145101305256
1.7580000000000013,5.589806646653071
1.7600000000000013,5.589467925429331
1.7620000000000013,5.589128941183161
1.7640000000000013,5.588789689924236
1.7660000000000013,5.588450166198752
1.7680000000000013,5.588110373067237
1.7700000000000014,5.58777030613418
1.7720000000000014,5.587429959734581
1.7740000000000014,5.58708932889342
1.7760000000000014,5.586748417627532
1.7780000000000014,5.586407222406492
1.7800000000000014,5.586065738204323
1.7820000000000014,5.58572396049892
1.7840000000000014,5.585381893664613
1.7860000000000014,5.585039534436902
1.7880000000000014,5.584696878016944
1.7900000000000014,5.5843541556536
1.7920000000000014,5.584011298335343
1.7940000000000014,5.5836682051583875
1.7960000000000014,5.5833248274850416
1.7980000000000014,5.582981143987154
1.8000000000000014,5.582637154128718
1.8020000000000014,5.58229285439507
1.8040000000000014,5.581948241108013
1.8060000000000014,5.58160331916243
1.8080000000000014,5.581258085777904
1.8100000000000014,5.580912536634784
1.8120000000000014,5.580566667895435
1.8140000000000014,5.580220484558752
1.8160000000000014,5.5798739920101985
1.8180000000000014,5.579527177801549
1.8200000000000014,5.57918005507249
1.8220000000000014,5.578832654880675
1.8240000000000014,5.57848499207644
1.8260000000000014,5.578137086149569
1.8280000000000014,5.577788940480579
1.8300000000000014,5.577440551556748
1.8320000000000014,5.577091914423547
1.8340000000000014,5.57674303243883
1.8360000000000014,5.576393901343464
1.8380000000000014,5.576044515465433
1.8400000000000014,5.575694869725936
1.8420000000000014,5.575344968016052
1.8440000000000014,5.574994806673971
1.8460000000000014,5.57464438052538
1.8480000000000014,5.574293692898946
1.8500000000000014,5.573942731661965
1.8520000000000014,5.573591499731697
1.8540000000000014,5.573240002399515
1.8560000000000014,5.57288822737606
1.8580000000000014,5.572536176980416
1.8600000000000014,5.572183848007938
1.8620000000000014,5.571831236241153
1.8640000000000014,5.571478345945001
1.8660000000000014,5.571125173748611
1.8680000000000014,5.570771714820839
1.8700000000000014,5.570417964904297
1.8720000000000014,5.570063928698702
1.8740000000000014,5.569709603330826
1.8760000000000014,5.569354984406989
1.8780000000000014,5.569000076022352
1.8800000000000014,5.568644874762069
1.8820000000000014,5.5682893758827925
1.8840000000000015,5.567933583341784
1.8860000000000015,5.56757748566124
1.8880000000000015,5.567221094580775
1.8900000000000015,5.566864399772667
1.8920000000000015,5.566507404061979
1.8940000000000015,5.5661501069101815
1.8960000000000015,5.565792531905519
1.8980000000000015,5.565434696846057
1.9000000000000015,5.565076614924622
1.9020000000000015,5.564718285728938
1.9040000000000015,5.5643597129423465
1.9060000000000015,5.564000883472934
1.9080000000000015,5.56364179937365
1.9100000000000015,5.563282457333482
1.9120000000000015,5.562922861171348
1.9140000000000015,5.562562998718852
1.9160000000000015,5.5622028729377195
1.9180000000000015,5.561842481210802
1.9200000000000015,5.561481827844596
1.9220000000000015,5.56112090100222
1.9240000000000015,5.5607597038982135
1.9260000000000015,5.56039823411414
1.9280000000000015,5.5600364961556545
1.9300000000000015,5.55967448649747
1.9320000000000015,5.559312229299037
1.9340000000000015,5.558949667829007
1.9360000000000015,5.558586814421513
1.9380000000000015,5.5582236810615315
1.9400000000000015,5.557860267609691
1.9420000000000015,5.557496579494483
1.9440000000000015,5.557132611990921
1.9460000000000015,5.556768372239545
1.9480000000000015,5.556403867141863
1.9500000000000015,5.556039084859202
1.9520000000000015,5.5556740280156935
1.9540000000000015,5.555308693634253
1.9560000000000015,5.55494307778862
1.9580000000000015,5.554577185162412
1.9600000000000015,5.5542110127351965
1.9620000000000015,5.553844556004293
1.9640000000000015,5.553477811017969
1.9660000000000015,5.553110782908001
1.9680000000000015,5.552743469123912
1.9700000000000015,5.5523758768373455
1.9720000000000015,5.552008021475651
1.9740000000000015,5.551639922675891
1.9760000000000015,5.551271583719921
1.9780000000000015,5.550903002341018
1.9800000000000015,5.5505341830958885
1.9820000000000015,5.5501651222306165
1.9840000000000015,5.549795814425031
1.9860000000000015,5.549426254979464
1.9880000000000015,5.549056448391981
1.9900000000000015,5.548686391535279
1.9920000000000015,5.548316079744748
1.9940000000000015,5.547945508852305
1.9960000000000016,5.547574675579276
1.9980000000000016,5.547203585557508
2.0000000000000013,5.546832236441831
2.002000000000001,5.546460632255921
2.004000000000001,5.546088760711884
2.0060000000000007,5.545716624874529
2.0080000000000005,5.545344222286616
2.0100000000000002,5.544971557588018
2.012,5.5445986191316186
2.014,5.544225410501299
2.0159999999999996,5.543851937801468
2.0179999999999993,5.543478189246308
2.019999999999999,5.543104167961113
2.021999999999999,5.542729871473096
2.0239999999999987,5.542355296260745
2.0259999999999985,5.541980447465754
2.0279999999999982,5.541605322450625
2.029999999999998,5.541229917038589
2.031999999999998,5.540854227632771
2.0339999999999976,5.540478259848705
2.0359999999999974,5.540102011562541
2.037999999999997,5.539725478986646
2.039999999999997,5.539348666978358
2.0419999999999967,5.538971564511513
2.0439999999999965,5.538594175897815
2.0459999999999963,5.538216508770658
2.047999999999996,5.5378385695988674
2.049999999999996,5.537460381047429
2.0519999999999956,5.53708195666315
2.0539999999999954,5.53670328676487
2.055999999999995,5.536324374537489
2.057999999999995,5.535945218820005
2.0599999999999947,5.535565821130725
2.0619999999999945,5.535186180608126
2.0639999999999943,5.534806303422177
2.065999999999994,5.53442618703772
2.067999999999994,5.534045826917021
2.0699999999999936,5.533665218868941
2.0719999999999934,5.533284367822926
2.073999999999993,5.532903270916952
2.075999999999993,5.532521923673851
2.0779999999999927,5.532140322082267
2.0799999999999925,5.531758471290333
2.0819999999999923,5.53137636862548
2.083999999999992,5.530994009794591
2.085999999999992,5.530611390948601
2.0879999999999916,5.530228517386327
2.0899999999999914,5.529845378319635
2.091999999999991,5.5294619864210315
2.093999999999991,5.529078331559823
2.0959999999999908,5.528694416880178
2.0979999999999905,5.528310239443105
2.0999999999999903,5.527925795275588
2.10199999999999,5.5275410809934895
2.10399999999999,5.527156102355707
2.1059999999999897,5.526770857221616
2.1079999999999894,5.526385341733587
2.109999999999989,5.52599956075816
2.111999999999989,5.5256135031223526
2.1139999999999888,5.525227173170862
2.1159999999999886,5.524840577743013
2.1179999999999883,5.5244537054480976
2.119999999999988,5.524066559884587
2.121999999999988,5.523679138948331
2.1239999999999877,5.523291449596532
2.1259999999999875,5.522903508157147
2.1279999999999872,5.522515316021279
2.129999999999987,5.522126891382087
2.131999999999987,5.521738226206645
2.1339999999999866,5.521349324234041
2.1359999999999864,5.5209601824841315
2.137999999999986,5.5205707967607
2.139999999999986,5.5201811633621265
2.1419999999999857,5.519791287762782
2.1439999999999855,5.5194011675283985
2.1459999999999853,5.519010798515328
2.147999999999985,5.51862017700642
2.149999999999985,5.518229308496384
2.1519999999999846,5.517838190602047
2.1539999999999844,5.517446819261179
2.155999999999984,5.517055190858205
2.157999999999984,5.516663311009194
2.1599999999999837,5.516271177441397
2.1619999999999835,5.515878786200325
2.1639999999999833,5.5154861337822165
2.165999999999983,5.51509322592324
2.167999999999983,5.514700060456051
2.1699999999999826,5.514306633538651
2.1719999999999824,5.513912944842367
2.173999999999982,5.513519004523865
2.175999999999982,5.513124812162489
2.1779999999999817,5.512730364383172
2.1799999999999815,5.512335666097744
2.1819999999999813,5.511940705878365
2.183999999999981,5.5115454878632635
2.185999999999981,5.5111500187614935
2.1879999999999806,5.510754286928403
2.1899999999999804,5.510358295881843
2.19199999999998,5.509962043461449
2.19399999999998,5.509565526367489
2.1959999999999797,5.509168741726048
2.1979999999999795,5.50877169578022
2.1999999999999793,5.508374386697665
2.201999999999979,5.507976819903189
2.203999999999979,5.507578997256477
2.2059999999999786,5.5071809374080365
2.2079999999999784,5.506782644245295
2.209999999999978,5.506384116283085
2.211999999999978,5.505985359100736
2.2139999999999778,5.505586369684925
2.2159999999999775,5.505187143285474
2.2179999999999773,5.504787675723338
2.219999999999977,5.504387963824066
2.221999999999977,5.5039880137011785
2.2239999999999767,5.503587823341087
2.2259999999999764,5.503187388861899
2.227999999999976,5.502786715154622
2.229999999999976,5.50238579077876
2.231999999999976,5.501984619938603
2.2339999999999756,5.501583200985616
2.2359999999999753,5.5011815393685755
2.237999999999975,5.500779623626828
2.239999999999975,5.500377457885222
2.2419999999999747,5.499975048975879
2.2439999999999745,5.499572385227676
2.2459999999999742,5.4991694701934355
2.247999999999974,5.498766301671692
2.249999999999974,5.498362876369903
2.2519999999999736,5.497959191430058
2.2539999999999734,5.497555253196673
2.255999999999973,5.4971510598963516
2.257999999999973,5.496746607923861
2.2599999999999727,5.49634189405348
2.2619999999999725,5.4959369243789675
2.2639999999999723,5.495531696992365
2.265999999999972,5.495126208291295
2.267999999999972,5.494720463617586
2.2699999999999716,5.494314460428359
2.2719999999999714,5.493908194671274
2.273999999999971,5.493501662917346
2.275999999999971,5.493094862743122
2.2779999999999707,5.492687801046575
2.2799999999999705,5.492280476516734
2.2819999999999703,5.491872897303443
2.28399999999997,5.491465072240023
2.28599999999997,5.491057017554731
2.2879999999999696,5.49064873559858
2.2899999999999694,5.490240224149386
2.291999999999969,5.489831488581785
2.293999999999969,5.48942252581183
2.2959999999999687,5.489013322544082
2.2979999999999685,5.488603891904925
2.2999999999999683,5.488194224226097
2.301999999999968,5.487784323389393
2.303999999999968,5.48737418685746
2.3059999999999676,5.486963810830661
2.3079999999999674,5.486553191978955
2.309999999999967,5.486142336308958
2.311999999999967,5.485731418750442
2.3139999999999668,5.485320474436672
2.3159999999999665,5.484909375001616
2.3179999999999663,5.484498058301485
2.319999999999966,5.484086497467473
2.321999999999966,5.483674690973502
2.3239999999999656,5.483262627190003
2.3259999999999654,5.482850311957127
2.327999999999965,5.4824377537944855
2.329999999999965,5.482024942241718
2.3319999999999648,5.481611881651947
2.3339999999999645,5.481198570309597
2.3359999999999643,5.480785005195644
2.337999999999964,5.480371192137641
2.339999999999964,5.47995712891661
2.3419999999999637,5.4795428117074625
2.3439999999999634,5.47912823717437
2.3459999999999632,5.478713411478435
2.347999999999963,5.478298332858685
2.349999999999963,5.4778829977679075
2.3519999999999626,5.477467403052912
2.3539999999999623,5.477051554956129
2.355999999999962,5.47663544317927
2.357999999999962,5.476219081496964
2.3599999999999617,5.475802460302495
2.3619999999999615,5.475385586208411
2.3639999999999612,5.474968463071259
2.365999999999961,5.474551112800631
2.367999999999961,5.474133528583551
2.3699999999999606,5.473715706345924
2.3719999999999604,5.473297652186952
2.37399999999996,5.472879364304928
2.37599999999996,5.472460847623184
2.3779999999999597,5.47204209003884
2.3799999999999595,5.471623095320212
2.3819999999999593,5.471203861534905
2.383999999999959,5.470784385563461
2.385999999999959,5.4703646732128135
2.3879999999999586,5.469944713598749
2.3899999999999584,5.469524511506574
2.391999999999958,5.469104066742485
2.393999999999958,5.468683388543331
2.3959999999999577,5.468262475851161
2.3979999999999575,5.467841324724914
2.3999999999999573,5.467419931356086
2.401999999999957,5.466998292832528
2.403999999999957,5.466576415679576
2.4059999999999566,5.466154298204075
2.4079999999999564,5.465731936809124
2.409999999999956,5.4653093282030385
2.411999999999956,5.4648864785253135
2.4139999999999557,5.464463385876022
2.4159999999999555,5.46404004660148
2.4179999999999553,5.4636164574208825
2.419999999999955,5.463192624519997
2.421999999999955,5.462768537395549
2.4239999999999546,5.462344201205607
2.4259999999999544,5.461919623608033
2.427999999999954,5.461494793297786
2.429999999999954,5.461069714299508
2.4319999999999538,5.460644384746465
2.4339999999999535,5.460218810237381
2.4359999999999533,5.459792979312377
2.437999999999953,5.459366896435662
2.439999999999953,5.458940560225463
2.4419999999999527,5.458513968854023
2.4439999999999524,5.458087139404743
2.445999999999952,5.457660079091693
2.447999999999952,5.457232787529497
2.4499999999999518,5.456805262205703
2.4519999999999516,5.456377509241114
2.4539999999999513,5.455949517749692
2.455999999999951,5.455521292489709
2.457999999999951,5.455092840760163
2.4599999999999507,5.454664150855446
2.4619999999999505,5.454235226502708
2.4639999999999502,5.453806065558029
2.46599999999995,5.453376664715511
2.46799999999995,5.45294702110041
2.4699999999999496,5.452517141249222
2.4719999999999493,5.4520870234390895
2.473999999999949,5.451656664047779
2.475999999999949,5.451226059805252
2.4779999999999487,5.450795216982996
2.4799999999999485,5.450364133712563
2.4819999999999482,5.449932806327872
2.483999999999948,5.449501231563107
2.485999999999948,5.449069415778841
2.4879999999999476,5.448637357254458
2.4899999999999474,5.4482050524366725
2.491999999999947,5.447772498138371
2.493999999999947,5.447339700770164
2.4959999999999467,5.446906649881073
2.4979999999999465,5.446473350843252
2.4999999999999463,5.446039813381838
2.501999999999946,5.445606028715826
2.503999999999946,5.445172001962292
2.5059999999999456,5.444737731568228
2.5079999999999454,5.444303214491092
2.509999999999945,5.443868456721059
2.511999999999945,5.443433456052055
2.5139999999999447,5.4429982085743
2.5159999999999445,5.442562710888556
2.5179999999999443,5.442126960576085
2.519999999999944,5.441690964776325
2.521999999999944,5.441254722245361
2.5239999999999436,5.44081823338679
2.5259999999999434,5.440381514876466
2.527999999999943,5.439944561010842
2.529999999999943,5.4395073783713
2.5319999999999427,5.4390699747213205
2.5339999999999425,5.438632338128323
2.5359999999999423,5.438194472116569
2.537999999999942,5.437756374320214
2.539999999999942,5.437318041252582
2.5419999999999416,5.436879469891536
2.5439999999999414,5.436440666781246
2.545999999999941,5.4360016213637135
2.547999999999941,5.435562338902386
2.5499999999999408,5.435122827187429
2.5519999999999405,5.434683074663809
2.5539999999999403,5.434243085323251
2.55599999999994,5.4338028571969925
2.55799999999994,5.433362387210288
2.5599999999999397,5.432921681632726
2.5619999999999394,5.432480729572337
2.563999999999939,5.432039536119674
2.565999999999939,5.431598100214036
2.5679999999999388,5.431156428109451
2.5699999999999386,5.430714517256395
2.5719999999999383,5.430272354524541
2.573999999999938,5.429829954037807
2.575999999999938,5.4293873065699
2.5779999999999377,5.428944416807458
2.5799999999999375,5.428501282860655
2.5819999999999372,5.428057901502232
2.583999999999937,5.427614269952802
2.585999999999937,5.427170395076903
2.5879999999999366,5.42672627540935
2.5899999999999364,5.42628190756505
2.591999999999936,5.425837288501728
2.593999999999936,5.425392424908821
2.5959999999999357,5.424947315222747
2.5979999999999355,5.424501956007675
2.5999999999999353,5.424056344235813
2.601999999999935,5.4236104866283625
2.603999999999935,5.423164381837135
2.6059999999999346,5.422718033893021
2.6079999999999344,5.422271450325947
2.609999999999934,5.4218246421799465
2.611999999999934,5.421377600113077
2.6139999999999337,5.4209303295098
2.6159999999999335,5.4204828379322
2.6179999999999333,5.42003511335112
2.619999999999933,5.419587159469487
2.621999999999933,5.419138974046919
2.6239999999999326,5.418690553667238
2.6259999999999324,5.41824189537181
2.627999999999932,5.417793005936559
2.629999999999932,5.417343883742891
2.6319999999999317,5.416894525147908
2.6339999999999315,5.416444926822564
2.6359999999999313,5.4159950952066405
2.637999999999931,5.415545028446699
2.639999999999931,5.415094722804604
2.6419999999999306,5.414644174954287
2.6439999999999304,5.41419339138468
2.64599999999993,5.413742370304415
2.64799999999993,5.413291108044552
2.6499999999999297,5.412839601344429
2.6519999999999295,5.41238784784441
2.6539999999999293,5.411935854901492
2.655999999999929,5.411483621324775
2.657999999999929,5.411031143828699
2.6599999999999286,5.410578428327713
2.6619999999999284,5.410125472467478
2.663999999999928,5.409672272213457
2.665999999999928,5.409218824211708
2.6679999999999278,5.408765126221872
2.6699999999999275,5.408311185742618
2.6719999999999273,5.407857001684155
2.673999999999927,5.407402570873522
2.675999999999927,5.406947890375505
2.6779999999999267,5.406492967048549
2.6799999999999264,5.406037799381755
2.681999999999926,5.405582383950673
2.683999999999926,5.405126726697597
2.685999999999926,5.404670816359476
2.6879999999999256,5.404214663183148
2.6899999999999253,5.403758273937276
2.691999999999925,5.403301658323516
2.693999999999925,5.4028448058167875
2.6959999999999247,5.402387721250956
2.6979999999999245,5.40193040315801
2.6999999999999242,5.401472857570647
2.701999999999924,5.401015072629537
2.703999999999924,5.40055705286856
2.7059999999999236,5.400098796796118
2.7079999999999234,5.399640302003415
2.709999999999923,5.399181576991423
2.711999999999923,5.3987226117361224
2.7139999999999227,5.3982634117766395
2.7159999999999225,5.397803985111274
2.7179999999999223,5.39734431990023
2.719999999999922,5.396884420209663
2.721999999999922,5.39642428404801
2.7239999999999216,5.395963908199338
2.7259999999999214,5.395503289881164
2.727999999999921,5.395042436121211
2.729999999999921,5.394581345412392
2.7319999999999207,5.394120014229577
2.7339999999999205,5.393658439374283
2.7359999999999203,5.393196627572868
2.73799999999992,5.392734568090341
2.73999999999992,5.392272266524099
2.7419999999999196,5.3918097311878705
2.7439999999999194,5.391346950518969
2.745999999999919,5.390883928897205
2.747999999999919,5.3904206646028285
2.7499999999999187,5.3899571546597365
2.7519999999999185,5.389493405574232
2.7539999999999183,5.389029415411569
2.755999999999918,5.388565180411665
2.757999999999918,5.388100697299879
2.7599999999999176,5.387635982112902
2.7619999999999174,5.387171350512289
2.763999999999917,5.386706619630056
2.765999999999917,5.386241686979795
2.7679999999999167,5.385776518974073
2.7699999999999165,5.385311105228187
2.7719999999999163,5.384845456327028
2.773999999999916,5.384379573724939
2.775999999999916,5.383913446738967
2.7779999999999156,5.383447091350335
2.7799999999999154,5.382980498899423
2.781999999999915,5.382513674451686
2.783999999999915,5.382046607087712
2.7859999999999148,5.381579302616895
2.7879999999999145,5.381111769593649
2.7899999999999143,5.380643996620365
2.791999999999914,5.380175988126652
2.793999999999914,5.379707742367913
2.7959999999999137,5.379239256304836
2.7979999999999134,5.378770536354322
2.7999999999999132,5.378301571414531
2.801999999999913,5.377832366825066
2.803999999999913,5.377362930775529
2.8059999999999126,5.376893251623384
2.8079999999999123,5.37642333373333
2.809999999999912,5.375953176240394
2.811999999999912,5.375482777701117
2.8139999999999117,5.375012136183962
2.8159999999999115,5.374541259112145
2.8179999999999112,5.374070145138619
2.819999999999911,5.373598790788854
2.821999999999911,5.3731271928922855
2.8239999999999106,5.3726553582732235
2.8259999999999104,5.372183285321012
2.82799999999991,5.371710970507521
2.82999999999991,5.371238410674053
2.8319999999999097,5.370765612785552
2.8339999999999095,5.370292566280119
2.8359999999999093,5.36981927696289
2.837999999999909,5.369345753389244
2.839999999999909,5.368871984078946
2.8419999999999086,5.368397973571601
2.8439999999999084,5.367923720274642
2.845999999999908,5.367449221313547
2.847999999999908,5.366974483381825
2.8499999999999077,5.366499504675424
2.8519999999999075,5.366024275636966
2.8539999999999073,5.365548817499539
2.855999999999907,5.365073123810902
2.857999999999907,5.364597200436625
2.8599999999999066,5.364121045616342
2.8619999999999064,5.363644655861537
2.863999999999906,5.363168028062063
2.865999999999906,5.3626911691362364
2.8679999999999057,5.3622140774605755
2.8699999999999055,5.3617367494255035
2.8719999999999053,5.361259181776322
2.873999999999905,5.3607813813547605
2.875999999999905,5.360303346526801
2.8779999999999046,5.3598250736981985
2.8799999999999044,5.359346559657835
2.881999999999904,5.358867802136406
2.883999999999904,5.35838880905345
2.8859999999999038,5.357909579543857
2.8879999999999035,5.357430110467843
2.8899999999999033,5.356950408095801
2.891999999999903,5.356470470216991
2.893999999999903,5.355990292851947
2.8959999999999027,5.355509872607126
2.8979999999999024,5.355029207216547
2.899999999999902,5.354548304595576
2.901999999999902,5.354067163893043
2.9039999999999018,5.3535857820296275
2.9059999999999016,5.353104156158409
2.9079999999999013,5.352622293570143
2.909999999999901,5.352140194063669
2.911999999999901,5.351657855328786
2.9139999999999007,5.3511752747226655
2.9159999999999004,5.350692442164174
2.9179999999999002,5.350209393859503
2.9199999999999,5.34972611072715
2.9219999999999,5.34924258408637
2.9239999999998996,5.348758810520969
2.9259999999998993,5.348274798252999
2.927999999999899,5.347790547062908
2.929999999999899,5.347306054449753
2.9319999999998987,5.346821327264367
2.9339999999998985,5.346336366936049
2.9359999999998982,5.345851174775812
2.937999999999898,5.345365749520636
2.939999999999898,5.344880089378898
2.9419999999998976,5.34439420210342
2.9439999999998974,5.343908086466551
2.945999999999897,5.343421739010442
2.947999999999897,5.342935156550587
2.9499999999998967,5.342448346092912
2.9519999999998965,5.3419613060695825
2.9539999999998963,5.341474032924635
2.955999999999896,5.340986523478594
2.957999999999896,5.340498775498531
2.9599999999998956,5.340010796905635
2.9619999999998954,5.33952258680961
2.963999999999895,5.339034142211816
2.965999999999895,5.338545469672298
2.9679999999998947,5.338056567115616
2.9699999999998945,5.337567421305094
2.9719999999998943,5.33707804770037
2.973999999999894,5.33658843721044
2.975999999999894,5.336098595257657
2.9779999999998936,5.335608511001012
2.9799999999998934,5.335118190912808
2.981999999999893,5.334627644398748
2.983999999999893,5.334136860301553
2.9859999999998927,5.333645843712263
2.9879999999998925,5.333154593406386
2.9899999999998923,5.332663106781649
2.991999999999892,5.33217139109213
2.993999999999892,5.331679445064923
2.9959999999998916,5.331187265394938
2.9979999999998914,5.330694849180251
2.999999999999891,5.330202194496291
3.001999999999891,5.329709309693104
3.0039999999998908,5.3292161942533225
3.0059999999998905,5.328722845758327
3.0079999999998903,5.328229262855752
3.00999999999989,5.327735453826271
3.01199999999989,5.327241417839525
3.0139999999998897,5.32674715218801
3.0159999999998894,5.326252658464698
3.017999999999889,5.3257579380916455
3.019999999999889,5.32526300050276
3.0219999999998888,5.324767845223975
3.0239999999998886,5.324272469150004
3.0259999999998883,5.32377687876786
3.027999999999888,5.323281062585376
3.029999999999888,5.3227850262865894
3.0319999999998877,5.322288769219071
3.0339999999998875,5.321792289185673
3.0359999999998872,5.321295593676346
3.037999999999887,5.320798671855403
3.039999999999887,5.320301529871435
3.0419999999998866,5.319804167417294
3.0439999999998864,5.319306592049467
3.045999999999886,5.31880879249369
3.047999999999886,5.318310774512803
3.0499999999998857,5.317812537561812
3.0519999999998855,5.3173140796314255
3.0539999999998853,5.3168154084871
3.055999999999885,5.316316523053624
3.057999999999885,5.315817410769236
3.0599999999998846,5.31531808808927
3.0619999999998844,5.314818546512082
3.063999999999884,5.314318782728935
3.065999999999884,5.313818805487117
3.0679999999998837,5.31331861509278
3.0699999999998835,5.312818209662198
3.0719999999998833,5.312317596972844
3.073999999999883,5.3118167664801055
3.075999999999883,5.311315724842929
3.0779999999998826,5.3108144723371495
3.0799999999998824,5.310313017198842
3.081999999999882,5.309811348786415
3.083999999999882,5.30930947358774
3.0859999999998817,5.308807391787403
3.0879999999998815,5.308305102104465
3.0899999999998813,5.307802603588184
3.091999999999881,5.3072998961360085
3.093999999999881,5.306796989956538
3.0959999999998806,5.306293889236795
3.0979999999998804,5.305790595470993
3.09999999999988,5.305287108276878
3.10199999999988,5.304783437693934
3.1039999999998797,5.304279584396268
3.1059999999998795,5.303775536785095
3.1079999999998793,5.3032713025952
3.109999999999879,5.302766893125674
3.111999999999879,5.302262298707117
3.1139999999998786,5.301757526197303
3.1159999999998784,5.30125256636886
3.117999999999878,5.300747427797568
3.119999999999878,5.3002421221191405
3.1219999999998778,5.299736639896442
3.1239999999998775,5.299230978683451
3.1259999999998773,5.298725148892782
3.127999999999877,5.298219152632243
3.129999999999877,5.297712989801854
3.1319999999998767,5.297206660463357
3.1339999999998764,5.296700165461146
3.135999999999876,5.296193516084015
3.137999999999876,5.29568670494062
3.139999999999876,5.2951797417219835
3.1419999999998756,5.294672629454999
3.1439999999998753,5.294165369494436
3.145999999999875,5.293657973052405
3.147999999999875,5.293150432766321
3.1499999999998747,5.292642758686463
3.1519999999998745,5.292134944829194
3.1539999999998742,5.291627003238036
3.155999999999874,5.29111927537345
3.157999999999874,5.2906115911765035
3.1599999999998736,5.290103843114965
3.1619999999998734,5.289595999617663
3.163999999999873,5.289088051154466
3.165999999999873,5.288579998825187
3.1679999999998727,5.288071848331734
3.1699999999998725,5.287563607126418
3.1719999999998723,5.287055283391206
3.173999999999872,5.28654689781782
3.175999999999872,5.286038452022228
3.1779999999998716,5.285529962528686
3.1799999999998714,5.285021428785177
3.181999999999871,5.284512867819642
3.183999999999871,5.284004280616649
3.1859999999998707,5.2834956860787585
3.1879999999998705,5.282987087151504
3.1899999999998703,5.282478504770321
3.19199999999987,5.281969944264193
3.19399999999987,5.281461429574386
3.1959999999998696,5.280952978101067
3.1979999999998694,5.280444596322775
3.199999999999869,5.279936301536158
3.201999999999869,5.2794281254499795
3.2039999999998687,5.278920082823871
3.2059999999998685,5.278412197267666
3.2079999999998683,5.277904497118436
3.209999999999868,5.277397014002931
3.211999999999868,5.27688977307372
3.2139999999998676,5.276382813021341
3.2159999999998674,5.275876179462041
3.217999999999867,5.2753699230235345
3.219999999999867,5.274864090071121
3.2219999999998667,5.274358743506679
3.2239999999998665,5.27385394792973
3.2259999999998663,5.2733497886713
3.227999999999866,5.272846357230471
3.229999999999866,5.272343771775395
3.2319999999998656,5.27184215518392
3.2339999999998654,5.271341678545776
3.235999999999865,5.27084253741741
3.237999999999865,5.2703449911273506
3.2399999999998648,5.269849381062694
3.2419999999998645,5.269356157589156
3.2439999999998643,5.26886594801686
3.245999999999864,5.2683797047066685
3.247999999999864,5.267898992889968
3.2499999999998637,5.267426826795283
3.2519999999998634,5.266971884160183
3.2539999999998632,4.498470024029713
3.255999999999863,4.081451878985459
3.257999999999863,3.8783564829036266
3.2599999999998626,3.789702452987755
3.2619999999998623,3.7559363250296816
3.263999999999862,3.745837304524743
3.265999999999862,3.744570894594978
3.2679999999998617,3.7457009796906555
3.2699999999998615,3.7467772644210253
3.2719999999998612,3.747074383898097
3.273999999999861,3.746540260564428
3.275999999999861,3.7453420832039193
3.2779999999998606,3.743675970670596
3.2799999999998604,3.741703785413933
3.28199999999986,3.7395416895701823
3.28399999999986,3.7372666959024543
3.2859999999998597,3.734927190424229
3.2879999999998595,3.732552356897476
3.2899999999998593,3.73015920545783
3.291999999999859,3.7277573558965855
3.293999999999859,3.725352098387901
3.2959999999998586,3.722946255701306
3.2979999999998584,3.720541292624901
3.299999999999858,3.7181379401848305
3.301999999999858,3.7157365458681544
3.3039999999998577,3.7133372665539195
3.3059999999998575,3.7109401728873763
3.3079999999998573,3.708545282792155
3.309999999999857,3.706152599213067
3.311999999999857,3.7037621137815515
3.3139999999998566,3.7013738267937297
3.3159999999998564,3.69898772947673
3.317999999999856,3.6966038170041036
3.319999999999856,3.6942220861239576
3.3219999999998557,3.691842534107327
3.3239999999998555,3.689465152791928
3.3259999999998553,3.6870899444973677
3.327999999999855,3.6847169025405355
3.329999999999855,3.6823460238024555
3.3319999999998546,3.679977306270731
3.3339999999998544,3.677610748060369
3.335999999999854,3.6752463415265457
3.337999999999854,3.672884089372946
3.3399999999998538,3.670523985121057
3.3419999999998535,3.6681660257965802
3.3439999999998533,3.6658102094917018
3.345999999999853,3.663456534399467
3.347999999999853,3.661104992900324
3.3499999999998527,3.658755587776297
3.3519999999998524,3.6564083125678812
3.353999999999852,3.6540631699529316
3.355999999999852,3.6517201529842755
3.3579999999998518,3.6493792582325506
3.3599999999998515,3.6470404834447794
3.3619999999998513,3.644703826584295
3.363999999999851,3.642369279846193
3.365999999999851,3.6400368459782024
3.3679999999998507,3.637706514165601
3.3699999999998504,3.635378289502215
3.3719999999998502,3.6330521733263113
3.37399999999985,3.6307281577597523
3.37599999999985,3.628406238816396
3.3779999999998496,3.6260864139270232
3.3799999999998493,3.6237686808874114
3.381999999999849,3.6214530317600295
3.383999999999849,3.6191394693075627
3.3859999999998487,3.6168279926888087
3.3879999999998485,3.614518593814804
3.3899999999998482,3.6122112691757016
3.391999999999848,3.6099060225266495
3.393999999999848,3.607602847006035
3.3959999999998476,3.6053017390611903
3.3979999999998474,3.603002696295662
3.399999999999847,3.6007057165695775
3.401999999999847,3.598410797671156
3.4039999999998467,3.5961179372315066
3.4059999999998465,3.593827132731686
3.4079999999998463,3.591538381536396
3.409999999999846,3.589251680928982
3.411999999999846,3.5869670223484396
3.4139999999998456,3.5846844082051907
3.4159999999998454,3.582403837395304
3.417999999999845,3.580125301565084
3.419999999999845,3.57784880289114
3.4219999999998447,3.575574334114676
3.4239999999998445,3.57330189763062
3.4259999999998443,3.5710314860627137
3.427999999999844,3.5687631016308146
3.429999999999844,3.566496736780577
3.4319999999998436,3.564232387761866
3.4339999999998434,3.561970058034238
3.435999999999843,3.5597097402596676
3.437999999999843,3.557451430558226
3.4399999999998427,3.5551951321970328
3.4419999999998425,3.5529408376325144
3.4439999999998423,3.5506885428308292
3.445999999999842,3.5484382450788567
3.447999999999842,3.5461899479314862
3.4499999999998416,3.543943643758694
3.4519999999998414,3.541699328357661
3.453999999999841,3.5394570047647833
3.455999999999841,3.537216665203206
3.4579999999998408,3.534978305478814
3.4599999999998405,3.5327419286957373
3.4619999999998403,3.5305075271147577
3.46399999999984,3.5282750965713126
3.46599999999984,3.52604464020346
3.4679999999998397,3.523816150264598
3.4699999999998394,3.521589628536071
3.471999999999839,3.5193650668576666
3.473999999999839,3.5171424669871207
3.4759999999998388,3.514921826813804
3.4779999999998386,3.5127031368768082
3.4799999999998383,3.510486398722047
3.481999999999838,3.5082716103866094
3.483999999999838,3.506058762613796
3.4859999999998377,3.503847857156049
3.4879999999998375,3.501638892177358
3.4899999999998372,3.4994318644894955
3.491999999999837,3.4972267705180085
3.493999999999837,3.4950236066313587
3.4959999999998366,3.492822369319046
3.4979999999998364,3.490623061195468
3.499999999999836,3.4884256735418004
3.501999999999836,3.4862302012836928
3.5039999999998357,3.484036646895183
3.5059999999998355,3.4818450019488174
3.5079999999998353,3.479655267777198
3.509999999999835,3.4774674417543157
3.511999999999835,3.475281519887908
3.5139999999998346,3.4730974918354223
3.5159999999998344,3.4709153648843794
3.517999999999834,3.468735131431626
3.519999999999834,3.466556786163244
3.5219999999998337,3.464380324851522
3.5239999999998335,3.462205749827468
3.5259999999998333,3.460033052111573
3.527999999999833,3.457862232464522
3.529999999999833,3.4556932877031863
3.5319999999998326,3.453526213317756
3.5339999999998324,3.451361006937059
3.535999999999832,3.4491976617171582
3.537999999999832,3.4470361725047973
3.5399999999998317,3.444876541031179
3.5419999999998315,3.442718757824533
3.5439999999998313,3.440562823241889
3.545999999999831,3.438408733707647
3.547999999999831,3.436256484315015
3.5499999999998306,3.434106075998753
3.5519999999998304,3.431957498254738
3.55399999999983,3.4298107504838176
3.55599999999983,3.4276658232244026
3.5579999999998297,3.425522715408063
3.5599999999998295,3.423381422819021
3.5619999999998293,3.421241946286412
3.563999999999829,3.4191042748802767
3.565999999999829,3.416968407458706
3.5679999999998286,3.414834339072836
3.5699999999998284,3.4127020635762153
3.571999999999828,3.4105715746679515
3.573999999999828,3.4084428662235786
3.5759999999998278,3.406315938442314
3.5779999999998275,3.404190786267552
3.5799999999998273,3.4020674029125932
3.581999999999827,3.3999457873696297
3.583999999999827,3.3978259273932485
3.5859999999998267,3.39570782042853
3.5879999999998264,3.3935914603975297
3.589999999999826,3.391476846104564
3.591999999999826,3.38936396471384
3.593999999999826,3.387252813164222
3.5959999999998256,3.385143384677118
3.5979999999998253,3.383035677358756
3.599999999999825,3.3809296765300196
3.601999999999825,3.378825379910867
3.6039999999998247,3.376722786115909
3.6059999999998245,3.374621881192632
3.6079999999998242,3.3725226605311036
3.609999999999824,3.3704251158150127
3.611999999999824,3.3683292436054924
3.6139999999998236,3.3662350350640575
3.6159999999998234,3.3641424797475037
3.617999999999823,3.3620515730343508
3.619999999999823,3.35996229941361
3.6219999999998227,3.3578746590340574
3.6239999999998225,3.3557886373519237
3.6259999999998223,3.353704228024284
3.627999999999822,3.3516214265966693
3.629999999999822,3.3495402222629305
3.6319999999998216,3.3474606023655338
3.6339999999998214,3.345382554148609
3.635999999999821,3.343306071071034
3.637999999999821,3.341231147044387
3.6399999999998207,3.3391577712308744
3.6419999999998205,3.337085929406956
3.6439999999998203,3.335015613157666
3.64599999999982,3.3329468095677455
3.64799999999982,3.3308795101661643
3.6499999999998196,3.3288137015433623
3.6519999999998194,3.3267493745656163
3.653999999999819,3.324686520769405
3.655999999999819,3.3226251200076122
3.6579999999998187,3.320565166478776
3.6599999999998185,3.3185066465032373
3.6619999999998183,3.316449544086516
3.663999999999818,3.314393847967183
3.665999999999818,3.3123395490020617
3.6679999999998176,3.3102866320588107
3.6699999999998174,3.308235085788507
3.671999999999817,3.3061848996122896
3.673999999999817,3.304136057465666
3.6759999999998167,3.30208854730437
3.6779999999998165,3.300042353003236
3.6799999999998163,3.297997467930018
3.681999999999816,3.2959538771006294
3.683999999999816,3.2939115634206844
3.6859999999998156,3.291870515038301
3.6879999999998154,3.2898307217064184
3.689999999999815,3.2877921733641107
3.691999999999815,3.2857548597185446
3.6939999999998148,3.2837187655561975
3.6959999999998145,3.281683879800479
3.6979999999998143,3.279650192888282
3.699999999999814,3.27761769580754
3.701999999999814,3.275586375255147
3.7039999999998137,3.273556226627535
3.7059999999998134,3.2715272386703895
3.7079999999998132,3.2694994034374263
3.709999999999813,3.2674727144775195
3.711999999999813,3.265447161076655
3.7139999999998126,3.2634227437387744
3.7159999999998123,3.2613994547935214
3.717999999999812,3.259377294136196
3.719999999999812,3.2573562563765144
3.7219999999998117,3.2553363390647103
3.7239999999998115,3.253317541695509
3.7259999999998112,3.251299859580443
3.727999999999811,3.2492832991548006
3.729999999999811,3.2472678647258735
3.7319999999998106,3.245253556556963
3.7339999999998104,3.2432403786719965
3.73599999999981,3.2412283407029667
3.73799999999981,3.2392174467648585
3.7399999999998097,3.2372077039593785
3.7419999999998095,3.23519911768263
3.7439999999998093,3.2331917009429976
3.745999999999809,3.2311854622975846
3.747999999999809,3.2291804165594282
3.7499999999998086,3.2271765737143228
3.7519999999998084,3.2251739432465922
3.753999999999808,3.2231725420938884
3.755999999999808,3.221172382809763
3.7579999999998077,3.2191734836318737
3.7599999999998075,3.2171758578547474
3.7619999999998073,3.2151795178368956
3.763999999999807,3.2131844795606885
3.765999999999807,3.211190763283907
3.7679999999998066,3.2091983806965154
3.7699999999998064,3.2072073506924283
3.771999999999806,3.205217687833212
3.773999999999806,3.203229405520872
3.7759999999998057,3.201242523064746
3.7779999999998055,3.19925705180736
3.7799999999998053,3.197273009982465
3.781999999999805,3.19529041117555
3.783999999999805,3.193309270281395
3.7859999999998046,3.1913295991812327
3.7879999999998044,3.1893514087697437
3.789999999999804,3.1873747153985796
3.791999999999804,3.1853995272604214
3.7939999999998038,3.1834258559724744
3.7959999999998035,3.181453713681476
3.7979999999998033,3.1794831089785918
3.799999999999803,3.177514051966301
3.801999999999803,3.175425101898815
3.8039999999998027,3.173319970750726
3.8059999999998024,3.171234594766305
3.807999999999802,3.1691765003196113
3.809999999999802,3.1671428322799775
3.8119999999998018,3.165128077960736
3.8139999999998015,3.163127013127017
3.8159999999998013,3.1611355619115167
3.817999999999801,3.1591508321044284
3.819999999999801,3.1571708867322066
3.8219999999998007,3.1551944783739576
3.8239999999998004,3.1532208273186186
3.8259999999998002,3.151249456567698
3.8279999999998,3.1492800808984613
3.8299999999998,3.1473125313664254
3.8319999999997996,3.145346709541951
3.8339999999997993,3.143382558991193
3.835999999999799,3.141420047053859
3.837999999999799,3.139459155179903
3.8399999999997987,3.1374998722366594
3.8419999999997985,3.1355421913703765
3.8439999999997982,3.133586108535841
3.845999999999798,3.131631620669354
3.847999999999798,3.129678725348963
3.8499999999997976,3.1277274209017065
3.8519999999997974,3.1257777059184706
3.853999999999797,3.123829578319557
3.855999999999797,3.121883036679631
3.8579999999997967,3.119938079751998
3.8599999999997965,3.117994705922845
3.8619999999997963,3.1160529135082826
3.863999999999796,3.11411270118646
3.865999999999796,3.112174067374571
3.8679999999997956,3.110237010761616
3.8699999999997954,3.1083015297655714
3.871999999999795,3.106367622738873
3.873999999999795,3.1044352883654054
3.8759999999997947,3.1025045254057084
3.8779999999997945,3.1005753319720863
3.8799999999997943,3.0986477069888516
3.881999999999794,3.0967216486319322
3.883999999999794,3.094797155542735
3.8859999999997936,3.0928742264643847
3.8879999999997934,3.0909528598546836
3.889999999999793,3.089033054094138
3.891999999999793,3.087114807851311
3.8939999999997927,3.0851981196094114
3.8959999999997925,3.083282988055521
3.8979999999997923,3.081369411650678
3.899999999999792,3.079457389083615
3.901999999999792,3.077546918809533
3.9039999999997916,3.07563799924844
3.9059999999997914,3.073730629100338
3.907999999999791,3.0718248068487255
3.909999999999791,3.069920531196484
3.9119999999997908,3.0680178006463112
3.9139999999997905,3.066116613896124
3.9159999999997903,3.064216969416921
3.91799999999979,3.062318865891255
3.91999999999979,3.0604223018042425
3.9219999999997897,3.058527275836101
3.9239999999997894,3.0566337864754307
3.925999999999789,3.05474183217053
3.927999999999789,3.0528514116219827
3.9299999999997888,3.0509625235715103
3.9319999999997886,3.0490751663213906
3.9339999999997883,3.047189338725883
3.935999999999788,3.045305039336952
3.937999999999788,3.04342226664731
3.9399999999997877,3.0415410193214845
3.9419999999997875,3.0396612958832874
3.9439999999997872,3.037783095034913
3.945999999999787,3.0359064152969917
3.947999999999787,3.034031255358831
3.9499999999997866,3.0321576137440855
3.9519999999997864,3.0302854889696778
3.953999999999786,3.0284148799060726
3.955999999999786,3.026545784948785
3.9579999999997857,3.0246782027542327
3.9599999999997855,3.0228121320430485
3.9619999999997852,3.020947571348064
3.963999999999785,3.0190845191875564
3.965999999999785,3.017222974253981
3.9679999999997846,3.01536293527348
3.9699999999997844,3.013504400796976
3.971999999999784,3.0116473694928105
3.973999999999784,3.009791839906423
3.9759999999997837,3.007937810562005
3.9779999999997835,3.0060852801495224
3.9799999999997833,3.004234247388067
3.981999999999783,3.0023847108423847
3.983999999999783,3.0005366690603164
3.9859999999997826,2.9986901207260015
3.9879999999997824,2.9968450645466986
3.989999999999782,2.995001499096023
3.991999999999782,2.9931594230551957
3.9939999999997817,2.9913188349821582
3.9959999999997815,2.989479733442229
3.9979999999997813,2.987642117117166
3.999999999999781,2.98580598471381
4.001999999999781,2.9839713348202332
4.003999999999781,2.982138166113834
4.005999999999781,2.9803064771688685
4.007999999999781,2.9784762666713185
4.00999999999978,2.9766475332172457
4.01199999999978,2.974820275375061
4.01399999999978,2.9729944919271274
4.01599999999978,2.9711701814878335
4.0179999999997795,2.969347342633978
4.019999999999779,2.967525974036772
4.021999999999779,2.9657060743117056
4.023999999999779,2.9638876421285842
4.025999999999779,2.9620706761069004
4.027999999999778,2.960255174916151
4.029999999999778,2.9584411372450967
4.031999999999778,2.956628561707199
4.033999999999778,2.954817446898195
4.0359999999997775,2.9530077915609305
4.037999999999777,2.9511995947179415
4.039999999999777,2.9493928544899966
4.041999999999777,2.9475875691368216
4.043999999999777,2.945783737663328
4.045999999999776,2.9439813588649177
4.047999999999776,2.9421804314656694
4.049999999999776,2.940380954098023
4.051999999999776,2.938582925348991
4.053999999999776,2.936786343885084
4.055999999999775,2.934991208380985
4.057999999999775,2.933197517467453
4.059999999999775,2.9314052697667212
4.061999999999775,2.9296144639805646
4.0639999999997745,2.9278250987509677
4.065999999999774,2.926037172707758
4.067999999999774,2.924250684524847
4.069999999999774,2.92246563284139
4.071999999999774,2.9206820163361855
4.073999999999773,2.9188998336725342
4.075999999999773,2.917119083508212
4.077999999999773,2.9153397645106067
4.079999999999773,2.913561875319366
4.0819999999997725,2.911785414609546
4.083999999999772,2.910010381049917
4.085999999999772,2.9082367732923036
4.087999999999772,2.9064645899982495
4.089999999999772,2.904693829833575
4.091999999999771,2.9029244914643417
4.093999999999771,2.9011565735582834
4.095999999999771,2.899390074781067
4.097999999999771,2.8976249938035683
4.0999999999997705,2.8958613292886697
4.10199999999977,2.8940990799010806
4.10399999999977,2.8923382443156678
4.10599999999977,2.8905788211982353
4.10799999999977,2.8888208092234677
4.109999999999769,2.887064207059849
4.111999999999769,2.885309013374362
4.113999999999769,2.8835552268407985
4.115999999999769,2.8818028461303498
4.1179999999997685,2.8800518699302176
4.119999999999768,2.878302296899346
4.121999999999768,2.8765541257078
4.123999999999768,2.8748073550406392
4.125999999999768,2.8730619835644524
4.127999999999767,2.8713180099711577
4.129999999999767,2.869575432935829
4.131999999999767,2.86783425112216
4.133999999999767,2.86609446321763
4.1359999999997665,2.8643560678927042
4.137999999999766,2.862619063850084
4.139999999999766,2.860883449760225
4.141999999999766,2.859149224278485
4.143999999999766,2.8574163861134343
4.145999999999765,2.8556849339404784
4.147999999999765,2.8539548664632446
4.149999999999765,2.8522261823537374
4.151999999999765,2.850498880273458
4.1539999999997645,2.84877295893708
4.155999999999764,2.8470484170152073
4.157999999999764,2.8453252531759206
4.159999999999764,2.8436034661374023
4.161999999999764,2.8418830545744913
4.1639999999997634,2.84016401720424
4.165999999999763,2.838446352703322
4.167999999999763,2.8367300597394385
4.169999999999763,2.8350151370333245
4.171999999999763,2.833301583258199
4.173999999999762,2.831589397143139
4.175999999999762,2.829878577313251
4.177999999999762,2.828169122541752
4.179999999999762,2.8264610314548015
4.1819999999997615,2.824754302781461
4.183999999999761,2.8230489351984374
4.185999999999761,2.821344927443925
4.187999999999761,2.8196422782027777
4.189999999999761,2.817940986148208
4.19199999999976,2.816241050015115
4.19399999999976,2.8145424684917884
4.19599999999976,2.812845240250781
4.19799999999976,2.8111493640346645
4.1999999999997595,2.809454838535572
4.201999999999759,2.8077616625076636
4.203999999999759,2.8060698346294433
4.205999999999759,2.8043793535687396
4.207999999999759,2.8026902180013944
4.209999999999758,2.8010024266947777
4.211999999999758,2.7993159783394144
4.213999999999758,2.797630871695369
4.215999999999758,2.7959471054570124
4.2179999999997575,2.794264678293726
4.219999999999757,2.7925835889731476
4.221999999999757,2.7909038361832073
4.223999999999757,2.7892254186030847
4.225999999999757,2.787548334920172
4.227999999999756,2.78587258391003
4.229999999999756,2.7841981643711993
4.231999999999756,2.782525074910994
4.233999999999756,2.78085331428218
4.2359999999997555,2.779182881177882
4.237999999999755,2.7775137743841936
4.239999999999755,2.775845992606514
4.241999999999755,2.7741795345300573
4.243999999999755,2.7725143989390566
4.245999999999754,2.770850584433019
4.247999999999754,2.769188089889267
4.249999999999754,2.7675269139344434
4.251999999999754,2.765867055349278
4.2539999999997535,2.7642085128350162
4.255999999999753,2.7625512851975293
4.257999999999753,2.7608953710308386
4.259999999999753,2.7592407691222465
4.261999999999753,2.757587478304262
4.263999999999752,2.7559354971782652
4.265999999999752,2.75428482453523
4.267999999999752,2.752635459200889
4.269999999999752,2.7509873997760796
4.2719999999997516,2.749340645049858
4.273999999999751,2.74769519385805
4.275999999999751,2.7460510448013813
4.277999999999751,2.7444081966764537
4.279999999999751,2.742766648203872
4.2819999999997505,2.7411263982141967
4.28399999999975,2.7394874453087716
4.28599999999975,2.7378497882872663
4.28799999999975,2.7362134260088484
4.28999999999975,2.734578357085801
4.291999999999749,2.7329445803203183
4.293999999999749,2.7313120945707765
4.295999999999749,2.7296808984332537
4.297999999999749,2.728050990725408
4.2999999999997485,2.726422370173798
4.301999999999748,2.7247950354988895
4.303999999999748,2.723168985551437
4.305999999999748,2.7215442190715162
4.307999999999748,2.7199207347739542
4.309999999999747,2.718298531498912
4.311999999999747,2.7166776079875454
4.313999999999747,2.715057962951611
4.315999999999747,2.713439595112935
4.3179999999997465,2.7118225033287007
4.319999999999746,2.7102066863515044
4.321999999999746,2.708592142904968
4.323999999999746,2.706978871717183
4.325999999999746,2.7053668716624886
4.327999999999745,2.7037561414952367
4.329999999999745,2.702146679943575
4.331999999999745,2.700538485872133
4.333999999999745,2.6989315578951834
4.3359999999997445,2.6973258950056667
4.337999999999744,2.6957214958392335
4.339999999999744,2.694118359111714
4.341999999999744,2.692516483697729
4.343999999999744,2.690915868373592
4.345999999999743,2.6893165120181455
4.347999999999743,2.687718413383499
4.349999999999743,2.6861215710570985
4.351999999999743,2.684525984044217
4.3539999999997425,2.6829316509975585
4.355999999999742,2.681338570781314
4.357999999999742,2.679746742164386
4.359999999999742,2.678156163896263
4.361999999999742,2.6765668347329523
4.363999999999741,2.674978753579296
4.365999999999741,2.673391919214142
4.367999999999741,2.6718063303908863
4.369999999999741,2.670221985862304
4.3719999999997405,2.668638884539627
4.37399999999974,2.667057025208353
4.37599999999974,2.665476406619032
4.37799999999974,2.6638970275315716
4.37999999999974,2.6623188868632286
4.381999999999739,2.6607419834007904
4.383999999999739,2.659166315901998
4.385999999999739,2.6575918831284273
4.387999999999739,2.6560186840042257
4.3899999999997386,2.6544467120507367
4.391999999999738,2.6528759770507904
4.393999999999738,2.6513064734601546
4.395999999999738,2.6497381985346857
4.397999999999738,2.6481711508273897
4.3999999999997375,2.6466053291542893
4.401999999999737,2.6450407324070198
4.403999999999737,2.6434773596351318
4.405999999999737,2.64191520956252
4.407999999999737,2.640354281162562
4.409999999999736,2.6387945732842213
4.411999999999736,2.637236084889668
4.413999999999736,2.6356788146357553
4.415999999999736,2.634122761442681
4.4179999999997355,2.6325679241283955
4.419999999999735,2.631014301485379
4.421999999999735,2.6294618923126682
4.423999999999735,2.62791069558555
4.425999999999735,2.6263607068797796
4.427999999999734,2.6248119317067427
4.429999999999734,2.6232643662299493
4.431999999999734,2.6217180083284726
4.433999999999734,2.6201728567429097
4.4359999999997335,2.618628910316945
4.437999999999733,2.617086167911211
4.439999999999733,2.615544628393442
4.441999999999733,2.614004290791088
4.443999999999733,2.612465153803721
4.445999999999732,2.6109272164040074
4.447999999999732,2.60939047744519
4.449999999999732,2.60785493575591
4.451999999999732,2.6063205903132864
4.4539999999997315,2.6047874399518256
4.455999999999731,2.603255483299968
4.457999999999731,2.6017247193264454
4.459999999999731,2.6001951470581988
4.461999999999731,2.598666765164874
4.46399999999973,2.5971395726019173
4.46599999999973,2.5956135682138024
4.46799999999973,2.5940887508157857
4.46999999999973,2.5925651192298997
4.4719999999997295,2.5910426722943014
4.473999999999729,2.589521409019354
4.475999999999729,2.5880013280948875
4.477999999999729,2.5864824285092607
4.479999999999729,2.5849647091250922
4.481999999999728,2.5834481689468927
4.483999999999728,2.581932806649059
4.485999999999728,2.580418621207472
4.487999999999728,2.578905611475357
4.4899999999997275,2.5773937762886323
4.491999999999727,2.575883114486089
4.493999999999727,2.5743736249202294
4.495999999999727,2.572865306619599
4.497999999999727,2.5713581582870746
4.499999999999726,2.5698521789183455
4.501999999999726,2.5683473673998973
4.503999999999726,2.5668437225845047
4.505999999999726,2.5653412434931884
4.507999999999726,2.563839928820748
4.509999999999725,2.562339777566898
4.511999999999725,2.560840788609381
4.513999999999725,2.559342960799926
4.515999999999725,2.5578462929933674
4.5179999999997245,2.556350784061123
4.519999999999724,2.5548564330532266
4.521999999999724,2.553363238685896
4.523999999999724,2.5518711999784593
4.525999999999724,2.550380315821317
4.527999999999723,2.5488905850865535
4.529999999999723,2.547402006810691
4.531999999999723,2.545914579702618
4.533999999999723,2.5444283027740022
4.5359999999997225,2.542943174752339
4.537999999999722,2.541459194678296
4.539999999999722,2.5399763614684865
4.541999999999722,2.538494674002625
4.543999999999722,2.537014131337006
4.545999999999721,2.535534729021658
4.547999999999721,2.5340564728852835
4.549999999999721,2.532579358851302
4.551999999999721,2.5311033850276456
4.5539999999997205,2.529628550125477
4.55599999999972,2.5281548532361042
4.55799999999972,2.5266822931671515
4.55999999999972,2.525210868854759
4.56199999999972,2.523740579433975
4.563999999999719,2.522271423865894
4.565999999999719,2.5208034008859084
4.567999999999719,2.5193365095681557
4.569999999999719,2.51787074903939
4.5719999999997185,2.516406118032115
4.573999999999718,2.514942615416704
4.575999999999718,2.5134802402739505
4.577999999999718,2.5120189913681252
4.579999999999718,2.5105588677632085
4.581999999999717,2.5090998683972825
4.583999999999717,2.50764199217775
4.585999999999717,2.506185318650171
4.587999999999717,2.5047299245302135
4.5899999999997165,2.503275726111868
4.591999999999716,2.501822681220002
4.593999999999716,2.500370768967995
4.595999999999716,2.498919979161888
4.597999999999716,2.4974703067300554
4.599999999999715,2.4960217489365473
4.601999999999715,2.4945743042773216
4.603999999999715,2.4931279713365906
4.605999999999715,2.491682749166601
4.6079999999997145,2.4902386349154635
4.609999999999714,2.488795629464981
4.611999999999714,2.487353733953191
4.613999999999714,2.4859129454583924
4.615999999999714,2.4844732623392365
4.6179999999997134,2.483034683438455
4.619999999999713,2.481597207926245
4.621999999999713,2.480160834662614
4.623999999999713,2.478725562790215
4.625999999999713,2.477291391310248
4.627999999999712,2.4758583190148618
4.629999999999712,2.474426345019539
4.631999999999712,2.472995468320854
4.633999999999712,2.4715656878745276
4.6359999999997115,2.4701370028017275
4.637999999999711,2.468709411887448
4.639999999999711,2.4672829140484245
4.641999999999711,2.465857508420482
4.643999999999711,2.4644331939841044
4.64599999999971,2.4630099695119707
4.64799999999971,2.4615878341170134
4.64999999999971,2.460166786789289
4.65199999999971,2.458746826489724
4.6539999999997095,2.457327952175299
4.655999999999709,2.4559101628165534
4.657999999999709,2.4544934573832227
4.659999999999709,2.453077834846326
4.661999999999709,2.4516632943579624
4.663999999999708,2.4502498347381674
4.665999999999708,2.4488374550943877
4.667999999999708,2.44742615424758
4.669999999999708,2.4460159313202725
4.6719999999997075,2.4446067853170295
4.673999999999707,2.44319871520457
4.675999999999707,2.4417917199535144
4.677999999999707,2.4403857985334576
4.679999999999707,2.438980949931278
4.681999999999706,2.4375771731348723
4.683999999999706,2.4361744671393613
4.685999999999706,2.434772830941638
4.687999999999706,2.4333722637059907
4.6899999999997055,2.431972764270268
4.691999999999705,2.4305743317543658
4.693999999999705,2.429176965001838
4.695999999999705,2.427780663147726
4.697999999999705,2.42638542521423
4.699999999999704,2.424991250018554
4.701999999999704,2.423598136706358
4.703999999999704,2.4222060843173407
4.705999999999704,2.4208150918442253
4.7079999999997035,2.4194251582828192
4.709999999999703,2.418036282630933
4.711999999999703,2.416648463893024
4.713999999999703,2.415261701078718
4.715999999999703,2.4138759933609766
4.717999999999702,2.41249133959418
4.719999999999702,2.4111077387545428
4.721999999999702,2.40972519002908
4.723999999999702,2.4083436922866275
4.7259999999997016,2.406963244681776
4.727999999999701,2.4055838460857824
4.729999999999701,2.4042054956584225
4.731999999999701,2.402828192276898
4.733999999999701,2.401451935110969
4.7359999999997004,2.4000767232046365
4.7379999999997,2.3987025555702717
4.7399999999997,2.397329431213898
4.7419999999997,2.3959573489858066
4.7439999999997,2.394586308075493
4.745999999999699,2.393216307552069
4.747999999999699,2.3918473464437304
4.749999999999699,2.3904794237746603
4.751999999999699,2.3891125385687935
4.7539999999996985,2.387746690012055
4.755999999999698,2.386381876985952
4.757999999999698,2.3850180984849887
4.759999999999698,2.383655353555216
4.761999999999698,2.382293641250949
4.763999999999697,2.3809329607760623
4.765999999999697,2.3795733110335995
4.767999999999697,2.3782146910321313
4.769999999999697,2.376857099978751
4.7719999999996965,2.375500536780106
4.773999999999696,2.374145000613394
4.775999999999696,2.372790490386009
4.777999999999696,2.371437005122387
4.779999999999696,2.3700845440453095
4.781999999999695,2.3687331062312587
4.783999999999695,2.3673826905569957
4.785999999999695,2.366033296203656
4.787999999999695,2.364684922098358
4.7899999999996945,2.3633375674318686
4.791999999999694,2.3619912312877225
4.793999999999694,2.3606459125617048
4.795999999999694,2.3593016104475284
4.797999999999694,2.357958324024426
4.799999999999693,2.3566160522045845
4.801999999999693,2.3552747941831575
4.803999999999693,2.3539345490543546
4.805999999999693,2.3525953158709627
4.8079999999996925,2.351257093543155
4.809999999999692,2.3499198812738955
4.811999999999692,2.348583678163611
4.813999999999692,2.3472484832804827
4.815999999999692,2.345914295537899
4.817999999999691,2.344581114142939
4.819999999999691,2.3432489382048716
4.821999999999691,2.341917766788994
4.823999999999691,2.340587598965443
4.8259999999996905,2.3392584338008113
4.82799999999969,2.3379302702246365
4.82999999999969,2.336603107457495
4.83199999999969,2.33527694461201
4.83399999999969,2.333951780770505
4.835999999999689,2.3326276150021985
4.837999999999689,2.3313044463849035
4.839999999999689,2.3299822738652143
4.841999999999689,2.3286610966621013
4.8439999999996886,2.3273409138973356
4.845999999999688,2.3260217246558956
4.847999999999688,2.3247035280203985
4.849999999999688,2.3233863230707397
4.851999999999688,2.3220701087547506
4.8539999999996875,2.3207548843039767
4.855999999999687,2.319440648848599
4.857999999999687,2.318127401477655
4.859999999999687,2.3168151411463076
4.861999999999687,2.315503865945644
4.863999999999686,2.3141935753308687
4.865999999999686,2.312884271782983
4.867999999999686,2.3115759521315726
4.869999999999686,2.31026861495372
4.8719999999996855,2.308962259267266
4.873999999999685,2.3076568840975575
4.875999999999685,2.3063524887525735
4.877999999999685,2.3050490722946146
4.879999999999685,2.303746633996466
4.881999999999684,2.30244517301077
4.883999999999684,2.3011446883203477
4.885999999999684,2.299845179165058
4.887999999999684,2.298546644547144
4.8899999999996835,2.297249083696116
4.891999999999683,2.29595249562173
4.893999999999683,2.294656879431699
4.895999999999683,2.2933622343780327
4.897999999999683,2.2920685594718697
4.899999999999682,2.2907758539330625
4.901999999999682,2.2894841167730253
4.903999999999682,2.28819334709075
4.905999999999682,2.2869035440238106
4.9079999999996815,2.2856147068293793
4.909999999999681,2.284326834517585
4.911999999999681,2.2830399261934256
4.913999999999681,2.28175398098906
4.915999999999681,2.280468998037439
4.91799999999968,2.2791849764808307
4.91999999999968,2.2779019154480094
4.92199999999968,2.2766198140736256
4.92399999999968,2.2753386714916473
4.9259999999996795,2.274058486831354
4.927999999999679,2.272779259116394
4.929999999999679,2.271500987590523
4.931999999999679,2.2702236714159674
4.933999999999679,2.2689473097237345
4.935999999999678,2.2676719015351217
4.937999999999678,2.2663974460911964
4.939999999999678,2.2651239424392475
4.941999999999678,2.2638513898285186
4.9439999999996775,2.262579787306398
4.945999999999677,2.261309134111802
4.947999999999677,2.2600394292946673
4.949999999999677,2.2587706719889433
4.951999999999677,2.257502861454376
4.953999999999676,2.2562359967441363
4.955999999999676,2.254970076989085
4.957999999999676,2.25370510134603
4.959999999999676,2.252441068973172
4.961999999999676,2.2511779790330033
4.963999999999675,2.249915830681255
4.965999999999675,2.2486546230651947
4.967999999999675,2.2473943553431117
4.969999999999675,2.2461350265701863
4.9719999999996745,2.2448766359994434
4.973999999999674,2.243619182806998
4.975999999999674,2.242362666048772
4.977999999999674,2.241107084976552
4.979999999999674,2.239852438672511
4.981999999999673,2.2385987262930516
4.983999999999673,2.237345947095125
4.985999999999673,2.236094100166216
4.987999999999673,2.2348431846573846
4.9899999999996725,2.2335931997361986
4.991999999999672,2.2323441445778998
4.993999999999672,2.231096018355125
4.995999999999672,2.2298488202333746
4.997999999999672,2.228602549382252
4.999999999999671,2.2273572049739445
5.001999999999671,2.2261127860945997
5.003999999999671,2.2248692919966007
5.005999999999671,2.2236267217873604
5.0079999999996705,2.2223850747156773
5.00999999999967,2.2211443498947303
5.01199999999967,2.2199045464851173
5.01399999999967,2.218665663751023
5.01599999999967,2.2174277008009056
5.017999999999669,2.216190656798513
5.019999999999669,2.2149545309270904
5.021999999999669,2.2137193223719533
5.023999999999669,2.2124850302490557
5.0259999999996685,2.2112516538155984
5.027999999999668,2.210019192263991
5.029999999999668,2.2087876447104815
5.031999999999668,2.2075570104010818
5.033999999999668,2.206327288465271
5.035999999999667,2.2050984780815805
5.037999999999667,2.203870578451685
5.039999999999667,2.20264358883119
5.041999999999667,2.2014175083477983
5.0439999999996665,2.200192336176199
5.045999999999666,2.1989680714490007
5.047999999999666,2.1977447134243406
5.049999999999666,2.1965222613086044
5.051999999999666,2.1953007142407603
5.053999999999665,2.1940800714666726
5.055999999999665,2.192860332131955
5.057999999999665,2.1916414954286516
5.059999999999665,2.1904235605674343
5.0619999999996645,2.189206526796081
5.063999999999664,2.1879903932720373
5.065999999999664,2.1867751591273223
5.067999999999664,2.1855608236151602
5.069999999999664,2.1843473859443923
5.0719999999996634,2.183134845280411
5.073999999999663,2.1819232008728804
5.075999999999663,2.1807124518781658
5.077999999999663,2.1795025975057505
5.079999999999663,2.1782936370010026
5.081999999999662,2.1770855695372253
5.083999999999662,2.1758783943105744
5.085999999999662,2.174672110498753
5.087999999999662,2.1734667173458764
5.0899999999996615,2.172262214076073
5.091999999999661,2.171058599861194
5.093999999999661,2.1698558739440053
5.095999999999661,2.168654035508908
5.097999999999661,2.167453083766693
5.09999999999966,2.166253017933969
5.10199999999966,2.1650538372323025
5.10399999999966,2.1638555408733344
5.10599999999966,2.162658128075086
5.1079999999996595,2.1614615980300247
5.109999999999659,2.1602659499803796
5.111999999999659,2.159071183124553
5.113999999999659,2.157877296681916
5.115999999999659,2.1566842898766203
5.117999999999658,2.1554921619307557
5.119999999999658,2.1543009120723164
5.121999999999658,2.153110539521396
5.123999999999658,2.1519210434940144
5.1259999999996575,2.1507324232036056
5.127999999999657,2.149544677877663
5.129999999999657,2.1483578067562594
5.131999999999657,2.1471718090538485
5.133999999999657,2.145986683996162
5.135999999999656,2.144802430814136
5.137999999999656,2.143619048722101
5.139999999999656,2.142436536965341
5.141999999999656,2.141254894777814
5.1439999999996555,2.1400741213790857
5.145999999999655,2.138894216002406
5.147999999999655,2.1377151778845227
5.149999999999655,2.1365370062513995
5.151999999999655,2.1353597003435225
5.153999999999654,2.134183259395715
5.155999999999654,2.1330076826432482
5.157999999999654,2.1318329693198628
5.159999999999654,2.13065911866548
5.1619999999996535,2.1294861299171046
5.163999999999653,2.128314002319144
5.165999999999653,2.127142735105555
5.167999999999653,2.125972327516877
5.169999999999653,2.1248027788012
5.171999999999652,2.1236340881930666
5.173999999999652,2.1224662549436975
5.175999999999652,2.121299278296551
5.177999999999652,2.1201331574927322
5.1799999999996515,2.1189678917752315
5.181999999999651,2.1178034803884973
5.183999999999651,2.116639922599789
5.185999999999651,2.115477217629983
5.187999999999651,2.1143153647457176
5.1899999999996504,2.1131543631974616
5.19199999999965,2.111994212230354
5.19399999999965,2.110834911097052
5.19599999999965,2.1096764590429395
5.19799999999965,2.1085188553419365
5.199999999999649,2.1073620992193534
5.201999999999649,2.106206189950498
5.203999999999649,2.1050511267912193
5.205999999999649,2.103896908990275
5.2079999999996485,2.102743535798806
5.209999999999648,2.1015910064708794
5.211999999999648,2.100439320296542
5.213999999999648,2.0992884765385313
5.215999999999648,2.098138474441281
5.217999999999647,2.096989313253834
5.219999999999647,2.0958409922325236
5.221999999999647,2.0946935106358646
5.223999999999647,2.093546867721832
5.2259999999996465,2.092401062795928
5.227999999999646,2.091256095126305
5.229999999999646,2.0901119639666326
5.231999999999646,2.088968668562774
5.233999999999646,2.0878262081772125
5.235999999999645,2.086684582130618
5.237999999999645,2.0855437896236753
5.239999999999645,2.08440382996953
5.241999999999645,2.0832647024332487
5.2439999999996445,2.08212640628315
5.245999999999644,2.080988940838434
5.247999999999644,2.079852305299048
5.249999999999644,2.0787164989792903
5.251999999999644,2.077581521151934
5.253999999999643,2.0764473710089355
5.255999999999643,2.0753140479486705
5.257999999999643,2.0741815511876123
5.259999999999643,2.073049879972884
5.2619999999996425,2.0719190336494564
5.263999999999642,2.070789011496783
5.265999999999642,2.0696598127726853
5.267999999999642,2.0685314367378753
5.269999999999642,2.067403882746984
5.271999999999641,2.066277149983292
5.273999999999641,2.0651512377852237
5.275999999999641,2.064026145438679
5.277999999999641,2.0629018722065817
5.2799999999996405,2.0617784173558342
5.28199999999964,2.060655780247696
5.28399999999964,2.059533960071976
5.28599999999964,2.0584129561806255
5.28799999999964,2.0572927678572026
5.289999999999639,2.0561733943701666
5.291999999999639,2.0550548350902367
5.293999999999639,2.0539370891876603
5.295999999999639,2.052820156026209
5.2979999999996386,2.0517040348892137
5.299999999999638,2.05058872505152
5.301999999999638,2.049474225776124
5.303999999999638,2.048360536457464
5.305999999999638,2.0472476562627864
5.3079999999996375,2.046135584572794
5.309999999999637,2.0450243206696572
5.311999999999637,2.043913863947148
5.313999999999637,2.0428042135621767
5.315999999999637,2.0416953688862436
5.317999999999636,2.040587329206453
5.319999999999636,2.039480093798424
5.321999999999636,2.038373661933642
5.323999999999636,2.0372680328922166
5.3259999999996355,2.036163206091402
5.327999999999635,2.0350591808227687
5.329999999999635,2.0339559563519543
5.331999999999635,2.032853531955411
5.333999999999635,2.031751906905151
5.335999999999634,2.0306510806279983
5.337999999999634,2.0295510524207523
5.339999999999634,2.028451821547079
5.341999999999634,2.0273533872696046
5.3439999999996335,2.0262557490229565
5.345999999999633,2.0251589059487305
5.347999999999633,2.024062857456752
5.349999999999633,2.0229676028493433
5.351999999999633,2.0218731414089293
5.353999999999632,2.020779472556709
5.355999999999632,2.0196865933750376
5.357999999999632,2.018594503928989
5.359999999999632,2.0175032063621403
5.3619999999996315,2.0164127004048216
5.363999999999631,2.0153229847675376
5.365999999999631,2.0142340584070326
5.367999999999631,2.0131459202698205
5.369999999999631,2.0120585694142417
5.37199999999963,2.01097200498867
5.37399999999963,2.0098862263807153
5.37599999999963,2.00880123285418
5.37799999999963,2.0077170236593664
5.3799999999996295,2.0066335980526455
5.381999999999629,2.0055509553236583
5.383999999999629,2.004469094944998
5.385999999999629,2.0033880162201947
5.387999999999629,2.002307718421734
5.389999999999628,2.0012282008200684
5.391999999999628,2.0001494628903593
5.393999999999628,1.9990715039394642
5.395999999999628,1.9979943230373178
5.3979999999996275,1.996917919844908
5.399999999999627,1.995842293504726
5.401999999999627,1.9947674434584686
5.403999999999627,1.993693369005702
5.405999999999627,1.992620069423777
5.407999999999626,1.9915475439871577
5.409999999999626,1.9904757920015677
5.411999999999626,1.9894048129712563
5.413999999999626,1.9883346062128409
5.415999999999626,1.9872651709976847
5.417999999999625,1.986196506814906
5.419999999999625,1.9851286127471168
5.421999999999625,1.984061488254065
5.423999999999625,1.9829951328720599
5.4259999999996245,1.9819295456795307
5.427999999999624,1.9808647259104528
5.429999999999624,1.979800673096439
5.431999999999624,1.9787373865601556
5.433999999999624,1.977674865807562
5.435999999999623,1.97661310990211
5.437999999999623,1.9755521183163947
5.439999999999623,1.9744918903676065
5.441999999999623,1.9734324253348028
5.4439999999996225,1.9723737227437073
5.445999999999622,1.9713157816678404
5.447999999999622,1.9702586016040569
5.449999999999622,1.9692021818790835
5.451999999999622,1.968146522019905
5.453999999999621,1.9670916210808576
5.455999999999621,1.9660374785544605
5.457999999999621,1.9649840940080607
5.459999999999621,1.9639314664770287
5.4619999999996205,1.962879595450105
5.46399999999962,1.9618284799810457
5.46599999999962,1.9607781198534464
5.46799999999962,1.959728514161383
5.46999999999962,1.9586796621461946
5.471999999999619,1.957631563367226
5.473999999999619,1.9565842171627827
5.475999999999619,1.9555376230661194
5.477999999999619,1.9544917800963735
5.4799999999996185,1.9534466877554266
5.481999999999618,1.9524023453612185
5.483999999999618,1.9513587524628093
5.485999999999618,1.9503159080732508
5.487999999999618,1.9492738117084887
5.489999999999617,1.948232462693526
5.491999999999617,1.9471919042866075
5.493999999999617,1.9461522258161834
5.495999999999617,1.9451133568465613
5.4979999999996165,1.9440752619804502
5.499999999999616,1.9430379237882578
5.501999999999616,1.9420013338424285
5.503999999999616,1.940965488324912
5.505999999999616,1.9399303851037133
5.507999999999615,1.9388960228450007
5.509999999999615,1.9378624005736178
5.511999999999615,1.9368295177573582
5.513999999999615,1.9357973733025573
5.5159999999996145,1.9347659668955122
5.517999999999614,1.933735297295056
5.519999999999614,1.9327053634505953
5.521999999999614,1.9316761631949524
5.523999999999614,1.930764669201742
5.525999999999613,1.930060408043893
5.527999999999613,1.9294546764297822
5.529999999999613,1.9288937665955248
5.531999999999613,1.9283521205720975
5.533999999999613,1.927818056843687
5.535999999999612,1.927286482126359
5.537999999999612,1.9267553070013477
5.539999999999612,1.9262237470944037
5.541999999999612,1.9256915511251878
5.5439999999996115,1.9251586665536917
5.545999999999611,1.9246251032561852
5.547999999999611,1.9240908831422323
5.549999999999611,1.9235560242615066
5.551999999999611,1.9230205386043218
5.55399999999961,1.9224844325965562
5.55599999999961,1.9219477096937605
5.55799999999961,1.9214103702201668
5.55999999999961,1.9208724141260671
5.5619999999996095,1.920333840133207
5.563999999999609,1.9197946465177096
5.565999999999609,1.9192548317491762
5.567999999999609,1.9187143942651863
5.569999999999609,1.9181733324219123
5.571999999999608,1.9176316441665382
5.573999999999608,1.917089327408989
5.575999999999608,1.916546380781321
5.577999999999608,1.916002802287647
5.5799999999996075,1.9154585898194645
5.581999999999607,1.9149137416418425
5.583999999999607,1.914368256072544
5.585999999999607,1.9138221313970014
5.587999999999607,1.9132753654983667
5.589999999999606,1.9127279565695265
5.591999999999606,1.9121799025108528
5.593999999999606,1.911631201553057
5.595999999999606,1.9110818519686004
5.5979999999996055,1.9105318516400818
5.599999999999605,1.9099811987673132
5.601999999999605,1.90942989158183
5.603999999999605,1.908877927942352
5.605999999999605,1.908325306013735
5.607999999999604,1.9077720240120237
5.609999999999604,1.9072180797680396
5.611999999999604,1.906663471430665
5.613999999999604,1.9061081971985556
5.6159999999996035,1.9055522548830206
5.617999999999603,1.904995642620996
5.619999999999603,1.904438358225226
5.621999999999603,1.9038804002256324
5.623999999999603,1.9033217664495297
5.625999999999602,1.9027624546043542
5.627999999999602,1.9022024631776049
5.629999999999602,1.901641789986155
5.631999999999602,1.901080432716427
5.6339999999996015,1.900518389854445
5.635999999999601,1.8999556591970466
5.637999999999601,1.899392238413157
5.639999999999601,1.898828125978532
5.641999999999601,1.898263319668658
5.6439999999996004,1.897697817512739
5.6459999999996,1.8971316171945027
5.6479999999996,1.8965647167679158
5.6499999999996,1.8959971143454135
5.6519999999996,1.895428808001038
5.653999999999599,1.8948597953716237
5.655999999999599,1.8942900744438875
5.657999999999599,1.893719643278111
5.659999999999599,1.893148499511223
5.6619999999995985,1.8925766415283027
5.663999999999598,1.8920040665840427
5.665999999999598,1.8914307730123319
5.667999999999598,1.8908567584856397
5.669999999999598,1.8902820209684785
5.671999999999597,1.8897065584706276
5.673999999999597,1.8891303685630654
5.675999999999597,1.8885534495965002
5.677999999999597,1.8879757991611683
5.6799999999995965,1.8873974147200134
5.681999999999596,1.8868182946232825
5.683999999999596,1.8862384364816265
5.685999999999596,1.8856578381739117
5.687999999999596,1.8850764972280152
5.689999999999595,1.8844944119719895
5.691999999999595,1.883911579957864
5.693999999999595,1.8833279986148854
5.695999999999595,1.882743666263335
5.6979999999995945,1.8821585804575598
5.699999999999594,1.8815727390327628
5.701999999999594,1.8809861398862544
5.703999999999594,1.8803987808809597
5.705999999999594,1.8798106594052868
5.707999999999593,1.879221773263311
5.709999999999593,1.878632120328348
5.711999999999593,1.8780416984516115
5.713999999999593,1.8774505050128205
5.7159999999995925,1.8768585377886013
5.717999999999592,1.8762657946352355
5.719999999999592,1.8756722733799998
5.721999999999592,1.8750779718049517
5.723999999999592,1.8744828872153716
5.725999999999591,1.8738870173235702
5.727999999999591,1.873290359938124
5.729999999999591,1.8726929128433423
5.731999999999591,1.8720946733333113
5.7339999999995905,1.8714956391194923
5.73599999999959,1.8708958079871938
5.73799999999959,1.8702951777016885
5.73999999999959,1.8696937459772116
5.74199999999959,1.8690915100322745
5.743999999999589,1.8684884675205513
5.745999999999589,1.8678846166391712
5.747999999999589,1.867279954174937
5.749999999999589,1.8666744781590603
5.7519999999995886,1.8660681863384136
5.753999999999588,1.8654610758806316
5.755999999999588,1.8648531443672829
5.757999999999588,1.8642443894744436
5.759999999999588,1.8636348088626273
5.7619999999995875,1.863024399679181
5.763999999999587,1.8624131599815388
5.765999999999587,1.8618010869589934
5.767999999999587,1.8611881781405608
5.769999999999587,1.8605744311269485
5.771999999999586,1.8599598435109959
5.773999999999586,1.8593444123627336
5.775999999999586,1.858728135687451
5.777999999999586,1.8581110106133276
5.7799999999995855,1.8574930346130476
5.781999999999585,1.8568742052381024
5.783999999999585,1.856254520025241
5.785999999999585,1.855633975985964
5.787999999999585,1.855012571089438
5.789999999999584,1.854390302398579
5.791999999999584,1.8537671678337029
5.793999999999584,1.853143164385059
5.795999999999584,1.8525182893560108
5.7979999999995835,1.8518925399658854
5.799999999999583,1.8512659129846556
5.801999999999583,1.8506384062432888
5.803999999999583,1.8500100172131444
5.805999999999583,1.8493807427226139
5.807999999999582,1.8487505800828805
5.809999999999582,1.8481195267209363
5.811999999999582,1.8474875800580386
5.813999999999582,1.8468547374768431
5.8159999999995815,1.846220996323074
5.817999999999581,1.8455863539102755
5.819999999999581,1.8449508075299372
5.821999999999581,1.8443143539339846
5.823999999999581,1.8436769909202435
5.82599999999958,1.8430387153378718
5.82799999999958,1.842399524422207
5.82999999999958,1.8417594155079866
5.83199999999958,1.841118386445701
5.8339999999995795,1.8404764339707413
5.835999999999579,1.8398335551910816
5.837999999999579,1.8391897467838796
5.839999999999579,1.8385450065302176
5.841999999999579,1.8378993317788166
5.843999999999578,1.8372527197072872
5.845999999999578,1.8366051668972394
5.847999999999578,1.835956671016391
5.849999999999578,1.8353072287500154
5.8519999999995775,1.8346568377619867
5.853999999999577,1.8340054946906523
5.855999999999577,1.8333531971529364
5.857999999999577,1.8326999417361305
5.859999999999577,1.8320457254649367
5.861999999999576,1.8313905454773438
5.863999999999576,1.830734398904758
5.865999999999576,1.8300772834151608
5.867999999999576,1.8294191955073211
5.869999999999576,1.8287601320863218
5.871999999999575,1.8281000901777675
5.873999999999575,1.8274390668324918
5.875999999999575,1.8267770590761923
5.877999999999575,1.8261140639130713
5.8799999999995745,1.8254500783323933
5.881999999999574,1.8247850992990005
5.883999999999574,1.824119123760395
5.885999999999574,1.8234521486512505
5.887999999999574,1.8227841708943757
5.889999999999573,1.8221151873912373
5.891999999999573,1.8214451950502752
5.893999999999573,1.8207741907542998
5.895999999999573,1.820102171379587
5.8979999999995725,1.8194291337874084
5.899999999999572,1.8187550748287673
5.901999999999572,1.8180799913385737
5.903999999999572,1.8174038801516992
5.905999999999572,1.816726738081491
5.907999999999571,1.8160485619269109
5.909999999999571,1.8153693484857767
5.911999999999571,1.814689095148551
5.913999999999571,1.8140077980612745
5.9159999999995705,1.8133254538255188
5.91799999999957,1.8126420598095876
5.91999999999957,1.8119576121547878
5.92199999999957,1.8112721074681144
5.92399999999957,1.810585543118779
5.925999999999569,1.8098979152229993
5.927999999999569,1.8092092209904254
5.929999999999569,1.8085194571326118
5.931999999999569,1.8078286201985927
5.9339999999995685,1.8071367060863162
5.935999999999568,1.806443711993767
5.937999999999568,1.8057496346475348
5.939999999999568,1.8050544706163343
5.941999999999568,1.804358217076887
5.943999999999567,1.8036608698968346
5.945999999999567,1.8029624254466223
5.947999999999567,1.8022628809086658
5.949999999999567,1.8015622321902198
5.9519999999995665,1.8008604763526836
5.953999999999566,1.8001576099267473
5.955999999999566,1.7994536286395892
5.957999999999566,1.7987485295349566
5.959999999999566,1.7980423091691937
5.961999999999565,1.7973349646082846
5.963999999999565,1.7966264915380636
5.965999999999565,1.7959168868282163
5.967999999999565,1.795206146171085
5.9699999999995645,1.794494266499777
5.971999999999564,1.793781244226165
5.973999999999564,1.7930670756199218
5.975999999999564,1.7923517569286016
5.977999999999564,1.7916352844110413
5.979999999999563,1.7909176550343213
5.981999999999563,1.7901988643776428
5.983999999999563,1.7894789092501984
5.985999999999563,1.788757785925666
5.987999999999563,1.7880354905316107
5.989999999999562,1.7873120198989634
5.991999999999562,1.7865873694516934
5.993999999999562,1.7858615358882892
5.995999999999562,1.785134514668229
5.9979999999995615,1.7844063025479953
5.999999999999561,1.7836768964708412
