time,value
0.0,663478.5461508494
0.002,903956.2321840023
0.004,1010872.0550030369
0.006,1400424.7904505173
0.008,1733450.0237849322
0.01,1939096.4046953402
0.012,2045747.550167344
0.014,2093736.2788158103
0.016,2111711.6405284856
0.018000000000000002,2116005.8927711956
0.020000000000000004,2114764.693063918
0.022000000000000006,2111628.998242075
0.024000000000000007,2108041.7941312576
0.02600000000000001,2104484.3967803097
0.02800000000000001,2101067.53167464
0.030000000000000013,2097783.9836094086
0.032000000000000015,2094603.3747647274
0.034000000000000016,2091500.4602013691
0.03600000000000002,2088459.635990249
0.03800000000000002,2085472.6955345785
0.04000000000000002,2082535.951462561
0.04200000000000002,2079648.1305586416
0.044000000000000025,2076809.048908231
0.04600000000000003,2074018.8370284997
0.04800000000000003,2071277.5830477492
0.05000000000000003,2068585.347953797
0.05200000000000003,2065942.2384436722
0.054000000000000034,2063348.1521406092
0.056000000000000036,2060803.018831686
0.05800000000000004,2058306.7108158362
0.06000000000000004,2055859.0051283983
0.06200000000000004,2053459.668191746
0.06400000000000004,2051108.3957188027
0.06600000000000004,2048805.0110788916
0.06800000000000005,2046550.247856969
0.07000000000000005,2044345.3937354935
0.07200000000000005,2042191.369651194
0.07400000000000005,2040088.1806974448
0.07600000000000005,2038035.527189779
0.07800000000000006,2036032.9003999145
0.08000000000000006,2034079.8501140855
0.08200000000000006,2032175.7913535747
0.08400000000000006,2030320.1116414408
0.08600000000000006,2028512.2638854694
0.08800000000000006,2026751.511246672
0.09000000000000007,2025037.1643457545
0.09200000000000007,2023368.486679788
0.09400000000000007,2021744.704932854
0.09600000000000007,2020165.0158862092
0.09800000000000007,2018628.5410793058
0.10000000000000007,2017134.458250514
0.10200000000000008,2015682.1931681752
0.10400000000000008,2014274.0286673883
0.10600000000000008,2012912.2361335708
0.10800000000000008,2011597.824095469
0.11000000000000008,2010330.5256109308
0.11200000000000009,2009109.4161360648
0.11400000000000009,2007933.0931767237
0.11600000000000009,2006799.9829148932
0.11800000000000009,2005708.3160780957
0.12000000000000009,2004656.3442334116
0.1220000000000001,2003642.3842980876
0.1240000000000001,2002664.6405086068
0.12600000000000008,2001721.3775898747
0.12800000000000009,2000810.8970999639
0.1300000000000001,1999931.5272933566
0.1320000000000001,1999081.570936905
0.1340000000000001,1998259.4318234804
0.1360000000000001,1997463.47210603
0.1380000000000001,1996692.0514345353
0.1400000000000001,1995943.6424370566
0.1420000000000001,1995216.7311284777
0.1440000000000001,1994509.823241377
0.1460000000000001,1993821.3989023229
0.1480000000000001,1993150.0408775094
0.1500000000000001,1992494.3407437697
0.1520000000000001,1991852.9883840855
0.1540000000000001,1991226.5662130127
0.1560000000000001,1990616.7899199612
0.1580000000000001,1990024.7164969754
0.16000000000000011,1989450.716045269
0.16200000000000012,1988894.522012545
0.16400000000000012,1988355.5455614263
0.16600000000000012,1987835.96903739
0.16800000000000012,1987339.7249384976
0.17000000000000012,1986868.8705539152
0.17200000000000013,1986423.719532611
0.17400000000000013,1986003.1367495826
0.17600000000000013,1985605.3576458741
0.17800000000000013,1985228.412332289
0.18000000000000013,1984870.1991091599
0.18200000000000013,1984528.7205507045
0.18400000000000014,1984202.0822039435
0.18600000000000014,1983888.3865802737
0.18800000000000014,1983585.879801726
0.19000000000000014,1983292.9590223916
0.19200000000000014,1983008.022118532
0.19400000000000014,1982729.5476576698
0.19600000000000015,1982456.1261010652
0.19800000000000015,1982186.321584537
0.20000000000000015,1981918.758167941
0.20200000000000015,1981652.2028350215
0.20400000000000015,1981385.3018578836
0.20600000000000016,1981116.859725196
0.20800000000000016,1980845.6116735537
0.21000000000000016,1980570.4178703413
0.21200000000000016,1980291.2068318203
0.21400000000000016,1980011.8488438937
0.21600000000000016,1979736.1478595983
0.21800000000000017,1979466.2888865694
0.22000000000000017,1979203.2559505813
0.22200000000000017,1978947.1481988188
0.22400000000000017,1978697.7613497896
0.22600000000000017,1978454.553567796
0.22800000000000017,1978216.9953519849
0.23000000000000018,1977984.5759818233
0.23200000000000018,1977756.7546561614
0.23400000000000018,1977532.9387607793
0.23600000000000018,1977312.6702446467
0.23800000000000018,1977095.4574954053
0.24000000000000019,1976880.7514625646
0.2420000000000002,1976668.132668131
0.2440000000000002,1976457.0954149636
0.2460000000000002,1976247.2487143953
0.2480000000000002,1976038.1082696153
0.25000000000000017,1975829.2033130652
0.25200000000000017,1975620.2206970134
0.25400000000000017,1975410.6229665645
0.25600000000000017,1975200.0744156786
0.2580000000000002,1974988.1818360516
0.2600000000000002,1974774.5285308969
0.2620000000000002,1974558.6907486718
0.2640000000000002,1974341.266661394
0.2660000000000002,1974124.3781769697
0.2680000000000002,1973909.8289320266
0.2700000000000002,1973698.6626866502
0.2720000000000002,1973491.2977083703
0.2740000000000002,1973287.7364195753
0.2760000000000002,1973087.8218483368
0.2780000000000002,1972891.2762862858
0.2800000000000002,1972697.8240641174
0.2820000000000002,1972507.1963931946
0.2840000000000002,1972319.0835672296
0.2860000000000002,1972133.3899271605
0.2880000000000002,1971950.911340728
0.2900000000000002,1971772.3699602191
0.2920000000000002,1971597.8949976575
0.2940000000000002,1971427.357678136
0.2960000000000002,1971260.3170204088
0.2980000000000002,1971096.2833387752
0.3000000000000002,1970934.6527515324
0.3020000000000002,1970774.8793649485
0.3040000000000002,1970616.4512527771
0.3060000000000002,1970458.7319588948
0.3080000000000002,1970301.2837273027
0.3100000000000002,1970143.5156653405
0.3120000000000002,1969984.9712971712
0.3140000000000002,1969825.6065000833
0.3160000000000002,1969666.8367958178
0.3180000000000002,1969510.0493255507
0.32000000000000023,1969356.1171217773
0.32200000000000023,1969205.2792706867
0.32400000000000023,1969057.5139059876
0.32600000000000023,1968912.66066301
0.32800000000000024,1968770.4469365377
0.33000000000000024,1968630.604949222
0.33200000000000024,1968492.8747326261
0.33400000000000024,1968356.9558792154
0.33600000000000024,1968222.5842744855
0.33800000000000024,1968089.515559862
0.34000000000000025,1967957.419681073
0.34200000000000025,1967826.080151026
0.34400000000000025,1967695.2833615053
0.34600000000000025,1967564.7210932565
0.34800000000000025,1967434.2425953257
0.35000000000000026,1967303.5719507819
0.35200000000000026,1967172.4787663005
0.35400000000000026,1967040.7552718485
0.35600000000000026,1966908.1563631305
0.35800000000000026,1966774.5200327004
0.36000000000000026,1966639.6237309247
0.36200000000000027,1966503.268670293
0.36400000000000027,1966365.8868767004
0.36600000000000027,1966228.7395542886
0.36800000000000027,1966092.605932663
0.3700000000000003,1965958.0457134657
0.3720000000000003,1965825.167534425
0.3740000000000003,1965693.9397293981
0.3760000000000003,1965564.3075211823
0.3780000000000003,1965436.058965718
0.3800000000000003,1965309.0151985956
0.3820000000000003,1965183.0645541747
0.3840000000000003,1965058.0288974082
0.3860000000000003,1964933.7521549207
0.3880000000000003,1964810.041884645
0.3900000000000003,1964686.7895052477
0.3920000000000003,1964563.8267383256
0.3940000000000003,1964441.0094530461
0.3960000000000003,1964318.2058016856
0.3980000000000003,1964195.2903510735
0.4000000000000003,1964072.0930778873
0.4020000000000003,1963948.4751766352
0.4040000000000003,1963824.3613785086
0.4060000000000003,1963699.5583685196
0.4080000000000003,1963573.9690914715
0.4100000000000003,1963447.4908557255
0.4120000000000003,1963319.9903882414
0.4140000000000003,1963191.94344161
0.4160000000000003,1963064.172955973
0.4180000000000003,1962937.182626546
0.4200000000000003,1962811.229902011
0.4220000000000003,1962686.4946736898
0.4240000000000003,1962562.9019706266
0.4260000000000003,1962440.4050347318
0.4280000000000003,1962318.8730756398
0.4300000000000003,1962198.1413242721
0.43200000000000033,1962078.1791362108
0.43400000000000033,1961958.8208177104
0.43600000000000033,1961839.9890584853
0.43800000000000033,1961721.759577693
0.44000000000000034,1961604.3993243736
0.44200000000000034,1961487.9000199
0.44400000000000034,1961372.2909379546
0.44600000000000034,1961257.4588080654
0.44800000000000034,1961143.2252157072
0.45000000000000034,1961029.482723823
0.45200000000000035,1960916.1080635362
0.45400000000000035,1960802.8757166143
0.45600000000000035,1960689.664474033
0.45800000000000035,1960576.3520170234
0.46000000000000035,1960462.7676684833
0.46200000000000035,1960348.818908447
0.46400000000000036,1960234.680177494
0.46600000000000036,1960120.9874466036
0.46800000000000036,1960008.1732273414
0.47000000000000036,1959896.4024903087
0.47200000000000036,1959785.7643851854
0.47400000000000037,1959676.2450283782
0.47600000000000037,1959567.6824408844
0.47800000000000037,1959460.0451257157
0.48000000000000037,1959353.2146018406
0.4820000000000004,1959247.0840987368
0.4840000000000004,1959141.5060510652
0.4860000000000004,1959036.414101311
0.4880000000000004,1958931.6815765125
0.4900000000000004,1958827.2531467334
0.4920000000000004,1958722.9604846812
0.4940000000000004,1958618.7811148958
0.4960000000000004,1958514.6116742417
0.4980000000000004,1958410.313934782
0.5000000000000003,1958305.8333839406
0.5020000000000003,1958201.0561492525
0.5040000000000003,1958095.9396310397
0.5060000000000003,1957990.3761632072
0.5080000000000003,1957884.2788471847
0.5100000000000003,1957777.619319669
0.5120000000000003,1957670.2498553698
0.5140000000000003,1957562.3067799748
0.5160000000000003,1957454.2087977848
0.5180000000000003,1957346.3177628387
0.5200000000000004,1957238.9366349163
0.5220000000000004,1957132.09159063
0.5240000000000004,1957025.8584555446
0.5260000000000004,1956920.1345990722
0.5280000000000004,1956814.8355267772
0.5300000000000004,1956709.935204744
0.5320000000000004,1956605.33715994
0.5340000000000004,1956501.0115896163
0.5360000000000004,1956396.8623127965
0.5380000000000004,1956292.7654318933
0.5400000000000004,1956188.731713079
0.5420000000000004,1956084.6856842453
0.5440000000000004,1955980.514265874
0.5460000000000004,1955876.1863845715
0.5480000000000004,1955771.6590954717
0.5500000000000004,1955666.8358241818
0.5520000000000004,1955561.694175613
0.5540000000000004,1955456.148279543
0.5560000000000004,1955350.1333539707
0.5580000000000004,1955243.6429517244
0.5600000000000004,1955136.599440298
0.5620000000000004,1955028.9427418562
0.5640000000000004,1954920.626204995
0.5660000000000004,1954811.811237895
0.5680000000000004,1954702.908770567
0.5700000000000004,1954594.144028217
0.5720000000000004,1954485.6829073823
0.5740000000000004,1954377.5366151573
0.5760000000000004,1954269.732743168
0.5780000000000004,1954162.2063873408
0.5800000000000004,1954054.9483263877
0.5820000000000004,1953947.83042955
0.5840000000000004,1953840.8666934837
0.5860000000000004,1953733.9896997898
0.5880000000000004,1953627.096511229
0.5900000000000004,1953520.2147338844
0.5920000000000004,1953413.2366221778
0.5940000000000004,1953306.1877418784
0.5960000000000004,1953198.9130869897
0.5980000000000004,1953091.520489986
0.6000000000000004,1952984.0566469994
0.6020000000000004,1952876.5452500863
0.6040000000000004,1952768.9318521854
0.6060000000000004,1952661.2636743425
0.6080000000000004,1952553.4364351674
0.6100000000000004,1952445.375060942
0.6120000000000004,1952337.1148265305
0.6140000000000004,1952228.5464193898
0.6160000000000004,1952119.593923779
0.6180000000000004,1952010.3819901266
0.6200000000000004,1951901.164513552
0.6220000000000004,1951792.1817214773
0.6240000000000004,1951683.554228143
0.6260000000000004,1951575.273109144
0.6280000000000004,1951467.3584376227
0.6300000000000004,1951359.6962518052
0.6320000000000005,1951252.3539325453
0.6340000000000005,1951145.190577681
0.6360000000000005,1951038.2145305986
0.6380000000000005,1950931.30938931
0.6400000000000005,1950824.4965177474
0.6420000000000005,1950717.7141670696
0.6440000000000005,1950610.8641478647
0.6460000000000005,1950503.977824096
0.6480000000000005,1950396.9515657658
0.6500000000000005,1950289.766627004
0.6520000000000005,1950182.394587213
0.6540000000000005,1950074.7547465004
0.6560000000000005,1949966.840213992
0.6580000000000005,1949858.5811482845
0.6600000000000005,1949749.9283156176
0.6620000000000005,1949640.8902963921
0.6640000000000005,1949531.452537472
0.6660000000000005,1949421.5420074938
0.6680000000000005,1949311.0615026392
0.6700000000000005,1949200.1161492632
0.6720000000000005,1949088.8291233198
0.6740000000000005,1948977.4199352907
0.6760000000000005,1948866.0234061747
0.6780000000000005,1948754.7008520565
0.6800000000000005,1948643.5138341694
0.6820000000000005,1948532.4223898393
0.6840000000000005,1948421.3888383943
0.6860000000000005,1948310.3300305775
0.6880000000000005,1948199.2876472147
0.6900000000000005,1948088.2145462176
0.6920000000000005,1947977.0242687461
0.6940000000000005,1947865.7106370828
0.6960000000000005,1947754.2554270623
0.6980000000000005,1947642.6345459616
0.7000000000000005,1947530.7738268548
0.7020000000000005,1947418.673755745
0.7040000000000005,1947306.272543017
0.7060000000000005,1947193.5766216288
0.7080000000000005,1947080.5747769303
0.7100000000000005,1946967.199863822
0.7120000000000005,1946853.409035593
0.7140000000000005,1946739.2189084555
0.7160000000000005,1946624.576243739
0.7180000000000005,1946509.4449290487
0.7200000000000005,1946393.8449304064
0.7220000000000005,1946277.7250254801
0.7240000000000005,1946161.0652693978
0.7260000000000005,1946044.041169139
0.7280000000000005,1945926.8285970378
0.7300000000000005,1945809.4899430142
0.7320000000000005,1945692.1518629566
0.7340000000000005,1945574.8129888484
0.7360000000000005,1945457.4580205982
0.7380000000000005,1945340.0654044913
0.7400000000000005,1945222.563706444
0.7420000000000005,1945104.956052472
0.7440000000000005,1944987.2787062123
0.7460000000000006,1944869.4383682692
0.7480000000000006,1944751.3811488678
0.7500000000000006,1944633.167621871
0.7520000000000006,1944514.669661961
0.7540000000000006,1944395.9650810661
0.7560000000000006,1944277.0163592861
0.7580000000000006,1944157.8717179066
0.7600000000000006,1944038.5518451468
0.7620000000000006,1943919.056221059
0.7640000000000006,1943799.323929108
0.7660000000000006,1943679.362278608
0.7680000000000006,1943559.1134792606
0.7700000000000006,1943438.5861863606
0.7720000000000006,1943317.7709659382
0.7740000000000006,1943196.6024044761
0.7760000000000006,1943075.0390794445
0.7780000000000006,1942953.0988194556
0.7800000000000006,1942830.785236904
0.7820000000000006,1942708.3067250436
0.7840000000000006,1942585.712192409
0.7860000000000006,1942463.0834849116
0.7880000000000006,1942340.5004930154
0.7900000000000006,1942217.8913978594
0.7920000000000006,1942095.305857599
0.7940000000000006,1941972.6571708622
0.7960000000000006,1941849.9412778853
0.7980000000000006,1941727.1443538016
0.8000000000000006,1941604.247794326
0.8020000000000006,1941481.2310795814
0.8040000000000006,1941358.025865687
0.8060000000000006,1941234.6386207226
0.8080000000000006,1941111.0616897275
0.8100000000000006,1940987.2330563513
0.8120000000000006,1940863.1624630752
0.8140000000000006,1940738.844147531
0.8160000000000006,1940614.2175156614
0.8180000000000006,1940489.2935045932
0.8200000000000006,1940364.0201966965
0.8220000000000006,1940238.3654757945
0.8240000000000006,1940112.4015261752
0.8260000000000006,1939986.008319386
0.8280000000000006,1939859.2186053642
0.8300000000000006,1939732.0389961943
0.8320000000000006,1939604.3684992895
0.8340000000000006,1939476.249594758
0.8360000000000006,1939347.7296668969
0.8380000000000006,1939218.8785387117
0.8400000000000006,1939089.8241675275
0.8420000000000006,1938960.6377224007
0.8440000000000006,1938831.3488868636
0.8460000000000006,1938701.962657757
0.8480000000000006,1938572.4238547038
0.8500000000000006,1938442.745867877
0.8520000000000006,1938312.925363918
0.8540000000000006,1938182.9509964036
0.8560000000000006,1938052.808135613
0.8580000000000007,1937922.4337910346
0.8600000000000007,1937791.7921228735
0.8620000000000007,1937660.954810689
0.8640000000000007,1937529.8504630628
0.8660000000000007,1937398.4860567865
0.8680000000000007,1937266.809876273
0.8700000000000007,1937134.8390346994
0.8720000000000007,1937002.5267566885
0.8740000000000007,1936869.8924788677
0.8760000000000007,1936736.890584624
0.8780000000000007,1936603.54121059
0.8800000000000007,1936469.7993006837
0.8820000000000007,1936335.685517883
0.8840000000000007,1936201.1553242605
0.8860000000000007,1936066.1826721968
0.8880000000000007,1935930.7978465662
0.8900000000000007,1935794.9609530186
0.8920000000000007,1935658.6963584058
0.8940000000000007,1935522.0198410063
0.8960000000000007,1935385.0104141177
0.8980000000000007,1935247.8272230832
0.9000000000000007,1935110.4528803092
0.9020000000000007,1934972.9233090964
0.9040000000000007,1934835.2480783479
0.9060000000000007,1934697.4295794324
0.9080000000000007,1934559.4838946238
0.9100000000000007,1934421.3757672154
0.9120000000000007,1934283.1340423154
0.9140000000000007,1934144.7653994078
0.9160000000000007,1934006.2643385334
0.9180000000000007,1933867.5724041595
0.9200000000000007,1933728.7027498235
0.9220000000000007,1933589.653554641
0.9240000000000007,1933450.4155929622
0.9260000000000007,1933310.9294151762
0.9280000000000007,1933171.2085421674
0.9300000000000007,1933031.2520909335
0.9320000000000007,1932891.0049953288
0.9340000000000007,1932750.4359929652
0.9360000000000007,1932609.6196433723
0.9380000000000007,1932468.4405817296
0.9400000000000007,1932326.9821315221
0.9420000000000007,1932185.1338700792
0.9440000000000007,1932042.981695187
0.9460000000000007,1931900.4166345762
0.9480000000000007,1931757.5253867796
0.9500000000000007,1931614.1996025383
0.9520000000000007,1931470.5104903239
0.9540000000000007,1931326.5564270976
0.9560000000000007,1931182.4122738086
0.9580000000000007,1931038.0722635463
0.9600000000000007,1930893.6266411464
0.9620000000000007,1930749.015566141
0.9640000000000007,1930604.2520523435
0.9660000000000007,1930459.288231111
0.9680000000000007,1930314.1434025858
0.9700000000000008,1930168.8198358924
0.9720000000000008,1930023.3115251116
0.9740000000000008,1929877.6089586436
0.9760000000000008,1929731.6543806843
0.9780000000000008,1929585.4166665636
0.9800000000000008,1929438.971519406
0.9820000000000008,1929292.2057444977
0.9840000000000008,1929145.204298773
0.9860000000000008,1928997.906009055
0.9880000000000008,1928850.3245747443
0.9900000000000008,1928702.414209921
0.9920000000000008,1928554.1967113868
0.9940000000000008,1928405.6302149827
0.9960000000000008,1928256.7383557346
0.9980000000000008,1928107.4801602436
1.0000000000000007,1927957.832818633
1.0020000000000007,1927807.876357324
1.0040000000000007,1927657.500572744
1.0060000000000007,1927506.7456362292
1.0080000000000007,1927355.626191193
1.0100000000000007,1927204.0970229658
1.0120000000000007,1927052.1707873293
1.0140000000000007,1926899.954259198
1.0160000000000007,1926747.5176627617
1.0180000000000007,1926594.8974672765
1.0200000000000007,1926442.0608059694
1.0220000000000007,1926289.0356474344
1.0240000000000007,1926135.8295635567
1.0260000000000007,1925982.4400970913
1.0280000000000007,1925828.8134242105
1.0300000000000007,1925674.9677127409
1.0320000000000007,1925520.859851258
1.0340000000000007,1925366.5130552747
1.0360000000000007,1925211.933384514
1.0380000000000007,1925057.0715867921
1.0400000000000007,1924901.9481955708
1.0420000000000007,1924746.568451774
1.0440000000000007,1924590.88315992
1.0460000000000007,1924434.913269054
1.0480000000000007,1924278.6177494058
1.0500000000000007,1924122.0222666024
1.0520000000000007,1923965.1002574342
1.0540000000000007,1923807.8945465356
1.0560000000000007,1923650.425195054
1.0580000000000007,1923492.651085308
1.0600000000000007,1923334.5966456777
1.0620000000000007,1923176.2218265166
1.0640000000000007,1923017.5510903196
1.0660000000000007,1922858.5443311112
1.0680000000000007,1922699.2260003046
1.0700000000000007,1922539.602887984
1.0720000000000007,1922379.6347088194
1.0740000000000007,1922219.3536299767
1.0760000000000007,1922058.8975647087
1.0780000000000007,1921898.2431926217
1.0800000000000007,1921737.4260345737
1.0820000000000007,1921576.458613977
1.0840000000000007,1921415.294524212
1.0860000000000007,1921254.0015415037
1.0880000000000007,1921092.511257906
1.0900000000000007,1920930.7876494776
1.0920000000000007,1920768.9045543503
1.0940000000000007,1920606.7969365416
1.0960000000000008,1920444.4772721643
1.0980000000000008,1920281.9005045686
1.1000000000000008,1920119.0893816848
1.1020000000000008,1919956.0503639544
1.1040000000000008,1919792.735135099
1.1060000000000008,1919629.164920287
1.1080000000000008,1919465.2990960763
1.1100000000000008,1919301.2092757546
1.1120000000000008,1919136.7834217853
1.1140000000000008,1918972.107706215
1.1160000000000008,1918807.077775181
1.1180000000000008,1918641.7834963612
1.1200000000000008,1918476.168900388
1.1220000000000008,1918310.2048360503
1.1240000000000008,1918143.9226005212
1.1260000000000008,1917977.333438359
1.1280000000000008,1917810.345338998
1.1300000000000008,1917643.0545913817
1.1320000000000008,1917475.4086321134
1.1340000000000008,1917307.3861692394
1.1360000000000008,1917139.1153354303
1.1380000000000008,1916970.5392062308
1.1400000000000008,1916801.7802591708
1.1420000000000008,1916632.801390126
1.1440000000000008,1916463.6293056824
1.1460000000000008,1916294.2725947294
1.1480000000000008,1916124.6841710368
1.1500000000000008,1915954.8858197604
1.1520000000000008,1915784.884141615
1.1540000000000008,1915614.678128309
1.1560000000000008,1915444.2168096036
1.1580000000000008,1915273.4742328546
1.1600000000000008,1915102.529962783
1.1620000000000008,1914931.3232414722
1.1640000000000008,1914759.8537282706
1.1660000000000008,1914588.2476309312
1.1680000000000008,1914416.4306058947
1.1700000000000008,1914244.3939754488
1.1720000000000008,1914072.0763333582
1.1740000000000008,1913899.4907033024
1.1760000000000008,1913726.639464333
1.1780000000000008,1913553.4737503007
1.1800000000000008,1913380.015652021
1.1820000000000008,1913206.2266471519
1.1840000000000008,1913032.1337085613
1.1860000000000008,1912857.7004583601
1.1880000000000008,1912682.9547656327
1.1900000000000008,1912507.8638694556
1.1920000000000008,1912332.4674645897
1.1940000000000008,1912156.7403254192
1.1960000000000008,1911980.7636592155
1.1980000000000008,1911804.4511594966
1.2000000000000008,1911627.9364334943
1.2020000000000008,1911451.2023637851
1.2040000000000008,1911274.2909460664
1.2060000000000008,1911097.1739398534
1.2080000000000009,1910919.9287777073
1.2100000000000009,1910742.4935259204
1.2120000000000009,1910564.8822377196
1.2140000000000009,1910387.0516306448
1.2160000000000009,1910209.0719833286
1.2180000000000009,1910030.8321639448
1.2200000000000009,1909852.4180537628
1.2220000000000009,1909673.8195058294
1.2240000000000009,1909494.9811009013
1.2260000000000009,1909315.8749840986
1.2280000000000009,1909136.579780951
1.2300000000000009,1908957.0352167578
1.2320000000000009,1908777.2104531922
1.2340000000000009,1908597.13622886
1.2360000000000009,1908416.8242605117
1.2380000000000009,1908236.2765812485
1.2400000000000009,1908055.4444833945
1.2420000000000009,1907874.3499896338
1.2440000000000009,1907692.9547882262
1.2460000000000009,1907511.28582379
1.2480000000000009,1907329.3069151023
1.2500000000000009,1907147.0458888097
1.252000000000001,1906964.5133039034
1.254000000000001,1906781.6647166454
1.256000000000001,1906598.5242536708
1.258000000000001,1906415.0547839238
1.260000000000001,1906231.2839850485
1.262000000000001,1906047.1851624998
1.264000000000001,1905862.823493559
1.266000000000001,1905678.245581494
1.268000000000001,1905493.477174991
1.270000000000001,1905308.483199828
1.272000000000001,1905123.2923671121
1.274000000000001,1904937.8692641433
1.276000000000001,1904752.2879812266
1.278000000000001,1904566.4864072078
1.280000000000001,1904380.433003938
1.282000000000001,1904194.204608887
1.284000000000001,1904007.7409703592
1.286000000000001,1903821.0116147255
1.288000000000001,1903634.094072067
1.290000000000001,1903446.9285440275
1.292000000000001,1903259.4849308594
1.294000000000001,1903071.794761031
1.296000000000001,1902883.8707490119
1.298000000000001,1902695.7160375265
1.300000000000001,1902507.2830856454
1.302000000000001,1902318.5947962904
1.304000000000001,1902129.613932966
1.306000000000001,1901940.3682773504
1.308000000000001,1901750.8227442626
1.310000000000001,1901561.0521633653
1.312000000000001,1901370.9496354414
1.314000000000001,1901180.6034081676
1.316000000000001,1900989.9138035937
1.318000000000001,1900798.9725642782
1.320000000000001,1900607.7278565285
1.322000000000001,1900416.1537679832
1.324000000000001,1900224.3319499495
1.326000000000001,1900032.1667018458
1.328000000000001,1899839.7678411237
1.330000000000001,1899647.1203988956
1.332000000000001,1899454.2757580855
1.334000000000001,1899261.2149721242
1.336000000000001,1899067.9753311975
1.338000000000001,1898874.618274593
1.340000000000001,1898681.0293114188
1.342000000000001,1898487.2920379452
1.344000000000001,1898293.350315165
1.346000000000001,1898099.221763756
1.348000000000001,1897904.9124316834
1.350000000000001,1897710.3762037482
1.352000000000001,1897515.6362207658
1.354000000000001,1897320.7013583693
1.356000000000001,1897125.526921989
1.358000000000001,1896930.1367065734
1.360000000000001,1896734.5399481484
1.362000000000001,1896538.692273054
1.364000000000001,1896342.6638703544
1.366000000000001,1896146.346206808
1.368000000000001,1895949.8262929716
1.370000000000001,1895753.0504617523
1.372000000000001,1895555.9918421719
1.374000000000001,1895358.6835152626
1.376000000000001,1895161.1393388694
1.378000000000001,1894963.363253865
1.380000000000001,1894765.3086040835
1.382000000000001,1894566.9987172848
1.384000000000001,1894368.3971888588
1.386000000000001,1894169.5321548767
1.388000000000001,1893970.415402423
1.390000000000001,1893771.0041849911
1.392000000000001,1893571.2775716083
1.394000000000001,1893371.3200784652
1.396000000000001,1893171.0993634285
1.398000000000001,1892970.615486109
1.400000000000001,1892769.9671717063
1.402000000000001,1892569.108226843
1.404000000000001,1892368.0616529926
1.406000000000001,1892166.7904430174
1.408000000000001,1891965.3680928175
1.410000000000001,1891763.733942537
1.412000000000001,1891561.857621885
1.414000000000001,1891359.8165825396
1.416000000000001,1891157.5524310998
1.418000000000001,1890955.0359419626
1.420000000000001,1890752.3452004911
1.422000000000001,1890549.4221533134
1.424000000000001,1890346.2378759582
1.426000000000001,1890142.8706116874
1.428000000000001,1889939.2625629883
1.430000000000001,1889735.4309966117
1.432000000000001,1889531.336780338
1.434000000000001,1889327.0069427895
1.436000000000001,1889122.4069504861
1.438000000000001,1888917.6117546544
1.440000000000001,1888712.5620441427
1.442000000000001,1888507.2285406776
1.444000000000001,1888301.6436237725
1.446000000000001,1888095.821481625
1.448000000000001,1887889.7208865313
1.450000000000001,1887683.3677190887
1.452000000000001,1887476.7730541825
1.454000000000001,1887269.895584995
1.456000000000001,1887062.7669886937
1.458000000000001,1886855.4044151707
1.460000000000001,1886647.7694203984
1.462000000000001,1886439.8453933683
1.464000000000001,1886231.7357683706
1.466000000000001,1886023.409576742
1.468000000000001,1885814.9023625418
1.470000000000001,1885606.2313844212
1.472000000000001,1885397.3571638474
1.474000000000001,1885188.305929834
1.476000000000001,1884979.088344388
1.478000000000001,1884769.7069783837
1.480000000000001,1884560.1147880857
1.482000000000001,1884350.3345332302
1.484000000000001,1884140.3756190604
1.486000000000001,1883930.1944722545
1.488000000000001,1883719.8155146376
1.490000000000001,1883509.2489240926
1.492000000000001,1883298.4973872916
1.494000000000001,1883087.5142924776
1.496000000000001,1882876.3228408997
1.498000000000001,1882664.932933175
1.500000000000001,1882453.301506981
1.5020000000000011,1882241.4534663386
1.5040000000000011,1882029.3535588286
1.5060000000000011,1881817.0761823035
1.5080000000000011,1881604.5164518747
1.5100000000000011,1881391.7622334873
1.5120000000000011,1881178.7616825534
1.5140000000000011,1880965.5349390132
1.5160000000000011,1880752.0904459911
1.5180000000000011,1880538.3847260543
1.5200000000000011,1880324.4426896402
1.5220000000000011,1880110.2294819115
1.5240000000000011,1879895.7740211862
1.5260000000000011,1879681.089004969
1.5280000000000011,1879466.1328998094
1.5300000000000011,1879250.931374768
1.5320000000000011,1879035.5025786029
1.5340000000000011,1878819.8254353544
1.5360000000000011,1878603.9446932843
1.5380000000000011,1878387.884222513
1.5400000000000011,1878171.608824289
1.5420000000000011,1877955.1470982882
1.5440000000000011,1877738.511307504
1.5460000000000012,1877521.705188755
1.5480000000000012,1877304.6827257222
1.5500000000000012,1877087.467304719
1.5520000000000012,1876870.0690494522
1.5540000000000012,1876652.4910384077
1.5560000000000012,1876434.6872509941
1.5580000000000012,1876216.6355236766
1.5600000000000012,1875998.4172249173
1.5620000000000012,1875779.9772564382
1.5640000000000012,1875561.333831454
1.5660000000000012,1875342.4946538575
1.5680000000000012,1875123.416099224
1.5700000000000012,1874904.1229592825
1.5720000000000012,1874684.5805553903
1.5740000000000012,1874464.8635364617
1.5760000000000012,1874244.8680584694
1.5780000000000012,1874024.6820950517
1.5800000000000012,1873804.2550954332
1.5820000000000012,1873583.611771317
1.5840000000000012,1873362.7659901606
1.5860000000000012,1873141.678348391
1.5880000000000012,1872920.3759213754
1.5900000000000012,1872698.870859718
1.5920000000000012,1872477.1216095334
1.5940000000000012,1872255.1536925298
1.5960000000000012,1872032.932649979
1.5980000000000012,1871810.5330366464
1.6000000000000012,1871587.851088509
1.6020000000000012,1871364.977563404
1.6040000000000012,1871141.8790325287
1.6060000000000012,1870918.59369002
1.6080000000000012,1870695.1423385805
1.6100000000000012,1870471.5343836993
1.6120000000000012,1870247.727187333
1.6140000000000012,1870023.7455540798
1.6160000000000012,1869799.6003298142
1.6180000000000012,1869575.2492027977
1.6200000000000012,1869350.7170656354
1.6220000000000012,1869126.0147209386
1.6240000000000012,1868901.145561552
1.6260000000000012,1868676.0638456454
1.6280000000000012,1868450.7930873635
1.6300000000000012,1868225.3437469946
1.6320000000000012,1867999.6736829898
1.6340000000000012,1867773.8080070287
1.6360000000000012,1867547.7578810954
1.6380000000000012,1867321.5270374205
1.6400000000000012,1867095.0701209696
1.6420000000000012,1866868.410955934
1.6440000000000012,1866641.5602957834
1.6460000000000012,1866414.4763091744
1.6480000000000012,1866187.184432347
1.6500000000000012,1865959.6960802164
1.6520000000000012,1865731.9697834156
1.6540000000000012,1865504.0310494995
1.6560000000000012,1865275.8914268424
1.6580000000000013,1865047.50952801
1.6600000000000013,1864818.9109210148
1.6620000000000013,1864590.1072722774
1.6640000000000013,1864361.057285349
1.6660000000000013,1864131.7866570025
1.6680000000000013,1863902.3071571938
1.6700000000000013,1863672.5775694598
1.6720000000000013,1863442.623696912
1.6740000000000013,1863212.4635037323
1.6760000000000013,1862982.0719446777
1.6780000000000013,1862751.4890353621
1.6800000000000013,1862520.7357943582
1.6820000000000013,1862289.776071668
1.6840000000000013,1862058.6833438186
1.6860000000000013,1861827.399653791
1.6880000000000013,1861595.9417106197
1.6900000000000013,1861364.2713413925
1.6920000000000013,1861132.4156773214
1.6940000000000013,1860900.3869766935
1.6960000000000013,1860668.189609629
1.6980000000000013,1860435.7786618983
1.7000000000000013,1860203.1780447066
1.7020000000000013,1859970.3986287669
1.7040000000000013,1859737.4001088245
1.7060000000000013,1859504.211770517
1.7080000000000013,1859270.8487371297
1.7100000000000013,1859037.3174620417
1.7120000000000013,1858803.5743704813
1.7140000000000013,1858569.643860315
1.7160000000000013,1858335.5370763384
1.7180000000000013,1858101.2125045038
1.7200000000000013,1857866.7408993507
1.7220000000000013,1857632.0180429863
1.7240000000000013,1857397.130637482
1.7260000000000013,1857162.0283226357
1.7280000000000013,1856926.7315596186
1.7300000000000013,1856691.249522369
1.7320000000000013,1856455.5399513878
1.7340000000000013,1856219.6279338037
1.7360000000000013,1855983.5250260702
1.7380000000000013,1855747.1901293418
1.7400000000000013,1855510.648875493
1.7420000000000013,1855273.913017171
1.7440000000000013,1855036.9416311232
1.7460000000000013,1854799.807511814
1.7480000000000013,1854562.420202764
1.7500000000000013,1854324.8803742374
1.7520000000000013,1854087.1474729378
1.7540000000000013,1853849.2474454986
1.7560000000000013,1853611.1921613107
1.7580000000000013,1853372.9858665033
1.7600000000000013,1853134.5837268515
1.7620000000000013,1852896.0094505916
1.7640000000000013,1852657.273844599
1.7660000000000013,1852418.3354482888
1.7680000000000013,1852179.2194988262
1.7700000000000014,1851939.9374681476
1.7720000000000014,1851700.4935081713
1.7740000000000014,1851460.8429624408
1.7760000000000014,1851221.0096364904
1.7780000000000014,1850981.0045967516
1.7800000000000014,1850740.8319982903
1.7820000000000014,1850500.4472533974
1.7840000000000014,1850259.8743748562
1.7860000000000014,1850019.124599746
1.7880000000000014,1849778.1569182766
1.7900000000000014,1849537.0652018806
1.7920000000000014,1849295.87654708
1.7940000000000014,1849054.5743964564
1.7960000000000014,1848813.1357809813
1.7980000000000014,1848571.497298254
1.8000000000000014,1848329.6718711583
1.8020000000000014,1848087.6650153738
1.8040000000000014,1847845.4331748236
1.8060000000000014,1847603.0009710556
1.8080000000000014,1847360.38007711
1.8100000000000014,1847117.575181618
1.8120000000000014,1846874.5422971048
1.8140000000000014,1846631.260495297
1.8160000000000014,1846387.8112807283
1.8180000000000014,1846144.1419561002
1.8200000000000014,1845900.274897332
1.8220000000000014,1845656.2308032939
1.8240000000000014,1845411.9794416295
1.8260000000000014,1845167.5564683683
1.8280000000000014,1844922.9811319758
1.8300000000000014,1844678.2621565866
1.8320000000000014,1844433.3573683184
1.8340000000000014,1844188.291441131
1.8360000000000014,1843943.0756889088
1.8380000000000014,1843697.714278122
1.8400000000000014,1843452.1625691038
1.8420000000000014,1843206.444160567
1.8440000000000014,1842960.5700367247
1.8460000000000014,1842714.4991001147
1.8480000000000014,1842468.3017105584
1.8500000000000014,1842221.9198464593
1.8520000000000014,1841975.3247718932
1.8540000000000014,1841728.5937369284
1.8560000000000014,1841481.6722441162
1.8580000000000014,1841234.5782778435
1.8600000000000014,1840987.320120601
1.8620000000000014,1840739.8556158242
1.8640000000000014,1840492.2096363758
1.8660000000000014,1840244.393922594
1.8680000000000014,1839996.4130254474
1.8700000000000014,1839748.222916703
1.8720000000000014,1839499.8476515897
1.8740000000000014,1839251.2986349133
1.8760000000000014,1839002.53532097
1.8780000000000014,1838753.5833188768
1.8800000000000014,1838504.4547286811
1.8820000000000014,1838255.1092485038
1.8840000000000015,1838005.617680411
1.8860000000000015,1837755.8774964784
1.8880000000000015,1837505.975081633
1.8900000000000015,1837255.8613852933
1.8920000000000015,1837005.5572354677
1.8940000000000015,1836755.0732126243
1.8960000000000015,1836504.4217171476
1.8980000000000015,1836253.5693042295
1.9000000000000015,1836002.547882532
1.9020000000000015,1835751.3285876263
1.9040000000000015,1835499.9879196116
1.9060000000000015,1835248.4710384614
1.9080000000000015,1834996.7955553
1.9100000000000015,1834744.9244628802
1.9120000000000015,1834492.9300352433
1.9140000000000015,1834240.7556623057
1.9160000000000015,1833988.4182287864
1.9180000000000015,1833735.8806173487
1.9200000000000015,1833483.21511952
1.9220000000000015,1833230.3653170909
1.9240000000000015,1832977.3482524878
1.9260000000000015,1832724.126892231
1.9280000000000015,1832470.7286342024
1.9300000000000015,1832217.004593178
1.9320000000000015,1831963.3325718201
1.9340000000000015,1831709.481512185
1.9360000000000015,1831455.4145271548
1.9380000000000015,1831201.1612451011
1.9400000000000015,1830946.691881094
1.9420000000000015,1830692.082752718
1.9440000000000015,1830437.2816984826
1.9460000000000015,1830182.2640096783
1.9480000000000015,1829927.1090601643
1.9500000000000015,1829671.7642057436
1.9520000000000015,1829416.2481174911
1.9540000000000015,1829160.5695610277
1.9560000000000015,1828904.6869348902
1.9580000000000015,1828648.625190163
1.9600000000000015,1828392.3962718663
1.9620000000000015,1828136.0050923298
1.9640000000000015,1827879.4079926398
1.9660000000000015,1827622.6290264106
1.9680000000000015,1827365.6348684332
1.9700000000000015,1827108.5004213043
1.9720000000000015,1826851.178897085
1.9740000000000015,1826593.696949706
1.9760000000000015,1826336.0692981791
1.9780000000000015,1826078.2578865963
1.9800000000000015,1825820.2894741874
1.9820000000000015,1825562.176681401
1.9840000000000015,1825303.9245400762
1.9860000000000015,1825045.4892947415
1.9880000000000015,1824786.8946701558
1.9900000000000015,1824528.151989709
1.9920000000000015,1824269.2657496184
1.9940000000000015,1824010.2370577827
1.9960000000000016,1823751.0206297417
1.9980000000000016,1823491.6396705715
2.0000000000000013,1823232.0606017637
2.002000000000001,1822972.357050256
2.004000000000001,1822712.4736662868
2.0060000000000007,1822452.4276999878
2.0080000000000005,1822192.1824361605
2.0100000000000002,1821931.8100668197
2.012,1821671.254716312
2.014,1821410.4886006743
2.0159999999999996,1821149.5889554042
2.0179999999999993,1820888.5024355568
2.019999999999999,1820627.2473040256
2.021999999999999,1820365.832332068
2.0239999999999987,1820104.2161407163
2.0259999999999985,1819842.4237047567
2.0279999999999982,1819580.467224418
2.029999999999998,1819318.3517703936
2.031999999999998,1819056.0340972196
2.0339999999999976,1818793.5383650172
2.0359999999999974,1818530.876447385
2.037999999999997,1818268.0085481727
2.039999999999997,1818005.005193907
2.0419999999999967,1817741.8100194556
2.0439999999999965,1817478.3951242506
2.0459999999999963,1817214.837979794
2.047999999999996,1816951.0909360237
2.049999999999996,1816687.1359508703
2.0519999999999956,1816423.0573128378
2.0539999999999954,1816158.8061833107
2.055999999999995,1815894.403065322
2.057999999999995,1815629.8582513174
2.0599999999999947,1815365.1775263192
2.0619999999999945,1815100.318836929
2.0639999999999943,1814835.3069980214
2.065999999999994,1814570.1541807095
2.067999999999994,1814304.8653679884
2.0699999999999936,1814039.397147082
2.0719999999999934,1813773.7732535806
2.073999999999993,1813508.0051641269
2.075999999999993,1813242.097571979
2.0779999999999927,1812976.0069464615
2.0799999999999925,1812709.7570620594
2.0819999999999923,1812443.359392156
2.083999999999992,1812176.818729641
2.085999999999992,1811910.091707501
2.0879999999999916,1811643.246813516
2.0899999999999914,1811376.1823171335
2.091999999999991,1811108.9832667545
2.093999999999991,1810841.6014602974
2.0959999999999908,1810574.0575240082
2.0979999999999905,1810306.3613283427
2.0999999999999903,1810038.5168676605
2.10199999999999,1809770.4805159718
2.10399999999999,1809502.2760157522
2.1059999999999897,1809233.9151429527
2.1079999999999894,1808965.358135751
2.109999999999989,1808696.675247652
2.111999999999989,1808427.8102996724
2.1139999999999888,1808158.7354166876
2.1159999999999886,1807889.5274828805
2.1179999999999883,1807620.1337804233
2.119999999999988,1807350.5726665594
2.121999999999988,1807080.8084125728
2.1239999999999877,1806810.8691562465
2.1259999999999875,1806540.8189082711
2.1279999999999872,1806270.5574325956
2.129999999999987,1806000.1718385355
2.131999999999987,1805729.6157914393
2.1339999999999866,1805458.9109704245
2.1359999999999864,1805188.0677956918
2.137999999999986,1804917.0905077814
2.139999999999986,1804645.9356072203
2.1419999999999857,1804374.6266554585
2.1439999999999855,1804103.1752786252
2.1459999999999853,1803831.5863421194
2.147999999999985,1803559.816690425
2.149999999999985,1803287.8900500834
2.1519999999999846,1803015.818141712
2.1539999999999844,1802743.605899806
2.155999999999984,1802471.2102480961
2.157999999999984,1802198.6549980815
2.1599999999999837,1801925.951943182
2.1619999999999835,1801653.1060706258
2.1639999999999833,1801380.074387317
2.165999999999983,1801106.8807840843
2.167999999999983,1800833.5370736702
2.1699999999999826,1800560.0483477318
2.1719999999999824,1800286.372580469
2.173999999999982,1800012.535382624
2.175999999999982,1799738.5500042671
2.1779999999999817,1799464.3778499733
2.1799999999999815,1799190.0893572643
2.1819999999999813,1798915.6288340809
2.183999999999981,1798640.9684369816
2.185999999999981,1798366.1847347305
2.1879999999999806,1798091.2252343877
2.1899999999999804,1797816.1080767547
2.19199999999998,1797540.842199525
2.19399999999998,1797265.4313048334
2.1959999999999797,1796989.8319777776
2.1979999999999795,1796714.0678766337
2.1999999999999793,1796438.1063084966
2.201999999999979,1796162.0208529432
2.203999999999979,1795885.7614741244
2.2059999999999786,1795609.3518541711
2.2079999999999784,1795332.8055673353
2.209999999999978,1795056.0847316217
2.211999999999978,1794779.215702273
2.2139999999999778,1794502.2113894783
2.2159999999999775,1794225.0771946607
2.2179999999999773,1793947.8148240137
2.219999999999977,1793670.3797210627
2.221999999999977,1793392.794855083
2.2239999999999767,1793115.0716890357
2.2259999999999764,1792837.1705989377
2.227999999999976,1792559.1612780355
2.229999999999976,1792280.9880047415
2.231999999999976,1792002.6672268007
2.2339999999999756,1791724.1626975238
2.2359999999999753,1791445.5459470528
2.237999999999975,1791166.7622032643
2.239999999999975,1790887.7839703425
2.2419999999999747,1790608.687775848
2.2439999999999745,1790329.4214516203
2.2459999999999742,1790050.0031851036
2.247999999999974,1789770.4418411842
2.249999999999974,1789490.7412073964
2.2519999999999736,1789210.858002445
2.2539999999999734,1788930.8157727136
2.255999999999973,1788650.62643011
2.257999999999973,1788370.295154432
2.2599999999999727,1788089.7793621703
2.2619999999999725,1787809.1028899045
2.2639999999999723,1787528.27772236
2.265999999999972,1787247.2647281082
2.267999999999972,1786966.0892747166
2.2699999999999716,1786684.7640217524
2.2719999999999714,1786403.2944739969
2.273999999999971,1786121.6825645913
2.275999999999971,1785839.8842227906
2.2779999999999707,1785557.9226805863
2.2799999999999705,1785275.765408687
2.2819999999999703,1784993.4864252445
2.28399999999997,1784711.0383636272
2.28599999999997,1784428.4453488535
2.2879999999999696,1784145.720769482
2.2899999999999694,1783862.8266184893
2.291999999999969,1783579.7888693146
2.293999999999969,1783296.6647085843
2.2959999999999687,1783013.3472993376
2.2979999999999685,1782729.9173269616
2.2999999999999683,1782446.3257520515
2.301999999999968,1782162.5922744365
2.303999999999968,1781878.7265459863
2.3059999999999676,1781594.732583106
2.3079999999999674,1781310.567231312
2.309999999999967,1781026.2538334676
2.311999999999967,1780741.8542443842
2.3139999999999668,1780457.4109488002
2.3159999999999665,1780172.9100626356
2.3179999999999663,1779888.3266456672
2.319999999999966,1779603.5956348036
2.321999999999966,1779318.771041378
2.3239999999999656,1779033.7893480542
2.3259999999999654,1778748.618783448
2.327999999999965,1778463.33365578
2.329999999999965,1778177.8815539118
2.3319999999999648,1777892.2804271297
2.3339999999999645,1777606.5392535147
2.3359999999999643,1777320.6176074967
2.337999999999964,1777034.540176951
2.339999999999964,1776748.3193754663
2.3419999999999637,1776461.9606347207
2.3439999999999634,1776175.4216729165
2.3459999999999632,1775888.7261907444
2.347999999999963,1775601.8862088197
2.349999999999963,1775314.9071048466
2.3519999999999626,1775027.7465522531
2.3539999999999623,1774740.4725539153
2.355999999999962,1774452.9852942661
2.357999999999962,1774165.3688040182
2.3599999999999617,1773877.5761938388
2.3619999999999615,1773589.6731427147
2.3639999999999612,1773301.5626538864
2.365999999999961,1773013.3324295029
2.367999999999961,1772724.9826601068
2.3699999999999606,1772436.4680805777
2.3719999999999604,1772147.8107382345
2.37399999999996,1771858.9775387275
2.37599999999996,1771570.040881413
2.3779999999999597,1771280.9471801375
2.3799999999999595,1770991.7134162583
2.3819999999999593,1770702.3480379963
2.383999999999959,1770412.8104313416
2.385999999999959,1770123.1692274844
2.3879999999999586,1769833.3692099617
2.3899999999999584,1769543.4267820185
2.391999999999958,1769253.3063453734
2.393999999999958,1768963.0358929737
2.3959999999999577,1768672.6299304646
2.3979999999999575,1768382.0950988138
2.3999999999999573,1768091.4338397593
2.401999999999957,1767800.6024392697
2.403999999999957,1767509.6238199559
2.4059999999999566,1767218.509613359
2.4079999999999564,1766927.265051015
2.409999999999956,1766635.8477841057
2.411999999999956,1766344.28127264
2.4139999999999557,1766052.5774641908
2.4159999999999555,1765760.7416634257
2.4179999999999553,1765468.731633278
2.419999999999955,1765176.6150476886
2.421999999999955,1764884.3365698513
2.4239999999999546,1764591.8682954963
2.4259999999999544,1764299.2858881673
2.427999999999954,1764006.538004555
2.429999999999954,1763713.6427711756
2.4319999999999538,1763420.5651082138
2.4339999999999535,1763127.3763095646
2.4359999999999533,1762834.022685213
2.437999999999953,1762540.5211934275
2.439999999999953,1762246.8804266397
2.4419999999999527,1761953.0603553483
2.4439999999999524,1761659.0886264427
2.445999999999952,1761364.9819537401
2.447999999999952,1761070.7491155127
2.4499999999999518,1760776.3499738374
2.4519999999999516,1760481.853162548
2.4539999999999513,1760187.2038984674
2.455999999999951,1759892.3744240697
2.457999999999951,1759597.4402525853
2.4599999999999507,1759302.3500503646
2.4619999999999505,1759007.1217046375
2.4639999999999502,1758711.7641349991
2.46599999999995,1758416.2811769831
2.46799999999995,1758120.6300224736
2.4699999999999496,1757824.8338055885
2.4719999999999493,1757528.9043785483
2.473999999999949,1757232.8470386
2.475999999999949,1756936.6196503064
2.4779999999999487,1756640.2456314324
2.4799999999999485,1756343.7369141034
2.4819999999999482,1756047.0988950056
2.483999999999948,1755750.2894607151
2.485999999999948,1755453.3320602188
2.4879999999999476,1755156.238669882
2.4899999999999474,1754859.0147718736
2.491999999999947,1754561.6183081495
2.493999999999947,1754264.116778175
2.4959999999999467,1753966.4551834422
2.4979999999999465,1753668.605765832
2.4999999999999463,1753370.6444417487
2.501999999999946,1753072.5212360772
2.503999999999946,1752774.2549886736
2.5059999999999456,1752475.8552685082
2.5079999999999454,1752177.2824165751
2.509999999999945,1751878.5609217584
2.511999999999945,1751579.7032375105
2.5139999999999447,1751280.7149984587
2.5159999999999445,1750981.5982368742
2.5179999999999443,1750682.3094248755
2.519999999999944,1750382.8713193433
2.521999999999944,1750083.2956930913
2.5239999999999436,1749783.5450323962
2.5259999999999434,1749483.6918695339
2.527999999999943,1749183.6854014006
2.529999999999943,1748883.5003563734
2.5319999999999427,1748583.2133351965
2.5339999999999425,1748282.7740293439
2.5359999999999423,1747982.2005331933
2.537999999999942,1747681.5018489093
2.539999999999942,1747380.6819068484
2.5419999999999416,1747079.6979723084
2.5439999999999414,1746778.6169609693
2.545999999999941,1746477.383840947
2.547999999999941,1746175.9706439092
2.5499999999999408,1745874.4525150156
2.5519999999999405,1745572.7785466588
2.5539999999999403,1745270.9665762954
2.55599999999994,1744969.025612987
2.55799999999994,1744666.9157277886
2.5599999999999397,1744364.705201137
2.5619999999999394,1744062.339660581
2.563999999999939,1743759.8353793304
2.565999999999939,1743457.1568800013
2.5679999999999388,1743154.3308511004
2.5699999999999386,1742851.4147718349
2.5719999999999383,1742548.304110422
2.573999999999938,1742245.078502934
2.575999999999938,1741941.6902625898
2.5779999999999377,1741638.1590943963
2.5799999999999375,1741334.4950273673
2.5819999999999372,1741030.702576092
2.583999999999937,1740726.7395160738
2.585999999999937,1740422.6290038824
2.5879999999999366,1740118.3830663185
2.5899999999999364,1739814.0072944337
2.591999999999936,1739509.4599122084
2.593999999999936,1739204.7642561456
2.5959999999999357,1738899.9324995468
2.5979999999999355,1738594.9701813776
2.5999999999999353,1738289.8356209963
2.601999999999935,1737984.5521859347
2.603999999999935,1737679.1320510125
2.6059999999999346,1737373.5828865096
2.6079999999999344,1737067.8669872133
2.609999999999934,1736762.0549190496
2.611999999999934,1736456.094280056
2.6139999999999337,1736149.9584156596
2.6159999999999335,1735843.7228312048
2.6179999999999333,1735537.3370792402
2.619999999999933,1735230.8189467352
2.621999999999933,1734924.1774142426
2.6239999999999326,1734617.416376499
2.6259999999999324,1734310.493300911
2.627999999999932,1734003.4310129087
2.629999999999932,1733696.241384713
2.6319999999999317,1733388.9298147517
2.6339999999999315,1733081.4544917394
2.6359999999999313,1732773.8384934142
2.637999999999931,1732466.0938090074
2.639999999999931,1732158.225817449
2.6419999999999306,1731850.19277027
2.6439999999999304,1731542.017751587
2.64599999999993,1731233.712766319
2.64799999999993,1730925.2832507459
2.6499999999999297,1730616.7312698436
2.6519999999999295,1730308.0135318418
2.6539999999999293,1729999.1525154707
2.655999999999929,1729690.1600441504
2.657999999999929,1729380.997820289
2.6599999999999286,1729071.6906008674
2.6619999999999284,1728762.2511503026
2.663999999999928,1728452.685214519
2.665999999999928,1728142.9950054358
2.6679999999999278,1727833.1373663982
2.6699999999999275,1727523.1348997655
2.6719999999999273,1727212.999429517
2.673999999999927,1726902.736561375
2.675999999999927,1726592.304749757
2.6779999999999267,1726281.727213034
2.6799999999999264,1725971.0161056826
2.681999999999926,1725660.1333149092
2.683999999999926,1725349.1473931065
2.685999999999926,1725038.004824111
2.6879999999999256,1724726.7232655208
2.6899999999999253,1724415.270329413
2.691999999999925,1724103.7186691733
2.693999999999925,1723792.0172341766
2.6959999999999247,1723480.1834645292
2.6979999999999245,1723168.1826870812
2.6999999999999242,1722856.0852753343
2.701999999999924,1722543.838637929
2.703999999999924,1722231.4592893454
2.7059999999999236,1721918.9557889323
2.7079999999999234,1721606.288387042
2.709999999999923,1721293.5253626269
2.711999999999923,1720980.613502857
2.7139999999999227,1720667.5255981558
2.7159999999999225,1720354.336467459
2.7179999999999223,1720040.9959892281
2.719999999999922,1719727.5219057659
2.721999999999922,1719413.9232705669
2.7239999999999216,1719100.204130349
2.7259999999999214,1718786.3222585067
2.727999999999921,1718472.3004099776
2.729999999999921,1718158.1505061912
2.7319999999999207,1717843.8780626047
2.7339999999999205,1717529.4415783356
2.7359999999999203,1717214.90771824
2.73799999999992,1716900.2223720537
2.73999999999992,1716585.3577934767
2.7419999999999196,1716270.38852434
2.7439999999999194,1715955.2645275025
2.745999999999919,1715640.0035521102
2.747999999999919,1715324.614742248
2.7499999999999187,1715009.0586846194
2.7519999999999185,1714693.3593824762
2.7539999999999183,1714377.5293431033
2.755999999999918,1714061.5743854125
2.757999999999918,1713745.4967358003
2.7599999999999176,1713429.2583719639
2.7619999999999174,1713112.9669591722
2.763999999999917,1712796.675394574
2.765999999999917,1712480.2976550255
2.7679999999999167,1712163.8217439048
2.7699999999999165,1711847.194821413
2.7719999999999163,1711530.4346324378
2.773999999999916,1711213.5948842468
2.775999999999916,1710896.5710020063
2.7779999999999156,1710579.4414181195
2.7799999999999154,1710262.1591367254
2.781999999999915,1709944.7872362805
2.783999999999915,1709627.2698498315
2.7859999999999148,1709309.5782674588
2.7879999999999145,1708991.7863668646
2.7899999999999143,1708673.84400648
2.791999999999914,1708355.7688271734
2.793999999999914,1708037.5698921275
2.7959999999999137,1707719.207820444
2.7979999999999134,1707400.7500465522
2.7999999999999132,1707082.1431285234
2.801999999999913,1706763.3594903438
2.803999999999913,1706444.4734772758
2.8059999999999126,1706125.4352313422
2.8079999999999123,1705806.2624748098
2.809999999999912,1705486.964605093
2.811999999999912,1705167.5463208312
2.8139999999999117,1704847.9661819595
2.8159999999999115,1704528.2471496137
2.8179999999999112,1704208.4014171886
2.819999999999911,1703888.43468079
2.821999999999911,1703568.3056959887
2.8239999999999106,1703248.037414494
2.8259999999999104,1702927.6418312488
2.82799999999991,1702607.1246389889
2.82999999999991,1702286.44452293
2.8319999999999097,1701965.6679586575
2.8339999999999095,1701644.7413133995
2.8359999999999093,1701323.6369120362
2.837999999999909,1701002.4290252426
2.839999999999909,1700681.0680298882
2.8419999999999086,1700359.5716432855
2.8439999999999084,1700037.9491171855
2.845999999999908,1699716.1612366973
2.847999999999908,1699394.2319395265
2.8499999999999077,1699072.217295422
2.8519999999999075,1698750.0148654915
2.8539999999999073,1698427.7049442688
2.855999999999907,1698105.2426027097
2.857999999999907,1697782.6484510556
2.8599999999999066,1697459.9332613838
2.8619999999999064,1697137.1019743185
2.863999999999906,1696814.1130250152
2.865999999999906,1696490.9890957514
2.8679999999999057,1696167.7420919563
2.8699999999999055,1695844.377591269
2.8719999999999053,1695520.8543595658
2.873999999999905,1695197.1951469465
2.875999999999905,1694873.411972803
2.8779999999999046,1694549.5104617397
2.8799999999999044,1694225.492838287
2.881999999999904,1693901.3163245101
2.883999999999904,1693577.003092526
2.8859999999999038,1693252.5650459768
2.8879999999999035,1692927.9644678412
2.8899999999999033,1692603.2258119371
2.891999999999903,1692278.3619128552
2.893999999999903,1691953.3787188623
2.8959999999999027,1691628.2785943174
2.8979999999999024,1691303.0189001656
2.899999999999902,1690977.6217631951
2.901999999999902,1690652.0991623898
2.9039999999999018,1690326.4567871038
2.9059999999999016,1690000.6536708903
2.9079999999999013,1689674.7126995437
2.909999999999901,1689348.6463735427
2.911999999999901,1689022.4609476256
2.9139999999999007,1688696.1968093715
2.9159999999999004,1688369.6602190668
2.9179999999999002,1688043.0248125084
2.9199999999999,1687716.2860468235
2.9219999999999,1687389.4391392611
2.9239999999998996,1687062.437269019
2.9259999999998993,1686735.300356028
2.927999999999899,1686408.039277136
2.929999999999899,1686080.6159570594
2.9319999999998987,1685753.054743619
2.9339999999998985,1685425.3693607918
2.9359999999998982,1685097.5676714487
2.937999999999898,1684769.6536772486
2.939999999999898,1684441.5857873186
2.9419999999998976,1684113.3865879534
2.9439999999998974,1683785.068177809
2.945999999999897,1683456.636258204
2.947999999999897,1683128.049845402
2.9499999999998967,1682799.3316314784
2.9519999999998965,1682470.4936623669
2.9539999999998963,1682141.5416703077
2.955999999999896,1681812.4779275323
2.957999999999896,1681483.2598417185
2.9599999999998956,1681153.9094264829
2.9619999999998954,1680824.4385696466
2.963999999999895,1680494.8097024802
2.965999999999895,1680165.0472716468
2.9679999999998947,1679835.2074507577
2.9699999999998945,1679505.18771374
2.9719999999998943,1679175.0657468669
2.973999999999894,1678844.7952690234
2.975999999999894,1678514.4388724444
2.9779999999998936,1678183.9415194595
2.9799999999998934,1677853.2747515494
2.981999999999893,1677522.5119321784
2.983999999999893,1677191.6039171014
2.9859999999998927,1676860.5683142107
2.9879999999998925,1676529.4145504255
2.9899999999998923,1676198.1038194683
2.991999999999892,1675866.6599827278
2.993999999999892,1675535.095858503
2.9959999999998916,1675203.417633341
2.9979999999998914,1674871.6279862216
2.999999999999891,1674539.6846297048
3.001999999999891,1674207.60978989
3.0039999999998908,1673875.4155442338
3.0059999999998905,1673543.1079448136
3.0079999999998903,1673210.646728739
3.00999999999989,1672878.0551605674
3.01199999999989,1672545.3458562305
3.0139999999998897,1672212.5250537372
3.0159999999998894,1671879.5966319637
3.017999999999889,1671546.5198575172
3.019999999999889,1671213.3180248202
3.0219999999998888,1670880.0038687973
3.0239999999998886,1670546.5403308165
3.0259999999998883,1670212.9952153256
3.027999999999888,1669879.3164396514
3.029999999999888,1669545.520009958
3.0319999999998877,1669211.6145982202
3.0339999999998875,1668877.5611951563
3.0359999999998872,1668543.4267422212
3.037999999999887,1668209.1588698884
3.039999999999887,1667874.7735777479
3.0419999999998866,1667540.2363747668
3.0439999999998864,1667205.6166669014
3.045999999999886,1666870.8633571682
3.047999999999886,1666535.993044963
3.0499999999998857,1666201.0147186187
3.0519999999998855,1665865.889656545
3.0539999999998853,1665530.6417338303
3.055999999999885,1665195.3270175299
3.057999999999885,1664859.8436538216
3.0599999999998846,1664524.2693025034
3.0619999999998844,1664188.6013857045
3.063999999999884,1663852.7945165515
3.065999999999884,1663516.869123843
3.0679999999998837,1663180.8365109556
3.0699999999998835,1662844.659332507
3.0719999999998833,1662508.4053064412
3.073999999999883,1662172.0227812089
3.075999999999883,1661835.5281367856
3.0779999999998826,1661498.887397369
3.0799999999998824,1661162.1701417202
3.081999999999882,1660825.3258713172
3.083999999999882,1660488.3714850633
3.0859999999998817,1660151.31637838
3.0879999999998815,1659814.165456117
3.0899999999998813,1659476.9211589396
3.091999999999881,1659139.5417471079
3.093999999999881,1658802.04986841
3.0959999999998806,1658464.4591469206
3.0979999999998804,1658126.777559487
3.09999999999988,1657788.9662573729
3.10199999999988,1657451.0495303245
3.1039999999998797,1657113.0840244775
3.1059999999998795,1656775.011946449
3.1079999999998793,1656436.8033128623
3.109999999999879,1656098.5306904714
3.111999999999879,1655760.1455007594
3.1139999999998786,1655421.7088475458
3.1159999999998784,1655083.1660581243
3.117999999999878,1654744.4890475937
3.119999999999878,1654405.7514259396
3.1219999999998778,1654066.9484814897
3.1239999999998775,1653728.0339098126
3.1259999999998773,1653389.027803389
3.127999999999877,1653049.9418817689
3.129999999999877,1652710.7825630216
3.1319999999998767,1652371.553512127
3.1339999999998764,1652032.213862822
3.135999999999876,1651692.8300386919
3.137999999999876,1651353.3508042605
3.139999999999876,1651013.7933565425
3.1419999999998756,1650674.1679537653
3.1439999999998753,1650334.43766591
3.145999999999875,1649994.6709569728
3.147999999999875,1649654.8177806067
3.1499999999998747,1649314.9391024003
3.1519999999998745,1648974.9811237142
3.1539999999998742,1648634.960143889
3.155999999999874,1648294.9722569261
3.157999999999874,1647955.07044631
3.1599999999998736,1647615.1705922682
3.1619999999998734,1647275.2610475107
3.163999999999873,1646935.332904094
3.165999999999873,1646595.3815026886
3.1679999999998727,1646255.4057756986
3.1699999999998725,1645915.406992142
3.1719999999998723,1645575.3449313457
3.173999999999872,1645235.2885794374
3.175999999999872,1644895.1906153644
3.1779999999998716,1644555.1150111577
3.1799999999998714,1644215.0111201557
3.181999999999871,1643874.9411444913
3.183999999999871,1643534.8539176788
3.1859999999998707,1643194.811788666
3.1879999999998705,1642854.764162693
3.1899999999998703,1642514.77421959
3.19199999999987,1642174.7924703208
3.19399999999987,1641834.8404390118
3.1959999999998696,1641494.9774991309
3.1979999999998694,1641155.1952679085
3.199999999999869,1640815.4505783485
3.201999999999869,1640475.8133430718
3.2039999999998687,1640136.2831779097
3.2059999999998685,1639796.865904948
3.2079999999998683,1639457.5718782558
3.209999999999868,1639118.457830959
3.211999999999868,1638779.5187094142
3.2139999999998676,1638440.761480791
3.2159999999998674,1638102.2015391556
3.217999999999867,1637763.9031748478
3.219999999999867,1637425.8709294542
3.2219999999998667,1637088.166106689
3.2239999999998665,1636750.796250279
3.2259999999998663,1636413.8299581492
3.227999999999866,1636077.2855749708
3.229999999999866,1635741.2889668369
3.2319999999998656,1635405.8553348999
3.2339999999998654,1635071.1221178977
3.235999999999865,1634737.1721799083
3.237999999999865,1634404.1170689731
3.2399999999998648,1634072.1477811583
3.2419999999998645,1633741.5271321174
3.2439999999998643,1633412.5595583338
3.245999999999864,1633085.697468267
3.247999999999864,1632761.630062759
3.2499999999998637,1632441.6722343701
3.2519999999998634,1632129.0855083
3.2539999999998632,1432577.883391395
3.255999999999863,1226479.8291690508
3.257999999999863,1064157.5582727203
3.2599999999998626,949881.1573395017
3.2619999999998623,874539.4368603936
3.263999999999862,827053.7581334745
3.265999999999862,798068.4070076864
3.2679999999998617,780736.853707319
3.2699999999998615,770451.2538892758
3.2719999999998612,764281.8575712759
3.273999999999861,760444.18849382
3.275999999999861,757889.9957645411
3.2779999999998606,756022.6008806525
3.2799999999998604,754512.136478088
3.28199999999986,753181.3792576119
3.28399999999986,751937.9230872057
3.2859999999998597,750735.1411443375
3.2879999999998595,749550.4671066123
3.2899999999998593,748373.5088104593
3.291999999999859,747199.7895713891
3.293999999999859,746027.6488075594
3.2959999999998586,744856.5793796687
3.2979999999998584,743686.5810136895
3.299999999999858,742517.8063428492
3.301999999999858,741350.3958808017
3.3039999999998577,740184.4051028898
3.3059999999998575,739019.9784192854
3.3079999999998573,737857.1542652863
3.309999999999857,736696.0064961914
3.311999999999857,735536.476099202
3.3139999999998566,734378.628363456
3.3159999999998564,733222.4499821365
3.317999999999856,732067.9314028132
3.319999999999856,730915.06557091
3.3219999999998557,729763.8980997059
3.3239999999998555,728614.3526907202
3.3259999999998553,727466.4846463146
3.327999999999855,726320.2748322568
3.329999999999855,725175.7104100112
3.3319999999998546,724032.7825183904
3.3339999999998544,722891.5359387791
3.335999999999854,721751.893752636
3.337999999999854,720613.9111530017
3.3399999999998538,719477.5689183391
3.3419999999998535,718342.8541897218
3.3439999999998533,717209.7581285845
3.345999999999853,716078.3256873284
3.347999999999853,714948.4798718664
3.3499999999998527,713820.2760620534
3.3519999999998524,712693.6437094077
3.353999999999852,711568.6421806066
3.355999999999852,710445.2546653558
3.3579999999998518,709323.4697369285
3.3599999999998515,708203.2794132492
3.3619999999998513,707084.72934231
3.363999999999851,705967.7426869634
3.365999999999851,704852.414330166
3.3679999999998507,703738.6325355087
3.3699999999998504,702626.3922813565
3.3719999999998502,701515.7552770094
3.37399999999985,700406.7059549931
3.37599999999985,699299.233613299
3.3779999999998496,698193.3307152202
3.3799999999998493,697089.0433986377
3.381999999999849,695986.2948478964
3.383999999999849,694885.0894712415
3.3859999999998487,693785.4809697779
3.3879999999998485,692687.4488175906
3.3899999999998482,691590.9275958922
3.391999999999848,690495.9806996451
3.393999999999848,689402.5936788598
3.3959999999998476,688310.7566355043
3.3979999999998474,687220.4626161113
3.399999999999847,686131.7065108187
3.401999999999847,685044.484337619
3.4039999999998467,683958.7927931143
3.4059999999998465,682874.6289800724
3.4079999999998463,681791.9902436094
3.409999999999846,680710.926077617
3.411999999999846,679631.3612538137
3.4139999999998456,678553.3014056487
3.4159999999998454,677476.8014095058
3.417999999999845,676401.7893014911
3.419999999999845,675328.3248495633
3.4219999999998447,674256.3391941714
3.4239999999998445,673185.8941201383
3.4259999999998443,672116.9219566702
3.427999999999844,671049.4852824768
3.429999999999844,669983.5690523713
3.4319999999998436,668919.1109446664
3.4339999999998434,667856.1771174901
3.435999999999843,666794.7547681127
3.437999999999843,665734.7829184524
3.4399999999998427,664676.3286676453
3.4419999999998425,663619.3797821236
3.4439999999998423,662563.927937766
3.445999999999842,661509.9150584681
3.447999999999842,660457.4102444582
3.4499999999998416,659406.4025275563
3.4519999999998414,658356.8320146177
3.453999999999841,657308.7667684474
3.455999999999841,656262.1952009086
3.4579999999998408,655217.0570550973
3.4599999999998405,654173.42032283
3.4619999999998403,653131.273429316
3.46399999999984,652090.5561449361
3.46599999999984,651051.3366384972
3.4679999999998397,650013.550965395
3.4699999999998394,648977.2649282942
3.471999999999839,647942.4130998957
3.473999999999839,646909.0078926728
3.4759999999998388,645877.1093789709
3.4779999999998386,644846.6484698906
3.4799999999998383,643817.6354067205
3.481999999999838,642790.1290906427
3.483999999999838,641764.0597230678
3.4859999999998377,640739.4374018824
3.4879999999998375,639716.2683566329
3.4899999999998372,638694.5562938756
3.491999999999837,637674.3037510826
3.493999999999837,636655.5119806842
3.4959999999998366,635638.129219457
3.4979999999998364,634622.2296340229
3.499999999999836,633607.8059714916
3.501999999999836,632594.80102857
3.5039999999998357,631583.2857600345
3.5059999999998355,630573.1984017824
3.5079999999998353,629564.5543347014
3.509999999999835,628557.363599999
3.511999999999835,627551.6855846655
3.5139999999998346,626547.3986218272
3.5159999999998344,625544.5873538941
3.517999999999834,624543.2517358253
3.519999999999834,623543.3922617511
3.5219999999998337,622544.9572406369
3.5239999999998335,621548.0216345345
3.5259999999998333,620552.5268582474
3.527999999999833,619558.4908014337
3.529999999999833,618565.9257640567
3.5319999999998326,617574.8198067163
3.5339999999998324,616585.2089674001
3.535999999999832,615597.0953165706
3.537999999999832,614610.4287782647
3.5399999999998317,613625.2858181518
3.5419999999998315,612641.6096722117
3.5439999999998313,611659.4199802137
3.545999999999831,610678.7309034581
3.547999999999831,609699.5005557195
3.5499999999998306,608721.810758628
3.5519999999998304,607745.6088117779
3.55399999999983,606770.9609166291
3.55599999999983,605797.8229934896
3.5579999999998297,604826.2141320923
3.5599999999998295,603856.0966009507
3.5619999999998293,602887.5552752714
3.563999999999829,601920.5405956523
3.565999999999829,600955.077666368
3.5679999999998286,599991.1855367303
3.5699999999998284,599028.879455654
3.571999999999828,598068.1725119232
3.573999999999828,597109.0244889465
3.5759999999998278,596151.467182699
3.5779999999998275,595195.5247022462
3.5799999999998273,594241.1644401846
3.581999999999827,593288.4743799535
3.583999999999827,592337.4118852776
3.5859999999998267,591388.0057188472
3.5879999999998264,590440.2280472512
3.589999999999826,589494.1709596097
3.591999999999826,588549.7937865251
3.593999999999826,587607.1291062114
3.5959999999998256,586666.152176143
3.5979999999998253,585726.9676416497
3.599999999999825,584789.5205360791
3.601999999999825,583853.8010003514
3.6039999999998247,582919.9095561835
3.6059999999998245,581987.814210939
3.6079999999998242,581057.5540002277
3.609999999999824,580129.1109666311
3.611999999999824,579202.5335150867
3.6139999999998236,578277.8607580924
3.6159999999998234,577355.075816093
3.617999999999823,576434.2784164436
3.619999999999823,575515.3900500374
3.6219999999998227,574598.5223457845
3.6239999999998225,573683.6557325323
3.6259999999998223,572770.7893393751
3.627999999999822,571859.9837716598
3.629999999999822,570951.2884394428
3.6319999999998216,570044.7457671941
3.6339999999998214,569140.3454956149
3.635999999999821,568238.0997207903
3.637999999999821,567338.0623420911
3.6399999999998207,566440.2957092782
3.6419999999998205,565544.7991966859
3.6439999999998203,564651.6343028853
3.64599999999982,563760.8063819619
3.64799999999982,562872.3807913981
3.6499999999998196,561986.3663769207
3.6519999999998194,561102.7842877568
3.653999999999819,560221.7561754405
3.655999999999819,559343.2348672611
3.6579999999998187,558467.2990020813
3.6599999999998185,557594.0135916905
3.6619999999998183,556723.3944598782
3.663999999999818,555855.4595184793
3.665999999999818,554990.2854290624
3.6679999999998176,554127.8923340281
3.6699999999998174,553268.3097240938
3.671999999999817,552411.6159293645
3.673999999999817,551557.8329781466
3.6759999999998167,550707.0335291063
3.6779999999998165,549859.194385987
3.6799999999998163,549014.401150659
3.681999999999816,548172.7222074169
3.683999999999816,547334.1736695222
3.6859999999998156,546498.7800893013
3.6879999999998154,545666.5711218655
3.689999999999815,544837.5791023573
3.691999999999815,544011.8761046978
3.6939999999998148,543189.4795876079
3.6959999999998145,542370.4116056991
3.6979999999998143,541554.6959106363
3.699999999999814,540742.3939452294
3.701999999999814,539933.4776230281
3.7039999999998137,539128.0096255399
3.7059999999998134,538325.9979068021
3.7079999999998132,537527.4517428064
3.709999999999813,536732.4216615576
3.711999999999813,535940.8483200902
3.7139999999998126,535152.7858005526
3.7159999999998123,534368.1923676556
3.717999999999812,533587.1008332678
3.719999999999812,532809.4981475073
3.7219999999998117,532035.3674008267
3.7239999999998115,531264.7339834624
3.7259999999998112,530497.5149748996
3.727999999999811,529733.6905470135
3.729999999999811,528973.2652859635
3.7319999999998106,528216.1964734369
3.7339999999998104,527462.4109777956
3.73599999999981,526711.9037490499
3.73799999999981,525964.6228261917
3.7399999999998097,525220.5424237569
3.7419999999998095,524479.5677467207
3.7439999999998093,523741.6714325773
3.745999999999809,523006.757050838
3.747999999999809,522274.79306352005
3.7499999999998086,521545.73240484786
3.7519999999998084,520819.4654156558
3.753999999999808,520095.9484973071
3.755999999999808,519375.0741210944
3.7579999999998077,518656.798092922
3.7599999999998075,517941.06380596996
3.7619999999998073,517227.78154319245
3.763999999999807,516516.8417377341
3.765999999999807,515808.221660212
3.7679999999998066,515101.8056137124
3.7699999999998064,514397.5422337814
3.771999999999806,513695.3720737416
3.773999999999806,512995.18334492936
3.7759999999998057,512296.9525840919
3.7779999999998055,511600.5685865193
3.7799999999998053,510905.9855732454
3.781999999999805,510213.1285275515
3.783999999999805,509521.95207804895
3.7859999999998046,508832.40671882534
3.7879999999998044,508144.3951287994
3.789999999999804,507457.9076680147
3.791999999999804,506772.8743920362
3.7939999999998038,506089.23495103116
3.7959999999998035,505406.9597406724
3.7979999999998033,504725.99280525465
3.799999999999803,505019.7864831576
3.801999999999803,504970.0293374061
3.8039999999998027,504704.87617167115
3.8059999999998024,504308.13597207324
3.807999999999802,503832.8054667088
3.809999999999802,503311.5348569831
3.8119999999998018,502764.01640284836
3.8139999999998015,502201.9116255191
3.8159999999998013,501632.01498666714
3.817999999999801,501058.2226216238
3.819999999999801,500482.7423547678
3.8219999999998007,499906.8037699358
3.8239999999998004,499331.08909640013
3.8259999999998002,498755.9595997138
3.8279999999998,498181.6148166765
3.8299999999998,497608.15621727536
3.8319999999997996,497035.6319432435
3.8339999999997993,496464.06821589003
3.835999999999799,495893.47370190645
3.837999999999799,495323.854240988
3.8399999999997987,494755.2111911882
3.8419999999997985,494187.5406486833
3.8439999999997982,493620.8420717555
3.845999999999798,493055.11374440655
3.847999999999798,492490.3505930553
3.8499999999997976,491926.548437346
3.8519999999997974,491363.7094340582
3.853999999999797,490801.82796277857
3.855999999999797,490240.899592906
3.8579999999997967,489680.9234994983
3.8599999999997965,489121.89797983
3.8619999999997963,488563.818230351
3.863999999999796,488006.6829334531
3.865999999999796,487450.4876328859
3.8679999999997956,486895.23107879196
3.8699999999997954,486340.9114875474
3.871999999999795,485787.52424142207
3.873999999999795,485235.0654383921
3.8759999999997947,484683.53655810014
3.8779999999997945,484132.9302192938
3.8799999999997943,483583.2480717541
3.881999999999794,483034.48522682744
3.883999999999794,482486.6378366132
3.8859999999997936,481939.7046889449
3.8879999999997934,481393.68407646817
3.889999999999793,480848.5717651761
3.891999999999793,480304.36609980057
3.8939999999997927,479761.063135537
3.8959999999997925,479218.6614915683
3.8979999999997923,478677.15715722553
3.899999999999792,478136.5488330578
3.901999999999792,477596.83460094646
3.9039999999997916,477058.0102529469
3.9059999999997914,476520.07435800985
3.907999999999791,475983.02296471136
3.909999999999791,475446.85453408916
3.9119999999997908,474911.5652598492
3.9139999999997905,474377.1538578259
3.9159999999997903,473843.6165498624
3.91799999999979,473310.9519124492
3.91999999999979,472779.1562716539
3.9219999999997897,472248.22819683753
3.9239999999997894,471718.1658435355
3.925999999999789,471188.96528627304
3.927999999999789,470660.62327003025
3.9299999999997888,470133.14008863503
3.9319999999997886,469606.51012317726
3.9339999999997883,469080.7322103669
3.935999999999788,468555.80449483346
3.937999999999788,468031.7235917689
3.9399999999997877,467508.48786750366
3.9419999999997875,466986.09379843983
3.9439999999997872,466464.53994752356
3.945999999999787,465943.8229077929
3.947999999999787,465423.94119744573
3.9499999999997866,464904.8927667474
3.9519999999997864,464386.6728575457
3.953999999999786,463869.28169737913
3.955999999999786,463352.71572729776
3.9579999999997857,462836.97190863406
3.9599999999997855,462322.04889102245
3.9619999999997852,461807.94473319437
3.963999999999785,461294.65612849547
3.965999999999785,460782.18019127485
3.9679999999997846,460270.5155083007
3.9699999999997844,459759.6591235159
3.971999999999784,459249.60947245033
3.973999999999784,458740.36469863035
3.9759999999997837,458231.92162331747
3.9779999999997835,457724.27748965693
3.9799999999997833,457217.4308321814
3.981999999999783,456711.3797423656
3.983999999999783,456206.12123158836
3.9859999999997826,455701.6526657391
3.9879999999997824,455197.9725199269
3.989999999999782,454695.0779666686
3.991999999999782,454192.9675268647
3.9939999999997817,453691.6392139187
3.9959999999997815,453191.09020599874
3.9979999999997813,452691.3179446433
3.999999999999781,452192.3208717878
4.001999999999781,451694.0963247038
4.003999999999781,451196.6427639352
4.005999999999781,450699.95743718505
4.007999999999781,450204.03869896976
4.00999999999978,449708.88478628313
4.01199999999978,449214.4922432527
4.01399999999978,448720.8596861111
4.01599999999978,448227.98539575556
4.0179999999997795,447735.866819423
4.019999999999779,447244.5021864169
4.021999999999779,446753.8891249734
4.023999999999779,446264.0258542889
4.025999999999779,445774.9100454785
4.027999999999778,445286.5394253613
4.029999999999778,444798.9123659335
4.031999999999778,444312.02710283897
4.033999999999778,443825.8807238509
4.0359999999997775,443340.4687984876
4.037999999999777,442855.79464871547
4.039999999999777,442371.85722226434
4.041999999999777,441888.65046566515
4.043999999999777,441406.17265965044
4.045999999999776,440924.4218486951
4.047999999999776,440443.3965037653
4.049999999999776,439963.0951042878
4.051999999999776,439483.51538534596
4.053999999999776,439004.65532786935
4.055999999999775,438526.5132795802
4.057999999999775,438049.0875005875
4.059999999999775,437572.3756443615
4.061999999999775,437096.376111002
4.0639999999997745,436621.08718131745
4.065999999999774,436146.5067782187
4.067999999999774,435672.63325473695
4.069999999999774,435199.46455588733
4.071999999999774,434726.9988982257
4.073999999999773,434255.23449358065
4.075999999999773,433784.1694743708
4.077999999999773,433313.80222349317
4.079999999999773,432844.130773643
4.0819999999997725,432375.15334509267
4.083999999999772,431906.86827059195
4.085999999999772,431439.2737609226
4.087999999999772,430972.36804256006
4.089999999999772,430506.1493670917
4.091999999999771,430040.6159860895
4.093999999999771,429575.7661835479
4.095999999999771,429111.5982090275
4.097999999999771,428648.11040060903
4.0999999999997705,428185.301064945
4.10199999999977,427723.1684523922
4.10399999999977,427261.71092737984
4.10599999999977,426800.9267676859
4.10799999999977,426340.8143395114
4.109999999999769,425881.3720081821
4.111999999999769,425422.59809512005
4.113999999999769,424964.49097616103
4.115999999999769,424507.04891231196
4.1179999999997685,424050.2704384651
4.119999999999768,423594.1539170225
4.121999999999768,423138.697652847
4.123999999999768,422683.9001494776
4.125999999999768,422229.7596709996
4.127999999999767,421776.27470553486
4.129999999999767,421323.4437730787
4.131999999999767,420871.26519115415
4.133999999999767,420419.7374965888
4.1359999999997665,419968.85894266126
4.137999999999766,419518.6281419359
4.139999999999766,419069.04370973015
4.141999999999766,418620.103834142
4.143999999999766,418171.80714397377
4.145999999999765,417724.15195596707
4.147999999999765,417277.13692601194
4.149999999999765,416830.7606818048
4.151999999999765,416385.0214417704
4.1539999999997645,415939.9179416999
4.155999999999764,415495.4487873614
4.157999999999764,415051.61222642596
4.159999999999764,414608.4070068323
4.161999999999764,414165.8314290199
4.1639999999997634,413723.8842435056
4.165999999999763,413282.564130291
4.167999999999763,412841.8693682594
4.169999999999763,412401.79877514445
4.171999999999763,411962.3506101257
4.173999999999762,411523.52408321825
4.175999999999762,411085.31698736304
4.177999999999762,410647.7287012523
4.179999999999762,410210.7573563097
4.1819999999997615,409774.40183291136
4.183999999999761,409338.66039736266
4.185999999999761,408903.5319236308
4.187999999999761,408469.015188206
4.189999999999761,408035.10849784035
4.19199999999976,407601.81071870006
4.19399999999976,407169.12067253055
4.19599999999976,406737.03663848096
4.19799999999976,406305.55751083954
4.1999999999997595,405874.68157545413
4.201999999999759,405444.40788259724
4.203999999999759,405014.73529946344
4.205999999999759,404585.66260802175
4.207999999999759,404157.18798159185
4.209999999999758,403729.3104686074
4.211999999999758,403302.0283649834
4.213999999999758,402875.34068439563
4.215999999999758,402449.24639398814
4.2179999999997575,402023.74369010783
4.219999999999757,401598.83168542257
4.221999999999757,401174.50928243477
4.223999999999757,400750.775304173
4.225999999999757,400327.62799214036
4.227999999999756,399905.06574586214
4.229999999999756,399483.0883962322
4.231999999999756,399061.69409157964
4.233999999999756,398640.88191761344
4.2359999999997555,398220.6501086227
4.237999999999755,397800.99779861345
4.239999999999755,397381.9239889812
4.241999999999755,396963.42692687985
4.243999999999755,396545.50650557724
4.245999999999754,396128.16004084126
4.247999999999754,395711.38757802016
4.249999999999754,395295.187220591
4.251999999999754,394879.5581728287
4.2539999999997535,394464.4986414393
4.255999999999753,394050.0086818028
4.257999999999753,393636.08627430885
4.259999999999753,393222.7297668335
4.261999999999753,392809.9392800682
4.263999999999752,392397.71282167087
4.265999999999752,391986.0488258653
4.267999999999752,391574.94741696236
4.269999999999752,391164.40664098447
4.2719999999997516,390754.4248817636
4.273999999999751,390345.002322505
4.275999999999751,389936.13698332175
4.277999999999751,389527.8280973817
4.279999999999751,389120.07388264185
4.2819999999997505,388712.87453024596
4.28399999999975,388306.2280765679
4.28599999999975,387900.132841294
4.28799999999975,387494.58906154404
4.28999999999975,387089.59482029034
4.291999999999749,386685.14847710985
4.293999999999749,386281.25040037953
4.295999999999749,385877.8985368058
4.297999999999749,385475.0922314355
4.2999999999997485,385072.8305656227
4.301999999999748,384671.11171239155
4.303999999999748,384269.9350614082
4.305999999999748,383869.299803098
4.307999999999748,383469.2041893496
4.309999999999747,383069.6475893243
4.311999999999747,382670.629241838
4.313999999999747,382272.1482236839
4.315999999999747,381874.2027275959
4.3179999999997465,381476.792133549
4.319999999999746,381079.9156693973
4.321999999999746,380683.572441025
4.323999999999746,380287.760578639
4.325999999999746,379892.47953936487
4.327999999999745,379497.7285568551
4.329999999999745,379103.50585266267
4.331999999999745,378709.8118276717
4.333999999999745,378316.64345783653
4.3359999999997445,377924.00144963723
4.337999999999744,377531.8847543187
4.339999999999744,377140.29152422707
4.341999999999744,376749.22112773656
4.343999999999744,376358.6719104284
4.345999999999743,375968.64343426423
4.347999999999743,375579.1359550412
4.349999999999743,375190.1463442196
4.351999999999743,374801.6752876816
4.3539999999997425,374413.7208509202
4.355999999999742,374026.28246870084
4.357999999999742,373639.35939179
4.359999999999742,373252.95076849125
4.361999999999742,372867.05477094307
4.363999999999741,372481.6709331082
4.365999999999741,372096.79854222864
4.367999999999741,371712.4368109933
4.369999999999741,371328.58388915093
4.3719999999997405,370945.2393157695
4.37399999999974,370562.4024485318
4.37599999999974,370180.07247154985
4.37799999999974,369798.24754933274
4.37999999999974,369416.92726064957
4.381999999999739,369036.11094763584
4.383999999999739,368655.7978361082
4.385999999999739,368275.9860809212
4.387999999999739,367896.71062554105
4.3899999999997386,367517.8792674514
4.391999999999738,367139.55708102795
4.393999999999738,366761.73899465066
4.395999999999738,366384.4206418762
4.397999999999738,366007.60024790687
4.3999999999997375,365631.2764200023
4.401999999999737,365255.44697067724
4.403999999999737,364880.112422676
4.405999999999737,364505.2705522276
4.407999999999737,364130.920806138
4.409999999999736,363757.06146834866
4.411999999999736,363383.693241931
4.413999999999736,363010.81406485505
4.415999999999736,362638.42344037193
4.4179999999997355,362266.5207074217
4.419999999999735,361895.10508335964
4.421999999999735,361524.1746431934
4.423999999999735,361153.75062816363
4.425999999999735,360783.7770423393
4.427999999999734,360414.29291952215
4.429999999999734,360045.29488828103
4.431999999999734,359676.77956485254
4.433999999999734,359308.7457460733
4.4359999999997335,358941.1924650411
4.437999999999733,358574.1187708101
4.439999999999733,358207.52268684603
4.441999999999733,357841.4049387372
4.443999999999733,357475.7633705786
4.445999999999732,357110.5975243426
4.447999999999732,356745.9067164834
4.449999999999732,356381.68920987454
4.451999999999732,356017.9447039856
4.4539999999997315,355654.6737916074
4.455999999999731,355291.8741524665
4.457999999999731,354929.5442112434
4.459999999999731,354567.6849404152
4.461999999999731,354206.29426474654
4.46399999999973,353845.37178449874
4.46599999999973,353484.91693339986
4.46799999999973,353124.9290110922
4.46999999999973,352765.40724007715
4.4719999999997295,352406.3497736704
4.473999999999729,352047.7574361431
4.475999999999729,351689.6280528374
4.477999999999729,351331.9612565171
4.479999999999729,350974.7553467634
4.481999999999728,350618.01125165564
4.483999999999728,350261.7268561307
4.485999999999728,349905.9018379717
4.487999999999728,349550.53559343447
4.4899999999997275,349195.62744969747
4.491999999999727,348841.1766601073
4.493999999999727,348487.1813822527
4.495999999999727,348133.6424744549
4.497999999999727,347780.5578344618
4.499999999999726,347427.92703022494
4.501999999999726,347075.7494996215
4.503999999999726,346724.02348400286
4.505999999999726,346372.7498963598
4.507999999999726,346021.92661658005
4.509999999999725,345671.5533123598
4.511999999999725,345321.6294302167
4.513999999999725,344972.1543181117
4.515999999999725,344623.12723276654
4.5179999999997245,344274.5463346264
4.519999999999724,343926.41252844647
4.521999999999724,343578.72368431423
4.523999999999724,343231.4794924899
4.525999999999724,342884.67935054057
4.527999999999723,342538.3215415095
4.529999999999723,342192.40699940553
4.531999999999723,341846.9336538749
4.533999999999723,341501.9022489112
4.5359999999997225,341157.31060064456
4.537999999999722,340813.15833941026
4.539999999999722,340469.44493923336
4.541999999999722,340126.16862585046
4.543999999999722,339783.35073197907
4.545999999999721,339440.93529066903
4.547999999999721,339098.9629880278
4.549999999999721,338757.4286682038
4.551999999999721,338416.3303251435
4.5539999999997205,338075.66545759793
4.55599999999972,337735.4346071599
4.55799999999972,337395.6365886474
4.55999999999972,337056.2693617162
4.56199999999972,336717.3326418766
4.563999999999719,336378.82703643513
4.565999999999719,336040.7502717614
4.567999999999719,335703.10082747805
4.569999999999719,335365.8798736242
4.5719999999997185,335029.08644685854
4.573999999999718,334692.7186879953
4.575999999999718,334356.77743203065
4.577999999999718,334021.26060125884
4.579999999999718,333686.16788045
4.581999999999717,333351.49875419313
4.583999999999717,333017.2525938938
4.585999999999717,332683.43779882765
4.587999999999717,332350.06590099353
4.5899999999997165,332017.13442616485
4.591999999999716,331684.6370693552
4.593999999999716,331352.5680662299
4.595999999999716,331020.9230870018
4.597999999999716,330689.69909739116
4.599999999999715,330358.8928854996
4.601999999999715,330028.50465605356
4.603999999999715,329698.53188369994
4.605999999999715,329368.98583950603
4.6079999999997145,329039.84758463624
4.609999999999714,328711.10858396837
4.611999999999714,328382.7872793685
4.613999999999714,328054.8807919955
4.615999999999714,327727.38725672505
4.6179999999997134,327400.30426673405
4.619999999999713,327073.63246771874
4.621999999999713,326747.36969801766
4.623999999999713,326421.5156182709
4.625999999999713,326096.07078128855
4.627999999999712,325771.0330005744
4.629999999999712,325446.40189489705
4.631999999999712,325122.1769688566
4.633999999999712,324798.3565423019
4.6359999999997115,324474.9416218629
4.637999999999711,324151.9313000583
4.639999999999711,323829.3236958543
4.641999999999711,323507.11862715863
4.643999999999711,323185.3167474673
4.64599999999971,322863.9158795518
4.64799999999971,322542.91572227946
4.64999999999971,322222.3157733111
4.65199999999971,321902.11546772084
4.6539999999997095,321582.31414687407
4.655999999999709,321262.91120556265
4.657999999999709,320943.90603318537
4.659999999999709,320625.2968768613
4.661999999999709,320307.08467606385
4.663999999999708,319989.2674931257
4.665999999999708,319671.8461284942
4.667999999999708,319354.8185633413
4.669999999999708,319038.1844902582
4.6719999999997075,318721.9434724875
4.673999999999707,318406.0949334978
4.675999999999707,318090.6383207768
4.677999999999707,317775.5729741233
4.679999999999707,317460.898286772
4.681999999999706,317146.61361452134
4.683999999999706,316832.718329914
4.685999999999706,316519.2107588184
4.687999999999706,316206.0918225607
4.6899999999997055,315893.3596360577
4.691999999999705,315581.0149529338
4.693999999999705,315269.05582197185
4.695999999999705,314957.48192761844
4.697999999999705,314646.2938944509
4.699999999999704,314335.48963837215
4.701999999999704,314025.06878161937
4.703999999999704,313715.03091327695
4.705999999999704,313405.3754601119
4.7079999999997035,313096.1018509294
4.709999999999703,312787.20948394976
4.711999999999703,312478.69775079266
4.713999999999703,312170.5650398599
4.715999999999703,311862.8122542471
4.717999999999702,311555.43853900797
4.719999999999702,311248.4421059844
4.721999999999702,310941.8238240587
4.723999999999702,310635.5817827043
4.7259999999997016,310329.71674240613
4.727999999999701,310024.22677873797
4.729999999999701,309719.1126394824
4.731999999999701,309414.3723674529
4.733999999999701,309110.0057091078
4.7359999999997004,308806.0122203684
4.7379999999997,308502.3914026856
4.7399999999997,308199.14371261554
4.7419999999997,307896.26701342117
4.7439999999997,307593.76097965176
4.745999999999699,307291.62517022627
4.747999999999699,306989.8590463729
4.749999999999699,306688.4620630625
4.751999999999699,306387.4326730501
4.7539999999996985,306086.7717273404
4.755999999999698,305786.47843443684
4.757999999999698,305486.5520386275
4.759999999999698,305186.9918975746
4.761999999999698,304887.79647274455
4.763999999999697,304588.96655697597
4.765999999999697,304290.5013621861
4.767999999999697,303992.39920357603
4.769999999999697,303694.66087344993
4.7719999999996965,303397.2845669169
4.773999999999696,303100.27098703117
4.775999999999696,302803.6192846004
4.777999999999696,302507.3277527211
4.779999999999696,302211.3962041456
4.781999999999695,301915.8252356961
4.783999999999695,301620.61295710015
4.785999999999695,301325.75998545816
4.787999999999695,301031.2645366857
4.7899999999996945,300737.12630315236
4.791999999999694,300443.34580604266
4.793999999999694,300149.92116211413
4.795999999999694,299856.8521122533
4.797999999999694,299564.1390755016
4.799999999999693,299271.780225523
4.801999999999693,298979.7752286726
4.803999999999693,298688.12369991763
4.805999999999693,298396.8260053293
4.8079999999996925,298105.8802847747
4.809999999999692,297815.2862077293
4.811999999999692,297525.04333129234
4.813999999999692,297235.15206469456
4.815999999999692,296945.61055266054
4.817999999999691,296656.41844032035
4.819999999999691,296367.5753466401
4.821999999999691,296079.0807310402
4.823999999999691,295790.93409369065
4.8259999999996905,295503.1357637385
4.82799999999969,295215.6838828417
4.82999999999969,294928.5781421825
4.83199999999969,294641.8180927394
4.83399999999969,294355.4032772118
4.835999999999689,294069.3331504165
4.837999999999689,293783.6079950807
4.839999999999689,293498.2260441016
4.841999999999689,293213.1869531786
4.8439999999996886,292928.4903216237
4.845999999999688,292644.13562154677
4.847999999999688,292360.1223725507
4.849999999999688,292076.45086789253
4.851999999999688,291793.11931970576
4.8539999999996875,291510.1273843023
4.855999999999687,291227.4746754264
4.857999999999687,290945.16149608995
4.859999999999687,290663.19297112775
4.861999999999687,290381.56337168126
4.863999999999686,290100.2528259399
4.865999999999686,289819.28472894576
4.867999999999686,289538.6548623459
4.869999999999686,289258.3616286401
4.8719999999996855,288978.40471898473
4.873999999999685,288698.7821485458
4.875999999999685,288419.49426825845
4.877999999999685,288140.5394261205
4.879999999999685,287861.9173311682
4.881999999999684,287583.62835590803
4.883999999999684,287305.67082120664
4.885999999999684,287028.0452522954
4.887999999999684,286750.7500998038
4.8899999999996835,286473.78581987176
4.891999999999683,286197.1516251769
4.893999999999683,285920.8461614352
4.895999999999683,285644.8699546764
4.897999999999683,285369.22156263556
4.899999999999682,285093.9014203342
4.901999999999682,284818.9088182999
4.903999999999682,284544.24308250175
4.905999999999682,284269.90294350253
4.9079999999996815,283995.8889696621
4.909999999999681,283722.2004280655
4.911999999999681,283448.8367111173
4.913999999999681,283175.79729150527
4.915999999999681,282903.081592726
4.91799999999968,282630.68915041775
4.91999999999968,282358.6194289001
4.92199999999968,282086.87191802333
4.92399999999968,281815.4461373651
4.9259999999996795,281544.34222470014
4.927999999999679,281273.558698602
4.929999999999679,281003.0952209737
4.931999999999679,280732.9514006074
4.933999999999679,280463.12740860705
4.935999999999678,280193.6217899086
4.937999999999678,279924.434895118
4.939999999999678,279655.5653064325
4.941999999999678,279387.0134049437
4.9439999999996775,279118.7778428428
4.945999999999677,278850.8589623501
4.947999999999677,278583.256052606
4.949999999999677,278315.96791141
4.951999999999677,278048.99493363826
4.953999999999676,277782.33644790563
4.955999999999676,277515.9918630513
4.957999999999676,277249.96066010825
4.959999999999676,276984.2423026995
4.961999999999676,276718.83631074475
4.963999999999675,276453.7422378181
4.965999999999675,276188.95955143095
4.967999999999675,275924.48836221005
4.969999999999675,275660.32731646317
4.9719999999996745,275396.47609927645
4.973999999999674,275132.93487967807
4.975999999999674,274869.7023258162
4.977999999999674,274606.7786816579
4.979999999999674,274344.1632605653
4.981999999999673,274081.8550076456
4.983999999999673,273819.8541608689
4.985999999999673,273558.1600917776
4.987999999999673,273296.77226531
4.9899999999996725,273035.69015347934
4.991999999999672,272774.9132697248
4.993999999999672,272514.4411652283
4.995999999999672,272254.27334989764
4.997999999999672,271994.40933418315
4.999999999999671,271734.8491423182
5.001999999999671,271475.5915797969
5.003999999999671,271216.63678768073
5.005999999999671,270957.9836623343
5.0079999999996705,270699.6323072819
5.00999999999967,270441.5821574999
5.01199999999967,270183.8321863782
5.01399999999967,269926.3825796424
5.01599999999967,269669.23275095096
5.017999999999669,269412.38216513506
5.019999999999669,269155.83033523185
5.021999999999669,268899.57718689286
5.023999999999669,268643.6216271077
5.0259999999996685,268387.9633531859
5.027999999999668,268132.6023196725
5.029999999999668,267877.53751071467
5.031999999999668,267622.7689662407
5.033999999999668,267368.29610726406
5.035999999999667,267114.1183664884
5.037999999999667,266860.2349349337
5.039999999999667,266606.64590352797
5.041999999999667,266353.350724493
5.0439999999996665,266100.34923263104
5.045999999999666,265847.64041912823
5.047999999999666,265595.2239405083
5.049999999999666,265343.0996963295
5.051999999999666,265091.2667780517
5.053999999999665,264839.7251673242
5.055999999999665,264588.47429220774
5.057999999999665,264337.5136107409
5.059999999999665,264086.8424244747
5.0619999999996645,263836.4606652035
5.063999999999664,263586.3681541866
5.065999999999664,263336.5639457173
5.067999999999664,263087.04770148505
5.069999999999664,262837.8192084042
5.0719999999996634,262588.8776479341
5.073999999999663,262340.22298257414
5.075999999999663,262091.85460541668
5.077999999999663,261843.77185957527
5.079999999999663,261595.9746075578
5.081999999999662,261348.46237756367
5.083999999999662,261101.23487219826
5.085999999999662,260854.29136440938
5.087999999999662,260607.63143499507
5.0899999999996615,260361.2549097641
5.091999999999661,260115.16106292742
5.093999999999661,259869.34970816286
5.095999999999661,259623.82034492047
5.097999999999661,259378.57251805018
5.09999999999966,259133.60576405615
5.10199999999966,258888.91969339404
5.10399999999966,258644.51385507523
5.10599999999966,258400.38796515603
5.1079999999996595,258156.54138667017
5.109999999999659,257912.97387712146
5.111999999999659,257669.68495310665
5.113999999999659,257426.67416693913
5.115999999999659,257183.94109946946
5.117999999999658,256941.48529532636
5.119999999999658,256699.30636398282
5.121999999999658,256457.4039187736
5.123999999999658,256215.7775792847
5.1259999999996575,255974.42688120395
5.127999999999657,255733.35133198719
5.129999999999657,255492.550623052
5.131999999999657,255252.02431252287
5.133999999999657,255011.77196407827
5.135999999999656,254771.79325326765
5.137999999999656,254532.08763675913
5.139999999999656,254292.6547258761
5.141999999999656,254053.49418439687
5.1439999999996555,253814.60556123944
5.145999999999655,253575.9884273285
5.147999999999655,253337.64242741247
5.149999999999655,253099.56709700354
5.151999999999655,252861.762047619
5.153999999999654,252624.22687533
5.155999999999654,252386.96118916955
5.157999999999654,252149.9645621607
5.159999999999654,251913.23660417317
5.1619999999996535,251676.77687833042
5.163999999999653,251440.5850303438
5.165999999999653,251204.66064260062
5.167999999999653,250969.00327666476
5.169999999999653,250733.61259433304
5.171999999999652,250498.48812887046
5.173999999999652,250263.62950687268
5.175999999999652,250029.03634937142
5.177999999999652,249794.70826322926
5.1799999999996515,249560.64485545197
5.181999999999651,249326.84561245237
5.183999999999651,249093.3103469751
5.185999999999651,248860.0384890647
5.187999999999651,248627.0296901069
5.1899999999996504,248394.28358907855
5.19199999999965,248161.7997709832
5.19399999999965,247929.57788540647
5.19599999999965,247697.61740541767
5.19799999999965,247465.91815767827
5.199999999999649,247234.4795575653
5.201999999999649,247003.30127119547
5.203999999999649,246772.38295287944
5.205999999999649,246541.7242268135
5.2079999999996485,246311.32471046704
5.209999999999648,246081.183832331
5.211999999999648,245851.30127571378
5.213999999999648,245621.67675255798
5.215999999999648,245392.30990120542
5.217999999999647,245163.2003352373
5.219999999999647,244934.34767922066
5.221999999999647,244705.75156965348
5.223999999999647,244477.4113810493
5.2259999999996465,244249.3268295043
5.227999999999646,244021.49761065262
5.229999999999646,243793.92342604467
5.231999999999646,243566.60386650148
5.233999999999646,243339.53824997193
5.235999999999645,243112.72672139484
5.237999999999645,242886.16847539702
5.239999999999645,242659.86328582332
5.241999999999645,242433.810778593
5.2439999999996445,242208.0103106926
5.245999999999644,241982.46203998287
5.247999999999644,241757.1651677949
5.249999999999644,241532.11944242436
5.251999999999644,241307.3249454675
5.253999999999643,241082.7804024728
5.255999999999643,240858.486111077
5.257999999999643,240634.44170238162
5.259999999999643,240410.6463567493
5.2619999999996425,240187.09988643107
5.263999999999642,239963.80204514024
5.265999999999642,239740.75251399205
5.267999999999642,239517.9504695455
5.269999999999642,239295.39628860826
5.271999999999641,239073.08903007617
5.273999999999641,238851.0284689379
5.275999999999641,238629.21436475244
5.277999999999641,238407.6463949653
5.2799999999996405,238186.32373448653
5.28199999999964,237965.24675685877
5.28399999999964,237744.4144828241
5.28599999999964,237523.8267530064
5.28799999999964,237303.48330627283
5.289999999999639,237083.38328465636
5.291999999999639,236863.52720607238
5.293999999999639,236643.91398830488
5.295999999999639,236424.54351844493
5.2979999999996386,236205.41551307146
5.299999999999638,235986.52973281968
5.301999999999638,235767.8851931301
5.303999999999638,235549.48250643726
5.305999999999638,235331.32050816773
5.3079999999996375,235113.3991530744
5.309999999999637,234895.71752407603
5.311999999999637,234678.27629677125
5.313999999999637,234461.07434051012
5.315999999999637,234244.1115682267
5.317999999999636,234027.38772860894
5.319999999999636,233810.90256417196
5.321999999999636,233594.65576200048
5.323999999999636,233378.64629231303
5.3259999999996355,233162.87418027653
5.327999999999635,232947.33925348055
5.329999999999635,232732.04121330404
5.331999999999635,232516.9798169565
5.333999999999635,232302.15397548737
5.335999999999634,232087.56372373353
5.337999999999634,231873.2089265193
5.339999999999634,231659.0893673034
5.341999999999634,231445.2039012607
5.3439999999996335,231231.55343072783
5.345999999999633,231018.1366239851
5.347999999999633,230804.9534545323
5.349999999999633,230592.0037157519
5.351999999999633,230379.2864029581
5.353999999999632,230166.8134708708
5.355999999999632,229954.57453701476
5.357999999999632,229742.55607616552
5.359999999999632,229530.76312646078
5.3619999999996315,229319.19971842883
5.363999999999631,229107.86582183596
5.365999999999631,228896.76212463126
5.367999999999631,228685.88868937627
5.369999999999631,228475.24539813984
5.37199999999963,228264.83109472864
5.37399999999963,228054.64593008542
5.37599999999963,227844.6897979561
5.37799999999963,227634.96252580735
5.3799999999996295,227425.4637817309
5.381999999999629,227216.1923471047
5.383999999999629,227007.14839889444
5.385999999999629,226798.33183020426
5.387999999999629,226589.74246435481
5.389999999999628,226381.37902906482
5.391999999999628,226173.24169917125
5.393999999999628,225965.33146592032
5.395999999999628,225757.64554026801
5.3979999999996275,225550.1854745553
5.399999999999627,225342.9498478135
5.401999999999627,225135.9387953159
5.403999999999627,224929.15219436257
5.405999999999627,224722.58988068427
5.407999999999626,224516.2515184289
5.409999999999626,224310.1358024158
5.411999999999626,224104.24295428963
5.413999999999626,223898.57293963004
5.415999999999626,223693.12445059457
5.417999999999625,223487.89891598362
5.419999999999625,223282.8946884214
5.421999999999625,223078.11071767844
5.423999999999625,222873.5486106634
5.4259999999996245,222669.20786050093
5.427999999999624,222465.086877576
5.429999999999624,222261.1859422176
5.431999999999624,222057.5038148182
5.433999999999624,221854.0420817066
5.435999999999623,221650.7989995173
5.437999999999623,221447.7747292127
5.439999999999623,221244.96922454535
5.441999999999623,221042.38103932128
5.4439999999996225,220840.01176534186
5.445999999999622,220637.85957159376
5.447999999999622,220435.92464212832
5.449999999999622,220234.20565988956
5.451999999999622,220032.70432572733
5.453999999999621,219831.418791512
5.455999999999621,219630.3479713342
5.457999999999621,219429.49377488377
5.459999999999621,219228.8543316004
5.4619999999996205,219028.43124949533
5.46399999999962,218828.22116296264
5.46599999999962,218628.22624417816
5.46799999999962,218428.44608346192
5.46999999999962,218228.87899148074
5.471999999999619,218029.52527307897
5.473999999999619,217830.3836333163
5.475999999999619,217631.4559813659
5.477999999999619,217432.74035292273
5.4799999999996185,217234.23701085514
5.481999999999618,217035.9445279137
5.483999999999618,216837.8648832643
5.485999999999618,216639.9960253662
5.487999999999618,216442.33821335383
5.489999999999617,216244.89001110612
5.491999999999617,216047.65765442073
5.493999999999617,215850.64970416474
5.495999999999617,215653.86495989596
5.4979999999996165,215457.2993157988
5.499999999999616,215260.94905515193
5.501999999999616,215064.80996391826
5.503999999999616,214868.88102727616
5.505999999999616,214673.16144489168
5.507999999999615,214477.65065620973
5.509999999999615,214282.34661645387
5.511999999999615,214087.25131375686
5.513999999999615,213892.36085152833
5.5159999999996145,213697.67785936192
5.517999999999614,213503.20031709233
5.519999999999614,213308.9285828827
5.521999999999614,213114.86255872998
5.523999999999614,212932.29097112664
5.525999999999613,212775.33740171778
5.527999999999613,212640.38997951278
5.529999999999613,212520.50091492833
5.531999999999613,212409.81903562017
5.533999999999613,212304.36667376617
5.535999999999612,212201.71225138995
5.537999999999612,212100.4706777464
5.539999999999612,211999.8907465534
5.541999999999612,211899.58073305042
5.5439999999996115,211799.34461562563
5.545999999999611,211699.08781504133
5.547999999999611,211598.76794094493
5.549999999999611,211498.36440072383
5.551999999999611,211397.86995658674
5.55399999999961,211297.27835339887
5.55599999999961,211196.59198256774
5.55799999999961,211095.80695331603
5.55999999999961,210994.92483490476
5.5619999999996095,210893.9462928561
5.563999999999609,210792.8697927785
5.565999999999609,210691.69446265142
5.567999999999609,210590.41975910755
5.569999999999609,210489.0470523813
5.571999999999608,210387.57681958235
5.573999999999608,210286.0056477695
5.575999999999608,210184.3352836395
5.577999999999608,210082.5664030761
5.5799999999996075,209980.69742099993
5.581999999999607,209878.72743912187
5.583999999999607,209776.65585093386
5.585999999999607,209674.48404710038
5.587999999999607,209572.21073908068
5.589999999999606,209469.83695338268
5.591999999999606,209367.36121929943
5.593999999999606,209264.782694475
5.595999999999606,209162.1026559291
5.5979999999996055,209059.319702597
5.599999999999605,208956.43307827154
5.601999999999605,208853.44402763993
5.603999999999605,208750.35122347184
5.605999999999605,208647.15385238192
5.607999999999604,208543.85321285942
5.609999999999604,208440.44794193268
5.611999999999604,208336.9372275872
5.613999999999604,208233.322373002
5.6159999999996035,208129.60197985402
5.617999999999603,208025.77714954948
5.619999999999603,207921.84442843663
5.621999999999603,207817.80582374075
5.623999999999603,207713.66212911688
5.625999999999602,207609.4097941274
5.627999999999602,207505.05071656083
5.629999999999602,207400.58571945128
5.631999999999602,207296.01116167818
5.6339999999996015,207191.32898600964
5.635999999999601,207086.5400013989
5.637999999999601,206981.64052995716
5.639999999999601,206876.6325427766
5.641999999999601,206771.5148947901
5.6439999999996004,206666.28884453443
5.6459999999996,206560.9528511707
5.6479999999996,206455.50600694818
5.6499999999996,206349.9477335748
5.6519999999996,206244.27957145477
5.653999999999599,206138.500137289
5.655999999999599,206032.60854974465
5.657999999999599,205926.6062573979
5.659999999999599,205820.48979609745
5.6619999999995985,205714.26335274804
5.663999999999598,205607.9227174081
5.665999999999598,205501.46977959725
5.667999999999598,205394.90324050185
5.669999999999598,205288.2222971826
5.671999999999597,205181.42847245946
5.673999999999597,205074.51819746883
5.675999999999597,204967.493725123
5.677999999999597,204860.35600283908
5.6799999999995965,204753.10114098914
5.681999999999596,204645.73122778448
5.683999999999596,204538.24510066558
5.685999999999596,204430.6440324714
5.687999999999596,204322.92434508656
5.689999999999595,204215.0882864889
5.691999999999595,204107.13674225897
5.693999999999595,203999.06577418468
5.695999999999595,203890.87753732046
5.6979999999995945,203782.57081945715
5.699999999999594,203674.14478532746
5.701999999999594,203565.59891063365
5.703999999999594,203456.93495086912
5.705999999999594,203348.15135817148
5.707999999999593,203239.24726358906
5.709999999999593,203130.22206432803
5.711999999999593,203021.07744704344
5.713999999999593,202911.81190471476
5.7159999999995925,202802.42450800433
5.717999999999592,202692.91465337545
5.719999999999592,202583.28187153177
5.721999999999592,202473.5279431544
5.723999999999592,202363.65140109736
5.725999999999591,202253.6512958931
5.727999999999591,202143.5270201958
5.729999999999591,202033.28032996928
5.731999999999591,201922.9096564009
5.7339999999995905,201812.41408414132
5.73599999999959,201701.79296184718
5.73799999999959,201591.04582208957
5.73999999999959,201480.17451306232
5.74199999999959,201369.1774663627
5.743999999999589,201258.0514785152
5.745999999999589,201146.80167152645
5.747999999999589,201035.42347410522
5.749999999999589,200923.91679219884
5.7519999999995886,200812.28367273076
5.753999999999588,200700.52265691978
5.755999999999588,200588.63282286195
5.757999999999588,200476.6135386155
5.759999999999588,200364.46664563514
5.7619999999995875,200252.1882046547
5.763999999999587,200139.780784438
5.765999999999587,200027.24311402705
5.767999999999587,199914.57438585005
5.769999999999587,199801.77398634487
5.771999999999586,199688.84383105225
5.773999999999586,199575.77992982513
5.775999999999586,199462.5848797691
5.777999999999586,199349.25740745626
5.7799999999995855,199235.79667727443
5.781999999999585,199122.2020972679
5.783999999999585,199008.4755888403
5.785999999999585,198894.61307528557
5.787999999999585,198780.61723728137
5.789999999999584,198666.4843226146
5.791999999999584,198552.21718783164
5.793999999999584,198437.814601219
5.795999999999584,198323.27573954282
5.7979999999995835,198208.60242873736
5.799999999999583,198093.79046398876
5.801999999999583,197978.84002173797
5.803999999999583,197863.75350555655
5.805999999999583,197748.52938110402
5.807999999999582,197633.16670276847
5.809999999999582,197517.6648111203
5.811999999999582,197402.02319654092
5.813999999999582,197286.24141099505
5.8159999999995815,197170.3190487511
5.817999999999581,197054.25570866358
5.819999999999581,196938.05352096027
5.821999999999581,196821.70822812966
5.823999999999581,196705.22266302732
5.82599999999958,196588.5954740269
5.82799999999958,196471.8257387513
5.82999999999958,196354.91026533052
5.83199999999958,196237.85245429378
5.8339999999995795,196120.651196587
5.835999999999579,196003.30832702236
5.837999999999579,195885.8193106317
5.839999999999579,195768.1843228305
5.841999999999579,195650.40329566272
5.843999999999578,195532.47858212114
5.845999999999578,195414.40587138478
5.847999999999578,195296.1881397974
5.849999999999578,195177.82129739624
5.8519999999995775,195059.3084791228
5.853999999999577,194940.64566032685
5.855999999999577,194821.83605003313
5.857999999999577,194702.8782794628
5.859999999999577,194583.7714581895
5.861999999999576,194464.5149714131
5.863999999999576,194345.10560787233
5.865999999999576,194225.54697402474
5.867999999999576,194105.83792927506
5.869999999999576,193985.97770028963
5.871999999999575,193865.9656536081
5.873999999999575,193745.8013078554
5.875999999999575,193625.48419654855
5.877999999999575,193505.01384546672
5.8799999999995745,193384.38983298035
5.881999999999574,193263.61173374584
5.883999999999574,193142.67911403705
5.885999999999574,193021.59153774584
5.887999999999574,192900.34861319128
5.889999999999573,192778.94983700718
5.891999999999573,192657.39481464893
5.893999999999573,192535.68309324395
5.895999999999573,192413.8142464091
5.8979999999995725,192291.78783179508
5.899999999999572,192169.603429565
5.901999999999572,192047.26055299753
5.903999999999572,191924.75878710047
5.905999999999572,191802.0977043491
5.907999999999571,191679.27681928678
5.909999999999571,191556.29284050758
5.911999999999571,191433.14965905758
5.913999999999571,191309.84608895844
5.9159999999995705,191186.37839946864
5.91799999999957,191062.7503514823
5.91999999999957,190938.96063346585
5.92199999999957,190815.00543940807
5.92399999999957,190690.88854807548
5.925999999999569,190566.60569618182
5.927999999999569,190442.1574555192
5.929999999999569,190317.54396217244
5.931999999999569,190192.76796411263
5.9339999999995685,190067.82463159238
5.935999999999568,189942.71431088142
5.937999999999568,189817.43695402212
5.939999999999568,189691.98930191874
5.941999999999568,189566.37552788088
5.943999999999567,189440.59441507203
5.945999999999567,189314.6421290415
5.947999999999567,189188.52256535462
5.949999999999567,189062.2313183523
5.9519999999995665,188935.76906125006
5.953999999999566,188809.13890764434
5.955999999999566,188682.3360285049
5.957999999999566,188555.36083648473
5.959999999999566,188428.2102501407
5.961999999999565,188300.88866069567
5.963999999999565,188173.39182435293
5.965999999999565,188045.72357615782
5.967999999999565,187917.87933443103
5.9699999999995645,187789.85971409036
5.971999999999564,187661.66475177938
5.973999999999564,187533.29422478427
5.975999999999564,187404.7477732691
5.977999999999564,187276.0218000394
5.979999999999563,187147.12061438913
5.981999999999563,187018.03972306498
5.983999999999563,186888.77983940512
5.985999999999563,186759.34108536533
5.987999999999563,186629.72002115118
5.989999999999562,186499.92115584
5.991999999999562,186369.93998482675
5.993999999999562,186239.78047476133
5.995999999999562,186109.43787253578
5.9979999999995615,185978.90948748388
5.999999999999561,185848.20034427283
