time,value
0.0,19633.512897485565
0.002,26498.795224862257
0.004,29520.725689767558
0.006,44422.12484039093
0.008,56802.755841263315
0.01,64243.52702672898
0.012,67952.97824388111
0.014,69531.17084120655
0.016,70064.36338872471
0.018000000000000002,70144.36851057643
0.020000000000000004,70052.55518135792
0.022000000000000006,69908.33616259799
0.024000000000000007,69755.9175209114
0.02600000000000001,69608.33019443447
0.02800000000000001,69467.48140468817
0.030000000000000013,69332.1964757878
0.032000000000000015,69201.0459810744
0.034000000000000016,69073.0111606876
0.03600000000000002,68947.50937137911
0.03800000000000002,68824.25177814928
0.04000000000000002,68703.11578178572
0.04200000000000002,68584.05652783795
0.044000000000000025,68467.07784188337
0.04600000000000003,68352.18681438366
0.04800000000000003,68239.3756358186
0.05000000000000003,68128.64249493112
0.05200000000000003,68020.00057645664
0.054000000000000034,67913.4294125422
0.056000000000000036,67808.92986207362
0.05800000000000004,67706.49427023326
0.06000000000000004,67606.10528968496
0.06200000000000004,67507.75202987586
0.06400000000000004,67411.41474183057
0.06600000000000004,67317.09120024476
0.06800000000000005,67224.81498513854
0.07000000000000005,67134.63736772082
0.07200000000000005,67046.59120498801
0.07400000000000005,66960.66681012229
0.07600000000000005,66876.85149287715
0.07800000000000006,66795.11272821395
0.08000000000000006,66715.43982035636
0.08200000000000006,66637.79805124323
0.08400000000000006,66562.15856480577
0.08600000000000006,66488.50782389061
0.08800000000000006,66416.80006862052
0.09000000000000007,66347.01086605055
0.09200000000000007,66279.10782406235
0.09400000000000007,66213.05748805219
0.09600000000000007,66148.8255424419
0.09800000000000007,66086.36887668152
0.10000000000000007,66025.65930521872
0.10200000000000008,65966.6701419513
0.10400000000000008,65909.51787636227
0.10600000000000008,65854.28603323163
0.10800000000000008,65801.01134641033
0.11000000000000008,65749.66399967347
0.11200000000000009,65700.19320112605
0.11400000000000009,65652.56591256954
0.11600000000000009,65606.70430023423
0.11800000000000009,65562.52472822626
0.12000000000000009,65519.957262915545
0.1220000000000001,65478.94060352379
0.1240000000000001,65439.39064856793
0.12600000000000008,65401.23821437095
0.12800000000000009,65364.41538602649
0.1300000000000001,65328.855191780895
0.1320000000000001,65294.4835020653
0.1340000000000001,65261.24234468377
0.1360000000000001,65229.05964966277
0.1380000000000001,65197.863338789866
0.1400000000000001,65167.59783176643
0.1420000000000001,65138.20162503851
0.1440000000000001,65109.61388239758
0.1460000000000001,65081.766631248196
0.1480000000000001,65054.607993412974
0.1500000000000001,65028.08003159317
0.1520000000000001,65002.127984615
0.1540000000000001,64976.78925485836
0.1560000000000001,64952.14368603746
0.1580000000000001,64928.22458267346
0.16000000000000011,64905.049775560066
0.16200000000000012,64882.597718542645
0.16400000000000012,64860.83665083833
0.16600000000000012,64839.8866501532
0.16800000000000012,64819.917038367115
0.17000000000000012,64800.98653133033
0.17200000000000013,64783.11109139493
0.17400000000000013,64766.2224964498
0.17600000000000013,64750.245247971165
0.17800000000000013,64735.10372614873
0.18000000000000013,64720.70546283961
0.18200000000000013,64706.97403318867
0.18400000000000014,64693.83633412527
0.18600000000000014,64681.20649220684
0.18800000000000014,64669.015939259014
0.19000000000000014,64657.207262389544
0.19200000000000014,64645.71040221204
0.19400000000000014,64634.46424884111
0.19600000000000015,64623.417579205234
0.19800000000000015,64612.505696367116
0.20000000000000015,64601.67215206835
0.20200000000000015,64590.87772271867
0.20400000000000015,64580.054038617796
0.20600000000000016,64569.16309089345
0.20800000000000016,64558.14570318538
0.21000000000000016,64546.96565347323
0.21200000000000016,64535.62071396674
0.21400000000000016,64524.297219014006
0.21600000000000016,64513.15402222202
0.21800000000000017,64502.26053744121
0.22000000000000017,64491.65432191597
0.22200000000000017,64481.32581957237
0.22400000000000017,64471.27481002752
0.22600000000000017,64461.46505662022
0.22800000000000017,64451.87969401517
0.23000000000000018,64442.50244938262
0.23200000000000018,64433.309775424204
0.23400000000000018,64424.27019171605
0.23600000000000018,64415.37542000255
0.23800000000000018,64406.60350441148
0.24000000000000019,64397.92435890969
0.2420000000000002,64389.33094267694
0.2440000000000002,64380.79455428506
0.2460000000000002,64372.30907375234
0.2480000000000002,64363.846484976566
0.25000000000000017,64355.38552586157
0.25200000000000017,64346.928850150056
0.25400000000000017,64338.43417522205
0.25600000000000017,64329.90344083419
0.2580000000000002,64321.3178522051
0.2600000000000002,64312.657887748304
0.2620000000000002,64303.90379085078
0.2640000000000002,64295.093483996476
0.2660000000000002,64286.319569083535
0.2680000000000002,64277.65193414606
0.2700000000000002,64269.13001080363
0.2720000000000002,64260.76706588749
0.2740000000000002,64252.5568556613
0.2760000000000002,64244.494371340974
0.2780000000000002,64236.564477612446
0.2800000000000002,64228.758403746455
0.2820000000000002,64221.06758767912
0.2840000000000002,64213.4758937661
0.2860000000000002,64205.98025976559
0.2880000000000002,64198.61853661589
0.2900000000000002,64191.426199116235
0.2920000000000002,64184.39476569719
0.2940000000000002,64177.52641430898
0.2960000000000002,64170.79454349083
0.2980000000000002,64164.183588209366
0.3000000000000002,64157.6617965091
0.3020000000000002,64151.2118138783
0.3040000000000002,64144.81737640695
0.3060000000000002,64138.439430568345
0.3080000000000002,64132.07662797557
0.3100000000000002,64125.69136965808
0.3120000000000002,64119.27544135195
0.3140000000000002,64112.82744317887
0.3160000000000002,64106.41115463394
0.3180000000000002,64100.08316349486
0.32000000000000023,64093.883728893146
0.32200000000000023,64087.80788338975
0.32400000000000023,64081.854923420346
0.32600000000000023,64076.01973608053
0.32800000000000024,64070.28738593112
0.33000000000000024,64064.649365548015
0.33200000000000024,64059.097400573504
0.33400000000000024,64053.61567873443
0.33600000000000024,64048.19581031735
0.33800000000000024,64042.83002732895
0.34000000000000025,64037.495316281784
0.34200000000000025,64032.19106276513
0.34400000000000025,64026.91048115995
0.34600000000000025,64021.631265052085
0.34800000000000025,64016.36114192955
0.35000000000000026,64011.07883284113
0.35200000000000026,64005.7770278494
0.35400000000000026,64000.44912644946
0.35600000000000026,63995.08109305975
0.35800000000000026,63989.674044402826
0.36000000000000026,63984.21466464292
0.36200000000000027,63978.69664915489
0.36400000000000027,63973.13371313086
0.36600000000000027,63967.59718964817
0.36800000000000027,63962.09929127988
0.3700000000000003,63956.67655154824
0.3720000000000003,63951.31990692196
0.3740000000000003,63946.02833728187
0.3760000000000003,63940.80634970907
0.3780000000000003,63935.634712394574
0.3800000000000003,63930.50773844563
0.3820000000000003,63925.42813388716
0.3840000000000003,63920.38398492532
0.3860000000000003,63915.37033609251
0.3880000000000003,63910.374822797545
0.3900000000000003,63905.40025720732
0.3920000000000003,63900.43503544451
0.3940000000000003,63895.47458802235
0.3960000000000003,63890.51472898109
0.3980000000000003,63885.55147581348
0.4000000000000003,63880.57319483691
0.4020000000000003,63875.575470961994
0.4040000000000003,63870.56216643265
0.4060000000000003,63865.5146610006
0.4080000000000003,63860.4361256131
0.4100000000000003,63855.32329360457
0.4120000000000003,63850.16570123732
0.4140000000000003,63844.99093836035
0.4160000000000003,63839.837593547585
0.4180000000000003,63834.715421080764
0.4200000000000003,63829.63257436071
0.4220000000000003,63824.60725056735
0.4240000000000003,63819.62457441545
0.4260000000000003,63814.68930674416
0.4280000000000003,63809.79105117434
0.4300000000000003,63804.91833609953
0.43200000000000033,63800.082670291275
0.43400000000000033,63795.26630744766
0.43600000000000033,63790.47303616789
0.43800000000000033,63785.70525675353
0.44000000000000034,63780.9776627223
0.44200000000000034,63776.27753403218
0.44400000000000034,63771.61825584908
0.44600000000000034,63766.989996982884
0.44800000000000034,63762.3808646134
0.45000000000000034,63757.79368014035
0.45200000000000035,63753.22453051755
0.45400000000000035,63748.65379846187
0.45600000000000035,63744.08386904119
0.45800000000000035,63739.51085710691
0.46000000000000035,63734.92312797358
0.46200000000000035,63730.32397134218
0.46400000000000036,63725.7126936991
0.46600000000000036,63721.12815478194
0.46800000000000036,63716.584066413714
0.47000000000000036,63712.079440093155
0.47200000000000036,63707.62332366113
0.47400000000000037,63703.215271994406
0.47600000000000037,63698.83769048544
0.47800000000000037,63694.50203388266
0.48000000000000037,63690.198306865634
0.4820000000000004,63685.923127785245
0.4840000000000004,63681.66559127148
0.4860000000000004,63677.42980706492
0.4880000000000004,63673.205539529146
0.4900000000000004,63668.99725066412
0.4920000000000004,63664.78716727216
0.4940000000000004,63660.58700448865
0.4960000000000004,63656.38726548705
0.4980000000000004,63652.17735477006
0.5000000000000003,63647.961760454215
0.5020000000000003,63643.73065309894
0.5040000000000003,63639.488896415496
0.5060000000000003,63635.22685862163
0.5080000000000003,63630.94179281544
0.5100000000000003,63626.63901333495
0.5120000000000003,63622.30140881655
0.5140000000000003,63617.94572362893
0.5160000000000003,63613.5852540465
0.5180000000000003,63609.23146433245
0.5200000000000004,63604.9063882125
0.5220000000000004,63600.598438069195
0.5240000000000004,63596.3224302635
0.5260000000000004,63592.06269013978
0.5280000000000004,63587.81653587122
0.5300000000000004,63583.58934954996
0.5320000000000004,63579.37186827341
0.5340000000000004,63575.1693453845
0.5360000000000004,63570.97252873751
0.5380000000000004,63566.77127854393
0.5400000000000004,63562.578349608775
0.5420000000000004,63558.38513775233
0.5440000000000004,63554.18186195419
0.5460000000000004,63549.9737385787
0.5480000000000004,63545.75939924848
0.5500000000000004,63541.529585047676
0.5520000000000004,63537.28979291631
0.5540000000000004,63533.031091526886
0.5560000000000004,63528.751431772005
0.5580000000000004,63524.456811255055
0.5600000000000004,63520.138573547636
0.5620000000000004,63515.79480653848
0.5640000000000004,63511.42403978048
0.5660000000000004,63507.0313908227
0.5680000000000004,63502.642289443545
0.5700000000000004,63498.257677837624
0.5720000000000004,63493.88901242161
0.5740000000000004,63489.53044937598
0.5760000000000004,63485.189063280275
0.5780000000000004,63480.85659244165
0.5800000000000004,63476.53894664781
0.5820000000000004,63472.21966671873
0.5840000000000004,63467.91158841453
0.5860000000000004,63463.60637620239
0.5880000000000004,63459.29457517354
0.5900000000000004,63454.9894493497
0.5920000000000004,63450.675196930635
0.5940000000000004,63446.36500820328
0.5960000000000004,63442.03540220893
0.5980000000000004,63437.70836538159
0.6000000000000004,63433.37918734077
0.6020000000000004,63429.04862697303
0.6040000000000004,63424.70876097139
0.6060000000000004,63420.37346567195
0.6080000000000004,63416.02706089738
0.6100000000000004,63411.6671690187
0.6120000000000004,63407.30727520256
0.6140000000000004,63402.931555459836
0.6160000000000004,63398.53759437998
0.6180000000000004,63394.13553457539
0.6200000000000004,63389.73342407832
0.6220000000000004,63385.3450541258
0.6240000000000004,63380.97425427639
0.6260000000000004,63376.614557037785
0.6280000000000004,63372.27277830717
0.6300000000000004,63367.93294096803
0.6320000000000005,63363.61572442661
0.6340000000000005,63359.29811463788
0.6360000000000005,63354.99274582534
0.6380000000000005,63350.68356100884
0.6400000000000005,63346.38359912445
0.6420000000000005,63342.084724802364
0.6440000000000005,63337.777643028145
0.6460000000000005,63333.47570363186
0.6480000000000005,63329.16327555547
0.6500000000000005,63324.84593703878
0.6520000000000005,63320.522786791706
0.6540000000000005,63316.185095466906
0.6560000000000005,63311.83881940041
0.6580000000000005,63307.47556703443
0.6600000000000005,63303.09378991134
0.6620000000000005,63298.6999291827
0.6640000000000005,63294.29351810466
0.6660000000000005,63289.86608535594
0.6680000000000005,63285.4083665195
0.6700000000000005,63280.94222130278
0.6720000000000005,63276.45919876322
0.6740000000000005,63271.97244042579
0.6760000000000005,63267.48621131129
0.6780000000000005,63263.002453962894
0.6800000000000005,63258.529284882374
0.6820000000000005,63254.05927139212
0.6840000000000005,63249.59122215611
0.6860000000000005,63245.11633748561
0.6880000000000005,63240.64826779688
0.6900000000000005,63236.17934449067
0.6920000000000005,63231.700678291054
0.6940000000000005,63227.21823263638
0.6960000000000005,63222.731426760445
0.6980000000000005,63218.239500093405
0.7000000000000005,63213.73394359447
0.7020000000000005,63209.22093487705
0.7040000000000005,63204.692351947066
0.7060000000000005,63200.15456969204
0.7080000000000005,63195.60721912499
0.7100000000000005,63191.04202760127
0.7120000000000005,63186.4576332476
0.7140000000000005,63181.86072331568
0.7160000000000005,63177.24345182269
0.7180000000000005,63172.60468626335
0.7200000000000005,63167.95120497105
0.7220000000000005,63163.275239958435
0.7240000000000005,63158.57615696081
0.7260000000000005,63153.86567398108
0.7280000000000005,63149.1493606525
0.7300000000000005,63144.42304235426
0.7320000000000005,63139.70304292419
0.7340000000000005,63134.983155083835
0.7360000000000005,63130.262903592964
0.7380000000000005,63125.541604997314
0.7400000000000005,63120.81084048654
0.7420000000000005,63116.07686149638
0.7440000000000005,63111.34697108425
0.7460000000000006,63106.60591012571
0.7480000000000006,63101.85197982029
0.7500000000000006,63097.09939122929
0.7520000000000006,63092.32564054895
0.7540000000000006,63087.551642046004
0.7560000000000006,63082.76391030265
0.7580000000000006,63077.97011806989
0.7600000000000006,63073.17092618283
0.7620000000000006,63068.36631797485
0.7640000000000006,63063.54821301052
0.7660000000000006,63058.722996662254
0.7680000000000006,63053.88269655538
0.7700000000000006,63049.0337246606
0.7720000000000006,63044.175785857806
0.7740000000000006,63039.30066775694
0.7760000000000006,63034.40706067452
0.7780000000000006,63029.50167183061
0.7800000000000006,63024.57847706127
0.7820000000000006,63019.65635154017
0.7840000000000006,63014.724572519925
0.7860000000000006,63009.791867981425
0.7880000000000006,63004.86689985886
0.7900000000000006,62999.93512812468
0.7920000000000006,62995.010388569775
0.7940000000000006,62990.0776769116
0.7960000000000006,62985.14298962845
0.7980000000000006,62980.2058995709
0.8000000000000006,62975.26580340429
0.8020000000000006,62970.32206217892
0.8040000000000006,62965.36638331786
0.8060000000000006,62960.40509120805
0.8080000000000006,62955.4379589725
0.8100000000000006,62950.45688543374
0.8120000000000006,62945.468309950986
0.8140000000000006,62940.472045942304
0.8160000000000006,62935.46006156997
0.8180000000000006,62930.438822518954
0.8200000000000006,62925.40055856449
0.8220000000000006,62920.344262272905
0.8240000000000006,62915.28445876622
0.8260000000000006,62910.19898858582
0.8280000000000006,62905.10112916236
0.8300000000000006,62899.99109540453
0.8320000000000006,62894.853446794026
0.8340000000000006,62889.70177245249
0.8360000000000006,62884.53757243229
0.8380000000000006,62879.35694560792
0.8400000000000006,62874.17005514364
0.8420000000000006,62868.97915077997
0.8440000000000006,62863.78518457661
0.8460000000000006,62858.58830810811
0.8480000000000006,62853.38065983688
0.8500000000000006,62848.16877966527
0.8520000000000006,62842.95256497811
0.8540000000000006,62837.73165336598
0.8560000000000006,62832.50558656137
0.8580000000000007,62827.266253335874
0.8600000000000007,62822.012525730126
0.8620000000000007,62816.758892168444
0.8640000000000007,62811.49088080579
0.8660000000000007,62806.214807891374
0.8680000000000007,62800.922941856814
0.8700000000000007,62795.621931548056
0.8720000000000007,62790.30418587785
0.8740000000000007,62784.97643296882
0.8760000000000007,62779.631125999294
0.8780000000000007,62774.27499864137
0.8800000000000007,62768.90053422818
0.8820000000000007,62763.514487422966
0.8840000000000007,62758.109343982454
0.8860000000000007,62752.684283326904
0.8880000000000007,62747.24636998196
0.8900000000000007,62741.78823714022
0.8920000000000007,62736.31676667281
0.8940000000000007,62730.82635019961
0.8960000000000007,62725.31949326807
0.8980000000000007,62719.81343612565
0.9000000000000007,62714.29542959293
0.9020000000000007,62708.772705122035
0.9040000000000007,62703.245567768085
0.9060000000000007,62697.71408995526
0.9080000000000007,62692.178793057166
0.9100000000000007,62686.63245682931
0.9120000000000007,62681.082090259624
0.9140000000000007,62675.52790996959
0.9160000000000007,62669.96973791205
0.9180000000000007,62664.39963130819
0.9200000000000007,62658.82410362671
0.9220000000000007,62653.24310136444
0.9240000000000007,62647.6563258295
0.9260000000000007,62642.05580506697
0.9280000000000007,62636.448066920144
0.9300000000000007,62630.8330778477
0.9320000000000007,62625.20301019892
0.9340000000000007,62619.55687990901
0.9360000000000007,62613.90921627497
0.9380000000000007,62608.23811279244
0.9400000000000007,62602.564464943745
0.9420000000000007,62596.86652556389
0.9440000000000007,62591.165269175355
0.9460000000000007,62585.43899483997
0.9480000000000007,62579.708698619084
0.9500000000000007,62573.95270426878
0.9520000000000007,62568.18543877662
0.9540000000000007,62562.410000270705
0.9560000000000007,62556.62877213626
0.9580000000000007,62550.83548094669
0.9600000000000007,62545.04514604027
0.9620000000000007,62539.24372436935
0.9640000000000007,62533.43769312712
0.9660000000000007,62527.61947052981
0.9680000000000007,62521.79574120086
0.9700000000000008,62515.96658412271
0.9720000000000008,62510.13179978579
0.9740000000000008,62504.29109087128
0.9760000000000008,62498.43656450272
0.9780000000000008,62492.56723619662
0.9800000000000008,62486.69763921466
0.9820000000000008,62480.80599225548
0.9840000000000008,62474.913183783625
0.9860000000000008,62469.005140723406
0.9880000000000008,62463.088374628685
0.9900000000000008,62457.15537012904
0.9920000000000008,62451.21287860569
0.9940000000000008,62445.25351850212
0.9960000000000008,62439.28409923038
0.9980000000000008,62433.29726443966
1.0000000000000007,62427.29229405614
1.0020000000000007,62421.28384971599
1.0040000000000007,62415.25025703044
1.0060000000000007,62409.20491253664
1.0080000000000007,62403.14828046848
1.0100000000000007,62397.07287195049
1.0120000000000007,62390.9790996639
1.0140000000000007,62384.87638471482
1.0160000000000007,62378.7669540593
1.0180000000000007,62372.65195736682
1.0200000000000007,62366.52431447913
1.0220000000000007,62360.39094911802
1.0240000000000007,62354.252111907925
1.0260000000000007,62348.10771834961
1.0280000000000007,62341.950023496276
1.0300000000000007,62335.7856463291
1.0320000000000007,62329.607179920284
1.0340000000000007,62323.421415522396
1.0360000000000007,62317.22852878306
1.0380000000000007,62311.02093210128
1.0400000000000007,62304.805317130325
1.0420000000000007,62298.58184868354
1.0440000000000007,62292.34292784322
1.0460000000000007,62286.09526777698
1.0480000000000007,62279.83151990855
1.0500000000000007,62273.558553688184
1.0520000000000007,62267.26947477696
1.0540000000000007,62260.971690711835
1.0560000000000007,62254.665830323276
1.0580000000000007,62248.344556705495
1.0600000000000007,62242.01468475514
1.0620000000000007,62235.668908601074
1.0640000000000007,62229.314047843094
1.0660000000000007,62222.94279127464
1.0680000000000007,62216.561951313255
1.0700000000000007,62210.17174295941
1.0720000000000007,62203.76486734055
1.0740000000000007,62197.342331873355
1.0760000000000007,62190.9205746422
1.0780000000000007,62184.48678459201
1.0800000000000007,62178.04811672424
1.0820000000000007,62171.60497127495
1.0840000000000007,62165.14985613525
1.0860000000000007,62158.69696782349
1.0880000000000007,62152.232086369775
1.0900000000000007,62145.754080272876
1.0920000000000007,62139.277331985155
1.0940000000000007,62132.78774091832
1.0960000000000008,62126.29172027349
1.0980000000000008,62119.78183284555
1.1000000000000008,62113.26481731228
1.1020000000000008,62106.74087783293
1.1040000000000008,62100.20246917457
1.1060000000000008,62093.65628345136
1.1080000000000008,62087.095015658226
1.1100000000000008,62080.532971455155
1.1120000000000008,62073.9485608442
1.1140000000000008,62067.36255880063
1.1160000000000008,62060.75361349345
1.1180000000000008,62054.14261950081
1.1200000000000008,62047.51577625064
1.1220000000000008,62040.872169907976
1.1240000000000008,62034.218805623335
1.1260000000000008,62027.55602683219
1.1280000000000008,62020.86892357165
1.1300000000000008,62014.17855669528
1.1320000000000008,62007.47125659273
1.1340000000000008,62000.746353408234
1.1360000000000008,61994.01990629313
1.1380000000000008,61987.27209998599
1.1400000000000008,61980.524818567465
1.1420000000000008,61973.76488530193
1.1440000000000008,61966.99915315433
1.1460000000000008,61960.22788462513
1.1480000000000008,61953.44359351676
1.1500000000000008,61946.652981394924
1.1520000000000008,61939.85624133533
1.1540000000000008,61933.05335657492
1.1560000000000008,61926.2367086192
1.1580000000000008,61919.405487302654
1.1600000000000008,61912.57419603517
1.1620000000000008,61905.728931644684
1.1640000000000008,61898.8696758419
1.1660000000000008,61892.01241379929
1.1680000000000008,61885.14280324601
1.1700000000000008,61878.266567645755
1.1720000000000008,61871.375773934284
1.1740000000000008,61864.47682993961
1.1760000000000008,61857.569813005204
1.1780000000000008,61850.64719306679
1.1800000000000008,61843.715652940096
1.1820000000000008,61836.767993602174
1.1840000000000008,61829.8110539079
1.1860000000000008,61822.83770082335
1.1880000000000008,61815.85480553709
1.1900000000000008,61808.85534860967
1.1920000000000008,61801.846566134576
1.1940000000000008,61794.82168402192
1.1960000000000008,61787.79522623717
1.1980000000000008,61780.74653380171
1.2000000000000008,61773.69776425299
1.2020000000000008,61766.636414444896
1.2040000000000008,61759.56979423695
1.2060000000000008,61752.49103225242
1.2080000000000009,61745.41452945968
1.2100000000000009,61738.32638294922
1.2120000000000009,61731.23301140419
1.2140000000000009,61724.127071428215
1.2160000000000009,61717.022725438896
1.2180000000000009,61709.898565587406
1.2200000000000009,61702.775205127895
1.2220000000000009,61695.64635162574
1.2240000000000009,61688.504299983004
1.2260000000000009,61681.34816375668
1.2280000000000009,61674.19235878292
1.2300000000000009,61667.023059556195
1.2320000000000009,61659.839288478586
1.2340000000000009,61652.64798814603
1.2360000000000009,61645.449522060626
1.2380000000000009,61638.24395630772
1.2400000000000009,61631.02380000448
1.2420000000000009,61623.79570022137
1.2440000000000009,61616.552498682715
1.2460000000000009,61609.30100471504
1.2480000000000009,61602.03412053007
1.2500000000000009,61594.75868207171
1.252000000000001,61587.47502059584
1.254000000000001,61580.17578458525
1.256000000000001,61572.867687661994
1.258000000000001,61565.54361129909
1.260000000000001,61558.21038193023
1.262000000000001,61550.861204634464
1.264000000000001,61543.50409438349
1.266000000000001,61536.140510425044
1.268000000000001,61528.77127946019
1.270000000000001,61521.3893396223
1.272000000000001,61514.001544785955
1.274000000000001,61506.600844589506
1.276000000000001,61499.20145229926
1.278000000000001,61491.78952869213
1.280000000000001,61484.36408432804
1.282000000000001,61476.9394205074
1.284000000000001,61469.5017638671
1.286000000000001,61462.05014409765
1.288000000000001,61454.59889437209
1.290000000000001,61447.13425159599
1.292000000000001,61439.65527295375
1.294000000000001,61432.168882522215
1.296000000000001,61424.67548605381
1.298000000000001,61417.17518541727
1.300000000000001,61409.660546389634
1.302000000000001,61402.138220943365
1.304000000000001,61394.60111970138
1.306000000000001,61387.05603996887
1.308000000000001,61379.49594850382
1.310000000000001,61371.93506458665
1.312000000000001,61364.35223745743
1.314000000000001,61356.768027069054
1.316000000000001,61349.16152170881
1.318000000000001,61341.55338819951
1.320000000000001,61333.930145022314
1.322000000000001,61326.29097475126
1.324000000000001,61318.65030290598
1.326000000000001,61310.987345808884
1.328000000000001,61303.323328398874
1.330000000000001,61295.645943152784
1.332000000000001,61287.96273088827
1.334000000000001,61280.267176701855
1.336000000000001,61272.56637479293
1.338000000000001,61264.86817411606
1.340000000000001,61257.15123107791
1.342000000000001,61249.4359134261
1.344000000000001,61241.70863474092
1.346000000000001,61233.97585974899
1.348000000000001,61226.23777881503
1.350000000000001,61218.48703399574
1.352000000000001,61210.73026512644
1.354000000000001,61202.96774873857
1.356000000000001,61195.192170734124
1.358000000000001,61187.410194128905
1.360000000000001,61179.62210707799
1.362000000000001,61171.82060894968
1.364000000000001,61164.01971981433
1.366000000000001,61156.198312884546
1.368000000000001,61148.37683680273
1.370000000000001,61140.54180119795
1.372000000000001,61132.69236323251
1.374000000000001,61124.83546214486
1.376000000000001,61116.97154023703
1.378000000000001,61109.100714894346
1.380000000000001,61101.21562632209
1.382000000000001,61093.32290525273
1.384000000000001,61085.415519531845
1.386000000000001,61077.500242785754
1.388000000000001,61069.577445454765
1.390000000000001,61061.639904127514
1.392000000000001,61053.6869526035
1.394000000000001,61045.733026848524
1.396000000000001,61037.765340773025
1.398000000000001,61029.783904924036
1.400000000000001,61021.80359177631
1.402000000000001,61013.81117982682
1.404000000000001,61005.81327780486
1.406000000000001,60997.80284550048
1.408000000000001,60989.79395376361
1.410000000000001,60981.772938221744
1.412000000000001,60973.738838531666
1.414000000000001,60965.705856869055
1.416000000000001,60957.66039814189
1.418000000000001,60949.60154406217
1.420000000000001,60941.54350583887
1.422000000000001,60933.47271073325
1.424000000000001,60925.38824519285
1.426000000000001,60917.30431917274
1.428000000000001,60909.20737453414
1.430000000000001,60901.1038216483
1.432000000000001,60892.98656566422
1.434000000000001,60884.86232948275
1.436000000000001,60876.72415854051
1.438000000000001,60868.58613887069
1.440000000000001,60860.43468137688
1.442000000000001,60852.268866396866
1.444000000000001,60844.095573909435
1.446000000000001,60835.915256525564
1.448000000000001,60827.72076050151
1.450000000000001,60819.51875320096
1.452000000000001,60811.30958689747
1.454000000000001,60803.08610855976
1.456000000000001,60794.85516910972
1.458000000000001,60786.61731649922
1.460000000000001,60778.365483117756
1.462000000000001,60770.0991476169
1.464000000000001,60761.8332755325
1.466000000000001,60753.55518852436
1.468000000000001,60745.27186048153
1.470000000000001,60736.98382758369
1.472000000000001,60728.68400535482
1.474000000000001,60720.37907438678
1.476000000000001,60712.06935835991
1.478000000000001,60703.75494540186
1.480000000000001,60695.42851678054
1.482000000000001,60687.09662700244
1.484000000000001,60678.75957431068
1.486000000000001,60670.41015006619
1.488000000000001,60662.05496408285
1.490000000000001,60653.694334471315
1.492000000000001,60645.32834811
1.494000000000001,60636.949707963475
1.496000000000001,60628.56497518766
1.498000000000001,60620.17445896414
1.500000000000001,60611.77098491776
1.5020000000000011,60603.36116077089
1.5040000000000011,60594.9380508427
1.5060000000000011,60586.515654198134
1.5080000000000011,60578.0731993728
1.5100000000000011,60569.63091574074
1.5120000000000011,60561.17553284545
1.5140000000000011,60552.713508462504
1.5160000000000011,60544.245104844624
1.5180000000000011,60535.76314431325
1.5200000000000011,60527.27422494099
1.5220000000000011,60518.7714339166
1.5240000000000011,60510.26150112999
1.5260000000000011,60501.744825771035
1.5280000000000011,60493.21429339681
1.5300000000000011,60484.676520977024
1.5320000000000011,60476.13208314188
1.5340000000000011,60467.574512265935
1.5360000000000011,60459.011021000515
1.5380000000000011,60450.44236299669
1.5400000000000011,60441.86162436347
1.5420000000000011,60433.27551456379
1.5440000000000011,60424.68441861271
1.5460000000000012,60416.08845710113
1.5480000000000012,60407.48038251104
1.5500000000000012,60398.86672708022
1.5520000000000012,60390.24781693476
1.5540000000000012,60381.62374649754
1.5560000000000012,60372.98727271092
1.5580000000000012,60364.33770120109
1.5600000000000012,60355.68917963309
1.5620000000000012,60347.028393690234
1.5640000000000012,60338.3617112649
1.5660000000000012,60329.68937065276
1.5680000000000012,60321.00421280068
1.5700000000000012,60312.31280395056
1.5720000000000012,60303.60827514787
1.5740000000000012,60294.90455182958
1.5760000000000012,60286.180996167226
1.5780000000000012,60277.45775123682
1.5800000000000012,60268.72164469306
1.5820000000000012,60259.979243313705
1.5840000000000012,60251.2309885765
1.5860000000000012,60242.469857664575
1.5880000000000012,60233.70248993928
1.5900000000000012,60224.92925676988
1.5920000000000012,60216.143084521784
1.5940000000000012,60207.35055421118
1.5960000000000012,60198.54480291591
1.5980000000000012,60189.73973527039
1.6000000000000012,60180.91475758568
1.6020000000000012,60172.090051148756
1.6040000000000012,60163.25302174146
1.6060000000000012,60154.41064098606
1.6080000000000012,60145.5635583167
1.6100000000000012,60136.71208139665
1.6120000000000012,60127.849098456005
1.6140000000000012,60118.98115088308
1.6160000000000012,60110.108592641256
1.6180000000000012,60101.224321055925
1.6200000000000012,60092.33489170416
1.6220000000000012,60083.44063738467
1.6240000000000012,60074.54167243056
1.6260000000000012,60065.63079357463
1.6280000000000012,60056.71450744456
1.6300000000000012,60047.79313583508
1.6320000000000012,60038.859609561856
1.6340000000000012,60029.92046832956
1.6360000000000012,60020.9760663361
1.6380000000000012,60012.02651896728
1.6400000000000012,60003.06465357956
1.6420000000000012,59994.09696876481
1.6440000000000012,59985.12380557171
1.6460000000000012,59976.13810325876
1.6480000000000012,59967.146403795996
1.6500000000000012,59958.14907932739
1.6520000000000012,59949.139074471255
1.6540000000000012,59940.12293490217
1.6560000000000012,59931.10103210897
1.6580000000000013,59922.06632185956
1.6600000000000013,59913.025353161116
1.6620000000000013,59903.97848652194
1.6640000000000013,59894.918694066386
1.6660000000000013,59885.852520488705
1.6680000000000013,59876.780334521034
1.6700000000000013,59867.69510955683
1.6720000000000013,59858.603395061946
1.6740000000000013,59849.5057538131
1.6760000000000013,59840.39567243017
1.6780000000000013,59831.280133652646
1.6800000000000013,59822.159803155744
1.6820000000000013,59813.02781930004
1.6840000000000013,59803.89794046768
1.6860000000000013,59794.75689999302
1.6880000000000013,59785.61094559596
1.6900000000000013,59776.45316040952
1.6920000000000013,59767.290119624275
1.6940000000000013,59758.12220746746
1.6960000000000013,59748.949559727764
1.6980000000000013,59739.76505278063
1.7000000000000013,59730.575158521424
1.7020000000000013,59721.380216600264
1.7040000000000013,59712.17325016748
1.7060000000000013,59702.96089030354
1.7080000000000013,59693.74361316936
1.7100000000000013,59684.521626307134
1.7120000000000013,59675.287852756424
1.7140000000000013,59666.048761829195
1.7160000000000013,59656.80471656852
1.7180000000000013,59647.54870009787
1.7200000000000013,59638.29434470109
1.7220000000000013,59629.021269803845
1.7240000000000013,59619.74931399601
1.7260000000000013,59610.46548820209
1.7280000000000013,59601.17613667924
1.7300000000000013,59591.88154452738
1.7320000000000013,59582.574699070894
1.7340000000000013,59573.26207969203
1.7360000000000013,59563.94405281129
1.7380000000000013,59554.61363697364
1.7400000000000013,59545.277325399016
1.7420000000000013,59535.93549565559
1.7440000000000013,59526.58116591183
1.7460000000000013,59517.22801180058
1.7480000000000013,59507.85612275046
1.7500000000000013,59498.48572325902
1.7520000000000013,59489.10417065909
1.7540000000000013,59479.71796933794
1.7560000000000013,59470.32748587218
1.7580000000000013,59460.93285679619
1.7600000000000013,59451.5269943583
1.7620000000000013,59442.11632622738
1.7640000000000013,59432.70119458181
1.7660000000000013,59423.274618814256
1.7680000000000013,59413.84307195844
1.7700000000000014,59404.40691266089
1.7720000000000014,59394.96626958109
1.7740000000000014,59385.51407915298
1.7760000000000014,59376.05675386629
1.7780000000000014,59366.594639335446
1.7800000000000014,59357.127874022444
1.7820000000000014,59347.64939190322
1.7840000000000014,59338.16561201925
1.7860000000000014,59328.676890289295
1.7880000000000014,59319.1762792246
1.7900000000000014,59309.672381141245
1.7920000000000014,59300.16605549246
1.7940000000000014,59290.6567715286
1.7960000000000014,59281.14382197554
1.7980000000000014,59271.61955722966
1.8000000000000014,59262.09004045649
1.8020000000000014,59252.55544405745
1.8040000000000014,59243.00875382842
1.8060000000000014,59233.45638986627
1.8080000000000014,59223.89873163619
1.8100000000000014,59214.33591052923
1.8120000000000014,59204.76091324212
1.8140000000000014,59195.173082725305
1.8160000000000014,59185.58627186713
1.8180000000000014,59175.98753046967
1.8200000000000014,59166.38321234819
1.8220000000000014,59156.77396690016
1.8240000000000014,59147.15320037549
1.8260000000000014,59137.52768360333
1.8280000000000014,59127.89800975651
1.8300000000000014,59118.264463544205
1.8320000000000014,59108.620078332526
1.8340000000000014,59098.97127268466
1.8360000000000014,59089.31839986756
1.8380000000000014,59079.661584069516
1.8400000000000014,59069.993808809864
1.8420000000000014,59060.32143392604
1.8440000000000014,59050.6448117117
1.8460000000000014,59040.95702862934
1.8480000000000014,59031.27153956909
1.8500000000000014,59021.57527374607
1.8520000000000014,59011.86734345732
1.8540000000000014,59002.161407114174
1.8560000000000014,58992.44451929256
1.8580000000000014,58982.72286424953
1.8600000000000014,58972.996702859935
1.8620000000000014,58963.259093176785
1.8640000000000014,58953.51644114043
1.8660000000000014,58943.76911359768
1.8680000000000014,58934.01725186296
1.8700000000000014,58924.25386400656
1.8720000000000014,58914.485315101796
1.8740000000000014,58904.71197079589
1.8760000000000014,58894.92694980581
1.8780000000000014,58885.13666793201
1.8800000000000014,58875.34149871303
1.8820000000000014,58865.53457735652
1.8840000000000015,58855.72933629936
1.8860000000000015,58845.90575371656
1.8880000000000015,58836.08334005416
1.8900000000000015,58826.24936312076
1.8920000000000015,58816.41007663512
1.8940000000000015,58806.56580542493
1.8960000000000015,58796.716946871835
1.8980000000000015,58786.85685655433
1.9000000000000015,58776.99213298799
1.9020000000000015,58767.116276224864
1.9040000000000015,58757.24287033285
1.9060000000000015,58747.35901355733
1.9080000000000015,58737.47085579407
1.9100000000000015,58727.57164638527
1.9120000000000015,58717.67481892122
1.9140000000000015,58707.767439660754
1.9160000000000015,58697.855620577626
1.9180000000000015,58687.93261274142
1.9200000000000015,58678.011849367926
1.9220000000000015,58668.080403763284
1.9240000000000015,58658.14438780248
1.9260000000000015,58648.19706999222
1.9280000000000015,58638.24488153766
1.9300000000000015,58628.28316790584
1.9320000000000015,58618.297349168985
1.9340000000000015,58608.33304353138
1.9360000000000015,58598.35707958067
1.9380000000000015,58588.37595802789
1.9400000000000015,58578.38318392034
1.9420000000000015,58568.39227596221
1.9440000000000015,58558.39046791214
1.9460000000000015,58548.37700202378
1.9480000000000015,58538.36547738798
1.9500000000000015,58528.343124916624
1.9520000000000015,58518.3160997791
1.9540000000000015,58508.28466849937
1.9560000000000015,58498.24197809523
1.9580000000000015,58488.194361777285
1.9600000000000015,58478.14220196398
1.9620000000000015,58468.08564664345
1.9640000000000015,58458.0177870762
1.9660000000000015,58447.94491778989
1.9680000000000015,58437.86045849923
1.9700000000000015,58427.77784559231
1.9720000000000015,58417.68452622036
1.9740000000000015,58407.58687276846
1.9760000000000015,58397.48535621003
1.9780000000000015,58387.373237378895
1.9800000000000015,58377.25690691962
1.9820000000000015,58367.13674979579
1.9840000000000015,58357.012927168136
1.9860000000000015,58346.878537123506
1.9880000000000015,58336.73985857442
1.9900000000000015,58326.597244401986
1.9920000000000015,58316.45084334465
1.9940000000000015,58306.30067697567
1.9960000000000016,58296.13981535885
1.9980000000000016,58285.97450475683
2.0000000000000013,58275.79816861613
2.002000000000001,58265.62417388491
2.004000000000001,58255.43973171086
2.0060000000000007,58245.250911511896
2.0080000000000005,58235.051037152785
2.0100000000000002,58224.85341896785
2.012,58214.64526200802
2.014,58204.42570620215
2.0159999999999996,58194.208200929934
2.0179999999999993,58183.98004954295
2.019999999999999,58173.74733515171
2.021999999999999,58163.510333677215
2.0239999999999987,58153.262240129385
2.0259999999999985,58143.00935279921
2.0279999999999982,58132.75204778145
2.029999999999998,58122.49049208368
2.031999999999998,58112.21782183838
2.0339999999999976,58101.94030394323
2.0359999999999974,58091.658308702376
2.037999999999997,58081.36508653941
2.039999999999997,58071.07385875646
2.0419999999999967,58060.77185044663
2.0439999999999965,58050.458198210494
2.0459999999999963,58040.14632304311
2.047999999999996,58029.823736513186
2.049999999999996,58019.489885477706
2.0519999999999956,58009.158386427014
2.0539999999999954,57998.816730371786
2.055999999999995,57988.47105719197
2.057999999999995,57978.12168186841
2.0599999999999947,57967.76878473914
2.0619999999999945,57957.4055744406
2.0639999999999943,57947.03830915527
2.065999999999994,57936.667368483846
2.067999999999994,57926.29291179969
2.0699999999999936,57915.90810049465
2.0719999999999934,57905.519157546456
2.073999999999993,57895.1264450019
2.075999999999993,57884.73011296514
2.0779999999999927,57874.32331993608
2.0799999999999925,57863.91229400639
2.0819999999999923,57853.49738314216
2.083999999999992,57843.078749914705
2.085999999999992,57832.64955892966
2.0879999999999916,57822.222900814944
2.0899999999999914,57811.77918315064
2.091999999999991,57801.337475828404
2.093999999999991,57790.88533986504
2.0959999999999908,57780.42888270193
2.0979999999999905,57769.96841501866
2.0999999999999903,57759.50405994542
2.10199999999999,57749.02900345367
2.10399999999999,57738.549437735244
2.1059999999999897,57728.065743505846
2.1079999999999894,57717.57121569
2.109999999999989,57707.078961730804
2.111999999999989,57696.57631738112
2.1139999999999888,57686.06242089546
2.1159999999999886,57675.55057836574
2.1179999999999883,57665.02823499583
2.119999999999988,57654.5014233421
2.121999999999988,57643.96357673645
2.1239999999999877,57633.42102316238
2.1259999999999875,57622.881206236976
2.1279999999999872,57612.32467371379
2.129999999999987,57601.770464335386
2.131999999999987,57591.206250800074
2.1339999999999866,57580.6381619503
2.1359999999999864,57570.066511953555
2.137999999999986,57559.49144092052
2.139999999999986,57548.90615602771
2.1419999999999857,57538.31682681953
2.1439999999999855,57527.72381972145
2.1459999999999853,57517.1272809492
2.147999999999985,57506.520443463174
2.149999999999985,57495.9094765534
2.1519999999999846,57485.29474502203
2.1539999999999844,57474.67640187808
2.155999999999984,57464.047679032636
2.157999999999984,57453.41475214127
2.1599999999999837,57442.777983706124
2.1619999999999835,57432.13753299408
2.1639999999999833,57421.48664019925
2.165999999999983,57410.83146877885
2.167999999999983,57400.17239557369
2.1699999999999826,57389.50956941621
2.1719999999999824,57378.83627155302
2.173999999999982,57368.15871928217
2.175999999999982,57357.47732146051
2.1779999999999817,57346.785468320486
2.1799999999999815,57336.0961801988
2.1819999999999813,57325.39689632165
2.183999999999981,57314.686756798445
2.185999999999981,57303.97895977958
2.1879999999999806,57293.26105943803
2.1899999999999804,57282.539032981214
2.19199999999998,57271.8131517889
2.19399999999998,57261.08353409641
2.1959999999999797,57250.343429271205
2.1979999999999795,57239.59897564022
2.1999999999999793,57228.8437624562
2.201999999999979,57218.09087005454
2.203999999999979,57207.32795331322
2.2059999999999786,57196.56114566351
2.2079999999999784,57185.7908660952
2.209999999999978,57175.01055470268
2.211999999999978,57164.226421276886
2.2139999999999778,57153.43886362798
2.2159999999999775,57142.64805403446
2.2179999999999773,57131.85404252688
2.219999999999977,57121.05006824776
2.221999999999977,57110.242221574226
2.2239999999999767,57099.43086327869
2.2259999999999764,57088.60938933015
2.227999999999976,57077.79071030215
2.229999999999976,57066.96235478559
2.231999999999976,57056.130203006054
2.2339999999999756,57045.28775963772
2.2359999999999753,57034.44799147205
2.237999999999975,57023.59845504331
2.239999999999975,57012.73829767643
2.2419999999999747,57001.880641265256
2.2439999999999745,56991.013124688456
2.2459999999999742,56980.14168279526
2.247999999999974,56969.26659353275
2.249999999999974,56958.38797319147
2.2519999999999736,56947.499119900844
2.2539999999999734,56936.606119869946
2.255999999999973,56925.70935253
2.257999999999973,56914.80897848723
2.2599999999999727,56903.89831478187
2.2619999999999725,56892.98346475758
2.2639999999999723,56882.064796559236
2.265999999999972,56871.1357504436
2.267999999999972,56860.202460673725
2.2699999999999716,56849.26532586277
2.2719999999999714,56838.32451243216
2.273999999999971,56827.380091177554
2.275999999999971,56816.42533885464
2.2779999999999707,56805.4663281815
2.2799999999999705,56794.49671054301
2.2819999999999703,56783.529461586986
2.28399999999997,56772.55243446223
2.28599999999997,56761.571724527734
2.2879999999999696,56750.58774442816
2.2899999999999694,56739.59397842135
2.291999999999969,56728.59657186372
2.293999999999969,56717.602634645846
2.2959999999999687,56706.59285619311
2.2979999999999685,56695.58572928617
2.2999999999999683,56684.56907673859
2.301999999999968,56673.54884170189
2.303999999999968,56662.52532239312
2.3059999999999676,56651.498646760774
2.3079999999999674,56640.46215289089
2.309999999999967,56629.42188509804
2.311999999999967,56618.37977448642
2.3139999999999668,56607.33714056064
2.3159999999999665,56596.29355086744
2.3179999999999663,56585.24823493895
2.319999999999966,56574.19384744579
2.321999999999966,56563.142701444485
2.3239999999999656,56552.082193944516
2.3259999999999654,56541.01134194024
2.327999999999965,56529.94307274284
2.329999999999965,56518.865149592646
2.3319999999999648,56507.78342956112
2.3339999999999645,56496.69819382096
2.3359999999999643,56485.60288760834
2.337999999999964,56474.50358235713
2.339999999999964,56463.40066393907
2.3419999999999637,56452.29430077729
2.3439999999999634,56441.177884946555
2.3459999999999632,56430.05745073232
2.347999999999963,56418.93336703128
2.349999999999963,56407.80580943511
2.3519999999999626,56396.6681700066
2.3539999999999623,56385.53314229253
2.355999999999962,56374.381760541335
2.357999999999962,56363.232498481324
2.3599999999999617,56352.073333756794
2.3619999999999615,56340.916869958266
2.3639999999999612,56329.74425282726
2.365999999999961,56318.57404635406
2.367999999999961,56307.40098274193
2.3699999999999606,56296.21837389301
2.3719999999999604,56285.03218713871
2.37399999999996,56273.83612393389
2.37599999999996,56262.64297642292
2.3779999999999597,56251.44053564044
2.3799999999999595,56240.23460663906
2.3819999999999593,56229.02544908265
2.383999999999959,56217.806537371034
2.385999999999959,56206.59053374675
2.3879999999999586,56195.365196494124
2.3899999999999584,56184.1362962059
2.391999999999958,56172.897476864804
2.393999999999958,56161.65486091284
2.3959999999999577,56150.408904733784
2.3979999999999575,56139.1598105638
2.3999999999999573,56127.9076605526
2.401999999999957,56116.64584394502
2.403999999999957,56105.380323734564
2.4059999999999566,56094.111460580476
2.4079999999999564,56082.83942518629
2.409999999999956,56071.557647246365
2.411999999999956,56060.272109796126
2.4139999999999557,56048.98318348284
2.4159999999999555,56037.6910369047
2.4179999999999553,56026.38910924666
2.419999999999955,56015.08999117096
2.421999999999955,56003.781482568505
2.4239999999999546,55992.462724634235
2.4259999999999544,55981.146539534035
2.427999999999954,55969.820858320825
2.429999999999954,55958.491485978506
2.4319999999999538,55947.15209922834
2.4339999999999535,55935.81537850907
2.4359999999999533,55924.469192203745
2.437999999999953,55913.119302355066
2.439999999999953,55901.76597304056
2.4419999999999527,55890.402740144105
2.4439999999999524,55879.035687243435
2.445999999999952,55867.66533600742
2.447999999999952,55856.29195195983
2.4499999999999518,55844.90908221857
2.4519999999999516,55833.52929170395
2.4539999999999513,55822.14044068654
2.455999999999951,55810.7416754007
2.457999999999951,55799.345770058986
2.4599999999999507,55787.94070321497
2.4619999999999505,55776.53224435129
2.4639999999999502,55765.120672167395
2.46599999999995,55753.706104132114
2.46799999999995,55742.28201173691
2.4699999999999496,55730.8543162296
2.4719999999999493,55719.42338490693
2.473999999999949,55707.98938158368
2.475999999999949,55696.54580506738
2.4779999999999487,55685.098584048115
2.4799999999999485,55673.648083959495
2.4819999999999482,55662.19447175681
2.483999999999948,55650.73125729178
2.485999999999948,55639.26435562009
2.4879999999999476,55627.794142245904
2.4899999999999474,55616.3207824574
2.491999999999947,55604.837793877865
2.493999999999947,55593.357638561276
2.4959999999999467,55581.86824105359
2.4979999999999465,55570.36874813583
2.4999999999999463,55558.87187098246
2.501999999999946,55547.365706601486
2.503999999999946,55535.85601930648
2.5059999999999456,55524.34310386532
2.5079999999999454,55512.8205615929
2.509999999999945,55501.294322693626
2.511999999999945,55489.76477330571
2.5139999999999447,55478.232096495936
2.5159999999999445,55466.69634820543
2.5179999999999443,55455.15101471036
2.519999999999944,55443.601972543955
2.521999999999944,55432.049586233596
2.5239999999999436,55420.48752845455
2.5259999999999434,55408.92837704613
2.527999999999943,55397.36023290143
2.529999999999943,55385.78231763486
2.5319999999999427,55374.207324578354
2.5339999999999425,55362.623379267934
2.5359999999999423,55351.036202899835
2.537999999999942,55339.446072136285
2.539999999999942,55327.85310732656
2.5419999999999416,55316.2508379954
2.5439999999999414,55304.65163695852
2.545999999999941,55293.04350248768
2.547999999999941,55281.42557104101
2.5499999999999408,55269.81046696581
2.5519999999999405,55258.1863195324
2.5539999999999403,55246.55882837455
2.55599999999994,55234.928274611244
2.55799999999994,55223.28828015501
2.5599999999999397,55211.651241174484
2.5619999999999394,55200.005200884356
2.563999999999939,55188.35579335015
2.565999999999939,55176.69679604825
2.5679999999999388,55165.034165440135
2.5699999999999386,55153.374813514725
2.5719999999999383,55141.7001199784
2.573999999999938,55130.02793056749
2.575999999999938,55118.34652120156
2.5779999999999377,55106.661624089196
2.5799999999999375,55094.97355679398
2.5819999999999372,55083.282453833664
2.583999999999937,55071.581897084776
2.585999999999937,55059.87771343689
2.5879999999999366,55048.17028362044
2.5899999999999364,55036.45978046047
2.591999999999936,55024.739797602226
2.593999999999936,55013.01617013529
2.5959999999999357,55001.289283366285
2.5979999999999355,54989.55929993436
2.5999999999999353,54977.81982688075
2.601999999999935,54966.07669423801
2.603999999999935,54954.33028730716
2.6059999999999346,54942.58083611848
2.6079999999999344,54930.82207529349
2.609999999999934,54919.06639305254
2.611999999999934,54907.30197051339
2.6139999999999337,54895.527986590394
2.6159999999999335,54883.75696382373
2.6179999999999333,54871.977162721465
2.619999999999933,54860.19421896115
2.621999999999933,54848.40842091525
2.6239999999999326,54836.61988341909
2.6259999999999324,54824.82220222055
2.627999999999932,54813.02117897549
2.629999999999932,54801.21717649839
2.6319999999999317,54789.41036562673
2.6339999999999315,54777.59436682579
2.6359999999999313,54765.774983666146
2.637999999999931,54753.95258683945
2.639999999999931,54742.12733809356
2.6419999999999306,54730.292878724904
2.6439999999999304,54718.45499374484
2.64599999999993,54706.614058524276
2.64799999999993,54694.770240834274
2.6499999999999297,54682.92360189716
2.6519999999999295,54671.06774192873
2.6539999999999293,54659.208423425735
2.655999999999929,54647.34600754596
2.657999999999929,54635.47425272889
2.6599999999999286,54623.59899310074
2.6619999999999284,54611.7206153167
2.663999999999928,54599.83930529764
2.665999999999928,54587.95512470538
2.6679999999999278,54576.06169036255
2.6699999999999275,54564.16476069854
2.6719999999999273,54552.26469261678
2.673999999999927,54540.36166756775
2.675999999999927,54528.449346865826
2.6779999999999267,54516.53350228786
2.6799999999999264,54504.61451371872
2.681999999999926,54492.686155535564
2.683999999999926,54480.76063887029
2.685999999999926,54468.826218340386
2.6879999999999256,54456.88849082519
2.6899999999999253,54444.941409293824
2.691999999999925,54432.99730619258
2.693999999999925,54421.04452207536
2.6959999999999247,54409.08864082015
2.6979999999999245,54397.1235535869
2.6999999999999242,54385.161504294716
2.701999999999924,54373.19080131299
2.703999999999924,54361.21699318833
2.7059999999999236,54349.24034194932
2.7079999999999234,54337.25459457973
2.709999999999923,54325.27190924342
2.711999999999923,54313.28059842275
2.7139999999999227,54301.27982488237
2.7159999999999225,54289.28193974937
2.7179999999999223,54277.275358153136
2.719999999999922,54265.26565096779
2.721999999999922,54253.25309160214
2.7239999999999216,54241.237812074316
2.7259999999999214,54229.21349520509
2.727999999999921,54217.18585560217
2.729999999999921,54205.15526545474
2.7319999999999207,54193.121890645576
2.7339999999999205,54181.079447289325
2.7359999999999203,54169.04000649612
2.73799999999992,54156.991892521706
2.73999999999992,54144.934243284675
2.7419999999999196,54132.879369085225
2.7439999999999194,54120.81572780339
2.745999999999919,54108.748866432245
2.747999999999919,54096.67906529913
2.7499999999999187,54084.60011883479
2.7519999999999185,54072.517758416805
2.7539999999999183,54060.43237455793
2.755999999999918,54048.34415093288
2.757999999999918,54036.25314967266
2.7599999999999176,54024.15321272371
2.7619999999999174,54012.052664375944
2.763999999999917,53999.958112179615
2.765999999999917,53987.856937936616
2.7679999999999167,53975.75375024049
2.7699999999999165,53963.641935782245
2.7719999999999163,53951.52703374533
2.773999999999916,53939.41566547236
2.775999999999916,53927.28968841851
2.7779999999999156,53915.16643788718
2.7799999999999154,53903.03452742861
2.781999999999915,53890.905843536195
2.783999999999915,53878.76872222111
2.7859999999999148,53866.62228405181
2.7879999999999145,53854.4787342573
2.7899999999999143,53842.32660682554
2.791999999999914,53830.17140578584
2.793999999999914,53818.01341281796
2.7959999999999137,53805.846451095356
2.7979999999999134,53793.68252764704
2.7999999999999132,53781.51007160112
2.801999999999913,53769.32823541139
2.803999999999913,53757.149230369614
2.8059999999999126,53744.96160379687
2.8079999999999123,53732.770866274965
2.809999999999912,53720.57729769105
2.811999999999912,53708.38105029206
2.8139999999999117,53696.1758965336
2.8159999999999115,53683.96749359077
2.8179999999999112,53671.75622161593
2.819999999999911,53659.54225202667
2.821999999999911,53647.319377891305
2.8239999999999106,53635.093245786295
2.8259999999999104,53622.86422549827
2.82799999999991,53610.63249645958
2.82999999999991,53598.391851755405
2.8319999999999097,53586.15420678334
2.8339999999999095,53573.90804181614
2.8359999999999093,53561.65251072251
2.837999999999909,53549.399764934526
2.839999999999909,53537.13841222862
2.8419999999999086,53524.873932529474
2.8439999999999084,53512.606613213386
2.845999999999908,53500.330318000066
2.847999999999908,53488.05071391935
2.8499999999999077,53475.77444471673
2.8519999999999075,53463.48360547118
2.8539999999999073,53451.195416635936
2.855999999999907,53438.89866685938
2.857999999999907,53426.59890654983
2.8599999999999066,53414.29647082319
2.8619999999999064,53401.991511254375
2.863999999999906,53389.67783992758
2.865999999999906,53377.361062161246
2.8679999999999057,53365.04154870659
2.8699999999999055,53352.71947116758
2.8719999999999053,53340.38865836633
2.873999999999905,53328.05471554141
2.875999999999905,53315.7180089189
2.8779999999999046,53303.37871961378
2.8799999999999044,53291.03691371596
2.881999999999904,53278.68637941354
2.883999999999904,53266.332695934645
2.8859999999999038,53253.97622580921
2.8879999999999035,53241.61092921632
2.8899999999999033,53229.242440396745
2.891999999999903,53216.87116317844
2.893999999999903,53204.49727273706
2.8959999999999027,53192.12085158787
2.8979999999999024,53179.73570099749
2.899999999999902,53167.34738621722
2.901999999999902,53154.95627607317
2.9039999999999018,53142.562549603594
2.9059999999999016,53130.160063040275
2.9079999999999013,53117.75440722037
2.909999999999901,53105.345963317835
2.911999999999901,53092.93492411043
2.9139999999999007,53080.505840874925
2.9159999999999004,53068.081275999226
2.9179999999999002,53055.65474514838
2.9199999999999,53043.22611359291
2.9219999999999,53030.795227129485
2.9239999999998996,53018.35578829305
2.9259999999998993,53005.91326853235
2.927999999999899,52993.468005858325
2.929999999999899,52981.01397449249
2.9319999999998987,52968.55677635013
2.9339999999998985,52956.096842850944
2.9359999999998982,52943.63441323636
2.937999999999898,52931.16960939898
2.939999999999898,52918.69630303168
2.9419999999998976,52906.22004075613
2.9439999999998974,52893.74119884144
2.945999999999897,52881.259948594976
2.947999999999897,52868.77018718417
2.9499999999998967,52856.27746219039
2.9519999999998965,52843.78214025659
2.9539999999998963,52831.28439760704
2.955999999999896,52818.78430968518
2.957999999999896,52806.27572716908
2.9599999999998956,52793.764164475986
2.9619999999998954,52781.24999113474
2.963999999999895,52768.7272164688
2.965999999999895,52756.20143050216
2.9679999999998947,52743.6791894227
2.9699999999998945,52731.14285405878
2.9719999999998943,52718.60929576923
2.973999999999894,52706.06744631169
2.975999999999894,52693.528871413386
2.9779999999998936,52680.982241909114
2.9799999999998934,52668.426681255165
2.981999999999893,52655.87408371009
2.983999999999893,52643.31330696576
2.9859999999998927,52630.749710497745
2.9879999999998925,52618.18357855063
2.9899999999998923,52605.608918117505
2.991999999999892,52593.031268440995
2.993999999999892,52580.451024107424
2.9959999999998916,52567.86837939902
2.9979999999998914,52555.28341457462
2.999999999999891,52542.69002754152
3.001999999999891,52530.09371004146
3.0039999999998908,52517.49482552335
3.0059999999998905,52504.89357181936
3.0079999999998903,52492.28390506143
3.00999999999989,52479.671343215596
3.01199999999989,52467.056278300086
3.0139999999998897,52454.438894405146
3.0159999999998894,52441.819317220485
3.017999999999889,52429.191507855496
3.019999999999889,52416.56096943829
3.0219999999998888,52403.9280937338
3.0239999999998886,52391.28696194628
3.0259999999998883,52378.649223423636
3.027999999999888,52366.00371361175
3.029999999999888,52353.355706879636
3.0319999999998877,52340.705471392874
3.0339999999998875,52328.04703131447
3.0359999999998872,52315.391996791855
3.037999999999887,52302.729210226586
3.039999999999887,52290.063941738896
3.0419999999998866,52277.390355844764
3.0439999999998864,52264.72013101345
3.045999999999886,52252.04215842811
3.047999999999886,52239.36171678901
3.0499999999998857,52226.679080216716
3.0519999999998855,52213.98830412706
3.0539999999998853,52201.29487892673
3.055999999999885,52188.60529371022
3.057999999999885,52175.902141755054
3.0599999999998846,52163.20207558045
3.0619999999998844,52150.50027108101
3.063999999999884,52137.79057669142
3.065999999999884,52125.078372963944
3.0679999999998837,52112.36400648936
3.0699999999998835,52099.64158642916
3.0719999999998833,52086.92268943534
3.073999999999883,52074.19623406729
3.075999999999883,52061.4674698901
3.0779999999998826,52048.73061807455
3.0799999999998824,52035.99729301669
3.081999999999882,52023.25646603762
3.083999999999882,52010.51339658668
3.0859999999998817,51997.76837520604
3.0879999999998815,51985.02154790277
3.0899999999998813,51972.272995005085
3.091999999999881,51959.5167057255
3.093999999999881,51946.75810395341
3.0959999999998806,51933.99761259461
3.0979999999998804,51921.23547000683
3.09999999999988,51908.46577004569
3.10199999999988,51895.69397395568
3.1039999999998797,51882.92654964978
3.1059999999998795,51870.15227837968
3.1079999999998793,51857.37024536801
3.109999999999879,51844.59211404972
3.111999999999879,51831.80695619117
3.1139999999998786,51819.02608132179
3.1159999999998784,51806.23838826201
3.117999999999878,51793.44301418404
3.119999999999878,51780.651635220216
3.1219999999998778,51767.859407504555
3.1239999999998775,51755.06019559238
3.1259999999998773,51742.25932918383
3.127999999999877,51729.45716365101
3.129999999999877,51716.6538998297
3.1319999999998767,51703.84964857826
3.1339999999998764,51691.03846036276
3.135999999999876,51678.23176435988
3.137999999999876,51665.41860598995
3.139999999999876,51652.6041979454
3.1419999999998756,51639.78886492939
3.1439999999998753,51626.96678105796
3.145999999999875,51614.14942320833
3.147999999999875,51601.325882421836
3.1499999999998747,51588.50740208901
3.1519999999998745,51575.682966036555
3.1539999999998742,51562.85775526397
3.155999999999874,51550.0347221828
3.157999999999874,51537.22017167618
3.1599999999998736,51524.402163153085
3.1619999999998734,51511.5850196885
3.163999999999873,51498.768462501226
3.165999999999873,51485.95235324324
3.1679999999998727,51473.13665457591
3.1699999999998725,51460.321409758755
3.1719999999998723,51447.50071626415
3.173999999999872,51434.686022068665
3.175999999999872,51421.86654809114
3.1779999999998716,51409.053579064705
3.1799999999998714,51396.23624578775
3.181999999999871,51383.42577121214
3.183999999999871,51370.611272482405
3.1859999999998707,51357.80397069431
3.1879999999998705,51344.99300346702
3.1899999999998703,51332.189622661244
3.19199999999987,51319.382999299
3.19399999999987,51306.57844935189
3.1959999999998696,51293.782438966366
3.1979999999998694,51280.99006143801
3.199999999999869,51268.19535189898
3.201999999999869,51255.40973826045
3.2039999999998687,51242.628568372
3.2059999999998685,51229.85201606996
3.2079999999998683,51217.080404203916
3.209999999999868,51204.320101036865
3.211999999999868,51191.566318310535
3.2139999999998676,51178.819265400394
3.2159999999998674,51166.07941858613
3.217999999999867,51153.35337548536
3.219999999999867,51140.63664608569
3.2219999999998667,51127.93573127395
3.2239999999998665,51115.24623398151
3.2259999999998663,51102.57488316631
3.227999999999866,51089.91761446462
3.229999999999866,51077.28752287046
3.2319999999998656,51064.67583074112
3.2339999999998654,51052.09598756373
3.235999999999865,51039.54591067931
3.237999999999865,51027.02900880071
3.2399999999998648,51014.5557516649
3.2419999999998645,51002.13879986975
3.2439999999998643,50989.78746897838
3.245999999999864,50977.520235888376
3.247999999999864,50965.36281717998
3.2499999999998637,50953.37393595076
3.2519999999998634,50941.69040932471
3.2539999999998632,41986.10129002158
3.255999999999863,34811.52925406299
3.257999999999863,29715.189145365264
3.2599999999998626,26325.09343309415
3.2619999999998623,24165.515841904402
3.263999999999862,22833.146132981274
3.265999999999862,22030.72667060135
3.2679999999998617,21554.694483576255
3.2699999999998615,21272.924438910326
3.2719999999998612,21103.22475574153
3.273999999999861,20996.291712691233
3.275999999999861,20923.52860467592
3.2779999999998606,20868.84300900676
3.2799999999998604,20823.43781074021
3.28199999999986,20782.64108731725
3.28399999999986,20744.04816899668
3.2859999999998597,20706.463133197234
3.2879999999998595,20669.3200703354
3.2899999999998593,20632.364432499264
3.291999999999859,20595.489749464105
3.293999999999859,20558.661544157534
3.2959999999998586,20521.869588384143
3.2979999999998584,20485.117616615327
3.299999999999858,20448.4116842893
3.301999999999858,20411.7556248871
3.3039999999998577,20375.149047078317
3.3059999999998575,20338.599652283418
3.3079999999998573,20302.106577046714
3.309999999999857,20265.673694111138
3.311999999999857,20229.295582112405
3.3139999999998566,20192.977757928347
3.3159999999998564,20156.717938815702
3.317999999999856,20120.515826052193
3.319999999999856,20084.371190734455
3.3219999999998557,20048.287127165215
3.3239999999998555,20012.257753784645
3.3259999999998553,19976.28830776575
3.327999999999855,19940.37635609843
3.329999999999855,19904.521515741064
3.3319999999998546,19868.72351397357
3.3339999999998544,19832.985422688427
3.335999999999854,19797.301359623973
3.337999999999854,19761.676555675855
3.3399999999998538,19726.108586197483
3.3419999999998535,19690.597074565554
3.3439999999998533,19655.141755756104
3.345999999999853,19619.7457079906
3.347999999999853,19584.40306418487
3.3499999999998527,19549.119058318218
3.3519999999998524,19513.888006121488
3.353999999999852,19478.71525047791
3.355999999999852,19443.598449105793
3.3579999999998518,19408.537275937488
3.3599999999998515,19373.531500803812
3.3619999999998513,19338.58422528277
3.363999999999851,19303.689611966278
3.365999999999851,19268.853974129677
3.3679999999998507,19234.073921810465
3.3699999999998504,19199.344392461204
3.3719999999998502,19164.672321737915
3.37399999999985,19130.05542320223
3.37599999999985,19095.49340685497
3.3779999999998496,19060.9860713487
3.3799999999998493,19026.53653977
3.381999999999849,18992.1390088534
3.383999999999849,18957.795468166434
3.3859999999998487,18923.509251125957
3.3879999999998485,18889.27795665
3.3899999999998482,18855.097965687448
3.391999999999848,18820.97473517415
3.393999999999848,18786.906040372593
3.3959999999998476,18752.891637543726
3.3979999999998474,18718.93136627404
3.399999999999847,18685.025119435104
3.401999999999847,18651.172823616573
3.4039999999998467,18617.37442727851
3.4059999999998465,18583.6298930774
3.4079999999998463,18549.93919380779
3.409999999999846,18516.305568182088
3.411999999999846,18482.723332644455
3.4139999999998456,18449.194541384026
3.4159999999998454,18415.722586624102
3.417999999999845,18382.301893542768
3.419999999999845,18348.937834041986
3.4219999999998447,18315.62493198193
3.4239999999998445,18282.36861704107
3.4259999999998443,18249.163460933156
3.427999999999844,18216.014917845743
3.429999999999844,18182.9208351418
3.4319999999998436,18149.877788334896
3.4339999999998434,18116.891334080552
3.435999999999843,18083.95940163171
3.437999999999843,18051.07862589642
3.4399999999998427,18018.254595096038
3.4419999999998425,17985.485277089476
3.4439999999998423,17952.77057726854
3.445999999999842,17920.107244428855
3.447999999999842,17887.500929744583
3.4499999999998416,17854.94967063117
3.4519999999998414,17822.450195850703
3.453999999999841,17790.008136149463
3.455999999999841,17757.621542082376
3.4579999999998408,17725.28716562543
3.4599999999998405,17693.010643936985
3.4619999999998403,17660.790061767555
3.46399999999984,17628.62220846617
3.46599999999984,17596.512735612203
3.4679999999998397,17564.456564084045
3.4699999999998394,17532.459288339644
3.471999999999839,17500.515824664628
3.473999999999839,17468.628557255503
3.4759999999998388,17436.80115569413
3.4779999999998386,17405.02849499256
3.4799999999998383,17373.312926430994
3.481999999999838,17341.65809123592
3.483999999999838,17310.058959781123
3.4859999999998377,17278.517876531372
3.4879999999998375,17247.035365837262
3.4899999999998372,17215.61190443782
3.491999999999837,17184.247938001463
3.493999999999837,17152.943909801354
3.4959999999998366,17121.697122520487
3.4979999999998364,17090.513463049156
3.499999999999836,17059.39146486792
3.501999999999836,17028.32836006525
3.5039999999998357,16997.329967042166
3.5059999999998355,16966.391741947322
3.5079999999998353,16935.516339904105
3.509999999999835,16904.70459233615
3.511999999999835,16873.9603476184
3.5139999999998346,16843.275945982565
3.5159999999998344,16812.659292104414
3.517999999999834,16782.10938057331
3.519999999999834,16751.626912397354
3.5219999999998337,16721.209593658215
3.5239999999998335,16690.86343141519
3.5259999999998333,16660.584401438497
3.527999999999833,16630.37540949283
3.529999999999833,16600.23762808948
3.5319999999998326,16570.157047087712
3.5339999999998324,16540.165141415542
3.535999999999832,16510.247868762286
3.537999999999832,16480.403349120308
3.5399999999998317,16450.63771695341
3.5419999999998315,16420.947490561895
3.5439999999998313,16391.335828393265
3.545999999999831,16361.804266466399
3.547999999999831,16332.351440925788
3.5499999999998306,16302.98369959896
3.5519999999998304,16273.698065080256
3.55399999999983,16244.493839576087
3.55599999999983,16215.381858202523
3.5579999999998297,16186.358751981183
3.5599999999998295,16157.423705358295
3.5619999999998293,16128.58324434422
3.563999999999829,16099.835061381453
3.565999999999829,16071.182858533106
3.5679999999998286,16042.628923516371
3.5699999999998284,16014.175510242976
3.571999999999828,15985.824882804209
3.573999999999828,15957.576807768633
3.5759999999998278,15929.43540463762
3.5779999999998275,15901.403466721027
3.5799999999998273,15873.48129822492
3.581999999999827,15845.675736083922
3.583999999999827,15817.985915435023
3.5859999999998267,15790.416174642205
3.5879999999998264,15762.967442142215
3.589999999999826,15735.64672019624
3.591999999999826,15708.453926989732
3.593999999999826,15681.393720985781
3.5959999999998256,15654.467685976597
3.5979999999998253,15627.683241522176
3.599999999999825,15601.04394992515
3.601999999999825,15574.546605098014
3.6039999999998247,15548.201715960826
3.6059999999998245,15522.010845831672
3.6079999999998242,15495.979305958283
3.609999999999824,15470.110036138765
3.611999999999824,15444.408745172981
3.6139999999998236,15418.880539050877
3.6159999999998234,15393.528953793175
3.617999999999823,15368.361418485523
3.619999999999823,15343.379913195278
3.6219999999998227,15318.592369870605
3.6239999999998225,15294.002955868547
3.6259999999998223,15269.616720067324
3.627999999999822,15245.44025515015
3.629999999999822,15221.480021801572
3.6319999999998216,15197.742415249053
3.6339999999998214,15174.233063790713
3.635999999999821,15150.958078819063
3.637999999999821,15127.924375331546
3.6399999999998207,15105.138911578837
3.6419999999998205,15082.608719703952
3.6439999999998203,15060.340754659286
3.64599999999982,15038.342392026845
3.64799999999982,15016.620698311492
3.6499999999998196,14995.183566374917
3.6519999999998194,14974.038304626494
3.653999999999819,14953.19180078716
3.655999999999819,14932.654118122635
3.6579999999998187,14912.430968996869
3.6599999999998185,14892.530683322737
3.6619999999998183,14872.964004743568
3.663999999999818,14853.735266744445
3.665999999999818,14834.852633384979
3.6679999999998176,14816.325718626926
3.6699999999998174,14798.162165985248
3.671999999999817,14780.367970130947
3.673999999999817,14762.952947612046
3.6759999999998167,14745.922325499932
3.6779999999998165,14729.288046728614
3.6799999999998163,14713.051859606698
3.681999999999816,14697.220924218438
3.683999999999816,14681.80455822188
3.6859999999998156,14666.808586024566
3.6879999999998154,14652.23855881254
3.689999999999815,14638.099698668011
3.691999999999815,14624.393173502787
3.6939999999998148,14611.12708811056
3.6959999999998145,14598.304822716964
3.6979999999998143,14585.929160613698
3.699999999999814,14573.99786875523
3.701999999999814,14562.521620540945
3.7039999999998137,14551.491117666636
3.7059999999998134,14540.911251911832
3.7079999999998132,14530.780680736481
3.709999999999813,14521.091918988752
3.711999999999813,14511.852041709099
3.7139999999998126,14503.046249834375
3.7159999999998123,14494.680861861212
3.717999999999812,14486.736941528763
3.719999999999812,14479.213486741495
3.7219999999998117,14472.101716425344
3.7239999999998115,14465.390849300848
3.7259999999998112,14459.072543873554
3.727999999999811,14453.132688645826
3.729999999999811,14447.550906767143
3.7319999999998106,14442.320523358565
3.7339999999998104,14437.433666456935
3.73599999999981,14432.85832668918
3.73799999999981,14428.58536742912
3.7399999999998097,14424.588522824488
3.7419999999998095,14420.865104247825
3.7439999999998093,14417.378545619144
3.745999999999809,14414.125295569846
3.747999999999809,14411.067233047128
3.7499999999998086,14408.183274008956
3.7519999999998084,14405.468742659032
3.753999999999808,14402.88387588114
3.755999999999808,14400.423923153334
3.7579999999998077,14398.04877995054
3.7599999999998075,14395.736612637325
3.7619999999998073,14393.474217192006
3.763999999999807,14391.248058452284
3.765999999999807,14389.010084431258
3.7679999999998066,14386.766025103998
3.7699999999998064,14384.477348937471
3.771999999999806,14382.124623197484
3.773999999999806,14379.705858891828
3.7759999999998057,14377.176463690123
3.7779999999998055,14374.544935875756
3.7799999999998053,14371.776948620223
3.781999999999805,14368.865364368063
3.783999999999805,14365.786934972419
3.7859999999998046,14362.52827022834
3.7879999999998044,14359.09257705862
3.789999999999804,14355.4435743966
3.791999999999804,14351.587071578691
3.7939999999998038,14347.512790844925
3.7959999999998035,14343.204204945076
3.7979999999998033,14338.661314302626
3.799999999999803,14907.959265722267
3.801999999999803,14917.746627149701
3.8039999999998027,14920.970646062116
3.8059999999998024,14920.02090162327
3.807999999999802,14916.494809864324
3.809999999999802,14911.416894705419
3.8119999999998018,14905.422797498426
3.8139999999998015,14898.90018456821
3.8159999999998013,14892.080938923002
3.817999999999801,14885.107309741286
3.819999999999801,14878.052929255151
3.8219999999998007,14870.966599470876
3.8239999999998004,14863.863724367437
3.8259999999998002,14856.77170851952
3.8279999999998,14849.685489767237
3.8299999999998,14842.6134440051
3.8319999999997996,14835.562302956303
3.8339999999997993,14828.527083362316
3.835999999999799,14821.513323363779
3.837999999999799,14814.51538906711
3.8399999999997987,14807.533074437943
3.8419999999997985,14800.571488464122
3.8439999999997982,14793.624828851269
3.845999999999798,14786.692774351577
3.847999999999798,14779.780426537005
3.8499999999997976,14772.8873994772
3.8519999999997974,14766.002404731962
3.853999999999797,14759.136087157576
3.855999999999797,14752.288044958468
3.8579999999997967,14745.452447966058
3.8599999999997965,14738.628991915159
3.8619999999997963,14731.822792989315
3.863999999999796,14725.028014471112
3.865999999999796,14718.249816382657
3.8679999999997956,14711.482345248498
3.8699999999997954,14704.725292586163
3.871999999999795,14697.983811373002
3.873999999999795,14691.257524801857
3.8759999999997947,14684.535136779537
3.8779999999997945,14677.832814421201
3.8799999999997943,14671.133704533268
3.881999999999794,14664.44852591023
3.883999999999794,14657.776900563527
3.8859999999997936,14651.113013441778
3.8879999999997934,14644.456546536148
3.889999999999793,14637.81269721208
3.891999999999793,14631.175625292071
3.8939999999997927,14624.550511447738
3.8959999999997925,14617.931547121456
3.8979999999997923,14611.323903357175
3.899999999999792,14604.721770910246
3.901999999999792,14598.124866563785
3.9039999999997916,14591.538383685025
3.9059999999997914,14584.956492471925
3.907999999999791,14578.384394326047
3.909999999999791,14571.816281573212
3.9119999999997908,14565.2573596255
3.9139999999997905,14558.701828030547
3.9159999999997903,14552.154892253366
3.91799999999979,14545.610765273594
3.91999999999979,14539.07463699471
3.9219999999997897,14532.540747169549
3.9239999999997894,14526.008821340654
3.925999999999789,14519.484056515132
3.927999999999789,14512.966138145535
3.9299999999997888,14506.443862709008
3.9319999999997886,14499.933383201913
3.9339999999997883,14493.423441868541
3.935999999999788,14486.913803652818
3.937999999999788,14480.409656344435
3.9399999999997877,14473.905275347195
3.9419999999997875,14467.405857146938
3.9439999999997872,14460.90567085863
3.945999999999787,14454.409912333182
3.947999999999787,14447.912887849401
3.9499999999997866,14441.41434823841
3.9519999999997864,14434.924900849912
3.953999999999786,14428.427999856247
3.955999999999786,14421.93428106084
3.9579999999997857,14415.443458862519
3.9599999999997855,14408.949895254309
3.9619999999997852,14402.453367641026
3.963999999999785,14395.959033748288
3.965999999999785,14389.4666535684
3.9679999999997846,14382.970586477899
3.9699999999997844,14376.476014602698
3.971999999999784,14369.977309359816
3.973999999999784,14363.474289799826
3.9759999999997837,14356.972088230707
3.9779999999997835,14350.47048116958
3.9799999999997833,14343.96387794408
3.981999999999783,14337.452090271821
3.983999999999783,14330.940271013875
3.9859999999997826,14324.428178845314
3.9879999999997824,14317.910271975432
3.989999999999782,14311.391687445921
3.991999999999782,14304.866912609401
3.9939999999997817,14298.335749044947
3.9959999999997815,14291.803334031018
3.9979999999997813,14285.269441422402
3.999999999999781,14278.728587486945
4.001999999999781,14272.185891151992
4.003999999999781,14265.635874428706
4.005999999999781,14259.083642555119
4.007999999999781,14252.523742056334
4.00999999999978,14245.956024295232
4.01199999999978,14239.390806309231
4.01399999999978,14232.81739224875
4.01599999999978,14226.235656531195
4.0179999999997795,14219.650654133004
4.019999999999779,14213.057005396731
4.021999999999779,14206.459758853784
4.023999999999779,14199.853563251463
4.025999999999779,14193.243455822098
4.027999999999778,14186.629260164704
4.029999999999778,14180.005662766858
4.031999999999778,14173.372527761763
4.033999999999778,14166.740030407225
4.0359999999997775,14160.092440349512
4.037999999999777,14153.439822861243
4.039999999999777,14146.782660918949
4.041999999999777,14140.115257820049
4.043999999999777,14133.442615702323
4.045999999999776,14126.76458750356
4.047999999999776,14120.075952341936
4.049999999999776,14113.376616918538
4.051999999999776,14106.671543027132
4.053999999999776,14099.960589984843
4.055999999999775,14093.23858054713
4.057999999999775,14086.505429759622
4.059999999999775,14079.771083430489
4.061999999999775,14073.025364386227
4.0639999999997745,14066.268169457222
4.065999999999774,14059.504417742544
4.067999999999774,14052.72899886455
4.069999999999774,14045.946816109139
4.071999999999774,14039.157748390144
4.073999999999773,14032.35673628414
4.075999999999773,14025.548645464407
4.077999999999773,14018.728434764527
4.079999999999773,14011.900961790745
4.0819999999997725,14005.066121416987
4.083999999999772,13998.218914420902
4.085999999999772,13991.35927133107
4.087999999999772,13984.492021009331
4.089999999999772,13977.617072663412
4.091999999999771,13970.734331464062
4.093999999999771,13963.833997147392
4.095999999999771,13956.93058820402
4.097999999999771,13950.014320738079
4.0999999999997705,13943.08996597726
4.10199999999977,13936.152636545305
4.10399999999977,13929.207081413178
4.10599999999977,13922.248439928228
4.10799999999977,13915.28144791469
4.109999999999769,13908.306041070078
4.111999999999769,13901.317382610214
4.113999999999769,13894.32019084794
4.115999999999769,13887.309663904914
4.1179999999997685,13880.290495112522
4.119999999999768,13873.262622726323
4.121999999999768,13866.221280315605
4.123999999999768,13859.171146377916
4.125999999999768,13852.107469040424
4.127999999999767,13845.034906297235
4.129999999999767,13837.953399043616
4.131999999999767,13830.858257183272
4.133999999999767,13823.754099702774
4.1359999999997665,13816.636245679407
4.137999999999766,13809.50930619877
4.139999999999766,13802.373232952932
4.141999999999766,13795.223397260872
4.143999999999766,13788.064365062202
4.145999999999765,13780.89153343655
4.147999999999765,13773.709453293448
4.149999999999765,13766.518093474047
4.151999999999765,13759.31288269942
4.1539999999997645,13752.098343076681
4.155999999999764,13744.874446698086
4.157999999999764,13737.636667565148
4.159999999999764,13730.389491809101
4.161999999999764,13723.128426139112
4.1639999999997634,13715.857935443953
4.165999999999763,13708.5780005242
4.167999999999763,13701.284162442143
4.169999999999763,13693.980856181144
4.171999999999763,13686.663648600213
4.173999999999762,13679.3413662333
4.175999999999762,13672.00078313286
4.177999999999762,13664.655093313322
4.179999999999762,13657.29550790281
4.1819999999997615,13649.926411394788
4.183999999999761,13642.543445668378
4.185999999999761,13635.150964638491
4.187999999999761,13627.748964646393
4.189999999999761,13620.333128444105
4.19199999999976,13612.90778053549
4.19399999999976,13605.472913928856
4.19599999999976,13598.024261617678
4.19799999999976,13590.566103916848
4.1999999999997595,13583.094196171023
4.201999999999759,13575.612805572824
4.203999999999759,13568.12193935185
4.205999999999759,13560.621602778578
4.207999999999759,13553.10759561472
4.209999999999758,13545.58414397681
4.211999999999758,13538.047074021926
4.213999999999758,13530.50058825747
4.215999999999758,13522.944702487579
4.2179999999997575,13515.37528195191
4.219999999999757,13507.796498589492
4.221999999999757,13500.208364960128
4.223999999999757,13492.610898668376
4.225999999999757,13485.000014474965
4.227999999999756,13477.375746637235
4.229999999999756,13469.746291092786
4.231999999999756,13462.103524120259
4.233999999999756,13454.451537414872
4.2359999999997555,13446.786306277087
4.237999999999755,13439.11190779934
4.239999999999755,13431.428361476395
4.241999999999755,13423.731690764711
4.243999999999755,13416.029926597155
4.245999999999754,13408.311130275657
4.247999999999754,13400.587271992856
4.249999999999754,13392.850451755736
4.251999999999754,13385.104656861036
4.2539999999997535,13377.345984630407
4.255999999999753,13369.582328541284
4.257999999999753,13361.805879364249
4.259999999999753,13354.016685402907
4.261999999999753,13346.222572537312
4.263999999999752,13338.415805412693
4.265999999999752,13330.59643104442
4.267999999999752,13322.772211374722
4.269999999999752,13314.93548226484
4.2719999999997516,13307.086293086031
4.273999999999751,13299.23233548467
4.275999999999751,13291.3660194176
4.277999999999751,13283.49119112194
4.279999999999751,13275.60410296901
4.2819999999997505,13267.712357004953
4.28399999999975,13259.808456948549
4.28599999999975,13251.892452547396
4.28799999999975,13243.971875800911
4.28999999999975,13236.039303448782
4.291999999999749,13228.094789914818
4.293999999999749,13220.145802822146
4.295999999999749,13212.184982858895
4.297999999999749,13204.21607142324
4.2999999999997485,13196.239109325767
4.301999999999748,13188.250481793806
4.303999999999748,13180.25389107331
4.305999999999748,13172.249387142223
4.307999999999748,13164.233391070193
4.309999999999747,13156.209572897385
4.311999999999747,13148.177982895899
4.313999999999747,13140.138668088353
4.315999999999747,13132.088090207339
4.3179999999997465,13124.02988095758
4.319999999999746,13115.964087185268
4.321999999999746,13107.890755858623
4.323999999999746,13099.806400762183
4.325999999999746,13091.714601770738
4.327999999999745,13083.61541274778
4.329999999999745,13075.505382932242
4.331999999999745,13067.391550293278
4.333999999999745,13059.263520785877
4.3359999999997445,13051.131766527025
4.337999999999744,13042.992875546706
4.339999999999744,13034.843447752453
4.341999999999744,13026.686977135434
4.343999999999744,13018.520094377043
4.345999999999743,13010.346279721463
4.347999999999743,13002.168985369113
4.349999999999743,12993.978081751431
4.351999999999743,12985.783775924761
4.3539999999997425,12977.579377661537
4.355999999999742,12969.36830506628
4.357999999999742,12961.150611264718
4.359999999999742,12952.926350320362
4.361999999999742,12944.69224320784
4.363999999999741,12936.451671087532
4.365999999999741,12928.204688691134
4.367999999999741,12919.95134966677
4.369999999999741,12911.688421636461
4.3719999999997405,12903.419238853241
4.37399999999974,12895.143862663115
4.37599999999974,12886.86234205857
4.37799999999974,12878.571490256698
4.37999999999974,12870.274600368115
4.381999999999739,12861.971731896123
4.383999999999739,12853.662936799066
4.385999999999739,12845.34506862754
4.387999999999739,12837.01873983215
4.3899999999997386,12828.688597223621
4.391999999999738,12820.353084039118
4.393999999999738,12812.012103697345
4.395999999999738,12803.662472383137
4.397999999999738,12795.30734078092
4.3999999999997375,12786.946743448405
4.401999999999737,12778.577602177244
4.403999999999737,12770.206189620287
4.405999999999737,12761.82635635568
4.407999999999737,12753.441245121374
4.409999999999736,12745.047835589206
4.411999999999736,12736.652326884916
4.413999999999736,12728.248653537206
4.415999999999736,12719.83992185774
4.4179999999997355,12711.426187884013
4.419999999999735,12703.007504959016
4.421999999999735,12694.580905765099
4.423999999999735,12686.147913999604
4.425999999999735,12677.711266479802
4.427999999999734,12669.270095268505
4.429999999999734,12660.824361725548
4.431999999999734,12652.371095317858
4.433999999999734,12643.913285980836
4.4359999999997335,12635.450978550238
4.437999999999733,12626.98421955487
4.439999999999733,12618.510126752564
4.441999999999733,12610.034600668045
4.443999999999733,12601.551868524313
4.445999999999732,12593.064886700324
4.447999999999732,12584.573710472027
4.449999999999732,12576.075512704603
4.451999999999732,12567.573225638826
4.4539999999997315,12559.06977574449
4.455999999999731,12550.559498183466
4.457999999999731,12542.04244362467
4.459999999999731,12533.524349741721
4.461999999999731,12524.999616018698
4.46399999999973,12516.471113625454
4.46599999999973,12507.9389012417
4.46799999999973,12499.403031564363
4.46999999999973,12490.863555219392
4.4719999999997295,12482.317742026047
4.473999999999729,12473.771192593087
4.475999999999729,12465.218432010102
4.477999999999729,12456.662266603464
4.479999999999729,12448.100007338042
4.481999999999728,12439.53718463822
4.483999999999728,12430.968397821833
4.485999999999728,12422.396417531178
4.487999999999728,12413.821298955485
4.4899999999997275,12405.243094290383
4.491999999999727,12396.661853108693
4.493999999999727,12388.07494274308
4.495999999999727,12379.487764494246
4.497999999999727,12370.89504178297
4.499999999999726,12362.299477595829
4.501999999999726,12353.701127172366
4.503999999999726,12345.097403717753
4.505999999999726,12336.493621567219
4.507999999999726,12327.88459017075
4.509999999999725,12319.272971128505
4.511999999999725,12310.658819029311
4.513999999999725,12302.042184651988
4.515999999999725,12293.423115329739
4.5179999999997245,12284.799080317489
4.519999999999724,12276.175271378213
4.521999999999724,12267.546616678128
4.523999999999724,12258.915717155875
4.525999999999724,12250.282623853158
4.527999999999723,12241.64485147942
4.529999999999723,12233.007507542812
4.531999999999723,12224.365605522653
4.533999999999723,12215.724212411931
4.5359999999997225,12207.078369476802
4.537999999999722,12198.430616298574
4.539999999999722,12189.781004330052
4.541999999999722,12181.127102933502
4.543999999999722,12172.474631832953
4.545999999999721,12163.814612703009
4.547999999999721,12155.157800838542
4.549999999999721,12146.497045999433
4.551999999999721,12137.834769659321
4.5539999999997205,12129.168561406754
4.55599999999972,12120.503300084427
4.55799999999972,12111.836613017189
4.55999999999972,12103.16613048509
4.56199999999972,12094.494293907273
4.563999999999719,12085.823544356277
4.565999999999719,12077.149159380317
4.567999999999719,12068.471176180072
4.569999999999719,12059.794382902122
4.5719999999997185,12051.116470880186
4.573999999999718,12042.435128204961
4.575999999999718,12033.755084407358
4.577999999999718,12025.071716028939
4.579999999999718,12016.387390193977
4.581999999999717,12007.702155814468
4.583999999999717,11999.0160561241
4.585999999999717,11990.329460187106
4.587999999999717,11981.640589046709
4.5899999999997165,11972.95169528743
4.591999999999716,11964.262617629727
4.593999999999716,11955.573213849259
4.595999999999716,11946.883394672515
4.597999999999716,11938.193115699098
4.599999999999715,11929.500112384261
4.601999999999715,11920.808890854036
4.603999999999715,11912.11500556447
4.605999999999715,11903.421138700432
4.6079999999997145,11894.725372643257
4.609999999999714,11886.030070372319
4.611999999999714,11877.334653427699
4.613999999999714,11868.63908095858
4.615999999999714,11859.94334848522
4.6179999999997134,11851.245283492908
4.619999999999713,11842.549275277355
4.621999999999713,11833.851019586362
4.623999999999713,11825.152713295163
4.625999999999713,11816.456560004735
4.627999999999712,11807.758292405872
4.629999999999712,11799.06008786856
4.631999999999712,11790.361988552891
4.633999999999712,11781.661901465446
4.6359999999997115,11772.964116589157
4.637999999999711,11764.266562654726
4.639999999999711,11755.567158270142
4.641999999999711,11746.868043880115
4.643999999999711,11738.17136164364
4.64599999999971,11729.472966770601
4.64799999999971,11720.774974191358
4.64999999999971,11712.077424732259
4.65199999999971,11703.38035672299
4.6539999999997095,11694.683806023977
4.655999999999709,11685.987806736439
4.657999999999709,11677.29239718963
4.659999999999709,11668.59556529733
4.661999999999709,11659.901421035658
4.663999999999708,11651.205947741739
4.665999999999708,11642.513221168214
4.667999999999708,11633.819248680411
4.669999999999708,11625.126066634699
4.6719999999997075,11616.433718227983
4.673999999999707,11607.742237614479
4.675999999999707,11599.051660841635
4.677999999999707,11590.362021103438
4.679999999999707,11581.673349446935
4.681999999999706,11572.985681824488
4.683999999999706,11564.299046746828
4.685999999999706,11555.611520823646
4.687999999999706,11546.927038935537
4.6899999999997055,11538.241751792904
4.691999999999705,11529.559563916302
4.693999999999705,11520.876649567825
4.695999999999705,11512.194958656764
4.697999999999705,11503.516451813406
4.699999999999704,11494.83733363686
4.701999999999704,11486.15953103359
4.703999999999704,11477.483086355975
4.705999999999704,11468.808027301815
4.7079999999997035,11460.134389991936
4.709999999999703,11451.462202045415
4.711999999999703,11442.791494945353
4.713999999999703,11434.12042480828
4.715999999999703,11425.452756492381
4.717999999999702,11416.786667427496
4.719999999999702,11408.120325907654
4.721999999999702,11399.45745625509
4.723999999999702,11390.79441156223
4.7259999999997016,11382.134886666048
4.727999999999701,11373.475255704152
4.729999999999701,11364.819193813451
4.731999999999701,11356.163092216526
4.733999999999701,11347.508790411597
4.7359999999997004,11338.856320326375
4.7379999999997,11330.20571164876
4.7399999999997,11321.558791689626
4.7419999999997,11312.912007874073
4.7439999999997,11304.267160921112
4.745999999999699,11295.624283384632
4.747999999999699,11286.983404024919
4.749999999999699,11278.344552804869
4.751999999999699,11269.705995257023
4.7539999999996985,11261.071266079276
4.755999999999698,11252.438654249783
4.757999999999698,11243.808179555608
4.759999999999698,11235.179864070544
4.761999999999698,11226.552003583633
4.763999999999697,11217.928072598057
4.765999999999697,11209.306388682633
4.767999999999697,11200.68525292605
4.769999999999697,11192.06810985638
4.7719999999996965,11183.451582746964
4.773999999999696,11174.839089112516
4.775999999999696,11166.228968871077
4.777999999999696,11157.619549825149
4.779999999999696,11149.012534290201
4.781999999999695,11140.409635545358
4.783999999999695,11131.807534989293
4.785999999999695,11123.20958181202
4.787999999999695,11114.612485578513
4.7899999999996945,11106.017918420714
4.791999999999694,11097.427558382886
4.793999999999694,11088.838140358232
4.795999999999694,11080.251325609677
4.797999999999694,11071.668770519522
4.799999999999693,11063.08724436708
4.801999999999693,11054.50838593547
4.803999999999693,11045.932222300504
4.805999999999693,11037.360394061257
4.8079999999996925,11028.789705686
4.809999999999692,11020.221776733002
4.811999999999692,11011.656629507268
4.813999999999692,11003.09588541034
4.815999999999692,10994.536388583316
4.817999999999691,10985.979736800722
4.819999999999691,10977.425955771469
4.821999999999691,10968.875068910009
4.823999999999691,10960.327097150615
4.8259999999996905,10951.783628310495
4.82799999999969,10943.241562696034
4.82999999999969,10934.702469019207
4.83199999999969,10926.166371289823
4.83399999999969,10917.63329303364
4.835999999999689,10909.103254341133
4.837999999999689,10900.577809364047
4.839999999999689,10892.053920690334
4.841999999999689,10883.533125614786
4.8439999999996886,10875.015444929795
4.845999999999688,10866.500904433877
4.847999999999688,10857.989519611257
4.849999999999688,10849.482819585706
4.851999999999688,10840.977821963881
4.8539999999996875,10832.476032578825
4.855999999999687,10823.977473668285
4.857999999999687,10815.483653495534
4.859999999999687,10806.991881185944
4.861999999999687,10798.501744416053
4.863999999999686,10790.015962118281
4.865999999999686,10781.535158766095
4.867999999999686,10773.056334161965
4.869999999999686,10764.58091530053
4.8719999999996855,10756.110346458032
4.873999999999685,10747.64174128586
4.875999999999685,10739.177992541338
4.877999999999685,10730.716241851354
4.879999999999685,10722.257935163183
4.881999999999684,10713.804523057397
4.883999999999684,10705.353172400353
4.885999999999684,10696.906741257182
4.887999999999684,10688.462412372122
4.8899999999996835,10680.023023303494
4.891999999999683,10671.587189115324
4.893999999999683,10663.153514660788
4.895999999999683,10654.72481559399
4.897999999999683,10646.298325711423
4.899999999999682,10637.876831126721
4.901999999999682,10629.458975115442
4.903999999999682,10621.044763073778
4.905999999999682,10612.632832035019
4.9079999999996815,10604.225946821658
4.909999999999681,10595.822755622426
4.911999999999681,10587.423272147942
4.913999999999681,10579.027510791006
4.915999999999681,10570.635483952265
4.91799999999968,10562.247208070474
4.91999999999968,10553.862698964265
4.92199999999968,10545.481966669578
4.92399999999968,10537.105030971372
4.9259999999996795,10528.733238731975
4.927999999999679,10520.36394211033
4.929999999999679,10511.998480616858
4.931999999999679,10503.63686795713
4.933999999999679,10495.280435337656
4.935999999999678,10486.9265768547
4.937999999999678,10478.57791385802
4.939999999999678,10470.231855484632
4.941999999999678,10461.89101453788
4.9439999999996775,10453.55281181821
4.945999999999677,10445.21984238017
4.947999999999677,10436.89083746181
4.949999999999677,10428.56452110709
4.951999999999677,10420.243463868193
4.953999999999676,10411.926407700514
4.955999999999676,10403.613363859662
4.957999999999676,10395.304343899723
4.959999999999676,10386.99935629383
4.961999999999676,10378.698416053692
4.963999999999675,10370.40153703734
4.965999999999675,10362.108727435567
4.967999999999675,10353.821249272047
4.969999999999675,10345.536629955366
4.9719999999996745,10337.256112191884
4.973999999999674,10328.980950705725
4.975999999999674,10320.708689250781
4.977999999999674,10312.441795177832
4.979999999999674,10304.179056148932
4.981999999999673,10295.919265566272
4.983999999999673,10287.664860614903
4.985999999999673,10279.414644372782
4.987999999999673,10271.168628144906
4.9899999999996725,10262.9268210374
4.991999999999672,10254.689233581814
4.993999999999672,10246.4558752444
4.995999999999672,10238.226758514851
4.997999999999672,10230.00189342625
4.999999999999671,10221.782474799196
5.001999999999671,10213.566151097279
5.003999999999671,10205.355285644035
5.005999999999671,10197.147539820462
5.0079999999996705,10188.945263211464
5.00999999999967,10180.747301571406
5.01199999999967,10172.552499867796
5.01399999999967,10164.36318654106
5.01599999999967,10156.178219330373
5.017999999999669,10147.997602947791
5.019999999999669,10139.821346188106
5.021999999999669,10131.65060441407
5.023999999999669,10123.483102385007
5.0259999999996685,10115.31998772927
5.027999999999668,10107.162401268928
5.029999999999668,10099.00809608486
5.031999999999668,10090.859328402754
5.033999999999668,10082.71498695035
5.035999999999667,10074.575078949605
5.037999999999667,10066.43849652963
5.039999999999667,10058.307474671332
5.041999999999667,10050.180916568406
5.0439999999996665,10042.05992532556
5.045999999999666,10033.942315655566
5.047999999999666,10025.829187091134
5.049999999999666,10017.721639604259
5.051999999999666,10009.617506725233
5.053999999999665,10001.518966291118
5.055999999999665,9993.42494355876
5.057999999999665,9985.335443113227
5.059999999999665,9977.249401850784
5.0619999999996645,9969.168968650645
5.063999999999664,9961.094149121429
5.065999999999664,9953.022823661926
5.067999999999664,9944.956062369101
5.069999999999664,9936.894921911187
5.0719999999996634,9928.837306815225
5.073999999999663,9920.785327178492
5.075999999999663,9912.737933929884
5.077999999999663,9904.6941013729
5.079999999999663,9896.65591112463
5.081999999999662,9888.622333589461
5.083999999999662,9880.594408963589
5.085999999999662,9872.570079685684
5.087999999999662,9864.550381824265
5.0899999999996615,9856.536345422288
5.091999999999661,9848.525934186575
5.093999999999661,9840.521192614811
5.095999999999661,9832.521109147063
5.097999999999661,9824.525692097299
5.09999999999966,9816.534941806904
5.10199999999966,9808.54887139368
5.10399999999966,9800.567483986715
5.10599999999966,9792.591779750135
5.1079999999996595,9784.619779970486
5.109999999999659,9776.65347141815
5.111999999999659,9768.691867329078
5.113999999999659,9760.734975546742
5.115999999999659,9752.782799825825
5.117999999999658,9744.835347527316
5.119999999999658,9736.892625837703
5.121999999999658,9728.954641993538
5.123999999999658,9721.022364296468
5.1259999999996575,9713.094829932248
5.127999999999657,9705.17108692124
5.129999999999657,9697.25305796544
5.131999999999657,9689.33979239008
5.133999999999657,9681.43128988871
5.135999999999656,9673.5285076225
5.137999999999656,9665.629557060145
5.139999999999656,9657.735388007655
5.141999999999656,9649.84694297617
5.1439999999996555,9641.963288215215
5.145999999999655,9634.084425711979
5.147999999999655,9626.210365312318
5.149999999999655,9618.341110050815
5.151999999999655,9610.47666575954
5.153999999999654,9602.617954478152
5.155999999999654,9594.763142545342
5.157999999999654,9586.914070145029
5.159999999999654,9579.069820661014
5.1619999999996535,9571.230402840949
5.163999999999653,9563.395818133185
5.165999999999653,9555.566075850222
5.167999999999653,9547.742076222083
5.169999999999653,9539.922024281914
5.171999999999652,9532.107718371579
5.173999999999652,9524.298264416127
5.175999999999652,9516.493670214059
5.177999999999652,9508.6939403425
5.1799999999996515,9500.899076692825
5.181999999999651,9493.109956528937
5.183999999999651,9485.324839578798
5.185999999999651,9477.545470282736
5.187999999999651,9469.770979680132
5.1899999999996504,9462.001373093752
5.19199999999965,9454.236653708656
5.19399999999965,9446.47682708879
5.19599999999965,9438.72275028761
5.19799999999965,9430.97271615559
5.199999999999649,9423.22843499207
5.201999999999649,9415.489057018161
5.203999999999649,9407.754584977294
5.205999999999649,9400.025023006367
5.2079999999996485,9392.300377537738
5.209999999999648,9384.581481973224
5.211999999999648,9376.867497646239
5.213999999999648,9369.158437017186
5.215999999999648,9361.45429649649
5.217999999999647,9353.755087277425
5.219999999999647,9346.060807720502
5.221999999999647,9338.371464473617
5.223999999999647,9330.687872551152
5.2259999999996465,9323.009212561847
5.227999999999646,9315.335490567899
5.229999999999646,9307.66671278481
5.231999999999646,9300.002881124576
5.233999999999646,9292.34479512302
5.235999999999645,9284.690858898492
5.237999999999645,9277.042675337334
5.239999999999645,9269.399439649978
5.241999999999645,9261.761162696714
5.2439999999996445,9254.128624404975
5.245999999999644,9246.500259976017
5.247999999999644,9238.877644005392
5.249999999999644,9231.259985825103
5.251999999999644,9223.646520204691
5.253999999999643,9216.039576184046
5.255999999999643,9208.436820907646
5.257999999999643,9200.83904480505
5.259999999999643,9193.247008331782
5.2619999999996425,9185.659937987322
5.263999999999642,9178.077846155402
5.265999999999642,9170.500734382575
5.267999999999642,9162.929350137261
5.269999999999642,9155.362196389447
5.271999999999641,9147.800778816505
5.273999999999641,9140.244339670018
5.275999999999641,9132.692888514948
5.277999999999641,9125.14642369031
5.2799999999996405,9117.605685545379
5.28199999999964,9110.069200611977
5.28399999999964,9102.538443392352
5.28599999999964,9095.01267294781
5.28799999999964,9087.491900360039
5.289999999999639,9079.9768389578
5.291999999999639,9072.466052697006
5.293999999999639,9064.96098503937
5.295999999999639,9057.46091126902
5.2979999999996386,9049.96583595588
5.299999999999638,9042.475765296114
5.301999999999638,9034.991398462143
5.303999999999638,9027.511328613573
5.305999999999638,9020.03696983026
5.3079999999996375,9012.567608545012
5.309999999999637,9005.103947616652
5.311999999999637,8997.644587808225
5.313999999999637,8990.19093084268
5.315999999999637,8982.742276106788
5.317999999999636,8975.298626127853
5.319999999999636,8967.859988518429
5.321999999999636,8960.426363323144
5.323999999999636,8952.998424352034
5.3259999999996355,8945.575486648342
5.327999999999635,8938.15755817439
5.329999999999635,8930.744639298884
5.331999999999635,8923.336737863363
5.333999999999635,8915.93451368172
5.335999999999634,8908.537290693761
5.337999999999634,8901.145075319771
5.339999999999634,8893.757878895696
5.341999999999634,8886.376344412476
5.3439999999996335,8878.99916750972
5.345999999999633,8871.627659789317
5.347999999999633,8864.261161530207
5.349999999999633,8856.89967338287
5.351999999999633,8849.543843040216
5.353999999999632,8842.193253289104
5.355999999999632,8834.845249796681
5.357999999999632,8827.502490650635
5.359999999999632,8820.16517902663
5.3619999999996315,8812.832165271831
5.363999999999631,8805.504770017118
5.365999999999631,8798.182379281296
5.367999999999631,8790.865008898023
5.369999999999631,8783.552665019606
5.37199999999963,8776.245962688594
5.37399999999963,8768.944273171574
5.37599999999963,8761.64760562256
5.37799999999963,8754.355963900678
5.3799999999996295,8747.069351077644
5.381999999999629,8739.788366047713
5.383999999999629,8732.5123943823
5.385999999999629,8725.241439576404
5.387999999999629,8717.975510483531
5.389999999999628,8710.715197879184
5.391999999999628,8703.459890263446
5.393999999999628,8696.209018726557
5.395999999999628,8688.96434833359
5.3979999999996275,8681.724091917917
5.399999999999627,8674.489443573662
5.401999999999627,8667.259803385256
5.403999999999627,8660.035176519676
5.405999999999627,8652.815569197404
5.407999999999626,8645.600983686869
5.409999999999626,8638.391982539531
5.411999999999626,8631.187984865557
5.413999999999626,8623.988993601113
5.415999999999626,8616.795575631342
5.417999999999625,8609.606604050827
5.419999999999625,8602.423208224733
5.421999999999625,8595.245360485987
5.423999999999625,8588.071954266868
5.4259999999996245,8580.903569440643
5.427999999999624,8573.740744000925
5.429999999999624,8566.582912192278
5.431999999999624,8559.430621324822
5.433999999999624,8552.282778938212
5.435999999999623,8545.140488505216
5.437999999999623,8538.003187689497
5.439999999999623,8530.870886529136
5.441999999999623,8523.744114010637
5.4439999999996225,8516.6217979885
5.445999999999622,8509.505020783785
5.447999999999622,8502.393228175482
5.449999999999622,8495.286945919572
5.451999999999622,8488.18512201682
5.453999999999621,8481.088821897358
5.455999999999621,8473.998009177722
5.457999999999621,8466.9116544982
5.459999999999621,8459.830804926309
5.4619999999996205,8452.754430045643
5.46399999999962,8445.684062238932
5.46599999999962,8438.618145716675
5.46799999999962,8431.557223536684
5.46999999999962,8424.501789555065
5.471999999999619,8417.451317661498
5.473999999999619,8410.406307527002
5.475999999999619,8403.365764989454
5.477999999999619,8396.330700366543
5.4799999999996185,8389.300599038677
5.481999999999618,8382.275944913732
5.483999999999618,8375.25576199305
5.485999999999618,8368.2410414993
5.487999999999618,8361.23127631046
5.489999999999617,8354.226942102814
5.491999999999617,8347.227242682122
5.493999999999617,8340.233561048639
5.495999999999617,8333.245335983112
5.4979999999996165,8326.26242505656
5.499999999999616,8319.284692681864
5.501999999999616,8312.312500906775
5.503999999999616,8305.345311205932
5.505999999999616,8298.38309511727
5.507999999999615,8291.425849627303
5.509999999999615,8284.474004724392
5.511999999999615,8277.526640661583
5.513999999999615,8270.585126091795
5.5159999999996145,8263.648061503065
5.517999999999614,8256.71638301969
5.519999999999614,8249.789611945287
5.521999999999614,8242.867752085063
5.523999999999614,8236.325616324197
5.525999999999613,8230.66160110321
5.527999999999613,8225.790169261109
5.529999999999613,8221.473014244057
5.531999999999613,8217.498438081477
5.533999999999613,8213.719548045165
5.535999999999612,8210.0461710482
5.537999999999612,8206.425760780345
5.539999999999612,8202.830034646522
5.541999999999612,8199.24447940437
5.5439999999996115,8195.661581482205
5.545999999999611,8192.077716593256
5.547999999999611,8188.490779179478
5.549999999999611,8184.9004610346365
5.551999999999611,8181.305999679922
5.55399999999961,8177.708112865865
5.55599999999961,8174.105457259907
5.55799999999961,8170.4993123603035
5.55999999999961,8166.888781767829
5.5619999999996095,8163.273896632407
5.563999999999609,8159.655065889007
5.565999999999609,8156.032252870695
5.567999999999609,8152.405436323678
5.569999999999609,8148.774195544408
5.571999999999608,8145.13854899594
5.573999999999608,8141.49929691866
5.575999999999608,8137.855573355748
5.577999999999608,8134.207404463552
5.5799999999996075,8130.555189440394
5.581999999999607,8126.898890574007
5.583999999999607,8123.238484139489
5.585999999999607,8119.573560690615
5.587999999999607,8115.904529699257
5.589999999999606,8112.230966871906
5.591999999999606,8108.553275368592
5.593999999999606,8104.87141692472
5.595999999999606,8101.184987958983
5.5979999999996055,8097.494383303877
5.599999999999605,8093.799576105458
5.601999999999605,8090.100153682309
5.603999999999605,8086.3965188685315
5.605999999999605,8082.688639888943
5.607999999999604,8078.976109084867
5.609999999999604,8075.259327649905
5.611999999999604,8071.538258463463
5.613999999999604,8067.812502380896
5.6159999999996035,8064.082450883163
5.617999999999603,8060.347701668128
5.619999999999603,8056.6090056251405
5.621999999999603,8052.865551829992
5.623999999999603,8049.117365630051
5.625999999999602,8045.3651989996
5.627999999999602,8041.6082346148205
5.629999999999602,8037.846504346506
5.631999999999602,8034.0807453276475
5.6339999999996015,8030.310153285286
5.635999999999601,8026.53475954644
5.637999999999601,8022.755288481745
5.639999999999601,8018.970945544687
5.641999999999601,8015.182119155566
5.6439999999996004,8011.388423249086
5.6459999999996,8007.590228916113
5.6479999999996,8003.7874952649545
5.6499999999996,7999.9802022328195
5.6519999999996,7996.167975967095
5.653999999999599,7992.351189673207
5.655999999999599,7988.529808841375
5.657999999999599,7984.703456364548
5.659999999999599,7980.872851006476
5.6619999999995985,7977.036877778762
5.663999999999598,7973.196642019703
5.665999999999598,7969.351371900664
5.667999999999598,7965.501434203428
5.669999999999598,7961.646797429161
5.671999999999597,7957.787097040302
5.673999999999597,7953.923030989552
5.675999999999597,7950.053846190865
5.677999999999597,7946.17958203952
5.6799999999995965,7942.300915312298
5.681999999999596,7938.417095253233
5.683999999999596,7934.52848855328
5.685999999999596,7930.634728022987
5.687999999999596,7926.736493235594
5.689999999999595,7922.833050377491
5.691999999999595,7918.924428405038
5.693999999999595,7915.011290718401
5.695999999999595,7911.092903283665
5.6979999999995945,7907.169626453333
5.699999999999594,7903.241422050433
5.701999999999594,7899.308266638028
5.703999999999594,7895.369823540156
5.705999999999594,7891.4264360133
5.707999999999593,7887.478064559496
5.709999999999593,7883.524685358412
5.711999999999593,7879.565960455969
5.713999999999593,7875.602230606289
5.7159999999995925,7871.633453953623
5.717999999999592,7867.659606632847
5.719999999999592,7863.680667307532
5.721999999999592,7859.696309455015
5.723999999999592,7855.706864900533
5.725999999999591,7851.712296335373
5.727999999999591,7847.712577051387
5.729999999999591,7843.707383667676
5.731999999999591,7839.697042621192
5.7339999999995905,7835.68151523641
5.73599999999959,7831.660773082384
5.73799999999959,7827.634797534196
5.73999999999959,7823.603268594971
5.74199999999959,7819.566512893302
5.743999999999589,7815.524784081963
5.745999999999589,7811.477128950361
5.747999999999589,7807.42451577681
5.749999999999589,7803.3665565335605
5.7519999999995886,7799.302947818663
5.753999999999588,7795.2340089481095
5.755999999999588,7791.1597036117555
5.757999999999588,7787.080004086545
5.759999999999588,7782.994605814773
5.7619999999995875,7778.904099453618
5.763999999999587,7774.807834162265
5.765999999999587,7770.706132956448
5.767999999999587,7766.598961272562
5.769999999999587,7762.486294741072
5.771999999999586,7758.3678326145855
5.773999999999586,7754.2441536665
5.775999999999586,7750.114626017075
5.777999999999586,7745.979560965952
5.7799999999995855,7741.838922835092
5.781999999999585,7737.69268540752
5.783999999999585,7733.540562444494
5.785999999999585,7729.383111391547
5.787999999999585,7725.2197162163175
5.789999999999584,7721.050945402435
5.791999999999584,7716.876188649781
5.793999999999584,7712.695753098065
5.795999999999584,7708.509608827546
5.7979999999995835,7704.31746530252
5.799999999999583,7700.119865467972
5.801999999999583,7695.916458913454
5.803999999999583,7691.706986046513
5.805999999999583,7687.491735868936
5.807999999999582,7683.270668363922
5.809999999999582,7679.043754634806
5.811999999999582,7674.810971603809
5.813999999999582,7670.572301233426
5.8159999999995815,7666.3277218230205
5.817999999999581,7662.077217148415
5.819999999999581,7657.820520224132
5.821999999999581,7653.5581537157905
5.823999999999581,7649.289535141913
5.82599999999958,7645.014957842011
5.82799999999958,7640.73437736047
5.82999999999958,7636.448004786508
5.83199999999958,7632.15529624639
5.8339999999995795,7627.856539608697
5.835999999999579,7623.551475586724
5.837999999999579,7619.240585553632
5.839999999999579,7614.923541941395
5.841999999999579,7610.600341428831
5.843999999999578,7606.270741271651
5.845999999999578,7601.935228161197
5.847999999999578,7597.593259017374
5.849999999999578,7593.245324766486
5.8519999999995775,7588.890895479868
5.853999999999577,7584.530460255997
5.855999999999577,7580.163491123841
5.857999999999577,7575.79025545341
5.859999999999577,7571.41071789107
5.861999999999576,7567.024851162622
5.863999999999576,7562.632844365808
5.865999999999576,7558.234195917417
5.867999999999576,7553.829179216942
5.869999999999576,7549.417763437223
5.871999999999575,7544.9999152900855
5.873999999999575,7540.575615301072
5.875999999999575,7536.1448445683145
5.877999999999575,7531.707578621288
5.8799999999995745,7527.263797664459
5.881999999999574,7522.813481753825
5.883999999999574,7518.356613243258
5.885999999999574,7513.893169132003
5.887999999999574,7509.423133400898
5.889999999999573,7504.946480425071
5.891999999999573,7500.463194063897
5.893999999999573,7495.973253275534
5.895999999999573,7491.476638045093
5.8979999999995725,7486.9733251097905
5.899999999999572,7482.463297325922
5.901999999999572,7477.94653493879
5.903999999999572,7473.423013118023
5.905999999999572,7468.89271702631
5.907999999999571,7464.355619085436
5.909999999999571,7459.811887437826
5.911999999999571,7455.261077382222
5.913999999999571,7450.703437550912
5.9159999999995705,7446.139105106028
5.91799999999957,7441.56764750284
5.91999999999957,7436.989297245508
5.92199999999957,7432.404190384508
5.92399999999957,7427.811899229175
5.925999999999569,7423.212823392313
5.927999999999569,7418.606693918032
5.929999999999569,7413.993517847962
5.931999999999569,7409.3731140696045
5.9339999999995685,7404.745856236452
5.935999999999568,7400.111468528826
5.937999999999568,7395.469950800092
5.939999999999568,7390.821447474702
5.941999999999568,7386.165564095223
5.943999999999567,7381.502525800405
5.945999999999567,7376.832453746218
5.947999999999567,7372.154949532177
5.949999999999567,7367.47038235792
5.9519999999995665,7362.778500865629
5.953999999999566,7358.0791612055455
5.955999999999566,7353.37270135147
5.957999999999566,7348.658868434194
5.959999999999566,7343.93780481798
5.961999999999565,7339.209144958784
5.963999999999565,7334.473250744172
5.965999999999565,7329.729742189468
5.967999999999565,7324.978958169334
5.9699999999995645,7320.220660605987
5.971999999999564,7315.45484477977
5.973999999999564,7310.681498452383
5.975999999999564,7305.900606626344
5.977999999999564,7301.112278425894
5.979999999999563,7296.316171255783
5.981999999999563,7291.51261104983
5.983999999999563,7286.701366526037
5.985999999999563,7281.882444026724
5.987999999999563,7277.0559503168615
5.989999999999562,7272.221559751446
5.991999999999562,7267.379593771911
5.993999999999562,7262.529705141581
5.995999999999562,7257.67219571486
5.9979999999995615,7252.806958560829
5.999999999999561,7247.933694802925
