time,value
0.0,6438466.133256715
0.002,6430993.085029356
0.004,6423687.589561128
0.006,6412836.58758767
0.008,6400494.356237722
0.01,6387664.966708211
0.012,6374784.7899643695
0.014,6362018.72456953
0.016,6349417.475826954
0.018000000000000002,6336990.666781309
0.020000000000000004,6324736.379075538
0.022000000000000006,6312651.172329073
0.024000000000000007,6300732.848767767
0.02600000000000001,6288980.773854433
0.02800000000000001,6277395.324610249
0.030000000000000013,6265976.917424405
0.032000000000000015,6254726.026172817
0.034000000000000016,6243643.047119624
0.03600000000000002,6232728.233857171
0.03800000000000002,6221981.675165014
0.04000000000000002,6211404.423194099
0.04200000000000002,6200998.4638030315
0.044000000000000025,6190763.834034137
0.04600000000000003,6180700.307704436
0.04800000000000003,6170807.497620157
0.05000000000000003,6161084.862223725
0.05200000000000003,6151531.71228046
0.054000000000000034,6142147.217561565
0.056000000000000036,6132930.41371959
0.05800000000000004,6123880.209936929
0.06000000000000004,6114995.39335801
0.06200000000000004,6106274.636984421
0.06400000000000004,6097716.5066335285
0.06600000000000004,6089320.211683279
0.06800000000000005,6081093.955138149
0.07000000000000005,6073039.5817546565
0.07200000000000005,6065155.771832929
0.07400000000000005,6057440.995122296
0.07600000000000005,6049893.530863071
0.07800000000000006,6042511.477580333
0.08000000000000006,6035292.764466203
0.08200000000000006,6028235.163958422
0.08400000000000006,6021336.304561163
0.08600000000000006,6014593.683540416
0.08800000000000006,6008004.679483526
0.09000000000000007,6001566.5644861655
0.09200000000000007,5995276.515879223
0.09400000000000007,5989131.627392394
0.09600000000000007,5983128.920124148
0.09800000000000007,5977265.352871103
0.10000000000000007,5971537.831973695
0.10200000000000008,5965945.887025188
0.10400000000000008,5960515.128934679
0.10600000000000008,5955245.8778562425
0.10800000000000008,5950132.586718747
0.11000000000000008,5945169.60747529
0.11200000000000009,5940351.2269691555
0.11400000000000009,5935671.696994625
0.11600000000000009,5931125.259831547
0.11800000000000009,5926706.169968781
0.12000000000000009,5922408.712665187
0.1220000000000001,5918227.219486064
0.1240000000000001,5914156.081665127
0.12600000000000008,5910189.761017752
0.12800000000000009,5906322.798872332
0.1300000000000001,5902549.8232070785
0.1320000000000001,5898865.55418033
0.1340000000000001,5895264.808309835
0.1360000000000001,5891742.501093221
0.1380000000000001,5888293.648644339
0.1400000000000001,5884913.3683842495
0.1420000000000001,5881596.87879938
0.1440000000000001,5878339.498378303
0.1460000000000001,5875136.643829341
0.1480000000000001,5871983.827642007
0.1500000000000001,5868876.655203803
0.1520000000000001,5865811.582006826
0.1540000000000001,5862802.537031031
0.1560000000000001,5859857.592750915
0.1580000000000001,5856973.95517489
0.16000000000000011,5854148.8943370525
0.16200000000000012,5851379.745394774
0.16400000000000012,5848664.080824028
0.16600000000000012,5846025.99730355
0.16800000000000012,5843483.78172505
0.17000000000000012,5841028.886299834
0.17200000000000013,5838653.299207134
0.17400000000000013,5836349.49940524
0.17600000000000013,5834110.413744602
0.17800000000000013,5831929.377300977
0.18000000000000013,5829800.097052026
0.18200000000000013,5827716.618549427
0.18400000000000014,5825673.29530515
0.18600000000000014,5823664.760495349
0.18800000000000014,5821685.900612045
0.19000000000000014,5819731.831248468
0.19200000000000014,5817797.876361926
0.19400000000000014,5815879.540724955
0.19600000000000015,5813972.4919841075
0.19800000000000015,5812072.54133245
0.20000000000000015,5810175.624604396
0.20200000000000015,5808277.784092387
0.20400000000000015,5806375.150997288
0.20600000000000016,5804463.9282609075
0.20800000000000016,5802540.373852066
0.21000000000000016,5800600.7842678195
0.21200000000000016,5798651.911308953
0.21400000000000016,5796730.122933772
0.21600000000000016,5794836.46720446
0.21800000000000017,5792968.905468622
0.22000000000000017,5791125.462026202
0.22200000000000017,5789304.223223918
0.22400000000000017,5787503.335104696
0.22600000000000017,5785721.00067015
0.22800000000000017,5783955.476973847
0.23000000000000018,5782205.072315489
0.23200000000000018,5780468.143513092
0.23400000000000018,5778743.093217473
0.23600000000000018,5777028.367261363
0.23800000000000018,5775322.452126157
0.24000000000000019,5773623.872419872
0.2420000000000002,5771931.188369255
0.2440000000000002,5770242.9934070865
0.2460000000000002,5768557.911772818
0.2480000000000002,5766874.596188579
0.25000000000000017,5765191.725317924
0.25200000000000017,5763508.0015081605
0.25400000000000017,5761822.148540855
0.25600000000000017,5760132.909258352
0.2580000000000002,5758439.043321404
0.2600000000000002,5756739.324919271
0.2620000000000002,5755032.540469342
0.2640000000000002,5753326.335208572
0.2660000000000002,5751635.998605234
0.2680000000000002,5749961.289479929
0.2700000000000002,5748301.157445433
0.2720000000000002,5746654.578644315
0.2740000000000002,5745020.55556495
0.2760000000000002,5743398.116275306
0.2780000000000002,5741786.313487696
0.2800000000000002,5740184.223578912
0.2820000000000002,5738590.945703946
0.2840000000000002,5737005.600659244
0.2860000000000002,5735429.11996957
0.2880000000000002,5733869.7196539715
0.2900000000000002,5732326.198877296
0.2920000000000002,5730796.532014536
0.2940000000000002,5729278.761282598
0.2960000000000002,5727770.992348239
0.2980000000000002,5726271.389687003
0.3000000000000002,5724778.172004297
0.3020000000000002,5723289.6077240715
0.3040000000000002,5721804.010640595
0.3060000000000002,5720319.735705356
0.3080000000000002,5718835.174814754
0.3100000000000002,5717348.752791225
0.3120000000000002,5715858.923363242
0.3140000000000002,5714368.297511104
0.3160000000000002,5712890.631072741
0.3180000000000002,5711426.062545572
0.32000000000000023,5709973.563540495
0.32200000000000023,5708532.13505052
0.32400000000000023,5707100.806658917
0.32600000000000023,5705678.635591193
0.32800000000000024,5704264.705549909
0.33000000000000024,5702858.125495155
0.33200000000000024,5701458.028464919
0.33400000000000024,5700063.570429134
0.33600000000000024,5698673.929151614
0.33800000000000024,5697288.303099132
0.34000000000000025,5695905.910374598
0.34200000000000025,5694525.987636447
0.34400000000000025,5693147.789097577
0.34600000000000025,5691770.585530478
0.34800000000000025,5690393.663755991
0.35000000000000026,5689016.325070384
0.35200000000000026,5687637.883872925
0.35400000000000026,5686257.667205142
0.35600000000000026,5684875.01381803
0.35800000000000026,5683489.273228869
0.36000000000000026,5682099.80482549
0.36200000000000027,5680705.976938183
0.36400000000000027,5679313.893238778
0.36600000000000027,5677929.912204551
0.36800000000000027,5676553.459100627
0.3700000000000003,5675183.946278859
0.3720000000000003,5673820.800763285
0.3740000000000003,5672463.464031683
0.3760000000000003,5671111.391579564
0.3780000000000003,5669764.05244043
0.3800000000000003,5668420.92863489
0.3820000000000003,5667081.514667539
0.3840000000000003,5665745.317064566
0.3860000000000003,5664411.853881854
0.3880000000000003,5663080.654238033
0.3900000000000003,5661751.257840729
0.3920000000000003,5660423.214560983
0.3940000000000003,5659096.083977455
0.3960000000000003,5657769.434942526
0.3980000000000003,5656442.845155162
0.4000000000000003,5655115.900744841
0.4020000000000003,5653788.195839924
0.4040000000000003,5652459.33215681
0.4060000000000003,5651128.918619833
0.4080000000000003,5649796.5709247645
0.4100000000000003,5648461.911162328
0.4120000000000003,5647124.756180929
0.4140000000000003,5645790.124176115
0.4160000000000003,5644461.313530087
0.4180000000000003,5643137.9145781435
0.4200000000000003,5641819.527059233
0.4220000000000003,5640505.760257333
0.4240000000000003,5639196.2328886995
0.4260000000000003,5637890.572868574
0.4280000000000003,5636588.417035591
0.4300000000000003,5635289.410839625
0.43200000000000033,5633993.208034408
0.43400000000000033,5632699.470441051
0.43600000000000033,5631407.867642649
0.43800000000000033,5630119.496960668
0.44000000000000034,5628835.40703648
0.44200000000000034,5627555.083781846
0.44400000000000034,5626278.016274241
0.44600000000000034,5625003.70609126
0.44800000000000034,5623731.666708024
0.45000000000000034,5622461.42298592
0.45200000000000035,5621192.510684999
0.45400000000000035,5619924.475967437
0.45600000000000035,5618656.874869307
0.45800000000000035,5617389.272839954
0.46000000000000035,5616121.244275999
0.46200000000000035,5614852.378386389
0.46400000000000036,5613585.856914757
0.46600000000000036,5612324.812043259
0.46800000000000036,5611068.849877
0.47000000000000036,5609817.585985759
0.47200000000000036,5608570.645501306
0.47400000000000037,5607327.6629838105
0.47600000000000037,5606088.282165922
0.47800000000000037,5604852.155632235
0.48000000000000037,5603618.944638959
0.4820000000000004,5602388.318647116
0.4840000000000004,5601159.95510572
0.4860000000000004,5599933.5391768785
0.4880000000000004,5598708.76349079
0.4900000000000004,5597485.327871395
0.4920000000000004,5596262.939100352
0.4940000000000004,5595041.310632067
0.4960000000000004,5593820.162385456
0.4980000000000004,5592599.220489263
0.5000000000000003,5591378.217024824
0.5020000000000003,5590156.889814011
0.5040000000000003,5588934.982177987
0.5060000000000003,5587712.242731935
0.5080000000000003,5586488.425148797
0.5100000000000003,5585263.287941463
0.5120000000000003,5584036.5942701055
0.5140000000000003,5582809.611154394
0.5160000000000003,5581585.826711875
0.5180000000000003,5580365.225626027
0.5200000000000004,5579147.550611859
0.5220000000000004,5577932.550333705
0.5240000000000004,5576719.979525136
0.5260000000000004,5575509.598894114
0.5280000000000004,5574301.174917326
0.5300000000000004,5573094.479660267
0.5320000000000004,5571889.290626735
0.5340000000000004,5570685.390575986
0.5360000000000004,5569482.5673767775
0.5380000000000004,5568280.613831491
0.5400000000000004,5567079.327502158
0.5420000000000004,5565878.510597973
0.5440000000000004,5564677.969821062
0.5460000000000004,5563477.516274603
0.5480000000000004,5562276.965186548
0.5500000000000004,5561076.135821593
0.5520000000000004,5559874.851347081
0.5540000000000004,5558672.938715584
0.5560000000000004,5557470.228516815
0.5580000000000004,5556266.554847118
0.5600000000000004,5555061.755201832
0.5620000000000004,5553855.670333103
0.5640000000000004,5552648.186574725
0.5660000000000004,5551441.393256688
0.5680000000000004,5550236.973588297
0.5700000000000004,5549034.737269107
0.5720000000000004,5547834.498281694
0.5740000000000004,5546636.075007998
0.5760000000000004,5545439.290170149
0.5780000000000004,5544243.970763792
0.5800000000000004,5543049.9479221525
0.5820000000000004,5541857.05677107
0.5840000000000004,5540665.136307227
0.5860000000000004,5539474.029322183
0.5880000000000004,5538283.582280726
0.5900000000000004,5537093.645193017
0.5920000000000004,5535904.071553184
0.5940000000000004,5534714.718205586
0.5960000000000004,5533525.452290385
0.5980000000000004,5532336.714385843
0.6000000000000004,5531148.841082105
0.6020000000000004,5529961.636341541
0.6040000000000004,5528774.908550295
0.6060000000000004,5527588.470419782
0.6080000000000004,5526402.138903055
0.6100000000000004,5525215.735029939
0.6120000000000004,5524029.083768009
0.6140000000000004,5522842.013925649
0.6160000000000004,5521654.357993926
0.6180000000000004,5520467.422035115
0.6200000000000004,5519282.80997372
0.6220000000000004,5518100.374516289
0.6240000000000004,5516919.938165304
0.6260000000000004,5515741.327669743
0.6280000000000004,5514564.37395954
0.6300000000000004,5513388.912066577
0.6320000000000005,5512214.78098356
0.6340000000000005,5511041.823603266
0.6360000000000005,5509869.886562788
0.6380000000000005,5508698.820166596
0.6400000000000005,5507528.478254268
0.6420000000000005,5506358.718133121
0.6440000000000005,5505189.400466974
0.6460000000000005,5504020.389160902
0.6480000000000005,5502851.551302078
0.6500000000000005,5501682.757037778
0.6520000000000005,5500513.879499654
0.6540000000000005,5499344.794718337
0.6560000000000005,5498175.381519332
0.6580000000000005,5497005.521454092
0.6600000000000005,5495835.098707691
0.6620000000000005,5494664.0000146525
0.6640000000000005,5493492.114598591
0.6660000000000005,5492319.334094719
0.6680000000000005,5491145.552453351
0.6700000000000005,5489970.848975196
0.6720000000000005,5488797.170537364
0.6740000000000005,5487624.807330701
0.6760000000000005,5486453.63309555
0.6780000000000005,5485283.524490048
0.6800000000000005,5484114.361130947
0.6820000000000005,5482946.025658994
0.6840000000000005,5481778.403394632
0.6860000000000005,5480611.382382377
0.6880000000000005,5479444.853314514
0.6900000000000005,5478278.70949361
0.6920000000000005,5477112.8467494035
0.6940000000000005,5475947.163359845
0.6960000000000005,5474781.560084229
0.6980000000000005,5473615.939930087
0.7000000000000005,5472450.208149626
0.7020000000000005,5471284.272181203
0.7040000000000005,5470118.041608918
0.7060000000000005,5468951.428126752
0.7080000000000005,5467784.345418373
0.7100000000000005,5466616.70912999
0.7120000000000005,5465448.436805119
0.7140000000000005,5464279.447828688
0.7160000000000005,5463109.663392393
0.7180000000000005,5461939.006427855
0.7200000000000005,5460767.40155361
0.7220000000000005,5459594.77504209
0.7240000000000005,5458421.190508571
0.7260000000000005,5457248.170527673
0.7280000000000005,5456076.005408737
0.7300000000000005,5454904.600401502
0.7320000000000005,5453733.862912586
0.7340000000000005,5452563.702556164
0.7360000000000005,5451394.0311088795
0.7380000000000005,5450224.7624561265
0.7400000000000005,5449055.812536832
0.7420000000000005,5447887.099274107
0.7440000000000005,5446718.542540256
0.7460000000000006,5445550.064125186
0.7480000000000006,5444381.587654156
0.7500000000000006,5443213.038536549
0.7520000000000006,5442044.343954415
0.7540000000000006,5440875.459012177
0.7560000000000006,5439706.686172945
0.7580000000000006,5438538.076776168
0.7600000000000006,5437369.538241083
0.7620000000000006,5436200.980118969
0.7640000000000006,5435032.314056072
0.7660000000000006,5433863.453727692
0.7680000000000006,5432694.314799806
0.7700000000000006,5431524.814861969
0.7720000000000006,5430354.873388683
0.7740000000000006,5429184.41168846
0.7760000000000006,5428013.352839364
0.7780000000000006,5426841.621716301
0.7800000000000006,5425669.731209524
0.7820000000000006,5424498.689930783
0.7840000000000006,5423328.463946389
0.7860000000000006,5422158.965217434
0.7880000000000006,5420990.107760522
0.7900000000000006,5419821.807653362
0.7920000000000006,5418653.982962809
0.7940000000000006,5417486.553724142
0.7960000000000006,5416319.441866449
0.7980000000000006,5415152.571174925
0.8000000000000006,5413985.86724692
0.8020000000000006,5412819.2574462015
0.8040000000000006,5411652.670857497
0.8060000000000006,5410486.038227353
0.8080000000000006,5409319.291937429
0.8100000000000006,5408152.365965954
0.8120000000000006,5406985.195831159
0.8140000000000006,5405817.718566132
0.8160000000000006,5404649.872681715
0.8180000000000006,5403481.5981120635
0.8200000000000006,5402312.836191261
0.8220000000000006,5401143.529603884
0.8240000000000006,5399973.622355391
0.8260000000000006,5398803.059812641
0.8280000000000006,5397631.788522824
0.8300000000000006,5396459.75625206
0.8320000000000006,5395286.911969417
0.8340000000000006,5394113.205851651
0.8360000000000006,5392938.9637447335
0.8380000000000006,5391765.119235464
0.8400000000000006,5390591.6750259455
0.8420000000000006,5389418.566760365
0.8440000000000006,5388245.731580927
0.8460000000000006,5387073.108124238
0.8480000000000006,5385900.636493808
0.8500000000000006,5384728.258210442
0.8520000000000006,5383555.91619175
0.8540000000000006,5382383.554719954
0.8560000000000006,5381211.11940697
0.8580000000000007,5380038.557160012
0.8600000000000007,5378865.816132789
0.8620000000000007,5377692.845696596
0.8640000000000007,5376519.596521738
0.8660000000000007,5375346.020432388
0.8680000000000007,5374172.070325837
0.8700000000000007,5372997.700201633
0.8720000000000007,5371822.865148288
0.8740000000000007,5370647.52130354
0.8760000000000007,5369471.625841511
0.8780000000000007,5368295.136933572
0.8800000000000007,5367118.013736042
0.8820000000000007,5365940.216351877
0.8840000000000007,5364761.705819332
0.8860000000000007,5363582.444074552
0.8880000000000007,5362402.39392701
0.8900000000000007,5361221.5190528305
0.8920000000000007,5360039.793081403
0.8940000000000007,5358857.804236444
0.8960000000000007,5357676.04831485
0.8980000000000007,5356494.475126955
0.9000000000000007,5355313.035625978
0.9020000000000007,5354131.681906087
0.9040000000000007,5352950.367203911
0.9060000000000007,5351769.109425458
0.9080000000000007,5350588.090443276
0.9100000000000007,5349407.272893843
0.9120000000000007,5348226.601734561
0.9140000000000007,5347046.023216052
0.9160000000000007,5345865.484862007
0.9180000000000007,5344684.935440418
0.9200000000000007,5343504.32491897
0.9220000000000007,5342323.604449892
0.9240000000000007,5341142.726343702
0.9260000000000007,5339961.644040135
0.9280000000000007,5338780.312063581
0.9300000000000007,5337598.686013192
0.9320000000000007,5336416.722539222
0.9340000000000007,5335234.37930162
0.9360000000000007,5334051.614944628
0.9380000000000007,5332868.389124458
0.9400000000000007,5331684.662456964
0.9420000000000007,5330500.396445911
0.9440000000000007,5329315.553470637
0.9460000000000007,5328130.0968058845
0.9480000000000007,5326943.9905617125
0.9500000000000007,5325757.19970009
0.9520000000000007,5324570.0159118585
0.9540000000000007,5323383.027057156
0.9560000000000007,5322196.220602784
0.9580000000000007,5321009.55134919
0.9600000000000007,5319822.9751344435
0.9620000000000007,5318636.448856825
0.9640000000000007,5317449.930430338
0.9660000000000007,5316263.378772188
0.9680000000000007,5315076.753767387
0.9700000000000008,5313890.016259445
0.9720000000000008,5312703.128029769
0.9740000000000008,5311516.051774156
0.9760000000000008,5310328.7511057425
0.9780000000000008,5309141.190510823
0.9800000000000008,5307953.335267772
0.9820000000000008,5306765.151499045
0.9840000000000008,5305576.606114676
0.9860000000000008,5304387.666830459
0.9880000000000008,5303198.302125746
0.9900000000000008,5302008.481234784
0.9920000000000008,5300818.174116514
0.9940000000000008,5299627.3514493015
0.9960000000000008,5298435.984601715
0.9980000000000008,5297244.045631386
1.0000000000000007,5296051.507254636
1.0020000000000007,5294858.342829228
1.0040000000000007,5293664.526367161
1.0060000000000007,5292470.03247918
1.0080000000000007,5291274.836382465
1.0100000000000007,5290078.913889639
1.0120000000000007,5288882.6335924305
1.0140000000000007,5287686.393660211
1.0160000000000007,5286490.163414394
1.0180000000000007,5285293.908832921
1.0200000000000007,5284097.596693685
1.0220000000000007,5282901.194554635
1.0240000000000007,5281704.6707515465
1.0260000000000007,5280507.994382918
1.0280000000000007,5279311.13529089
1.0300000000000007,5278114.064029211
1.0320000000000007,5276916.751859217
1.0340000000000007,5275719.170722838
1.0360000000000007,5274521.293239825
1.0380000000000007,5273323.092693811
1.0400000000000007,5272124.543002496
1.0420000000000007,5270925.6187149035
1.0440000000000007,5269726.295013178
1.0460000000000007,5268526.547815124
1.0480000000000007,5267326.353551702
1.0500000000000007,5266125.696887985
1.0520000000000007,5264924.685607082
1.0540000000000007,5263723.3530988395
1.0560000000000007,5262521.669788592
1.0580000000000007,5261319.606798472
1.0600000000000007,5260117.135923245
1.0620000000000007,5258914.22962723
1.0640000000000007,5257710.861021709
1.0660000000000007,5256507.00386003
1.0680000000000007,5255302.63251066
1.0700000000000007,5254097.721954241
1.0720000000000007,5252892.326326739
1.0740000000000007,5251686.981817298
1.0760000000000007,5250481.709246077
1.0780000000000007,5249276.47618399
1.0800000000000007,5248071.25093944
1.0820000000000007,5246866.002567381
1.0840000000000007,5245660.700859296
1.0860000000000007,5244455.3163140835
1.0880000000000007,5243249.820146753
1.0900000000000007,5242044.184247915
1.0920000000000007,5240838.381165084
1.0940000000000007,5239632.384115695
1.0960000000000008,5238426.166948556
1.0980000000000008,5237219.704138685
1.1000000000000008,5236012.970762228
1.1020000000000008,5234805.94249546
1.1040000000000008,5233598.595603187
1.1060000000000008,5232390.906911637
1.1080000000000008,5231182.853807295
1.1100000000000008,5229974.414213474
1.1120000000000008,5228765.566623987
1.1140000000000008,5227556.290039664
1.1160000000000008,5226346.563955316
1.1180000000000008,5225136.3683419125
1.1200000000000008,5223925.683671232
1.1220000000000008,5222714.490882909
1.1240000000000008,5221502.771369905
1.1260000000000008,5220290.506981543
1.1280000000000008,5219077.68001382
1.1300000000000008,5217864.273175582
1.1320000000000008,5216650.2696135035
1.1340000000000008,5215435.708055429
1.1360000000000008,5214221.056585886
1.1380000000000008,5213006.3386791935
1.1400000000000008,5211791.530300347
1.1420000000000008,5210576.6078578625
1.1440000000000008,5209361.548302819
1.1460000000000008,5208146.3291398985
1.1480000000000008,5206930.928417409
1.1500000000000008,5205715.324732858
1.1520000000000008,5204499.497239848
1.1540000000000008,5203283.425533248
1.1560000000000008,5202067.089699108
1.1580000000000008,5200850.470294329
1.1600000000000008,5199633.5483359285
1.1620000000000008,5198416.305317928
1.1640000000000008,5197198.723151782
1.1660000000000008,5195980.783983376
1.1680000000000008,5194762.470292415
1.1700000000000008,5193543.765221923
1.1720000000000008,5192324.652407632
1.1740000000000008,5191105.115892228
1.1760000000000008,5189885.14011795
1.1780000000000008,5188664.709915697
1.1800000000000008,5187443.810482098
1.1820000000000008,5186222.427382264
1.1840000000000008,5185000.546531405
1.1860000000000008,5183778.154198509
1.1880000000000008,5182555.236987902
1.1900000000000008,5181331.814820064
1.1920000000000008,5180107.969086317
1.1940000000000008,5178883.68911869
1.1960000000000008,5177658.957494663
1.1980000000000008,5176433.955412288
1.2000000000000008,5175208.951763431
1.2020000000000008,5173983.933276348
1.2040000000000008,5172758.876993743
1.2060000000000008,5171533.760491694
1.2080000000000009,5170308.561865948
1.2100000000000009,5169083.259746187
1.2120000000000009,5167857.833262229
1.2140000000000009,5166632.262041092
1.2160000000000009,5165406.526185845
1.2180000000000009,5164180.606288488
1.2200000000000009,5162954.48338551
1.2220000000000009,5161728.138980607
1.2240000000000009,5160501.555026673
1.2260000000000009,5159274.713900713
1.2280000000000009,5158047.598393854
1.2300000000000009,5156820.191728359
1.2320000000000009,5155592.477529167
1.2340000000000009,5154364.439921555
1.2360000000000009,5153136.063400405
1.2380000000000009,5151907.332753799
1.2400000000000009,5150678.233146162
1.2420000000000009,5149448.750110999
1.2440000000000009,5148218.869547619
1.2460000000000009,5146988.57767361
1.2480000000000009,5145757.861049529
1.2500000000000009,5144526.706608362
1.252000000000001,5143295.101635816
1.254000000000001,5142063.033673069
1.256000000000001,5140830.49056128
1.258000000000001,5139597.460447346
1.260000000000001,5138363.93176973
1.262000000000001,5137129.980890603
1.264000000000001,5135895.90789413
1.266000000000001,5134661.720580523
1.268000000000001,5133427.401921767
1.270000000000001,5132192.935289704
1.272000000000001,5130958.304443047
1.274000000000001,5129723.493532522
1.276000000000001,5128488.487083497
1.278000000000001,5127253.270010204
1.280000000000001,5126017.827585296
1.282000000000001,5124782.14542858
1.284000000000001,5123546.209524
1.286000000000001,5122310.006190824
1.288000000000001,5121073.522073077
1.290000000000001,5119836.744157008
1.292000000000001,5118599.659742692
1.294000000000001,5117362.256433908
1.296000000000001,5116124.522144679
1.298000000000001,5114886.445094633
1.300000000000001,5113648.013801019
1.302000000000001,5112409.217059372
1.304000000000001,5111170.043947876
1.306000000000001,5109930.483811961
1.308000000000001,5108690.526269393
1.310000000000001,5107450.161194703
1.312000000000001,5106209.378735035
1.314000000000001,5104968.16927137
1.316000000000001,5103726.523443616
1.318000000000001,5102484.432115082
1.320000000000001,5101241.886397877
1.322000000000001,5099998.87762765
1.324000000000001,5098755.41321756
1.326000000000001,5097511.558422462
1.328000000000001,5096267.432199644
1.330000000000001,5095023.24730941
1.332000000000001,5093778.998702753
1.334000000000001,5092534.670084234
1.336000000000001,5091290.245521999
1.338000000000001,5090045.709463593
1.340000000000001,5088801.046742159
1.342000000000001,5087556.242533819
1.344000000000001,5086311.282379965
1.346000000000001,5085066.152190823
1.348000000000001,5083820.838282291
1.350000000000001,5082575.327215818
1.352000000000001,5081329.605861544
1.354000000000001,5080083.6614094125
1.356000000000001,5078837.481364303
1.358000000000001,5077591.053527689
1.360000000000001,5076344.36600151
1.362000000000001,5075097.40718352
1.364000000000001,5073850.165749211
1.366000000000001,5072602.630667479
1.368000000000001,5071354.791178836
1.370000000000001,5070106.636797273
1.372000000000001,5068858.157281482
1.374000000000001,5067609.342637875
1.376000000000001,5066360.183127985
1.378000000000001,5065110.669264117
1.380000000000001,5063860.791802851
1.382000000000001,5062610.541727336
1.384000000000001,5061359.910251683
1.386000000000001,5060108.888806943
1.388000000000001,5058857.469048945
1.390000000000001,5057605.6428536
1.392000000000001,5056353.402300108
1.394000000000001,5055100.759561232
1.396000000000001,5053847.941105051
1.398000000000001,5052594.991948403
1.400000000000001,5051341.8999534855
1.402000000000001,5050088.653278256
1.404000000000001,5048835.240358124
1.406000000000001,5047581.649910039
1.408000000000001,5046327.870917735
1.410000000000001,5045073.892647052
1.412000000000001,5043819.704619783
1.414000000000001,5042565.296605031
1.416000000000001,5041310.658637086
1.418000000000001,5040055.780990339
1.420000000000001,5038800.654171074
1.422000000000001,5037545.268935514
1.424000000000001,5036289.616264957
1.426000000000001,5035033.687358685
1.428000000000001,5033777.4737795405
1.430000000000001,5032520.96729287
1.432000000000001,5031264.159755473
1.434000000000001,5030007.043224085
1.436000000000001,5028749.609961497
1.438000000000001,5027491.852423429
1.440000000000001,5026233.763336911
1.442000000000001,5024975.335631926
1.444000000000001,5023716.562335452
1.446000000000001,5022457.436657993
1.448000000000001,5021197.951992672
1.450000000000001,5019938.1019013375
1.452000000000001,5018677.880120635
1.454000000000001,5017417.291501392
1.456000000000001,5016156.385013398
1.458000000000001,5014895.157343798
1.460000000000001,5013633.600333332
1.462000000000001,5012371.721953976
1.464000000000001,5011109.710326842
1.466000000000001,5009847.608186856
1.468000000000001,5008585.403957524
1.470000000000001,5007323.086331169
1.472000000000001,5006060.644271029
1.474000000000001,5004798.066996871
1.476000000000001,5003535.343989927
1.478000000000001,5002272.464989152
1.480000000000001,5001009.419984936
1.482000000000001,4999746.199202381
1.484000000000001,4998482.793106218
1.486000000000001,4997219.19239817
1.488000000000001,4995955.388001665
1.490000000000001,4994691.371081193
1.492000000000001,4993427.133011948
1.494000000000001,4992162.665382022
1.496000000000001,4990897.9599810485
1.498000000000001,4989633.008805689
1.500000000000001,4988367.804057261
1.5020000000000011,4987102.338126748
1.5040000000000011,4985836.6036003735
1.5060000000000011,4984570.593247075
1.5080000000000011,4983304.300034516
1.5100000000000011,4982037.717095026
1.5120000000000011,4980770.837749215
1.5140000000000011,4979503.655487311
1.5160000000000011,4978236.163971728
1.5180000000000011,4976968.357034391
1.5200000000000011,4975700.228662372
1.5220000000000011,4974431.773004056
1.5240000000000011,4973162.984357415
1.5260000000000011,4971893.8572495
1.5280000000000011,4970624.386477179
1.5300000000000011,4969354.5668120375
1.5320000000000011,4968084.4605329735
1.5340000000000011,4966814.213847853
1.5360000000000011,4965543.827620068
1.5380000000000011,4964273.293343329
1.5400000000000011,4963002.60271826
1.5420000000000011,4961731.747641153
1.5440000000000011,4960460.720210238
1.5460000000000012,4959189.512723186
1.5480000000000012,4957918.117671984
1.5500000000000012,4956646.527727661
1.5520000000000012,4955374.735745909
1.5540000000000012,4954102.734765102
1.5560000000000012,4952830.518001903
1.5580000000000012,4951558.07883667
1.5600000000000012,4950285.410809752
1.5620000000000012,4949012.507640199
1.5640000000000012,4947739.363203857
1.5660000000000012,4946465.971536641
1.5680000000000012,4945192.326832279
1.5700000000000012,4943918.42342853
1.5720000000000012,4942644.255813394
1.5740000000000012,4941369.81861279
1.5760000000000012,4940095.1066095205
1.5780000000000012,4938820.114710539
1.5800000000000012,4937544.841292737
1.5820000000000012,4936269.3214788325
1.5840000000000012,4934993.559514979
1.5860000000000012,4933717.5490078805
1.5880000000000012,4932441.283719699
1.5900000000000012,4931164.757575348
1.5920000000000012,4929887.964661356
1.5940000000000012,4928610.899212227
1.5960000000000012,4927333.555615649
1.5980000000000012,4926055.928401458
1.6000000000000012,4924778.012257647
1.6020000000000012,4923499.829608458
1.6040000000000012,4922221.530106142
1.6060000000000012,4920943.1198356915
1.6080000000000012,4919664.590774423
1.6100000000000012,4918385.935086849
1.6120000000000012,4917107.145124214
1.6140000000000012,4915828.21341662
1.6160000000000012,4914549.13267882
1.6180000000000012,4913269.895812603
1.6200000000000012,4911990.495988793
1.6220000000000012,4910710.926511589
1.6240000000000012,4909431.180791183
1.6260000000000012,4908151.2525458615
1.6280000000000012,4906871.135664943
1.6300000000000012,4905590.824040731
1.6320000000000012,4904310.311721892
1.6340000000000012,4903029.59290202
1.6360000000000012,4901748.661924599
1.6380000000000012,4900467.513283617
1.6400000000000012,4899186.1416190555
1.6420000000000012,4897904.541702987
1.6440000000000012,4896622.7084458815
1.6460000000000012,4895340.636895547
1.6480000000000012,4894058.322224306
1.6500000000000012,4892775.75973527
1.6520000000000012,4891492.944861246
1.6540000000000012,4890209.873151819
1.6560000000000012,4888926.540279668
1.6580000000000013,4887642.942039484
1.6600000000000013,4886359.074335239
1.6620000000000013,4885074.9331865655
1.6640000000000013,4883790.5147278365
1.6660000000000013,4882505.815195575
1.6680000000000013,4881220.830934975
1.6700000000000013,4879935.558399087
1.6720000000000013,4878649.994136394
1.6740000000000013,4877364.194724021
1.6760000000000013,4876078.260502031
1.6780000000000013,4874792.19037516
1.6800000000000013,4873505.978340564
1.6820000000000013,4872219.618545701
1.6840000000000013,4870933.105277646
1.6860000000000013,4869646.432978874
1.6880000000000013,4868359.596226584
1.6900000000000013,4867072.589736396
1.6920000000000013,4865785.408351565
1.6940000000000013,4864498.047049669
1.6960000000000013,4863210.50094142
1.6980000000000013,4861922.765266585
1.7000000000000013,4860634.835382316
1.7020000000000013,4859346.706768794
1.7040000000000013,4858058.386151171
1.7060000000000013,4856769.897256977
1.7080000000000013,4855481.2366163405
1.7100000000000013,4854192.398830474
1.7120000000000013,4852903.378636736
1.7140000000000013,4851614.170900188
1.7160000000000013,4850324.770619862
1.7180000000000013,4849035.1729278555
1.7200000000000013,4847745.373076846
1.7220000000000013,4846455.366456802
1.7240000000000013,4845165.148574633
1.7260000000000013,4843874.715155594
1.7280000000000013,4842584.062152418
1.7300000000000013,4841293.18543046
1.7320000000000013,4840002.08095732
1.7340000000000013,4838710.744803707
1.7360000000000013,4837419.173149884
1.7380000000000013,4836127.3622849705
1.7400000000000013,4834835.308594972
1.7420000000000013,4833543.008569163
1.7440000000000013,4832250.458799403
1.7460000000000013,4830957.671138116
1.7480000000000013,4829664.761662746
1.7500000000000013,4828371.736351321
1.7520000000000013,4827078.589611792
1.7540000000000013,4825785.315982799
1.7560000000000013,4824491.9101404175
1.7580000000000013,4823198.366896913
1.7600000000000013,4821904.681197186
1.7620000000000013,4820610.8481076965
1.7640000000000013,4819316.862821647
1.7660000000000013,4818022.720658057
1.7680000000000013,4816728.417049753
1.7700000000000014,4815433.94754945
1.7720000000000014,4814139.307828854
1.7740000000000014,4812844.493675506
1.7760000000000014,4811549.500980476
1.7780000000000014,4810254.3257447025
1.7800000000000014,4808958.964078493
1.7820000000000014,4807663.412198797
1.7840000000000014,4806367.66641718
1.7860000000000014,4805071.723146409
1.7880000000000014,4803775.578900154
1.7900000000000014,4802479.230263973
1.7920000000000014,4801182.673838409
1.7940000000000014,4799885.906261098
1.7960000000000014,4798588.924373534
1.7980000000000014,4797291.725152547
1.8000000000000014,4795994.305660283
1.8020000000000014,4794696.663045026
1.8040000000000014,4793398.794539638
1.8060000000000014,4792100.697450676
1.8080000000000014,4790802.369165296
1.8100000000000014,4789503.807151302
1.8120000000000014,4788205.008954997
1.8140000000000014,4786905.972189901
1.8160000000000014,4785606.694534915
1.8180000000000014,4784307.17375241
1.8200000000000014,4783007.43811828
1.8220000000000014,4781707.573792479
1.8240000000000014,4780407.585553081
1.8260000000000014,4779107.49523359
1.8280000000000014,4777807.301216562
1.8300000000000014,4776506.998572197
1.8320000000000014,4775206.582363101
1.8340000000000014,4773906.047768687
1.8360000000000014,4772605.390097219
1.8380000000000014,4771304.604777288
1.8400000000000014,4770003.687351386
1.8420000000000014,4768702.633468705
1.8440000000000014,4767401.438891201
1.8460000000000014,4766100.0994929755
1.8480000000000014,4764798.611248958
1.8500000000000014,4763496.970249503
1.8520000000000014,4762195.172682001
1.8540000000000014,4760893.214826388
1.8560000000000014,4759591.093072121
1.8580000000000014,4758288.803900418
1.8600000000000014,4756986.343888304
1.8620000000000014,4755683.709707818
1.8640000000000014,4754380.898115076
1.8660000000000014,4753077.905956688
1.8680000000000014,4751774.730169523
1.8700000000000014,4750471.367778289
1.8720000000000014,4749167.815887424
1.8740000000000014,4747864.071804991
1.8760000000000014,4746560.132892206
1.8780000000000014,4745255.996486201
1.8800000000000014,4743951.660002714
1.8820000000000014,4742647.1209353395
1.8840000000000015,4741342.376846565
1.8860000000000015,4740037.425381729
1.8880000000000015,4738732.264242873
1.8900000000000015,4737426.891210714
1.8920000000000015,4736121.3041292615
1.8940000000000015,4734815.50703564
1.8960000000000015,4733509.576408924
1.8980000000000015,4732203.532553532
1.9000000000000015,4730897.371548041
1.9020000000000015,4729591.089568986
1.9040000000000015,4728284.682884617
1.9060000000000015,4726978.147870829
1.9080000000000015,4725671.480993349
1.9100000000000015,4724364.678811503
1.9120000000000015,4723057.737968982
1.9140000000000015,4721750.6552087385
1.9160000000000015,4720443.427355388
1.9180000000000015,4719136.051319347
1.9200000000000015,4717828.524087955
1.9220000000000015,4716520.842740625
1.9240000000000015,4715213.004431505
1.9260000000000015,4713905.006393774
1.9280000000000015,4712596.845938601
1.9300000000000015,4711288.520672211
1.9320000000000015,4709980.028178411
1.9340000000000015,4708671.36601299
1.9360000000000015,4707362.531787813
1.9380000000000015,4706053.523169944
1.9400000000000015,4704744.337892859
1.9420000000000015,4703434.975959717
1.9440000000000015,4702125.456136422
1.9460000000000015,4700815.77763619
1.9480000000000015,4699505.937616584
1.9500000000000015,4698195.933319079
1.9520000000000015,4696885.762057788
1.9540000000000015,4695575.421241117
1.9560000000000015,4694264.908524502
1.9580000000000015,4692954.221473875
1.9600000000000015,4691643.357693396
1.9620000000000015,4690332.31486001
1.9640000000000015,4689021.090721481
1.9660000000000015,4687709.683085764
1.9680000000000015,4686398.089827506
1.9700000000000015,4685086.316421891
1.9720000000000015,4683774.4373464035
1.9740000000000015,4682462.458377177
1.9760000000000015,4681150.375873178
1.9780000000000015,4679838.186286519
1.9800000000000015,4678525.886153812
1.9820000000000015,4677213.472102777
1.9840000000000015,4675900.940852032
1.9860000000000015,4674588.289208688
1.9880000000000015,4673275.514057442
1.9900000000000015,4671962.612366606
1.9920000000000015,4670649.581187988
1.9940000000000015,4669336.41765475
1.9960000000000016,4668023.118978962
1.9980000000000016,4666709.682441684
2.0000000000000013,4665396.105398679
2.002000000000001,4664082.385272009
2.004000000000001,4662768.519565591
2.0060000000000007,4661454.505849147
2.0080000000000005,4660140.341761701
2.0100000000000002,4658826.025003169
2.012,4657511.553349151
2.014,4656196.924634455
2.0159999999999996,4654882.136749422
2.0179999999999993,4653567.187656296
2.019999999999999,4652252.07537321
2.021999999999999,4650936.79797851
2.0239999999999987,4649621.35361056
2.0259999999999985,4648305.740458055
2.0279999999999982,4646989.956766558
2.029999999999998,4645674.000838846
2.031999999999998,4644357.871133478
2.0339999999999976,4643041.566381595
2.0359999999999974,4641725.085269791
2.037999999999997,4640408.426322802
2.039999999999997,4639091.588087934
2.0419999999999967,4637774.569170121
2.0439999999999965,4636457.368215939
2.0459999999999963,4635139.98588996
2.047999999999996,4633822.468979497
2.049999999999996,4632504.845493829
2.0519999999999956,4631187.112642218
2.0539999999999954,4629869.267716444
2.055999999999995,4628551.308080531
2.057999999999995,4627233.236240853
2.0599999999999947,4625915.063406656
2.0619999999999945,4624596.787501464
2.0639999999999943,4623278.405517884
2.065999999999994,4621959.914528782
2.067999999999994,4620641.311686981
2.0699999999999936,4619322.594223291
2.0719999999999934,4618003.759436275
2.073999999999993,4616684.804698274
2.075999999999993,4615365.727455481
2.0779999999999927,4614046.525226036
2.0799999999999925,4612727.195589874
2.0819999999999923,4611407.736194893
2.083999999999992,4610088.144757091
2.085999999999992,4608768.41905883
2.0879999999999916,4607448.556938803
2.0899999999999914,4606128.556306103
2.091999999999991,4604808.41511668
2.093999999999991,4603488.131394364
2.0959999999999908,4602167.703216274
2.0979999999999905,4600847.128717254
2.0999999999999903,4599526.406090049
2.10199999999999,4598205.533583587
2.10399999999999,4596884.509493237
2.1059999999999897,4595563.332167227
2.1079999999999894,4594242.000007172
2.109999999999989,4592920.511458826
2.111999999999989,4591598.865040906
2.1139999999999888,4590277.059496209
2.1159999999999886,4588955.093471875
2.1179999999999883,4587632.965605979
2.119999999999988,4586310.674577026
2.121999999999988,4584988.2191081
2.1239999999999877,4583665.60212919
2.1259999999999875,4582342.8734229095
2.1279999999999872,4581020.04451607
2.129999999999987,4579697.11287869
2.131999999999987,4578374.076053983
2.1339999999999866,4577050.93164607
2.1359999999999864,4575727.677498187
2.137999999999986,4574404.31162322
2.139999999999986,4573080.831831309
2.1419999999999857,4571757.235975197
2.1439999999999855,4570433.521968012
2.1459999999999853,4569109.68778359
2.147999999999985,4567785.731454868
2.149999999999985,4566461.651064246
2.1519999999999846,4565137.444749764
2.1539999999999844,4563813.110705491
2.155999999999984,4562488.647179989
2.157999999999984,4561164.052466783
2.1599999999999837,4559839.3249109555
2.1619999999999835,4558514.462913632
2.1639999999999833,4557189.464922899
2.165999999999983,4555864.329426376
2.167999999999983,4554539.054958758
2.1699999999999826,4553213.640102343
2.1719999999999824,4551888.091458519
2.173999999999982,4550562.415303675
2.175999999999982,4549236.609807575
2.1779999999999817,4547910.673195034
2.1799999999999815,4546584.6037376225
2.1819999999999813,4545258.399767132
2.183999999999981,4543932.0596602205
2.185999999999981,4542605.581836194
2.1879999999999806,4541278.964772462
2.1899999999999804,4539952.207084579
2.19199999999998,4538625.307526952
2.19399999999998,4537298.26472055
2.1959999999999797,4535971.077321585
2.1979999999999795,4534643.744022898
2.1999999999999793,4533316.263560351
2.201999999999979,4531988.636135987
2.203999999999979,4530660.895839863
2.2059999999999786,4529333.063143216
2.2079999999999784,4528005.135688416
2.209999999999978,4526677.111180657
2.211999999999978,4525348.987380451
2.2139999999999778,4524020.76211004
2.2159999999999775,4522692.433253714
2.2179999999999773,4521363.998756045
2.219999999999977,4520035.4566197675
2.221999999999977,4518706.804896408
2.2239999999999767,4517378.04169238
2.2259999999999764,4516049.165169533
2.227999999999976,4514720.173536273
2.229999999999976,4513391.065060946
2.231999999999976,4512061.838056899
2.2339999999999756,4510732.490886643
2.2359999999999753,4509403.021954615
2.237999999999975,4508073.429721078
2.239999999999975,4506743.71277823
2.2419999999999747,4505413.870045095
2.2439999999999745,4504083.900144602
2.2459999999999742,4502753.801706977
2.247999999999974,4501423.573405529
2.249999999999974,4500093.213956667
2.2519999999999736,4498762.722118632
2.2539999999999734,4497432.096682604
2.255999999999973,4496101.3364790315
2.257999999999973,4494770.440378363
2.2599999999999727,4493439.407289892
2.2619999999999725,4492108.236152881
2.2639999999999723,4490776.925942837
2.265999999999972,4489445.475802906
2.267999999999972,4488113.884955326
2.2699999999999716,4486782.152478174
2.2719999999999714,4485450.277478753
2.273999999999971,4484118.259098231
2.275999999999971,4482786.096510072
2.2779999999999707,4481453.788911309
2.2799999999999705,4480121.335529303
2.2819999999999703,4478788.742008629
2.28399999999997,4477456.0574729415
2.28599999999997,4476123.286410764
2.2879999999999696,4474790.426612971
2.2899999999999694,4473457.475930163
2.291999999999969,4472124.432264965
2.293999999999969,4470791.293578089
2.2959999999999687,4469458.057895864
2.2979999999999685,4468124.723286449
2.2999999999999683,4466791.2878782265
2.301999999999968,4465457.749846652
2.303999999999968,4464124.107419186
2.3059999999999676,4462790.358875639
2.3079999999999674,4461456.502546291
2.309999999999967,4460122.536802928
2.311999999999967,4458788.46003973
2.3139999999999668,4457454.270575877
2.3159999999999665,4456119.966729528
2.3179999999999663,4454785.546999007
2.319999999999966,4453451.009985414
2.321999999999966,4452116.354331938
2.3239999999999656,4450781.578731422
2.3259999999999654,4449446.681910728
2.327999999999965,4448111.662627704
2.329999999999965,4446776.519686343
2.3319999999999648,4445441.251923455
2.3339999999999645,4444105.858213005
2.3359999999999643,4442770.337466378
2.337999999999964,4441434.688624218
2.339999999999964,4440098.910716785
2.3419999999999637,4438763.003012889
2.3439999999999634,4437426.964578027
2.3459999999999632,4436090.794750746
2.347999999999963,4434754.492908676
2.349999999999963,4433418.058185754
2.3519999999999626,4432081.4897470055
2.3539999999999623,4430744.786780877
2.355999999999962,4429407.948512347
2.357999999999962,4428070.974182305
2.3599999999999617,4426733.863066315
2.3619999999999615,4425396.620359358
2.3639999999999612,4424059.279166148
2.365999999999961,4422721.840967959
2.367999999999961,4421384.304140717
2.3699999999999606,4420046.667109909
2.3719999999999604,4418708.928337479
2.37399999999996,4417371.08632881
2.37599999999996,4416033.139626401
2.3779999999999597,4414695.086823344
2.3799999999999595,4413356.92654932
2.3819999999999593,4412018.65747445
2.383999999999959,4410680.278309365
2.385999999999959,4409341.787797073
2.3879999999999586,4408003.184725805
2.3899999999999584,4406664.467915332
2.391999999999958,4405325.638624239
2.393999999999958,4403986.702746504
2.3959999999999577,4402647.659378603
2.3979999999999575,4401308.507125067
2.3999999999999573,4399969.244633446
2.401999999999957,4398629.870592701
2.403999999999957,4397290.383724653
2.4059999999999566,4395950.782789848
2.4079999999999564,4394611.066588249
2.409999999999956,4393271.233958134
2.411999999999956,4391931.283767682
2.4139999999999557,4390591.21506502
2.4159999999999555,4389251.02699451
2.4179999999999553,4387910.718534557
2.419999999999955,4386570.288683384
2.421999999999955,4385229.736478377
2.4239999999999546,4383889.060983747
2.4259999999999544,4382548.261287364
2.427999999999954,4381207.336515251
2.429999999999954,4379866.285818578
2.4319999999999538,4378525.108377744
2.4339999999999535,4377183.803395765
2.4359999999999533,4375842.37011129
2.437999999999953,4374500.807785201
2.439999999999953,4373159.115704695
2.4419999999999527,4371817.294848141
2.4439999999999524,4370475.369252562
2.445999999999952,4369133.347471914
2.447999999999952,4367791.227989631
2.4499999999999518,4366449.009332533
2.4519999999999516,4365106.690352075
2.4539999999999513,4363764.269964315
2.455999999999951,4362421.746816078
2.457999999999951,4361079.119584489
2.4599999999999507,4359736.3869930785
2.4619999999999505,4358393.547799519
2.4639999999999502,4357050.60079769
2.46599999999995,4355707.544818507
2.46799999999995,4354364.378729062
2.4699999999999496,4353021.101426676
2.4719999999999493,4351677.711840853
2.473999999999949,4350334.20893457
2.475999999999949,4348990.591704078
2.4779999999999487,4347646.859170745
2.4799999999999485,4346303.010386343
2.4819999999999482,4344959.04443425
2.483999999999948,4343614.96042869
2.485999999999948,4342270.757612762
2.4879999999999476,4340926.435406578
2.4899999999999474,4339581.993016481
2.491999999999947,4338237.429659958
2.493999999999947,4336892.744574402
2.4959999999999467,4335547.937029588
2.4979999999999465,4334203.006334236
2.4999999999999463,4332857.955851244
2.501999999999946,4331512.788597338
2.503999999999946,4330167.503628637
2.5059999999999456,4328822.100031421
2.5079999999999454,4327476.576922567
2.509999999999945,4326130.933441933
2.511999999999945,4324785.168758036
2.5139999999999447,4323439.282068691
2.5159999999999445,4322093.272599953
2.5179999999999443,4320747.139604716
2.519999999999944,4319400.882354808
2.521999999999944,4318054.500146832
2.5239999999999436,4316708.000077829
2.5259999999999434,4315361.402454367
2.527999999999943,4314014.707352124
2.529999999999943,4312667.9133629175
2.5319999999999427,4311321.019111206
2.5339999999999425,4309974.023268202
2.5359999999999423,4308626.924539178
2.537999999999942,4307279.721666995
2.539999999999942,4305932.413431731
2.5419999999999416,4304584.998650463
2.5439999999999414,4303237.476168739
2.545999999999941,4301889.844872686
2.547999999999941,4300542.103676351
2.5499999999999408,4299194.251519891
2.5519999999999405,4297846.287381581
2.5539999999999403,4296498.210266146
2.55599999999994,4295150.019217629
2.55799999999994,4293801.713644918
2.5599999999999397,4292453.293289556
2.5619999999999394,4291104.757314087
2.563999999999939,4289756.10485992
2.565999999999939,4288407.335094972
2.5679999999999388,4287058.447208455
2.5699999999999386,4285709.440417195
2.5719999999999383,4284360.313969965
2.573999999999938,4283011.0671280855
2.575999999999938,4281661.699182448
2.5779999999999377,4280312.209442524
2.5799999999999375,4278962.597240749
2.5819999999999372,4277612.861932926
2.583999999999937,4276263.002897369
2.585999999999937,4274913.019527193
2.5879999999999366,4273562.911236044
2.5899999999999364,4272212.677458985
2.591999999999936,4270862.317651743
2.593999999999936,4269511.831283027
2.5959999999999357,4268161.217840173
2.5979999999999355,4266810.4768296955
2.5999999999999353,4265459.607777031
2.601999999999935,4264108.610219035
2.603999999999935,4262757.484042658
2.6059999999999346,4261406.244102268
2.6079999999999344,4260054.904933762
2.609999999999934,4258703.4655245785
2.611999999999934,4257351.924541198
2.6139999999999337,4256000.280682627
2.6159999999999335,4254648.532677997
2.6179999999999333,4253296.679300008
2.619999999999933,4251944.7193525415
2.621999999999933,4250592.651674169
2.6239999999999326,4249240.475138174
2.6259999999999324,4247888.188655702
2.627999999999932,4246535.791391128
2.629999999999932,4245183.282498331
2.6319999999999317,4243830.660968385
2.6339999999999315,4242477.925823299
2.6359999999999313,4241125.076108998
2.637999999999931,4239772.110899243
2.639999999999931,4238419.029296498
2.6419999999999306,4237065.830431288
2.6439999999999304,4235712.5134544335
2.64599999999993,4234359.077542429
2.64799999999993,4233005.521898141
2.6499999999999297,4231651.845749858
2.6519999999999295,4230298.048350029
2.6539999999999293,4228944.128967681
2.655999999999929,4227590.08689382
2.657999999999929,4226235.921442355
2.6599999999999286,4224881.631943548
2.6619999999999284,4223527.217749032
2.663999999999928,4222172.678232512
2.665999999999928,4220818.013056097
2.6679999999999278,4219463.222059858
2.6699999999999275,4218108.304688112
2.6719999999999273,4216753.26038557
2.673999999999927,4215398.088615951
2.675999999999927,4214042.788861313
2.6779999999999267,4212687.36061465
2.6799999999999264,4211331.803385408
2.681999999999926,4209976.116700404
2.683999999999926,4208620.300096745
2.685999999999926,4207264.353133598
2.6879999999999256,4205908.285155167
2.6899999999999253,4204552.1062835725
2.691999999999925,4203195.815584137
2.693999999999925,4201839.412024671
2.6959999999999247,4200482.894637296
2.6979999999999245,4199126.262820361
2.6999999999999242,4197769.51565033
2.701999999999924,4196412.652200154
2.703999999999924,4195055.671564819
2.7059999999999236,4193698.572864909
2.7079999999999234,4192341.3560574274
2.709999999999923,4190984.0239287675
2.711999999999923,4189626.575792575
2.7139999999999227,4188269.010660571
2.7159999999999225,4186911.3275655913
2.7179999999999223,4185553.525575577
2.719999999999922,4184195.603781758
2.721999999999922,4182837.561302208
2.7239999999999216,4181479.397280614
2.7259999999999214,4180121.1108861025
2.727999999999921,4178762.701305833
2.729999999999921,4177404.1677503134
2.7319999999999207,4176045.5094541446
2.7339999999999205,4174686.7256751754
2.7359999999999203,4173327.815687027
2.73799999999992,4171968.778790584
2.73999999999992,4170609.6143021006
2.7419999999999196,4169250.3215508363
2.7439999999999194,4167890.8998922063
2.745999999999919,4166531.348696224
2.747999999999919,4165171.6673511937
2.7499999999999187,4163811.8552640495
2.7519999999999185,4162451.9118533484
2.7539999999999183,4161091.836554597
2.755999999999918,4159731.6288210186
2.757999999999918,4158371.288122706
2.7599999999999176,4157010.81394354
2.7619999999999174,4155650.2057378273
2.763999999999917,4154289.4628330907
2.765999999999917,4152928.585059954
2.7679999999999167,4151567.5719851097
2.7699999999999165,4150206.430456588
2.7719999999999163,4148845.1690093167
2.773999999999916,4147483.7870840644
2.775999999999916,4146122.284198771
2.7779999999999156,4144760.6594097633
2.7799999999999154,4143398.9117744006
2.781999999999915,4142037.0403712103
2.783999999999915,4140675.0443099923
2.7859999999999148,4139312.922719769
2.7879999999999145,4137950.6747463
2.7899999999999143,4136588.299564874
2.791999999999914,4135225.796368966
2.793999999999914,4133863.16437375
2.7959999999999137,4132500.4028163436
2.7979999999999134,4131137.510948844
2.7999999999999132,4129774.48804949
2.801999999999913,4128411.33341102
2.803999999999913,4127048.046338901
2.8059999999999126,4125684.6261635227
2.8079999999999123,4124321.072228
2.809999999999912,4122957.385359767
2.811999999999912,4121593.5669314945
2.8139999999999117,4120229.6162343607
2.8159999999999115,4118865.5325031416
2.8179999999999112,4117501.3149927882
2.819999999999911,4116136.962979205
2.821999999999911,4114772.4757584245
2.8239999999999106,4113407.8526393953
2.8259999999999104,4112043.0929490277
2.82799999999991,4110678.196032896
2.82999999999991,4109313.1612543995
2.8319999999999097,4107947.98820429
2.8339999999999095,4106582.6765636597
2.8359999999999093,4105217.2257418185
2.837999999999909,4103851.6351483245
2.839999999999909,4102485.90421367
2.8419999999999086,4101120.032378231
2.8439999999999084,4099754.01909583
2.845999999999908,4098387.8638341343
2.847999999999908,4097021.566067917
2.8499999999999077,4095655.1252842313
2.8519999999999075,4094288.546274641
2.8539999999999073,4092921.83598392
2.855999999999907,4091554.9936785763
2.857999999999907,4090188.018368129
2.8599999999999066,4088820.90908751
2.8619999999999064,4087453.6648974074
2.863999999999906,4086086.2848832454
2.865999999999906,4084718.7681479026
2.8679999999999057,4083351.1138165556
2.8699999999999055,4081983.3210372413
2.8719999999999053,4080615.3889799016
2.873999999999905,4079247.316829166
2.875999999999905,4077879.1037891847
2.8779999999999046,4076510.7490842454
2.8799999999999044,4075142.251957872
2.881999999999904,4073773.611723095
2.883999999999904,4072404.8282802235
2.8859999999999038,4071035.9010836002
2.8879999999999035,4069666.829440155
2.8899999999999033,4068297.6126659904
2.891999999999903,4066928.2500925814
2.893999999999903,4065558.7410674966
2.8959999999999027,4064189.084953258
2.8979999999999024,4062819.281330683
2.899999999999902,4061449.3299055463
2.901999999999902,4060079.230081369
2.9039999999999018,4058708.9812611174
2.9059999999999016,4057338.5828600433
2.9079999999999013,4055968.0343924435
2.909999999999901,4054597.336960556
2.911999999999901,4053226.490743254
2.9139999999999007,4051855.4950486617
2.9159999999999004,4050484.3492048155
2.9179999999999002,4049113.0525297187
2.9199999999999,4047741.6043660124
2.9219999999999,4046370.0040737404
2.9239999999998996,4044998.2510264404
2.9259999999998993,4043626.344603256
2.927999999999899,4042254.284193826
2.929999999999899,4040882.0691992273
2.9319999999998987,4039509.699025602
2.9339999999998985,4038137.1777353636
2.9359999999998982,4036764.5098445746
2.937999999999898,4035391.694396274
2.939999999999898,4034018.7303733868
2.9419999999998976,4032645.6167766033
2.9439999999998974,4031272.3526291917
2.945999999999897,4029898.9369783397
2.947999999999897,4028525.36889283
2.9499999999998967,4027151.647456016
2.9519999999998965,4025777.7717708545
2.9539999999998963,4024403.740960192
2.955999999999896,4023029.554165749
2.957999999999896,4021655.2105467734
2.9599999999998956,4020280.709273014
2.9619999999998954,4018906.0495569734
2.963999999999895,4017531.2309967987
2.965999999999895,4016156.2529499857
2.9679999999998947,4014781.1146370503
2.9699999999998945,4013405.815298057
2.9719999999998943,4012030.354174805
2.973999999999894,4010654.73052577
2.975999999999894,4009278.9436165206
2.9779999999998936,4007902.9927291637
2.9799999999998934,4006526.877151083
2.981999999999893,4005150.596172606
2.983999999999893,4003774.149099157
2.9859999999998927,4002397.535240694
2.9879999999998925,4001020.7539150985
2.9899999999998923,3999643.804448487
2.991999999999892,3998266.686391294
2.993999999999892,3996889.3997328407
2.9959999999998916,3995511.9438643004
2.9979999999998914,3994134.3181357607
2.999999999999891,3992756.521903022
3.001999999999891,3991378.554520864
3.0039999999998908,3990000.4153480367
3.0059999999998905,3988622.1041279617
3.0079999999998903,3987243.62148503
3.00999999999989,3985864.966767365
3.01199999999989,3984486.1392253414
3.0139999999998897,3983107.138494081
3.0159999999998894,3981727.968902042
3.017999999999889,3980348.631146229
3.019999999999889,3978969.124077398
3.0219999999998888,3977589.446567996
3.0239999999998886,3976209.5975126442
3.0259999999998883,3974829.5758421496
3.027999999999888,3973449.3808802282
3.029999999999888,3972069.01177297
3.0319999999998877,3970688.467480594
3.0339999999998875,3969307.74698029
3.0359999999998872,3967926.8492596406
3.037999999999887,3966545.773325628
3.039999999999887,3965164.518193961
3.0419999999998866,3963783.082892106
3.0439999999998864,3962401.4664537203
3.045999999999886,3961019.6679294235
3.047999999999886,3959637.6863763053
3.0499999999998857,3958255.520858818
3.0519999999998855,3956873.170449907
3.0539999999998853,3955490.634224504
3.055999999999885,3954107.9112640517
3.057999999999885,3952725.000662576
3.0599999999998846,3951341.901508647
3.0619999999998844,3949958.6128994715
3.063999999999884,3948575.1339368625
3.065999999999884,3947191.4637199533
3.0679999999998837,3945807.6013492816
3.0699999999998835,3944423.545927344
3.0719999999998833,3943039.2965522297
3.073999999999883,3941654.8523277966
3.075999999999883,3940270.212352803
3.0779999999998826,3938885.3757240716
3.0799999999998824,3937500.341531159
3.081999999999882,3936115.1088668318
3.083999999999882,3934729.6768163396
3.0859999999998817,3933344.0444605052
3.0879999999998815,3931958.210875936
3.0899999999998813,3930572.175248558
3.091999999999881,3929185.937133256
3.093999999999881,3927799.49577655
3.0959999999998806,3926412.8531693514
3.0979999999998804,3925026.009639416
3.09999999999988,3923638.9639001167
3.10199999999988,3922251.715700182
3.1039999999998797,3920864.26447124
3.1059999999998795,3919476.6088325
3.1079999999998793,3918088.7473745076
3.109999999999879,3916700.6786915124
3.111999999999879,3915312.4013920147
3.1139999999998786,3913923.9140875153
3.1159999999998784,3912535.2154002227
3.117999999999878,3911146.3039511344
3.119999999999878,3909757.1783568664
3.1219999999998778,3908367.8372405786
3.1239999999998775,3906978.2792260903
3.1259999999998773,3905588.5029297727
3.127999999999877,3904198.5069615124
3.129999999999877,3902808.28992559
3.1319999999998767,3901417.850419159
3.1339999999998764,3900027.1870302428
3.135999999999876,3898636.2983301794
3.137999999999876,3897245.18288281
3.139999999999876,3895853.839233043
3.1419999999998756,3894462.265909116
3.1439999999998753,3893070.461421878
3.145999999999875,3891678.4242575155
3.147999999999875,3890286.1528864386
3.1499999999998747,3888893.6457515713
3.1519999999998745,3887500.901340005
3.1539999999998742,3886107.9186090017
3.155999999999874,3884714.695937807
3.157999999999874,3883321.2314800853
3.1599999999998736,3881927.5234404653
3.1619999999998734,3880533.570044286
3.163999999999873,3879139.369509019
3.165999999999873,3877744.920013167
3.1679999999998727,3876350.219691069
3.1699999999998725,3874955.2666292177
3.1719999999998723,3873560.0589175047
3.173999999999872,3872164.595942655
3.175999999999872,3870768.876329096
3.1779999999998716,3869372.897608979
3.1799999999998714,3867976.6572815017
3.181999999999871,3866580.152797132
3.183999999999871,3865183.38156063
3.1859999999998707,3863786.3409147337
3.1879999999998705,3862389.028142544
3.1899999999998703,3860991.440450421
3.19199999999987,3859593.5750859464
3.19399999999987,3858195.429342679
3.1959999999998696,3856797.0001034373
3.1979999999998694,3855398.2841355847
3.199999999999869,3853999.278095148
3.201999999999869,3852599.9785082587
3.2039999999998687,3851200.3817654965
3.2059999999998685,3849800.4841018273
3.2079999999998683,3848400.281578221
3.209999999999868,3846999.7700613122
3.211999999999868,3845598.945522656
3.2139999999998676,3844197.804444405
3.2159999999998674,3842796.342416906
3.217999999999867,3841394.5542779313
3.219999999999867,3839992.4345106655
3.2219999999998667,3838589.977198795
3.2239999999998665,3837187.1759709283
3.2259999999998663,3835784.0239226613
3.227999999999866,3834380.513531173
3.229999999999866,3832976.63653779
3.2319999999998656,3831572.383814409
3.2339999999998654,3830167.745166389
3.235999999999865,3828762.7090924922
3.237999999999865,3827357.2624393273
3.2399999999998648,3825951.389916266
3.2419999999998645,3824545.0733862603
3.2439999999998643,3823138.2907584487
3.245999999999864,3821731.014277052
3.247999999999864,3820323.20679211
3.2499999999998637,3818914.8145705303
3.2519999999998634,3817505.7497086264
3.2539999999998632,3815616.4760930534
3.255999999999863,3811211.6567138485
3.257999999999863,3806691.5455188113
3.2599999999998626,3802085.743282172
3.2619999999998623,3797423.493695423
3.263999999999862,3792727.3563263314
3.265999999999862,3788012.980155531
3.2679999999998617,3783290.5933065596
3.2699999999998615,3778566.499631629
3.2719999999998612,3773844.494621328
3.273999999999861,3769126.8022726923
3.275999999999861,3764414.669993301
3.2779999999998606,3759708.776094071
3.2799999999998604,3755009.476373339
3.28199999999986,3750316.948772675
3.28399999999986,3745631.275823749
3.2859999999998597,3740952.4903680817
3.2879999999998595,3736280.600206336
3.2899999999998593,3731615.6010443303
3.291999999999859,3726957.483040258
3.293999999999859,3722306.2339846026
3.2959999999998586,3717661.8408130864
3.2979999999998584,3713024.290226
3.299999999999858,3708393.5689599686
3.301999999999858,3703769.6638696524
3.3039999999998577,3699152.561920963
3.3059999999998575,3694542.2501452505
3.3079999999998573,3689938.715686695
3.309999999999857,3685341.945745318
3.311999999999857,3680751.927595743
3.3139999999998566,3676168.648515944
3.3159999999998564,3671592.0958536346
3.317999999999856,3667022.2569840467
3.319999999999856,3662459.1193118305
3.3219999999998557,3657902.6702722707
3.3239999999998555,3653352.8973593125
3.3259999999998553,3648809.7880602423
3.327999999999855,3644273.329925961
3.329999999999855,3639743.510531037
3.3319999999998546,3635220.31747695
3.3339999999998544,3630703.7383941314
3.335999999999854,3626193.760970464
3.337999999999854,3621690.372886168
3.3399999999998538,3617193.5618842617
3.3419999999998535,3612703.315730672
3.3439999999998533,3608219.6222175285
3.345999999999853,3603742.4691652134
3.347999999999853,3599271.8444509204
3.3499999999998527,3594807.7359434734
3.3519999999998524,3590350.1315738703
3.353999999999852,3585899.019267964
3.355999999999852,3581454.3870156743
3.3579999999998518,3577016.2228302103
3.3599999999998515,3572584.5147508397
3.3619999999998513,3568159.250844617
3.363999999999851,3563740.4192348467
3.365999999999851,3559328.008035683
3.3679999999998507,3554922.0054435492
3.3699999999998504,3550522.3996268935
3.3719999999998502,3546129.178783025
3.37399999999985,3541742.331173526
3.37599999999985,3537361.8450829294
3.3779999999998496,3532987.708821225
3.3799999999998493,3528619.9107254436
3.381999999999849,3524258.439188101
3.383999999999849,3519903.2825916437
3.3859999999998487,3515554.429351628
3.3879999999998485,3511211.867942797
3.3899999999998482,3506875.586859462
3.391999999999848,3502545.5745915594
3.393999999999848,3498221.819693064
3.3959999999998476,3493904.310740449
3.3979999999998474,3489593.0363350194
3.399999999999847,3485287.985104372
3.401999999999847,3480989.145703285
3.4039999999998467,3476696.5068142125
3.4059999999998465,3472410.057147547
3.4079999999998463,3468129.7854417306
3.409999999999846,3463855.6804632824
3.411999999999846,3459587.7310343715
3.4139999999998456,3455325.9259664826
3.4159999999998454,3451070.2541033113
3.417999999999845,3446820.7043467355
3.419999999999845,3442577.2655894263
3.4219999999998447,3438339.926784651
3.4239999999998445,3434108.6768779284
3.4259999999998443,3429883.5048762406
3.427999999999844,3425664.3997792746
3.429999999999844,3421451.350648388
3.4319999999998436,3417244.346565339
3.4339999999998434,3413043.3766071554
3.435999999999843,3408848.429914151
3.437999999999843,3404659.4956479277
3.4399999999998427,3400476.5629658177
3.4419999999998425,3396299.621088619
3.4439999999998423,3392128.6592584504
3.445999999999842,3387963.6667407327
3.447999999999842,3383804.6327978084
3.4499999999998416,3379651.5467561367
3.4519999999998414,3375504.397963802
3.453999999999841,3371363.175764572
3.455999999999841,3367227.8695654883
3.4579999999998408,3363098.4687946085
3.4599999999998405,3358974.9628752223
3.4619999999998403,3354857.3412935575
3.46399999999984,3350745.593556597
3.46599999999984,3346639.7091663084
3.4679999999998397,3342539.677687404
3.4699999999998394,3338445.488677439
3.471999999999839,3334357.131755259
3.473999999999839,3330274.596531612
3.4759999999998388,3326197.872650169
3.4779999999998386,3322126.949812577
3.4799999999998383,3318061.8177101826
3.481999999999838,3314002.466065848
3.483999999999838,3309948.8846594985
3.4859999999998377,3305901.0632601376
3.4879999999998375,3301858.991667947
3.4899999999998372,3297822.6597121414
3.491999999999837,3293792.0572495423
3.493999999999837,3289767.1741638877
3.4959999999998366,3285748.0003650393
3.4979999999998364,3281734.525761016
3.499999999999836,3277726.7403242225
3.501999999999836,3273724.634048441
3.5039999999998357,3269728.1969224866
3.5059999999998355,3265737.4189975825
3.5079999999998353,3261752.29031741
3.509999999999835,3257772.800958654
3.511999999999835,3253798.94102809
3.5139999999998346,3249830.7006884306
3.5159999999998344,3245868.0700630303
3.517999999999834,3241911.039344338
3.519999999999834,3237959.5987492213
3.5219999999998337,3234013.7385191782
3.5239999999998335,3230073.44889286
3.5259999999998333,3226138.72017251
3.527999999999833,3222209.542653739
3.529999999999833,3218285.906665616
3.5319999999998326,3214367.8025676496
3.5339999999998324,3210455.2207369697
3.535999999999832,3206548.151593426
3.537999999999832,3202646.585581654
3.5399999999998317,3198750.513143663
3.5419999999998315,3194859.924785129
3.5439999999998313,3190974.811005424
3.545999999999831,3187095.162337625
3.547999999999831,3183220.9693455477
3.5499999999998306,3179352.2225943017
3.5519999999998304,3175488.912715028
3.55399999999983,3171631.030334307
3.55599999999983,3167778.5661363807
3.5579999999998297,3163931.5108052865
3.5599999999998295,3160089.8550578794
3.5619999999998293,3156253.589614026
3.563999999999829,3152422.705260673
3.565999999999829,3148597.192781393
3.5679999999998286,3144777.0429954003
3.5699999999998284,3140962.246754272
3.571999999999828,3137152.794939875
3.573999999999828,3133348.678463142
3.5759999999998278,3129549.88823614
3.5779999999998275,3125756.415209656
3.5799999999998273,3121968.250369068
3.581999999999827,3118185.3847046345
3.583999999999827,3114407.8092743987
3.5859999999998267,3110635.515135862
3.5879999999998264,3106868.493383202
3.589999999999826,3103106.73511766
3.591999999999826,3099350.2315100185
3.593999999999826,3095598.973731223
3.5959999999998256,3091852.952990534
3.5979999999998253,3088112.1605055532
3.599999999999825,3084376.587569576
3.601999999999825,3080646.225468277
3.6039999999998247,3076921.0655031945
3.6059999999998245,3073201.099049132
3.6079999999998242,3069486.3174849977
3.609999999999824,3065776.71223074
3.611999999999824,3062072.2747175805
3.6139999999998236,3058372.996422482
3.6159999999998234,3054678.8688631956
3.617999999999823,3050989.8835690287
3.619999999999823,3047306.032141418
3.6219999999998227,3043627.3061611108
3.6239999999998225,3039953.697286987
3.6259999999998223,3036285.197187705
3.627999999999822,3032621.797551373
3.629999999999822,3028963.4901174023
3.6319999999998216,3025310.2666705605
3.6339999999998214,3021662.1190372207
3.635999999999821,3018019.039057908
3.637999999999821,3014381.0185988494
3.6399999999998207,3010748.04957357
3.6419999999998205,3007120.12394716
3.6439999999998203,3003497.2337034754
3.64599999999982,2999879.3708772836
3.64799999999982,2996266.527525025
3.6499999999998196,2992658.6957558477
3.6519999999998194,2989055.867702182
3.653999999999819,2985458.0355260433
3.655999999999819,2981865.1914709853
3.6579999999998187,2978277.327774502
3.6599999999998185,2974694.4367331327
3.6619999999998183,2971116.5106952633
3.663999999999818,2967543.5420355373
3.665999999999818,2963975.5231558634
3.6679999999998176,2960412.446515713
3.6699999999998174,2956854.3046027524
3.671999999999817,2953301.0899375905
3.673999999999817,2949752.795098934
3.6759999999998167,2946209.412694338
3.6779999999998165,2942670.935386282
3.6799999999998163,2939137.3558425256
3.681999999999816,2935608.6667922563
3.683999999999816,2932084.861017043
3.6859999999998156,2928565.931323728
3.6879999999998154,2925051.8705487046
3.689999999999815,2921542.671560463
3.691999999999815,2918038.327260899
3.6939999999998148,2914538.830605703
3.6959999999998145,2911044.174576075
3.6979999999998143,2907554.35218101
3.699999999999814,2904069.3564581065
3.701999999999814,2900589.180492905
3.7039999999998137,2897113.817372643
3.7059999999998134,2893643.26023299
3.7079999999998132,2890177.5022297446
3.709999999999813,2886716.536539455
3.711999999999813,2883260.356380594
3.7139999999998126,2879808.954956906
3.7159999999998123,2876362.3255157974
3.717999999999812,2872920.4612989184
3.719999999999812,2869483.3555805283
3.7219999999998117,2866051.0016438095
3.7239999999998115,2862623.3927788585
3.7259999999998112,2859200.5223044017
3.727999999999811,2855782.3835120494
3.729999999999811,2852368.9696987695
3.7319999999998106,2848960.2741794074
3.7339999999998104,2845556.2902623336
3.73599999999981,2842157.0112338266
3.73799999999981,2838762.43039307
3.7399999999998097,2835372.5410280293
3.7419999999998095,2831987.336428903
3.7439999999998093,2828606.8098526807
3.745999999999809,2825230.954557816
3.747999999999809,2821859.763768768
3.7499999999998086,2818493.230709356
3.7519999999998084,2815131.3485947875
3.753999999999808,2811774.1105995607
3.755999999999808,2808421.5098914136
3.7579999999998077,2805073.5395985586
3.7599999999998075,2801730.1928422125
3.7619999999998073,2798391.4627302387
3.763999999999807,2795057.3423402053
3.765999999999807,2791727.8247092585
3.7679999999998066,2788402.9028786863
3.7699999999998064,2785082.5698462822
3.771999999999806,2781766.8185993657
3.773999999999806,2778455.642110658
3.7759999999998057,2775149.0333115044
3.7779999999998055,2771846.985137155
3.7799999999998053,2768549.490481853
3.781999999999805,2765256.5422323723
3.783999999999805,2761968.13325307
3.7859999999998046,2758684.256401089
3.7879999999998044,2755404.9045242346
3.789999999999804,2752130.0704365456
3.791999999999804,2748859.746963168
3.7939999999998038,2745593.9269095045
3.7959999999998035,2742332.6030661417
3.7979999999998033,2739075.768224576
3.799999999999803,2735823.415163745
3.801999999999803,2732576.033998679
3.8039999999998027,2729333.4406337463
3.8059999999998024,2726095.5166525007
3.807999999999802,2722862.186634415
3.809999999999802,2719633.4023653413
3.8119999999998018,2716409.1324015167
3.8139999999998015,2713189.3554204437
3.8159999999998013,2709974.0560994614
3.817999999999801,2706763.22261793
3.819999999999801,2703556.8451699046
3.8219999999998007,2700354.9150978397
3.8239999999998004,2697157.424390708
3.8259999999998002,2693964.365403193
3.8279999999998,2690775.7306910674
3.8299999999998,2687591.5129282135
3.8319999999997996,2684411.704856305
3.8339999999997993,2681236.299257444
3.835999999999799,2678065.288942883
3.837999999999799,2674898.666743986
3.8399999999997987,2671736.425510739
3.8419999999997985,2668578.5581094082
3.8439999999997982,2665425.0574198174
3.845999999999798,2662275.916337012
3.847999999999798,2659131.127770626
3.8499999999997976,2655990.684643124
3.8519999999997974,2652854.579890217
3.853999999999797,2649722.8064640514
3.855999999999797,2646595.357329205
3.8579999999997967,2643472.2254632553
3.8599999999997965,2640353.40385857
3.8619999999997963,2637238.885521828
3.863999999999796,2634128.663472393
3.865999999999796,2631022.730744049
3.8679999999997956,2627921.080383367
3.8699999999997954,2624823.705451294
3.871999999999795,2621730.5990228467
3.873999999999795,2618641.754185621
3.8759999999997947,2615557.1640401226
3.8779999999997945,2612476.821702469
3.8799999999997943,2609400.720299835
3.881999999999794,2606328.852975018
3.883999999999794,2603261.212883061
3.8859999999997936,2600197.7931917543
3.8879999999997934,2597138.587082931
3.889999999999793,2594083.587752182
3.891999999999793,2591032.7884075297
3.8939999999997927,2587986.1822706987
3.8959999999997925,2584943.762575919
3.8979999999997923,2581905.5225711917
3.899999999999792,2578871.455516912
3.901999999999792,2575841.5546872104
3.9039999999997916,2572815.8133696
3.9059999999997914,2569794.2248637793
3.907999999999791,2566776.782483001
3.909999999999791,2563763.4795527575
3.9119999999997908,2560754.309411971
3.9139999999997905,2557749.2654118054
3.9159999999997903,2554748.340916903
3.91799999999979,2551751.5293040946
3.91999999999979,2548758.8239635495
3.9219999999997897,2545770.2182975984
3.9239999999997894,2542785.7057218384
3.925999999999789,2539805.2796648876
3.927999999999789,2536828.9335672874
3.9299999999997888,2533856.6608818104
3.9319999999997886,2530888.4550752314
3.9339999999997883,2527924.309625281
3.935999999999788,2524964.2180228806
3.937999999999788,2522008.173771756
3.9399999999997877,2519056.170387611
3.9419999999997875,2516108.201399004
3.9439999999997872,2513164.26034634
3.945999999999787,2510224.340782893
3.947999999999787,2507288.436273785
3.9499999999997866,2504356.5403969116
3.9519999999997864,2501428.6467426317
3.953999999999786,2498504.7489123563
3.955999999999786,2495584.8405210427
3.9579999999997857,2492668.9151952355
3.9599999999997855,2489756.9665733073
3.9619999999997852,2486848.98830627
3.963999999999785,2483944.9740574514
3.965999999999785,2481044.9175017574
3.9679999999997846,2478148.812325867
3.9699999999997844,2475256.652228931
3.971999999999784,2472368.430921769
3.973999999999784,2469484.1421275334
3.9759999999997837,2466603.7795815277
3.9779999999997835,2463727.337030515
3.9799999999997833,2460854.808232882
3.981999999999783,2457986.186959275
3.983999999999783,2455121.466992333
3.9859999999997826,2452260.6421261206
3.9879999999997824,2449403.7061662595
3.989999999999782,2446550.6529304693
3.991999999999782,2443701.476247872
3.9939999999997817,2440856.169959645
3.9959999999997815,2438014.7279187255
3.9979999999997813,2435177.143989366
3.999999999999781,2432343.4120472255
4.001999999999781,2429513.5259798556
4.003999999999781,2426687.4796860972
4.005999999999781,2423865.267076632
4.007999999999781,2421046.882073322
4.00999999999978,2418232.3186097518
4.01199999999978,2415421.5706311273
4.01399999999978,2412614.6320933974
4.01599999999978,2409811.496964266
4.0179999999997795,2407012.1592229926
4.019999999999779,2404216.6128599406
4.021999999999779,2401424.8518769387
4.023999999999779,2398636.8702869583
4.025999999999779,2395852.662114363
4.027999999999778,2393072.221394617
4.029999999999778,2390295.542174276
4.031999999999778,2387522.6185112884
4.033999999999778,2384753.4444748866
4.0359999999997775,2381988.0141449897
4.037999999999777,2379226.321611398
4.039999999999777,2376468.360977686
4.041999999999777,2373714.1263589486
4.043999999999777,2370963.6118792607
4.045999999999776,2368216.811673834
4.047999999999776,2365473.719888864
4.049999999999776,2362734.330681721
4.051999999999776,2359998.638220922
4.053999999999776,2357266.6366857267
4.055999999999775,2354538.3202662324
4.057999999999775,2351813.683163529
4.059999999999775,2349092.7195896306
4.061999999999775,2346375.4237671373
4.0639999999997745,2343661.789929579
4.065999999999774,2340951.812321337
4.067999999999774,2338245.4851974244
4.069999999999774,2335542.8028236837
4.071999999999774,2332843.7594765467
4.073999999999773,2330148.349443144
4.075999999999773,2327456.567021278
4.077999999999773,2324768.4065193525
4.079999999999773,2322083.8622564683
4.0819999999997725,2319402.928562226
4.083999999999772,2316725.599776785
4.085999999999772,2314051.8702509
4.087999999999772,2311381.7343458217
4.089999999999772,2308715.186433291
4.091999999999771,2306052.220895514
4.093999999999771,2303392.8321251348
4.095999999999771,2300737.014525231
4.097999999999771,2298084.762509264
4.0999999999997705,2295436.0705010993
4.10199999999977,2292790.93293496
4.10399999999977,2290149.344255377
4.10599999999977,2287511.298917216
4.10799999999977,2284876.7913856064
4.109999999999769,2282245.816135964
4.111999999999769,2279618.3676539552
4.113999999999769,2276994.44043546
4.115999999999769,2274374.0289865625
4.1179999999997685,2271757.127823474
4.119999999999768,2269143.731472638
4.121999999999768,2266533.8344706255
4.123999999999768,2263927.4313640725
4.125999999999768,2261324.516709759
4.127999999999767,2258725.085074458
4.129999999999767,2256129.131035026
4.131999999999767,2253536.6491783946
4.133999999999767,2250947.634101435
4.1359999999997665,2248362.0804110537
4.137999999999766,2245779.982724017
4.139999999999766,2243201.3356671077
4.141999999999766,2240626.1338771
4.143999999999766,2238054.372000524
4.145999999999765,2235486.044693857
4.147999999999765,2232921.1466233437
4.149999999999765,2230359.672465143
4.151999999999765,2227801.616905285
4.1539999999997645,2225246.9746394427
4.155999999999764,2222695.7403731663
4.157999999999764,2220147.908821797
4.159999999999764,2217603.4747102554
4.161999999999764,2215062.4327732753
4.1639999999997634,2212524.777755147
4.165999999999763,2209990.504409928
4.167999999999763,2207459.6075013727
4.169999999999763,2204932.0818027165
4.171999999999763,2202407.9220969137
4.173999999999762,2199887.1231763395
4.175999999999762,2197369.679843241
4.177999999999762,2194855.5869089984
4.179999999999762,2192344.839194902
4.1819999999997615,2189837.4315315
4.183999999999761,2187333.358758949
4.185999999999761,2184832.6157266875
4.187999999999761,2182335.197293709
4.189999999999761,2179841.0983284963
4.19199999999976,2177350.3137087603
4.19399999999976,2174862.8383216956
4.19599999999976,2172378.6670639357
4.19799999999976,2169897.794841259
4.1999999999997595,2167420.2165688714
4.201999999999759,2164945.9271710822
4.203999999999759,2162474.921581659
4.205999999999759,2160007.1947437143
4.207999999999759,2157542.741609643
4.209999999999758,2155081.55714079
4.211999999999758,2152623.63630787
4.213999999999758,2150168.974090566
4.215999999999758,2147717.565477865
4.2179999999997575,2145269.4054680113
4.219999999999757,2142824.489068102
4.221999999999757,2140382.81129452
4.223999999999757,2137944.367172807
4.225999999999757,2135509.1517376
4.227999999999756,2133077.16003232
4.229999999999756,2130648.3871092307
4.231999999999756,2128222.8280301276
4.233999999999756,2125800.477865475
4.2359999999997555,2123381.331694857
4.237999999999755,2120965.384606527
4.239999999999755,2118552.6316978345
4.241999999999755,2116143.068075137
4.243999999999755,2113736.6888534054
4.245999999999754,2111333.4891570173
4.247999999999754,2108933.4641184565
4.249999999999754,2106536.608879646
4.251999999999754,2104142.9185909643
4.2539999999997535,2101752.3884117696
4.255999999999753,2099365.01350988
4.257999999999753,2096980.7890624735
4.259999999999753,2094599.710255038
4.261999999999753,2092221.772281527
4.263999999999752,2089846.9703452233
4.265999999999752,2087475.2996576698
4.267999999999752,2085106.7554388521
4.269999999999752,2082741.3329180249
4.2719999999997516,2080379.0273326582
4.273999999999751,2078019.8339285804
4.275999999999751,2075663.7479608548
4.277999999999751,2073310.7646926816
4.279999999999751,2070960.8793959802
4.2819999999997505,2068614.0873508672
4.28399999999975,2066270.3838466124
4.28599999999975,2063929.764180552
4.28799999999975,2061592.223658201
4.28999999999975,2059257.7575941973
4.291999999999749,2056926.361311198
4.293999999999749,2054598.0301400083
4.295999999999749,2052272.7594205535
4.297999999999749,2049950.5445006518
4.2999999999997485,2047631.3807366989
4.301999999999748,2045315.2634935079
4.303999999999748,2043002.188143843
4.305999999999748,2040692.1500690035
4.307999999999748,2038385.1446586999
4.309999999999747,2036081.167310578
4.311999999999747,2033780.2134307465
4.313999999999747,2031482.2784336896
4.315999999999747,2029187.357742178
4.3179999999997465,2026895.446786798
4.319999999999746,2024606.541006532
4.321999999999746,2022320.635848654
4.323999999999746,2020037.7267686594
4.325999999999746,2017757.8092297518
4.327999999999745,2015480.8787034897
4.329999999999745,2013206.9306696511
4.331999999999745,2010935.9606157185
4.333999999999745,2008667.964037931
4.3359999999997445,2006402.9364395782
4.337999999999744,2004140.873332821
4.339999999999744,2001881.7702378074
4.341999999999744,1999625.6226822573
4.343999999999744,1997372.4262020458
4.345999999999743,1995122.1763406785
4.347999999999743,1992874.8686498746
4.349999999999743,1990630.4986898873
4.351999999999743,1988389.0620278204
4.3539999999997425,1986150.554239484
4.355999999999742,1983914.9709080914
4.357999999999742,1981682.3076249117
4.359999999999742,1979452.5599891597
4.361999999999742,1977225.7236079301
4.363999999999741,1975001.7940956953
4.365999999999741,1972780.7670749603
4.367999999999741,1970562.6381761201
4.369999999999741,1968347.4030374086
4.3719999999997405,1966135.0573043546
4.37399999999974,1963925.596630449
4.37599999999974,1961719.0166770327
4.37799999999974,1959515.313113203
4.37999999999974,1957314.4816152838
4.381999999999739,1955116.51786751
4.383999999999739,1952921.4175618899
4.385999999999739,1950729.1763981334
4.387999999999739,1948539.7900831038
4.3899999999997386,1946353.2543488918
4.391999999999738,1944169.564890252
4.393999999999738,1941988.7174419896
4.395999999999738,1939810.7077443993
4.397999999999738,1937635.531543598
4.3999999999997375,1935463.1845927862
4.401999999999737,1933293.6626524206
4.403999999999737,1931126.9614898
4.405999999999737,1928963.0768803868
4.407999999999737,1926802.0046064386
4.409999999999736,1924643.740457811
4.411999999999736,1922488.28023137
4.413999999999736,1920335.619732163
4.415999999999736,1918185.7547720422
4.4179999999997355,1916038.6811704212
4.419999999999735,1913894.3947541686
4.421999999999735,1911752.8913575415
4.423999999999735,1909614.1668215985
4.425999999999735,1907478.217005553
4.427999999999734,1905345.0377488572
4.429999999999734,1903214.6249178313
4.431999999999734,1901086.974384821
4.433999999999734,1898962.0820281762
4.4359999999997335,1896839.9437333064
4.437999999999733,1894720.5553927787
4.439999999999733,1892603.9129063142
4.441999999999733,1890490.0121802613
4.443999999999733,1888378.8491289117
4.445999999999732,1886270.4196730664
4.447999999999732,1884164.7197408515
4.449999999999732,1882061.745267598
4.451999999999732,1879961.4921953005
4.4539999999997315,1877863.956473311
4.455999999999731,1875769.1340587588
4.457999999999731,1873677.0209151036
4.459999999999731,1871587.6130124908
4.461999999999731,1869500.906328982
4.46399999999973,1867416.89684904
4.46599999999973,1865335.5805643408
4.46799999999973,1863256.9534736744
4.46999999999973,1861181.01158286
4.4719999999997295,1859107.7509046956
4.473999999999729,1857037.167458419
4.475999999999729,1854969.2572709972
4.477999999999729,1852904.0163756432
4.479999999999729,1850841.4408126893
4.481999999999728,1848781.5266289143
4.483999999999728,1846724.2698788159
4.485999999999728,1844669.666623106
4.487999999999728,1842617.7129295724
4.4899999999997275,1840568.4048729267
4.491999999999727,1838521.7385347523
4.493999999999727,1836477.710003455
4.495999999999727,1834436.3153737127
4.497999999999727,1832397.5507477778
4.499999999999726,1830361.41223402
4.501999999999726,1828327.8959477204
4.503999999999726,1826296.9980109967
4.505999999999726,1824268.7145522067
4.507999999999726,1822243.0417072328
4.509999999999725,1820219.9756179869
4.511999999999725,1818199.5124332716
4.513999999999725,1816181.6483086522
4.515999999999725,1814166.3794063989
4.5179999999997245,1812153.7018954214
4.519999999999724,1810143.6119507265
4.521999999999724,1808136.1057547375
4.523999999999724,1806131.1794958003
4.525999999999724,1804128.8293690537
4.527999999999723,1802129.0515762786
4.529999999999723,1800131.8423253337
4.531999999999723,1798137.1978314384
4.533999999999723,1796145.1143156877
4.5359999999997225,1794155.5880064147
4.537999999999722,1792168.6151377452
4.539999999999722,1790184.1919504707
4.541999999999722,1788202.3146919594
4.543999999999722,1786222.9796155274
4.545999999999721,1784246.1829916572
4.547999999999721,1782271.921070416
4.549999999999721,1780300.190128434
4.551999999999721,1778330.9864465815
4.5539999999997205,1776364.306311503
4.55599999999972,1774400.1460153547
4.55799999999972,1772438.5018572696
4.55999999999972,1770479.3701425064
4.56199999999972,1768522.7471820218
4.563999999999719,1766568.6292933063
4.565999999999719,1764617.012800806
4.567999999999719,1762667.894034506
4.569999999999719,1760721.2693302894
4.5719999999997185,1758777.1350312205
4.573999999999718,1756835.487486505
4.575999999999718,1754896.323051033
4.577999999999718,1752959.638086678
4.579999999999718,1751025.428960866
4.581999999999717,1749093.692047423
4.583999999999717,1747164.4237264593
4.585999999999717,1745237.620348709
4.587999999999717,1743313.2782441417
4.5899999999997165,1741391.3938220455
4.591999999999716,1739471.9633933753
4.593999999999716,1737554.9830703984
4.595999999999716,1735640.4492760857
4.597999999999716,1733728.3584210542
4.599999999999715,1731818.7068522642
4.601999999999715,1729911.4910072421
4.603999999999715,1728006.707330002
4.605999999999715,1726104.3522697352
4.6079999999997145,1724204.4222873347
4.609999999999714,1722306.9138410627
4.611999999999714,1720411.8233914806
4.613999999999714,1718519.1474142193
4.615999999999714,1716628.882389851
4.6179999999997134,1714741.0248043602
4.619999999999713,1712855.5711488752
4.621999999999713,1710972.5179211015
4.623999999999713,1709091.8616239796
4.625999999999713,1707213.5987665334
4.627999999999712,1705337.7258642826
4.629999999999712,1703464.239437932
4.631999999999712,1701593.1360142112
4.633999999999712,1699724.412125812
4.6359999999997115,1697858.0643108103
4.637999999999711,1695994.0891139323
4.639999999999711,1694132.4830856263
4.641999999999711,1692273.2427815963
4.643999999999711,1690416.3647635917
4.64599999999971,1688561.8455997887
4.64799999999971,1686709.6818634402
4.64999999999971,1684859.870133753
4.65199999999971,1683012.4069957733
4.6539999999997095,1681167.2890403518
4.655999999999709,1679324.5128640838
4.657999999999709,1677484.075069321
4.659999999999709,1675645.9722641606
4.661999999999709,1673810.2010618881
4.663999999999708,1671976.7580822424
4.665999999999708,1670145.6399500421
4.667999999999708,1668316.8432964657
4.669999999999708,1666490.3647577064
4.6719999999997075,1664666.200975775
4.673999999999707,1662844.348598421
4.675999999999707,1661024.8042790543
4.677999999999707,1659207.5646767458
4.679999999999707,1657392.626456169
4.681999999999706,1655579.9862876036
4.683999999999706,1653769.6408469146
4.685999999999706,1651961.5868155432
4.687999999999706,1650155.820880006
4.6899999999997055,1648352.3397331028
4.691999999999705,1646551.1400725825
4.693999999999705,1644752.2186023775
4.695999999999705,1642955.5720313152
4.697999999999705,1641161.1970738764
4.699999999999704,1639369.090450628
4.701999999999704,1637579.2488869352
4.703999999999704,1635791.6691137517
4.705999999999704,1634006.3478675978
4.7079999999997035,1632223.2818904635
4.709999999999703,1630442.467929807
4.711999999999703,1628663.9027385237
4.713999999999703,1626887.5830749332
4.715999999999703,1625113.5057022937
4.717999999999702,1623341.667389977
4.719999999999702,1621572.0649126286
4.721999999999702,1619804.6950497166
4.723999999999702,1618039.5545867695
4.7259999999997016,1616276.6403140621
4.727999999999701,1614515.949027853
4.729999999999701,1612757.477529119
4.731999999999701,1611001.2226247913
4.733999999999701,1609247.1811264833
4.7359999999997004,1607495.3498512711
4.7379999999997,1605745.7256215971
4.7399999999997,1603998.3052652334
4.7419999999997,1602253.0856157148
4.7439999999997,1600510.0635111171
4.745999999999699,1598769.235794891
4.747999999999699,1597030.599315799
4.749999999999699,1595294.1509278594
4.751999999999699,1593559.8874903289
4.7539999999996985,1591827.8058672282
4.755999999999698,1590097.9029284462
4.757999999999698,1588370.1755489693
4.759999999999698,1586644.6206088788
4.761999999999698,1584921.2349933982
4.763999999999697,1583200.0155924605
4.765999999999697,1581480.9593017914
4.767999999999697,1579764.0630221555
4.769999999999697,1578049.3236589278
4.7719999999996965,1576336.738123242
4.773999999999696,1574626.3033307649
4.775999999999696,1572918.0162028584
4.777999999999696,1571211.8736658404
4.779999999999696,1569507.8726505807
4.781999999999695,1567806.010093191
4.783999999999695,1566106.2829353893
4.785999999999695,1564408.6881233219
4.787999999999695,1562713.222608727
4.7899999999996945,1561019.8833478019
4.791999999999694,1559328.6673018811
4.793999999999694,1557639.5714378154
4.795999999999694,1555952.5927268353
4.797999999999694,1554267.7281453044
4.799999999999693,1552584.9746750172
4.801999999999693,1550904.32930215
4.803999999999693,1549225.7890179427
4.805999999999693,1547549.3508186624
4.8079999999996925,1545875.0117059483
4.809999999999692,1544202.768685759
4.811999999999692,1542532.6187690794
4.813999999999692,1540864.5589718558
4.815999999999692,1539198.586315383
4.817999999999691,1537534.697825241
4.819999999999691,1535872.8905319793
4.821999999999691,1534213.1614711015
4.823999999999691,1532555.5076829747
4.8259999999996905,1530899.9262128423
4.82799999999969,1529246.4141111977
4.82999999999969,1527594.968432759
4.83199999999969,1525945.5862371747
4.83399999999969,1524298.2645889572
4.835999999999689,1522653.000557459
4.837999999999689,1521009.791216831
4.839999999999689,1519368.6336463925
4.841999999999689,1517729.5249296676
4.8439999999996886,1516092.462155041
4.845999999999688,1514457.442418432
4.847999999999688,1512824.4628123753
4.849999999999688,1511193.5204423098
4.851999999999688,1509564.6124133652
4.8539999999996875,1507937.7358429458
4.855999999999687,1506312.8878451218
4.857999999999687,1504690.0655414443
4.859999999999687,1503069.2660585486
4.861999999999687,1501450.4865303687
4.863999999999686,1499833.724093105
4.865999999999686,1498218.9758786685
4.867999999999686,1496606.2390347149
4.869999999999686,1494995.510711835
4.8719999999996855,1493386.7880647623
4.873999999999685,1491780.0682529602
4.875999999999685,1490175.348439836
4.877999999999685,1488572.6257938135
4.879999999999685,1486971.897487398
4.881999999999684,1485373.1606977973
4.883999999999684,1483776.4126072156
4.885999999999684,1482181.6504018998
4.887999999999684,1480588.8712731462
4.8899999999996835,1478998.0724163328
4.891999999999683,1477409.2510318388
4.893999999999683,1475822.4043244582
4.895999999999683,1474237.5295031322
4.897999999999683,1472654.6237818035
4.899999999999682,1471073.6843785038
4.901999999999682,1469494.7085162066
4.903999999999682,1467917.6934222947
4.905999999999682,1466342.6363285608
4.9079999999996815,1464769.5344709302
4.909999999999681,1463198.3850902973
4.911999999999681,1461629.1854319137
4.913999999999681,1460061.932745441
4.915999999999681,1458496.6242849783
4.91799999999968,1456933.2573090266
4.91999999999968,1455371.8290805342
4.92199999999968,1453812.3368668598
4.92399999999968,1452254.7779397648
4.9259999999996795,1450699.1495754283
4.927999999999679,1449145.4490547166
4.929999999999679,1447593.6736624313
4.931999999999679,1446043.820687826
4.933999999999679,1444495.8874245745
4.935999999999678,1442949.8711710186
4.937999999999678,1441405.7692294137
4.939999999999678,1439863.5789067477
4.941999999999678,1438323.2975139215
4.9439999999996775,1436784.922366567
4.945999999999677,1435248.4507842422
4.947999999999677,1433713.8800912001
4.949999999999677,1432181.2076158987
4.951999999999677,1430650.430690762
4.953999999999676,1429121.5466529073
4.955999999999676,1427594.55284365
4.957999999999676,1426069.4466085243
4.959999999999676,1424546.225297317
4.961999999999676,1423024.8862640425
4.963999999999675,1421505.4268669665
4.965999999999675,1419987.8444686104
4.967999999999675,1418472.136435702
4.969999999999675,1416958.300139466
4.9719999999996745,1415446.3329549388
4.973999999999674,1413936.2322614405
4.975999999999674,1412427.995442789
4.977999999999674,1410921.619886599
4.979999999999674,1409417.1029850002
4.981999999999673,1407914.4421342001
4.983999999999673,1406413.634734309
4.985999999999673,1404914.678189923
4.987999999999673,1403417.569909718
4.9899999999996725,1401922.3073064848
4.991999999999672,1400428.8877971254
4.993999999999672,1398937.3088026622
4.995999999999672,1397447.5677482479
4.997999999999672,1395959.6620631383
4.999999999999671,1394473.5891806844
5.001999999999671,1392989.3465385588
5.003999999999671,1391506.931578191
5.005999999999671,1390026.3417453691
5.0079999999996705,1388547.5744896645
5.00999999999967,1387070.6272649723
5.01199999999967,1385595.497529202
5.01399999999967,1384122.1827440553
5.01599999999967,1382650.680375573
5.017999999999669,1381180.9878937749
5.019999999999669,1379713.1027726748
5.021999999999669,1378247.022490294
5.023999999999669,1376782.7445288424
5.0259999999996685,1375320.2663742458
5.027999999999668,1373859.5855164975
5.029999999999668,1372400.6994497709
5.031999999999668,1370943.605671964
5.033999999999668,1369488.3016851773
5.035999999999667,1368034.784995423
5.037999999999667,1366583.053112621
5.039999999999667,1365133.1035504811
5.041999999999667,1363684.933826908
5.0439999999996665,1362238.5414637004
5.045999999999666,1360793.9239867153
5.047999999999666,1359351.0789254815
5.049999999999666,1357910.0038134907
5.051999999999666,1356470.6961883015
5.053999999999665,1355033.1535911653
5.055999999999665,1353597.3735674208
5.057999999999665,1352163.3536662383
5.059999999999665,1350731.0914406218
5.0619999999996645,1349300.5844473336
5.063999999999664,1347871.8302471729
5.065999999999664,1346444.8264049138
5.067999999999664,1345019.5704889563
5.069999999999664,1343596.060071588
5.0719999999996634,1342174.292729037
5.073999999999663,1340754.2660411892
5.075999999999663,1339335.9775919362
5.077999999999663,1337919.424968905
5.079999999999663,1336504.6057634351
5.081999999999662,1335091.5175708
5.083999999999662,1333680.1579900528
5.085999999999662,1332270.5246240948
5.087999999999662,1330862.6150794753
5.0899999999996615,1329456.4269665221
5.091999999999661,1328051.957899447
5.093999999999661,1326649.2054960886
5.095999999999661,1325248.1673781476
5.097999999999661,1323848.8411710374
5.09999999999966,1322451.224503899
5.10199999999966,1321055.31500959
5.10399999999966,1319661.1103247073
5.10599999999966,1318268.6080895578
5.1079999999996595,1316877.8059482218
5.109999999999659,1315488.7015483885
5.111999999999659,1314101.2925415272
5.113999999999659,1312715.5765827706
5.115999999999659,1311331.551330923
5.117999999999658,1309949.214448469
5.119999999999658,1308568.5636015458
5.121999999999658,1307189.5964599694
5.123999999999658,1305812.3106972277
5.1259999999996575,1304436.7039904743
5.127999999999657,1303062.7740204872
5.129999999999657,1301690.5184716466
5.131999999999657,1300319.9350320122
5.133999999999657,1298951.0213932542
5.135999999999656,1297583.7752506512
5.137999999999656,1296218.1943031312
5.139999999999656,1294854.2762531682
5.141999999999656,1293492.0188068447
5.1439999999996555,1292131.419673867
5.145999999999655,1290772.4765675066
5.147999999999655,1289415.1872046061
5.149999999999655,1288059.5493056008
5.151999999999655,1286705.5605944674
5.153999999999654,1285353.218798748
5.155999999999654,1284002.5216495388
5.157999999999654,1282653.4668814864
5.159999999999654,1281306.052232768
5.1619999999996535,1279960.275445097
5.163999999999653,1278616.1342637006
5.165999999999653,1277273.6264373455
5.167999999999653,1275932.7497183054
5.169999999999653,1274593.5018623434
5.171999999999652,1273255.8806287511
5.173999999999652,1271919.8837802836
5.175999999999652,1270585.5090831958
5.177999999999652,1269252.7543072323
5.1799999999996515,1267921.617225615
5.181999999999651,1266592.095615035
5.183999999999651,1265264.1872555942
5.185999999999651,1263937.8899309437
5.187999999999651,1262613.2014281054
5.1899999999996504,1261290.1195375654
5.19199999999965,1259968.6420532619
5.19399999999965,1258648.7667725538
5.19599999999965,1257330.4914962423
5.19799999999965,1256013.8140284885
5.199999999999649,1254698.7321769616
5.201999999999649,1253385.2437526495
5.203999999999649,1252073.3465699675
5.205999999999649,1250763.0384467405
5.2079999999996485,1249454.3172041879
5.209999999999648,1248147.1806669137
5.211999999999648,1246841.6266628131
5.213999999999648,1245537.6530231822
5.215999999999648,1244235.257582725
5.217999999999647,1242934.4381795097
5.219999999999647,1241635.1926549575
5.221999999999647,1240337.5188538367
5.223999999999647,1239041.414624263
5.2259999999996465,1237746.8778175756
5.227999999999646,1236453.9062884855
5.229999999999646,1235162.497895058
5.231999999999646,1233872.6504987099
5.233999999999646,1232584.3619641517
5.235999999999645,1231297.6301592635
5.237999999999645,1230012.452955456
5.239999999999645,1228728.8282272369
5.241999999999645,1227446.7538524698
5.2439999999996445,1226166.2277122964
5.245999999999644,1224887.2476910113
5.247999999999644,1223609.8116764158
5.249999999999644,1222333.917559383
5.251999999999644,1221059.5632340962
5.253999999999643,1219786.7465981888
5.255999999999643,1218515.4655521375
5.257999999999643,1217245.7179999552
5.259999999999643,1215977.5018488884
5.2619999999996425,1214710.8150092072
5.263999999999642,1213445.6553944862
5.265999999999642,1212182.0209215689
5.267999999999642,1210919.9095105291
5.269999999999642,1209659.3190844394
5.271999999999641,1208400.247569905
5.273999999999641,1207142.6928964632
5.275999999999641,1205886.652996902
5.277999999999641,1204632.1258072446
5.2799999999996405,1203379.109266708
5.28199999999964,1202127.6013174714
5.28399999999964,1200877.5999052066
5.28599999999964,1199629.1029784677
5.28799999999964,1198382.1084890508
5.289999999999639,1197136.6143919434
5.291999999999639,1195892.618645053
5.293999999999639,1194650.1192098092
5.295999999999639,1193409.1140504542
5.2979999999996386,1192169.6011344595
5.299999999999638,1190931.5784324498
5.301999999999638,1189695.0439182138
5.303999999999638,1188459.9955683704
5.305999999999638,1187226.4313630667
5.3079999999996375,1185994.3492851888
5.309999999999637,1184763.7473208506
5.311999999999637,1183534.6234590013
5.313999999999637,1182306.9756921234
5.315999999999637,1181080.8020154324
5.317999999999636,1179856.100427327
5.319999999999636,1178632.8689293126
5.321999999999636,1177411.1055259963
5.323999999999636,1176190.8082250494
5.3259999999996355,1174971.9750368923
5.327999999999635,1173754.6039751496
5.329999999999635,1172538.69305656
5.331999999999635,1171324.2403009145
5.333999999999635,1170111.2437310745
5.335999999999634,1168899.701372592
5.337999999999634,1167689.6112542003
5.339999999999634,1166480.9714077357
5.341999999999634,1165273.7798680926
5.3439999999996335,1164068.0346728102
5.345999999999633,1162863.7338629693
5.347999999999633,1161660.8754821995
5.349999999999633,1160459.4575772542
5.351999999999633,1159259.4781979185
5.353999999999632,1158060.9353966583
5.355999999999632,1156863.827234326
5.357999999999632,1155668.1517702958
5.359999999999632,1154473.9070610811
5.3619999999996315,1153281.0911685238
5.363999999999631,1152089.70215934
5.365999999999631,1150899.738103321
5.367999999999631,1149711.197073642
5.369999999999631,1148524.0771465825
5.37199999999963,1147338.376401441
5.37399999999963,1146154.0929200682
5.37599999999963,1144971.224787443
5.37799999999963,1143789.7700915474
5.3799999999996295,1142609.726923336
5.381999999999629,1141431.0933766586
5.383999999999629,1140253.8675478643
5.385999999999629,1139078.0475364092
5.387999999999629,1137903.6314447268
5.389999999999628,1136730.6173781934
5.391999999999628,1135559.003444635
5.393999999999628,1134388.7877549636
5.395999999999628,1133219.9684235274
5.3979999999996275,1132052.5435664444
5.399999999999627,1130886.5113035028
5.401999999999627,1129721.8697568506
5.403999999999627,1128558.6170516734
5.405999999999627,1127396.7513160731
5.407999999999626,1126236.2706810464
5.409999999999626,1125077.173280399
5.411999999999626,1123919.457250319
5.413999999999626,1122763.1207300378
5.415999999999626,1121608.1618617133
5.417999999999625,1120454.5787898628
5.419999999999625,1119302.3696625596
5.421999999999625,1118151.5326300734
5.423999999999625,1117002.065845131
5.4259999999996245,1115853.9674702077
5.427999999999624,1114707.2356521366
5.429999999999624,1113561.8685581791
5.431999999999624,1112417.8643525564
5.433999999999624,1111275.2212018268
5.435999999999623,1110133.9372761152
5.437999999999623,1108994.0107476441
5.439999999999623,1107855.4397915625
5.441999999999623,1106718.2225858448
5.4439999999996225,1105582.3573106686
5.445999999999622,1104447.842149736
5.447999999999622,1103314.6752887655
5.449999999999622,1102182.8549163619
5.451999999999622,1101052.3792233507
5.453999999999621,1099923.2464040837
5.455999999999621,1098795.4546548736
5.457999999999621,1097669.002174318
5.459999999999621,1096543.8871645872
5.4619999999996205,1095420.107829758
5.46399999999962,1094297.6623773149
5.46599999999962,1093176.5490159583
5.46799999999962,1092056.7659579967
5.46999999999962,1090938.3114181953
5.471999999999619,1089821.183613187
5.473999999999619,1088705.3807623088
5.475999999999619,1087590.9010868664
5.477999999999619,1086477.7428114822
5.4799999999996185,1085365.9041623517
5.481999999999618,1084255.383368154
5.483999999999618,1083146.1786592333
5.485999999999618,1082038.2882689899
5.487999999999618,1080931.7104320056
5.489999999999617,1079826.44338491
5.491999999999617,1078722.4853527097
5.493999999999617,1077619.8345309284
5.495999999999617,1076518.4891666526
5.4979999999996165,1075418.447507233
5.499999999999616,1074319.7075932643
5.501999999999616,1073222.267638157
5.503999999999616,1072126.1258829832
5.505999999999616,1071031.2805343524
5.507999999999615,1069937.729795821
5.509999999999615,1068845.471889244
5.511999999999615,1067754.5050194813
5.513999999999615,1066664.8273641735
5.5159999999996145,1065576.4370472343
5.517999999999614,1064489.3320875845
5.519999999999614,1063403.5102418205
5.521999999999614,1062318.9683530107
5.523999999999614,1061375.921137893
5.525999999999613,1060613.4179684427
5.527999999999613,1059850.4396952568
5.529999999999613,1059086.9916158346
5.531999999999613,1058323.0769802562
5.533999999999613,1057558.6973056966
5.535999999999612,1056793.8529272932
5.537999999999612,1056028.5434553053
5.539999999999612,1055262.768085637
5.541999999999612,1054496.5257884448
5.5439999999996115,1053729.8154153668
5.545999999999611,1052962.6357580358
5.547999999999611,1052194.9855784755
5.549999999999611,1051426.8636247846
5.551999999999611,1050658.2686376905
5.55399999999961,1049889.1993545785
5.55599999999961,1049119.6545097786
5.55799999999961,1048349.6328372007
5.55999999999961,1047579.1330684047
5.5619999999996095,1046808.1539342741
5.563999999999609,1046036.6941647364
5.565999999999609,1045264.7524880844
5.567999999999609,1044492.3276311744
5.569999999999609,1043719.4183195237
5.571999999999608,1042946.0232779043
5.573999999999608,1042172.1412300627
5.575999999999608,1041397.7708975078
5.577999999999608,1040622.9110011125
5.5799999999996075,1039847.5602607807
5.581999999999607,1039071.7173947367
5.583999999999607,1038295.3811197351
5.585999999999607,1037518.5501511509
5.587999999999607,1036741.2232036028
5.589999999999606,1035963.398990109
5.591999999999606,1035185.0762228132
5.593999999999606,1034406.2536121964
5.595999999999606,1033626.9298672685
5.5979999999996055,1032847.1036962376
5.599999999999605,1032066.7738056595
5.601999999999605,1031285.9389006363
5.603999999999605,1030504.5976854538
5.605999999999605,1029722.7488627557
5.607999999999604,1028940.3911337062
5.609999999999604,1028157.5231986628
5.611999999999604,1027374.1437563204
5.613999999999604,1026590.2515038828
5.6159999999996035,1025805.8451377448
5.617999999999603,1025020.9233526136
5.619999999999603,1024235.4848423186
5.621999999999603,1023449.5282983291
5.623999999999603,1022663.0524115221
5.625999999999602,1021876.0558717893
5.627999999999602,1021088.5373666164
5.629999999999602,1020300.4955828545
5.631999999999602,1019511.9292063721
5.6339999999996015,1018722.8369205898
5.635999999999601,1017933.2174083017
5.637999999999601,1017143.0693513062
5.639999999999601,1016352.3914289263
5.641999999999601,1015561.1823198622
5.6439999999996004,1014769.4407011657
5.6459999999996,1013977.1652490303
5.6479999999996,1013184.3546378599
5.6499999999996,1012391.0075404769
5.6519999999996,1011597.1226282251
5.653999999999599,1010802.6985716727
5.655999999999599,1010007.7340396381
5.657999999999599,1009212.2276993488
5.659999999999599,1008416.1782172226
5.6619999999995985,1007619.5842572139
5.663999999999598,1006822.4444833806
5.665999999999598,1006024.7575570586
5.667999999999598,1005226.52213891
5.669999999999598,1004427.7368878492
5.671999999999597,1003628.4004611972
5.673999999999597,1002828.5115154758
5.675999999999597,1002028.0687046704
5.677999999999597,1001227.0706822067
5.6799999999995965,1000425.5161005058
5.681999999999596,999623.4036093302
5.683999999999596,998820.7318578175
5.685999999999596,998017.4994933709
5.687999999999596,997213.70516249
5.689999999999595,996409.3475090613
5.691999999999595,995604.4251763975
5.693999999999595,994798.9368067693
5.695999999999595,993992.881039727
5.6979999999995945,993186.2565142094
5.699999999999594,992379.0618673734
5.701999999999594,991571.2957347176
5.703999999999594,990762.9567501887
5.705999999999594,989954.0435469743
5.707999999999593,989144.5547563473
5.709999999999593,988334.4890078945
5.711999999999593,987523.8449296078
5.713999999999593,986712.6211486881
5.7159999999995925,985900.8162904158
5.717999999999592,985088.4289783513
5.719999999999592,984275.4578344411
5.721999999999592,983461.9014790648
5.723999999999592,982647.7585318324
5.725999999999591,981833.0276104233
5.727999999999591,981017.7073307708
5.729999999999591,980201.7963071726
5.731999999999591,979385.293153139
5.7339999999995905,978568.1964801975
5.73599999999959,977750.5048981219
5.73799999999959,976932.2170150209
5.73999999999959,976113.3314374004
5.74199999999959,975293.8467709976
5.743999999999589,974473.7616195465
5.745999999999589,973653.0745841691
5.747999999999589,972831.7842664034
5.749999999999589,972009.8892646746
5.7519999999995886,971187.3881759129
5.753999999999588,970364.2795963414
5.755999999999588,969540.5621201849
5.757999999999588,968716.2343398657
5.759999999999588,967891.2948461018
5.7619999999995875,967065.7422288153
5.763999999999587,966239.5750749995
5.765999999999587,965412.7919711106
5.767999999999587,964585.3915016525
5.769999999999587,963757.372249337
5.771999999999586,962928.7327951551
5.773999999999586,962099.4717193138
5.775999999999586,961269.5875990293
5.777999999999586,960439.0790109832
5.7799999999995855,959607.9445298703
5.781999999999585,958776.1827285596
5.783999999999585,957943.7921781786
5.785999999999585,957110.7714490573
5.787999999999585,956277.119108463
5.789999999999584,955442.8337231446
5.791999999999584,954607.9138568958
5.793999999999584,953772.3580679427
5.795999999999584,952936.1647794377
5.7979999999995835,952099.3320342755
5.799999999999583,951261.8582258305
5.801999999999583,950423.7418760983
5.803999999999583,949584.9815388236
5.805999999999583,948745.5757670887
5.807999999999582,947905.5231118421
5.809999999999582,947064.822122108
5.811999999999582,946223.4713450891
5.813999999999582,945381.4693262198
5.8159999999995815,944538.8146091821
5.817999999999581,943695.5057359156
5.819999999999581,942851.541246622
5.821999999999581,942006.9196807141
5.823999999999581,941161.6395743908
5.82599999999958,940315.6994633259
5.82799999999958,939469.0978810712
5.82999999999958,938621.8333592174
5.83199999999958,937773.9044265116
5.8339999999995795,936925.3096113836
5.835999999999579,936076.0474402133
5.837999999999579,935226.1164384611
5.839999999999579,934375.5151282065
5.841999999999579,933524.2420299534
5.843999999999578,932672.2956625363
5.845999999999578,931819.6745440556
5.847999999999578,930966.3771892854
5.849999999999578,930112.4021125028
5.8519999999995775,929257.7478247272
5.853999999999577,928402.4128365361
5.855999999999577,927546.3956552618
5.857999999999577,926689.6947878184
5.859999999999577,925832.3087389054
5.861999999999576,924974.236011189
5.863999999999576,924115.4751054036
5.865999999999576,923256.0245193174
5.867999999999576,922395.8827504262
5.869999999999576,921535.0482940701
5.871999999999575,920673.5196435784
5.873999999999575,919811.2952903127
5.875999999999575,918948.3737237251
5.877999999999575,918084.7534313587
5.8799999999995745,917220.4328988408
5.881999999999574,916355.4106098944
5.883999999999574,915489.6850463345
5.885999999999574,914623.2546880613
5.887999999999574,913756.118013049
5.889999999999573,912888.273497363
5.891999999999573,912019.7196151065
5.893999999999573,911150.4548384615
5.895999999999573,910280.4776376575
5.8979999999995725,909409.7864809798
5.899999999999572,908538.3798347544
5.901999999999572,907666.256163355
5.903999999999572,906793.4139291671
5.905999999999572,905919.8515926148
5.907999999999571,905045.567612147
5.909999999999571,904170.5604442114
5.911999999999571,903294.8285420873
5.913999999999571,902418.3703588445
5.9159999999995705,901541.1843452476
5.91799999999957,900663.2689486878
5.91999999999957,899784.6226162888
5.92199999999957,898905.2437927977
5.92399999999957,898025.1309195312
5.925999999999569,897144.28243754
5.927999999999569,896262.6967842405
5.929999999999569,895380.3723954284
5.931999999999569,894497.3077050921
5.9339999999995685,893613.5011465143
5.935999999999568,892728.9511490718
5.937999999999568,891843.6561404055
5.939999999999568,890957.6145462518
5.941999999999568,890070.8247890733
5.943999999999567,889183.2852912089
5.945999999999567,888294.9944725813
5.947999999999567,887405.9507495728
5.949999999999567,886516.1525383168
5.9519999999995665,885625.598251146
5.953999999999566,884734.2862987526
5.955999999999566,883842.2150912435
5.957999999999566,882949.3830347139
5.959999999999566,882055.7885334932
5.961999999999565,881161.4299886319
5.963999999999565,880266.3058011245
5.965999999999565,879370.4143681689
5.967999999999565,878473.7540866672
5.9699999999995645,877576.3233495569
5.971999999999564,876678.1205480694
5.973999999999564,875779.1440714657
5.975999999999564,874879.3923069257
5.977999999999564,873978.8636394787
5.979999999999563,873077.5564505709
5.981999999999563,872175.4691215402
5.983999999999563,871272.6000297324
5.985999999999563,870368.9475507876
5.987999999999563,869464.510058377
5.989999999999562,868559.2859226118
5.991999999999562,867653.2735135707
5.993999999999562,866746.4711972851
5.995999999999562,865838.8773395101
5.9979999999995615,864930.490301824
5.999999999999561,864021.3084425331
