time,value
0.0,619.8252238327441
0.002,1029.3872272397266
0.004,1211.319852287345
0.006,1894.3421051858616
0.008,2476.3601790888883
0.01,2834.702656040611
0.012,3019.774500657136
0.014,3102.581682172824
0.016,3133.300984513262
0.018000000000000002,3140.3959886515067
0.020000000000000004,3137.9918559018324
0.022000000000000006,3132.369585714612
0.024000000000000007,3126.0024169669177
0.02600000000000001,3119.7064923561784
0.02800000000000001,3113.6639524554876
0.030000000000000013,3107.8575239874017
0.032000000000000015,3102.2325738892064
0.034000000000000016,3096.7445706504727
0.03600000000000002,3091.3662314704507
0.03800000000000002,3086.083298093543
0.04000000000000002,3080.889401073467
0.04200000000000002,3075.7823282315776
0.044000000000000025,3070.7618132076614
0.04600000000000003,3065.8280957924735
0.04800000000000003,3060.9812731107736
0.05000000000000003,3056.2214309178676
0.05200000000000003,3051.5488032945423
0.054000000000000034,3046.963125714529
0.056000000000000036,3042.464293483842
0.05800000000000004,3038.0520686128075
0.06000000000000004,3033.7260149555264
0.06200000000000004,3029.485713083764
0.06400000000000004,3025.3305879182885
0.06600000000000004,3021.2603532566854
0.06800000000000005,3017.2763237507156
0.07000000000000005,3013.380767443439
0.07200000000000005,3009.575286828517
0.07400000000000005,3005.8598400876067
0.07600000000000005,3002.2338956291583
0.07800000000000006,2998.696494409919
0.08000000000000006,2995.246880840777
0.08200000000000006,2991.8839659128507
0.08400000000000006,2988.6066480013196
0.08600000000000006,2985.41400611088
0.08800000000000006,2982.304658031059
0.09000000000000007,2979.277405222544
0.09200000000000007,2976.3309348227895
0.09400000000000007,2973.46387120477
0.09600000000000007,2970.6747877684584
0.09800000000000007,2967.9620955261657
0.10000000000000007,2965.324369802474
0.10200000000000008,2962.760579623423
0.10400000000000008,2960.2748774977977
0.10600000000000008,2957.871228354486
0.10800000000000008,2955.5513909062124
0.11000000000000008,2953.314796254443
0.11200000000000009,2951.1597441171402
0.11400000000000009,2949.0838818665943
0.11600000000000009,2947.0843595528436
0.11800000000000009,2945.157993173953
0.12000000000000009,2943.301701723783
0.1220000000000001,2941.5125503516324
0.1240000000000001,2939.7873114179506
0.12600000000000008,2938.122928242798
0.12800000000000009,2936.516407996439
0.1300000000000001,2934.9648042479007
0.1320000000000001,2933.465094032598
0.1340000000000001,2932.014494817463
0.1360000000000001,2930.6100866549564
0.1380000000000001,2929.248945656712
0.1400000000000001,2927.9284087211854
0.1420000000000001,2926.645803067683
0.1440000000000001,2925.398490034733
0.1460000000000001,2924.1837543529314
0.1480000000000001,2922.9991233752176
0.1500000000000001,2921.8421069538326
0.1520000000000001,2920.71038427918
0.1540000000000001,2919.6050543483193
0.1560000000000001,2918.529198327213
0.1580000000000001,2917.484632623049
0.16000000000000011,2916.4720250296405
0.16200000000000012,2915.490849776018
0.16400000000000012,2914.540026948548
0.16600000000000012,2913.6235711542745
0.16800000000000012,2912.7484741680473
0.17000000000000012,2911.918239908392
0.17200000000000013,2911.1334386983754
0.17400000000000013,2910.3919526994528
0.17600000000000013,2909.690647096458
0.17800000000000013,2909.026066924069
0.18000000000000013,2908.394465308382
0.18200000000000013,2907.792340283271
0.18400000000000014,2907.216367233801
0.18600000000000014,2906.663151035377
0.18800000000000014,2906.1296091865906
0.19000000000000014,2905.6129516779633
0.19200000000000014,2905.1103244761516
0.19400000000000014,2904.6190452165147
0.19600000000000015,2904.1366565874887
0.19800000000000015,2903.660590901218
0.20000000000000015,2903.188416211895
0.20200000000000015,2902.718011715062
0.20400000000000015,2902.246918616447
0.20600000000000016,2901.7730807312355
0.20800000000000016,2901.2942250643205
0.21000000000000016,2900.8083912790153
0.21200000000000016,2900.3154566589315
0.21400000000000016,2899.822403808706
0.21600000000000016,2899.3359705443263
0.21800000000000017,2898.8599146283045
0.22000000000000017,2898.3959608199916
0.22200000000000017,2897.944214179096
0.22400000000000017,2897.5043556824853
0.22600000000000017,2897.075355485246
0.22800000000000017,2896.6563027301986
0.23000000000000018,2896.2463188372435
0.23200000000000018,2895.8444409412655
0.23400000000000018,2895.449584680043
0.23600000000000018,2895.0609946190602
0.23800000000000018,2894.677792635427
0.24000000000000019,2894.298969340581
0.2420000000000002,2893.9238356994724
0.2440000000000002,2893.5514569197376
0.2460000000000002,2893.181193043328
0.2480000000000002,2892.8121461098167
0.25000000000000017,2892.4434740064708
0.25200000000000017,2892.0747031057936
0.25400000000000017,2891.704779228273
0.25600000000000017,2891.333189964348
0.2580000000000002,2890.9592266042373
0.2600000000000002,2890.5821401424373
0.2620000000000002,2890.2011693843056
0.2640000000000002,2889.8174405311265
0.2660000000000002,2889.434732611909
0.2680000000000002,2889.0562123677996
0.2700000000000002,2888.6837071689492
0.2720000000000002,2888.3179362426195
0.2740000000000002,2887.9588711925044
0.2760000000000002,2887.6062419465998
0.2780000000000002,2887.2595383810985
0.2800000000000002,2886.91828633461
0.2820000000000002,2886.582023427954
0.2840000000000002,2886.250184590608
0.2860000000000002,2885.922605189115
0.2880000000000002,2885.6007186986003
0.2900000000000002,2885.2858316424145
0.2920000000000002,2884.978101395062
0.2940000000000002,2884.677338788141
0.2960000000000002,2884.3827205515413
0.2980000000000002,2884.0934044838336
0.3000000000000002,2883.808287286037
0.3020000000000002,2883.526430070476
0.3040000000000002,2883.246952425834
0.3060000000000002,2882.968662745213
0.3080000000000002,2882.6908728795834
0.3100000000000002,2882.4124696178733
0.3120000000000002,2882.1327003077063
0.3140000000000002,2881.8514890764463
0.3160000000000002,2881.571367241429
0.3180000000000002,2881.2947849049388
0.32000000000000023,2881.0233080283942
0.32200000000000023,2880.757283067104
0.32400000000000023,2880.4966723701436
0.32600000000000023,2880.241200049242
0.32800000000000024,2879.9903649500006
0.33000000000000024,2879.743706548179
0.33200000000000024,2879.500777671927
0.33400000000000024,2879.2610293853486
0.33600000000000024,2879.024007470365
0.33800000000000024,2878.789291654662
0.34000000000000025,2878.5562497668743
0.34200000000000025,2878.324541761828
0.34400000000000025,2878.0938002796042
0.34600000000000025,2877.863430769325
0.34800000000000025,2877.633238457537
0.35000000000000026,2877.4026843530664
0.35200000000000026,2877.1713722748254
0.35400000000000026,2876.9389449013256
0.35600000000000026,2876.704948507956
0.35800000000000026,2876.469136745443
0.36000000000000026,2876.231094695041
0.36200000000000027,2875.9904805374454
0.36400000000000027,2875.748037218211
0.36600000000000027,2875.5060948386317
0.36800000000000027,2875.265928892414
0.3700000000000003,2875.0285985681744
0.3720000000000003,2874.7942262221286
0.3740000000000003,2874.562757322429
0.3760000000000003,2874.334129851069
0.3780000000000003,2874.1079149124957
0.3800000000000003,2873.883804873051
0.3820000000000003,2873.6616399103186
0.3840000000000003,2873.441081443261
0.3860000000000003,2873.2218610721643
0.3880000000000003,2873.003615629839
0.3900000000000003,2872.786190640322
0.3920000000000003,2872.5692644571627
0.3940000000000003,2872.3525892531816
0.3960000000000003,2872.135938291147
0.3980000000000003,2871.9190958638437
0.4000000000000003,2871.701737455733
0.4020000000000003,2871.483624321869
0.4040000000000003,2871.2646592347887
0.4060000000000003,2871.044445437544
0.4080000000000003,2870.822848238795
0.4100000000000003,2870.5996910078525
0.4120000000000003,2870.3747124443407
0.4140000000000003,2870.148795024119
0.4160000000000003,2869.9234181549673
0.4180000000000003,2869.6994159003566
0.4200000000000003,2869.477230888302
0.4220000000000003,2869.257236807926
0.4240000000000003,2869.039240353734
0.4260000000000003,2868.8231932945846
0.4280000000000003,2868.6088385404937
0.4300000000000003,2868.3958605867447
0.43200000000000033,2868.1842710447117
0.43400000000000033,2867.9737206412306
0.43600000000000033,2867.764108593306
0.43800000000000033,2867.555565095638
0.44000000000000034,2867.348581257075
0.44200000000000034,2867.1430786566207
0.44400000000000034,2866.9391718131096
0.44600000000000034,2866.7366338111906
0.44800000000000034,2866.5351257417924
0.45000000000000034,2866.3344949581965
0.45200000000000035,2866.1345294790635
0.45400000000000035,2865.9347772969895
0.45600000000000035,2865.7350620864254
0.45800000000000035,2865.535173488148
0.46000000000000035,2865.3347859630903
0.46200000000000035,2865.1337724901514
0.46400000000000036,2864.9324009443344
0.46600000000000036,2864.7318611879987
0.46800000000000036,2864.5328969054144
0.47000000000000036,2864.3357597154472
0.47200000000000036,2864.1406349634067
0.47400000000000037,2863.9474987516305
0.47600000000000037,2863.756008367708
0.47800000000000037,2863.5661738194785
0.48000000000000037,2863.377759237177
0.4820000000000004,2863.190581050678
0.4840000000000004,2863.004353442773
0.4860000000000004,2862.8189943296406
0.4880000000000004,2862.6342538555677
0.4900000000000004,2862.4500689118922
0.4920000000000004,2862.266085986841
0.4940000000000004,2862.0823304687483
0.4960000000000004,2861.898592581076
0.4980000000000004,2861.7146026329356
0.5000000000000003,2861.530298922191
0.5020000000000003,2861.3454536047025
0.5040000000000003,2861.1600254513824
0.5060000000000003,2860.9737972942357
0.5080000000000003,2860.78661975638
0.5100000000000003,2860.598476083974
0.5120000000000003,2860.4090482335764
0.5140000000000003,2860.2186346185936
0.5160000000000003,2860.0279552963902
0.5180000000000003,2859.837632419852
0.5200000000000004,2859.648250956469
0.5220000000000004,2859.459791933571
0.5240000000000004,2859.272449686369
0.5260000000000004,2859.0859837459416
0.5280000000000004,2858.9002488118676
0.5300000000000004,2858.7152321045774
0.5320000000000004,2858.53073577402
0.5340000000000004,2858.346740512598
0.5360000000000004,2858.163048980092
0.5380000000000004,2857.9794161326013
0.5400000000000004,2857.7959244442586
0.5420000000000004,2857.612412138592
0.5440000000000004,2857.4286528542266
0.5460000000000004,2857.244625115879
0.5480000000000004,2857.0602550462195
0.5500000000000004,2856.8753446576657
0.5520000000000004,2856.6898874250487
0.5540000000000004,2856.5037037054403
0.5560000000000004,2856.3166821330688
0.5580000000000004,2856.12884357918
0.5600000000000004,2855.9400226359394
0.5620000000000004,2855.7501159636276
0.5640000000000004,2855.559043391154
0.5660000000000004,2855.3670824548353
0.5680000000000004,2855.175003634795
0.5700000000000004,2854.9831622587194
0.5720000000000004,2854.791875509769
0.5740000000000004,2854.601130715764
0.5760000000000004,2854.4110072654084
0.5780000000000004,2854.2213615913333
0.5800000000000004,2854.032209795922
0.5820000000000004,2853.843267685234
0.5840000000000004,2853.6546231788448
0.5860000000000004,2853.4661284162426
0.5880000000000004,2853.277574498137
0.5900000000000004,2853.0890727286137
0.5920000000000004,2852.90037402209
0.5940000000000004,2852.711586127895
0.5960000000000004,2852.5223468495137
0.5980000000000004,2852.3329372759285
0.6000000000000004,2852.143405799333
0.6020000000000004,2851.9537931972277
0.6040000000000004,2851.7639739175306
0.6060000000000004,2851.5740929427
0.6080000000000004,2851.383907203985
0.6100000000000004,2851.1932876279125
0.6120000000000004,2851.0023585921067
0.6140000000000004,2850.8108684576364
0.6160000000000004,2850.6186866460826
0.6180000000000004,2850.42605938851
0.6200000000000004,2850.2334232400917
0.6220000000000004,2850.0412230816173
0.6240000000000004,2849.8496663335054
0.6260000000000004,2849.6587057825664
0.6280000000000004,2849.468407785879
0.6300000000000004,2849.2785126803233
0.6320000000000005,2849.0892318750784
0.6340000000000005,2848.9002275247967
0.6360000000000005,2848.71157771513
0.6380000000000005,2848.5230185739983
0.6400000000000005,2848.3346505337886
0.6420000000000005,2848.1463355869364
0.6440000000000005,2847.9578730452804
0.6460000000000005,2847.7693805043896
0.6480000000000005,2847.5806161610208
0.6500000000000005,2847.3915795889748
0.6520000000000005,2847.2022219188975
0.6540000000000005,2847.0123725926323
0.6560000000000005,2846.822051579845
0.6580000000000005,2846.631106959738
0.6600000000000005,2846.4394541408565
0.6620000000000005,2846.247139665911
0.6640000000000005,2846.0541384837857
0.6660000000000005,2845.8602932986746
0.6680000000000005,2845.6654051133087
0.6700000000000005,2845.469750156007
0.6720000000000005,2845.273476552381
0.6740000000000005,2845.076993598517
0.6760000000000005,2844.8805330656714
0.6780000000000005,2844.684200377101
0.6800000000000005,2844.4881331519055
0.6820000000000005,2844.292230904101
0.6840000000000005,2844.096428860218
0.6860000000000005,2843.9005522876982
0.6880000000000005,2843.7047363863103
0.6900000000000005,2843.5088682824176
0.6920000000000005,2843.3127676317213
0.6940000000000005,2843.1164555508203
0.6960000000000005,2842.9199006885833
0.6980000000000005,2842.7230616353554
0.7000000000000005,2842.5257791333884
0.7020000000000005,2842.3280857723926
0.7040000000000005,2842.129843549217
0.7060000000000005,2841.931095324185
0.7080000000000005,2841.7318217449115
0.7100000000000005,2841.531875698229
0.7120000000000005,2841.3311834929827
0.7140000000000005,2841.1298054453014
0.7160000000000005,2840.927618280165
0.7180000000000005,2840.7245599675507
0.7200000000000005,2840.520696505633
0.7220000000000005,2840.315908158807
0.7240000000000005,2840.110160622604
0.7260000000000005,2839.9037873851203
0.7280000000000005,2839.697090819816
0.7300000000000005,2839.4901464984378
0.7320000000000005,2839.2832356271433
0.7340000000000005,2839.076324090342
0.7360000000000005,2838.8693856308137
0.7380000000000005,2838.6623831871975
0.7400000000000005,2838.4551622186023
0.7420000000000005,2838.247759803893
0.7440000000000005,2838.0402700061927
0.7460000000000006,2837.8324690110544
0.7480000000000006,2837.624264207139
0.7500000000000006,2837.4158230844937
0.7520000000000006,2837.2068303032593
0.7540000000000006,2836.9975147202726
0.7560000000000006,2836.78774845856
0.7580000000000006,2836.577646093596
0.7600000000000006,2836.367243223379
0.7620000000000006,2836.1565389529505
0.7640000000000006,2835.945396850918
0.7660000000000006,2835.7338611963023
0.7680000000000006,2835.521800979198
0.7700000000000006,2835.3092627102187
0.7720000000000006,2835.096230188521
0.7740000000000006,2834.8825593048646
0.7760000000000006,2834.6681788531855
0.7780000000000006,2834.453151140175
0.7800000000000006,2834.2374507429386
0.7820000000000006,2834.0214992069973
0.7840000000000006,2833.805317380882
0.7860000000000006,2833.589077601049
0.7880000000000006,2833.372948820916
0.7900000000000006,2833.156744355693
0.7920000000000006,2832.940612777261
0.7940000000000006,2832.7243418498724
0.7960000000000006,2832.507956157796
0.7980000000000006,2832.2914319872007
0.8000000000000006,2832.074737279168
0.8020000000000006,2831.8578368104277
0.8040000000000006,2831.64058149812
0.8060000000000006,2831.4230139986666
0.8080000000000006,2831.2051212311703
0.8100000000000006,2830.986764945155
0.8120000000000006,2830.7679934848593
0.8140000000000006,2830.5487969220712
0.8160000000000006,2830.3290395767394
0.8180000000000006,2830.10877178784
0.8200000000000006,2829.88787272463
0.8220000000000006,2829.666287220068
0.8240000000000006,2829.4442024519412
0.8260000000000006,2829.2213174504614
0.8280000000000006,2828.997751600722
0.8300000000000006,2828.773516299152
0.8320000000000006,2828.5483748222523
0.8340000000000006,2828.322463302484
0.8360000000000006,2828.095863203843
0.8380000000000006,2827.8686630720767
0.8400000000000006,2827.641114393565
0.8420000000000006,2827.413339506653
0.8440000000000006,2827.185389507547
0.8460000000000006,2826.9572729528445
0.8480000000000006,2826.7288634636393
0.8500000000000006,2826.5002155790817
0.8520000000000006,2826.271323583407
0.8540000000000006,2826.0421679530577
0.8560000000000006,2825.8127235614434
0.8580000000000007,2825.5828505895515
0.8600000000000007,2825.352487454976
0.8620000000000007,2825.1218203623716
0.8640000000000007,2824.8906636408324
0.8660000000000007,2824.659060697509
0.8680000000000007,2824.426891214408
0.8700000000000007,2824.1942160857575
0.8720000000000007,2823.9609234047794
0.8740000000000007,2823.7270780897966
0.8760000000000007,2823.4925702651994
0.8780000000000007,2823.25746596724
0.8800000000000007,2823.0216563478743
0.8820000000000007,2822.7852083706334
0.8840000000000007,2822.548014006177
0.8860000000000007,2822.3100284935213
0.8880000000000007,2822.0713353655756
0.8900000000000007,2821.8318345784432
0.8920000000000007,2821.591599514907
0.8940000000000007,2821.3506258237558
0.8960000000000007,2821.109049367733
0.8980000000000007,2820.867206637549
0.9000000000000007,2820.6250048726333
0.9020000000000007,2820.382537240211
0.9040000000000007,2820.1398202023092
0.9060000000000007,2819.8968578533113
0.9080000000000007,2819.6536779053276
0.9100000000000007,2819.410188285894
0.9120000000000007,2819.1664700017736
0.9140000000000007,2818.9225345630975
0.9160000000000007,2818.678372493965
0.9180000000000007,2818.433851899098
0.9200000000000007,2818.189026814519
0.9220000000000007,2817.943894131079
0.9240000000000007,2817.6984379536784
0.9260000000000007,2817.452524689671
0.9280000000000007,2817.2062090209392
0.9300000000000007,2816.959489400614
0.9320000000000007,2816.712239800596
0.9340000000000007,2816.4644065028297
0.9360000000000007,2816.216180406862
0.9380000000000007,2815.967269097159
0.9400000000000007,2815.717909920294
0.9420000000000007,2815.467818972002
0.9440000000000007,2815.217238012232
0.9460000000000007,2814.965885631634
0.9480000000000007,2814.7140049474187
0.9500000000000007,2814.461315646719
0.9520000000000007,2814.2080028878527
0.9540000000000007,2813.9542357188075
0.9560000000000007,2813.7001429114985
0.9580000000000007,2813.445683160246
0.9600000000000007,2813.191074298464
0.9620000000000007,2812.93615083541
0.9640000000000007,2812.680966403598
0.9660000000000007,2812.425407441184
0.9680000000000007,2812.1695384317463
0.9700000000000008,2811.9133633132515
0.9720000000000008,2811.6568717118835
0.9740000000000008,2811.4000472946623
0.9760000000000008,2811.142759511177
0.9780000000000008,2810.884954855503
0.9800000000000008,2810.6268260289025
0.9820000000000008,2810.3680846352736
0.9840000000000008,2810.1089705294344
0.9860000000000008,2809.849315991137
0.9880000000000008,2809.5891758972853
0.9900000000000008,2809.3284402686845
0.9920000000000008,2809.0671778184133
0.9940000000000008,2808.805285359353
0.9960000000000008,2808.5428347641473
0.9980000000000008,2808.2797243615737
1.0000000000000007,2808.015914946776
1.0020000000000007,2807.751606610855
1.0040000000000007,2807.48651616178
1.0060000000000007,2807.220775153558
1.0080000000000007,2806.954408764865
1.0100000000000007,2806.6873080415326
1.0120000000000007,2806.4194948035233
1.0140000000000007,2806.1511837549756
1.0160000000000007,2805.8824956465032
1.0180000000000007,2805.613493151766
1.0200000000000007,2805.344088636949
1.0220000000000007,2805.0743613076793
1.0240000000000007,2804.804324237965
1.0260000000000007,2804.533973168688
1.0280000000000007,2804.2631844291664
1.0300000000000007,2803.992020403999
1.0320000000000007,2803.720375833682
1.0340000000000007,2803.4483218452715
1.0360000000000007,2803.1758687733486
1.0380000000000007,2802.9029008717084
1.0400000000000007,2802.629484580788
1.0420000000000007,2802.35562890522
1.0440000000000007,2802.081218128581
1.0460000000000007,2801.8063194489937
1.0480000000000007,2801.530831146523
1.0500000000000007,2801.25482856413
1.0520000000000007,2800.97823483373
1.0540000000000007,2800.70115477207
1.0560000000000007,2800.423622836443
1.0580000000000007,2800.145537230059
1.0600000000000007,2799.8669710896925
1.0620000000000007,2799.5878244403384
1.0640000000000007,2799.3081704961887
1.0660000000000007,2799.0279091670063
1.0680000000000007,2798.747113612795
1.0700000000000007,2798.4657955074485
1.0720000000000007,2798.183854545073
1.0740000000000007,2797.901345971722
1.0760000000000007,2797.618569112717
1.0780000000000007,2797.335421649428
1.0800000000000007,2797.051995732502
1.0820000000000007,2796.768312911911
1.0840000000000007,2796.484262360483
1.0860000000000007,2796.2000227137055
1.0880000000000007,2795.9154142321445
1.0900000000000007,2795.6303750286093
1.0920000000000007,2795.345094129833
1.0940000000000007,2795.0593976583796
1.0960000000000008,2794.7733380830664
1.0980000000000008,2794.486806960015
1.1000000000000008,2794.19987441918
1.1020000000000008,2793.912551565617
1.1040000000000008,2793.624724326375
1.1060000000000008,2793.33646022204
1.1080000000000008,2793.0476583881964
1.1100000000000008,2792.7585039946166
1.1120000000000008,2792.4687114234125
1.1140000000000008,2792.1785218436794
1.1160000000000008,2791.887662821007
1.1180000000000008,2791.596381891813
1.1200000000000008,2791.3045208319477
1.1220000000000008,2791.012029570432
1.1240000000000008,2790.718992914264
1.1260000000000008,2790.425430130701
1.1280000000000008,2790.131121195131
1.1300000000000008,2789.8363244936218
1.1320000000000008,2789.5408877763502
1.1340000000000008,2789.244774459251
1.1360000000000008,2788.9482666981603
1.1380000000000008,2788.6511737795145
1.1400000000000008,2788.3537990839172
1.1420000000000008,2788.056016956868
1.1440000000000008,2787.757904278241
1.1460000000000008,2787.4594757657787
1.1480000000000008,2787.1606195638124
1.1500000000000008,2786.8614041140286
1.1520000000000008,2786.5618406826256
1.1540000000000008,2786.2619276142646
1.1560000000000008,2785.961546327495
1.1580000000000008,2785.660652262797
1.1600000000000008,2785.35944398432
1.1620000000000008,2785.0577552859313
1.1640000000000008,2784.7555855431538
1.1660000000000008,2784.453213536648
1.1680000000000008,2784.150449656837
1.1700000000000008,2783.8473099027738
1.1720000000000008,2783.5436578323356
1.1740000000000008,2783.2395467404917
1.1760000000000008,2782.9349807278127
1.1780000000000008,2782.629844942194
1.1800000000000008,2782.3242082050033
1.1820000000000008,2782.017973465783
1.1840000000000008,2781.71121794697
1.1860000000000008,2781.40384827501
1.1880000000000008,2781.095943233656
1.1900000000000008,2780.7874156629173
1.1920000000000008,2780.4783646287897
1.1940000000000008,2780.168715961095
1.1960000000000008,2779.858670887514
1.1980000000000008,2779.547988621649
1.2000000000000008,2779.2369912761487
1.2020000000000008,2778.925587765827
1.2040000000000008,2778.6138811175238
1.2060000000000008,2778.301791968054
1.2080000000000009,2777.9895150380785
1.2100000000000009,2777.676882290956
1.2120000000000009,2777.3639486805264
1.2140000000000009,2777.050609004441
1.2160000000000009,2776.7370456223443
1.2180000000000009,2776.4229752570764
1.2200000000000009,2776.108637799164
1.2220000000000009,2775.7939850236116
1.2240000000000009,2775.4788909781228
1.2260000000000009,2775.163307750049
1.2280000000000009,2774.847431993961
1.2300000000000009,2774.5310986527124
1.2320000000000009,2774.2142547014364
1.2340000000000009,2773.8969837581512
1.2360000000000009,2773.579305928281
1.2380000000000009,2773.261224716064
1.2400000000000009,2772.942625716452
1.2420000000000009,2772.6235774620454
1.2440000000000009,2772.3039834386163
1.2460000000000009,2771.983920673946
1.2480000000000009,2771.66329628068
1.2500000000000009,2771.3421887963523
1.252000000000001,2771.0206163586554
1.254000000000001,2770.6984719154275
1.256000000000001,2770.375827616482
1.258000000000001,2770.052588989335
1.260000000000001,2769.728834290903
1.262000000000001,2769.4044869562663
1.264000000000001,2769.079689719738
1.266000000000001,2768.754522619604
1.268000000000001,2768.4290299831246
1.270000000000001,2768.10312083008
1.272000000000001,2767.7768751672374
1.274000000000001,2767.450201546915
1.276000000000001,2767.1232885248987
1.278000000000001,2766.7959681133684
1.280000000000001,2766.4681861374693
1.282000000000001,2766.140135881767
1.284000000000001,2765.8116525910077
1.286000000000001,2765.4826838453755
1.288000000000001,2765.1534241717663
1.290000000000001,2764.8237095729655
1.292000000000001,2764.4934883526585
1.294000000000001,2764.162845263944
1.296000000000001,2763.8318021825253
1.298000000000001,2763.5003645237007
1.300000000000001,2763.1684199884894
1.302000000000001,2762.8360385059327
1.304000000000001,2762.503125588587
1.306000000000001,2762.1697595062574
1.308000000000001,2761.8358494082677
1.310000000000001,2761.501585033599
1.312000000000001,2761.166691009383
1.314000000000001,2760.831410640638
1.316000000000001,2760.4954810229474
1.318000000000001,2760.1591514506777
1.320000000000001,2759.822271769821
1.322000000000001,2759.4847974461263
1.324000000000001,2759.146929897099
1.326000000000001,2758.8084130664597
1.328000000000001,2758.4695272514186
1.330000000000001,2758.1301857119624
1.332000000000001,2757.790507275489
1.334000000000001,2757.4504288747767
1.336000000000001,2757.110045106365
1.338000000000001,2756.7694920343583
1.340000000000001,2756.4284814768353
1.342000000000001,2756.087248512454
1.344000000000001,2755.745635746027
1.346000000000001,2755.4037039231744
1.348000000000001,2755.0614634360145
1.350000000000001,2754.718804595981
1.352000000000001,2754.3757976410056
1.354000000000001,2754.0324578073205
1.356000000000001,2753.6886778427474
1.358000000000001,2753.344529122733
1.360000000000001,2753.0000275042025
1.362000000000001,2752.655066303587
1.364000000000001,2752.3098270148553
1.366000000000001,2751.9640318419288
1.368000000000001,2751.6179215952343
1.370000000000001,2751.2713432197193
1.372000000000001,2750.9242505584984
1.374000000000001,2750.5767308607296
1.376000000000001,2750.2288079696464
1.378000000000001,2749.8804886224693
1.380000000000001,2749.531662278541
1.382000000000001,2749.1823994205542
1.384000000000001,2748.8326071483916
1.386000000000001,2748.482364163322
1.388000000000001,2748.131690715971
1.390000000000001,2747.780483051999
1.392000000000001,2747.4287051678807
1.394000000000001,2747.0765629964667
1.396000000000001,2746.72394029406
1.398000000000001,2746.3708372076435
1.400000000000001,2746.0174840301574
1.402000000000001,2745.663740720149
1.404000000000001,2745.309677139751
1.406000000000001,2744.9551994091976
1.408000000000001,2744.600494432067
1.410000000000001,2744.245397373296
1.412000000000001,2743.8898560252283
1.414000000000001,2743.534064124053
1.416000000000001,2743.177860718168
1.418000000000001,2742.8211955978945
1.420000000000001,2742.464263532329
1.422000000000001,2742.10690421388
1.424000000000001,2741.749067925842
1.426000000000001,2741.3909496768592
1.428000000000001,2741.032389632415
1.430000000000001,2740.6734477094283
1.432000000000001,2740.314026439084
1.434000000000001,2739.9542025392225
1.436000000000001,2739.593886419852
1.438000000000001,2739.233267328952
1.440000000000001,2738.872182916509
1.442000000000001,2738.5105828838023
1.444000000000001,2738.148553084794
1.446000000000001,2737.7861179298934
1.448000000000001,2737.423176385635
1.450000000000001,2737.0598030976366
1.452000000000001,2736.696017114675
1.454000000000001,2736.3317172836933
1.456000000000001,2735.9669882163203
1.458000000000001,2735.601859422917
1.460000000000001,2735.2362346451755
1.462000000000001,2734.870085348255
1.464000000000001,2734.5036496357343
1.466000000000001,2734.136813952741
1.468000000000001,2733.7696695621053
1.470000000000001,2733.4022460827246
1.472000000000001,2733.034445559305
1.474000000000001,2732.6663432484675
1.476000000000001,2732.2979574091237
1.478000000000001,2731.9292924959386
1.480000000000001,2731.5602375741705
1.482000000000001,2731.190861852393
1.484000000000001,2730.82118150285
1.486000000000001,2730.451091558215
1.488000000000001,2730.0806640985925
1.490000000000001,2729.7099166008875
1.492000000000001,2729.3388536935013
1.494000000000001,2728.9673652253236
1.496000000000001,2728.5955211266
1.498000000000001,2728.223338396772
1.500000000000001,2727.8507130398957
1.5020000000000011,2727.4777178759778
1.5040000000000011,2727.1042622918267
1.5060000000000011,2726.7305342297504
1.5080000000000011,2726.356263390814
1.5100000000000011,2725.981690797611
1.5120000000000011,2725.60666735694
1.5140000000000011,2725.2312577031435
1.5160000000000011,2724.8554763258544
1.5180000000000011,2724.4792185656847
1.5200000000000011,2724.1025572033723
1.5220000000000011,2723.725402361774
1.5240000000000011,2723.347833737626
1.5260000000000011,2722.969873146391
1.5280000000000011,2722.5914192792675
1.5300000000000011,2722.2125461951264
1.5320000000000011,2721.8332850961087
1.5340000000000011,2721.45356983994
1.5360000000000011,2721.073507244096
1.5380000000000011,2720.6931383361457
1.5400000000000011,2720.3123726977337
1.5420000000000011,2719.931289424986
1.5440000000000011,2719.549909584182
1.5460000000000012,2719.168239611563
1.5480000000000012,2718.7861705363093
1.5500000000000012,2718.40377242904
1.5520000000000012,2718.0210627236966
1.5540000000000012,2717.638046697235
1.5560000000000012,2717.254615394956
1.5580000000000012,2716.870730750212
1.5600000000000012,2716.486592320776
1.5620000000000012,2716.1020457217473
1.5640000000000012,2715.7171521274863
1.5660000000000012,2715.331924753855
1.5680000000000012,2714.946258807357
1.5700000000000012,2714.560226721334
1.5720000000000012,2714.1737391174934
1.5740000000000012,2713.786983953039
1.5760000000000012,2713.399693231826
1.5780000000000012,2713.01210770488
1.5800000000000012,2712.6240807941363
1.5820000000000012,2712.235684811538
1.5840000000000012,2711.8469436110095
1.5860000000000012,2711.4577596685917
1.5880000000000012,2711.06820934847
1.5900000000000012,2710.6783134716857
1.5920000000000012,2710.2879709062145
1.5940000000000012,2709.89725529811
1.5960000000000012,2709.5060776416735
1.5980000000000012,2709.114625641737
1.6000000000000012,2708.7226316521537
1.6020000000000012,2708.330340955231
1.6040000000000012,2707.937636594013
1.6060000000000012,2707.5446139470628
1.6080000000000012,2707.151308731731
1.6100000000000012,2706.757737169214
1.6120000000000012,2706.3637962433377
1.6140000000000012,2705.9695582805894
1.6160000000000012,2705.5750419821256
1.6180000000000012,2705.1801448862125
1.6200000000000012,2704.7849395296207
1.6220000000000012,2704.3894444370508
1.6240000000000012,2703.99366547726
1.6260000000000012,2703.5974943324395
1.6280000000000012,2703.201001142329
1.6300000000000012,2702.8042038422445
1.6320000000000012,2702.407000407548
1.6340000000000012,2702.009463634447
1.6360000000000012,2701.6116127171626
1.6380000000000012,2701.2134540579596
1.6400000000000012,2700.814880098377
1.6420000000000012,2700.415961419548
1.6440000000000012,2700.01671651226
1.6460000000000012,2699.6170438776717
1.6480000000000012,2699.217016829092
1.6500000000000012,2698.816655046835
1.6520000000000012,2698.415857622754
1.6540000000000012,2698.0146980003965
1.6560000000000012,2697.6131960643665
1.6580000000000013,2697.2112510913144
1.6600000000000013,2696.808936636221
1.6620000000000013,2696.4062727107384
1.6640000000000013,2696.0031588172583
1.6660000000000013,2695.5996686890503
1.6680000000000013,2695.195822541271
1.6700000000000013,2694.791520007132
1.6720000000000013,2694.3868350101498
1.6740000000000013,2693.9817984041406
1.6760000000000013,2693.576337630629
1.6780000000000013,2693.1705509618
1.6800000000000013,2692.7644745346265
1.6820000000000013,2692.358016715917
1.6840000000000013,2691.9513627837114
1.6860000000000013,2691.544354143405
1.6880000000000013,2691.137049012868
1.6900000000000013,2690.7293523262756
1.6920000000000013,2690.3213402068836
1.6940000000000013,2689.91303370958
1.6960000000000013,2689.5044403343786
1.6980000000000013,2689.095453459744
1.7000000000000013,2688.6861436662684
1.7020000000000013,2688.2765296199523
1.7040000000000013,2687.866512627381
1.7060000000000013,2687.456172452655
1.7080000000000013,2687.045535082585
1.7100000000000013,2686.634611628692
1.7120000000000013,2686.223297793807
1.7140000000000013,2685.8116649028498
1.7160000000000013,2685.399732168918
1.7180000000000013,2684.9873988109234
1.7200000000000013,2684.5748452234807
1.7220000000000013,2684.161804142318
1.7240000000000013,2683.7485127827986
1.7260000000000013,2683.334825799783
1.7280000000000013,2682.9208077483727
1.7300000000000013,2682.5064743731227
1.7320000000000013,2682.0917237542953
1.7340000000000013,2681.676628341822
1.7360000000000013,2681.261208006733
1.7380000000000013,2680.845362796038
1.7400000000000013,2680.4291660788153
1.7420000000000013,2680.0126380888514
1.7440000000000013,2679.5956791442522
1.7460000000000013,2679.178473038815
1.7480000000000013,2678.7607763419123
1.7500000000000013,2678.3428499953634
1.7520000000000013,2677.9245656980306
1.7540000000000013,2677.505997366763
1.7560000000000013,2677.087165360304
1.7580000000000013,2676.6680769895966
1.7600000000000013,2676.2486259407037
1.7620000000000013,2675.828882252221
1.7640000000000013,2675.408864503843
1.7660000000000013,2674.988472183257
1.7680000000000013,2674.567777942136
1.7700000000000014,2674.146801479908
1.7720000000000014,2673.7255499203175
1.7740000000000014,2673.3039173503294
1.7760000000000014,2672.8819738820707
1.7780000000000014,2672.4597385168267
1.7800000000000014,2672.0372184337784
1.7820000000000014,2671.614307813942
1.7840000000000014,2671.19107712596
1.7860000000000014,2670.767545689763
1.7880000000000014,2670.343613864579
1.7900000000000014,2669.919472075657
1.7920000000000014,2669.4951669163315
1.7940000000000014,2669.0706698868453
1.7960000000000014,2668.64594160092
1.7980000000000014,2668.2208439546444
1.8000000000000014,2667.7954283264394
1.8020000000000014,2667.3697041875844
1.8040000000000014,2666.9435675908376
1.8060000000000014,2666.517089958161
1.8080000000000014,2666.0902914092712
1.8100000000000014,2665.6631799170777
1.8120000000000014,2665.235650867519
1.8140000000000014,2664.8076683084514
1.8160000000000014,2664.37943050458
1.8180000000000014,2663.9507886692004
1.8200000000000014,2663.5218103887896
1.8220000000000014,2663.092531218928
1.8240000000000014,2662.662870111218
1.8260000000000014,2662.2329174661904
1.8280000000000014,2661.802706292691
1.8300000000000014,2661.3722516333955
1.8320000000000014,2660.9414519361558
1.8340000000000014,2660.5103786974496
1.8360000000000014,2660.0790513430416
1.8380000000000014,2659.647476996243
1.8400000000000014,2659.2155500109575
1.8420000000000014,2658.783339907995
1.8440000000000014,2658.3508655951637
1.8460000000000014,2657.9180274685677
1.8480000000000014,2657.485004401673
1.8500000000000014,2657.0516386995355
1.8520000000000014,2656.617881072171
1.8540000000000014,2656.1839221638998
1.8560000000000014,2655.7496104093507
1.8580000000000014,2655.3150056887084
1.8600000000000014,2654.8801222345414
1.8620000000000014,2654.444858648042
1.8640000000000014,2654.009286671006
1.8660000000000014,2653.573426462764
1.8680000000000014,2653.1372858332265
1.8700000000000014,2652.7007602133326
1.8720000000000014,2652.263919862157
1.8740000000000014,2651.8267844107836
1.8760000000000014,2651.3892552792577
1.8780000000000014,2650.9514054062242
1.8800000000000014,2650.513255545225
1.8820000000000014,2650.0747075805384
1.8840000000000015,2649.635940960181
1.8860000000000015,2649.1966928843876
1.8880000000000015,2648.757198397918
1.8900000000000015,2648.3173155080362
1.8920000000000015,2647.8771088787557
1.8940000000000015,2647.4365966480054
1.8960000000000015,2646.9958001596224
1.8980000000000015,2646.554633103152
1.9000000000000015,2646.113179162037
1.9020000000000015,2645.6713598976467
1.9040000000000015,2645.2293644070996
1.9060000000000015,2644.787040814084
1.9080000000000015,2644.3444482423583
1.9100000000000015,2643.901494290232
1.9120000000000015,2643.4583607037307
1.9140000000000015,2643.0148926869592
1.9160000000000015,2642.5711480380996
1.9180000000000015,2642.127034192822
1.9200000000000015,2641.6827329229345
1.9220000000000015,2641.2380897669295
1.9240000000000015,2640.793162768111
1.9260000000000015,2640.3478595823217
1.9280000000000015,2639.9022560124413
1.9300000000000015,2639.4560963956583
1.9320000000000015,2639.009893353696
1.9340000000000015,2638.5635226932186
1.9360000000000015,2638.1167559117293
1.9380000000000015,2637.66967264143
1.9400000000000015,2637.2221930360165
1.9420000000000015,2636.774505573894
1.9440000000000015,2636.3264632429223
1.9460000000000015,2635.8780236894927
1.9480000000000015,2635.4293805623697
1.9500000000000015,2634.980386083294
1.9520000000000015,2634.5311010538344
1.9540000000000015,2634.081540487421
1.9560000000000015,2633.6316043048414
1.9580000000000015,2633.1813639974366
1.9600000000000015,2632.7308401233377
1.9620000000000015,2632.280041089119
1.9640000000000015,2631.82886332648
1.9660000000000015,2631.377376731084
1.9680000000000015,2630.9254955071797
1.9700000000000015,2630.4734055087424
1.9720000000000015,2630.020969183393
1.9740000000000015,2629.568260874547
1.9760000000000015,2629.1153059132316
1.9780000000000015,2628.6620103232335
1.9800000000000015,2628.208448706186
1.9820000000000015,2627.754642684262
1.9840000000000015,2627.300600917923
1.9860000000000015,2626.846219723142
1.9880000000000015,2626.391568404071
1.9900000000000015,2625.936666399273
1.9920000000000015,2625.481521471754
1.9940000000000015,2625.026135456616
1.9960000000000016,2624.570402145973
1.9980000000000016,2624.1143898672976
2.0000000000000013,2623.658012448943
2.002000000000001,2623.2014534039304
2.004000000000001,2622.74456063894
2.0060000000000007,2622.287392304077
2.0080000000000005,2621.8298568333284
2.0100000000000002,2621.3721352155753
2.012,2620.91407450729
2.014,2620.4556270422117
2.0159999999999996,2619.9969823740876
2.0179999999999993,2619.5379920036526
2.019999999999999,2619.078715727864
2.021999999999999,2618.6191686173916
2.0239999999999987,2618.1592511845865
2.0259999999999985,2617.6990347797305
2.0279999999999982,2617.238540325413
2.029999999999998,2616.7777765727196
2.031999999999998,2616.3166408259285
2.0339999999999976,2615.8552030060837
2.0359999999999974,2615.393483497695
2.037999999999997,2614.931385561248
2.039999999999997,2614.4690871369353
2.0419999999999967,2614.006434621091
2.0439999999999965,2613.5433801488625
2.0459999999999963,2613.0801134967187
2.047999999999996,2612.616496098273
2.049999999999996,2612.1524970280975
2.0519999999999956,2611.6883176781544
2.0539999999999954,2611.223817526345
2.055999999999995,2610.759060149106
2.057999999999995,2610.294063185426
2.0599999999999947,2609.8288365665776
2.0619999999999945,2609.36327982464
2.0639999999999943,2608.8974638554046
2.065999999999994,2608.431409554245
2.067999999999994,2607.965125496421
2.0699999999999936,2607.49850885495
2.0719999999999934,2607.031628665014
2.073999999999993,2606.564504650903
2.075999999999993,2606.0971448892533
2.0779999999999927,2605.629446354462
2.0799999999999925,2605.1614781688795
2.0819999999999923,2604.6932599790734
2.083999999999992,2604.224800081021
2.085999999999992,2603.755995734994
2.0879999999999916,2603.287021038108
2.0899999999999914,2602.8176166266226
2.091999999999991,2602.3480132128943
2.093999999999991,2601.878071623745
2.0959999999999908,2601.4078554612706
2.0979999999999905,2600.9373816857046
2.0999999999999903,2600.4666571470993
2.10199999999999,2599.995578812507
2.10399999999999,2599.5242155700444
2.1059999999999897,2599.0525877060036
2.1079999999999894,2598.580598761571
2.109999999999989,2598.108425669334
2.111999999999989,2597.6359156815574
2.1139999999999888,2597.163020981519
2.1159999999999886,2596.6899298436833
2.1179999999999883,2596.216495469773
2.119999999999988,2595.742777546015
2.121999999999988,2595.26868660228
2.1239999999999877,2594.7942990665288
2.1259999999999875,2594.319752937078
2.1279999999999872,2593.8447918948955
2.129999999999987,2593.369649701951
2.131999999999987,2592.8941906642585
2.1339999999999866,2592.4184801337437
2.1359999999999864,2591.942535943964
2.137999999999986,2591.4663654156107
2.139999999999986,2590.989865820734
2.1419999999999857,2590.513105650207
2.1439999999999855,2590.0361048834857
2.1459999999999853,2589.558871844979
2.147999999999985,2589.0813044746537
2.149999999999985,2588.6034715191972
2.1519999999999846,2588.1253930967114
2.1539999999999844,2587.647077674146
2.155999999999984,2587.1684233091
2.157999999999984,2586.6894989135467
2.1599999999999837,2586.2103247069927
2.1619999999999835,2585.7309092707287
2.1639999999999833,2585.2511508342236
2.165999999999983,2584.771118370214
2.167999999999983,2584.290832202251
2.1699999999999826,2583.810301020258
2.1719999999999824,2583.329424770258
2.173999999999982,2582.848275379016
2.175999999999982,2582.366875571579
2.1779999999999817,2581.8851311933313
2.1799999999999815,2581.403219018372
2.1819999999999813,2580.9209875858032
2.183999999999981,2580.4383891377747
2.185999999999981,2579.9556109056984
2.1879999999999806,2579.4725069987917
2.1899999999999804,2578.98913648328
2.19199999999998,2578.505514665344
2.19399999999998,2578.0216479151272
2.1959999999999797,2577.537433852085
2.1979999999999795,2577.052940958529
2.1999999999999793,2576.568085289583
2.201999999999979,2576.0830488190245
2.203999999999979,2575.59768999754
2.2059999999999786,2575.1120773195644
2.2079999999999784,2574.6262340668104
2.209999999999978,2574.1400674508677
2.211999999999978,2573.653650519403
2.2139999999999778,2573.167005411633
2.2159999999999775,2572.6801414204324
2.2179999999999773,2572.193061458578
2.219999999999977,2571.7056613158425
2.221999999999977,2571.2180081559272
2.2239999999999767,2570.7301216752576
2.2259999999999764,2570.2419061469095
2.227999999999976,2569.7535366238417
2.229999999999976,2569.2648620571117
2.231999999999976,2568.7759383797543
2.2339999999999756,2568.2866756801177
2.2359999999999753,2567.79725215973
2.237999999999975,2567.3075183905416
2.239999999999975,2566.817427192804
2.2419999999999747,2566.327165344087
2.2439999999999745,2565.836587892252
2.2459999999999742,2565.3457537593977
2.247999999999974,2564.85467817232
2.249999999999974,2564.36336762399
2.2519999999999736,2563.8717201914833
2.2539999999999734,2563.3798039159738
2.255999999999973,2562.8876392886714
2.257999999999973,2562.395235197387
2.2599999999999727,2561.902490902162
2.2619999999999725,2561.4094749843694
2.2639999999999723,2560.9162079902617
2.265999999999972,2560.4225951864582
2.267999999999972,2559.928707696078
2.2699999999999716,2559.4345672725594
2.2719999999999714,2558.940183339348
2.273999999999971,2558.445559269491
2.275999999999971,2557.9505918006835
2.2779999999999707,2557.455348416147
2.2799999999999705,2556.9597457434757
2.2819999999999703,2556.4639659039944
2.28399999999997,2555.967872519034
2.28599999999997,2555.471534578341
2.2879999999999696,2554.974975041963
2.2899999999999694,2554.4781011521804
2.291999999999969,2553.980985032813
2.293999999999969,2553.4837523484302
2.2959999999999687,2552.986137224042
2.2979999999999685,2552.4883606265676
2.2999999999999683,2551.9902834171257
2.301999999999968,2551.4919669156166
2.303999999999968,2550.9934276778636
2.3059999999999676,2550.494672613085
2.3079999999999674,2549.9956001999626
2.309999999999967,2549.496277948714
2.311999999999967,2548.996812061574
2.3139999999999668,2548.4972754476803
2.3159999999999665,2547.9976442738584
2.3179999999999663,2547.4978757609197
2.319999999999966,2546.9978307738847
2.321999999999966,2546.497656889893
2.3239999999999656,2545.997190245615
2.3259999999999654,2545.496376336604
2.327999999999965,2544.9953974891478
2.329999999999965,2544.494109009009
2.3319999999999648,2543.992569049303
2.3339999999999645,2543.4907930295744
2.3359999999999643,2542.98868422629
2.337999999999964,2542.4863123832106
2.339999999999964,2541.9836988053103
2.3419999999999637,2541.4808528126314
2.3439999999999634,2540.9776745190193
2.3459999999999632,2540.4742319408847
2.347999999999963,2539.970545684203
2.349999999999963,2539.466625022036
2.3519999999999626,2538.962369998226
2.3539999999999623,2538.4579519243207
2.355999999999962,2537.953117622935
2.357999999999962,2537.448093173572
2.3599999999999617,2536.942743577496
2.3619999999999615,2536.437236066941
2.3639999999999612,2535.9313224247244
2.365999999999961,2535.4252349091425
2.367999999999961,2534.918946629705
2.3699999999999606,2534.4123526440435
2.3719999999999604,2533.9055180515347
2.37399999999996,2533.398358855849
2.37599999999996,2532.891053719081
2.3779999999999597,2532.383456259033
2.3799999999999595,2531.8756228560574
2.3819999999999593,2531.3675679943194
2.383999999999959,2530.8591948059798
2.385999999999959,2530.3506754207497
2.3879999999999586,2529.8418607502485
2.3899999999999584,2529.332806097864
2.391999999999958,2528.8234232743343
2.393999999999958,2528.3137874307304
2.3959999999999577,2527.803923490826
2.3979999999999575,2527.2938428306284
2.3999999999999573,2526.7835496730704
2.401999999999957,2526.2729418871
2.403999999999957,2525.76208591261
2.4059999999999566,2525.2510017077234
2.4079999999999564,2524.739698292861
2.409999999999956,2524.2280758695033
2.411999999999956,2523.7162018173567
2.4139999999999557,2523.20409663778
2.4159999999999555,2522.69176945411
2.4179999999999553,2522.1791206904054
2.419999999999955,2521.666320619943
2.421999999999955,2521.1532201795226
2.4239999999999546,2520.639771522297
2.4259999999999544,2520.126158547229
2.427999999999954,2519.612239080851
2.429999999999954,2519.098071286532
2.4319999999999538,2518.583567949266
2.4339999999999535,2518.0689054386676
2.4359999999999533,2517.553937606193
2.437999999999953,2517.038720576276
2.439999999999953,2516.52326908023
2.4419999999999527,2516.007487474964
2.4439999999999524,2515.4914501742514
2.445999999999952,2514.975185874365
2.447999999999952,2514.458709603204
2.4499999999999518,2513.941925606715
2.4519999999999516,2513.425005520923
2.4539999999999513,2512.9078014534216
2.455999999999951,2512.390265811692
2.457999999999951,2511.8725820155196
2.4599999999999507,2511.3546081494333
2.4619999999999505,2510.836401822388
2.4639999999999502,2510.317978350169
2.46599999999995,2509.799344306515
2.46799999999995,2509.280399392062
2.4699999999999496,2508.761210162563
2.4719999999999493,2508.241796953742
2.473999999999949,2507.7221688526965
2.475999999999949,2507.2022267473512
2.4779999999999487,2506.6820376734527
2.4799999999999485,2506.161622081423
2.4819999999999482,2505.640989229277
2.483999999999948,2505.120040095917
2.485999999999948,2504.598841695578
2.4879999999999476,2504.0774145994747
2.4899999999999474,2503.55576819002
2.491999999999947,2503.0338035721225
2.493999999999947,2502.511690088875
2.4959999999999467,2501.9892798417354
2.4979999999999465,2501.4665252400896
2.4999999999999463,2500.9436100084877
2.501999999999946,2500.420394953624
2.503999999999946,2499.896939141318
2.5059999999999456,2499.373258980608
2.5079999999999454,2498.849259740289
2.509999999999945,2498.325010131487
2.511999999999945,2497.8005315225737
2.5139999999999447,2497.2758336249294
2.5159999999999445,2496.7509198891516
2.5179999999999443,2496.225688970664
2.519999999999944,2495.7002066092437
2.521999999999944,2495.1744930027508
2.5239999999999436,2494.64845712544
2.5259999999999434,2494.122276750345
2.527999999999943,2493.5958114142395
2.529999999999943,2493.0690177812867
2.5319999999999427,2492.54208055085
2.5339999999999425,2492.0148601559417
2.5359999999999423,2491.4874142811123
2.537999999999942,2490.9597583600926
2.539999999999942,2490.4318991290024
2.5419999999999416,2489.9037366997245
2.5439999999999414,2489.375439049901
2.545999999999941,2488.8468586061795
2.547999999999941,2488.317947397612
2.5499999999999408,2487.788887504104
2.5519999999999405,2487.259538444655
2.5539999999999403,2486.7299573934006
2.55599999999994,2486.2001598178213
2.55799999999994,2485.6700506713382
2.5599999999999397,2485.139800176544
2.5619999999999394,2484.609262016929
2.563999999999939,2484.0784905948476
2.565999999999939,2483.547398592228
2.5679999999999388,2483.016058279913
2.5699999999999386,2482.484594765645
2.5719999999999383,2481.95274929537
2.573999999999938,2481.420737892164
2.575999999999938,2480.888425841351
2.5779999999999377,2480.355873391585
2.5799999999999375,2479.823097785307
2.5819999999999372,2479.2901067407274
2.583999999999937,2478.7568014322997
2.585999999999937,2478.223247967642
2.5879999999999366,2477.68946702342
2.5899999999999364,2477.15546819035
2.591999999999936,2476.6211534010995
2.593999999999936,2476.086589085831
2.5959999999999357,2475.5517961727637
2.5979999999999355,2475.0167841189877
2.5999999999999353,2474.4814550744445
2.601999999999935,2473.945875491738
2.603999999999935,2473.4100663014183
2.6059999999999346,2472.8740406243605
2.6079999999999344,2472.337707453762
2.609999999999934,2471.8012405303875
2.611999999999934,2471.2644973118313
2.6139999999999337,2470.727432090265
2.6159999999999335,2470.19022698496
2.6179999999999333,2469.652742903756
2.619999999999933,2469.1150366143634
2.621999999999933,2468.5771235773486
2.6239999999999326,2468.0390104449534
2.6259999999999324,2467.5005979824523
2.627999999999932,2466.9619516534713
2.629999999999932,2466.423091801693
2.6319999999999317,2465.8840277078884
2.6339999999999315,2465.3446613868664
2.6359999999999313,2464.805058704946
2.637999999999931,2464.265240228521
2.639999999999931,2463.7252151611037
2.6419999999999306,2463.184885722497
2.6439999999999304,2462.64431769341
2.64599999999993,2462.103531688791
2.64799999999993,2461.562537032483
2.6499999999999297,2461.021337253224
2.6519999999999295,2460.479831957352
2.6539999999999293,2459.938085867842
2.655999999999929,2459.396119243894
2.657999999999929,2458.853840278334
2.6599999999999286,2458.311317608602
2.6619999999999284,2457.7685730895223
2.663999999999928,2457.225616620364
2.665999999999928,2456.6824519607553
2.6679999999999278,2456.1389790124217
2.6699999999999275,2455.5952626702374
2.6719999999999273,2455.0513231723075
2.673999999999927,2454.5071701767015
2.675999999999927,2453.962706321042
2.6779999999999267,2453.41799752776
2.6799999999999264,2452.8730646677914
2.681999999999926,2452.3278163029295
2.683999999999926,2451.782422132186
2.685999999999926,2451.2367382540388
2.6879999999999256,2450.690821036981
2.6899999999999253,2450.1445888711787
2.691999999999925,2449.59821846275
2.693999999999925,2449.051570189105
2.6959999999999247,2448.5047000135405
2.6979999999999245,2447.9575224515174
2.6999999999999242,2447.410210205683
2.701999999999924,2446.862621089693
2.703999999999924,2446.314809444637
2.7059999999999236,2445.7667899397757
2.7079999999999234,2445.218468447988
2.709999999999923,2444.670013971218
2.711999999999923,2444.1212833768027
2.7139999999999227,2443.5722300100892
2.7159999999999225,2443.0230340444155
2.7179999999999223,2442.4735576860007
2.719999999999922,2441.923857301983
2.721999999999922,2441.3739483891436
2.7239999999999216,2440.82383792489
2.7259999999999214,2440.27342759663
2.727999999999921,2439.722782312372
2.729999999999921,2439.171922540755
2.7319999999999207,2438.62085771904
2.7339999999999205,2438.0694908353175
2.7359999999999203,2437.517987932711
2.73799999999992,2436.9662045413397
2.73999999999992,2436.4140930432604
2.7419999999999196,2435.8618329717074
2.7439999999999194,2435.309286883121
2.745999999999919,2434.756511032896
2.747999999999919,2434.203521094471
2.7499999999999187,2433.6502237075347
2.7519999999999185,2433.0966858095953
2.7539999999999183,2432.542928875356
2.755999999999918,2431.9889629060417
2.757999999999918,2431.4347916862243
2.7599999999999176,2430.8803242646272
2.7619999999999174,2430.3257711251163
2.763999999999917,2429.771248681728
2.765999999999917,2429.2165579476873
2.7679999999999167,2428.6617040566302
2.7699999999999165,2428.106570653847
2.7719999999999163,2427.5512139486855
2.773999999999916,2426.9957516870927
2.775999999999916,2426.439927493371
2.7779999999999156,2425.883952903905
2.7799999999999154,2425.327696007927
2.781999999999915,2424.771316318937
2.783999999999915,2424.2146666915814
2.7859999999999148,2423.6576979191714
2.7879999999999145,2423.100587962388
2.7899999999999143,2422.543199604998
2.791999999999914,2421.9855887136923
2.793999999999914,2421.427770843033
2.7959999999999137,2420.8696528299206
2.7979999999999134,2420.311401588193
2.7999999999999132,2419.7528742249187
2.801999999999913,2419.1940234621356
2.803999999999913,2418.6350280203546
2.8059999999999126,2418.075751192264
2.8079999999999123,2417.5162490055877
2.809999999999912,2416.956537525614
2.811999999999912,2416.396624848423
2.8139999999999117,2415.83641434486
2.8159999999999115,2415.275970950246
2.8179999999999112,2414.7153155974456
2.819999999999911,2414.15445803334
2.821999999999911,2413.5933020392963
2.8239999999999106,2413.031912481512
2.8259999999999104,2412.470309930592
2.82799999999991,2411.908504169562
2.82999999999991,2411.3463988701365
2.8319999999999097,2410.7841589836357
2.8339999999999095,2410.2216415819566
2.8359999999999093,2409.658799240271
2.837999999999909,2409.0958102563095
2.839999999999909,2408.532538597937
2.8419999999999086,2407.969040128046
2.8439999999999084,2407.4053307239806
2.845999999999908,2406.8413176885397
2.847999999999908,2406.277067528346
2.8499999999999077,2405.7127017830876
2.8519999999999075,2405.147968619138
2.8539999999999073,2404.583081884783
2.855999999999907,2404.017913783552
2.857999999999907,2403.452525043515
2.8599999999999066,2402.8869341537743
2.8619999999999064,2402.3211495834125
2.863999999999906,2401.755074712041
2.865999999999906,2401.188773775114
2.8679999999999057,2400.622267208952
2.8699999999999055,2400.0555645770874
2.8719999999999053,2399.4885698598155
2.873999999999905,2398.9213473979676
2.875999999999905,2398.353917781782
2.8779999999999046,2397.78629069699
2.8799999999999044,2397.2184699456866
2.881999999999904,2396.650356896222
2.883999999999904,2396.0820148562675
2.8859999999999038,2395.5134642169023
2.8879999999999035,2394.944615107882
2.8899999999999033,2394.375534670896
2.891999999999903,2393.806244958604
2.893999999999903,2393.2367561295832
2.8959999999999027,2392.667072288303
2.8979999999999024,2392.097095086153
2.899999999999902,2391.526887688661
2.901999999999902,2390.956470636635
2.9039999999999018,2390.385853705805
2.9059999999999016,2389.814941433259
2.9079999999999013,2389.2437982977463
2.909999999999901,2388.672445715153
2.911999999999901,2388.100894411738
2.9139999999999007,2387.5291274299266
2.9159999999999004,2386.9569598954745
2.9179999999999002,2386.3846284460806
2.9199999999999,2385.812125318519
2.9219999999999,2385.2394422758125
2.9239999999998996,2384.6664739528987
2.9259999999998993,2384.0932795985204
2.927999999999899,2383.5198778797194
2.929999999999899,2382.9461784399587
2.9319999999998987,2382.37224809054
2.9339999999998985,2381.7981104102655
2.9359999999998982,2381.223778867169
2.937999999999898,2380.649260316273
2.939999999999898,2380.0744584018853
2.9419999999998976,2379.499436909666
2.9439999999998974,2378.9242166050376
2.945999999999897,2378.3488072424125
2.947999999999897,2377.7731135419344
2.9499999999998967,2377.1971994590517
2.9519999999998965,2376.621085627456
2.9539999999998963,2376.0447818750554
2.955999999999896,2375.468292126476
2.957999999999896,2374.8915183589083
2.9599999999998956,2374.314523301372
2.9619999999998954,2373.7373273564876
2.963999999999895,2373.1598411358705
2.965999999999895,2372.582131544373
2.9679999999998947,2372.0043198351923
2.9699999999998945,2371.4261553991673
2.9719999999998943,2370.8478462363346
2.973999999999894,2370.269263177619
2.975999999999894,2369.6905633366355
2.9779999999998936,2369.1116025747187
2.9799999999998934,2368.5323320907437
2.981999999999893,2367.9529274529755
2.983999999999893,2367.373254654899
2.9859999999998927,2366.793368772177
2.9879999999998925,2366.213285938473
2.9899999999998923,2365.632914827207
2.991999999999892,2365.0523211713407
2.993999999999892,2364.471526950456
2.9959999999998916,2363.8905427925097
2.9979999999998914,2363.309373279773
2.999999999999891,2362.727921106218
3.001999999999891,2362.1462492157852
3.0039999999998908,2361.5643782746956
3.0059999999998905,2360.982318720052
3.0079999999998903,2360.3999766958664
3.00999999999989,2359.81741689735
3.01199999999989,2359.2346609760016
3.0139999999998897,2358.651719587181
3.0159999999998894,2358.068599414512
3.017999999999889,2357.4852058954093
3.019999999999889,2356.901603695252
3.0219999999998888,2356.3178146493497
3.0239999999998886,2355.7337505320447
3.0259999999998883,2355.149577001505
3.027999999999888,2354.5651553619214
3.029999999999888,2353.9805377590887
3.0319999999998877,2353.395739069159
3.0339999999998875,2352.810667736882
3.0359999999998872,2352.2254878760905
3.037999999999887,2351.6400603799343
3.039999999999887,2351.0544373623934
3.0419999999998866,2350.468535021923
3.0439999999998864,2349.882521659837
3.045999999999886,2349.29626040039
3.047999999999886,2348.709804335273
3.0499999999998857,2348.123168863558
3.0519999999998855,2347.536263038358
3.0539999999998853,2346.9491523638694
3.055999999999885,2346.3619575840335
3.057999999999885,2345.774430326939
3.0599999999998846,2345.1867774303123
3.0619999999998844,2344.598969963411
3.063999999999884,2344.010905540644
3.065999999999884,2343.4226437378206
3.0679999999998837,2342.834203929843
3.0699999999998835,2342.245497587773
3.0719999999998833,2341.6566898629167
3.073999999999883,2341.0676431562565
3.075999999999883,2340.478410068609
3.0779999999998826,2339.888907891373
3.0799999999998824,2339.299304866223
3.081999999999882,2338.7094654598873
3.083999999999882,2338.1194431318117
3.0859999999998817,2337.5292539991933
3.0879999999998815,2336.938906446694
3.0899999999998813,2336.34840468621
3.091999999999881,2335.757652732178
3.093999999999881,2335.1667138372977
3.0959999999998806,2334.575611380967
3.0979999999998804,2333.9843590039627
3.09999999999988,2333.392865758497
3.10199999999988,2332.8011976448734
3.1039999999998797,2332.2094762001607
3.1059999999998795,2331.6175535590596
3.1079999999998793,2331.0253783512667
3.109999999999879,2330.433123722242
3.111999999999879,2329.840657642406
3.1139999999998786,2329.2481335966245
3.1159999999998784,2328.6554091810176
3.117999999999878,2328.0624362470644
3.119999999999878,2327.4693896294475
3.1219999999998778,2326.8762369737287
3.1239999999998775,2326.28287454808
3.1259999999998773,2325.6893611445034
3.127999999999877,2325.0957168307004
3.129999999999877,2324.501952628651
3.1319999999998767,2323.9080748126016
3.1339999999998764,2323.3139890708185
3.135999999999876,2322.719857783612
3.137999999999876,2322.1255446501286
3.139999999999876,2321.531103353994
3.1419999999998756,2320.9365515311288
3.1439999999998753,2320.341801631737
3.145999999999875,2319.7470194574657
3.147999999999875,2319.152070792346
3.1499999999998747,2318.55710856702
3.1519999999998745,2317.9619921740214
3.1539999999998742,2317.3667737372452
3.155999999999874,2316.7716179999134
3.157999999999874,2316.176639960855
3.1599999999998736,2315.581647066669
3.1619999999998734,2314.9866435336276
3.163999999999873,2314.391614063706
3.165999999999873,2313.7965506938367
3.1679999999998727,2313.201451570326
3.1699999999998725,2312.6063188908693
3.1719999999998723,2312.0110595895694
3.173999999999872,2311.4158401329805
3.175999999999872,2310.820531213808
3.1779999999998716,2310.225290655248
3.1799999999998714,2309.6299835106142
3.181999999999871,2309.0347645308307
3.183999999999871,2308.4394978897126
3.1859999999998707,2307.84433855727
3.1879999999998705,2307.2491517022354
3.1899999999998703,2306.654093746406
3.19199999999987,2306.0590317509473
3.19399999999987,2305.4640266664705
3.1959999999998696,2304.869204266918
3.1979999999998694,2304.27452615956
3.199999999999869,2303.679894371984
3.201999999999869,2303.0854767103037
3.2039999999998687,2302.4912485398354
3.2059999999998685,2301.8972198159154
3.2079999999998683,2301.3034083139796
3.209999999999868,2300.7099351952634
3.211999999999868,2300.1167678574902
3.2139999999998676,2299.5239182209634
3.2159999999998674,2298.931412694344
3.217999999999867,2298.339385380534
3.219999999999867,2297.7478201447816
3.2219999999998667,2297.1568459442055
3.2239999999998665,2296.5664517944037
3.2259999999998663,2295.9767791782656
3.227999999999866,2295.3878356327705
3.229999999999866,2294.799884623646
3.2319999999998656,2294.21290444363
3.2339999999998654,2293.6271783932975
3.235999999999865,2293.042824618233
3.237999999999865,2292.4600342605067
3.2399999999998648,2291.879158540172
3.2419999999998645,2291.300671723438
3.2439999999998643,2290.725095539163
3.245999999999864,2290.1532292455477
3.247999999999864,2289.586277873102
3.2499999999998637,2289.0265903542604
3.2519999999998634,2288.4799474062834
3.2539999999998632,1931.7461713581017
3.255999999999863,1574.0345102739698
3.257999999999863,1295.176997184377
3.2599999999998626,1099.8865300161865
3.2619999999998623,971.5254803301696
3.263999999999862,890.7729078215516
3.265999999999862,841.5379234091323
3.2679999999998617,812.1178837061046
3.2699999999998615,794.6620734008054
3.2719999999998612,784.1883199567053
3.273999999999861,777.6659884918263
3.275999999999861,773.3167035294321
3.2779999999998606,770.1291539555596
3.2799999999998604,767.5447646738367
3.28199999999986,765.2637208332283
3.28399999999986,763.1298588048861
3.2859999999998597,761.0644714307558
3.2879999999998595,759.0295333420233
3.2899999999998593,757.0075647942733
3.291999999999859,754.991052520488
3.293999999999859,752.9772356693258
3.2959999999998586,750.9652726485833
3.2979999999998584,748.9551824762277
3.299999999999858,746.9472339464181
3.301999999999858,744.9416654450633
3.3039999999998577,742.9385611705698
3.3059999999998575,740.9381857052988
3.3079999999998573,738.9405943012025
3.309999999999857,736.9459219302942
3.311999999999857,734.9540486312874
3.3139999999998566,732.9651046214317
3.3159999999998564,730.979057330527
3.317999999999856,728.9958903551839
3.319999999999856,727.0155915383867
3.3219999999998557,725.038247898155
3.3239999999998555,723.063710205529
3.3259999999998553,721.092091698554
3.327999999999855,719.1233499653467
3.329999999999855,717.1574630552968
3.3319999999998546,715.1944157748911
3.3339999999998544,713.2342937329615
3.335999999999854,711.2769467316474
3.337999999999854,709.3224878077106
3.3399999999998538,707.3708744564078
3.3419999999998535,705.4220847288343
3.3439999999998533,703.4761035067021
3.345999999999853,701.5330166983075
3.347999999999853,699.5926740660136
3.3499999999998527,697.6551889543891
3.3519999999998524,695.7204220967533
3.353999999999852,693.7884936025735
3.355999999999852,691.8593651432684
3.3579999999998518,689.9330172594891
3.3599999999998515,688.0094363458262
3.3619999999998513,686.0887095143726
3.363999999999851,684.1706869241882
3.365999999999851,682.2555489478386
3.3679999999998507,680.3431042439142
3.3699999999998504,678.4333186381815
3.3719999999998502,676.526324179821
3.37399999999985,674.622084761975
3.37599999999985,672.7205822396943
3.3779999999998496,670.8218038500034
3.3799999999998493,668.925837579566
3.381999999999849,667.0325337966781
3.383999999999849,665.1419097183183
3.3859999999998487,663.2540661834889
3.3879999999998485,661.3689587799316
3.3899999999998482,659.4864669684974
3.391999999999848,657.6067177187354
3.393999999999848,655.7296769811578
3.3959999999998476,653.8553281015625
3.3979999999998474,651.9836594368751
3.399999999999847,650.1146624873132
3.401999999999847,648.2483306819026
3.4039999999998467,646.3846586184425
3.4059999999998465,644.5236416000455
3.4079999999998463,642.6652753593628
3.409999999999846,640.8096537038189
3.411999999999846,638.9566300895245
3.4139999999998456,637.1062239764177
3.4159999999998454,635.2585383385708
3.417999999999845,633.413432272092
3.419999999999845,631.5710266690858
3.4219999999998447,629.7311859647345
3.4239999999998445,627.8940344876316
3.4259999999998443,626.0594387696657
3.427999999999844,624.2275245016235
3.429999999999844,622.398257082757
3.4319999999998436,620.5715217996649
3.4339999999998434,618.7474504415361
3.435999999999843,616.9260123196722
3.437999999999843,615.1070951183663
3.4399999999998427,613.290832254711
3.4419999999998425,611.4771941256245
3.4439999999998423,609.6661673008649
3.445999999999842,607.8576445685933
3.447999999999842,606.0517627853881
3.4499999999998416,604.2484946771928
3.4519999999998414,602.4477301032344
3.453999999999841,600.6496042018928
3.455999999999841,598.8540888037512
3.4579999999998408,597.0610733234068
3.4599999999998405,595.2706928231048
3.4619999999998403,593.4829193321953
3.46399999999984,591.6976425022806
3.46599999999984,589.9149977466697
3.4679999999998397,588.1348592047991
3.4699999999998394,586.3573583150331
3.471999999999839,584.5823668879522
3.473999999999839,582.8099166446294
3.4759999999998388,581.0401200852903
3.4779999999998386,579.27284311361
3.4799999999998383,577.5081139048838
3.481999999999838,575.7460429916989
3.483999999999838,573.9864956712634
3.4859999999998377,572.2294998610028
3.4879999999998375,570.4750679790889
3.4899999999998372,568.7232082740713
3.491999999999837,566.9739270155026
3.493999999999837,565.2272284631757
3.4959999999998366,563.4830181033051
3.4979999999998364,561.7414419028077
3.499999999999836,560.0024809469389
3.501999999999836,558.2660318983567
3.5039999999998357,556.5322353756673
3.5059999999998355,554.8009716951681
3.5079999999998353,553.0722786072679
3.509999999999835,551.3461760564428
3.511999999999835,549.6227764131322
3.5139999999998346,547.9018506427262
3.5159999999998344,546.1835715162338
3.517999999999834,544.4679337260382
3.519999999999834,542.7549416983722
3.5219999999998337,541.0445031348822
3.5239999999998335,539.336765869387
3.5259999999998333,537.6316178674849
3.527999999999833,535.9291020879507
3.529999999999833,534.2292437656461
3.5319999999998326,532.5319513041642
3.5339999999998324,530.8374448187748
3.535999999999832,529.1456543218634
3.537999999999832,527.4564921839388
3.5399999999998317,525.7701092428397
3.5419999999998315,524.0863991233725
3.5439999999998313,522.4054088240049
3.545999999999831,520.7271683693352
3.547999999999831,519.0516055507562
3.5499999999998306,517.3788806449886
3.5519999999998304,515.7088962224404
3.55399999999983,514.0417515453925
3.55599999999983,512.3774346039729
3.5579999999998297,510.7159575088529
3.5599999999998295,509.0572573688116
3.5619999999998293,507.4015001378418
3.563999999999829,505.7485967615481
3.565999999999829,504.0986055693557
3.5679999999998286,502.4515681050123
3.5699999999998284,500.80751982938386
3.571999999999828,499.1664928992107
3.573999999999828,497.5284235973263
3.5759999999998278,495.8933828319113
3.5779999999998275,494.2614226483861
3.5799999999998273,492.63249396029653
3.581999999999827,491.00676917710183
3.583999999999827,489.3841775288052
3.5859999999998267,487.7647863515224
3.5879999999998264,486.14855723454593
3.589999999999826,484.5356698316464
3.591999999999826,482.9260605135802
3.593999999999826,481.31980421663394
3.5959999999998256,479.7168707520049
3.5979999999998253,478.11746146565497
3.599999999999825,476.52150951107194
3.601999999999825,474.9289828523804
3.6039999999998247,473.3400925375579
3.6059999999998245,471.75479700220563
3.6079999999998242,470.1731846231062
3.609999999999824,468.59524282811617
3.611999999999824,467.0210766290473
3.6139999999998236,465.45077345085275
3.6159999999998234,463.88432550493167
3.617999999999823,462.32192654104654
3.619999999999823,460.76346486738106
3.6219999999998227,459.20915535283814
3.6239999999998225,457.65898931528346
3.6259999999998223,456.11299173374306
3.627999999999822,454.57129118660987
3.629999999999822,453.0339981624507
3.6319999999998216,451.5012119497987
3.6339999999998214,449.97294595250384
3.635999999999821,448.44925083790224
3.637999999999821,446.9302464349814
3.6399999999998207,445.41606593024136
3.6419999999998205,443.9067450139922
3.6439999999998203,442.40241552781885
3.64599999999982,440.9031242418429
3.64799999999982,439.4090095714393
3.6499999999998196,437.92012640497626
3.6519999999998194,436.4365457019295
3.653999999999819,434.9584924299759
3.655999999999819,433.48594571771645
3.6579999999998187,432.01905754235656
3.6599999999998185,430.55797234699946
3.6619999999998183,429.1027707057948
3.663999999999818,427.65350300510204
3.665999999999818,426.2103309135803
3.6679999999998176,424.77333580873693
3.6699999999998174,423.342603315825
3.671999999999817,421.9182863649865
3.673999999999817,420.5004702999619
3.6759999999998167,419.0892952190671
3.6779999999998165,417.6847872455075
3.6799999999998163,416.28708844008764
3.681999999999816,414.8963423127812
3.683999999999816,413.5126223695992
3.6859999999998156,412.1359970101085
3.6879999999998154,410.7665411311318
3.689999999999815,409.4043320696192
3.691999999999815,408.04948778381583
3.6939999999998148,406.7020774979375
3.6959999999998145,405.3621529388698
3.6979999999998143,404.02976534980826
3.699999999999814,402.7049984009538
3.701999999999814,401.38786387135616
3.7039999999998137,400.07841051240376
3.7059999999998134,398.7766759675145
3.7079999999998132,397.4826674313899
3.709999999999813,396.19642419935707
3.711999999999813,394.91789066414873
3.7139999999998126,393.64707351941684
3.7159999999998123,392.3839405686212
3.717999999999812,391.1284438831826
3.719999999999812,389.88055770102017
3.7219999999998117,388.6402097247747
3.7239999999998115,387.40738298776586
3.7259999999998112,386.1819048798251
3.727999999999811,384.9636708043499
3.729999999999811,383.75258148718603
3.7319999999998106,382.5485355086301
3.7339999999998104,381.35137793932137
3.73599999999981,380.16093397146346
3.73799999999981,378.9770750251014
3.7399999999998097,377.79962401501075
3.7419999999998095,376.6284193800781
3.7439999999998093,375.4632279852615
3.745999999999809,374.3038812632327
3.747999999999809,373.1501315458137
3.7499999999998086,372.0017957650004
3.7519999999998084,370.8586789880575
3.753999999999808,369.720506341571
3.755999999999808,368.5870858552663
3.7579999999998077,367.4581400187498
3.7599999999998075,366.3334671618706
3.7619999999998073,365.21285907695125
3.763999999999807,364.0960749902459
3.765999999999807,362.982829544746
3.7679999999998066,361.872972735842
3.7699999999998064,360.7662242927091
3.771999999999806,359.6623907838833
3.773999999999806,358.56128816787526
3.7759999999998057,357.4626481196617
3.7779999999998055,356.3663420931557
3.7799999999998053,355.27212052048526
3.781999999999805,354.17982981683326
3.783999999999805,353.0892787166741
3.7859999999998046,352.0003208130051
3.7879999999998044,350.9128216704063
3.789999999999804,349.82657786185814
3.791999999999804,348.7415110657223
3.7939999999998038,347.65747423801116
3.7959999999998035,346.57433565843337
3.7979999999998033,345.49200856187207
3.799999999999803,348.90458439438856
3.801999999999803,348.8779646224918
3.8039999999998027,348.4823495623345
3.8059999999998024,347.8604603299554
3.807999999999802,347.1029947306748
3.809999999999802,346.2660392795759
3.8119999999998018,345.38351323621515
3.8139999999998015,344.4755614960127
3.8159999999998013,343.5539524436342
3.817999999999801,342.62548251288325
3.819999999999801,341.69396687258643
3.8219999999998007,340.7615706754012
3.8239999999998004,339.82943473449683
3.8259999999998002,338.8982629197943
3.8279999999998,337.9683393017808
3.8299999999998,337.0398650951633
3.8319999999997996,336.1129500545248
3.8339999999997993,335.18760913012505
3.835999999999799,334.2638844983969
3.837999999999799,333.3417560437313
3.8399999999997987,332.4212248105283
3.8419999999997985,331.5023111989728
3.8439999999997982,330.5849843009717
3.845999999999798,329.6692397839696
3.847999999999798,328.7550961876241
3.8499999999997976,327.8425450084761
3.8519999999997974,326.9315311218331
3.853999999999797,326.02210093182424
3.855999999999797,325.1142454643915
3.8579999999997967,324.2079332370408
3.8599999999997965,323.30316002769064
3.8619999999997963,322.39994486482726
3.863999999999796,321.49825547034766
3.865999999999796,320.59811163795194
3.8679999999997956,319.6994811111443
3.8699999999997954,318.80235952149815
3.871999999999795,317.9067663721054
3.873999999999795,317.01269364274356
3.8759999999997947,316.12008514913657
3.8779999999997945,315.229013120092
3.8799999999997943,314.33939286841536
3.881999999999794,313.4512722877836
3.883999999999794,312.56464343731943
3.8859999999997936,311.6794743317711
3.8879999999997934,310.7957606743748
3.889999999999793,309.9135227857546
3.891999999999793,309.03272786598205
3.8939999999997927,308.15339659704375
3.8959999999997925,307.27549677258673
3.8979999999997923,306.39904892028056
3.899999999999792,305.52402095981654
3.901999999999792,304.6504084484548
3.9039999999997916,303.77823171945664
3.9059999999997914,302.90745838600975
3.907999999999791,302.0381092198765
3.909999999999791,301.1701517839305
3.9119999999997908,300.3036070943397
3.9139999999997905,299.43844315069634
3.9159999999997903,298.5746810111183
3.91799999999979,297.71228853097244
3.91999999999979,296.8512868479033
3.9219999999997897,295.9916439476987
3.9239999999997894,295.13335555011724
3.925999999999789,294.27644243512333
3.927999999999789,293.42089791764676
3.9299999999997888,292.5666645232626
3.9319999999997886,291.71381705228464
3.9339999999997883,290.86229548499205
3.935999999999788,290.0120957292715
3.937999999999788,289.1632393520842
3.9399999999997877,288.3156942212423
3.9419999999997875,287.4694817306448
3.9439999999997872,286.62457002440584
3.945999999999787,285.7809806724422
3.947999999999787,284.9386819443519
3.9499999999997866,284.0976693741569
3.9519999999997864,283.2579903971395
3.953999999999786,282.4195598536423
3.955999999999786,281.58242719059996
3.9579999999997857,280.7465862123397
3.9599999999997855,279.9120056896848
3.9619999999997852,279.07868146388944
3.963999999999785,278.24663505418107
3.965999999999785,277.41586073930245
3.9679999999997846,276.5863271845557
3.9699999999997844,275.7580565774083
3.971999999999784,274.931017412985
3.973999999999784,274.10520588068925
3.9759999999997837,273.2806435609279
3.9779999999997835,272.45732501923845
3.9799999999997833,271.63521910633125
3.981999999999783,270.8143218933974
3.983999999999783,269.99465535856524
3.9859999999997826,269.1762141665583
3.9879999999997824,268.3589673339075
3.989999999999782,267.5429370043213
3.991999999999782,266.72809241873
3.9939999999997817,265.91442947540844
3.9959999999997815,265.10197032479493
3.9979999999997813,264.2907098289103
3.999999999999781,263.4806172606749
4.001999999999781,262.6717149200118
4.003999999999781,261.86397214117454
4.005999999999781,261.05741101187186
4.007999999999781,260.2520008306752
4.00999999999978,259.4477381018155
4.01199999999978,258.64467071709265
4.01399999999978,257.8427413240292
4.01599999999978,257.04194661451345
4.0179999999997795,256.2423087206838
4.019999999999779,255.44379713534005
4.021999999999779,254.64643423677865
4.023999999999779,253.8501896512862
4.025999999999779,253.05508576338246
4.027999999999778,252.2611181376849
4.029999999999778,251.46825683685717
4.031999999999778,250.6764984301052
4.033999999999778,249.88589089822455
4.0359999999997775,249.09634620331877
4.037999999999777,248.30792145760017
4.039999999999777,247.5206175275831
4.041999999999777,246.7343956211231
4.043999999999777,245.94927888039484
4.045999999999776,245.16526351652055
4.047999999999776,244.3823202353983
4.049999999999776,243.60044620585143
4.051999999999776,242.81966350863513
4.053999999999776,242.03996828923727
4.055999999999775,241.2613312917564
4.057999999999775,240.48374938704006
4.059999999999775,239.7072702234796
4.061999999999775,238.93183884699636
4.0639999999997745,238.1574520668862
4.065999999999774,237.3841320284484
4.067999999999774,236.61184983601294
4.069999999999774,235.84062758559202
4.071999999999774,235.07046189098168
4.073999999999773,234.3013239029995
4.075999999999773,233.53323581216233
4.077999999999773,232.76616913189247
4.079999999999773,232.00014585382655
4.0819999999997725,231.23516268008729
4.083999999999772,230.47119126567696
4.085999999999772,229.70822848506657
4.087999999999772,228.94629647903457
4.089999999999772,228.18539207247227
4.091999999999771,227.42551206948866
4.093999999999771,226.66660331751126
4.095999999999771,225.9087379158368
4.097999999999771,225.15186288150613
4.0999999999997705,224.39600017679481
4.10199999999977,223.64112191474123
4.10399999999977,222.88725003077724
4.10599999999977,222.1343568204224
4.10799999999977,221.38246415206487
4.109999999999769,220.6315691643478
4.111999999999769,219.88164434682886
4.113999999999769,219.13271148959427
4.115999999999769,218.38474317005074
4.1179999999997685,217.63776129508182
4.119999999999768,216.8917630120289
4.121999999999768,216.1467211521852
4.123999999999768,215.40265749419058
4.125999999999768,214.65954488286866
4.127999999999767,213.91740496525057
4.129999999999767,213.1762351475515
4.131999999999767,212.4360086788388
4.133999999999767,211.69674707807138
4.1359999999997665,210.95842354352743
4.137999999999766,210.22105966934544
4.139999999999766,209.48465306566914
4.141999999999766,208.74917710117808
4.143999999999766,208.01465315990015
4.145999999999765,207.28105494521856
4.147999999999765,206.54840380397553
4.149999999999765,205.81669745380412
4.151999999999765,205.08590961074765
4.1539999999997645,204.35606159482518
4.155999999999764,203.62715110622997
4.157999999999764,202.899152142314
4.159999999999764,202.17208585395213
4.161999999999764,201.4459264907348
4.1639999999997634,200.72069509631405
4.165999999999763,199.99638953111628
4.167999999999763,199.2729841906147
4.169999999999763,198.5505000663464
4.171999999999763,197.828911657587
4.173999999999762,197.10826315454057
4.175999999999762,196.38848310167612
4.177999999999762,195.66963841516883
4.179999999999762,194.95168099314174
4.1819999999997615,194.2346316592495
4.183999999999761,193.51846531489917
4.185999999999761,192.80320261462816
4.187999999999761,192.0888416486461
4.189999999999761,191.3753575940204
4.19199999999976,190.66277093913033
4.19399999999976,189.95107982737147
4.19599999999976,189.24025965366008
4.19799999999976,188.5303307201881
4.1999999999997595,187.82126854882307
4.201999999999759,187.1130936152631
4.203999999999759,186.405804206556
4.205999999999759,185.69939846698838
4.207999999999759,184.9938519748007
4.209999999999758,184.2891849880919
4.211999999999758,183.5853734131514
4.213999999999758,182.8824373308459
4.215999999999758,182.18037522759943
4.2179999999997575,181.47916305789704
4.219999999999757,180.77882089694845
4.221999999999757,180.07934711373628
4.223999999999757,179.38073997942286
4.225999999999757,178.68297577627692
4.227999999999756,177.98605220409837
4.229999999999756,177.29001112865961
4.231999999999756,176.59480793645935
4.233999999999756,175.90046224238682
4.2359999999997555,175.20695063218352
4.237999999999755,174.5142927191991
4.239999999999755,173.822487061517
4.241999999999755,173.13151051443083
4.243999999999755,172.44140418180234
4.245999999999754,171.75210256761824
4.247999999999754,171.0636672463276
4.249999999999754,170.3760546973071
4.251999999999754,169.689284176225
4.2539999999997535,169.0033328589539
4.255999999999753,168.31824138631555
4.257999999999753,167.63396651795796
4.259999999999753,166.95050594423378
4.261999999999753,166.26790005590112
4.263999999999752,165.58610603862428
4.265999999999752,164.90512171031395
4.267999999999752,164.22498713453552
4.269999999999752,163.54565992647247
4.2719999999997516,162.86713783744472
4.273999999999751,162.18946065732757
4.275999999999751,161.51258634544018
4.277999999999751,160.83653346780875
4.279999999999751,160.16128002237775
4.2819999999997505,159.48686534557487
4.28399999999975,158.81324790865705
4.28599999999975,158.14042536445277
4.28799999999975,157.46843675711676
4.28999999999975,156.79724100913938
4.291999999999749,156.1268358592049
4.293999999999749,155.4572602211676
4.295999999999749,154.78847313739755
4.297999999999749,154.12049280246794
4.2999999999997485,153.45331800657237
4.301999999999748,152.7869273661849
4.303999999999748,152.1213389422399
4.305999999999748,151.45655174157895
4.307999999999748,150.79254468908408
4.309999999999747,150.1293356463666
4.311999999999747,149.46692369691363
4.313999999999747,148.80530765523622
4.315999999999747,148.14446656498762
4.3179999999997465,147.48441810512423
4.319999999999746,146.82516132422955
4.321999999999746,146.16669508156303
4.323999999999746,145.50899859263927
4.325999999999746,144.8520893878905
4.327999999999745,144.19596656066653
4.329999999999745,143.54060965214586
4.331999999999745,142.88605539718765
4.333999999999745,142.23224578492392
4.3359999999997445,141.57923563839165
4.337999999999744,140.9270058341101
4.339999999999744,140.2755360679667
4.341999999999744,139.62484328640545
4.343999999999744,138.97490764498446
4.345999999999743,138.3257463197471
4.347999999999743,137.67737742084802
4.349999999999743,137.02974414431918
4.351999999999743,136.3828999074916
4.3539999999997425,135.7368074032845
4.355999999999742,135.09148328790133
4.357999999999742,134.44692667656534
4.359999999999742,133.80313652971233
4.361999999999742,133.1600932002106
4.363999999999741,132.51781330682587
4.365999999999741,131.87629602954604
4.367999999999741,131.23554042666228
4.369999999999741,130.59552705717817
4.3719999999997405,129.95627230492437
4.37399999999974,129.3177754932106
4.37599999999974,128.68003561171236
4.37799999999974,128.04303347793535
4.37999999999974,127.40678532427484
4.381999999999739,126.77129044013128
4.383999999999739,126.13654789506268
4.385999999999739,125.50253870001876
4.387999999999739,124.86932041227874
4.3899999999997386,124.23677329032768
4.391999999999738,123.60499068811936
4.393999999999738,122.97396422238688
4.395999999999738,122.34367078894877
4.397999999999738,121.71412377762226
4.3999999999997375,121.0853212051685
4.401999999999737,120.45724390256106
4.403999999999737,119.82992483034036
4.405999999999737,119.20332902797753
4.407999999999737,118.57747174397826
4.409999999999736,117.95233484153624
4.411999999999736,117.32795118126262
4.413999999999736,116.70428648806467
4.415999999999736,116.0813559095946
4.4179999999997355,115.45915871140517
4.419999999999735,114.83769395586557
4.421999999999735,114.21694345475294
4.423999999999735,113.59694809691285
4.425999999999735,112.97763471413577
4.427999999999734,112.35905964949598
4.429999999999734,111.74121746283492
4.431999999999734,111.12408767984124
4.433999999999734,110.50768374748094
4.4359999999997335,109.89200439716268
4.437999999999733,109.2770483937527
4.439999999999733,108.66279790785768
4.441999999999733,108.04928429152704
4.443999999999733,107.43647463497206
4.445999999999732,106.8243833706847
4.447999999999732,106.21300972443078
4.449999999999732,105.60233652358193
4.451999999999732,104.99237832085714
4.4539999999997315,104.38315102881802
4.455999999999731,103.7746220390178
4.457999999999731,103.16678916587705
4.459999999999731,102.55968330415027
4.461999999999731,101.95327255851504
4.46399999999973,101.34757101175097
4.46599999999973,100.74257808916877
4.46799999999973,100.13829297659663
4.46999999999973,99.53471472907995
4.4719999999997295,98.93182650347092
4.473999999999729,98.32965825622381
4.475999999999729,97.72817858523632
4.477999999999729,97.12740128886321
4.479999999999729,96.527309963618
4.481999999999728,95.92793436514376
4.483999999999728,95.3292435668555
4.485999999999728,94.73125125285213
4.487999999999728,94.13395677164306
4.4899999999997275,93.53735934879376
4.491999999999727,92.94145808142048
4.493999999999727,92.34623663557068
4.495999999999727,91.75172399197356
4.497999999999727,91.15788988382116
4.499999999999726,90.56474747503938
4.501999999999726,89.97229617885955
4.503999999999726,89.38052002799793
4.505999999999726,88.78944763956514
4.507999999999726,88.19904916237289
4.509999999999725,87.60933770191599
4.511999999999725,87.0203126813089
4.513999999999725,86.43197335063746
4.515999999999725,85.84431880022743
4.5179999999997245,85.25733322557011
4.519999999999724,84.67104459878624
4.521999999999724,84.08542366515184
4.523999999999724,83.50048325226089
4.525999999999724,82.91622268852052
4.527999999999723,82.33262659425384
4.529999999999723,81.74972255265874
4.531999999999723,81.16748184116364
4.533999999999723,80.58593153844271
4.5359999999997225,80.00504288843842
4.537999999999722,79.42482830899093
4.539999999999722,78.84528724936837
4.541999999999722,78.2664045220422
4.543999999999722,77.68824260568687
4.545999999999721,77.11066842928938
4.547999999999721,76.5338003612884
4.549999999999721,75.95759381463654
4.551999999999721,75.38205805213875
4.5539999999997205,74.80717685901135
4.55599999999972,74.23297602927187
4.55799999999972,73.65944159041578
4.55999999999972,73.08655825430992
4.56199999999972,72.51433806528007
4.563999999999719,71.9427944536223
4.565999999999719,71.37189974013029
4.567999999999719,70.8016517527123
4.569999999999719,70.23207679609828
4.5719999999997185,69.66316157231205
4.573999999999718,69.09489137262335
4.575999999999718,68.52729167847542
4.577999999999718,67.96033562503976
4.579999999999718,67.39403482599636
4.581999999999717,66.8283887332006
4.583999999999717,66.26339659315653
4.585999999999717,65.6990733788216
4.587999999999717,65.13542796419938
4.5899999999997165,64.57246801326869
4.591999999999716,64.01018288596867
4.593999999999716,63.44856288167222
4.595999999999716,62.887600804695865
4.597999999999716,62.32729170645757
4.599999999999715,61.767619016405604
4.601999999999715,61.20860608497998
4.603999999999715,60.650226265903086
4.605999999999715,60.092510825139755
4.6079999999997145,59.53542046980124
4.609999999999714,58.97895398421639
4.611999999999714,58.42313714124731
4.613999999999714,57.86796525226521
4.615999999999714,57.31343539339326
4.6179999999997134,56.759532720227696
4.619999999999713,56.20628066822508
4.621999999999713,55.65365388372021
4.623999999999713,55.10166306619897
4.625999999999713,54.55032033815854
4.627999999999712,53.9996004973371
4.629999999999712,53.44951407752484
4.631999999999712,52.90006052633686
4.633999999999712,52.35122653912896
4.6359999999997115,51.803035602089096
4.637999999999711,51.255475724778705
4.639999999999711,50.70853334950715
4.641999999999711,50.16221913000089
4.643999999999711,49.616545029345446
4.64599999999971,49.07148648946827
4.64799999999971,48.52705384756649
4.64999999999971,47.98324653334657
4.65199999999971,47.44006386624193
4.6539999999997095,46.897505007076234
4.655999999999709,46.35556919088151
4.657999999999709,45.81425566585153
4.659999999999709,45.2735514297886
4.661999999999709,44.73347893863121
4.663999999999708,44.19401466553148
4.665999999999708,43.65518067418134
4.667999999999708,43.116953434808295
4.669999999999708,42.57934287079064
4.6719999999997075,42.04234852576212
4.673999999999707,41.50596967942465
4.675999999999707,40.9702056585366
4.677999999999707,40.43505560751004
4.679999999999707,39.90051874300377
4.681999999999706,39.36659424838018
4.683999999999706,38.83328129506083
4.685999999999706,38.300567458721105
4.687999999999706,37.76847426719661
4.6899999999997055,37.236979135158606
4.691999999999705,36.70610317336207
4.693999999999705,36.17582381443407
4.695999999999705,35.646150524654445
4.697999999999705,35.11709428872325
4.699999999999704,34.588632488225585
4.701999999999704,34.060774374446225
4.703999999999704,33.533519526517864
4.705999999999704,33.00686719588691
4.7079999999997035,32.480816680148166
4.709999999999703,31.95536718582764
4.711999999999703,31.430517928869335
4.713999999999703,30.906256990516283
4.715999999999703,30.382604996557973
4.717999999999702,29.85955131548701
4.719999999999702,29.337083816124334
4.721999999999702,28.81522286290982
4.723999999999702,28.293946869908325
4.7259999999997016,27.773275881452832
4.727999999999701,27.253188398022587
4.729999999999701,26.73370434287159
4.731999999999701,26.214802253291452
4.733999999999701,25.69649112459473
4.7359999999997004,25.178770430650957
4.7379999999997,24.661639549018332
4.7399999999997,24.145108517920733
4.7419999999997,23.629155883352382
4.7439999999997,23.113790329734684
4.745999999999699,22.599011338688
4.747999999999699,22.084818220268062
4.749999999999699,21.571210280896253
4.751999999999699,21.058176263257565
4.7539999999996985,20.54573553043275
4.755999999999698,20.033878121866962
4.757999999999698,19.522602963763234
4.759999999999698,19.011909170591707
4.761999999999698,18.501785653669856
4.763999999999697,17.992251376637114
4.765999999999697,17.483296530827772
4.767999999999697,16.974909827139697
4.769999999999697,16.467110074452762
4.7719999999996965,15.959877237455032
4.773999999999696,15.453229847520845
4.775999999999696,14.947158115479112
4.777999999999696,14.441650854728266
4.779999999999696,13.936716459657646
4.781999999999695,13.432364601456584
4.783999999999695,12.928575410005863
4.785999999999695,12.425366932316365
4.787999999999695,11.922719607922943
4.7899999999996945,11.42064148885737
4.791999999999694,10.919141947925198
4.793999999999694,10.418201400189105
4.795999999999694,9.917827917331692
4.797999999999694,9.418030602060242
4.799999999999693,8.918790134277458
4.801999999999693,8.420114354407644
4.803999999999693,7.9220028028589695
4.805999999999693,7.424464418687251
4.8079999999996925,6.927480009657188
4.809999999999692,6.4310573223705205
4.811999999999692,5.935195782678761
4.813999999999692,5.439904298360432
4.815999999999692,4.945163888090519
4.817999999999691,4.450982148831258
4.819999999999691,3.957358620108721
4.821999999999691,3.464292581164159
4.823999999999691,2.9717833620620127
4.8259999999996905,2.479839573661252
4.82799999999969,1.988442517752162
4.82999999999969,1.497599713944453
4.83199999999969,1.0073105870770291
4.83399999999969,0.517574546602475
4.835999999999689,0.028390847525997742
4.837999999999689,-0.4602321441335562
4.839999999999689,-0.9483126654357648
4.841999999999689,-1.4358434131139575
4.8439999999996886,-1.9228249035273848
4.845999999999688,-2.4092578257101422
4.847999999999688,-2.8951428473001783
4.849999999999688,-3.380471714307305
4.851999999999688,-3.8652624142509353
4.8539999999996875,-4.34950780414988
4.855999999999687,-4.833208370601255
4.857999999999687,-5.31635595129984
4.859999999999687,-5.7989562766885
4.861999999999687,-6.281020372087767
4.863999999999686,-6.76256533710125
4.865999999999686,-7.243551537023052
4.867999999999686,-7.724000835089214
4.869999999999686,-8.203908444748208
4.8719999999996855,-8.683267484061446
4.873999999999685,-9.162095755411428
4.875999999999685,-9.640377966215908
4.877999999999685,-10.118131257276104
4.879999999999685,-10.595348710447922
4.881999999999684,-11.072022350716509
4.883999999999684,-11.548169231882298
4.885999999999684,-12.023773967810996
4.887999999999684,-12.49885332879046
4.8899999999996835,-12.973392141311479
4.891999999999683,-13.447398688609155
4.893999999999683,-13.920882188900123
4.895999999999683,-14.393827472101066
4.897999999999683,-14.86625088043229
4.899999999999682,-15.338137536602176
4.901999999999682,-15.80949545830532
4.903999999999682,-16.280325666672468
4.905999999999682,-16.750637083183847
4.9079999999996815,-17.220414732180984
4.909999999999681,-17.689666642477334
4.911999999999681,-18.158393689373725
4.913999999999681,-18.626596619619477
4.915999999999681,-19.094276266770976
4.91799999999968,-19.561433269093413
4.91999999999968,-20.028068379147214
4.92199999999968,-20.49418233918766
4.92399999999968,-20.95977579549043
4.9259999999996795,-21.424841669860314
4.927999999999679,-21.889395759537535
4.929999999999679,-22.35343176517364
4.931999999999679,-22.81695022506119
4.933999999999679,-23.279944089265996
4.935999999999678,-23.742428899565482
4.937999999999678,-24.20439075375333
4.939999999999678,-24.665845058565083
4.941999999999678,-25.126777908231873
4.9439999999996775,-25.587204540660366
4.945999999999677,-26.047111201461234
4.947999999999677,-26.506505460300332
4.949999999999677,-26.96539568871475
4.951999999999677,-27.42376817567566
4.953999999999676,-27.88163037449931
4.955999999999676,-28.33898314764616
4.957999999999676,-28.79582724357647
4.959999999999676,-29.25216345358149
4.961999999999676,-29.707992447940796
4.963999999999675,-30.163314850378356
4.965999999999675,-30.618131447596852
4.967999999999675,-31.07243563803985
4.969999999999675,-31.526242123533166
4.9719999999996745,-31.979545063911473
4.973999999999674,-32.432337804083375
4.975999999999674,-32.884634928108994
4.977999999999674,-33.33642348818307
4.979999999999674,-33.787710727564786
4.981999999999673,-34.23850443376557
4.983999999999673,-34.68879182249134
4.985999999999673,-35.138579967610724
4.987999999999673,-35.58786964408125
4.9899999999996725,-36.036661627047465
4.991999999999672,-36.48495661985339
4.993999999999672,-36.93275527246584
4.995999999999672,-37.38005828377857
4.997999999999672,-37.82686636435852
4.999999999999671,-38.27317339099403
5.001999999999671,-38.71899319846625
5.003999999999671,-39.164313531336575
5.005999999999671,-39.609148016715494
5.0079999999996705,-40.053484527946296
5.00999999999967,-40.49732982186441
5.01199999999967,-40.94069137827216
5.01399999999967,-41.383557050579725
5.01599999999967,-41.825933567610946
5.017999999999669,-42.26782173820192
5.019999999999669,-42.70922227529144
5.021999999999669,-43.150129411132355
5.023999999999669,-43.59055643227356
5.0259999999996685,-44.030497966103326
5.027999999999668,-44.46994827413056
5.029999999999668,-44.90892037805918
5.031999999999668,-45.34740272758802
5.033999999999668,-45.785401881703194
5.035999999999667,-46.222918686598234
5.037999999999667,-46.659960041989564
5.039999999999667,-47.09651442687175
5.041999999999667,-47.53258827769656
5.0439999999996665,-47.96817623521497
5.045999999999666,-48.40329099531772
5.047999999999666,-48.83792749469103
5.049999999999666,-49.27208028935735
5.051999999999666,-49.70576182276693
5.053999999999665,-50.13896103613479
5.055999999999665,-50.571684290808435
5.057999999999665,-51.003932407014645
5.059999999999665,-51.435711883668546
5.0619999999996645,-51.86701188765062
5.063999999999664,-52.297832668190324
5.065999999999664,-52.72818648719357
5.067999999999664,-53.15806842389395
5.069999999999664,-53.587473431007425
5.0719999999996634,-54.01641344909348
5.073999999999663,-54.44487779541441
5.075999999999663,-54.872872754538946
5.077999999999663,-55.300404569700106
5.079999999999663,-55.727462859339994
5.081999999999662,-56.15405359819266
5.083999999999662,-56.58017195468301
5.085999999999662,-57.005829533002384
5.087999999999662,-57.431021712351594
5.0899999999996615,-57.85574352104453
5.091999999999661,-58.28000645271271
5.093999999999661,-58.70380039172329
5.095999999999661,-59.12713126543122
5.097999999999661,-59.54999973994501
5.09999999999966,-59.97240653496158
5.10199999999966,-60.39435218991969
5.10399999999966,-60.815837390852266
5.10599999999966,-61.23685748968751
5.1079999999996595,-61.65742354770936
5.109999999999659,-62.077525831604646
5.111999999999659,-62.49717011539104
5.113999999999659,-62.91635705599481
5.115999999999659,-63.33508728668323
5.117999999999658,-63.75336147882433
5.119999999999658,-64.1711802036341
5.121999999999658,-64.58854402605675
5.123999999999658,-65.00544861105953
5.1259999999996575,-65.42189958068047
5.127999999999657,-65.83790254561063
5.129999999999657,-66.25344820272375
5.131999999999657,-66.66854207717643
5.133999999999657,-67.08318484971437
5.135999999999656,-67.49737215513727
5.137999999999656,-67.91111444833967
5.139999999999656,-68.3244075015923
5.141999999999656,-68.7372470427527
5.1439999999996555,-69.14963852492309
5.145999999999655,-69.56158260592053
5.147999999999655,-69.97307978853638
5.149999999999655,-70.38413078045335
5.151999999999655,-70.794736156684
5.153999999999654,-71.2048918550957
5.155999999999654,-71.61460781308568
5.157999999999654,-72.02387533342471
5.159999999999654,-72.43269968668415
5.1619999999996535,-72.84108150848647
5.163999999999653,-73.24902134288789
5.165999999999653,-73.65651979262782
5.167999999999653,-74.0635729606862
5.169999999999653,-74.47019050472176
5.171999999999652,-74.87636400305774
5.173999999999652,-75.28209858521296
5.175999999999652,-75.68739480143114
5.177999999999652,-76.09225324043041
5.1799999999996515,-76.49667450437238
5.181999999999651,-76.90065493054982
5.183999999999651,-77.30420366251667
5.185999999999651,-77.70731271435096
5.187999999999651,-78.10998704888402
5.1899999999996504,-78.51222720102271
5.19199999999965,-78.91403380066691
5.19399999999965,-79.31540736497209
5.19599999999965,-79.71634435518149
5.19799999999965,-80.11685372407544
5.199999999999649,-80.5169276829181
5.201999999999649,-80.91657107372924
5.203999999999649,-81.3157844206724
5.205999999999649,-81.71456828775803
5.2079999999996485,-82.11292323781043
5.209999999999648,-82.51084592218189
5.211999999999648,-82.908341099383
5.213999999999648,-83.3054091543612
5.215999999999648,-83.70205066840037
5.217999999999647,-84.09826618619462
5.219999999999647,-84.49405630058618
5.221999999999647,-84.88942154368073
5.223999999999647,-85.28435874479135
5.2259999999996465,-85.67887251303233
5.227999999999646,-86.0729632913376
5.229999999999646,-86.46663151264738
5.231999999999646,-86.85987780435852
5.233999999999646,-87.2526991628809
5.235999999999645,-87.64510347754373
5.237999999999645,-88.03708385162076
5.239999999999645,-88.42864472970683
5.241999999999645,-88.81978663901845
5.2439999999996445,-89.21050661505643
5.245999999999644,-89.60081236857059
5.247999999999644,-89.99069713666461
5.249999999999644,-90.38016533176398
5.251999999999644,-90.7692207173464
5.253999999999643,-91.15785343596133
5.255999999999643,-91.54607488575203
5.257999999999643,-91.93388162178923
5.259999999999643,-92.3212710541917
5.2619999999996425,-92.70824740820774
5.263999999999642,-93.09481100418401
5.265999999999642,-93.48096233072204
5.267999999999642,-93.86669887006394
5.269999999999642,-94.25202764628148
5.271999999999641,-94.63694246984494
5.273999999999641,-95.02144754378304
5.275999999999641,-95.40554319368897
5.277999999999641,-95.78922993021251
5.2799999999996405,-96.17250527459913
5.28199999999964,-96.55537613580356
5.28399999999964,-96.93783654271482
5.28599999999964,-97.3198905104075
5.28799999999964,-97.70153838903508
5.289999999999639,-98.0827778886499
5.291999999999639,-98.4636155025998
5.293999999999639,-98.84404557841248
5.295999999999639,-99.22407197610835
5.2979999999996386,-99.60369511370078
5.299999999999638,-99.98291533227831
5.301999999999638,-100.36173061138157
5.303999999999638,-100.7401471481964
5.305999999999638,-101.11815956840161
5.3079999999996375,-101.49577156970531
5.309999999999637,-101.87298100787967
5.311999999999637,-102.24979394276983
5.313999999999637,-102.62620501027072
5.315999999999637,-103.00221790729552
5.317999999999636,-103.3778330122334
5.319999999999636,-103.753050687246
5.321999999999636,-104.12787141936144
5.323999999999636,-104.50229338791473
5.3259999999996355,-104.87632003516819
5.327999999999635,-105.24995158892602
5.329999999999635,-105.62318851230157
5.331999999999635,-105.99603114340925
5.333999999999635,-106.3684778251162
5.335999999999634,-106.74053193925346
5.337999999999634,-107.11219366344426
5.339999999999634,-107.48346327714364
5.341999999999634,-107.85433929594217
5.3439999999996335,-108.22482694308644
5.345999999999633,-108.59492162697921
5.347999999999633,-108.96462674183738
5.349999999999633,-109.33394260597879
5.351999999999633,-109.70286749283258
5.353999999999632,-110.07138489022464
5.355999999999632,-110.43952447072525
5.357999999999632,-110.8072938038423
5.359999999999632,-111.17468400423115
5.3619999999996315,-111.54169463278151
5.363999999999631,-111.9083190240641
5.365999999999631,-112.27455922606197
5.367999999999631,-112.640415060409
5.369999999999631,-113.0058866792611
5.37199999999963,-113.37097275843746
5.37399999999963,-113.73567625777531
5.37599999999963,-114.09999729598269
5.37799999999963,-114.46393612198432
5.3799999999996295,-114.82749323710931
5.381999999999629,-115.19066749669065
5.383999999999629,-115.55346174718687
5.385999999999629,-115.91587613708157
5.387999999999629,-116.27791089639067
5.389999999999628,-116.63956500545015
5.391999999999628,-117.00084129906276
5.393999999999628,-117.36174112302871
5.395999999999628,-117.72225985419658
5.3979999999996275,-118.08240415486966
5.399999999999627,-118.4421701712775
5.401999999999627,-118.80156074090377
5.403999999999627,-119.16057602838794
5.405999999999627,-119.51921625780756
5.407999999999626,-119.87748194075868
5.409999999999626,-120.23537225255046
5.411999999999626,-120.59288979925645
5.413999999999626,-120.95003461926723
5.415999999999626,-121.30680587009402
5.417999999999625,-121.66320705076498
5.419999999999625,-122.0192349898121
5.421999999999625,-122.37489146448422
5.423999999999625,-122.73017959272869
5.4259999999996245,-123.08509721770366
5.427999999999624,-123.43964408305868
5.429999999999624,-123.79382262631015
5.431999999999624,-124.14763199828178
5.433999999999624,-124.50107527710452
5.435999999999623,-124.8541495728644
5.437999999999623,-125.20685749167575
5.439999999999623,-125.559199054305
5.441999999999623,-125.91117382679187
5.4439999999996225,-126.262784775314
5.445999999999622,-126.61402925426506
5.447999999999622,-126.96490979244248
5.449999999999622,-127.31542577111014
5.451999999999622,-127.66557988395812
5.453999999999621,-128.0153695980531
5.455999999999621,-128.36479679057334
5.457999999999621,-128.7138637145565
5.459999999999621,-129.06256796545472
5.4619999999996205,-129.41091227181283
5.46399999999962,-129.75889409376992
5.46599999999962,-130.10651794968072
5.46799999999962,-130.45378171875365
5.46999999999962,-130.80068552479997
5.471999999999619,-131.14723156529993
5.473999999999619,-131.49341931983633
5.475999999999619,-131.83925086309455
5.477999999999619,-132.18472412372114
5.4799999999996185,-132.5298413061749
5.481999999999618,-132.87460217643024
5.483999999999618,-133.21900860765982
5.485999999999618,-133.56305876164436
5.487999999999618,-133.90675481050965
5.489999999999617,-134.25009657595496
5.491999999999617,-134.59307838285014
5.493999999999617,-134.93567986148764
5.495999999999617,-135.27790573376075
5.4979999999996165,-135.6197631226221
5.499999999999616,-135.96125850979388
5.501999999999616,-136.302396624226
5.503999999999616,-136.64318178313954
5.505999999999616,-136.98361537833364
5.507999999999615,-137.32369829859192
5.509999999999615,-137.66343154660086
5.511999999999615,-138.00281669533115
5.513999999999615,-138.34185286573916
5.5159999999996145,-138.68054306798257
5.517999999999614,-139.01888569542552
5.519999999999614,-139.3568826211851
5.521999999999614,-139.69453397844302
5.523999999999614,-140.01234010483017
5.525999999999613,-140.2857548834088
5.527999999999613,-140.52084263646384
5.529999999999613,-140.7296433985971
5.531999999999613,-140.92235274442572
5.533999999999613,-141.10591682879584
5.535999999999612,-141.28458380032964
5.537999999999612,-141.46077951682435
5.539999999999612,-141.6358185492483
5.541999999999612,-141.81038520127646
5.5439999999996115,-141.98482317810357
5.545999999999611,-142.1592983104968
5.547999999999611,-142.3338873676401
5.549999999999611,-142.5086240129582
5.551999999999611,-142.68352340094964
5.55399999999961,-142.85859163590277
5.55599999999961,-143.0338318134576
5.55799999999961,-143.20924349929476
5.55999999999961,-143.3848288004222
5.5619999999996095,-143.56058652123846
5.563999999999609,-143.7365169763413
5.565999999999609,-143.91262171120263
5.567999999999609,-144.08890168072895
5.569999999999609,-144.2653568859248
5.571999999999608,-144.44198648930734
5.573999999999608,-144.61879174616462
5.575999999999608,-144.7957743321827
5.577999999999608,-144.97293306097185
5.5799999999996075,-145.15026837565358
5.581999999999607,-145.3277818679532
5.583999999999607,-145.5054746037465
5.585999999999607,-145.6833464949533
5.587999999999607,-145.86139747032257
5.589999999999606,-146.039628084786
5.591999999999606,-146.21803858311534
5.593999999999606,-146.39663047265356
5.595999999999606,-146.57540381263556
5.5979999999996055,-146.75435878159442
5.599999999999605,-146.93349669463896
5.601999999999605,-147.1128177075961
5.603999999999605,-147.2923218432946
5.605999999999605,-147.47201053096234
5.607999999999604,-147.65188381703058
5.609999999999604,-147.8319417883942
5.611999999999604,-148.01218589929118
5.613999999999604,-148.1926161455786
5.6159999999996035,-148.37323271860635
5.617999999999603,-148.55403594476178
5.619999999999603,-148.7350273937825
5.621999999999603,-148.91620805540782
5.623999999999603,-149.09757656378042
5.625999999999602,-149.27913463403615
5.627999999999602,-149.4608834589526
5.629999999999602,-149.64282159374943
5.631999999999602,-149.82495097033052
5.6339999999996015,-150.00727264503684
5.635999999999601,-150.18978519779841
5.637999999999601,-150.3724906826887
5.639999999999601,-150.55539006245874
5.641999999999601,-150.73848314933616
5.6439999999996004,-150.92176994222666
5.6459999999996,-151.10525095828592
5.6479999999996,-151.28892782012906
5.6499999999996,-151.47280153105004
5.6519999999996,-151.65687158854405
5.653999999999599,-151.84113825349277
5.655999999999599,-152.02560307492064
5.657999999999599,-152.2102657099657
5.659999999999599,-152.39512790817054
5.6619999999995985,-152.5801888055596
5.663999999999598,-152.76544935101202
5.665999999999598,-152.95091051887454
5.667999999999598,-153.1365724710048
5.669999999999598,-153.32243661894182
5.671999999999597,-153.50850244021325
5.673999999999597,-153.69477195336452
5.675999999999597,-153.88124547105042
5.677999999999597,-154.06792131639452
5.6799999999995965,-154.25480211551263
5.681999999999596,-154.4418884259133
5.683999999999596,-154.62918019758507
5.685999999999596,-154.8166773111322
5.687999999999596,-155.0043820488267
5.689999999999595,-155.19229463304896
5.691999999999595,-155.38041353632275
5.693999999999595,-155.56874152851458
5.695999999999595,-155.75727897793087
5.6979999999995945,-155.94602594418365
5.699999999999594,-156.13498392311408
5.701999999999594,-156.3241538509838
5.703999999999594,-156.51353470104414
5.705999999999594,-156.70312714295136
5.707999999999593,-156.89293273176088
5.709999999999593,-157.0829525280364
5.711999999999593,-157.27318561879605
5.713999999999593,-157.46363262276736
5.7159999999995925,-157.65429520110257
5.717999999999592,-157.84517441575207
5.719999999999592,-158.03627110657692
5.721999999999592,-158.22758415594757
5.723999999999592,-158.4191141658091
5.725999999999591,-158.6108628056013
5.727999999999591,-158.80283115764865
5.729999999999591,-158.99501812687123
5.731999999999591,-159.1874245010742
5.7339999999995905,-159.3800519034561
5.73599999999959,-159.5729014936702
5.73799999999959,-159.7659740948949
5.73999999999959,-159.95926845107005
5.74199999999959,-160.1527853484199
5.743999999999589,-160.3465284924555
5.745999999999589,-160.5404947392447
5.747999999999589,-160.73468629774936
5.749999999999589,-160.9291052848606
5.7519999999995886,-161.12375005044112
5.753999999999588,-161.31862124700785
5.755999999999588,-161.5137204959625
5.757999999999588,-161.70904892312052
5.759999999999588,-161.904605204468
5.7619999999995875,-162.10039248132153
5.763999999999587,-162.29641005422997
5.765999999999587,-162.4926582641849
5.767999999999587,-162.68913854550158
5.769999999999587,-162.88585197831588
5.771999999999586,-163.08279710374626
5.773999999999586,-163.27997720283247
5.775999999999586,-163.47739143559772
5.777999999999586,-163.6750402064073
5.7799999999995855,-163.87292499894187
5.781999999999585,-164.0710468690379
5.783999999999585,-164.269404274971
5.785999999999585,-164.46800074106926
5.787999999999585,-164.6668352165487
5.789999999999584,-164.86591066390082
5.791999999999584,-165.06522572907124
5.793999999999584,-165.26478077256786
5.795999999999584,-165.46457722953937
5.7979999999995835,-165.6646137288546
5.799999999999583,-165.86489406823824
5.801999999999583,-166.06541975178163
5.803999999999583,-166.26618835081177
5.805999999999583,-166.46720078969474
5.807999999999582,-166.66845874560607
5.809999999999582,-166.8699633931608
5.811999999999582,-167.07171564390808
5.813999999999582,-167.27371628780907
5.8159999999995815,-167.4759660674809
5.817999999999581,-167.67846569058702
5.819999999999581,-167.8812131920314
5.821999999999581,-168.0842125547672
5.823999999999581,-168.28746232024588
5.82599999999958,-168.49096310604932
5.82799999999958,-168.69471657566942
5.82999999999958,-168.89872663287701
5.83199999999958,-169.10299073817623
5.8339999999995795,-169.3075091588243
5.835999999999579,-169.51228035108915
5.837999999999579,-169.71730894015184
5.839999999999579,-169.92259631562035
5.841999999999579,-170.12814260027147
5.843999999999578,-170.33394535862539
5.845999999999578,-170.54000883950056
5.847999999999578,-170.74633116050836
5.849999999999578,-170.952916204713
5.8519999999995775,-171.1597617757139
5.853999999999577,-171.36687166406347
5.855999999999577,-171.57424354792113
5.857999999999577,-171.7818782035356
5.859999999999577,-171.9897771983782
5.861999999999576,-172.1979416292569
5.863999999999576,-172.40637554190175
5.865999999999576,-172.61507586093182
5.867999999999576,-172.824042976315
5.869999999999576,-173.0332782500181
5.871999999999575,-173.24278283846496
5.873999999999575,-173.45255759087922
5.875999999999575,-173.66260333036325
5.877999999999575,-173.87292092035125
5.8799999999995745,-174.08351111856365
5.881999999999574,-174.29437468926437
5.883999999999574,-174.50551239811836
5.885999999999574,-174.71692504168715
5.887999999999574,-174.92861331183394
5.889999999999573,-175.14057812328497
5.891999999999573,-175.35282017298482
5.893999999999573,-175.5653402736824
5.895999999999573,-175.77813919162026
5.8979999999995725,-175.9912177344171
5.899999999999572,-176.2045766435357
5.901999999999572,-176.41821677795394
5.903999999999572,-176.63213891060275
5.905999999999572,-176.84634378321977
5.907999999999571,-177.0608322925279
5.909999999999571,-177.275608715675
5.911999999999571,-177.49066924466945
5.913999999999571,-177.7060144660614
5.9159999999995705,-177.92164949912933
5.91799999999957,-178.13757067702693
5.91999999999957,-178.3537788639091
5.92199999999957,-178.5702793020415
5.92399999999957,-178.7870682720507
5.925999999999569,-179.00415039109424
5.927999999999569,-179.22152613313108
5.929999999999569,-179.43919525026195
5.931999999999569,-179.65715437821183
5.9339999999995685,-179.87540914896545
5.935999999999568,-180.09396042285766
5.937999999999568,-180.3128082753692
5.939999999999568,-180.5319570537457
5.941999999999568,-180.75140225480857
5.943999999999567,-180.97114463253365
5.945999999999567,-181.1911895491769
5.947999999999567,-181.4115329545064
5.949999999999567,-181.63217984209882
5.9519999999995665,-181.85313043842558
5.953999999999566,-182.07438062006253
5.955999999999566,-182.29593619908178
5.957999999999566,-182.51779781578932
5.959999999999566,-182.73996955099517
5.961999999999565,-182.9624464149789
5.963999999999565,-183.18523318617008
5.965999999999565,-183.40832581512558
5.967999999999565,-183.63172972380931
5.9699999999995645,-183.8554451621227
5.971999999999564,-184.07947209687768
5.973999999999564,-184.30381093734871
5.975999999999564,-184.52846232056623
5.977999999999564,-184.7534313000736
5.979999999999563,-184.97871289730745
5.981999999999563,-185.20431246212735
5.983999999999563,-185.43023005648962
5.985999999999563,-185.6564654580681
5.987999999999563,-185.88302348703536
5.989999999999562,-186.1098987673215
5.991999999999562,-186.33709668932022
5.993999999999562,-186.56461283210496
5.995999999999562,-186.7924530728812
5.9979999999995615,-187.02062214873928
5.999999999999561,-187.24911374397374
