time,value
0.0,2029.5414188572324
0.002,2013.7267712258022
0.004,2006.2298879048717
0.006,2157.4025548688587
0.008,2198.226751733692
0.01,2211.2136770257707
0.012,2214.809877963358
0.014,2215.1627100962396
0.016,2214.559923502528
0.018000000000000002,2213.8137752231223
0.020000000000000004,2213.1507711922823
0.022000000000000006,2212.595073443086
0.024000000000000007,2212.117853138574
0.02600000000000001,2211.6879481851247
0.02800000000000001,2211.284362927068
0.030000000000000013,2210.8951263235895
0.032000000000000015,2210.5145184170265
0.034000000000000016,2210.1399580327857
0.03600000000000002,2209.7704860724352
0.03800000000000002,2209.4058675246542
0.04000000000000002,2209.046140125288
0.04200000000000002,2208.691340969561
0.044000000000000025,2208.341691235988
0.04600000000000003,2207.997320502019
0.04800000000000003,2207.6581729931054
0.05000000000000003,2207.324284468007
0.05200000000000003,2206.9958762900387
0.054000000000000034,2206.6727974704336
0.056000000000000036,2206.3551753627153
0.05800000000000004,2206.043043754374
0.06000000000000004,2205.736341978675
0.06200000000000004,2205.4351020538857
0.06400000000000004,2205.1392612348623
0.06600000000000004,2204.8489441381757
0.06800000000000005,2204.564369761459
0.07000000000000005,2204.285757621453
0.07200000000000005,2204.0132330318334
0.07400000000000005,2203.7467314595974
0.07600000000000005,2203.486282204933
0.07800000000000006,2203.231723471709
0.08000000000000006,2202.9831777307622
0.08200000000000006,2202.7404808981346
0.08400000000000006,2202.503562803095
0.08600000000000006,2202.2725436102023
0.08800000000000006,2202.0471599380808
0.09000000000000007,2201.827434283769
0.09200000000000007,2201.6132924792037
0.09400000000000007,2201.404659337265
0.09600000000000007,2201.2014586773034
0.09800000000000007,2201.0035169346947
0.10000000000000007,2200.8108522588363
0.10200000000000008,2200.6233856229924
0.10400000000000008,2200.4418104373317
0.10600000000000008,2200.266338098436
0.10800000000000008,2200.097083460754
0.11000000000000008,2199.9337732889016
0.11200000000000009,2199.7763661818913
0.11400000000000009,2199.6246055759007
0.11600000000000009,2199.4783505788337
0.11800000000000009,2199.337225688282
0.12000000000000009,2199.2010485522796
0.1220000000000001,2199.069733293113
0.1240000000000001,2198.942900725482
0.12600000000000008,2198.820365451501
0.12800000000000009,2198.70194123105
0.1300000000000001,2198.5874410294914
0.1320000000000001,2198.476579261079
0.1340000000000001,2198.3692651126617
0.1360000000000001,2198.2652115037117
0.1380000000000001,2198.164130501186
0.1400000000000001,2198.0659294059155
0.1420000000000001,2197.9704170944924
0.1440000000000001,2197.8774019053712
0.1460000000000001,2197.7865935104533
0.1480000000000001,2197.6978973376254
0.1500000000000001,2197.6111202843035
0.1520000000000001,2197.5260687917885
0.1540000000000001,2197.4430401931045
0.1560000000000001,2197.362430402009
0.1580000000000001,2197.2842423039638
0.16000000000000011,2197.208577364635
0.16200000000000012,2197.1352416943478
0.16400000000000012,2197.064041087575
0.16600000000000012,2196.995766228036
0.16800000000000012,2196.9311097206514
0.17000000000000012,2196.8699760916966
0.17200000000000013,2196.812467411374
0.17400000000000013,2196.7580936931067
0.17600000000000013,2196.706561882223
0.17800000000000013,2196.6576773069223
0.18000000000000013,2196.611047394301
0.18200000000000013,2196.5664767187436
0.18400000000000014,2196.523769573776
0.18600000000000014,2196.4825322554793
0.18800000000000014,2196.442568434366
0.19000000000000014,2196.4037804590293
0.19200000000000014,2196.365872692375
0.19400000000000014,2196.328648187216
0.19600000000000015,2196.292008770039
0.19800000000000015,2196.255658203181
0.20000000000000015,2196.2193990133073
0.20200000000000015,2196.183231609449
0.20400000000000015,2196.1467602128637
0.20600000000000016,2196.1099849927696
0.20800000000000016,2196.07260885417
0.21000000000000016,2196.0346317698877
0.21200000000000016,2195.996053405432
0.21400000000000016,2195.9578638525118
0.21600000000000016,2195.920657308386
0.21800000000000017,2195.8844337193837
0.22000000000000017,2195.8492925852092
0.22200000000000017,2195.8150360108684
0.22400000000000017,2195.781763793959
0.22600000000000017,2195.7491788037446
0.22800000000000017,2195.71728155494
0.23000000000000018,2195.686072547567
0.23200000000000018,2195.6554529613627
0.23400000000000018,2195.625224592324
0.23600000000000018,2195.595487113547
0.23800000000000018,2195.5661415385443
0.24000000000000019,2195.5369894498795
0.2420000000000002,2195.5081304595346
0.2440000000000002,2195.4793660267896
0.2460000000000002,2195.450795744431
0.2480000000000002,2195.422220957119
0.25000000000000017,2195.3935423477733
0.25200000000000017,2195.364958913159
0.25400000000000017,2195.3360729038777
0.25600000000000017,2195.307083293366
0.2580000000000002,2195.277890632522
0.2600000000000002,2195.2483954228646
0.2620000000000002,2195.2184980983698
0.2640000000000002,2195.1884969984158
0.2660000000000002,2195.158789764805
0.2680000000000002,2195.129575188907
0.2700000000000002,2195.1009527949354
0.2720000000000002,2195.072922725504
0.2740000000000002,2195.0453855970345
0.2760000000000002,2195.0183416729274
0.2780000000000002,2194.991691575819
0.2800000000000002,2194.965435558555
0.2820000000000002,2194.9395738655967
0.2840000000000002,2194.9140070418453
0.2860000000000002,2194.8887352321376
0.2880000000000002,2194.8639577955773
0.2900000000000002,2194.839874205332
0.2920000000000002,2194.816285154077
0.2940000000000002,2194.793290647052
0.2960000000000002,2194.770691451456
0.2980000000000002,2194.7484878622317
0.3000000000000002,2194.7264805786663
0.3020000000000002,2194.7046698361687
0.3040000000000002,2194.683055863944
0.3060000000000002,2194.661339381547
0.3080000000000002,2194.639720212492
0.3100000000000002,2194.6178989591326
0.3120000000000002,2194.5959755806316
0.3140000000000002,2194.5739500557233
0.3160000000000002,2194.55212162635
0.3180000000000002,2194.530689759526
0.32000000000000023,2194.509854174621
0.32200000000000023,2194.4894151117246
0.32400000000000023,2194.4693727067115
0.32600000000000023,2194.449727132244
0.32800000000000024,2194.4303786265955
0.33000000000000024,2194.41132736709
0.33200000000000024,2194.39257352118
0.33400000000000024,2194.3740172714965
0.33600000000000024,2194.3556587608537
0.33800000000000024,2194.3374981230118
0.34000000000000025,2194.3193354592763
0.34200000000000025,2194.301270876751
0.34400000000000025,2194.283304471595
0.34600000000000025,2194.2652362550216
0.34800000000000025,2194.2472663792732
0.35000000000000026,2194.229194806903
0.35200000000000026,2194.2110215841317
0.35400000000000026,2194.1927467463156
0.35600000000000026,2194.1742702370902
0.35800000000000026,2194.1556921662545
0.36000000000000026,2194.1369124509515
0.36200000000000027,2194.117931096671
0.36400000000000027,2194.098747902417
0.36600000000000027,2194.079863194082
0.36800000000000027,2194.06107647176
0.3700000000000003,2194.0426881181274
0.3720000000000003,2194.024497842134
0.3740000000000003,2194.006505706857
0.3760000000000003,2193.988811991498
0.3780000000000003,2193.971216420756
0.3800000000000003,2193.953719077156
0.3820000000000003,2193.9364202588135
0.3840000000000003,2193.91921983325
0.3860000000000003,2193.902117878407
0.3880000000000003,2193.8850142207843
0.3900000000000003,2193.8680091697415
0.3920000000000003,2193.8510025226287
0.3940000000000003,2193.8339943285455
0.3960000000000003,2193.81698462996
0.3980000000000003,2193.799973467224
0.4000000000000003,2193.782860584243
0.4020000000000003,2193.765645994454
0.4040000000000003,2193.7484300306996
0.4060000000000003,2193.731012072293
0.4080000000000003,2193.713492449655
0.4100000000000003,2193.6958711648113
0.4120000000000003,2193.6780478655437
0.4140000000000003,2193.660223101492
0.4160000000000003,2193.642597377314
0.4180000000000003,2193.6250701897166
0.4200000000000003,2193.6076414753275
0.4220000000000003,2193.590512041749
0.4240000000000003,2193.5734811369693
0.4260000000000003,2193.5566492418334
0.4280000000000003,2193.5399160066645
0.4300000000000003,2193.523181057516
0.43200000000000033,2193.506645331425
0.43400000000000033,2193.4901079890024
0.43600000000000033,2193.47366953777
0.43800000000000033,2193.457329978185
0.44000000000000034,2193.441189739933
0.44200000000000034,2193.4250478725226
0.44400000000000034,2193.4091053887937
0.44600000000000034,2193.3932618544695
0.44800000000000034,2193.377416824529
0.45000000000000034,2193.3616708726286
0.45200000000000035,2193.3460240646523
0.45400000000000035,2193.330275390457
0.45600000000000035,2193.314525428719
0.45800000000000035,2193.2987742183973
0.46000000000000035,2193.282921240252
0.46200000000000035,2193.267067086687
0.46400000000000036,2193.2511111021836
0.46600000000000036,2193.2353548648953
0.46800000000000036,2193.2197982767957
0.47000000000000036,2193.204340713008
0.47200000000000036,2193.189082795894
0.47400000000000037,2193.1740245776914
0.47600000000000037,2193.1589648670765
0.47800000000000037,2193.1441049846403
0.48000000000000037,2193.1293443512623
0.4820000000000004,2193.114683029169
0.4840000000000004,2193.100020414063
0.4860000000000004,2193.085457209909
0.4880000000000004,2193.0708927923756
0.4900000000000004,2193.056427878613
0.4920000000000004,2193.0418611365703
0.4940000000000004,2193.027393976005
0.4960000000000004,2193.0129257329027
0.4980000000000004,2192.998355726772
0.5000000000000003,2192.98378469032
0.5020000000000003,2192.969111916098
0.5040000000000003,2192.954438147678
0.5060000000000003,2192.939662659814
0.5080000000000003,2192.924785462111
0.5100000000000003,2192.90990731676
0.5120000000000003,2192.894826705242
0.5140000000000003,2192.879745115181
0.5160000000000003,2192.8646624111607
0.5180000000000003,2192.8495784644
0.5200000000000004,2192.8346948056064
0.5220000000000004,2192.819809827348
0.5240000000000004,2192.805125163913
0.5260000000000004,2192.790439218422
0.5280000000000004,2192.7757520187524
0.5300000000000004,2192.7611644286144
0.5320000000000004,2192.7465756438214
0.5340000000000004,2192.7320865411675
0.5360000000000004,2192.7175963011946
0.5380000000000004,2192.703004078572
0.5400000000000004,2192.688511633745
0.5420000000000004,2192.674018112664
0.5440000000000004,2192.6594226495
0.5460000000000004,2192.644826146769
0.5480000000000004,2192.63022861625
0.5500000000000004,2192.615529162235
0.5520000000000004,2192.600828710265
0.5540000000000004,2192.586026339627
0.5560000000000004,2192.5711220508456
0.5580000000000004,2192.556216785671
0.5600000000000004,2192.5412096023656
0.5620000000000004,2192.526100494121
0.5640000000000004,2192.510889456372
0.5660000000000004,2192.495576408499
0.5680000000000004,2192.4803631914615
0.5700000000000004,2192.4651487401866
0.5720000000000004,2192.4500340159716
0.5740000000000004,2192.4349180111412
0.5760000000000004,2192.419901752879
0.5780000000000004,2192.4048842413213
0.5800000000000004,2192.3899665337262
0.5820000000000004,2192.3749465778433
0.5840000000000004,2192.360026479622
0.5860000000000004,2192.3451052101454
0.5880000000000004,2192.330081723455
0.5900000000000004,2192.3151581680886
0.5920000000000004,2192.30013240846
0.5940000000000004,2192.2852066222335
0.5960000000000004,2192.270077548254
0.5980000000000004,2192.255048464613
0.6000000000000004,2192.240018249049
0.6020000000000004,2192.224986896743
0.6040000000000004,2192.2098532770897
0.6060000000000004,2192.194819657871
0.6080000000000004,2192.1796837771135
0.6100000000000004,2192.1644456374943
0.6120000000000004,2192.149307554737
0.6140000000000004,2192.134067226271
0.6160000000000004,2192.118724650002
0.6180000000000004,2192.1033809620226
0.6200000000000004,2192.0880360729284
0.6220000000000004,2192.0727911129243
0.6240000000000004,2192.0576460670936
0.6260000000000004,2192.042499728328
0.6280000000000004,2192.0274533302504
0.6300000000000004,2192.0123044370466
0.6320000000000005,2191.9973567739185
0.6340000000000005,2191.982306639512
0.6360000000000005,2191.9673565579787
0.6380000000000005,2191.952304028011
0.6400000000000005,2191.937351598092
0.6420000000000005,2191.9223980172574
0.6440000000000005,2191.9073420128484
0.6460000000000005,2191.8923861758262
0.6480000000000005,2191.877327928689
0.6500000000000005,2191.8622685807118
0.6520000000000005,2191.847208141657
0.6540000000000005,2191.832045297148
0.6560000000000005,2191.8168813776897
0.6580000000000005,2191.8016150455746
0.6600000000000005,2191.7862462989306
0.6620000000000005,2191.770876485013
0.6640000000000005,2191.755505606411
0.6660000000000005,2191.740032302998
0.6680000000000005,2191.724355177115
0.6700000000000005,2191.7087783766865
0.6720000000000005,2191.6930990409874
0.6740000000000005,2191.677418499454
0.6760000000000005,2191.661736700487
0.6780000000000005,2191.6460536217855
0.6800000000000005,2191.6304706910682
0.6820000000000005,2191.614886489499
0.6840000000000005,2191.5993010317347
0.6860000000000005,2191.5836128728943
0.6880000000000005,2191.568024938876
0.6900000000000005,2191.5524357757513
0.6920000000000005,2191.536743921375
0.6940000000000005,2191.521050858571
0.6960000000000005,2191.505356592272
0.6980000000000005,2191.489661132475
0.7000000000000005,2191.473862974363
0.7020000000000005,2191.458063633648
0.7040000000000005,2191.4421615815245
0.7060000000000005,2191.426258352806
0.7080000000000005,2191.4103539451303
0.7100000000000005,2191.394346814599
0.7120000000000005,2191.378236948686
0.7140000000000005,2191.362125908135
0.7160000000000005,2191.345912111252
0.7180000000000005,2191.329595550289
0.7200000000000005,2191.3132778037916
0.7220000000000005,2191.2968572694926
0.7240000000000005,2191.2803339268266
0.7260000000000005,2191.2638093300975
0.7280000000000005,2191.2472834144473
0.7300000000000005,2191.23065449762
0.7320000000000005,2191.214125848049
0.7340000000000005,2191.197595809515
0.7360000000000005,2191.1810643920226
0.7380000000000005,2191.1645316030513
0.7400000000000005,2191.1478957619306
0.7420000000000005,2191.131258554517
0.7440000000000005,2191.114721691515
0.7460000000000006,2191.0980817704094
0.7480000000000006,2191.0813387877324
0.7500000000000006,2191.064696188557
0.7520000000000006,2191.0478487749065
0.7540000000000006,2191.0311017650724
0.7560000000000006,2191.0142516489573
0.7580000000000006,2190.997400164753
0.7600000000000006,2190.9805473074925
0.7620000000000006,2190.963693077234
0.7640000000000006,2190.9467356829764
0.7660000000000006,2190.929776918469
0.7680000000000006,2190.912714977416
0.7700000000000006,2190.895651663727
0.7720000000000006,2190.8785869826083
0.7740000000000006,2190.8614191035335
0.7760000000000006,2190.8441480149936
0.7780000000000006,2190.8268755566155
0.7800000000000006,2190.8094998453685
0.7820000000000006,2190.792224557414
0.7840000000000006,2190.774845904544
0.7860000000000006,2190.7574657368164
0.7880000000000006,2190.7401859407414
0.7900000000000006,2190.722802719227
0.7920000000000006,2190.7055198950093
0.7940000000000006,2190.6881336424185
0.7960000000000006,2190.6707458850447
0.7980000000000006,2190.653356633086
0.8000000000000006,2190.6359658865454
0.8020000000000006,2190.6185736582534
0.8040000000000006,2190.601077983999
0.8060000000000006,2190.583580827786
0.8080000000000006,2190.5660821999204
0.8100000000000006,2190.5484801010753
0.8120000000000006,2190.5308765278264
0.8140000000000006,2190.5132714803335
0.8160000000000006,2190.495562941856
0.8180000000000006,2190.4778529314804
0.8200000000000006,2190.4600394036706
0.8220000000000006,2190.4421223461363
0.8240000000000006,2190.424305865057
0.8260000000000006,2190.40628376215
0.8280000000000006,2190.388260168323
0.8300000000000006,2190.3702350838585
0.8320000000000006,2190.352004304666
0.8340000000000006,2190.333772018101
0.8360000000000006,2190.3155382062832
0.8380000000000006,2190.297200697124
0.8400000000000006,2190.278861568831
0.8420000000000006,2190.2605207928104
0.8440000000000006,2190.242178363966
0.8460000000000006,2190.2238342770916
0.8480000000000006,2190.2053863559972
0.8500000000000006,2190.1869367733057
0.8520000000000006,2190.1684855316566
0.8540000000000006,2190.150032633635
0.8560000000000006,2190.1315780871787
0.8580000000000007,2190.1130196679187
0.8600000000000007,2190.0943573624772
0.8620000000000007,2190.0757956427296
0.8640000000000007,2190.0571300201805
0.8660000000000007,2190.0384627396297
0.8680000000000007,2190.0196915332117
0.8700000000000007,2190.0009186678303
0.8720000000000007,2189.9820418455706
0.8740000000000007,2189.963163355499
0.8760000000000007,2189.944180882549
0.8780000000000007,2189.925196727611
0.8800000000000007,2189.9061085610992
0.8820000000000007,2189.88701870625
0.8840000000000007,2189.867824805644
0.8860000000000007,2189.848526839969
0.8880000000000007,2189.829227162379
0.8900000000000007,2189.8098233825
0.8920000000000007,2189.7904178789886
0.8940000000000007,2189.7709082173233
0.8960000000000007,2189.751294338141
0.8980000000000007,2189.731781041878
0.9000000000000007,2189.7121634549703
0.9020000000000007,2189.69254399591
0.9040000000000007,2189.6729226620946
0.9060000000000007,2189.6532994508793
0.9080000000000007,2189.63367436233
0.9100000000000007,2189.61394489832
0.9120000000000007,2189.5942135338364
0.9140000000000007,2189.5744802688178
0.9160000000000007,2189.5547451033717
0.9180000000000007,2189.534905511432
0.9200000000000007,2189.515064017082
0.9220000000000007,2189.495220623104
0.9240000000000007,2189.4753753295176
0.9260000000000007,2189.455425568935
0.9280000000000007,2189.4354739095384
0.9300000000000007,2189.415520348737
0.9320000000000007,2189.395462287934
0.9340000000000007,2189.375299709301
0.9360000000000007,2189.3552378343343
0.9380000000000007,2189.334968782561
0.9400000000000007,2189.314800448175
0.9420000000000007,2189.294424884797
0.9440000000000007,2189.2741500498964
0.9460000000000007,2189.2536679308687
0.9480000000000007,2189.233286548779
0.9500000000000007,2189.2126978271867
0.9520000000000007,2189.192107132856
0.9540000000000007,2189.171514420178
0.9560000000000007,2189.150919667627
0.9580000000000007,2189.1302201113813
0.9600000000000007,2189.1096212279417
0.9620000000000007,2189.0889175139696
0.9640000000000007,2189.068211717095
0.9660000000000007,2189.0474010573894
0.9680000000000007,2189.0265883067996
0.9700000000000008,2189.0057734680895
0.9720000000000008,2188.9849565385716
0.9740000000000008,2188.964137523728
0.9760000000000008,2188.943213592193
0.9780000000000008,2188.9221847222416
0.9800000000000008,2188.9012566069296
0.9820000000000008,2188.8801206590992
0.9840000000000008,2188.8590854769977
0.9860000000000008,2188.837945293979
0.9880000000000008,2188.8168029989156
0.9900000000000008,2188.7955556755433
0.9920000000000008,2188.7743062238637
0.9940000000000008,2188.752951708131
0.9960000000000008,2188.731595050464
0.9980000000000008,2188.7101332900997
1.0000000000000007,2188.688566401925
1.0020000000000007,2188.6671003247225
1.0040000000000007,2188.6454260976902
1.0060000000000007,2188.623749684368
1.0080000000000007,2188.6020710795333
1.0100000000000007,2188.580287254934
1.0120000000000007,2188.5583981767772
1.0140000000000007,2188.5365068292585
1.0160000000000007,2188.514613187688
1.0180000000000007,2188.4927172355297
1.0200000000000007,2188.4707158902115
1.0220000000000007,2188.44871221155
1.0240000000000007,2188.4267062023855
1.0260000000000007,2188.404697859942
1.0280000000000007,2188.3825840614027
1.0300000000000007,2188.36046792062
1.0320000000000007,2188.338246286238
1.0340000000000007,2188.316022300578
1.0360000000000007,2188.293795952624
1.0380000000000007,2188.271464064642
1.0400000000000007,2188.2491298080845
1.0420000000000007,2188.226793180251
1.0440000000000007,2188.204350960231
1.0460000000000007,2188.1819063598214
1.0480000000000007,2188.159356126428
1.0500000000000007,2188.1368034979146
1.0520000000000007,2188.1141451897656
1.0540000000000007,2188.091484454902
1.0560000000000007,2188.0688212822033
1.0580000000000007,2188.046052365785
1.0600000000000007,2188.023280996577
1.0620000000000007,2188.00040384217
1.0640000000000007,2187.97752421993
1.0660000000000007,2187.9545387708617
1.0680000000000007,2187.931550833182
1.0700000000000007,2187.9085604042534
1.0720000000000007,2187.8854640976547
1.0740000000000007,2187.862261857868
1.0760000000000007,2187.8391604615977
1.0780000000000007,2187.81595306304
1.0800000000000007,2187.792743066428
1.0820000000000007,2187.769530468909
1.0840000000000007,2187.74621181171
1.0860000000000007,2187.722994011614
1.0880000000000007,2187.6996701248872
1.0900000000000007,2187.6762401322267
1.0920000000000007,2187.652911020132
1.0940000000000007,2187.629475775045
1.0960000000000008,2187.6060379034425
1.0980000000000008,2187.582493864515
1.1000000000000008,2187.558947186137
1.1020000000000008,2187.535397865509
1.1040000000000008,2187.5117423223937
1.1060000000000008,2187.4880841241074
1.1080000000000008,2187.464319660086
1.1100000000000008,2187.440656142227
1.1120000000000008,2187.416782704693
1.1140000000000008,2187.39301022493
1.1160000000000008,2187.3690277544965
1.1180000000000008,2187.3451462477396
1.1200000000000008,2187.321158363796
1.1220000000000008,2187.297064079799
1.1240000000000008,2187.2729670711583
1.1260000000000008,2187.2488673264306
1.1280000000000008,2187.2245573934333
1.1300000000000008,2187.2003484363054
1.1320000000000008,2187.176032970008
1.1340000000000008,2187.151610965589
1.1360000000000008,2187.12728992982
1.1380000000000008,2187.102758486765
1.1400000000000008,2187.078327983667
1.1420000000000008,2187.053790800366
1.1440000000000008,2187.0292507406234
1.1460000000000008,2187.004707795697
1.1480000000000008,2186.9800581099435
1.1500000000000008,2186.9554055309954
1.1520000000000008,2186.93075004719
1.1540000000000008,2186.9060916673243
1.1560000000000008,2186.8813264788064
1.1580000000000008,2186.8564544577466
1.1600000000000008,2186.8316834364527
1.1620000000000008,2186.806805551205
1.1640000000000008,2186.7818207575497
1.1660000000000008,2186.756936953279
1.1680000000000008,2186.7319461944267
1.1700000000000008,2186.706952465414
1.1720000000000008,2186.6818517592956
1.1740000000000008,2186.656748077703
1.1760000000000008,2186.6316414206854
1.1780000000000008,2186.606427739374
1.1800000000000008,2186.581211065555
1.1820000000000008,2186.555887321275
1.1840000000000008,2186.5305605644458
1.1860000000000008,2186.505126687854
1.1880000000000008,2186.479689778531
1.1900000000000008,2186.4541457000178
1.1920000000000008,2186.428598556661
1.1940000000000008,2186.402944185608
1.1960000000000008,2186.3773908878725
1.1980000000000008,2186.351626137742
1.2000000000000008,2186.3259624432635
1.2020000000000008,2186.3001913914945
1.2040000000000008,2186.2744171688432
1.2060000000000008,2186.2485355296367
1.2080000000000009,2186.2227549400495
1.2100000000000009,2186.196866904091
1.2120000000000009,2186.1709756704226
1.2140000000000009,2186.1449769456904
1.2160000000000009,2186.1190793030873
1.2180000000000009,2186.092969831297
1.2200000000000009,2186.0669614534936
1.2220000000000009,2186.0409498509903
1.2240000000000009,2186.0148306781325
1.2260000000000009,2185.988603900423
1.2280000000000009,2185.962478249519
1.2300000000000009,2185.936244963723
1.2320000000000009,2185.9099040114047
1.2340000000000009,2185.8835597860752
1.2360000000000009,2185.8572122787996
1.2380000000000009,2185.8308614895764
1.2400000000000009,2185.8044029582616
1.2420000000000009,2185.7779411267584
1.2440000000000009,2185.751371504595
1.2460000000000009,2185.7247985639406
1.2480000000000009,2185.698117780868
1.2500000000000009,2185.671433654927
1.252000000000001,2185.6447461801604
1.254000000000001,2185.6179507971824
1.256000000000001,2185.5911520469654
1.258000000000001,2185.5642453394003
1.260000000000001,2185.5373352429237
1.262000000000001,2185.510317130764
1.264000000000001,2185.483295586878
1.266000000000001,2185.4562705839626
1.268000000000001,2185.4292421189816
1.270000000000001,2185.4021055091403
1.272000000000001,2185.374965406099
1.274000000000001,2185.347717111241
1.276000000000001,2185.320570010761
1.278000000000001,2185.293314681162
1.280000000000001,2185.2659510954727
1.282000000000001,2185.238688727203
1.284000000000001,2185.2113180684855
1.286000000000001,2185.18383908303
1.288000000000001,2185.156461338139
1.290000000000001,2185.1289752351677
1.292000000000001,2185.1013807468426
1.294000000000001,2185.073782673373
1.296000000000001,2185.0461810117117
1.298000000000001,2185.0185757618283
1.300000000000001,2184.9908620380816
1.302000000000001,2184.963144703722
1.304000000000001,2184.9353188507175
1.306000000000001,2184.9074893645757
1.308000000000001,2184.8795512993856
1.310000000000001,2184.85171453265
1.312000000000001,2184.823664183409
1.314000000000001,2184.7957151387986
1.316000000000001,2184.767552431365
1.318000000000001,2184.7394910347034
1.320000000000001,2184.711320917917
1.322000000000001,2184.683042046722
1.324000000000001,2184.654864500886
1.326000000000001,2184.626473086093
1.328000000000001,2184.5981829873162
1.330000000000001,2184.5697840126604
1.332000000000001,2184.5413812319944
1.334000000000001,2184.512869501248
1.336000000000001,2184.4843539257054
1.338000000000001,2184.4559396567347
1.340000000000001,2184.4273112084757
1.342000000000001,2184.398784078999
1.344000000000001,2184.3701478930584
1.346000000000001,2184.3415078353783
1.348000000000001,2184.3128639027755
1.350000000000001,2184.2841108490634
1.352000000000001,2184.25535390316
1.354000000000001,2184.2265930587687
1.356000000000001,2184.1977230221823
1.358000000000001,2184.1688490697265
1.360000000000001,2184.13997119513
1.362000000000001,2184.110984060097
1.364000000000001,2184.08209833546
1.366000000000001,2184.0529979493654
1.368000000000001,2184.023998982926
1.370000000000001,2183.9948906694513
1.372000000000001,2183.965672976641
1.374000000000001,2183.9364512904017
1.376000000000001,2183.907225607519
1.378000000000001,2183.877995921546
1.380000000000001,2183.8486567627
1.382000000000001,2183.8193135831916
1.384000000000001,2183.7898608799137
1.386000000000001,2183.7604041288487
1.388000000000001,2183.730943323593
1.390000000000001,2183.701372921863
1.392000000000001,2183.6716928813057
1.394000000000001,2183.642114314126
1.396000000000001,2183.6124260552488
1.398000000000001,2183.582628062018
1.400000000000001,2183.5529315284507
1.402000000000001,2183.5231252009776
1.404000000000001,2183.4933146985586
1.406000000000001,2183.4633943502913
1.408000000000001,2183.433575485317
1.410000000000001,2183.4036467371643
1.412000000000001,2183.3736080692033
1.414000000000001,2183.3436709090493
1.416000000000001,2183.313623791596
1.418000000000001,2183.283466683346
1.420000000000001,2183.253411101078
1.422000000000001,2183.223245490356
1.424000000000001,2183.1929698143413
1.426000000000001,2183.1627956825887
1.428000000000001,2183.1325114477636
1.430000000000001,2183.1022229288324
1.432000000000001,2183.0718242541006
1.434000000000001,2183.04142127358
1.436000000000001,2183.010908077915
1.438000000000001,2182.9804964600803
1.440000000000001,2182.94997458913
1.442000000000001,2182.919342430946
1.444000000000001,2182.8887059069925
1.446000000000001,2182.8580650138897
1.448000000000001,2182.8273137547094
1.450000000000001,2182.796558097919
1.452000000000001,2182.765798040105
1.454000000000001,2182.734927537034
1.456000000000001,2182.7040526044316
1.458000000000001,2182.673173238849
1.460000000000001,2182.6421833419477
1.462000000000001,2182.611082872553
1.464000000000001,2182.5800840265283
1.466000000000001,2182.54897454312
1.468000000000001,2182.5178605362566
1.470000000000001,2182.486741992624
1.472000000000001,2182.4555127247213
1.474000000000001,2182.4242789007667
1.476000000000001,2182.3930405074557
1.478000000000001,2182.3617975477587
1.480000000000001,2182.3304437734955
1.482000000000001,2182.299085410272
1.484000000000001,2182.2677224545587
1.486000000000001,2182.236248606648
1.488000000000001,2182.2047701435536
1.490000000000001,2182.173287058429
1.492000000000001,2182.1417993510736
1.494000000000001,2182.1102006606257
1.496000000000001,2182.0785973251554
1.498000000000001,2182.046989337814
1.500000000000001,2182.015270292526
1.5020000000000011,2181.983546572548
1.5040000000000011,2181.951711729252
1.5060000000000011,2181.919978642966
1.5080000000000011,2181.888027922899
1.5100000000000011,2181.8561789627443
1.5120000000000011,2181.82421878075
1.5140000000000011,2181.7922538643224
1.5160000000000011,2181.760284206638
1.5180000000000011,2181.7282032547796
1.5200000000000011,2181.6961175384645
1.5220000000000011,2181.663920462005
1.5240000000000011,2181.6317185912376
1.5260000000000011,2181.5995119191753
1.5280000000000011,2181.5671938074497
1.5300000000000011,2181.534870867768
1.5320000000000011,2181.502543093241
1.5340000000000011,2181.470103785766
1.5360000000000011,2181.4376595964018
1.5380000000000011,2181.4052105148467
1.5400000000000011,2181.3726497964753
1.5420000000000011,2181.3400841555012
1.5440000000000011,2181.3075135848862
1.5460000000000012,2181.2749380843843
1.5480000000000012,2181.2422508494633
1.5500000000000012,2181.2095586575033
1.5520000000000012,2181.176861508205
1.5540000000000012,2181.1441593978802
1.5560000000000012,2181.1113454552724
1.5580000000000012,2181.0784196400095
1.5600000000000012,2181.045595714057
1.5620000000000012,2181.0126598711468
1.5640000000000012,2180.979719012393
1.5660000000000012,2180.9467731306886
1.5680000000000012,2180.9137152539424
1.5700000000000012,2180.880652326835
1.5720000000000012,2180.847477343429
1.5740000000000012,2180.814404308145
1.5760000000000012,2180.781112125598
1.5780000000000012,2180.7479219008987
1.5800000000000012,2180.7146195069527
1.5820000000000012,2180.681311996706
1.5840000000000012,2180.647999366364
1.5860000000000012,2180.614574484445
1.5880000000000012,2180.58114445469
1.5900000000000012,2180.5477092631204
1.5920000000000012,2180.514161737195
1.5940000000000012,2180.4806090284496
1.5960000000000012,2180.4469439163695
1.5980000000000012,2180.413380820528
1.6000000000000012,2180.3795980319137
1.6020000000000012,2180.3459172624025
1.6040000000000012,2180.3121239749876
1.6060000000000012,2180.2783254169813
1.6080000000000012,2180.2445215742437
1.6100000000000012,2180.210712449854
1.6120000000000012,2180.1767906889536
1.6140000000000012,2180.14286361115
1.6160000000000012,2180.108931219545
1.6180000000000012,2180.074886103868
1.6200000000000012,2180.040835645966
1.6220000000000012,2180.006779835051
1.6240000000000012,2179.972718674203
1.6260000000000012,2179.9385446871956
1.6280000000000012,2179.9043653252274
1.6300000000000012,2179.8701805775263
1.6320000000000012,2179.8358829259073
1.6340000000000012,2179.80157986337
1.6360000000000012,2179.767271386096
1.6380000000000012,2179.7329574901246
1.6400000000000012,2179.698530584054
1.6420000000000012,2179.6640982340737
1.6440000000000012,2179.6296604363642
1.6460000000000012,2179.5951095432597
1.6480000000000012,2179.5605531700585
1.6500000000000012,2179.5259913199143
1.6520000000000012,2179.49131628531
1.6540000000000012,2179.4566357377994
1.6560000000000012,2179.4219496769865
1.6580000000000013,2179.3871503459254
1.6600000000000013,2179.3523454725237
1.6620000000000013,2179.3175350458387
1.6640000000000013,2179.2826112627217
1.6660000000000013,2179.2476819007115
1.6680000000000013,2179.2127469523684
1.6700000000000013,2179.1776985576143
1.6720000000000013,2179.1426445507864
1.6740000000000013,2179.1075849208805
1.6760000000000013,2179.072411747167
1.6780000000000013,2179.0372329032407
1.6800000000000013,2179.0020483815606
1.6820000000000013,2178.966750211186
1.6840000000000013,2178.9315543112066
1.6860000000000013,2178.896244718717
1.6880000000000013,2178.8609294108046
1.6900000000000013,2178.825500348351
1.6920000000000013,2178.79006554079
1.6940000000000013,2178.754624980578
1.6960000000000013,2178.7191786636763
1.6980000000000013,2178.6836184823096
1.7000000000000013,2178.648052521577
1.7020000000000013,2178.61248077386
1.7040000000000013,2178.5767950735703
1.7060000000000013,2178.5411035527636
1.7080000000000013,2178.505406203839
1.7100000000000013,2178.4697030262464
1.7120000000000013,2178.433885781911
1.7140000000000013,2178.3980626752495
1.7160000000000013,2178.362233709457
1.7180000000000013,2178.326290584443
1.7200000000000013,2178.2904498735325
1.7220000000000013,2178.254386633515
1.7240000000000013,2178.2184258210923
1.7260000000000013,2178.1823507380286
1.7280000000000013,2178.1462697235575
1.7300000000000013,2178.1101827700254
1.7320000000000013,2178.073981463631
1.7340000000000013,2178.0377741913826
1.7360000000000013,2178.0015609491375
1.7380000000000013,2177.9652332607516
1.7400000000000013,2177.928899568249
1.7420000000000013,2177.8925598711025
1.7440000000000013,2177.856105630565
1.7460000000000013,2177.819753904312
1.7480000000000013,2177.78317901774
1.7500000000000013,2177.7467066336008
1.7520000000000013,2177.7101195747614
1.7540000000000013,2177.673526419708
1.7560000000000013,2177.636927156988
1.7580000000000013,2177.6003217860084
1.7600000000000013,2177.5636016267813
1.7620000000000013,2177.5268753319847
1.7640000000000013,2177.4901428974226
1.7660000000000013,2177.453295583489
1.7680000000000013,2177.4164420987386
1.7700000000000014,2177.3795824352774
1.7720000000000014,2177.342716588816
1.7740000000000014,2177.305735756001
1.7760000000000014,2177.268748712695
1.7780000000000014,2177.231755451014
1.7800000000000014,2177.1947559740656
1.7820000000000014,2177.157641396035
1.7840000000000014,2177.120520571388
1.7860000000000014,2177.08339349596
1.7880000000000014,2177.046151227377
1.7900000000000014,2177.0089026358914
1.7920000000000014,2176.9716477134175
1.7940000000000014,2176.9343864593543
1.7960000000000014,2176.89711889522
1.7980000000000014,2176.8597359916903
1.8000000000000014,2176.8223467613484
1.8020000000000014,2176.784951199936
1.8040000000000014,2176.747440217472
1.8060000000000014,2176.7099228722755
1.8080000000000014,2176.6723991675
1.8100000000000014,2176.6348690877066
1.8120000000000014,2176.59722347425
1.8140000000000014,2176.55946227684
1.8160000000000014,2176.5218038561998
1.8180000000000014,2176.4840297935903
1.8200000000000014,2176.4462492916787
1.8220000000000014,2176.4084623387007
1.8240000000000014,2176.3705596387986
1.8260000000000014,2176.3326504482206
1.8280000000000014,2176.2947347476434
1.8300000000000014,2176.256812540132
1.8320000000000014,2176.218774456735
1.8340000000000014,2176.180729834153
1.8360000000000014,2176.142678664277
1.8380000000000014,2176.104620938875
1.8400000000000014,2176.0664472306776
1.8420000000000014,2176.028266938364
1.8440000000000014,2175.99008006127
1.8460000000000014,2175.9517771028204
1.8480000000000014,2175.9135770385838
1.8500000000000014,2175.8752608416808
1.8520000000000014,2175.836828475874
1.8540000000000014,2175.79849902547
1.8560000000000014,2175.7600533509526
1.8580000000000014,2175.7216010169823
1.8600000000000014,2175.683142019126
1.8620000000000014,2175.644566701679
1.8640000000000014,2175.605984691379
1.8660000000000014,2175.5673959800415
1.8680000000000014,2175.5288005631437
1.8700000000000014,2175.4900887106496
1.8720000000000014,2175.4513701197384
1.8740000000000014,2175.4126447897456
1.8760000000000014,2175.3738029280566
1.8780000000000014,2175.334954294329
1.8800000000000014,2175.296098876431
1.8820000000000014,2175.2571268265756
1.8840000000000015,2175.218257830117
1.8860000000000015,2175.179162270586
1.8880000000000015,2175.1401697669185
1.8900000000000015,2175.1010605102592
1.8920000000000015,2175.061944397972
1.8940000000000015,2175.022821417779
1.8960000000000015,2174.98369156899
1.8980000000000015,2174.9444448381096
1.9000000000000015,2174.90519119756
1.9020000000000015,2174.8658205902616
1.9040000000000015,2174.8265530929866
1.9060000000000015,2174.7871685761675
1.9080000000000015,2174.747777103109
1.9100000000000015,2174.708268540972
1.9120000000000015,2174.668863121743
1.9140000000000015,2174.629340568146
1.9160000000000015,2174.589811015456
1.9180000000000015,2174.5501642508907
1.9200000000000015,2174.510620673776
1.9220000000000015,2174.4709598394084
1.9240000000000015,2174.431291962871
1.9260000000000015,2174.3915067590387
1.9280000000000015,2174.351714475199
1.9300000000000015,2174.3119152000204
1.9320000000000015,2174.272012566285
1.9340000000000015,2174.232199138227
1.9360000000000015,2174.192268242419
1.9380000000000015,2174.152330230095
1.9400000000000015,2174.1122746717974
1.9420000000000015,2174.0723223961127
1.9440000000000015,2174.0322525129764
1.9460000000000015,2173.99206498432
1.9480000000000015,2173.9519807522274
1.9500000000000015,2173.91177880909
1.9520000000000015,2173.8715696590184
1.9540000000000015,2173.8313532895154
1.9560000000000015,2173.791019116771
1.9580000000000015,2173.7506776901473
1.9600000000000015,2173.710329008794
1.9620000000000015,2173.6699730640275
1.9640000000000015,2173.629499194597
1.9660000000000015,2173.589018027162
1.9680000000000015,2173.548418855627
1.9700000000000015,2173.507923077207
1.9720000000000015,2173.4673092363405
1.9740000000000015,2173.426688041407
1.9760000000000015,2173.3860594915045
1.9780000000000015,2173.3453127662924
1.9800000000000015,2173.304558651205
1.9820000000000015,2173.2637971296094
1.9840000000000015,2173.223028200563
1.9860000000000015,2173.1821409732897
1.9880000000000015,2173.1412463075258
1.9900000000000015,2173.1003441943953
1.9920000000000015,2173.0594346369703
1.9940000000000015,2173.0185176224927
1.9960000000000016,2172.9774821688907
1.9980000000000016,2172.936439230988
2.0000000000000013,2172.8952777654936
2.002000000000001,2172.8542198395335
2.004000000000001,2172.813043334753
2.0060000000000007,2172.771859304587
2.0080000000000005,2172.730556618751
2.0100000000000002,2172.68935751027
2.012,2172.6480396947677
2.014,2172.6066031287787
2.0159999999999996,2172.5652701582158
2.0179999999999993,2172.5238183816627
2.019999999999999,2172.482358989977
2.021999999999999,2172.440891978229
2.0239999999999987,2172.399306057259
2.0259999999999985,2172.3577124845647
2.0279999999999982,2172.316111247118
2.029999999999998,2172.274502348008
2.031999999999998,2172.2327744102527
2.0339999999999976,2172.1910387749713
2.0359999999999974,2172.1492954332207
2.037999999999997,2172.1074329448625
2.039999999999997,2172.0656741742823
2.0419999999999967,2172.0237962049923
2.0439999999999965,2171.981798992984
2.0459999999999963,2171.93990551692
2.047999999999996,2171.8978927337594
2.049999999999996,2171.8557605952647
2.0519999999999956,2171.8137321947215
2.0539999999999954,2171.771584370147
2.055999999999995,2171.729428698531
2.057999999999995,2171.687265166704
2.0599999999999947,2171.645093769478
2.0619999999999945,2171.602802825012
2.0639999999999943,2171.5605039827587
2.065999999999994,2171.5181972336513
2.067999999999994,2171.4758825765975
2.0699999999999936,2171.433448236327
2.0719999999999934,2171.3910059515183
2.073999999999993,2171.348555717033
2.075999999999993,2171.306097531826
2.0779999999999927,2171.263519531098
2.0799999999999925,2171.2209335470243
2.0819999999999923,2171.1783395621637
2.083999999999992,2171.135737583644
2.085999999999992,2171.093015656804
2.0879999999999916,2171.0503976663645
2.0899999999999914,2171.0075476900647
2.091999999999991,2170.9648016562264
2.093999999999991,2170.9219355448968
2.0959999999999908,2170.879061351638
2.0979999999999905,2170.8361790712165
2.0999999999999903,2170.79328869847
2.10199999999999,2170.7502781227818
2.10399999999999,2170.707259417603
2.1059999999999897,2170.664232585936
2.1079999999999894,2170.62108543588
2.109999999999989,2170.5780423181054
2.111999999999989,2170.534878828101
2.1139999999999888,2170.491594920353
2.1159999999999886,2170.448415071545
2.1179999999999883,2170.405114738598
2.119999999999988,2170.361806188811
2.121999999999988,2170.3183770780333
2.1239999999999877,2170.2749397045645
2.1259999999999875,2170.231606433169
2.1279999999999872,2170.18804011937
2.129999999999987,2170.1445779094297
2.131999999999987,2170.100994959236
2.1339999999999866,2170.0574036885455
2.1359999999999864,2170.01380407955
2.137999999999986,2169.9701961352025
2.139999999999986,2169.926467322799
2.1419999999999857,2169.88273013718
2.1439999999999855,2169.838984572921
2.1459999999999853,2169.7952306205457
2.147999999999985,2169.7513556677245
2.149999999999985,2169.7074722970465
2.1519999999999846,2169.663580498978
2.1539999999999844,2169.6196802681184
2.155999999999984,2169.5756588955755
2.157999999999984,2169.5316290604114
2.1599999999999837,2169.487590748868
2.1619999999999835,2169.4435439596864
2.1639999999999833,2169.399375895486
2.165999999999983,2169.355199315387
2.167999999999983,2169.311014218038
2.1699999999999826,2169.2668205896703
2.1719999999999824,2169.222505548326
2.173999999999982,2169.178181945889
2.175999999999982,2169.1338497684324
2.1779999999999817,2169.089396063059
2.1799999999999815,2169.0450467222463
2.1819999999999813,2169.0005757937447
2.183999999999981,2168.95598323048
2.185999999999981,2168.911495050294
2.1879999999999806,2168.8668851711986
2.1899999999999804,2168.822266631665
2.19199999999998,2168.777639417715
2.19399999999998,2168.7330035280424
2.1959999999999797,2168.6882458083887
2.1979999999999795,2168.643479378416
2.1999999999999793,2168.5985910345566
2.201999999999979,2168.5538071531423
2.203999999999979,2168.508901293309
2.2059999999999786,2168.4639866644034
2.2079999999999784,2168.41906325226
2.209999999999978,2168.374017749398
2.211999999999978,2168.3289634282764
2.2139999999999778,2168.2839002748274
2.2159999999999775,2168.2388282876577
2.2179999999999773,2168.1937474611714
2.219999999999977,2168.1485443789516
2.221999999999977,2168.1033324222567
2.2239999999999767,2168.058111585408
2.2259999999999764,2168.0127683797036
2.227999999999976,2167.9675297600693
2.229999999999976,2167.9221687148447
2.231999999999976,2167.876798742888
2.2339999999999756,2167.8313062601915
2.2359999999999753,2167.785918412092
2.237999999999975,2167.7404079920348
2.239999999999975,2167.6947749474402
2.2419999999999747,2167.649246564675
2.2439999999999745,2167.6035954916406
2.2459999999999742,2167.557935395156
2.247999999999974,2167.5122662695094
2.249999999999974,2167.466588108915
2.2519999999999736,2167.4207871280473
2.2539999999999734,2167.3749770722343
2.255999999999973,2167.3291579400534
2.257999999999973,2167.283329725696
2.2599999999999727,2167.237378543332
2.2619999999999725,2167.191418242941
2.2639999999999723,2167.1454488101203
2.265999999999972,2167.0993562984568
2.267999999999972,2167.05325461404
2.2699999999999716,2167.007143751011
2.2719999999999714,2166.961023699329
2.273999999999971,2166.914894466118
2.275999999999971,2166.8686419763803
2.2779999999999707,2166.82238026464
2.2799999999999705,2166.7759952138335
2.2819999999999703,2166.7297150218033
2.28399999999997,2166.6833114195265
2.28599999999997,2166.6368985341555
2.2879999999999696,2166.5904763511653
2.2899999999999694,2166.543930637142
2.291999999999969,2166.4973755845795
2.293999999999969,2166.450925457272
2.2959999999999687,2166.40423741837
2.2979999999999685,2166.3576543147597
2.2999999999999683,2166.3109475048564
2.301999999999968,2166.2642313020147
2.303999999999968,2166.217505695946
2.3059999999999676,2166.170770685029
2.3079999999999674,2166.1239118300673
2.309999999999967,2166.0770435290797
2.311999999999967,2166.0301657453456
2.3139999999999668,2165.9832784463797
2.3159999999999665,2165.936381639354
2.3179999999999663,2165.8894753445948
2.319999999999966,2165.842444986301
2.321999999999966,2165.795519727482
2.3239999999999656,2165.7484703637037
2.3259999999999654,2165.7012968447866
2.327999999999965,2165.6542284529196
2.329999999999965,2165.6070358467705
2.3319999999999648,2165.559833682767
2.3339999999999645,2165.512621954922
2.3359999999999643,2165.465285894243
2.337999999999964,2165.417940232451
2.339999999999964,2165.3705849590333
2.3419999999999637,2165.323220067963
2.3439999999999634,2165.2757306954363
2.3459999999999632,2165.228231667835
2.347999999999963,2165.1807229701703
2.349999999999963,2165.133204605285
2.3519999999999626,2165.0855616097515
2.3539999999999623,2165.0380238860816
2.355999999999962,2164.990246467007
2.357999999999962,2164.9425743253814
2.3599999999999617,2164.8947774034295
2.3619999999999615,2164.847085789977
2.3639999999999612,2164.799154235639
2.365999999999961,2164.751327990898
2.367999999999961,2164.7034919550706
2.3699999999999606,2164.6555309496644
2.3719999999999604,2164.6075601152675
2.37399999999996,2164.5594642253236
2.37599999999996,2164.511473699348
2.3779999999999597,2164.463358048382
2.3799999999999595,2164.415232513529
2.3819999999999593,2164.367097083987
2.383999999999959,2164.318836417389
2.385999999999959,2164.270681178289
2.3879999999999586,2164.222400641387
2.3899999999999584,2164.1741101591588
2.391999999999958,2164.1256942970663
2.393999999999958,2164.0772684422277
2.3959999999999577,2164.028832588406
2.3979999999999575,2163.9803867247806
2.3999999999999573,2163.931930854055
2.401999999999957,2163.883349416099
2.403999999999957,2163.834757927994
2.4059999999999566,2163.786156378908
2.4079999999999564,2163.7375447715435
2.409999999999956,2163.6888074394765
2.411999999999956,2163.6400600059005
2.4139999999999557,2163.5913024599704
2.4159999999999555,2163.542534799892
2.4179999999999553,2163.493641261588
2.419999999999955,2163.4448533432487
2.421999999999955,2163.395939489672
2.4239999999999546,2163.3468996483616
2.4259999999999544,2163.297965450577
2.427999999999954,2163.248905189631
2.429999999999954,2163.199834712978
2.4319999999999538,2163.1506380850115
2.4339999999999535,2163.1015471422184
2.4359999999999533,2163.05232998162
2.437999999999953,2163.0031025486664
2.439999999999953,2162.9538648323937
2.4419999999999527,2162.904500783387
2.4439999999999524,2162.855126407112
2.445999999999952,2162.8057416925926
2.447999999999952,2162.7563466241077
2.4499999999999518,2162.7068250626526
2.4519999999999516,2162.657409283316
2.4539999999999513,2162.6078669394014
2.455999999999951,2162.558197977632
2.457999999999951,2162.5086348215277
2.4599999999999507,2162.45894497572
2.4619999999999505,2162.4092446771824
2.4639999999999502,2162.359533919307
2.46599999999995,2162.3098126955397
2.46799999999995,2162.2599646390922
2.4699999999999496,2162.210106076885
2.4719999999999493,2162.160236997734
2.473999999999949,2162.110357395061
2.475999999999949,2162.0603508023078
2.4779999999999487,2162.010333650608
2.4799999999999485,2161.9603059240885
2.4819999999999482,2161.910267616159
2.483999999999948,2161.8601021648874
2.485999999999948,2161.8099260919844
2.4879999999999476,2161.7597393907763
2.4899999999999474,2161.709542049995
2.491999999999947,2161.6592174074785
2.493999999999947,2161.6089987795262
2.4959999999999467,2161.5586527816577
2.4979999999999465,2161.508179359513
2.4999999999999463,2161.4578119710054
2.501999999999946,2161.4073170852057
2.503999999999946,2161.3568114588556
2.5059999999999456,2161.3062950805834
2.5079999999999454,2161.2556510820195
2.509999999999945,2161.2049962861865
2.511999999999945,2161.1543306816266
2.5139999999999447,2161.103654270955
2.5159999999999445,2161.0529670426763
2.5179999999999443,2161.0021520019195
2.519999999999944,2160.951326107385
2.521999999999944,2160.9004893475976
2.5239999999999436,2160.8495246420835
2.5259999999999434,2160.7986661200243
2.527999999999943,2160.7476795831617
2.529999999999943,2160.696564971631
2.5319999999999427,2160.6455565625793
2.5339999999999425,2160.5944200048666
2.5359999999999423,2160.5432724650695
2.537999999999942,2160.492113931606
2.539999999999942,2160.440944397656
2.5419999999999416,2160.389646562501
2.5439999999999414,2160.3384550141373
2.545999999999941,2160.287135099662
2.547999999999941,2160.235686758787
2.5499999999999408,2160.184344733161
2.5519999999999405,2160.1328742066235
2.5539999999999403,2160.081392575767
2.55599999999994,2160.0298998336652
2.55799999999994,2159.978278464928
2.5599999999999397,2159.926763472696
2.5619999999999394,2159.8751197931215
2.563999999999939,2159.82346494188
2.565999999999939,2159.7716813098664
2.5679999999999388,2159.7198864595275
2.5699999999999386,2159.6681980423473
2.5719999999999383,2159.6162630568997
2.573999999999938,2159.564434514201
2.575999999999938,2159.5124769890394
2.5779999999999377,2159.4605081775785
2.5799999999999375,2159.408528077568
2.5819999999999372,2159.356536677244
2.583999999999937,2159.304416139059
2.585999999999937,2159.2522842534904
2.5879999999999366,2159.2001410181615
2.5899999999999364,2159.1479864260004
2.591999999999936,2159.0957025259036
2.593999999999936,2159.043407221707
2.5959999999999357,2158.9911005111076
2.5979999999999355,2158.938782377445
2.5999999999999353,2158.8863347698716
2.601999999999935,2158.8338756965177
2.603999999999935,2158.78140515509
2.6059999999999346,2158.728923128802
2.6079999999999344,2158.676311457326
2.609999999999934,2158.623806437566
2.611999999999934,2158.571171705816
2.6139999999999337,2158.518407200011
2.6159999999999335,2158.4657493601912
2.6179999999999333,2158.4129616745195
2.619999999999933,2158.360162382103
2.621999999999933,2158.307351485275
2.6239999999999326,2158.2545289720306
2.6259999999999324,2158.201576445107
2.627999999999932,2158.1486122632864
2.629999999999932,2158.095636409691
2.6319999999999317,2158.0426488818794
2.6339999999999315,2157.989531171962
2.6359999999999313,2157.9364017444004
2.637999999999931,2157.8832605870166
2.639999999999931,2157.830107687697
2.6419999999999306,2157.7768244469644
2.6439999999999304,2157.723529420681
2.64599999999993,2157.670222601493
2.64799999999993,2157.616903982067
2.6499999999999297,2157.5635735550254
2.6519999999999295,2157.510112587886
2.6539999999999293,2157.4566397741487
2.655999999999929,2157.403155096733
2.657999999999929,2157.3495397382494
2.6599999999999286,2157.2959124769814
2.6619999999999284,2157.2422732909513
2.663999999999928,2157.1886221824384
2.665999999999928,2157.1349591392072
2.6679999999999278,2157.081165214755
2.6699999999999275,2157.0273593210645
2.6719999999999273,2156.973541436144
2.673999999999927,2156.9197115621723
2.675999999999927,2156.8657506307704
2.6779999999999267,2156.811777661094
2.6799999999999264,2156.7577926456356
2.681999999999926,2156.703676435181
2.683999999999926,2156.649667293441
2.685999999999926,2156.5955268828534
2.6879999999999256,2156.5413743669196
2.6899999999999253,2156.487090478554
2.691999999999925,2156.432913702263
2.693999999999925,2156.3786054795205
2.6959999999999247,2156.3242850817355
2.6979999999999245,2156.269833138402
2.6999999999999242,2156.2154883457315
2.701999999999924,2156.161011933107
2.703999999999924,2156.1065232804253
2.7059999999999236,2156.052022375205
2.7079999999999234,2155.9973897207446
2.709999999999923,2155.9428642798966
2.711999999999923,2155.8882070201057
2.7139999999999227,2155.833417876523
2.7159999999999225,2155.778735970442
2.7179999999999223,2155.7239221008404
2.719999999999922,2155.6690958601857
2.721999999999922,2155.614257231055
2.7239999999999216,2155.55940621544
2.7259999999999214,2155.5044230709955
2.727999999999921,2155.449427489607
2.729999999999921,2155.394419463609
2.7319999999999207,2155.339398980268
2.7339999999999205,2155.28424619229
2.7359999999999203,2155.2292007781884
2.73799999999992,2155.174022993881
2.73999999999992,2155.118712763907
2.7419999999999196,2155.0635099317283
2.7439999999999194,2155.0081745832035
2.745999999999919,2154.952826662268
2.747999999999919,2154.897466156159
2.7499999999999187,2154.8419729970124
2.7519999999999185,2154.7864672015558
2.7539999999999183,2154.730948761976
2.755999999999918,2154.6754176753348
2.757999999999918,2154.619873928859
2.7599999999999176,2154.56419731118
2.7619999999999174,2154.5085079325454
2.763999999999917,2154.452926034115
2.765999999999917,2154.397211122599
2.7679999999999167,2154.3414834660402
2.7699999999999165,2154.285622719093
2.7719999999999163,2154.22974920036
2.773999999999916,2154.1739832850076
2.775999999999916,2154.117963761007
2.7779999999999156,2154.0620518543037
2.7799999999999154,2154.006006657319
2.781999999999915,2153.950069122539
2.783999999999915,2153.8939982256693
2.7859999999999148,2153.8377939047855
2.7879999999999145,2153.7816972650403
2.7899999999999143,2153.7254671243027
2.791999999999914,2153.6692240600737
2.793999999999914,2153.612968064368
2.7959999999999137,2153.556578418335
2.7979999999999134,2153.5002965324256
2.7999999999999132,2153.4438809238864
2.801999999999913,2153.3873315253554
2.803999999999913,2153.330889910909
2.8059999999999126,2153.274314423938
2.8079999999999123,2153.217725886537
2.809999999999912,2153.1611242755894
2.811999999999912,2153.1045095929435
2.8139999999999117,2153.047760866089
2.8159999999999115,2152.9909990149117
2.8179999999999112,2152.9342240312
2.819999999999911,2152.877435901832
2.821999999999911,2152.8205135509197
2.8239999999999106,2152.7635780064625
2.8259999999999104,2152.7066292551885
2.82799999999991,2152.649667293983
2.82999999999991,2152.592570928213
2.8319999999999097,2152.535582519225
2.8339999999999095,2152.478459627402
2.8359999999999093,2152.421202189266
2.837999999999909,2152.36405273693
2.839999999999909,2152.3067686496015
2.8419999999999086,2152.249471226138
2.8439999999999084,2152.192160458281
2.845999999999908,2152.1347149130283
2.847999999999908,2152.077255969814
2.8499999999999077,2152.019905087081
2.8519999999999075,2151.962297820711
2.8539999999999073,2151.90479862354
2.855999999999907,2151.847164426984
2.857999999999907,2151.7895167486254
2.8599999999999066,2151.731855580085
2.8619999999999064,2151.6741809128916
2.863999999999906,2151.616371065807
2.865999999999906,2151.5585476660635
2.8679999999999057,2151.500710705281
2.8699999999999055,2151.442860175036
2.8719999999999053,2151.384874278514
2.873999999999905,2151.326874763342
2.875999999999905,2151.2688616109053
2.8779999999999046,2151.210834822896
2.8799999999999044,2151.152794390845
2.881999999999904,2151.0946183732
2.883999999999904,2151.036428662139
2.8859999999999038,2150.9782252389145
2.8879999999999035,2150.919886085041
2.8899999999999033,2150.86153316429
2.891999999999903,2150.803166473284
2.893999999999903,2150.744785993184
2.8959999999999027,2150.6863917307987
2.8979999999999024,2150.6278615066553
2.899999999999902,2150.569317445247
2.901999999999902,2150.5107595329
2.9039999999999018,2150.45218776614
2.9059999999999016,2150.393479843396
2.9079999999999013,2150.3347580161717
2.909999999999901,2150.276022265603
2.911999999999901,2150.2172725829882
2.9139999999999007,2150.158347957454
2.9159999999999004,2150.0994480140644
2.9179999999999002,2150.040534054019
2.9199999999999,2149.9816060840144
2.9219999999999,2149.9226640953216
2.9239999999998996,2149.863585542763
2.9259999999998993,2149.80449292613
2.927999999999899,2149.7453862367647
2.929999999999899,2149.6861428305824
2.9319999999998987,2149.6268852905664
2.9339999999998985,2149.5676136131874
2.9359999999998982,2149.508327784426
2.937999999999898,2149.4490277955597
2.939999999999898,2149.3895908544796
2.9419999999998976,2149.330139702325
2.9439999999998974,2149.270674330225
2.945999999999897,2149.2111947241765
2.947999999999897,2149.1515779734336
2.9499999999998967,2149.09194694269
2.9519999999998965,2149.032301612762
2.9539999999998963,2148.9726419747403
2.955999999999896,2148.912968030157
2.957999999999896,2148.8531567141144
2.9599999999998956,2148.7933310348462
2.9619999999998954,2148.733490983439
2.963999999999895,2148.67351340022
2.965999999999895,2148.613521387996
2.9679999999998947,2148.5536381380484
2.9699999999998945,2148.493494004334
2.9719999999998943,2148.4334586409514
2.973999999999894,2148.373285517443
2.975999999999894,2148.3132212006644
2.9779999999998936,2148.2530190512844
2.9799999999998934,2148.1926789907143
2.981999999999893,2148.1324477663566
2.983999999999893,2148.072078547289
2.9859999999998927,2148.0116947360325
2.9879999999998925,2147.951296313099
2.9899999999998923,2147.890759749004
2.991999999999892,2147.83020852083
2.993999999999892,2147.7696426142356
2.9959999999998916,2147.709062025392
2.9979999999998914,2147.648466745137
2.999999999999891,2147.5877330823196
3.001999999999891,2147.5269846807464
3.0039999999998908,2147.4662215155117
3.0059999999998905,2147.405443593143
3.0079999999998903,2147.3445270854663
3.00999999999989,2147.283595757324
3.01199999999989,2147.22264959956
3.0139999999998897,2147.1616885924204
3.0159999999998894,2147.100712737218
3.017999999999889,2147.0395980692138
3.019999999999889,2146.9784684947617
3.0219999999998888,2146.917323999333
3.0239999999998886,2146.8560405265634
3.0259999999998883,2146.7948661572113
3.027999999999888,2146.7335527255555
3.029999999999888,2146.67222430096
3.0319999999998877,2146.6108808741787
3.0339999999998875,2146.5493982304156
3.0359999999998872,2146.488024761669
3.037999999999887,2146.4265119959514
3.039999999999887,2146.3649841610118
3.0419999999998866,2146.3033169086343
3.0439999999998864,2146.241758881671
3.045999999999886,2146.180061356983
3.047999999999886,2146.118348679842
3.0499999999998857,2146.0566208355945
3.0519999999998855,2145.9947533430422
3.0539999999998853,2145.9328706239826
3.055999999999885,2145.871097218242
3.057999999999885,2145.8090594630407
3.0599999999998846,2145.7471310181336
3.0619999999998844,2145.68518731943
3.063999999999884,2145.6231036895933
3.065999999999884,2145.561004746243
3.0679999999998837,2145.4988904745437
3.0699999999998835,2145.4366361094044
3.0719999999998833,2145.3744911532544
3.073999999999883,2145.3122060171277
3.075999999999883,2145.249905478959
3.0779999999998826,2145.1874646490896
3.0799999999998824,2145.12513326817
3.081999999999882,2145.062661503468
3.083999999999882,2145.000174257223
3.0859999999998817,2144.9376715199182
3.0879999999998815,2144.875153276549
3.0899999999998813,2144.812619528103
3.091999999999881,2144.7499451664917
3.093999999999881,2144.687255239312
3.0959999999998806,2144.6245497368704
3.0979999999998804,2144.5618286388435
3.09999999999988,2144.498966722353
3.10199999999988,2144.4360891494503
3.1039999999998797,2144.3733212077245
3.1059999999998795,2144.3104123134995
3.1079999999998793,2144.2473623948717
3.109999999999879,2144.1844221363326
3.111999999999879,2144.1213407548175
3.1139999999998786,2144.0583690767653
3.1159999999998784,2143.9952562092926
3.117999999999878,2143.932002069381
3.119999999999878,2143.868857651137
3.1219999999998778,2143.8056974531773
3.1239999999998775,2143.7423958532554
3.1259999999998773,2143.6790784175564
3.127999999999877,2143.6157451254753
3.129999999999877,2143.552395972546
3.1319999999998767,2143.4890309488433
3.1339999999998764,2143.425524284458
3.135999999999876,2143.362127484766
3.137999999999876,2143.298588966516
3.139999999999876,2143.235034495934
3.1419999999998756,2143.171464073838
3.1439999999998753,2143.1077517607223
3.145999999999875,2143.044149379349
3.147999999999875,2142.980405017944
3.1499999999998747,2142.9167706373737
3.1519999999998745,2142.852994203879
3.1539999999998742,2142.7892017169147
3.155999999999874,2142.725393096161
3.157999999999874,2142.661694478701
3.1599999999998736,2142.5978535920244
3.1619999999998734,2142.5339965952676
3.163999999999873,2142.4701234837994
3.165999999999873,2142.406234263741
3.1679999999998727,2142.3423289250036
3.1699999999998725,2142.2784074683027
3.1719999999998723,2142.214343512873
3.173999999999872,2142.1503897742614
3.175999999999872,2142.086293447231
3.1779999999998716,2142.0223073753496
3.1799999999998714,2141.95817863614
3.181999999999871,2141.8941602013006
3.183999999999871,2141.829999014664
3.1859999999998707,2141.7659481761257
3.1879999999998705,2141.7017544958694
3.1899999999998703,2141.6376712183237
3.19199999999987,2141.573445014479
3.19399999999987,2141.5092025283134
3.1959999999998696,2141.445070494124
3.1979999999998694,2141.3809221887027
3.199999999999869,2141.316630793021
3.201999999999869,2141.2524499148353
3.2039999999998687,2141.1882527345324
3.2059999999998685,2141.124039236416
3.2079999999998683,2141.0598094156007
3.209999999999868,2140.995690225562
3.211999999999868,2140.9315547236247
3.2139999999998676,2140.8674028940213
3.2159999999998674,2140.803234726299
3.217999999999867,2140.7391773022773
3.219999999999867,2140.6751035398584
3.2219999999998667,2140.611140584769
3.2239999999998665,2140.5471612853257
3.2259999999998663,2140.483292856652
3.227999999999866,2140.4194080719517
3.229999999999866,2140.35576148857
3.2319999999998656,2140.292098551805
3.2339999999998654,2140.2286739460437
3.235999999999865,2140.16536036251
3.237999999999865,2140.102157792475
3.2399999999998648,2140.0391936746914
3.2419999999998645,2139.976595507441
3.2439999999998643,2139.914363315038
3.245999999999864,2139.852624611577
3.247999999999864,2139.791506817866
3.2499999999998637,2139.731519926413
3.2519999999998634,2139.6736835421616
3.2539999999998632,2019.4524954786855
3.255999999999863,1928.935351677248
3.257999999999863,1875.2155618178926
3.2599999999998626,1849.2306509814741
3.2619999999998623,1838.8741463422887
3.263999999999862,1835.7256701096162
3.265999999999862,1835.3307201705036
3.2679999999998617,1835.686151017365
3.2699999999998615,1836.0239449850076
3.2719999999998612,1836.1174048582277
3.273999999999861,1835.9505129266083
3.275999999999861,1835.5753696635413
3.2779999999998606,1835.0529667928204
3.2799999999998604,1834.433691925006
3.28199999999986,1833.753645957118
3.28399999999986,1833.0368227843783
3.2859999999998597,1832.2982028843305
3.2879999999998595,1831.5471700021799
3.2899999999998593,1830.789051456969
3.291999999999859,1830.026671350185
3.293999999999859,1829.2619195468812
3.2959999999998586,1828.4954243045722
3.2979999999998584,1827.7278185514374
3.299999999999858,1826.9594198598122
3.301999999999858,1826.1902275023635
3.3039999999998577,1825.4199194788903
3.3059999999998575,1824.6491370488418
3.3079999999998573,1823.8775588283747
3.309999999999857,1823.1055072122817
3.311999999999857,1822.3323359586275
3.3139999999998566,1821.5586911714938
3.3159999999998564,1820.7842491115728
3.317999999999856,1820.0090091339353
3.319999999999856,1819.2329706047437
3.3219999999998557,1818.456459617771
3.3239999999998555,1817.6788227355867
3.3259999999998553,1816.9007134059111
3.327999999999855,1816.1218043265264
3.329999999999855,1815.3420949264437
3.3319999999998546,1814.561584647759
3.3339999999998544,1813.7806033424529
3.335999999999854,1812.998490306653
3.337999999999854,1812.2159064380367
3.3399999999998538,1811.4325208460366
3.3419999999998535,1810.6483330526903
3.3439999999998533,1809.8633425969554
3.345999999999853,1809.0778831535447
3.347999999999853,1808.2912866878876
3.3499999999998527,1807.504221656289
3.3519999999998524,1806.7160175663398
3.353999999999852,1805.9273454176005
3.355999999999852,1805.1378695055516
3.3579999999998518,1804.3475895139588
3.3599999999998515,1803.5565051517679
3.3619999999998513,1802.7649552966554
3.363999999999851,1801.9722620511864
3.365999999999851,1801.1791041284318
3.3679999999998507,1800.385149077484
3.3699999999998504,1799.590041326631
3.3719999999998502,1798.7944703356136
3.37399999999985,1797.9980949636767
3.37599999999985,1797.200915149919
3.3779999999998496,1796.4029308664806
3.3799999999998493,1795.6044870089252
3.381999999999849,1794.8048944937836
3.383999999999849,1794.004497644062
3.3859999999998487,1793.2036434032061
3.3879999999998485,1792.4019864098157
3.3899999999998482,1791.5991787601959
3.391999999999848,1790.7959162801399
3.393999999999848,1789.9918518097913
3.3959999999998476,1789.1869856950589
3.3979999999998474,1788.3813183341651
3.399999999999847,1787.5748501774985
3.401999999999847,1786.7675817262984
3.4039999999998467,1785.9595135430675
3.4059999999998465,1785.1506462445557
3.4079999999998463,1784.340980511568
3.409999999999846,1783.5308717155585
3.411999999999846,1782.7196120656604
3.4139999999998456,1781.907556407017
3.4159999999998454,1781.0950622869073
3.417999999999845,1780.2814181901997
3.419999999999845,1779.467339069631
3.4219999999998447,1778.6521109324694
3.4239999999998445,1777.8364515273163
3.4259999999998443,1777.0196444002595
3.427999999999844,1776.2024101080997
3.429999999999844,1775.384390959662
3.4319999999998436,1774.5652267053958
3.4339999999998434,1773.7456421545166
3.435999999999843,1772.9252779410394
3.437999999999843,1772.1037721438654
3.4399999999998427,1771.2818538703327
3.4419999999998425,1770.459162111272
3.4439999999998423,1769.6356991590285
3.445999999999842,1768.811100936354
3.447999999999842,1767.9861023391152
3.4499999999998416,1767.1603402349215
3.4519999999998414,1766.3334489727395
3.453999999999841,1765.5061678494433
3.455999999999841,1764.6781321960534
3.4579999999998408,1763.84897485055
3.4599999999998405,1763.0194395537123
3.4619999999998403,1762.1891601646926
3.46399999999984,1761.3577680689596
3.46599999999984,1760.5260115081633
3.4679999999998397,1759.6931491732603
3.4699999999998394,1758.8599323346905
3.471999999999839,1758.0256174845472
3.473999999999839,1757.190583219988
3.4759999999998388,1756.3552110196767
3.4779999999998386,1755.5187541430837
3.4799999999998383,1754.6815938773022
3.481999999999838,1753.8441145430622
3.483999999999838,1753.005565924959
3.4859999999998377,1752.166332323898
3.4879999999998375,1751.3264204157342
3.4899999999998372,1750.4858372116873
3.491999999999837,1749.64459003013
3.493999999999837,1748.8026865239428
3.4959999999998366,1747.9597519084718
3.4979999999998364,1747.116559448244
3.499999999999836,1746.2727357550973
3.501999999999836,1745.4279053096532
3.5039999999998357,1744.5828462776142
3.5059999999998355,1743.736798748848
3.5079999999998353,1742.8901577346835
3.509999999999835,1742.0429340885596
3.511999999999835,1741.1955268406239
3.5139999999998346,1740.3467847995257
3.5159999999998344,1739.4978832852491
3.517999999999834,1738.6484475364055
3.519999999999834,1737.7984910068435
3.5219999999998337,1736.9476371050291
3.5239999999998335,1736.096681053154
3.5259999999998333,1735.2448564120227
3.527999999999833,1734.392569652138
3.529999999999833,1733.5398374104557
3.5319999999998326,1732.6865170544806
3.5339999999998324,1731.8329514181003
3.535999999999832,1730.9789944014253
3.537999999999832,1730.1242707328345
3.5399999999998317,1729.2695901397522
3.5419999999998315,1728.4141837354011
3.5439999999998313,1727.5584686282846
3.545999999999831,1726.70246802248
3.547999999999831,1725.8458087951553
3.5499999999998306,1724.9893102683404
3.5519999999998304,1724.1322037361113
3.55399999999983,1723.2752475971768
3.55599999999983,1722.4178040696609
3.5579999999998297,1721.5602353701945
3.5599999999998295,1720.7021726562991
3.5619999999998293,1719.8444473011834
3.563999999999829,1718.986293068167
3.565999999999829,1718.1281445984707
3.5679999999998286,1717.2700383508557
3.5699999999998284,1716.4120122582078
3.571999999999828,1715.5541057371454
3.573999999999828,1714.6959579088848
3.5759999999998278,1713.8380128763445
3.5779999999998275,1712.9803151584374
3.5799999999998273,1712.12250850707
3.581999999999827,1711.2654455878126
3.583999999999827,1710.4083719345501
3.5859999999998267,1709.55174185799
3.5879999999998264,1708.6952064482284
3.589999999999826,1707.8396279710055
3.591999999999826,1706.9842590027733
3.593999999999826,1706.1295632584577
3.5959999999998256,1705.2752009034753
3.5979999999998253,1704.4220436348485
3.599999999999825,1703.5694120148412
3.601999999999825,1702.717262866364
3.6039999999998247,1701.866531009827
3.6059999999998245,1701.0164876828117
3.6079999999998242,1700.167614450743
3.609999999999824,1699.3195915566896
3.611999999999824,1698.4729061044586
3.6139999999998236,1697.627646232492
3.6159999999998234,1696.7835024702754
3.617999999999823,1695.9413705272068
3.619999999999823,1695.1001481062153
3.6219999999998227,1694.2611358464073
3.6239999999998225,1693.4236399930603
3.6259999999998223,1692.587770061726
3.627999999999822,1691.7540361040717
3.629999999999822,1690.9225531948973
3.6319999999998216,1690.0934396966638
3.6339999999998214,1689.2664234926185
3.635999999999821,1688.441632871827
3.637999999999821,1687.6195930699494
3.6399999999998207,1686.8004346111463
3.6419999999998205,1685.9839057101578
3.6439999999998203,1685.1705381383724
3.64599999999982,1684.3600884873388
3.64799999999982,1683.553093111358
3.6499999999998196,1682.749318448117
3.6519999999998194,1681.9489225865625
3.653999999999819,1681.1528276917063
3.655999999999819,1680.3600526978448
3.6579999999998187,1679.5715237104969
3.6599999999998185,1678.7874055992813
3.6619999999998183,1678.0075311827657
3.663999999999818,1677.2320001987737
3.665999999999818,1676.4613952243292
3.6679999999998176,1675.6955227093504
3.6699999999998174,1674.9345625257895
3.671999999999817,1674.1790568183683
3.673999999999817,1673.428821366338
3.6759999999998167,1672.6843931495343
3.6779999999998165,1671.9452392840055
3.6799999999998163,1671.212247077913
3.681999999999816,1670.4855863340827
3.683999999999816,1669.7650795553204
3.6859999999998156,1669.05089897845
3.6879999999998154,1668.343212509689
3.689999999999815,1667.6421841015137
3.691999999999815,1666.9483029234216
3.6939999999998148,1666.261384082472
3.6959999999998145,1665.5815728592431
3.6979999999998143,1664.9090060899687
3.699999999999814,1664.2441290738789
3.701999999999814,1663.586424657609
3.7039999999998137,1662.936629847846
3.7059999999998134,1662.2945259705898
3.7079999999998132,1661.6601980835137
3.709999999999813,1661.0340153026864
3.711999999999813,1660.4154358501596
3.7139999999998126,1659.8050981628753
3.7159999999998123,1659.2024470244398
3.717999999999812,1658.6080696711165
3.719999999999812,1658.0216744845652
3.7219999999998117,1657.4432419438606
3.7239999999998115,1656.8731192762498
3.7259999999998112,1656.3104866231647
3.727999999999811,1655.75565547823
3.729999999999811,1655.2087953249827
3.7319999999998106,1654.669536308548
3.7339999999998104,1654.1375065383938
3.73599999999981,1653.613070443993
3.73799999999981,1653.0958207503065
3.7399999999998097,1652.5858270304684
3.7419999999998095,1652.0824233169094
3.7439999999998093,1651.5858861778509
3.745999999999809,1651.0955367720949
3.747999999999809,1650.611614189815
3.7499999999998086,1650.1338779189077
3.7519999999998084,1649.661635516545
3.753999999999808,1649.1950811629683
3.755999999999808,1648.7335192459902
3.7579999999998077,1648.2771214459362
3.7599999999998075,1647.8256154767332
3.7619999999998073,1647.3785183274758
3.763999999999807,1646.9353533049468
3.765999999999807,1646.4964723786547
3.7679999999998066,1646.0609874158185
3.7699999999998064,1645.6290420397913
3.771999999999806,1645.200371824356
3.773999999999806,1644.774318521938
3.7759999999998057,1644.3512303037344
3.7779999999998055,1643.93026776023
3.7799999999998053,1643.5115907947184
3.781999999999805,1643.0947761721206
3.783999999999805,1642.6798012982013
3.7859999999998046,1642.2664581558993
3.7879999999998044,1641.8541615019092
3.789999999999804,1641.443304907743
3.791999999999804,1641.0333265315235
3.7939999999998038,1640.6240618546406
3.7959999999998035,1640.215549255948
3.7979999999998033,1639.8074542851757
3.799999999999803,1647.9016918690068
3.801999999999803,1647.8354068045337
3.8039999999998027,1647.7581969269975
3.8059999999998024,1647.6754462518884
3.807999999999802,1647.5900611788068
3.809999999999802,1647.503608736684
3.8119999999998018,1647.4169386294043
3.8139999999998015,1647.330493166897
3.8159999999998013,1647.2444999152915
3.817999999999801,1647.159040020301
3.819999999999801,1647.074195268178
3.8219999999998007,1646.989969720654
3.8239999999998004,1646.9064220112984
3.8259999999998002,1646.8234867074984
3.8279999999998,1646.7412242843955
3.8299999999998,1646.6596103273537
3.8319999999997996,1646.5786187520425
3.8339999999997993,1646.4982728392297
3.835999999999799,1646.418546007722
3.837999999999799,1646.3394593789342
3.8399999999997987,1646.261010635954
3.8419999999997985,1646.1831714576122
3.8439999999997982,1646.1059630920288
3.845999999999798,1646.0293822081494
3.847999999999798,1645.9534018348302
3.8499999999997976,1645.8780194790677
3.8519999999997974,1645.8032765268238
3.853999999999797,1645.729124711634
3.855999999999797,1645.6555609799054
3.8579999999997967,1645.5826039393025
3.8599999999997965,1645.5102503718076
3.8619999999997963,1645.438474798988
3.863999999999796,1645.3672952751356
3.865999999999796,1645.296688041495
3.8679999999997956,1645.2266697629705
3.8699999999997954,1645.1572367771814
3.871999999999795,1645.0883657735399
3.873999999999795,1645.0200535417437
3.8759999999997947,1644.9523353881548
3.8779999999997945,1644.8851504007625
3.8799999999997943,1644.818551300694
3.881999999999794,1644.7524978676868
3.883999999999794,1644.6869864325142
3.8859999999997936,1644.6220321717485
3.8879999999997934,1644.557630164012
3.889999999999793,1644.4937603443748
3.891999999999793,1644.4304362490952
3.8939999999997927,1644.3676371529225
3.8959999999997925,1644.3053768346037
3.8979999999997923,1644.2436346960562
3.899999999999792,1644.1824235677464
3.901999999999792,1644.1217396977158
3.9039999999997916,1644.0615644816028
3.9059999999997914,1644.0019087385156
3.907999999999791,1643.9427543805944
3.909999999999791,1643.8841125077854
3.9119999999997908,1643.825965548866
3.9139999999997905,1643.7683236794835
3.9159999999997903,1643.7111698381732
3.91799999999979,1643.6545140988899
3.91999999999979,1643.5983390866163
3.9219999999997897,1643.5426551941428
3.9239999999997894,1643.4874578658175
3.925999999999789,1643.4327312977034
3.927999999999789,1643.378472083992
3.9299999999997888,1643.3247008260387
3.9319999999997886,1643.2713786211978
3.9339999999997883,1643.2185250084617
3.935999999999788,1643.1661367011686
3.937999999999788,1643.1141985305237
3.9399999999997877,1643.0627183396662
3.9419999999997875,1643.011682272344
3.9439999999997872,1642.9610964648389
3.945999999999787,1642.9109475322152
3.947999999999787,1642.861242420891
3.9499999999997866,1642.8119766485884
3.9519999999997864,1642.7631284845959
3.953999999999786,1642.714722547148
3.955999999999786,1642.6667369242762
3.9579999999997857,1642.6191678267946
3.9599999999997855,1642.5720213386548
3.9619999999997852,1642.5252934591258
3.963999999999785,1642.4789720260533
3.965999999999785,1642.4330549756244
3.9679999999997846,1642.3875458729015
3.9699999999997844,1642.3424344979717
3.971999999999784,1642.2977240144705
3.973999999999784,1642.2534117779028
3.9759999999997837,1642.2094865119386
3.9779999999997835,1642.1659462114148
3.9799999999997833,1642.122793262257
3.981999999999783,1642.0800242189457
3.983999999999783,1642.037630378836
3.9859999999997826,1641.9956082631757
3.9879999999997824,1641.9539599865907
3.989999999999782,1641.9126772203758
3.991999999999782,1641.8717625424902
3.9939999999997817,1641.8312112980439
3.9959999999997815,1641.79101646447
3.9979999999997813,1641.7511744142118
3.999999999999781,1641.7116865898668
4.001999999999781,1641.6725461370124
4.003999999999781,1641.6337532852056
4.005999999999781,1641.5953015759405
4.007999999999781,1641.5571913433132
4.00999999999978,1641.5194193725915
4.01199999999978,1641.4819762363811
4.01399999999978,1641.4448648063917
4.01599999999978,1641.408082801737
4.0179999999997795,1641.3716235969198
4.019999999999779,1641.335487451199
4.021999999999779,1641.299668110025
4.023999999999779,1641.264165972009
4.025999999999779,1641.2289751499222
4.027999999999778,1641.194092641561
4.029999999999778,1641.1595184004557
4.031999999999778,1641.1252485236494
4.033999999999778,1641.0912778905495
4.0359999999997775,1641.0576069749366
4.037999999999777,1641.0242335183104
4.039999999999777,1640.9911492407387
4.041999999999777,1640.958355502545
4.043999999999777,1640.9258484465472
4.045999999999776,1640.8936252017315
4.047999999999776,1640.8616835740565
4.049999999999776,1640.8300207257903
4.051999999999776,1640.7986339218346
4.053999999999776,1640.7675203527342
4.055999999999775,1640.736677305036
4.057999999999775,1640.7061024746763
4.059999999999775,1640.6757930728286
4.061999999999775,1640.6457470008609
4.0639999999997745,1640.615960198582
4.065999999999774,1640.5864315117892
4.067999999999774,1640.5571570343814
4.069999999999774,1640.5281359250916
4.071999999999774,1640.4993650581962
4.073999999999773,1640.4708415429436
4.075999999999773,1640.4425636245153
4.077999999999773,1640.4145272708984
4.079999999999773,1640.3867319390783
4.0819999999997725,1640.359175037163
4.083999999999772,1640.3318526584367
4.085999999999772,1640.304761865796
4.087999999999772,1640.277902698624
4.089999999999772,1640.2512730902522
4.091999999999771,1640.2248705275974
4.093999999999771,1640.1986872543375
4.095999999999771,1640.1727294686705
4.097999999999771,1640.1469893314138
4.0999999999997705,1640.1214672527926
4.10199999999977,1640.0961583966932
4.10399999999977,1640.0710629783193
4.10599999999977,1640.0461759670754
4.10799999999977,1640.0214983055164
4.109999999999769,1639.997028552689
4.111999999999769,1639.9727599977994
4.113999999999769,1639.9486949001134
4.115999999999769,1639.924827296105
4.1179999999997685,1639.9011587663329
4.119999999999768,1639.8776874837365
4.121999999999768,1639.8544067460423
4.123999999999768,1639.8313199065624
4.125999999999768,1639.8084191517273
4.127999999999767,1639.7857080778308
4.129999999999767,1639.7631839973935
4.131999999999767,1639.7408407163384
4.133999999999767,1639.7186812470893
4.1359999999997665,1639.696697819929
4.137999999999766,1639.6748946196872
4.139999999999766,1639.653269031391
4.141999999999766,1639.6318144573002
4.143999999999766,1639.6105340050203
4.145999999999765,1639.5894204493259
4.147999999999765,1639.568477590442
4.149999999999765,1639.5477038313138
4.151999999999765,1639.527091244706
4.1539999999997645,1639.5066439517775
4.155999999999764,1639.4863603984622
4.157999999999764,1639.4662329111181
4.159999999999764,1639.4462654476542
4.161999999999764,1639.426450668333
4.1639999999997634,1639.4067927348315
4.165999999999763,1639.387290164821
4.167999999999763,1639.3679349340641
4.169999999999763,1639.348731500023
4.171999999999763,1639.329671703442
4.173999999999762,1639.3107679507775
4.175999999999762,1639.291997477402
4.177999999999762,1639.2733802358632
4.179999999999762,1639.2548995679583
4.1819999999997615,1639.2365619378716
4.183999999999761,1639.218358318899
4.185999999999761,1639.2002943986206
4.187999999999761,1639.1823688436434
4.189999999999761,1639.1645724413954
4.19199999999976,1639.1469116281896
4.19399999999976,1639.1293841436393
4.19599999999976,1639.1119820444499
4.19799999999976,1639.094710577176
4.1999999999997595,1639.0775612015866
4.201999999999759,1639.060539815368
4.203999999999759,1639.0436451857177
4.205999999999759,1639.0268760914357
4.207999999999759,1639.010223284955
4.209999999999758,1638.993693473476
4.211999999999758,1638.977276816188
4.213999999999758,1638.960980178244
4.215999999999758,1638.9448023980501
4.2179999999997575,1638.9287339633813
4.219999999999757,1638.912781970847
4.221999999999757,1638.896944805347
4.223999999999757,1638.8812218383732
4.225999999999757,1638.8656028670166
4.227999999999756,1638.850086125748
4.229999999999756,1638.8346882971364
4.231999999999756,1638.8193909130348
4.233999999999756,1638.8042015807578
4.2359999999997555,1638.789109365469
4.237999999999755,1638.774122995091
4.239999999999755,1638.7592404572413
4.241999999999755,1638.7444521518871
4.243999999999755,1638.7297751549033
4.245999999999754,1638.7151805975113
4.247999999999754,1638.7006948661456
4.249999999999754,1638.686299060577
4.251999999999754,1638.6720004043432
4.2539999999997535,1638.657789038378
4.255999999999753,1638.6436822483736
4.257999999999753,1638.6296602575567
4.259999999999753,1638.6157224759522
4.261999999999753,1638.6018865237704
4.263999999999752,1638.5881323492467
4.265999999999752,1638.5744584039896
4.267999999999752,1638.560883622883
4.269999999999752,1638.5473871913357
4.2719999999997516,1638.5339680884508
4.273999999999751,1638.5206450660928
4.275999999999751,1638.507397548864
4.277999999999751,1638.494234518953
4.279999999999751,1638.4811446168792
4.2819999999997505,1638.4681474940937
4.28399999999975,1638.4552217462056
4.28599999999975,1638.4423664220299
4.28799999999975,1638.429600963436
4.28999999999975,1638.416903727055
4.291999999999749,1638.4042742905358
4.293999999999749,1638.3917323754747
4.295999999999749,1638.3792556070985
4.297999999999749,1638.3668544910552
4.2999999999997485,1638.3545277606017
4.301999999999748,1638.3422641800464
4.303999999999748,1638.330072894501
4.305999999999748,1638.3179536634302
4.307999999999748,1638.3058946541457
4.309999999999747,1638.2939056541347
4.311999999999747,1638.2819859412352
4.313999999999747,1638.270135304685
4.315999999999747,1638.2583407805953
4.3179999999997465,1638.2466138497682
4.319999999999746,1638.2349528069165
4.321999999999746,1638.2233569625591
4.323999999999746,1638.211815258638
4.325999999999746,1638.200336818631
4.327999999999745,1638.1889214789962
4.329999999999745,1638.1775575937459
4.331999999999745,1638.1662659291594
4.333999999999745,1638.1550132962823
4.3359999999997445,1638.1438315872751
4.337999999999744,1638.1327096557081
4.339999999999744,1638.1216347073234
4.341999999999744,1638.1106177025652
4.343999999999744,1638.0996463057575
4.345999999999743,1638.0887320631543
4.347999999999743,1638.077884097059
4.349999999999743,1638.067069032703
4.351999999999743,1638.0563195487523
4.3539999999997425,1638.045612436686
4.355999999999742,1638.0349583995935
4.357999999999742,1638.024356340909
4.359999999999742,1638.0138067054163
4.361999999999742,1638.003295921055
4.363999999999741,1637.9928358493057
4.365999999999741,1637.982425412765
4.367999999999741,1637.9720640513383
4.369999999999741,1637.961739645522
4.3719999999997405,1637.9514626435266
4.37399999999974,1637.9412335289087
4.37599999999974,1637.9310502159287
4.37799999999974,1637.9209015348806
4.37999999999974,1637.9107980526046
4.381999999999739,1637.900739757871
4.383999999999739,1637.8907250940815
4.385999999999739,1637.8807423027383
4.387999999999739,1637.8707672269154
4.3899999999997386,1637.8608683823272
4.391999999999738,1637.8510120993462
4.393999999999738,1637.8411973582802
4.395999999999738,1637.8314117965965
4.397999999999738,1637.8216657042497
4.3999999999997375,1637.811959627787
4.401999999999737,1637.802280636239
4.403999999999737,1637.7926515564175
4.405999999999737,1637.7830485583706
4.407999999999737,1637.773482571004
4.409999999999736,1637.7639411192765
4.411999999999736,1637.7544482404326
4.413999999999736,1637.7449784042549
4.415999999999736,1637.735544193699
4.4179999999997355,1637.7261441070852
4.419999999999735,1637.7167776871825
4.421999999999735,1637.7074328961735
4.423999999999735,1637.6981020409037
4.425999999999735,1637.688821904421
4.427999999999734,1637.6795741331994
4.429999999999734,1637.6703577641897
4.431999999999734,1637.661160172485
4.433999999999734,1637.651993606889
4.4359999999997335,1637.6428565877834
4.437999999999733,1637.6337486868847
4.439999999999733,1637.624657757975
4.441999999999733,1637.6156073323557
4.443999999999733,1637.6065724835132
4.445999999999732,1637.597565041543
4.447999999999732,1637.5885845926223
4.449999999999732,1637.5796184122592
4.451999999999732,1637.5706778522574
4.4539999999997315,1637.5617753723475
4.455999999999731,1637.5528859058338
4.457999999999731,1637.5440079589428
4.459999999999731,1637.535166901544
4.461999999999731,1637.5263370749035
4.46399999999973,1637.517529917215
4.46599999999973,1637.5087460966042
4.46799999999973,1637.4999841642577
4.46999999999973,1637.4912442633263
4.4719999999997295,1637.4825130432296
4.473999999999729,1637.473814981256
4.475999999999729,1637.4651253491334
4.477999999999729,1637.456455672498
4.479999999999729,1637.447793104142
4.481999999999728,1637.4391616707928
4.483999999999728,1637.4305371156452
4.485999999999728,1637.421929941065
4.487999999999728,1637.4133413787354
4.4899999999997275,1637.404769995958
4.491999999999727,1637.39621542802
4.493999999999727,1637.3876647883565
4.495999999999727,1637.379143291831
4.497999999999727,1637.370624456146
4.499999999999726,1637.362121518582
4.501999999999726,1637.3536330531385
4.503999999999726,1637.3451461521126
4.505999999999726,1637.3366861011498
4.507999999999726,1637.328226901844
4.509999999999725,1637.3197812962549
4.511999999999725,1637.3113484007713
4.513999999999725,1637.3029278699387
4.515999999999725,1637.2945193598584
4.5179999999997245,1637.2861094054563
4.519999999999724,1637.2777239074942
4.521999999999724,1637.269336278001
4.523999999999724,1637.260958762887
4.525999999999724,1637.2525915652227
4.527999999999723,1637.2442212120252
4.529999999999723,1637.2358731043926
4.531999999999723,1637.227520630684
4.533999999999723,1637.2191892026797
4.5359999999997225,1637.210853826137
4.537999999999722,1637.202525150964
4.539999999999722,1637.1942044747582
4.541999999999722,1637.1858777804139
4.543999999999722,1637.1775721287206
4.545999999999721,1637.169226736703
4.547999999999721,1637.1609307300214
4.549999999999721,1637.152627952959
4.551999999999721,1637.1443301508843
4.5539999999997205,1637.1360243990205
4.55599999999972,1637.1277350484172
4.55799999999972,1637.119450264592
4.55999999999972,1637.1111560405805
4.56199999999972,1637.1028646666673
4.563999999999719,1637.0945889730067
4.565999999999719,1637.0863029037037
4.567999999999719,1637.0780061543774
4.569999999999719,1637.0697241497044
4.5719999999997185,1637.0614428911408
4.573999999999718,1637.0531500332402
4.575999999999718,1637.0448704384826
4.577999999999718,1637.0365780893098
4.579999999999718,1637.0282858113428
4.581999999999717,1637.0199927514059
4.583999999999717,1637.011699154205
4.585999999999717,1637.0034047170857
4.587999999999717,1636.9950982348405
4.5899999999997165,1636.9867908725994
4.591999999999716,1636.9784823318848
4.593999999999716,1636.9701723150079
4.595999999999716,1636.9618594229617
4.597999999999716,1636.9535433576918
4.599999999999715,1636.9452107532725
4.601999999999715,1636.9368874569425
4.603999999999715,1636.928546490267
4.605999999999715,1636.9202022844584
4.6079999999997145,1636.9118460221532
4.609999999999714,1636.9034895081186
4.611999999999714,1636.8951272151369
4.613999999999714,1636.8867588506496
4.615999999999714,1636.8783841227355
4.6179999999997134,1636.8699897387582
4.619999999999713,1636.861601419543
4.621999999999713,1636.8531923263859
4.623999999999713,1636.8447757265246
4.625999999999713,1636.8363631854118
4.627999999999712,1636.8279301421776
4.629999999999712,1636.8194876161606
4.631999999999712,1636.8110358758963
4.633999999999712,1636.802562266905
4.6359999999997115,1636.7940912496779
4.637999999999711,1636.7856096024288
4.639999999999711,1636.7771052629948
4.641999999999711,1636.7685897461618
4.643999999999711,1636.7600750782096
4.64599999999971,1636.7515369012287
4.64799999999971,1636.7429866961668
4.64999999999971,1636.7344241803462
4.65199999999971,1636.7258490715628
4.6539999999997095,1636.7172605279109
4.655999999999709,1636.708659388198
4.657999999999709,1636.7000442509666
4.659999999999709,1636.6914031901247
4.661999999999709,1636.6827597903784
4.663999999999708,1636.6740893741849
4.665999999999708,1636.6654165929563
4.667999999999708,1636.6567162662805
4.669999999999708,1636.6480008557949
4.6719999999997075,1636.6392689584814
4.673999999999707,1636.6305208591978
4.675999999999707,1636.621756280782
4.677999999999707,1636.6129743825577
4.679999999999707,1636.6041760157345
4.681999999999706,1636.5953592115916
4.683999999999706,1636.5865253872737
4.685999999999706,1636.577660570796
4.687999999999706,1636.568789638118
4.6899999999997055,1636.559887762556
4.691999999999705,1636.5509791871812
4.693999999999705,1636.5420385896655
4.695999999999705,1636.533078229203
4.697999999999705,1636.524109726379
4.699999999999704,1636.51510843422
4.701999999999704,1636.506087127001
4.703999999999704,1636.4970438294615
4.705999999999704,1636.4879799725427
4.7079999999997035,1636.4788935797912
4.709999999999703,1636.4697855157308
4.711999999999703,1636.460654940115
4.713999999999703,1636.4514904154496
4.715999999999703,1636.4423140232361
4.717999999999702,1636.4331143055576
4.719999999999702,1636.4238793199602
4.721999999999702,1636.4146321609567
4.723999999999702,1636.4053486662208
4.7259999999997016,1636.3960524143233
4.727999999999701,1636.3867199024999
4.729999999999701,1636.3773729065283
4.731999999999701,1636.367989729149
4.733999999999701,1636.3585799686396
4.7359999999997004,1636.3491439282252
4.7379999999997,1636.339681912584
4.7399999999997,1636.3302045236708
4.7419999999997,1636.3206880098867
4.7439999999997,1636.3111441434776
4.745999999999699,1636.3015726569924
4.747999999999699,1636.2919732831706
4.749999999999699,1636.2823451800296
4.751999999999699,1636.2726767869187
4.7539999999996985,1636.262991023878
4.755999999999698,1636.2532757301253
4.757999999999698,1636.2435306386903
4.759999999999698,1636.233756059391
4.761999999999698,1636.2239394120495
4.763999999999697,1636.2141039328428
4.765999999999697,1636.2042370138854
4.767999999999697,1636.194327887681
4.769999999999697,1636.1843984737066
4.7719999999996965,1636.1744257996982
4.773999999999696,1636.1644322513362
4.775999999999696,1636.154405934205
4.777999999999696,1636.1443356467962
4.779999999999696,1636.1342326978038
4.781999999999695,1636.1241071208503
4.783999999999695,1636.113936867979
4.785999999999695,1636.103743979179
4.787999999999695,1636.0935053657972
4.7899999999996945,1636.0832316104634
4.791999999999694,1636.0729343365686
4.793999999999694,1636.0625912191906
4.795999999999694,1636.052211587359
4.797999999999694,1636.0418075537127
4.799999999999693,1636.0313563987054
4.801999999999693,1636.0208685212601
4.803999999999693,1636.0103442415507
4.805999999999693,1635.999793214801
4.8079999999996925,1635.9891941441088
4.809999999999692,1635.9785567164372
4.811999999999692,1635.9678818374055
4.813999999999692,1635.9571790276389
4.815999999999692,1635.9464272583316
4.817999999999691,1635.9356360829856
4.819999999999691,1635.924805824817
4.821999999999691,1635.9139356368075
4.823999999999691,1635.9030258431753
4.8259999999996905,1635.8920857534142
4.82799999999969,1635.8810953433456
4.82999999999969,1635.8700639578979
4.83199999999969,1635.858991335961
4.83399999999969,1635.8478772166056
4.835999999999689,1635.8367213391268
4.837999999999689,1635.8255333800078
4.839999999999689,1635.8142931672721
4.841999999999689,1635.8030098263573
4.8439999999996886,1635.79168427459
4.845999999999688,1635.7803144850031
4.847999999999688,1635.7689019652885
4.849999999999688,1635.7574549841797
4.851999999999688,1635.7459538281032
4.8539999999996875,1635.7344079833854
4.855999999999687,1635.722817781215
4.857999999999687,1635.7111919200354
4.859999999999687,1635.6995115953907
4.861999999999687,1635.6877668023048
4.863999999999686,1635.6759931219813
4.865999999999686,1635.664183173193
4.867999999999686,1635.6523178876428
4.869999999999686,1635.6404046552473
4.8719999999996855,1635.6284542545432
4.873999999999685,1635.6164466815867
4.875999999999685,1635.604400746133
4.877999999999685,1635.5922972067126
4.879999999999685,1635.580145021508
4.881999999999684,1635.5679535705797
4.883999999999684,1635.555703871662
4.885999999999684,1635.5434131141258
4.887999999999684,1635.5310642762304
4.8899999999996835,1635.5186743709148
4.891999999999683,1635.5062335893665
4.893999999999683,1635.493734091011
4.895999999999683,1635.4811920217876
4.897999999999683,1635.4685896202395
4.899999999999682,1635.4559452356661
4.901999999999682,1635.4432480906037
4.903999999999682,1635.430499122473
4.905999999999682,1635.417689579238
4.9079999999996815,1635.4048350474045
4.909999999999681,1635.3919279236654
4.911999999999681,1635.3789673535614
4.913999999999681,1635.3659530808716
4.915999999999681,1635.352884849644
4.91799999999968,1635.339762404117
4.91999999999968,1635.32658488872
4.92199999999968,1635.3133532480038
4.92399999999968,1635.3000660264838
4.9259999999996795,1635.2867309748042
4.927999999999679,1635.2733329766177
4.929999999999679,1635.2598780306016
4.931999999999679,1635.2463670844634
4.933999999999679,1635.2328076862236
4.935999999999678,1635.2191827218194
4.937999999999678,1635.2055086927107
4.939999999999678,1635.1917692945872
4.941999999999678,1635.1779790130704
4.9439999999996775,1635.1641235624795
4.945999999999677,1635.1502172179341
4.947999999999677,1635.1362515288713
4.949999999999677,1635.1222194668576
4.951999999999677,1635.1081355890515
4.953999999999676,1635.093992210003
4.955999999999676,1635.0797884715196
4.957999999999676,1635.065524120045
4.959999999999676,1635.0511995079366
4.961999999999676,1635.0368137769633
4.963999999999675,1635.0223666743102
4.965999999999675,1635.0078585539381
4.967999999999675,1634.9932954347994
4.969999999999675,1634.9786626460627
4.9719999999996745,1634.9639680840728
4.973999999999674,1634.9492169872428
4.975999999999674,1634.9343968522849
4.977999999999674,1634.9195195626503
4.979999999999674,1634.9045787699022
4.981999999999673,1634.8895671443368
4.983999999999673,1634.874498041694
4.985999999999673,1634.85936468238
4.987999999999673,1634.8441662062503
4.9899999999996725,1634.8289023621974
4.991999999999672,1634.813572899418
4.993999999999672,1634.798178177818
4.995999999999672,1634.782717337249
4.997999999999672,1634.7671901277793
4.999999999999671,1634.7516022216603
5.001999999999671,1634.7359414632247
5.003999999999671,1634.7202187722478
5.005999999999671,1634.7044234669645
5.0079999999996705,1634.6885656043357
5.00999999999967,1634.6726397504176
5.01199999999967,1634.6566401144821
5.01399999999967,1634.640576983071
5.01599999999967,1634.6244445010616
5.017999999999669,1634.6082430333745
5.019999999999669,1634.5919723323868
5.021999999999669,1634.575636138242
5.023999999999669,1634.5592249332349
5.0259999999996685,1634.5427431377154
5.027999999999668,1634.5261955207704
5.029999999999668,1634.5095717357676
5.031999999999668,1634.4928815008795
5.033999999999668,1634.4761195533488
5.035999999999667,1634.459285029329
5.037999999999667,1634.4423742375002
5.039999999999667,1634.4253951215123
5.041999999999667,1634.408342689322
5.0439999999996665,1634.391222397751
5.045999999999666,1634.3740231424067
5.047999999999666,1634.356750450665
5.049999999999666,1634.3394083358157
5.051999999999666,1634.3219873487446
5.053999999999665,1634.304495688708
5.055999999999665,1634.28692885254
5.057999999999665,1634.2692865952515
5.059999999999665,1634.2515647730866
5.0619999999996645,1634.2337710128056
5.063999999999664,1634.2159054719455
5.065999999999664,1634.1979590876526
5.067999999999664,1634.1799354423033
5.069999999999664,1634.1618390651388
5.0719999999996634,1634.143661334913
5.073999999999663,1634.1254089967138
5.075999999999663,1634.1070795181702
5.077999999999663,1634.0886675614665
5.079999999999663,1634.0701806652494
5.081999999999662,1634.0516152810412
5.083999999999662,1634.032972924785
5.085999999999662,1634.0142485181607
5.087999999999662,1633.9954442765177
5.0899999999996615,1633.9765627287748
5.091999999999661,1633.9575986402315
5.093999999999661,1633.9385559846742
5.095999999999661,1633.919432374838
5.097999999999661,1633.9002269460257
5.09999999999966,1633.8809407065585
5.10199999999966,1633.861572168063
5.10399999999966,1633.8421217156335
5.10599999999966,1633.8225912446833
5.1079999999996595,1633.802975541879
5.109999999999659,1633.7832785550122
5.111999999999659,1633.763498536594
5.113999999999659,1633.743634622099
5.115999999999659,1633.7236871995717
5.117999999999658,1633.7036554048273
5.119999999999658,1633.683539000165
5.121999999999658,1633.6633377483358
5.123999999999658,1633.6430528032988
5.1259999999996575,1633.6226823689383
5.127999999999657,1633.6022249867378
5.129999999999657,1633.5816829482055
5.131999999999657,1633.561054082204
5.133999999999657,1633.5403394099803
5.135999999999656,1633.5195383170926
5.137999999999656,1633.4986487245365
5.139999999999656,1633.4776719914714
5.141999999999656,1633.4566085009315
5.1439999999996555,1633.4354565965934
5.145999999999655,1633.414216673903
5.147999999999655,1633.3928878685706
5.149999999999655,1633.3714699465907
5.151999999999655,1633.349962674453
5.153999999999654,1633.3283659030176
5.155999999999654,1633.3066797733984
5.157999999999654,1633.2849028672997
5.159999999999654,1633.2630361315894
5.1619999999996535,1633.2410780699672
5.163999999999653,1633.2190297151835
5.165999999999653,1633.1968895708953
5.167999999999653,1633.1746568498875
5.169999999999653,1633.1523336062958
5.171999999999652,1633.129917138709
5.173999999999652,1633.1074084054592
5.175999999999652,1633.0848065424304
5.177999999999652,1633.062111319403
5.1799999999996515,1633.0393231412666
5.181999999999651,1633.0164405650714
5.183999999999651,1632.9934644259647
5.185999999999651,1632.9703932402263
5.187999999999651,1632.9472273586518
5.1899999999996504,1632.923966552943
5.19199999999965,1632.9006105952906
5.19399999999965,1632.8771592584435
5.19599999999965,1632.8536104228253
5.19799999999965,1632.8299675494095
5.199999999999649,1632.806226527548
5.201999999999649,1632.7823883864328
5.203999999999649,1632.758453537108
5.205999999999649,1632.7344217543127
5.2079999999996485,1632.710292175343
5.209999999999648,1632.6860626226821
5.211999999999648,1632.6617352609333
5.213999999999648,1632.6373085883674
5.215999999999648,1632.6127842967944
5.217999999999647,1632.588160246135
5.219999999999647,1632.5634374913238
5.221999999999647,1632.5386151706236
5.223999999999647,1632.5136897528798
5.2259999999996465,1632.4886641170517
5.227999999999646,1632.463538040946
5.229999999999646,1632.4383113029282
5.231999999999646,1632.412983681897
5.233999999999646,1632.387551122953
5.235999999999645,1632.362020968788
5.237999999999645,1632.3363845824279
5.239999999999645,1632.3106468613448
5.241999999999645,1632.2848056606863
5.2439999999996445,1632.2588583168736
5.245999999999644,1632.2328119596427
5.247999999999644,1632.2066575207655
5.249999999999644,1632.1803997947095
5.251999999999644,1632.154043370556
5.253999999999643,1632.1275723244526
5.255999999999643,1632.1010021460106
5.257999999999643,1632.0743271689132
5.259999999999643,1632.0475419276509
5.2619999999996425,1632.0206518774905
5.263999999999642,1631.993655514086
5.265999999999642,1631.9665532663923
5.267999999999642,1631.9393398652828
5.269999999999642,1631.9120250928243
5.271999999999641,1631.8845978666743
5.273999999999641,1631.857063672694
5.275999999999641,1631.8294216516558
5.277999999999641,1631.801672882785
5.2799999999996405,1631.7738094740992
5.28199999999964,1631.745843873021
5.28399999999964,1631.7177636226156
5.28599999999964,1631.6895748993793
5.28799999999964,1631.6612761979686
5.289999999999639,1631.6328622769001
5.291999999999639,1631.6043448119053
5.293999999999639,1631.5757108237408
5.295999999999639,1631.546966428053
5.2979999999996386,1631.5181114156599
5.299999999999638,1631.4891455780974
5.301999999999638,1631.460061666439
5.303999999999638,1631.4308734350693
5.305999999999638,1631.4015658241328
5.3079999999996375,1631.372146966432
5.309999999999637,1631.342606529554
5.311999999999637,1631.312962488284
5.313999999999637,1631.2831975100446
5.315999999999637,1631.2533189159215
5.317999999999636,1631.2233271511936
5.319999999999636,1631.1932213608375
5.321999999999636,1631.1630019920387
5.323999999999636,1631.1326597955565
5.3259999999996355,1631.102202712418
5.327999999999635,1631.0716305394478
5.329999999999635,1631.040943726368
5.331999999999635,1631.0101414197818
5.333999999999635,1630.979213737371
5.335999999999634,1630.9481699036864
5.337999999999634,1630.9170103709723
5.339999999999634,1630.8857336333983
5.341999999999634,1630.8543306003078
5.3439999999996335,1630.8228200315573
5.345999999999633,1630.791182510192
5.347999999999633,1630.7594267279023
5.349999999999633,1630.7275537950984
5.351999999999633,1630.6955513533096
5.353999999999632,1630.6634266098704
5.355999999999632,1630.6311423283612
5.357999999999632,1630.598727648813
5.359999999999632,1630.5661813178108
5.3619999999996315,1630.5335265154579
5.363999999999631,1630.5007407110138
5.365999999999631,1630.467834480155
5.367999999999631,1630.4348076272822
5.369999999999631,1630.4016606143914
5.37199999999963,1630.3683803499998
5.37399999999963,1630.3349786076353
5.37599999999963,1630.3014551935548
5.37799999999963,1630.26781057252
5.3799999999996295,1630.2340438952003
5.381999999999629,1630.2001420383747
5.383999999999629,1630.1661168060637
5.385999999999629,1630.1319693237465
5.387999999999629,1630.097698743144
5.389999999999628,1630.0632907226711
5.391999999999628,1630.0287589426785
5.393999999999628,1629.994116991186
5.395999999999628,1629.9593233490514
5.3979999999996275,1629.9244191599987
5.399999999999627,1629.889375594524
5.401999999999627,1629.8542063845462
5.403999999999627,1629.8189120037975
5.405999999999627,1629.7834922670734
5.407999999999626,1629.747946329157
5.409999999999626,1629.7122597359862
5.411999999999626,1629.6764456206033
5.413999999999626,1629.640505783078
5.415999999999626,1629.6044226847416
5.417999999999625,1629.5682274030414
5.419999999999625,1629.5318895219134
5.421999999999625,1629.4954077546718
5.423999999999625,1629.4588127437626
5.4259999999996245,1629.4220899656902
5.427999999999624,1629.3852223118663
5.429999999999624,1629.3482255698937
5.431999999999624,1629.3110823279662
5.433999999999624,1629.2738260595968
5.435999999999623,1629.236423295091
5.437999999999623,1629.1988904273635
5.439999999999623,1629.16122728024
5.441999999999623,1629.1234156789258
5.4439999999996225,1629.0854906289753
5.445999999999622,1629.0474164663196
5.447999999999622,1629.0092110166502
5.449999999999622,1628.9708554854114
5.451999999999622,1628.93238612184
5.453999999999621,1628.893766018776
5.455999999999621,1628.8549945326558
5.457999999999621,1628.8161081901462
5.459999999999621,1628.7770704721395
5.4619999999996205,1628.7379178741967
5.46399999999962,1628.6985935145592
5.46599999999962,1628.65915393664
5.46799999999962,1628.6195807356864
5.46999999999962,1628.5798528652508
5.471999999999619,1628.5399900489044
5.473999999999619,1628.4999722502066
5.475999999999619,1628.4598388816382
5.477999999999619,1628.4195498746278
5.4799999999996185,1628.3791242666161
5.481999999999618,1628.338542036728
5.483999999999618,1628.2978439073606
5.485999999999618,1628.2569885009702
5.487999999999618,1628.2159955114532
5.489999999999617,1628.1748442581966
5.491999999999617,1628.133576790449
5.493999999999617,1628.092151074294
5.495999999999617,1628.0505888088014
5.4979999999996165,1628.0088884968611
5.499999999999616,1627.9670506512489
5.501999999999616,1627.9250522471898
5.503999999999616,1627.88291364659
5.505999999999616,1627.8406367047717
5.507999999999615,1627.79821925497
5.509999999999615,1627.7556396013938
5.511999999999615,1627.712942514456
5.513999999999615,1627.6700580018348
5.5159999999996145,1627.6270564212425
5.517999999999614,1627.5838896459063
5.519999999999614,1627.5405814243531
5.521999999999614,1627.4971322781744
5.523999999999614,1627.4574602823045
5.525999999999613,1627.4251301821528
5.527999999999613,1627.3972894105386
5.529999999999613,1627.3719272214678
5.531999999999613,1627.3478727052332
5.533999999999613,1627.3244726900803
5.535999999999612,1627.301344468846
5.537999999999612,1627.2783284898253
5.539999999999612,1627.2553273888545
5.541999999999612,1627.2322763981863
5.5439999999996115,1627.209156961254
5.545999999999611,1627.185959269339
5.547999999999611,1627.162704131341
5.549999999999611,1627.1393634219144
5.551999999999611,1627.115962850608
5.55399999999961,1627.09244925926
5.55599999999961,1627.0689001549983
5.55799999999961,1627.0452372509903
5.55999999999961,1627.0215128208645
5.5619999999996095,1626.9977254086584
5.563999999999609,1626.9738495887548
5.565999999999609,1626.949884965231
5.567999999999609,1626.9258304652888
5.569999999999609,1626.9017126472124
5.571999999999608,1626.8775314014354
5.573999999999608,1626.8532336623082
5.575999999999608,1626.8288712093292
5.577999999999608,1626.8044439308264
5.5799999999996075,1626.7799256179387
5.581999999999607,1626.7553158628014
5.583999999999607,1626.730613579821
5.585999999999607,1626.7058454272296
5.587999999999607,1626.680984120551
5.589999999999606,1626.6560571911905
5.591999999999606,1626.6310364773042
5.593999999999606,1626.6059222375106
5.595999999999606,1626.5807402721766
5.5979999999996055,1626.5554641428482
5.599999999999605,1626.530092074191
5.601999999999605,1626.5046528724456
5.603999999999605,1626.4791177619077
5.605999999999605,1626.4534856383314
5.607999999999604,1626.4277856118931
5.609999999999604,1626.4019879183209
5.611999999999604,1626.3760928021766
5.613999999999604,1626.3501283262847
5.6159999999996035,1626.3240657659833
5.617999999999603,1626.2979327127657
5.619999999999603,1626.2716720970625
5.621999999999603,1626.245340318167
5.623999999999603,1626.21893860535
5.625999999999602,1626.1924065414762
5.627999999999602,1626.1658031876389
5.629999999999602,1626.1391284158108
5.631999999999602,1626.1123225208783
5.6339999999996015,1626.085443843145
5.635999999999601,1626.0584922522153
5.637999999999601,1626.0314087498627
5.639999999999601,1626.0042516392518
5.641999999999601,1625.9769907970954
5.6439999999996004,1625.9496558630517
5.6459999999996,1625.9222164937335
5.6479999999996,1625.8946729044653
5.6499999999996,1625.867023271401
5.6519999999996,1625.8392983466106
5.653999999999599,1625.811467341016
5.655999999999599,1625.7835291038066
5.657999999999599,1625.7555153961637
5.659999999999599,1625.727362743746
5.6619999999995985,1625.6991643139936
5.663999999999598,1625.6708266629246
5.665999999999598,1625.6424109450638
5.667999999999598,1625.6138862566702
5.669999999999598,1625.5852514328901
5.671999999999597,1625.5565383368444
5.673999999999597,1625.5276825735048
5.675999999999597,1625.4987477875925
5.677999999999597,1625.4697331520595
5.6799999999995965,1625.4405742548067
5.681999999999596,1625.41133474799
5.683999999999596,1625.38198211632
5.685999999999596,1625.3525490231616
5.687999999999596,1625.3229694347915
5.689999999999595,1625.2933072498133
5.691999999999595,1625.263563677922
5.693999999999595,1625.2336719713333
5.695999999999595,1625.2036974141038
5.6979999999995945,1625.1736059734374
5.699999999999594,1625.1433978152254
5.701999999999594,1625.1130724214609
5.703999999999594,1625.0826628300308
5.705999999999594,1625.0521345206807
5.707999999999593,1625.0214876511516
5.709999999999593,1624.9907210126116
5.711999999999593,1624.9598688047593
5.713999999999593,1624.9288960131707
5.7159999999995925,1624.8978027872429
5.717999999999592,1624.8665879089597
5.719999999999592,1624.8352508400524
5.721999999999592,1624.8038257068101
5.723999999999592,1624.7722782325543
5.725999999999591,1624.740607189844
5.727999999999591,1624.7088120314727
5.729999999999591,1624.6769273788316
5.731999999999591,1624.6449177625254
5.7339999999995905,1624.6127826288575
5.73599999999959,1624.5805214214988
5.73799999999959,1624.5481328976425
5.73999999999959,1624.5156536743295
5.74199999999959,1624.4830462670566
5.743999999999589,1624.450274039267
5.745999999999589,1624.4174460023437
5.747999999999589,1624.3844520051885
5.749999999999589,1624.35132754419
5.7519999999995886,1624.3181093216879
5.753999999999588,1624.284760428011
5.755999999999588,1624.2512795977534
5.757999999999588,1624.2176662471034
5.759999999999588,1624.1839569158265
5.7619999999995875,1624.1500768959104
5.763999999999587,1624.1161006680431
5.765999999999587,1624.0819898273019
5.767999999999587,1624.0477437772156
5.769999999999587,1624.013361232981
5.771999999999586,1623.9788809015142
5.773999999999586,1623.9442257527928
5.775999999999586,1623.9094705076507
5.777999999999586,1623.8745773038902
5.7799999999995855,1623.8395455291322
5.781999999999585,1623.8043745680689
5.783999999999585,1623.7691018842181
5.785999999999585,1623.733650146345
5.787999999999585,1623.698095720839
5.789999999999584,1623.6623600238788
5.791999999999584,1623.6265213510105
5.793999999999584,1623.5905400217425
5.795999999999584,1623.5544140274546
5.7979999999995835,1623.5181838630037
5.799999999999583,1623.481768825259
5.801999999999583,1623.4452078859247
5.803999999999583,1623.4085405897472
5.805999999999583,1623.3717263844635
5.807999999999582,1623.3347646179268
5.809999999999582,1623.2976546347757
5.811999999999582,1623.260395776541
5.813999999999582,1623.2229866935909
5.8159999999995815,1623.185427408693
5.817999999999581,1623.147716565569
5.819999999999581,1623.1098962390363
5.821999999999581,1623.0718810994042
5.823999999999581,1623.0337554243945
5.82599999999958,1622.995475099058
5.82799999999958,1622.9570408172895
5.82999999999958,1622.9184090799388
5.83199999999958,1622.879663293173
5.8339999999995795,1622.8407614805726
5.835999999999579,1622.8017441514323
5.837999999999579,1622.7625269708612
5.839999999999579,1622.7231509765054
5.841999999999579,1622.6836147721608
5.843999999999578,1622.6439615413924
5.845999999999578,1622.604104318266
5.847999999999578,1622.5641289524715
5.849999999999578,1622.5239478444707
5.8519999999995775,1622.4836467759892
5.853999999999577,1622.4431375085612
5.855999999999577,1622.402507830806
5.857999999999577,1622.3617131749386
5.859999999999577,1622.3207521139718
5.861999999999576,1622.2796239074307
5.863999999999576,1622.2382830127665
5.865999999999576,1622.1968188073017
5.867999999999576,1622.1551852127204
5.869999999999576,1622.113380782914
5.871999999999575,1622.0714061411322
5.873999999999575,1622.0292598340072
5.875999999999575,1621.9869404039134
5.877999999999575,1621.944447772123
5.8799999999995745,1621.9017811649055
5.881999999999574,1621.8589398047743
5.883999999999574,1621.8159222185177
5.885999999999574,1621.7727283126549
5.887999999999574,1621.7293566060748
5.889999999999573,1621.6858069977936
5.891999999999573,1621.642077998704
5.893999999999573,1621.5981688077813
5.895999999999573,1621.5540786200754
5.8979999999995725,1621.509807319355
5.899999999999572,1621.4653534002935
5.901999999999572,1621.4207153530845
5.903999999999572,1621.3758937425469
5.905999999999572,1621.3308863578031
5.907999999999571,1621.285693756059
5.909999999999571,1621.2402643156126
5.911999999999571,1621.1946965185482
5.913999999999571,1621.1489396053028
5.9159999999995705,1621.1029441782862
5.91799999999957,1621.0568070048598
5.91999999999957,1621.0104788588578
5.92199999999957,1620.9639083994136
5.92399999999957,1620.917194158982
5.925999999999569,1620.8702355091143
5.927999999999569,1620.8230820597337
5.929999999999569,1620.7757315443514
5.931999999999569,1620.7282351791866
5.9339999999995685,1620.6804894567304
5.935999999999568,1620.6325453993766
5.937999999999568,1620.584400722191
5.939999999999568,1620.5360030665631
5.941999999999568,1620.4874549516765
5.943999999999567,1620.4387041988373
5.945999999999567,1620.3896971704266
5.947999999999567,1620.3405375109621
5.949999999999567,1620.2911193510652
5.9519999999995665,1620.241494486483
5.953999999999566,1620.1917133923216
5.955999999999566,1620.1416711155796
5.957999999999566,1620.0914186237655
5.959999999999566,1620.0409008849924
5.961999999999565,1619.9902249174418
5.963999999999565,1619.9392813966317
5.965999999999565,1619.8881774243036
5.967999999999565,1619.8368042668583
5.9699999999995645,1619.7852140363295
5.971999999999564,1619.7334064506265
5.973999999999564,1619.6813805260354
5.975999999999564,1619.6291345765094
5.977999999999564,1619.5766124148754
5.979999999999563,1619.5239232240676
5.981999999999563,1619.4709554071378
5.983999999999563,1619.4177638438985
5.985999999999563,1619.3643461223116
5.987999999999563,1619.3106456924206
5.989999999999562,1619.256774469424
5.991999999999562,1619.2026166632174
5.993999999999562,1619.1482864121945
5.995999999999562,1619.0936684721707
5.9979999999995615,1619.0387597600668
5.999999999999561,1618.9836756658467
