time,value
0.0,0.6749671149588896
0.002,0.6400871656860221
0.004,0.6186770060429055
0.006,0.9145920636887501
0.008,1.0305886774808637
0.01,1.0565959553993496
0.012,1.0454997878004155
0.014,1.0248685924931369
0.016,1.0064955537005786
0.018000000000000002,0.993664607910606
0.020000000000000004,0.9859196548983632
0.022000000000000006,0.9817186754678721
0.024000000000000007,0.979593857524661
0.02600000000000001,0.9785073907786195
0.02800000000000001,0.9778462004542823
0.030000000000000013,0.9773018506854605
0.032000000000000015,0.9767478593159789
0.034000000000000016,0.976150436763044
0.03600000000000002,0.9755145439329092
0.03800000000000002,0.9748560803139398
0.04000000000000002,0.9741900049781705
0.04200000000000002,0.9735268101606968
0.044000000000000025,0.9728726464024835
0.04600000000000003,0.9722305300814899
0.04800000000000003,0.9716016068029663
0.05000000000000003,0.9709860702414335
0.05200000000000003,0.9703837021641214
0.054000000000000034,0.9697941764675644
0.056000000000000036,0.9692171527804085
0.05800000000000004,0.9686523441742576
0.06000000000000004,0.9680995031546986
0.06200000000000004,0.9675584059446461
0.06400000000000004,0.9670288458309608
0.06600000000000004,0.9665106207147134
0.06800000000000005,0.9660037585832674
0.07000000000000005,0.9655080173097623
0.07200000000000005,0.9650230756091034
0.07400000000000005,0.9645486799424148
0.07600000000000005,0.964084603486633
0.07800000000000006,0.9636306419375387
0.08000000000000006,0.9631865958902297
0.08200000000000006,0.9627522694598175
0.08400000000000006,0.962327463957074
0.08600000000000006,0.9619119822079634
0.08800000000000006,0.9615056194493683
0.09000000000000007,0.9611081839575123
0.09200000000000007,0.960719479684921
0.09400000000000007,0.9603393129319786
0.09600000000000007,0.9599674839372979
0.09800000000000007,0.9596038075414177
0.10000000000000007,0.959248095531454
0.10200000000000008,0.9589001630519697
0.10400000000000008,0.9585598252329073
0.10600000000000008,0.9582268968698898
0.10800000000000008,0.9579012037485728
0.11000000000000008,0.957582573595613
0.11200000000000009,0.9572708334991031
0.11400000000000009,0.9569658100340901
0.11600000000000009,0.9566673355705423
0.11800000000000009,0.9563752495882085
0.12000000000000009,0.9560893927874986
0.1220000000000001,0.9558096057046177
0.1240000000000001,0.9555357344647777
0.12600000000000008,0.9552676266766265
0.12800000000000009,0.955005135880882
0.1300000000000001,0.9547481116450639
0.1320000000000001,0.9544964141643157
0.1340000000000001,0.9542499063804131
0.1360000000000001,0.9540084515531421
0.1380000000000001,0.9537719132058091
0.1400000000000001,0.9535401611536543
0.1420000000000001,0.9533130672654139
0.1440000000000001,0.9530905096791722
0.1460000000000001,0.9528723626525377
0.1480000000000001,0.9526585110356276
0.1500000000000001,0.9524488369502038
0.1520000000000001,0.9522432276088864
0.1540000000000001,0.9520415719083759
0.1560000000000001,0.9518437596087557
0.1580000000000001,0.9516496922018977
0.16000000000000011,0.9514592627464984
0.16200000000000012,0.9512723682428454
0.16400000000000012,0.9510889132525142
0.16600000000000012,0.9509087990882867
0.16800000000000012,0.9507319378223481
0.17000000000000012,0.9505582386243436
0.17200000000000013,0.950387610084259
0.17400000000000013,0.9502199670412074
0.17600000000000013,0.9500552264120157
0.17800000000000013,0.9498933058976611
0.18000000000000013,0.9497341292560391
0.18200000000000013,0.9495776163157594
0.18400000000000014,0.9494236919988381
0.18600000000000014,0.9492722884225616
0.18800000000000014,0.9491233282240723
0.19000000000000014,0.9489767435120767
0.19200000000000014,0.9488324639824047
0.19400000000000014,0.9486904248777253
0.19600000000000015,0.9485505632433995
0.19800000000000015,0.9484128223851318
0.20000000000000015,0.948277138272785
0.20200000000000015,0.9481434551368183
0.20400000000000015,0.9480117188118428
0.20600000000000016,0.9478818697585882
0.20800000000000016,0.94775385860825
0.21000000000000016,0.947627627549686
0.21200000000000016,0.9475031282885746
0.21400000000000016,0.9473803097019531
0.21600000000000016,0.9472591203139681
0.21800000000000017,0.947139514877966
0.22000000000000017,0.9470214498867329
0.22200000000000017,0.9469048820089163
0.22400000000000017,0.946789762531921
0.22600000000000017,0.9466760533214326
0.22800000000000017,0.9465637134886813
0.23000000000000018,0.9464527014658164
0.23200000000000018,0.9463429761378719
0.23400000000000018,0.9462345080795203
0.23600000000000018,0.946127253679369
0.23800000000000018,0.9460211828451746
0.24000000000000019,0.9459162579451357
0.2420000000000002,0.9458124452844131
0.2440000000000002,0.9457097126799232
0.2460000000000002,0.9456080338761113
0.2480000000000002,0.9455073726249045
0.25000000000000017,0.9454077017757081
0.25200000000000017,0.9453089912351627
0.25400000000000017,0.9452112104221264
0.25600000000000017,0.9451143347461859
0.2580000000000002,0.9450183409915863
0.2600000000000002,0.9449232003325552
0.2620000000000002,0.9448288884223781
0.2640000000000002,0.9447353769759692
0.2660000000000002,0.9446426483095154
0.2680000000000002,0.9445506760521214
0.2700000000000002,0.9444594427626498
0.2720000000000002,0.9443689220503533
0.2740000000000002,0.9442790986745722
0.2760000000000002,0.9441900196030555
0.2780000000000002,0.944101618599317
0.2800000000000002,0.9440138578384132
0.2820000000000002,0.9439267100895992
0.2840000000000002,0.9438401544257221
0.2860000000000002,0.943754175697876
0.2880000000000002,0.9436687558304995
0.2900000000000002,0.9435838814769676
0.2920000000000002,0.9434995347553453
0.2940000000000002,0.9434157021901308
0.2960000000000002,0.9433323659394494
0.2980000000000002,0.9432495128418839
0.3000000000000002,0.9431671309184966
0.3020000000000002,0.9430852027314043
0.3040000000000002,0.9430037153909654
0.3060000000000002,0.9429226627079625
0.3080000000000002,0.9428420229883797
0.3100000000000002,0.9427617878749881
0.3120000000000002,0.9426819470274361
0.3140000000000002,0.942602489104591
0.3160000000000002,0.9425233971053419
0.3180000000000002,0.9424446643669764
0.32000000000000023,0.9423662758676011
0.32200000000000023,0.942288225704877
0.32400000000000023,0.942210504507811
0.32600000000000023,0.9421331016589092
0.32800000000000024,0.9420560064097591
0.33000000000000024,0.941979208343902
0.33200000000000024,0.9419027028280254
0.33400000000000024,0.9418264753931233
0.33600000000000024,0.9417505205664022
0.33800000000000024,0.9416748297405413
0.34000000000000025,0.9415993987645354
0.34200000000000025,0.94152421866659
0.34400000000000025,0.9414492792754529
0.34600000000000025,0.9413745707571919
0.34800000000000025,0.9413000894007447
0.35000000000000026,0.9412258273169458
0.35200000000000026,0.9411517808867079
0.35400000000000026,0.9410779417932308
0.35600000000000026,0.9410043060270441
0.35800000000000026,0.9409308650918474
0.36000000000000026,0.9408576096786571
0.36200000000000027,0.94078453727098
0.36400000000000027,0.940711647777827
0.36600000000000027,0.9406389427785548
0.36800000000000027,0.940566421327448
0.3700000000000003,0.9404940752618018
0.3720000000000003,0.9404218948134068
0.3740000000000003,0.9403498815207313
0.3760000000000003,0.9402780229179188
0.3780000000000003,0.9402063146044842
0.3800000000000003,0.940134754700576
0.3820000000000003,0.9400633414380197
0.3840000000000003,0.9399920670631468
0.3860000000000003,0.93992092275851
0.3880000000000003,0.9398499111881284
0.3900000000000003,0.9397790263431944
0.3920000000000003,0.939708259923977
0.3940000000000003,0.939637614672921
0.3960000000000003,0.9395670845847721
0.3980000000000003,0.9394966614230686
0.4000000000000003,0.9394263480771912
0.4020000000000003,0.9393561387607974
0.4040000000000003,0.9392860308240103
0.4060000000000003,0.9392160171476196
0.4080000000000003,0.9391460955041905
0.4100000000000003,0.9390762703545019
0.4120000000000003,0.9390065304332929
0.4140000000000003,0.9389368775035911
0.4160000000000003,0.9388673057156827
0.4180000000000003,0.9387978128742838
0.4200000000000003,0.9387283978453763
0.4220000000000003,0.9386590594624789
0.4240000000000003,0.938589796200026
0.4260000000000003,0.938520600849448
0.4280000000000003,0.938451470923031
0.4300000000000003,0.9383824055043335
0.43200000000000033,0.9383134038457966
0.43400000000000033,0.9382444648831947
0.43600000000000033,0.938175581849492
0.43800000000000033,0.9381067526560141
0.44000000000000034,0.9380379820820703
0.44200000000000034,0.9379692647505922
0.44400000000000034,0.9379005982100794
0.44600000000000034,0.9378319757812051
0.44800000000000034,0.9377634013210161
0.45000000000000034,0.9376948753421606
0.45200000000000035,0.9376263913768528
0.45400000000000035,0.9375579474828539
0.45600000000000035,0.9374895502201464
0.45800000000000035,0.9374211952819694
0.46000000000000035,0.9373528806035474
0.46200000000000035,0.9372846050012543
0.46400000000000036,0.937216362161924
0.46600000000000036,0.9371481560024605
0.46800000000000036,0.9370799870644053
0.47000000000000036,0.9370118489668489
0.47200000000000036,0.9369437450249594
0.47400000000000037,0.9368756698582181
0.47600000000000037,0.9368076216387202
0.47800000000000037,0.9367395998416945
0.48000000000000037,0.9366716095191499
0.4820000000000004,0.9366036452813766
0.4840000000000004,0.936535704761239
0.4860000000000004,0.9364677868945558
0.4880000000000004,0.9363998910321932
0.4900000000000004,0.9363320112277441
0.4920000000000004,0.9362641517298107
0.4940000000000004,0.9361963134317769
0.4960000000000004,0.9361284956607825
0.4980000000000004,0.9360606918331904
0.5000000000000003,0.9359929055536056
0.5020000000000003,0.9359251319275096
0.5040000000000003,0.9358573749879568
0.5060000000000003,0.9357896350957786
0.5080000000000003,0.9357219057840851
0.5100000000000003,0.9356541851411815
0.5120000000000003,0.9355864783614138
0.5140000000000003,0.935518780766737
0.5160000000000003,0.9354510961398455
0.5180000000000003,0.9353834192030526
0.5200000000000004,0.935315748232104
0.5220000000000004,0.935248088258892
0.5240000000000004,0.9351804343975396
0.5260000000000004,0.9351127849501565
0.5280000000000004,0.9350451448640219
0.5300000000000004,0.9349775091681409
0.5320000000000004,0.9349098761118327
0.5340000000000004,0.9348422452945448
0.5360000000000004,0.9347746220469061
0.5380000000000004,0.9347070014047381
0.5400000000000004,0.9346393815141797
0.5420000000000004,0.9345717618756368
0.5440000000000004,0.9345041477658856
0.5460000000000004,0.9344365342075602
0.5480000000000004,0.9343689193636009
0.5500000000000004,0.9343013081067649
0.5520000000000004,0.9342336954700834
0.5540000000000004,0.9341660797709026
0.5560000000000004,0.9340984607163267
0.5580000000000004,0.9340308437721206
0.5600000000000004,0.9339632241172467
0.5620000000000004,0.9338956000415544
0.5640000000000004,0.9338279765215485
0.5660000000000004,0.9337603486856911
0.5680000000000004,0.9336927149321581
0.5700000000000004,0.9336250803810315
0.5720000000000004,0.9335574402849449
0.5740000000000004,0.933489799282318
0.5760000000000004,0.9334221588057863
0.5780000000000004,0.9333545209991433
0.5800000000000004,0.9332868920371322
0.5820000000000004,0.9332192671183288
0.5840000000000004,0.9331516496202382
0.5860000000000004,0.9330840339272992
0.5880000000000004,0.9330164234636815
0.5900000000000004,0.9329488129349389
0.5920000000000004,0.9328812007634246
0.5940000000000004,0.9328135922071181
0.5960000000000004,0.9327459826306844
0.5980000000000004,0.9326783759120303
0.6000000000000004,0.9326107669387438
0.6020000000000004,0.9325431541959118
0.6040000000000004,0.9324755429645006
0.6060000000000004,0.9324079286268188
0.6080000000000004,0.9323403150863582
0.6100000000000004,0.9322726972679772
0.6120000000000004,0.9322050790365994
0.6140000000000004,0.9321374554314522
0.6160000000000004,0.9320698304579293
0.6180000000000004,0.9320021992721745
0.6200000000000004,0.9319345659643652
0.6220000000000004,0.9318669257466426
0.6240000000000004,0.9317992827469365
0.6260000000000004,0.9317316375449487
0.6280000000000004,0.9316639840003302
0.6300000000000004,0.9315963259397387
0.6320000000000005,0.9315286587298909
0.6340000000000005,0.9314609867572783
0.6360000000000005,0.93139331083988
0.6380000000000005,0.931325632832314
0.6400000000000005,0.9312579441036857
0.6420000000000005,0.9311902478769488
0.6440000000000005,0.9311225450365637
0.6460000000000005,0.9310548354191455
0.6480000000000005,0.9309871185046328
0.6500000000000005,0.9309193937324143
0.6520000000000005,0.9308516552767782
0.6540000000000005,0.9307839076938631
0.6560000000000005,0.930716152393686
0.6580000000000005,0.9306483893489956
0.6600000000000005,0.9305806180222521
0.6620000000000005,0.9305128431410195
0.6640000000000005,0.9304450592309094
0.6660000000000005,0.9303772641589454
0.6680000000000005,0.9303094573843735
0.6700000000000005,0.9302416389816265
0.6720000000000005,0.9301738091662135
0.6740000000000005,0.9301059734510925
0.6760000000000005,0.9300381269638209
0.6780000000000005,0.9299702679688238
0.6800000000000005,0.9299024015046349
0.6820000000000005,0.9298345228309561
0.6840000000000005,0.9297666305128461
0.6860000000000005,0.929698729868268
0.6880000000000005,0.9296308163656559
0.6900000000000005,0.9295628940473075
0.6920000000000005,0.9294949633673238
0.6940000000000005,0.9294270181167497
0.6960000000000005,0.929359062128983
0.6980000000000005,0.9292910961877858
0.7000000000000005,0.9292231145069223
0.7020000000000005,0.9291551212694777
0.7040000000000005,0.9290871175014166
0.7060000000000005,0.9290191029079071
0.7080000000000005,0.9289510768099127
0.7100000000000005,0.9288830385504057
0.7120000000000005,0.9288149876231584
0.7140000000000005,0.9287469236738013
0.7160000000000005,0.9286788464670697
0.7180000000000005,0.9286107558424688
0.7200000000000005,0.9285426800548247
0.7220000000000005,0.9284746357843048
0.7240000000000005,0.928406595279135
0.7260000000000005,0.928338544974178
0.7280000000000005,0.9282704793467172
0.7300000000000005,0.9282023968878532
0.7320000000000005,0.9281342977973946
0.7340000000000005,0.9280661890438194
0.7360000000000005,0.9279980675243551
0.7380000000000005,0.9279299323639757
0.7400000000000005,0.9278617889206633
0.7420000000000005,0.9277936325976398
0.7440000000000005,0.9277254619661348
0.7460000000000006,0.927657282280506
0.7480000000000006,0.927589089015821
0.7500000000000006,0.9275208861690811
0.7520000000000006,0.9274526688799558
0.7540000000000006,0.927384441199544
0.7560000000000006,0.9273162037493586
0.7580000000000006,0.9272479505286451
0.7600000000000006,0.9271796854728804
0.7620000000000006,0.9271114094547103
0.7640000000000006,0.9270431220988296
0.7660000000000006,0.926974817377737
0.7680000000000006,0.926906499525768
0.7700000000000006,0.9268381697499191
0.7720000000000006,0.926769827940748
0.7740000000000006,0.9267014735617977
0.7760000000000006,0.9266331060534236
0.7780000000000006,0.9265647249666595
0.7800000000000006,0.9264963299844933
0.7820000000000006,0.9264279262095978
0.7840000000000006,0.9263595085992338
0.7860000000000006,0.9262910759312963
0.7880000000000006,0.9262226331288383
0.7900000000000006,0.9261541890049367
0.7920000000000006,0.9260857398306754
0.7940000000000006,0.9260172893207702
0.7960000000000006,0.9259488320135663
0.7980000000000006,0.9258803660509559
0.8000000000000006,0.9258118964838595
0.8020000000000006,0.9257434186807276
0.8040000000000006,0.9256749365615051
0.8060000000000006,0.9256064451891264
0.8080000000000006,0.9255379485294564
0.8100000000000006,0.9254694417979192
0.8120000000000006,0.9254009291131373
0.8140000000000006,0.9253324111253567
0.8160000000000006,0.9252638818147816
0.8180000000000006,0.925195345060481
0.8200000000000006,0.9251268016666205
0.8220000000000006,0.9250582458613352
0.8240000000000006,0.9249896817441101
0.8260000000000006,0.9249211102775715
0.8280000000000006,0.924852531111207
0.8300000000000006,0.9247839435077129
0.8320000000000006,0.924715346748857
0.8340000000000006,0.9246467349430512
0.8360000000000006,0.9245781125696182
0.8380000000000006,0.924509481049545
0.8400000000000006,0.9244408404057942
0.8420000000000006,0.9243721954788139
0.8440000000000006,0.9243035408143785
0.8460000000000006,0.9242348742150799
0.8480000000000006,0.924166195073423
0.8500000000000006,0.9240975034270515
0.8520000000000006,0.9240287994873939
0.8540000000000006,0.9239600887603736
0.8560000000000006,0.9238913664520271
0.8580000000000007,0.9238226308610373
0.8600000000000007,0.9237538870270363
0.8620000000000007,0.9236851302830082
0.8640000000000007,0.9236163645435288
0.8660000000000007,0.9235475849066648
0.8680000000000007,0.9234787954065692
0.8700000000000007,0.9234099913482945
0.8720000000000007,0.9233411769509248
0.8740000000000007,0.9232723476526616
0.8760000000000007,0.9232035077579309
0.8780000000000007,0.9231346580755697
0.8800000000000007,0.9230657980390824
0.8820000000000007,0.922996926749474
0.8840000000000007,0.9229280380781347
0.8860000000000007,0.9228591363260745
0.8880000000000007,0.9227902228200574
0.8900000000000007,0.9227212975576813
0.8920000000000007,0.9226523600802063
0.8940000000000007,0.9225834098738408
0.8960000000000007,0.9225144465177382
0.8980000000000007,0.9224454750344167
0.9000000000000007,0.9223764903263787
0.9020000000000007,0.9223074905323685
0.9040000000000007,0.9222384753100776
0.9060000000000007,0.9221694502124276
0.9080000000000007,0.922100410691842
0.9100000000000007,0.9220313553083324
0.9120000000000007,0.9219622893168481
0.9140000000000007,0.9218932082149065
0.9160000000000007,0.9218241160306561
0.9180000000000007,0.9217550079469418
0.9200000000000007,0.9216858880602969
0.9220000000000007,0.9216167570556025
0.9240000000000007,0.9215476089807944
0.9260000000000007,0.9214784478131628
0.9280000000000007,0.92140927448476
0.9300000000000007,0.921340088677519
0.9320000000000007,0.9212708897285198
0.9340000000000007,0.9212016770153403
0.9360000000000007,0.9211324500729396
0.9380000000000007,0.9210632085956895
0.9400000000000007,0.9209939523954496
0.9420000000000007,0.9209246813610388
0.9440000000000007,0.9208553954237773
0.9460000000000007,0.9207860945393723
0.9480000000000007,0.9207167786725199
0.9500000000000007,0.9206474531212419
0.9520000000000007,0.9205781129640651
0.9540000000000007,0.9205087564425558
0.9560000000000007,0.9204393886035569
0.9580000000000007,0.9203700048259361
0.9600000000000007,0.9203006090869652
0.9620000000000007,0.920231196557347
0.9640000000000007,0.9201617713435335
0.9660000000000007,0.9200923341537091
0.9680000000000007,0.9200228790598123
0.9700000000000008,0.9199534100602231
0.9720000000000008,0.9198839281133085
0.9740000000000008,0.9198144329243602
0.9760000000000008,0.9197449238537656
0.9780000000000008,0.9196754002996477
0.9800000000000008,0.919605861817482
0.9820000000000008,0.919536308118319
0.9840000000000008,0.9194667390319412
0.9860000000000008,0.9193971544648933
0.9880000000000008,0.9193275543659771
0.9900000000000008,0.9192579387068365
0.9920000000000008,0.9191883128008689
0.9940000000000008,0.9191186717440842
0.9960000000000008,0.9190490137928504
0.9980000000000008,0.9189793440080268
1.0000000000000007,0.9189096591353871
1.0020000000000007,0.9188399676212169
1.0040000000000007,0.918770266846898
1.0060000000000007,0.9187005613864332
1.0080000000000007,0.9186308470066848
1.0100000000000007,0.9185611286111013
1.0120000000000007,0.9184914016917698
1.0140000000000007,0.9184216703239989
1.0160000000000007,0.9183519350383121
1.0180000000000007,0.9182821950115708
1.0200000000000007,0.9182124437922821
1.0220000000000007,0.9181426852830117
1.0240000000000007,0.9180729204758062
1.0260000000000007,0.9180031491058235
1.0280000000000007,0.9179333651794912
1.0300000000000007,0.9178635729144456
1.0320000000000007,0.9177937734979975
1.0340000000000007,0.9177239667757187
1.0360000000000007,0.9176541521476388
1.0380000000000007,0.9175843289769159
1.0400000000000007,0.9175144967353834
1.0420000000000007,0.9174446550240862
1.0440000000000007,0.9173748035501461
1.0460000000000007,0.9173049420948374
1.0480000000000007,0.9172350758205685
1.0500000000000007,0.917165199692353
1.0520000000000007,0.9170953118391039
1.0540000000000007,0.9170254118726541
1.0560000000000007,0.9169555052982032
1.0580000000000007,0.9168855875143741
1.0600000000000007,0.9168156570077486
1.0620000000000007,0.9167457189735733
1.0640000000000007,0.9166757688481394
1.0660000000000007,0.9166058052644723
1.0680000000000007,0.9165358335664004
1.0700000000000007,0.9164658546445852
1.0720000000000007,0.9163958623244404
1.0740000000000007,0.9163258602627975
1.0760000000000007,0.9162558437772078
1.0780000000000007,0.9161858172259041
1.0800000000000007,0.9161157815317182
1.0820000000000007,0.9160457362273761
1.0840000000000007,0.9159756751368384
1.0860000000000007,0.9159056023683034
1.0880000000000007,0.9158355190741896
1.0900000000000007,0.9157654251194101
1.0920000000000007,0.9156953199556979
1.0940000000000007,0.915625203011317
1.0960000000000008,0.9155550738297695
1.0980000000000008,0.9154849320862
1.1000000000000008,0.9154147775638218
1.1020000000000008,0.9153446101147366
1.1040000000000008,0.9152744349763491
1.1060000000000008,0.9152042471863013
1.1080000000000008,0.9151340449358767
1.1100000000000008,0.9150638278985084
1.1120000000000008,0.9149936016454141
1.1140000000000008,0.9149233616383559
1.1160000000000008,0.9148531117644381
1.1180000000000008,0.9147828470562904
1.1200000000000008,0.9147125714952159
1.1220000000000008,0.91464228035907
1.1240000000000008,0.914571977866312
1.1260000000000008,0.9145016648161879
1.1280000000000008,0.9144313353147131
1.1300000000000008,0.9143609933662271
1.1320000000000008,0.9142906399314308
1.1340000000000008,0.9142202747052578
1.1360000000000008,0.9141498916830917
1.1380000000000008,0.9140794951166376
1.1400000000000008,0.9140090862718026
1.1420000000000008,0.9139386650975716
1.1440000000000008,0.913868231105884
1.1460000000000008,0.9137977891191209
1.1480000000000008,0.9137273338396742
1.1500000000000008,0.9136568632386586
1.1520000000000008,0.9135863768656673
1.1540000000000008,0.9135158748967765
1.1560000000000008,0.9134453630124832
1.1580000000000008,0.9133748804824162
1.1600000000000008,0.9133044183470913
1.1620000000000008,0.9132339530341618
1.1640000000000008,0.9131634791726538
1.1660000000000008,0.9130929881459076
1.1680000000000008,0.9130224776774262
1.1700000000000008,0.9129519534664163
1.1720000000000008,0.9128814118436379
1.1740000000000008,0.9128108575320657
1.1760000000000008,0.9127402862645065
1.1780000000000008,0.9126697024393615
1.1800000000000008,0.9125991016348249
1.1820000000000008,0.9125284881917256
1.1840000000000008,0.912457862990513
1.1860000000000008,0.9123872255340579
1.1880000000000008,0.9123165696685068
1.1900000000000008,0.9122458994828382
1.1920000000000008,0.9121752161630685
1.1940000000000008,0.9121045196292284
1.1960000000000008,0.9120338093940992
1.1980000000000008,0.9119630849478297
1.2000000000000008,0.9118923458929681
1.2020000000000008,0.9118215972786564
1.2040000000000008,0.9117508340989069
1.2060000000000008,0.9116800545281112
1.2080000000000009,0.9116092582437874
1.2100000000000009,0.911538450817503
1.2120000000000009,0.9114676277881351
1.2140000000000009,0.9113967879689535
1.2160000000000009,0.9113259397764891
1.2180000000000009,0.9112550816656666
1.2200000000000009,0.9111842185889776
1.2220000000000009,0.9111133458125341
1.2240000000000009,0.9110424671251707
1.2260000000000009,0.9109715828852307
1.2280000000000009,0.9109006868666323
1.2300000000000009,0.9108297827699454
1.2320000000000009,0.9107588713604656
1.2340000000000009,0.9106879522039959
1.2360000000000009,0.9106170192227283
1.2380000000000009,0.9105460765476486
1.2400000000000009,0.9104751253656322
1.2420000000000009,0.9104041655607291
1.2440000000000009,0.9103331965841702
1.2460000000000009,0.9102622178480297
1.2480000000000009,0.9101912288740946
1.2500000000000009,0.910120229308838
1.252000000000001,0.9100492189034313
1.254000000000001,0.9099781974788259
1.256000000000001,0.9099071649017452
1.258000000000001,0.9098361210620075
1.260000000000001,0.9097650658622611
1.262000000000001,0.909694004533098
1.264000000000001,0.9096229321448595
1.266000000000001,0.9095518468726044
1.268000000000001,0.9094807536782781
1.270000000000001,0.9094096479189282
1.272000000000001,0.9093385281714067
1.274000000000001,0.9092673997433655
1.276000000000001,0.9091962582877706
1.278000000000001,0.9091251086151706
1.280000000000001,0.9090539519715372
1.282000000000001,0.9089827824745317
1.284000000000001,0.9089116039156675
1.286000000000001,0.9088404117292075
1.288000000000001,0.9087692102872374
1.290000000000001,0.9086980005419066
1.292000000000001,0.9086267820409573
1.294000000000001,0.9085555539507018
1.296000000000001,0.9084843101660492
1.298000000000001,0.9084130549304037
1.300000000000001,0.9083417895743988
1.302000000000001,0.9082705141058509
1.304000000000001,0.9081992280675529
1.306000000000001,0.9081279309379524
1.308000000000001,0.9080566222808093
1.310000000000001,0.9079853071022028
1.312000000000001,0.9079139803408958
1.314000000000001,0.9078426401010217
1.316000000000001,0.9077712859947187
1.318000000000001,0.9076999182127017
1.320000000000001,0.9076285424054358
1.322000000000001,0.9075571540062546
1.324000000000001,0.9074857567716177
1.326000000000001,0.9074143456657968
1.328000000000001,0.9073429192394394
1.330000000000001,0.9072714829132635
1.332000000000001,0.9072000377485482
1.334000000000001,0.9071285777439977
1.336000000000001,0.9070571066310407
1.338000000000001,0.9069856251566814
1.340000000000001,0.9069141275423014
1.342000000000001,0.9068426178692522
1.344000000000001,0.906771097193843
1.346000000000001,0.9066995652853188
1.348000000000001,0.9066280215253659
1.350000000000001,0.9065564653057632
1.352000000000001,0.9064848961548747
1.354000000000001,0.9064133137514507
1.356000000000001,0.9063417178900913
1.358000000000001,0.9062701084455962
1.360000000000001,0.9061984853355625
1.362000000000001,0.906126848504578
1.364000000000001,0.9060551979081601
1.366000000000001,0.9059835388379001
1.368000000000001,0.905911866417452
1.370000000000001,0.905840178863533
1.372000000000001,0.9057684811885015
1.374000000000001,0.9056967687927284
1.376000000000001,0.9056250456232806
1.378000000000001,0.9055533068652466
1.380000000000001,0.9054815565867508
1.382000000000001,0.9054097955105879
1.384000000000001,0.9053380177180204
1.386000000000001,0.9052662271554484
1.388000000000001,0.9051944247847938
1.390000000000001,0.9051226103239784
1.392000000000001,0.9050507777981365
1.394000000000001,0.9049789314311845
1.396000000000001,0.9049070725095527
1.398000000000001,0.9048352010120371
1.400000000000001,0.904763316476808
1.402000000000001,0.9046914183991484
1.404000000000001,0.904619511711216
1.406000000000001,0.904547591299182
1.408000000000001,0.9044756552409146
1.410000000000001,0.9044037031489358
1.412000000000001,0.9043317405737089
1.414000000000001,0.9042597630411437
1.416000000000001,0.9041877691188211
1.418000000000001,0.9041157640777924
1.420000000000001,0.9040437434855766
1.422000000000001,0.9039717113908914
1.424000000000001,0.9038996630318784
1.426000000000001,0.9038276025093039
1.428000000000001,0.903755530568343
1.430000000000001,0.9036834414463457
1.432000000000001,0.9036113416717144
1.434000000000001,0.9035392348139907
1.436000000000001,0.9034671214499002
1.438000000000001,0.9033950009965475
1.440000000000001,0.9033228725916618
1.442000000000001,0.9032507301181467
1.444000000000001,0.9031785778258822
1.446000000000001,0.9031064170573528
1.448000000000001,0.9030342531658031
1.450000000000001,0.9029620808527977
1.452000000000001,0.902889897829007
1.454000000000001,0.9028177033475673
1.456000000000001,0.9027454973389699
1.458000000000001,0.9026732799539201
1.460000000000001,0.9026010513579353
1.462000000000001,0.9025288170010088
1.464000000000001,0.9024565720881502
1.466000000000001,0.902384314852736
1.468000000000001,0.9023120502982802
1.470000000000001,0.9022397737914203
1.472000000000001,0.9021674892374112
1.474000000000001,0.9020951917702605
1.476000000000001,0.9020228854096635
1.478000000000001,0.9019505654930606
1.480000000000001,0.9018782362267668
1.482000000000001,0.9018058930830705
1.484000000000001,0.9017335403567812
1.486000000000001,0.9016611789154183
1.488000000000001,0.9015888082457166
1.490000000000001,0.90151642212983
1.492000000000001,0.9014440246019907
1.494000000000001,0.9013716168193646
1.496000000000001,0.9012991986723397
1.498000000000001,0.9012267696357101
1.500000000000001,0.9011543291551031
1.5020000000000011,0.9010818767867159
1.5040000000000011,0.9010094122159528
1.5060000000000011,0.9009369352347742
1.5080000000000011,0.9008644457078652
1.5100000000000011,0.9007919435421887
1.5120000000000011,0.900719434016447
1.5140000000000011,0.9006469122394798
1.5160000000000011,0.9005743764046367
1.5180000000000011,0.9005018315162716
1.5200000000000011,0.9004292729660153
1.5220000000000011,0.9003566993469168
1.5240000000000011,0.9002841160091352
1.5260000000000011,0.9002115185849553
1.5280000000000011,0.900138911164637
1.5300000000000011,0.9000662943501375
1.5320000000000011,0.8999936620584836
1.5340000000000011,0.8999210181045479
1.5360000000000011,0.899848363367344
1.5380000000000011,0.8997756921624661
1.5400000000000011,0.8997030086486351
1.5420000000000011,0.8996303144377407
1.5440000000000011,0.8995576100310141
1.5460000000000012,0.8994848950791293
1.5480000000000012,0.8994121690124133
1.5500000000000012,0.899339431310108
1.5520000000000012,0.8992666815764946
1.5540000000000012,0.8991939195391194
1.5560000000000012,0.8991211450181821
1.5580000000000012,0.8990483578948489
1.5600000000000012,0.8989755634379518
1.5620000000000012,0.89890275674917
1.5640000000000012,0.8988299360118552
1.5660000000000012,0.898757106229948
1.5680000000000012,0.8986842627876445
1.5700000000000012,0.8986114042688464
1.5720000000000012,0.8985385360236978
1.5740000000000012,0.8984656993304861
1.5760000000000012,0.8983928883027297
1.5780000000000012,0.8983200751326377
1.5800000000000012,0.8982472530416519
1.5820000000000012,0.8981744133372185
1.5840000000000012,0.8981015540803319
1.5860000000000012,0.8980286813929619
1.5880000000000012,0.8979557973223913
1.5900000000000012,0.897882896715114
1.5920000000000012,0.8978099838517098
1.5940000000000012,0.8977370598459204
1.5960000000000012,0.8976641191425647
1.5980000000000012,0.897591165896062
1.6000000000000012,0.897518201221142
1.6020000000000012,0.8974452249261846
1.6040000000000012,0.8973722364153016
1.6060000000000012,0.8972992350903471
1.6080000000000012,0.8972262204886656
1.6100000000000012,0.8971531922939533
1.6120000000000012,0.8970801503097685
1.6140000000000012,0.8970070944187793
1.6160000000000012,0.8969340245515486
1.6180000000000012,0.8968609459890289
1.6200000000000012,0.8967878539009361
1.6220000000000012,0.8967147465096518
1.6240000000000012,0.8966416288142482
1.6260000000000012,0.8965684962546436
1.6280000000000012,0.8964953527711016
1.6300000000000012,0.8964221935778723
1.6320000000000012,0.8963490227298078
1.6340000000000012,0.8962758356437139
1.6360000000000012,0.8962026365554705
1.6380000000000012,0.8961294263435959
1.6400000000000012,0.896056199204621
1.6420000000000012,0.8959829591088346
1.6440000000000012,0.8959097070555413
1.6460000000000012,0.8958364427945291
1.6480000000000012,0.895763166345295
1.6500000000000012,0.8956898800052457
1.6520000000000012,0.8956165848393464
1.6540000000000012,0.8955432808907893
1.6560000000000012,0.8954699678557712
1.6580000000000013,0.8953966453587969
1.6600000000000013,0.8953233130678578
1.6620000000000013,0.8952499707201751
1.6640000000000013,0.8951766181152054
1.6660000000000013,0.8951032604316301
1.6680000000000013,0.8950298927501406
1.6700000000000013,0.894956513209914
1.6720000000000013,0.8948831214107902
1.6740000000000013,0.8948097228554821
1.6760000000000013,0.8947363130509743
1.6780000000000013,0.8946628958296631
1.6800000000000013,0.8945894662472631
1.6820000000000013,0.8945160282117658
1.6840000000000013,0.8944425770132831
1.6860000000000013,0.8943691167924762
1.6880000000000013,0.8942956430196556
1.6900000000000013,0.8942221599529148
1.6920000000000013,0.8941486684652454
1.6940000000000013,0.8940751680574515
1.6960000000000013,0.8940016525295518
1.6980000000000013,0.8939281258813053
1.7000000000000013,0.8938545892704357
1.7020000000000013,0.8937810425967264
1.7040000000000013,0.8937074853408644
1.7060000000000013,0.893633916949446
1.7080000000000013,0.893560336977872
1.7100000000000013,0.8934867451065063
1.7120000000000013,0.8934131411218927
1.7140000000000013,0.8933395248852394
1.7160000000000013,0.8932658963000447
1.7180000000000013,0.8931922606335949
1.7200000000000013,0.8931186130298323
1.7220000000000013,0.8930449516757752
1.7240000000000013,0.8929712762136106
1.7260000000000013,0.8928975921900333
1.7280000000000013,0.8928238951494568
1.7300000000000013,0.8927501889620706
1.7320000000000013,0.8926764687175461
1.7340000000000013,0.8926027383574842
1.7360000000000013,0.8925289932034426
1.7380000000000013,0.8924552374313716
1.7400000000000013,0.8923814718809469
1.7420000000000013,0.8923076907073959
1.7440000000000013,0.8922338978553888
1.7460000000000013,0.892160094308983
1.7480000000000013,0.8920862798013234
1.7500000000000013,0.8920124536945372
1.7520000000000013,0.8919386153662294
1.7540000000000013,0.8918647643390957
1.7560000000000013,0.891790900290496
1.7580000000000013,0.891717023015834
1.7600000000000013,0.8916431323944158
1.7620000000000013,0.8915692283521341
1.7640000000000013,0.8914953108408705
1.7660000000000013,0.8914213798251769
1.7680000000000013,0.8913474406175048
1.7700000000000014,0.8912734883909454
1.7720000000000014,0.8911995213537145
1.7740000000000014,0.8911255445087525
1.7760000000000014,0.8910515532868944
1.7780000000000014,0.8909775516289848
1.7800000000000014,0.890903534738688
1.7820000000000014,0.8908295066695187
1.7840000000000014,0.8907554628279929
1.7860000000000014,0.8906814074514205
1.7880000000000014,0.8906073414264624
1.7900000000000014,0.8905332642804655
1.7920000000000014,0.8904591698371492
1.7940000000000014,0.8903850621335565
1.7960000000000014,0.8903109423768585
1.7980000000000014,0.8902368105187894
1.8000000000000014,0.8901626661146684
1.8020000000000014,0.8900885091613903
1.8040000000000014,0.8900143397519509
1.8060000000000014,0.8899401577657766
1.8080000000000014,0.8898659630293774
1.8100000000000014,0.8897917607324703
1.8120000000000014,0.8897175459505915
1.8140000000000014,0.8896433168216629
1.8160000000000014,0.8895690729576314
1.8180000000000014,0.8894948199081132
1.8200000000000014,0.8894205532170925
1.8220000000000014,0.8893462767688798
1.8240000000000014,0.8892719856565698
1.8260000000000014,0.8891976838360043
1.8280000000000014,0.8891233666337043
1.8300000000000014,0.8890490382370024
1.8320000000000014,0.8889746941499497
1.8340000000000014,0.8889003386772785
1.8360000000000014,0.8888259727450256
1.8380000000000014,0.8887515958988845
1.8400000000000014,0.8886772073130728
1.8420000000000014,0.8886028008706477
1.8440000000000014,0.8885283807994795
1.8460000000000014,0.888453948493675
1.8480000000000014,0.8883795040433187
1.8500000000000014,0.888305047063342
1.8520000000000014,0.8882305824496279
1.8540000000000014,0.8881561050190566
1.8560000000000014,0.8880816127285787
1.8580000000000014,0.8880071050825752
1.8600000000000014,0.8879325822270567
1.8620000000000014,0.8878580498410525
1.8640000000000014,0.8877835034288721
1.8660000000000014,0.8877089473171916
1.8680000000000014,0.8876343790501423
1.8700000000000014,0.8875598038732582
1.8720000000000014,0.8874852173920728
1.8740000000000014,0.8874106236809074
1.8760000000000014,0.8873360180065479
1.8780000000000014,0.8872614044422056
1.8800000000000014,0.8871867837266805
1.8820000000000014,0.8871121499051368
1.8840000000000015,0.8870375068419152
1.8860000000000015,0.886962855464412
1.8880000000000015,0.8868881954570094
1.8900000000000015,0.8868135207741116
1.8920000000000015,0.8867388355441894
1.8940000000000015,0.886664141017835
1.8960000000000015,0.8865894371476577
1.8980000000000015,0.8865147234357281
1.9000000000000015,0.8864399993331513
1.9020000000000015,0.886365264382423
1.9040000000000015,0.8862905236134277
1.9060000000000015,0.886215772002822
1.9080000000000015,0.8861410076212521
1.9100000000000015,0.8860662300403008
1.9120000000000015,0.8859914394301001
1.9140000000000015,0.8859166414730506
1.9160000000000015,0.8858418316521319
1.9180000000000015,0.8857670083793203
1.9200000000000015,0.8856921767918693
1.9220000000000015,0.8856173323721743
1.9240000000000015,0.8855424790841604
1.9260000000000015,0.8854676121116685
1.9280000000000015,0.8853927354903646
1.9300000000000015,0.8853178499529553
1.9320000000000015,0.8852429495509602
1.9340000000000015,0.8851680381738436
1.9360000000000015,0.8850931167815845
1.9380000000000015,0.8850181850923153
1.9400000000000015,0.8849432370867005
1.9420000000000015,0.884868276927008
1.9440000000000015,0.8847933058988671
1.9460000000000015,0.8847183239886227
1.9480000000000015,0.8846433307302548
1.9500000000000015,0.8845683256030128
1.9520000000000015,0.8844933081792332
1.9540000000000015,0.8844182781546742
1.9560000000000015,0.8843432406979144
1.9580000000000015,0.8842681908835754
1.9600000000000015,0.8841931268528447
1.9620000000000015,0.8841180482238746
1.9640000000000015,0.8840429605740316
1.9660000000000015,0.8839678594565612
1.9680000000000015,0.8838927487702877
1.9700000000000015,0.8838176817039773
1.9720000000000015,0.883742627563114
1.9740000000000015,0.8836675720298
1.9760000000000015,0.8835925020242754
1.9780000000000015,0.8835174132993433
1.9800000000000015,0.8834423109665746
1.9820000000000015,0.8833671914555979
1.9840000000000015,0.8832920597326669
1.9860000000000015,0.8832169118364273
1.9880000000000015,0.8831417523474381
1.9900000000000015,0.8830665823524123
1.9920000000000015,0.8829914014759268
1.9940000000000015,0.8829162035850304
1.9960000000000016,0.8828409926876449
1.9980000000000016,0.8827657699796669
2.0000000000000013,0.8826905354062122
2.002000000000001,0.882615288488273
2.004000000000001,0.8825400287107641
2.0060000000000007,0.8824647556587304
2.0080000000000005,0.8823894690447398
2.0100000000000002,0.8823141686879132
2.012,0.8822388544786866
2.014,0.8821635316968468
2.0159999999999996,0.8820881955382338
2.0179999999999993,0.8820128442067849
2.019999999999999,0.8819374826983329
2.021999999999999,0.8818621064714118
2.0239999999999987,0.8817867141202336
2.0259999999999985,0.8817113109843902
2.0279999999999982,0.8816358927700125
2.029999999999998,0.8815604635690123
2.031999999999998,0.8814850240441889
2.0339999999999976,0.8814095681732401
2.0359999999999974,0.8813340997409138
2.037999999999997,0.8812586196601169
2.039999999999997,0.8811831276398538
2.0419999999999967,0.8811076176928149
2.0439999999999965,0.881032093969501
2.0459999999999963,0.8809565577771916
2.047999999999996,0.880881009138079
2.049999999999996,0.8808054476219174
2.0519999999999956,0.8807298780908518
2.0539999999999954,0.8806542953810603
2.055999999999995,0.8805786976417781
2.057999999999995,0.8805030848983788
2.0599999999999947,0.8804274575416069
2.0619999999999945,0.8803518212982623
2.0639999999999943,0.8802761716815973
2.065999999999994,0.880200507090954
2.067999999999994,0.8801248326341715
2.0699999999999936,0.8800491438194795
2.0719999999999934,0.8799734446024731
2.073999999999993,0.8798977355612378
2.075999999999993,0.879822010617928
2.0779999999999927,0.8797462735273331
2.0799999999999925,0.8796705251861348
2.0819999999999923,0.8795947599375251
2.083999999999992,0.8795189820237737
2.085999999999992,0.8794431943650649
2.0879999999999916,0.8793673984391385
2.0899999999999914,0.8792915942014443
2.091999999999991,0.8792157810874206
2.093999999999991,0.8791399584657402
2.0959999999999908,0.8790641258121219
2.0979999999999905,0.8789882827399794
2.0999999999999903,0.8789124289851855
2.10199999999999,0.878836564366429
2.10399999999999,0.8787606887572035
2.1059999999999897,0.8786848074167984
2.1079999999999894,0.8786089154977086
2.109999999999989,0.8785330111478108
2.111999999999989,0.8784570939630405
2.1139999999999888,0.8783811694726443
2.1159999999999886,0.8783052332229684
2.1179999999999883,0.8782292890668608
2.119999999999988,0.8781533320832369
2.121999999999988,0.8780773661831509
2.1239999999999877,0.8780013866719238
2.1259999999999875,0.8779253976923378
2.1279999999999872,0.877849400087976
2.129999999999987,0.8777733879962215
2.131999999999987,0.8776973653211921
2.1339999999999866,0.8776213330442453
2.1359999999999864,0.8775452908972498
2.137999999999986,0.8774692328709612
2.139999999999986,0.8773931630916121
2.1419999999999857,0.8773170828401965
2.1439999999999855,0.877240992103705
2.1459999999999853,0.8771648904164526
2.147999999999985,0.8770887772532696
2.149999999999985,0.877012652179592
2.1519999999999846,0.8769365148811092
2.1539999999999844,0.8768603705119798
2.155999999999984,0.8767842141687965
2.157999999999984,0.8767080439796152
2.1599999999999837,0.8766318595438685
2.1619999999999835,0.8765556664157745
2.1639999999999833,0.8764794601663779
2.165999999999983,0.8764032446800549
2.167999999999983,0.8763270150578741
2.1699999999999826,0.8762507752405704
2.1719999999999824,0.8761745205528358
2.173999999999982,0.8760982551641536
2.175999999999982,0.8760219745795916
2.1779999999999817,0.8759456830877261
2.1799999999999815,0.8758693816330274
2.1819999999999813,0.8757930697755135
2.183999999999981,0.8757167413255618
2.185999999999981,0.8756404002807705
2.1879999999999806,0.8755640478439186
2.1899999999999804,0.8754876839661929
2.19199999999998,0.875411308171309
2.19399999999998,0.8753349199376583
2.1959999999999797,0.8752585188427373
2.1979999999999795,0.8751821045883237
2.1999999999999793,0.8751056823529613
2.201999999999979,0.8750292472498199
2.203999999999979,0.8749527974212447
2.2059999999999786,0.874876332481389
2.2079999999999784,0.8747998580057228
2.209999999999978,0.8747233695806768
2.211999999999978,0.8746468711078743
2.2139999999999778,0.8745703577024498
2.2159999999999775,0.8744938333202372
2.2179999999999773,0.8744172932989787
2.219999999999977,0.8743407418246316
2.221999999999977,0.8742641797852969
2.2239999999999767,0.8741876013436062
2.2259999999999764,0.8741110104431787
2.227999999999976,0.8740344081046159
2.229999999999976,0.8739577940985455
2.231999999999976,0.8738811678114196
2.2339999999999756,0.8738045232572065
2.2359999999999753,0.8737278647366351
2.237999999999975,0.8736511990954725
2.239999999999975,0.8735745217116964
2.2419999999999747,0.8734978304487804
2.2439999999999745,0.8734211245193146
2.2459999999999742,0.8733444037798931
2.247999999999974,0.8732676683401448
2.249999999999974,0.8731909237446093
2.2519999999999736,0.8731141653661191
2.2539999999999734,0.8730373915100458
2.255999999999973,0.8729606072679064
2.257999999999973,0.8728838081278338
2.2599999999999727,0.872806998062838
2.2619999999999725,0.8727301776730096
2.2639999999999723,0.8726533408677961
2.265999999999972,0.872576491415589
2.267999999999972,0.8724996302334689
2.2699999999999716,0.8724227516556876
2.2719999999999714,0.8723458598152842
2.273999999999971,0.8722689558881449
2.275999999999971,0.8721920397513421
2.2779999999999707,0.8721151108572391
2.2799999999999705,0.872038168635658
2.2819999999999703,0.8719612126394232
2.28399999999997,0.8718842425607687
2.28599999999997,0.8718072582119683
2.2879999999999696,0.8717302594844141
2.2899999999999694,0.87165325170608
2.291999999999969,0.8715762300753146
2.293999999999969,0.8714991927837252
2.2959999999999687,0.8714221448580196
2.2979999999999685,0.8713450817525403
2.2999999999999683,0.8712680074316774
2.301999999999968,0.8711909171092431
2.303999999999968,0.8711138153440359
2.3059999999999676,0.8710366995560295
2.3079999999999674,0.8709595754308316
2.309999999999967,0.8708824443595276
2.311999999999967,0.8708053058764199
2.3139999999999668,0.8707281535790491
2.3159999999999665,0.8706509912536471
2.3179999999999663,0.8705738199316818
2.319999999999966,0.8704966394331062
2.321999999999966,0.8704194491844849
2.3239999999999656,0.870342248592693
2.3259999999999654,0.8702650371794484
2.327999999999965,0.8701878146007045
2.329999999999965,0.8701105806227182
2.3319999999999648,0.8700333350897425
2.3339999999999645,0.8699560778941092
2.3359999999999643,0.8698788089561147
2.337999999999964,0.8698015335996817
2.339999999999964,0.8697242469905786
2.3419999999999637,0.869646947274271
2.3439999999999634,0.8695696394352861
2.3459999999999632,0.869492366152294
2.347999999999963,0.8694151140735416
2.349999999999963,0.8693378601262445
2.3519999999999626,0.8692605992483418
2.3539999999999623,0.8691833230557919
2.355999999999962,0.8691060293047992
2.357999999999962,0.8690287237469682
2.3599999999999617,0.8689514028394856
2.3619999999999615,0.8688740713487888
2.3639999999999612,0.8687967250858537
2.365999999999961,0.8687193684384149
2.367999999999961,0.8686420023811438
2.3699999999999606,0.8685646211053346
2.3719999999999604,0.868487228509643
2.37399999999996,0.8684098255839254
2.37599999999996,0.8683324120719524
2.3779999999999597,0.8682549819678881
2.3799999999999595,0.8681775393783631
2.3819999999999593,0.8681000855966039
2.383999999999959,0.8680226206316908
2.385999999999959,0.8679451440368053
2.3879999999999586,0.8678676552996599
2.3899999999999584,0.8677901593621681
2.391999999999958,0.8677126511768065
2.393999999999958,0.8676351287502431
2.3959999999999577,0.8675575916039104
2.3979999999999575,0.8674800398831699
2.3999999999999573,0.8674024792799732
2.401999999999957,0.8673249053523115
2.403999999999957,0.8672473218961543
2.4059999999999566,0.8671697239438694
2.4079999999999564,0.8670921153650846
2.409999999999956,0.8670144914550063
2.411999999999956,0.8669368563527171
2.4139999999999557,0.8668592055647021
2.4159999999999555,0.8667815433733668
2.4179999999999553,0.8667038707418714
2.419999999999955,0.8666261872501818
2.421999999999955,0.8665484920914102
2.4239999999999546,0.8664707791284642
2.4259999999999544,0.8663930525264034
2.427999999999954,0.8663153136907251
2.429999999999954,0.8662375627381496
2.4319999999999538,0.8661597993054104
2.4339999999999535,0.8660820283138719
2.4359999999999533,0.8660042446336951
2.437999999999953,0.8659264461929905
2.439999999999953,0.8658486324522081
2.4419999999999527,0.8657708035244316
2.4439999999999524,0.8656929650934851
2.445999999999952,0.8656151127139731
2.447999999999952,0.8655372501897753
2.4499999999999518,0.8654593725598188
2.4519999999999516,0.8653814837060692
2.4539999999999513,0.865303578930405
2.455999999999951,0.8652256623852767
2.457999999999951,0.865147729582615
2.4599999999999507,0.8650697848168506
2.4619999999999505,0.8649918290631
2.4639999999999502,0.8649138619147598
2.46599999999995,0.8648358825730377
2.46799999999995,0.8647578902828532
2.4699999999999496,0.8646798790920635
2.4719999999999493,0.8646018533669644
2.473999999999949,0.8645238200566193
2.475999999999949,0.8644457746434828
2.4779999999999487,0.8643677150368089
2.4799999999999485,0.8642896404662284
2.4819999999999482,0.8642115507945296
2.483999999999948,0.8641334461332355
2.485999999999948,0.8640553320345932
2.4879999999999476,0.8639772038959448
2.4899999999999474,0.8638990654043929
2.491999999999947,0.8638209115113973
2.493999999999947,0.8637427460557872
2.4959999999999467,0.8636645643117848
2.4979999999999465,0.8635863704269383
2.4999999999999463,0.8635081599103328
2.501999999999946,0.8634299370634566
2.503999999999946,0.8633517028723736
2.5059999999999456,0.8632734569394178
2.5079999999999454,0.8631951984727652
2.509999999999945,0.8631169213349106
2.511999999999945,0.8630386297084006
2.5139999999999447,0.8629603250178464
2.5159999999999445,0.8628820127889586
2.5179999999999443,0.8628036879237502
2.519999999999944,0.8627253481833406
2.521999999999944,0.8626469928329098
2.5239999999999436,0.862568622712965
2.5259999999999434,0.8624902395389699
2.527999999999943,0.862411849554962
2.529999999999943,0.8623334483062048
2.5319999999999427,0.862255039411151
2.5339999999999425,0.8621766176711033
2.5359999999999423,0.8620981867820381
2.537999999999942,0.8620197418941286
2.539999999999942,0.8619412870641556
2.5419999999999416,0.8618628177274956
2.5439999999999414,0.8617843381333383
2.545999999999941,0.861705849226449
2.547999999999941,0.861627345177877
2.5499999999999408,0.8615488299092311
2.5519999999999405,0.8614703046295853
2.5539999999999403,0.861391769474219
2.55599999999994,0.8613132239694037
2.55799999999994,0.8612346675069223
2.5599999999999397,0.8611560995605059
2.5619999999999394,0.8610775197395856
2.563999999999939,0.860998927778158
2.565999999999939,0.8609203235027854
2.5679999999999388,0.8608417067987615
2.5699999999999386,0.8607630775875671
2.5719999999999383,0.8606844412083867
2.573999999999938,0.8606057928581771
2.575999999999938,0.8605271306827273
2.5779999999999377,0.8604484596714068
2.5799999999999375,0.8603697752478463
2.5819999999999372,0.8602910813343263
2.583999999999937,0.860212373111767
2.585999999999937,0.8601336546052605
2.5879999999999366,0.8600549211925833
2.5899999999999364,0.8599761770850123
2.591999999999936,0.8598974232001391
2.593999999999936,0.8598186536841237
2.5959999999999357,0.8597398724559291
2.5979999999999355,0.8596610805363301
2.5999999999999353,0.8595822776925819
2.601999999999935,0.8595034632981818
2.603999999999935,0.8594246367251941
2.6059999999999346,0.8593457974772442
2.6079999999999344,0.8592669452117478
2.609999999999934,0.8591880797078507
2.611999999999934,0.8591092008303798
2.6139999999999337,0.8590303084974185
2.6159999999999335,0.8589514026558409
2.6179999999999333,0.8588724886739258
2.619999999999933,0.8587935617663198
2.621999999999933,0.8587146200916946
2.6239999999999326,0.8586356686605088
2.6259999999999324,0.8585567029089777
2.627999999999932,0.8584777267792434
2.629999999999932,0.8583987354618747
2.6319999999999317,0.8583197329979495
2.6339999999999315,0.8582407147745784
2.6359999999999313,0.8581616850195839
2.637999999999931,0.8580826446731207
2.639999999999931,0.8580035933058741
2.6419999999999306,0.8579245300991742
2.6439999999999304,0.8578454488681673
2.64599999999993,0.8577663537798599
2.64799999999993,0.857687246251791
2.6499999999999297,0.8576081264120137
2.6519999999999295,0.8575289938998931
2.6539999999999293,0.8574498536773597
2.655999999999929,0.8573707006012456
2.657999999999929,0.8572915325753961
2.6599999999999286,0.8572123490436145
2.6619999999999284,0.8571331501084256
2.663999999999928,0.8570539414905682
2.665999999999928,0.8569747187360137
2.6679999999999278,0.8568954856714802
2.6699999999999275,0.8568162373124861
2.6719999999999273,0.8567369775557766
2.673999999999927,0.8566577016796345
2.675999999999927,0.8565784138516752
2.6779999999999267,0.8564991149781603
2.6799999999999264,0.8564197991957962
2.681999999999926,0.8563404704405293
2.683999999999926,0.8562611297572575
2.685999999999926,0.8561817769363639
2.6879999999999256,0.8561024113741698
2.6899999999999253,0.8560230324614282
2.691999999999925,0.8559436397219631
2.693999999999925,0.8558642328305606
2.6959999999999247,0.8557848115849835
2.6979999999999245,0.8557053758688608
2.6999999999999242,0.8556259256165233
2.701999999999924,0.8555464607942562
2.703999999999924,0.8554670298120376
2.7059999999999236,0.8553876231050059
2.7079999999999234,0.8553082144310499
2.709999999999923,0.8552287917063721
2.711999999999923,0.8551493559380046
2.7139999999999227,0.8550699017057375
2.7159999999999225,0.8549904279567827
2.7179999999999223,0.8549109407962282
2.719999999999922,0.854831436661045
2.721999999999922,0.8547519201951397
2.7239999999999216,0.8546723870719289
2.7259999999999214,0.854592841588167
2.727999999999921,0.8545132846913606
2.729999999999921,0.8544337105411882
2.7319999999999207,0.8543541230331341
2.7339999999999205,0.8542745231916272
2.7359999999999203,0.8541949107982001
2.73799999999992,0.8541152852476321
2.73999999999992,0.8540356459329639
2.7419999999999196,0.8539559924390198
2.7439999999999194,0.8538763255430936
2.745999999999919,0.8537966461886314
2.747999999999919,0.8537169546438329
2.7499999999999187,0.8536372508753546
2.7519999999999185,0.8535575401387252
2.7539999999999183,0.8534778175455684
2.755999999999918,0.8533980811456399
2.757999999999918,0.8533183358500276
2.7599999999999176,0.8532385770521752
2.7619999999999174,0.85315880324332
2.763999999999917,0.8530790197313278
2.765999999999917,0.8529992276024775
2.7679999999999167,0.8529194208051638
2.7699999999999165,0.8528396029489869
2.7719999999999163,0.8527597694004132
2.773999999999916,0.852679924480616
2.775999999999916,0.8526000692607374
2.7779999999999156,0.8525202034211364
2.7799999999999154,0.8524403262164704
2.781999999999915,0.8523604369130561
2.783999999999915,0.8522805349381884
2.7859999999999148,0.8522006198984236
2.7879999999999145,0.8521206915439166
2.7899999999999143,0.8520407497221523
2.791999999999914,0.8519607943761374
2.793999999999914,0.851880825774455
2.7959999999999137,0.8518008441009768
2.7979999999999134,0.8517208547912182
2.7999999999999132,0.8516408530724717
2.801999999999913,0.8515608370678881
2.803999999999913,0.8514808117401305
2.8059999999999126,0.8514007725034095
2.8079999999999123,0.8513207232658198
2.809999999999912,0.851240659205984
2.811999999999912,0.8511605843383465
2.8139999999999117,0.8510804994522218
2.8159999999999115,0.851000398608897
2.8179999999999112,0.8509202856599518
2.819999999999911,0.8508401616079495
2.821999999999911,0.8507600262180377
2.8239999999999106,0.8506798734527872
2.8259999999999104,0.8505997074210317
2.82799999999991,0.8505195294441295
2.82999999999991,0.8504393395604644
2.8319999999999097,0.8503591373376476
2.8339999999999095,0.8502789276853975
2.8359999999999093,0.8501987054428941
2.837999999999909,0.8501184684845808
2.839999999999909,0.8500382162252973
2.8419999999999086,0.8499579541626427
2.8439999999999084,0.849877677851042
2.845999999999908,0.8497973857624018
2.847999999999908,0.8497170831521386
2.8499999999999077,0.8496367656299874
2.8519999999999075,0.8495564372359543
2.8539999999999073,0.8494760932199875
2.855999999999907,0.8493957376424086
2.857999999999907,0.8493153713232715
2.8599999999999066,0.8492349883299436
2.8619999999999064,0.8491545925290739
2.863999999999906,0.8490741849345712
2.865999999999906,0.8489937653222382
2.8679999999999057,0.8489133330787044
2.8699999999999055,0.848832887585103
2.8719999999999053,0.8487524283550246
2.873999999999905,0.8486719550539602
2.875999999999905,0.8485914674709152
2.8779999999999046,0.8485109654803419
2.8799999999999044,0.8484304490098757
2.881999999999904,0.8483499234425814
2.883999999999904,0.8482693840111606
2.8859999999999038,0.8481888288732009
2.8879999999999035,0.8481082630503856
2.8899999999999033,0.848027681992568
2.891999999999903,0.8479470896546037
2.893999999999903,0.8478664812350105
2.8959999999999027,0.8477858607828398
2.8979999999999024,0.8477052291157394
2.899999999999902,0.8476245803012391
2.901999999999902,0.8475439182161398
2.9039999999999018,0.8474632438871776
2.9059999999999016,0.8473825571010147
2.9079999999999013,0.847301857250871
2.909999999999901,0.8472211437247638
2.911999999999901,0.8471404160425581
2.9139999999999007,0.8470596738755154
2.9159999999999004,0.8469789170196793
2.9179999999999002,0.8468981453593681
2.9199999999999,0.8468173588296093
2.9219999999999,0.8467365574006611
2.9239999999998996,0.8466557464899563
2.9259999999998993,0.8465749213417136
2.927999999999899,0.8464940855499308
2.929999999999899,0.8464132339711377
2.9319999999998987,0.8463323649718899
2.9339999999998985,0.8462514839530821
2.9359999999998982,0.8461705921432054
2.937999999999898,0.8460896835833018
2.939999999999898,0.846008761990116
2.9419999999998976,0.8459278282172498
2.9439999999998974,0.8458468819121998
2.945999999999897,0.8457659169366675
2.947999999999897,0.845684937367257
2.9499999999998967,0.8456039445220064
2.9519999999998965,0.8455229384484215
2.9539999999998963,0.845441924169186
2.955999999999896,0.8453608964517898
2.957999999999896,0.8452798530614248
2.9599999999998956,0.8451987933198758
2.9619999999998954,0.8451177174282369
2.963999999999895,0.8450366323980902
2.965999999999895,0.8449555344913733
2.9679999999998947,0.8448744222779949
2.9699999999998945,0.8447933009114645
2.9719999999998943,0.8447121658160226
2.973999999999894,0.8446310208871552
2.975999999999894,0.8445498666804451
2.9779999999998936,0.8444686969946533
2.9799999999998934,0.8443875155180135
2.981999999999893,0.8443063231452503
2.983999999999893,0.8442251141297543
2.9859999999998927,0.8441438925567364
2.9879999999998925,0.8440626596050699
2.9899999999998923,0.8439814151566412
2.991999999999892,0.8439001586530717
2.993999999999892,0.8438188894970224
2.9959999999998916,0.843737607204329
2.9979999999998914,0.8436563114313478
2.999999999999891,0.8435750019532882
3.001999999999891,0.8434936840785052
3.0039999999998908,0.843412352970121
3.0059999999998905,0.8433310067379153
3.0079999999998903,0.8432496449501532
3.00999999999989,0.8431682732288847
3.01199999999989,0.843086887163055
3.0139999999998897,0.8430054906845204
3.0159999999998894,0.8429240788778058
3.017999999999889,0.842842655704656
3.019999999999889,0.8427612219116507
3.0219999999998888,0.8426797714855657
3.0239999999998886,0.842598308272316
3.0259999999998883,0.8425168332793727
3.027999999999888,0.8424353462972729
3.029999999999888,0.8423538469536803
3.0319999999998877,0.8422723293867682
3.0339999999998875,0.842190797920848
3.0359999999998872,0.8421092540479348
3.037999999999887,0.8420277033754788
3.039999999999887,0.8419461407838953
3.0419999999998866,0.8418645639611639
3.0439999999998864,0.8417829897303307
3.045999999999886,0.8417014536088199
3.047999999999886,0.8416199240370572
3.0499999999998857,0.8415383906082265
3.0519999999998855,0.8414568418634298
3.0539999999998853,0.841375273957164
3.055999999999885,0.8412936865884415
3.057999999999885,0.8412120807696368
3.0599999999998846,0.841130463173629
3.0619999999998844,0.841048830118863
3.063999999999884,0.8409671859356025
3.065999999999884,0.8408855259554662
3.0679999999998837,0.8408038542240349
3.0699999999998835,0.8407221715290338
3.0719999999998833,0.8406404718925905
3.073999999999883,0.8405587591350827
3.075999999999883,0.8404770342533326
3.0779999999998826,0.8403952970193405
3.0799999999998824,0.8403135413836635
3.081999999999882,0.8402317714481158
3.083999999999882,0.8401499885517165
3.0859999999998817,0.8400681927509422
3.0879999999998815,0.839986389063782
3.0899999999998813,0.8399045722690219
3.091999999999881,0.8398227401198319
3.093999999999881,0.8397408919169633
3.0959999999998806,0.839659027660315
3.0979999999998804,0.8395771530293423
3.09999999999988,0.8394952635677774
3.10199999999988,0.8394133630946212
3.1039999999998797,0.8393314466250851
3.1059999999998795,0.8392495180454518
3.1079999999998793,0.8391675726306353
3.109999999999879,0.8390856145356915
3.111999999999879,0.839003644689192
3.1139999999998786,0.8389216572258702
3.1159999999998784,0.8388396560577209
3.117999999999878,0.8387576422438032
3.119999999999878,0.8386756155918744
3.1219999999998778,0.8385935755047934
3.1239999999998775,0.8385115213715246
3.1259999999998773,0.8384294527091936
3.127999999999877,0.8383473691817545
3.129999999999877,0.8382652705789508
3.1319999999998767,0.8381831567765139
3.1339999999998764,0.8381010331502344
3.135999999999876,0.8380188949318856
3.137999999999876,0.8379367402632671
3.139999999999876,0.8378545741746546
3.1419999999998756,0.8377723921193804
3.1439999999998753,0.8376901980602699
3.145999999999875,0.837607987195792
3.147999999999875,0.8375257635795142
3.1499999999998747,0.8374435280482042
3.1519999999998745,0.8373612801100887
3.1539999999998742,0.8372790134589079
3.155999999999874,0.8371967320281828
3.157999999999874,0.8371144370532463
3.1599999999998736,0.8370321285324159
3.1619999999998734,0.836949806022911
3.163999999999873,0.8368674690243776
3.165999999999873,0.8367851171204094
3.1679999999998727,0.8367027500166391
3.1699999999998725,0.8366203729757187
3.1719999999998723,0.8365379811518266
3.173999999999872,0.8364555726432632
3.175999999999872,0.8363731470128823
3.1779999999998716,0.8362907098911
3.1799999999998714,0.8362082569283342
3.181999999999871,0.8361257928744031
3.183999999999871,0.8360433137462793
3.1859999999998707,0.8359608238263667
3.1879999999998705,0.835878323913128
3.1899999999998703,0.8357958079263048
3.19199999999987,0.8357132796023029
3.19399999999987,0.8356307398641258
3.1959999999998696,0.8355481884219608
3.1979999999998694,0.8354656246119647
3.199999999999869,0.8353830477763313
3.201999999999869,0.8353004573980194
3.2039999999998687,0.835217853115395
3.2059999999998685,0.8351352346994723
3.2079999999998683,0.8350526020154959
3.209999999999868,0.8349699549794486
3.211999999999868,0.8348872989964171
3.2139999999998676,0.8348046292876737
3.2159999999998674,0.8347219439776783
3.217999999999867,0.8346392480928624
3.219999999999867,0.8345565370598058
3.2219999999998667,0.8344738148324541
3.2239999999998665,0.8343910765799276
3.2259999999998663,0.8343083263458304
3.227999999999866,0.8342255649569894
3.229999999999866,0.8341427864415005
3.2319999999998656,0.834059994663658
3.2339999999998654,0.8339771906514981
3.235999999999865,0.8338943741924398
3.237999999999865,0.8338115446753911
3.2399999999998648,0.8337287014748993
3.2419999999998645,0.8336458440938864
3.2439999999998643,0.8335629721851021
3.245999999999864,0.8334800855252302
3.247999999999864,0.8333971839808414
3.2499999999998637,0.8333142674719731
3.2519999999998634,0.8332313359497286
3.2539999999998632,0.8331483948537082
3.255999999999863,0.8330654394171738
3.257999999999863,0.8329824732440319
3.2599999999998626,0.832899491191759
3.2619999999998623,0.832816497316322
3.263999999999862,0.832733486963205
3.265999999999862,0.8326504643115216
3.2679999999998617,0.8325674248017016
3.2699999999998615,0.8324843727219697
3.2719999999998612,0.8324013090729134
3.273999999999861,0.8323182334570361
3.275999999999861,0.8322351450628507
3.2779999999998606,0.8321520431038119
3.2799999999998604,0.83206892697215
3.28199999999986,0.8319857962511732
3.28399999999986,0.8319026506779168
3.2859999999998597,0.8318194900977022
3.2879999999998595,0.8317363144218338
3.2899999999998593,0.8316531236002696
3.291999999999859,0.8315699230803534
3.293999999999859,0.8314867080915584
3.2959999999998586,0.8314034767621972
3.2979999999998584,0.8313202341404153
3.299999999999858,0.8312369756501417
3.301999999999858,0.8311537052650135
3.3039999999998577,0.831070423630019
3.3059999999998575,0.830987124577218
3.3079999999998573,0.8309038118407626
3.309999999999857,0.8308204863638247
3.311999999999857,0.8307371478810862
3.3139999999998566,0.8306537902679071
3.3159999999998564,0.8305704176355109
3.317999999999856,0.8304870313382923
3.319999999999856,0.8304036314430316
3.3219999999998557,0.8303202230269384
3.3239999999998555,0.830236800847693
3.3259999999998553,0.8301533626320152
3.327999999999855,0.8300699076637701
3.329999999999855,0.8299864359359419
3.3319999999998546,0.8299029531777102
3.3339999999998544,0.829819454913537
3.335999999999854,0.8297359449962143
3.337999999999854,0.829652418409655
3.3399999999998538,0.8295688790648741
3.3419999999998535,0.8294853222017434
3.3439999999998533,0.8294017520048447
3.345999999999853,0.8293181694221206
3.347999999999853,0.829234574034865
3.3499999999998527,0.8291509595336937
3.3519999999998524,0.8290673298893037
3.353999999999852,0.8289836863600301
3.355999999999852,0.8289000289549757
3.3579999999998518,0.8288163572325777
3.3599999999998515,0.828732676179809
3.3619999999998513,0.8286489806213921
3.363999999999851,0.8285652683967316
3.365999999999851,0.8284815388945705
3.3679999999998507,0.8283977994221683
3.3699999999998504,0.8283141081993234
3.3719999999998502,0.828230425942556
3.37399999999985,0.8281467331226064
3.37599999999985,0.8280630270287683
3.3779999999998496,0.8279793006078342
3.3799999999998493,0.8278955522809521
3.381999999999849,0.8278117882326546
3.383999999999849,0.8277280051120375
3.3859999999998487,0.8276442078430829
3.3879999999998485,0.8275603977408992
3.3899999999998482,0.827476569070828
3.391999999999848,0.8273927257924474
3.393999999999848,0.8273088689715451
3.3959999999998476,0.8272249984046985
3.3979999999998474,0.8271411134991149
3.399999999999847,0.8270572143065354
3.401999999999847,0.8269733011345775
3.4039999999998467,0.8268893739180541
3.4059999999998465,0.8268054324642287
3.4079999999998463,0.8267214765716167
3.409999999999846,0.8266375060699371
3.411999999999846,0.826553526304999
3.4139999999998456,0.8264695324548341
3.4159999999998454,0.8263855225970198
3.417999999999845,0.8263015017401167
3.419999999999845,0.8262174652984415
3.4219999999998447,0.8261334172214616
3.4239999999998445,0.8260493526702397
3.4259999999998443,0.8259652756857616
3.427999999999844,0.8258811871005989
3.429999999999844,0.8257970864139559
3.4319999999998436,0.8257129672707564
3.4339999999998434,0.8256288335804607
3.435999999999843,0.8255446865685828
3.437999999999843,0.825460526225323
3.4399999999998427,0.8253763520950117
3.4419999999998425,0.8252921636578305
3.4439999999998423,0.8252079604775071
3.445999999999842,0.8251237477234652
3.447999999999842,0.8250395204533476
3.4499999999998416,0.8249552796857336
3.4519999999998414,0.8248710223232045
3.453999999999841,0.8247867529673636
3.455999999999841,0.8247024669812947
3.4579999999998408,0.8246181684144605
3.4599999999998405,0.8245338525489043
3.4619999999998403,0.8244495235423245
3.46399999999984,0.8243651823156939
3.46599999999984,0.8242808229358999
3.4679999999998397,0.8241964492991698
3.4699999999998394,0.8241120624620943
3.471999999999839,0.8240276622282923
3.473999999999839,0.8239432479943216
3.4759999999998388,0.8238588191350831
3.4779999999998386,0.8237743751536176
3.4799999999998383,0.8236899157014446
3.481999999999838,0.8236054405546325
3.483999999999838,0.823520949579353
3.4859999999998377,0.8234364426990486
3.4879999999998375,0.8233519255093773
3.4899999999998372,0.8232673934381278
3.491999999999837,0.823182850172006
3.493999999999837,0.8230982905484554
3.4959999999998366,0.8230137183548596
3.4979999999998364,0.8229291287492639
3.499999999999836,0.822844525853608
3.501999999999836,0.822759910587376
3.5039999999998357,0.822675277020168
3.5059999999998355,0.822590629064414
3.5079999999998353,0.8225059677904194
3.509999999999835,0.8224212930092123
3.511999999999835,0.8223366041197537
3.5139999999998346,0.8222519004992344
3.5159999999998344,0.8221671816500367
3.517999999999834,0.8220824472210575
3.519999999999834,0.8219976969865674
3.5219999999998337,0.8219129363127959
3.5239999999998335,0.8218281603790024
3.5259999999998333,0.8217433672754209
3.527999999999833,0.8216585620512824
3.529999999999833,0.8215737401245962
3.5319999999998326,0.8214889054785911
3.5339999999998324,0.821404053271874
3.535999999999832,0.8213191875729087
3.537999999999832,0.8212343092382441
3.5399999999998317,0.8211494122733826
3.5419999999998315,0.8210645005581112
3.5439999999998313,0.8209795751471336
3.545999999999831,0.8208946358463896
3.547999999999831,0.8208096820530034
3.5499999999998306,0.8207247131450701
3.5519999999998304,0.820639728625748
3.55399999999983,0.8205547281497788
3.55599999999983,0.8204697114957404
3.5579999999998297,0.8203846785313614
3.5599999999998295,0.8202996346951333
3.5619999999998293,0.8202145751986518
3.563999999999829,0.8201295036612661
3.565999999999829,0.8200444148919865
3.5679999999998286,0.8199593127036313
3.5699999999998284,0.8198741922682762
3.571999999999828,0.8197890577449896
3.573999999999828,0.8197039100833057
3.5759999999998278,0.8196187433547129
3.5779999999998275,0.8195335614961168
3.5799999999998273,0.8194483655942946
3.581999999999827,0.8193631554741563
3.583999999999827,0.8192779305437388
3.5859999999998267,0.8191926901874573
3.5879999999998264,0.8191074339128651
3.589999999999826,0.8190221613767907
3.591999999999826,0.8189368723609173
3.593999999999826,0.8188515722572507
3.5959999999998256,0.8187662562421381
3.5979999999998253,0.8186809224055615
3.599999999999825,0.8185955758190573
3.601999999999825,0.8185102118967776
3.6039999999998247,0.8184248346405044
3.6059999999998245,0.8183394447262644
3.6079999999998242,0.8182540359637358
3.609999999999824,0.8181686121004833
3.611999999999824,0.8180831741013288
3.6139999999998236,0.8179977217173979
3.6159999999998234,0.8179122489783028
3.617999999999823,0.8178267608592757
3.619999999999823,0.8177412591841514
3.6219999999998227,0.8176557496693291
3.6239999999998225,0.8175702271215297
3.6259999999998223,0.8174846890919896
3.627999999999822,0.8173991346447498
3.629999999999822,0.8173135635827489
3.6319999999998216,0.8172279815408673
3.6339999999998214,0.8171423839443559
3.635999999999821,0.8170567746126914
3.637999999999821,0.8169711484694524
3.6399999999998207,0.8168855094149137
3.6419999999998205,0.8167998526449385
3.6439999999998203,0.8167141823424553
3.64599999999982,0.8166284994603816
3.64799999999982,0.8165427980420943
3.6499999999998196,0.8164570820173045
3.6519999999998194,0.8163713524640375
3.653999999999819,0.8162856091934655
3.655999999999819,0.8161998834939306
3.6579999999998187,0.8161141200520308
3.6599999999998185,0.8160283309664225
3.6619999999998183,0.8159425226291624
3.663999999999818,0.8158567035199911
3.665999999999818,0.8157708699308815
3.6679999999998176,0.8156850201208758
3.6699999999998174,0.8155991589707524
3.671999999999817,0.8155132815860888
3.673999999999817,0.8154273917078633
3.6759999999998167,0.8153414842725415
3.6779999999998165,0.8152556152767744
3.6799999999998163,0.8151697621957894
3.681999999999816,0.8150839065536754
3.683999999999816,0.8149980331438205
3.6859999999998156,0.8149121422640122
3.6879999999998154,0.814826234204028
3.689999999999815,0.8147403036684739
3.691999999999815,0.8146543555332394
3.6939999999998148,0.8145683917493344
3.6959999999998145,0.8144824127866406
3.6979999999998143,0.8143964184733348
3.699999999999814,0.8143104084412638
3.701999999999814,0.8142243823263571
3.7039999999998137,0.8141383398415213
3.7059999999998134,0.8140522807846658
3.7079999999998132,0.8139662105430887
3.709999999999813,0.8138801244178783
3.711999999999813,0.8137940206631016
3.7139999999998126,0.8137079043958475
3.7159999999998123,0.813621771037256
3.717999999999812,0.8135356245567813
3.719999999999812,0.8134494600836368
3.7219999999998117,0.8133632816696217
3.7239999999998115,0.8132770901633171
3.7259999999998112,0.8131908850716205
3.727999999999811,0.8131046599975964
3.729999999999811,0.8130184188570531
3.7319999999998106,0.8129321628909687
3.7339999999998104,0.8128458921052888
3.73599999999981,0.8127596060557407
3.73799999999981,0.8126733097521496
3.7399999999998097,0.8125869980201905
3.7419999999998095,0.8125006686681167
3.7439999999998093,0.8124143210513673
3.745999999999809,0.8123279607442154
3.747999999999809,0.8122415832846784
3.7499999999998086,0.8121551926228825
3.7519999999998084,0.8120687838155283
3.753999999999808,0.8119823608476334
3.755999999999808,0.811895918983961
3.7579999999998077,0.8118094624420753
3.7599999999998075,0.8117229922065206
3.7619999999998073,0.8116365078817416
3.763999999999807,0.8115500086543213
3.765999999999807,0.8114634882020113
3.7679999999998066,0.8113769506567385
3.7699999999998064,0.811290403011901
3.771999999999806,0.8112038406984928
3.773999999999806,0.8111172615072233
3.7759999999998057,0.8110306645554907
3.7779999999998055,0.8109440496318896
3.7799999999998053,0.8108574223498644
3.781999999999805,0.8107707781168985
3.783999999999805,0.8106841207357345
3.7859999999998046,0.8105974451244892
3.7879999999998044,0.8105107551805371
3.789999999999804,0.8104240516452996
3.791999999999804,0.8103373284175626
3.7939999999998038,0.8102505893359222
3.7959999999998035,0.8101638354404647
3.7979999999998033,0.8100770665340171
3.799999999999803,0.8099902820138336
3.801999999999803,0.8099034812567087
3.8039999999998027,0.8098166637658386
3.8059999999998024,0.8097298291924308
3.807999999999802,0.8096429773161853
3.809999999999802,0.8095561135508841
3.8119999999998018,0.8094692330721198
3.8139999999998015,0.8093823339531148
3.8159999999998013,0.8092954212776582
3.817999999999801,0.8092084904516698
3.819999999999801,0.809121545484666
3.8219999999998007,0.809034581515212
3.8239999999998004,0.8089476026363278
3.8259999999998002,0.8088606097271306
3.8279999999998,0.808773602314244
3.8299999999998,0.8086865795375708
3.8319999999997996,0.8085995408913511
3.8339999999997993,0.8085124864449559
3.835999999999799,0.8084254160857849
3.837999999999799,0.8083383296072264
3.8399999999997987,0.8082512268161213
3.8419999999997985,0.8081641075571226
3.8439999999997982,0.8080769717114951
3.845999999999798,0.8079898247515532
3.847999999999798,0.8079026618573508
3.8499999999997976,0.8078154866503624
3.8519999999997974,0.8077282938897432
3.853999999999797,0.8076410873819023
3.855999999999797,0.8075538622490683
3.8579999999997967,0.8074666226504061
3.8599999999997965,0.8073793695364845
3.8619999999997963,0.8072921024891556
3.863999999999796,0.8072048151175544
3.865999999999796,0.8071175113799154
3.8679999999997956,0.8070301925410245
3.8699999999997954,0.80694285861501
3.871999999999795,0.8068555147182606
3.873999999999795,0.8067681555678166
3.8759999999997947,0.806680778829814
3.8779999999997945,0.8065933837339814
3.8799999999997943,0.8065059758020803
3.881999999999794,0.8064185504930628
3.883999999999794,0.8063311061778653
3.8859999999997936,0.8062436481929854
3.8879999999997934,0.8061561776609112
3.889999999999793,0.8060686883664544
3.891999999999793,0.8059811839248288
3.8939999999997927,0.805893665139897
3.8959999999997925,0.8058061260551921
3.8979999999997923,0.8057185706945829
3.899999999999792,0.8056310002422741
3.901999999999792,0.80554341459407
3.9039999999997916,0.8054558131985999
3.9059999999997914,0.8053682010301471
3.907999999999791,0.8052805728320838
3.909999999999791,0.8051929263572357
3.9119999999997908,0.8051052609291005
3.9139999999997905,0.8050175821538714
3.9159999999997903,0.8049298855393272
3.91799999999979,0.8048421750644835
3.91999999999979,0.8047544457504017
3.9219999999997897,0.8046667016089947
3.9239999999997894,0.8045789378728954
3.925999999999789,0.8044911588004902
3.927999999999789,0.8044033655484082
3.9299999999997888,0.8043155578402297
3.9319999999997886,0.804227734892138
3.9339999999997883,0.8041398959040806
3.935999999999788,0.8040520402366593
3.937999999999788,0.8039641674418645
3.9399999999997877,0.8038762772322419
3.9419999999997875,0.8037883694357741
3.9439999999997872,0.8037004495375913
3.945999999999787,0.803612512710274
3.947999999999787,0.8035245570186778
3.9499999999997866,0.8034365875742391
3.9519999999997864,0.8033485997551166
3.953999999999786,0.8032605975856084
3.955999999999786,0.8031725817554227
3.9579999999997857,0.8030845460083202
3.9599999999997855,0.8029964940975398
3.9619999999997852,0.8029084269944424
3.963999999999785,0.8028203444483761
3.965999999999785,0.8027322458171622
3.9679999999997846,0.8026441304508709
3.9699999999997844,0.8025559986672854
3.971999999999784,0.8024679136100807
3.973999999999784,0.8023798378460946
3.9759999999997837,0.80229175191674
3.9779999999997835,0.8022036470593812
3.9799999999997833,0.8021155258272894
3.981999999999783,0.802027383191112
3.983999999999783,0.8019392180252474
3.9859999999997826,0.80185103085091
3.9879999999997824,0.8017628282342573
3.989999999999782,0.8016746063790154
3.991999999999782,0.8015863696847739
3.9939999999997817,0.8014981190008426
3.9959999999997815,0.8014098481357029
3.9979999999997813,0.801321560815244
3.999999999999781,0.8012332579805285
4.001999999999781,0.8011449393587371
4.003999999999781,0.8010566042932165
4.005999999999781,0.8009682521253316
4.007999999999781,0.8008798823334087
4.00999999999978,0.800791494555763
4.01199999999978,0.8007030885614221
4.01399999999978,0.8006146642137049
4.01599999999978,0.8005262270082869
4.0179999999997795,0.8004377721492908
4.019999999999779,0.8003492977140058
4.021999999999779,0.8002608088076453
4.023999999999779,0.8001723064017563
4.025999999999779,0.8000837841844234
4.027999999999778,0.7999952457106585
4.029999999999778,0.7999066917671327
4.031999999999778,0.7998181219641094
4.033999999999778,0.7997295299877233
4.0359999999997775,0.7996409198916308
4.037999999999777,0.7995522930291991
4.039999999999777,0.7994636550628995
4.041999999999777,0.7993750008350106
4.043999999999777,0.799286327952401
4.045999999999776,0.7991976358536437
4.047999999999776,0.7991089305645123
4.049999999999776,0.7990202077190951
4.051999999999776,0.7989314656741451
4.053999999999776,0.7988427097065126
4.055999999999775,0.7987539408760262
4.057999999999775,0.7986651528930073
4.059999999999775,0.7985763493212037
4.061999999999775,0.7984875309377473
4.0639999999997745,0.7983986973377237
4.065999999999774,0.7983098421916921
4.067999999999774,0.7982209695441274
4.069999999999774,0.7981320863251968
4.071999999999774,0.7980431878368708
4.073999999999773,0.7979542717573211
4.075999999999773,0.797865337119416
4.077999999999773,0.7977763836489771
4.079999999999773,0.7976874169688253
4.0819999999997725,0.7975984324406812
4.083999999999772,0.7975094338814563
4.085999999999772,0.7974204161630156
4.087999999999772,0.7973313831950326
4.089999999999772,0.7972423301323331
4.091999999999771,0.7971532611780312
4.093999999999771,0.7970641773157777
4.095999999999771,0.7969750781433524
4.097999999999771,0.7968859628367903
4.0999999999997705,0.796796830590794
4.10199999999977,0.7967076807749871
4.10399999999977,0.7966185129522299
4.10599999999977,0.7965293268435654
4.10799999999977,0.7964401222834128
4.109999999999769,0.7963509047787913
4.111999999999769,0.796261669504519
4.113999999999769,0.7961724145185609
4.115999999999769,0.7960831449406202
4.1179999999997685,0.7959938561430548
4.119999999999768,0.7959045521568796
4.121999999999768,0.7958152336813337
4.123999999999768,0.7957259000571217
4.125999999999768,0.795636544660925
4.127999999999767,0.7955471713333805
4.129999999999767,0.7954577812775397
4.131999999999767,0.7953683744753837
4.133999999999767,0.7952789504673677
4.1359999999997665,0.7951895143353738
4.137999999999766,0.7951000608660843
4.139999999999766,0.7950105879400192
4.141999999999766,0.7949210949970236
4.143999999999766,0.7948315877171075
4.145999999999765,0.7947420615989425
4.147999999999765,0.7946525206284987
4.149999999999765,0.7945629597882787
4.151999999999765,0.794473383088905
4.1539999999997645,0.7943837913411054
4.155999999999764,0.7942941840158653
4.157999999999764,0.7942045602035255
4.159999999999764,0.7941149134305057
4.161999999999764,0.7940252478188874
4.1639999999997634,0.7939355704525255
4.165999999999763,0.7938458767314112
4.167999999999763,0.7937561644109947
4.169999999999763,0.7936664325768226
4.171999999999763,0.7935766866111141
4.173999999999762,0.7934869217852257
4.175999999999762,0.7933971363251922
4.177999999999762,0.7933073355281726
4.179999999999762,0.7932175205003394
4.1819999999997615,0.7931276849601703
4.183999999999761,0.7930378325284475
4.185999999999761,0.7929479640223102
4.187999999999761,0.7928580790605562
4.189999999999761,0.7927681769042869
4.19199999999976,0.7926782512098108
4.19399999999976,0.7925883118321885
4.19599999999976,0.7924983555205407
4.19799999999976,0.7924083805774617
4.1999999999997595,0.7923183862291093
4.201999999999759,0.7922283778304864
4.203999999999759,0.7921383505533808
4.205999999999759,0.792048302527173
4.207999999999759,0.7919582389848493
4.209999999999758,0.7918681609867044
4.211999999999758,0.7917780622122401
4.213999999999758,0.7916879462717333
4.215999999999758,0.7915978139778377
4.2179999999997575,0.7915076649482315
4.219999999999757,0.7914174984428537
4.221999999999757,0.7913273137478047
4.223999999999757,0.7912371103048383
4.225999999999757,0.7911468877313249
4.227999999999756,0.7910566457847072
4.229999999999756,0.7909663843229613
4.231999999999756,0.7908761089049353
4.233999999999756,0.7907858146942468
4.2359999999997555,0.7906955053825867
4.237999999999755,0.790605175688732
4.239999999999755,0.7905148294763937
4.241999999999755,0.790424461824738
4.243999999999755,0.7903340769462796
4.245999999999754,0.7902436758341571
4.247999999999754,0.7901532580924122
4.249999999999754,0.7900628491394361
4.251999999999754,0.7899724721801156
4.2539999999997535,0.789882096077126
4.255999999999753,0.7897917050661574
4.257999999999753,0.7897012926934576
4.259999999999753,0.7896108573458868
4.261999999999753,0.7895203992634626
4.263999999999752,0.7894299193016497
4.265999999999752,0.7893394183494684
4.267999999999752,0.7892488970966671
4.269999999999752,0.7891583616519616
4.2719999999997516,0.7890678075412496
4.273999999999751,0.7889772386197913
4.275999999999751,0.7888866497072551
4.277999999999751,0.7887960446739405
4.279999999999751,0.788705424232675
4.2819999999997505,0.7886147877883791
4.28399999999975,0.7885241343904325
4.28599999999975,0.788433463155565
4.28799999999975,0.7883427734054972
4.28999999999975,0.7882520646769637
4.291999999999749,0.7881613366774205
4.293999999999749,0.7880705892329527
4.295999999999749,0.7879798222432819
4.297999999999749,0.7878890412818564
4.2999999999997485,0.7877982415361149
4.301999999999748,0.7877074266891322
4.303999999999748,0.7876165914693368
4.305999999999748,0.7875257397196493
4.307999999999748,0.787434866518434
4.309999999999747,0.7873439760585144
4.311999999999747,0.7872530693225002
4.313999999999747,0.7871621459087381
4.315999999999747,0.7870712049910216
4.3179999999997465,0.7869802457604457
4.319999999999746,0.7868892675810779
4.321999999999746,0.7867982700098844
4.323999999999746,0.786707258400198
4.325999999999746,0.7866162278012903
4.327999999999745,0.7865251761904676
4.329999999999745,0.7864341086780064
4.331999999999745,0.7863430206039079
4.333999999999745,0.7862519160131253
4.3359999999997445,0.7861607899777259
4.337999999999744,0.7860696466232096
4.339999999999744,0.785978486854142
4.341999999999744,0.7858873102034518
4.343999999999744,0.78579611579886
4.345999999999743,0.7857049028153592
4.347999999999743,0.7856136707331136
4.349999999999743,0.7855224191793984
4.351999999999743,0.7854311478998359
4.3539999999997425,0.7853398623723167
4.355999999999742,0.7852485577009739
4.357999999999742,0.7851572318880481
4.359999999999742,0.7850658900611402
4.361999999999742,0.7849745332055028
4.363999999999741,0.7848831549275377
4.365999999999741,0.7847917587978737
4.367999999999741,0.7847003456074136
4.369999999999741,0.7846089093078534
4.3719999999997405,0.7845174539401855
4.37399999999974,0.7844259807123329
4.37599999999974,0.7843344951917799
4.37799999999974,0.7842429920368649
4.37999999999974,0.7841514687112425
4.381999999999739,0.7840599242358415
4.383999999999739,0.7839683584039904
4.385999999999739,0.7838767769890074
4.387999999999739,0.7837851753985755
4.3899999999997386,0.7836935575456427
4.391999999999738,0.783601923953707
4.393999999999738,0.7835102681314505
4.395999999999738,0.7834185937230598
4.397999999999738,0.783326901641068
4.3999999999997375,0.7832351916003308
4.401999999999737,0.7831434629322772
4.403999999999737,0.7830517149655005
4.405999999999737,0.7829599471659304
4.407999999999737,0.7828681591587897
4.409999999999736,0.7827763563698151
4.411999999999736,0.7826845338536326
4.413999999999736,0.7825926895894728
4.415999999999736,0.7825008287177964
4.4179999999997355,0.7824089465622318
4.419999999999735,0.7823170471881389
4.421999999999735,0.7822251313179667
4.423999999999735,0.7821331926239113
4.425999999999735,0.7820412348841279
4.427999999999734,0.7819492590912654
4.429999999999734,0.7818572650070145
4.431999999999734,0.7817652519886765
4.433999999999734,0.7816732193789286
4.4359999999997335,0.7815811723257906
4.437999999999733,0.7814891056520542
4.439999999999733,0.7813970171760247
4.441999999999733,0.781304911948266
4.443999999999733,0.7812127852326147
4.445999999999732,0.7811206410730818
4.447999999999732,0.7810284801825875
4.449999999999732,0.7809362962212697
4.451999999999732,0.7808440929728224
4.4539999999997315,0.7807518714352479
4.455999999999731,0.7806596313741287
4.457999999999731,0.7805673721482314
4.459999999999731,0.780475093100442
4.461999999999731,0.7803827937043903
4.46399999999973,0.7802904735904501
4.46599999999973,0.7801981382550525
4.46799999999973,0.780105783207035
4.46999999999973,0.7800134123894807
4.4719999999997295,0.7799210205291458
4.473999999999729,0.7798286114732584
4.475999999999729,0.7797361802072019
4.477999999999729,0.779643730907704
4.479999999999729,0.7795512645339914
4.481999999999728,0.7794587806590365
4.483999999999728,0.779366278430641
4.485999999999728,0.7792737570153435
4.487999999999728,0.7791812157584022
4.4899999999997275,0.779088654201152
4.491999999999727,0.7789960720491793
4.493999999999727,0.7789034748188128
4.495999999999727,0.7788108575878177
4.497999999999727,0.7787182240414674
4.499999999999726,0.7786255688369198
4.501999999999726,0.7785328958457878
4.503999999999726,0.7784402000910164
4.505999999999726,0.7783474858030517
4.507999999999726,0.778254753982015
4.509999999999725,0.778162004228519
4.511999999999725,0.7780692357087122
4.513999999999725,0.7779764476007093
4.515999999999725,0.7778836837116696
4.5179999999997245,0.77779093947773
4.519999999999724,0.777698188760279
4.521999999999724,0.7776054188441188
4.523999999999724,0.7775126246123983
4.525999999999724,0.777419810483549
4.527999999999723,0.7773269720806377
4.529999999999723,0.7772341084029786
4.531999999999723,0.7771412255728475
4.533999999999723,0.77704831966633
4.5359999999997225,0.776955395257457
4.537999999999722,0.7768624533849798
4.539999999999722,0.7767694935675319
4.541999999999722,0.776676509182266
4.543999999999722,0.7765835041123594
4.545999999999721,0.7764904795858404
4.547999999999721,0.7763974356034007
4.549999999999721,0.7763043774869239
4.551999999999721,0.7762112999636224
4.5539999999997205,0.7761182006454436
4.55599999999972,0.7760250843890012
4.55799999999972,0.7759319463032839
4.55999999999972,0.7758387903243897
4.56199999999972,0.775745611414466
4.563999999999719,0.7756524136774859
4.565999999999719,0.7755591980119979
4.567999999999719,0.7754659582534051
4.569999999999719,0.7753726983262641
4.5719999999997185,0.7752794193300704
4.573999999999718,0.7751861210908991
4.575999999999718,0.7750928086920206
4.577999999999718,0.7749994766809029
4.579999999999718,0.7749061225818061
4.581999999999717,0.7748127455248118
4.583999999999717,0.7747193511071573
4.585999999999717,0.774625934716269
4.587999999999717,0.7745325003598467
4.5899999999997165,0.7744390486596877
4.591999999999716,0.7743455788582396
4.593999999999716,0.7742520841479241
4.595999999999716,0.7741585683340622
4.597999999999716,0.7740650326060381
4.599999999999715,0.7739714769385674
4.601999999999715,0.7738779008625926
4.603999999999715,0.7737843095432042
4.605999999999715,0.773690697712301
4.6079999999997145,0.7735970630830433
4.609999999999714,0.773503410646112
4.611999999999714,0.7734097355937527
4.613999999999714,0.7733160419455092
4.615999999999714,0.7732223304026002
4.6179999999997134,0.7731285945864087
4.619999999999713,0.773034838278384
4.621999999999713,0.7729410624779818
4.623999999999713,0.7728472669485734
4.625999999999713,0.7727534510460132
4.627999999999712,0.7726596141081963
4.629999999999712,0.772565755601081
4.631999999999712,0.7724718808597495
4.633999999999712,0.7723779848201006
4.6359999999997115,0.7722840711060104
4.637999999999711,0.7721901343281135
4.639999999999711,0.7720961783455144
4.641999999999711,0.7720021981633308
4.643999999999711,0.7719081980168034
4.64599999999971,0.7718141789196876
4.64799999999971,0.7717201404838052
4.64999999999971,0.7716260818824525
4.65199999999971,0.7715320022997318
4.6539999999997095,0.7714379010908454
4.655999999999709,0.7713437778050605
4.657999999999709,0.7712496378772233
4.659999999999709,0.7711554763151678
4.661999999999709,0.7710612967927907
4.663999999999708,0.7709670939381132
4.665999999999708,0.770872871630726
4.667999999999708,0.7707786306062868
4.669999999999708,0.7706843645557508
4.6719999999997075,0.770590077403324
4.673999999999707,0.7704957706096518
4.675999999999707,0.7704014442361051
4.677999999999707,0.7703070977322095
4.679999999999707,0.7702127304356455
4.681999999999706,0.7701183475074216
4.683999999999706,0.7700239436914179
4.685999999999706,0.7699295167337141
4.687999999999706,0.7698350716873669
4.6899999999997055,0.7697406037514067
4.691999999999705,0.7696461169774134
4.693999999999705,0.769551612075813
4.695999999999705,0.7694570883748284
4.697999999999705,0.7693625448276642
4.699999999999704,0.7692679747250704
4.701999999999704,0.7691733878991294
4.703999999999704,0.7690787809719986
4.705999999999704,0.7689841521497862
4.7079999999997035,0.7688895005956622
4.709999999999703,0.7687948259929214
4.711999999999703,0.7687001340196636
4.713999999999703,0.7686054198728772
4.715999999999703,0.7685106873882114
4.717999999999702,0.7684159370203717
4.719999999999702,0.7683211621337858
4.721999999999702,0.7682263663665208
4.723999999999702,0.7681315506196077
4.7259999999997016,0.7680367145917657
4.727999999999701,0.7679418575978363
4.729999999999701,0.7678469789489052
4.731999999999701,0.7677520838453633
4.733999999999701,0.7676571670540923
4.7359999999997004,0.767562226349426
4.7379999999997,0.7674672668270737
4.7399999999997,0.7673722836944259
4.7419999999997,0.7672772810308321
4.7439999999997,0.7671822595630637
4.745999999999699,0.7670872129245039
4.747999999999699,0.7669921450010598
4.749999999999699,0.7668970568285667
4.751999999999699,0.7668019481702666
4.7539999999996985,0.7667068241244116
4.755999999999698,0.7666116791578335
4.757999999999698,0.766516510737918
4.759999999999698,0.7664213179651944
4.761999999999698,0.7663261064852895
4.763999999999697,0.766230871638401
4.765999999999697,0.766135617470276
4.767999999999697,0.7660403816479163
4.769999999999697,0.7659451659525849
4.7719999999996965,0.7658499457619248
4.773999999999696,0.7657547022834232
4.775999999999696,0.7656594342784196
4.777999999999696,0.7655641414914258
4.779999999999696,0.7654688240770635
4.781999999999695,0.7653734823040553
4.783999999999695,0.7652781164224338
4.785999999999695,0.7651827266170345
4.787999999999695,0.7650873130128142
4.7899999999996945,0.7649918814227284
4.791999999999694,0.764896427043082
4.793999999999694,0.7648009536485516
4.795999999999694,0.764705455889496
4.797999999999694,0.7646099376595943
4.799999999999693,0.764514399693372
4.801999999999693,0.7644188414020865
4.803999999999693,0.7643232618297036
4.805999999999693,0.7642276600782906
4.8079999999996925,0.7641320354545724
4.809999999999692,0.7640363874816597
4.811999999999692,0.7639407158578149
4.813999999999692,0.7638450204036609
4.815999999999692,0.7637493067705252
4.817999999999691,0.763653570066511
4.819999999999691,0.763557814038957
4.821999999999691,0.7634620390771438
4.823999999999691,0.7633662384915252
4.8259999999996905,0.7632704158898185
4.82799999999969,0.7631745721594789
4.82999999999969,0.7630787069968785
4.83199999999969,0.7629828197160928
4.83399999999969,0.7628869153903859
4.835999999999689,0.7627909886305002
4.837999999999689,0.7626950370729659
4.839999999999689,0.7625990657215422
4.841999999999689,0.7625030697205197
4.8439999999996886,0.7624070531162968
4.845999999999688,0.7623110108602644
4.847999999999688,0.7622149471300319
4.849999999999688,0.7621188628627973
4.851999999999688,0.7620227576009275
4.8539999999996875,0.7619266304629841
4.855999999999687,0.761830480592272
4.857999999999687,0.7617343073142041
4.859999999999687,0.7616381159297541
4.861999999999687,0.7615419012917681
4.863999999999686,0.7614456612390932
4.865999999999686,0.7613494009328027
4.867999999999686,0.7612531213812634
4.869999999999686,0.7611568160713109
4.8719999999996855,0.7610604886187573
4.873999999999685,0.760964139863175
4.875999999999685,0.7608677696834576
4.877999999999685,0.7607713775602413
4.879999999999685,0.7606749628230915
4.881999999999684,0.7605785248824712
4.883999999999684,0.7604820690732275
4.885999999999684,0.7603855902365784
4.887999999999684,0.7602890861906226
4.8899999999996835,0.7601925620828657
4.891999999999683,0.7600960189040418
4.893999999999683,0.7599994501137286
4.895999999999683,0.7599028593160493
4.897999999999683,0.7598062473197024
4.899999999999682,0.7597096137246662
4.901999999999682,0.7596129577610871
4.903999999999682,0.7595162786786631
4.905999999999682,0.7594195758847626
4.9079999999996815,0.7593228547504958
4.909999999999681,0.7592261101428363
4.911999999999681,0.7591293457027695
4.913999999999681,0.7590325559658523
4.915999999999681,0.7589357448175182
4.91799999999968,0.7588389129955274
4.91999999999968,0.7587420541328271
4.92199999999968,0.7586451721395817
4.92399999999968,0.7585482681045218
4.9259999999996795,0.7584513476354671
4.927999999999679,0.7583544052422524
4.929999999999679,0.7582574382707208
4.931999999999679,0.7581604456628702
4.933999999999679,0.7580634329649719
4.935999999999678,0.7579663954079792
4.937999999999678,0.7578693370597125
4.939999999999678,0.7577722585760691
4.941999999999678,0.7576751533858364
4.9439999999996775,0.757578025217589
4.945999999999677,0.7574808750208448
4.947999999999677,0.7573837025123074
4.949999999999677,0.7572865070070036
4.951999999999677,0.7571892936156022
4.953999999999676,0.7570920569032034
4.955999999999676,0.7569947944740613
4.957999999999676,0.7568975113552678
4.959999999999676,0.7568002026384615
4.961999999999676,0.756702872398874
4.963999999999675,0.7566055213624243
4.965999999999675,0.756508148856348
4.967999999999675,0.7564107538245008
4.969999999999675,0.7563133352850251
4.9719999999996745,0.7562158924810036
4.973999999999674,0.7561184248922643
4.975999999999674,0.7560209321895112
4.977999999999674,0.7559234199952434
4.979999999999674,0.7558258833189715
4.981999999999673,0.7557283259197465
4.983999999999673,0.7556307423620194
4.985999999999673,0.7555331365805646
4.987999999999673,0.7554355093278798
4.9899999999996725,0.7553378600225784
4.991999999999672,0.755240187711524
4.993999999999672,0.7551424914790432
4.995999999999672,0.7550447706146459
4.997999999999672,0.754947024630719
4.999999999999671,0.7548492532182334
5.001999999999671,0.7547514620227783
5.003999999999671,0.7546536460546025
5.005999999999671,0.7545558090822402
5.0079999999996705,0.7544580053591797
5.00999999999967,0.7543602106572276
5.01199999999967,0.7542624044225864
5.01399999999967,0.7541645760534579
5.01599999999967,0.7540667150276241
5.017999999999669,0.7539688246422904
5.019999999999669,0.7538709068195029
5.021999999999669,0.7537729625651775
5.023999999999669,0.7536749981407522
5.0259999999996685,0.7535770088326659
5.027999999999668,0.7534789926466686
5.029999999999668,0.7533809548148245
5.031999999999668,0.7532828905324576
5.033999999999668,0.7531848039007059
5.035999999999667,0.753086695654628
5.037999999999667,0.7529885593085976
5.039999999999667,0.7528903986687745
5.041999999999667,0.7527922147461954
5.0439999999996665,0.7526940131175136
5.045999999999666,0.7525957882565728
5.047999999999666,0.7524975374835219
5.049999999999666,0.7523992597257599
5.051999999999666,0.7523009605426301
5.053999999999665,0.7522026351544957
5.055999999999665,0.7521042875787073
5.057999999999665,0.7520059184333995
5.059999999999665,0.7519075269434584
5.0619999999996645,0.7518091119762104
5.063999999999664,0.7517106724971541
5.065999999999664,0.7516122077174819
5.067999999999664,0.7515137171012536
5.069999999999664,0.7514152003114448
5.0719999999996634,0.7513166571693501
5.073999999999663,0.7512180936264368
5.075999999999663,0.7511195107513207
5.077999999999663,0.7510209016741044
5.079999999999663,0.7509222696650621
5.081999999999662,0.7508236152354382
5.083999999999662,0.7507249377616492
5.085999999999662,0.7506262363226412
5.087999999999662,0.7505275100714103
5.0899999999996615,0.7504287583576452
5.091999999999661,0.7503299807321702
5.093999999999661,0.7502311827458176
5.095999999999661,0.7501323593404288
5.097999999999661,0.7500335142441195
5.09999999999966,0.7499346478242518
5.10199999999966,0.7498357532809354
5.10399999999966,0.7497368342423976
5.10599999999966,0.7496378916038453
5.1079999999996595,0.7495389250562445
5.109999999999659,0.7494399339018589
5.111999999999659,0.7493409174387368
5.113999999999659,0.7492418809490418
5.115999999999659,0.7491428191404144
5.117999999999658,0.7490437355863412
5.119999999999658,0.7489446247057153
5.121999999999658,0.7488454903775335
5.123999999999658,0.7487463333878313
5.1259999999996575,0.7486471531680241
5.127999999999657,0.748547948751945
5.129999999999657,0.7484487192201219
5.131999999999657,0.7483494638561332
5.133999999999657,0.7482501821614751
5.135999999999656,0.7481508738175286
5.137999999999656,0.7480515444868603
5.139999999999656,0.7479521891618726
5.141999999999656,0.7478528116216197
5.1439999999996555,0.7477534122601692
5.145999999999655,0.7476539901285306
5.147999999999655,0.7475545439712106
5.149999999999655,0.7474550726743898
5.151999999999655,0.747355575401324
5.153999999999654,0.7472560515987605
5.155999999999654,0.7471565009257657
5.157999999999654,0.7470569290471022
5.159999999999654,0.7469573309479074
5.1619999999996535,0.7468577104154641
5.163999999999653,0.7467580619805709
5.165999999999653,0.7466583896032697
5.167999999999653,0.7465586940515613
5.169999999999653,0.7464589747432433
5.171999999999652,0.746359230712863
5.173999999999652,0.7462594610475959
5.175999999999652,0.7461596650403848
5.177999999999652,0.7460598480748029
5.1799999999996515,0.7459600049300896
5.181999999999651,0.7458601392747426
5.183999999999651,0.7457602455619132
5.185999999999651,0.7456603277219094
5.187999999999651,0.7455603865110848
5.1899999999996504,0.7454604213444957
5.19199999999965,0.7453604312583393
5.19399999999965,0.745260415341739
5.19599999999965,0.745160372890511
5.19799999999965,0.7450603034207404
5.199999999999649,0.7449602125294956
5.201999999999649,0.7448600951375599
5.203999999999649,0.7447599550114394
5.205999999999649,0.7446597866471212
5.2079999999996485,0.7445595940072186
5.209999999999648,0.7444593778607373
5.211999999999648,0.744359137627703
5.213999999999648,0.7442588723443861
5.215999999999648,0.7441585811008277
5.217999999999647,0.7440582690842736
5.219999999999647,0.7439579308869276
5.221999999999647,0.7438575641719876
5.223999999999647,0.743757174119502
5.2259999999996465,0.7436567617364114
5.227999999999646,0.7435563203678297
5.229999999999646,0.7434558536815634
5.231999999999646,0.7433553625231907
5.233999999999646,0.7432548586515055
5.235999999999645,0.7431543906118413
5.237999999999645,0.7430539213992181
5.239999999999645,0.7429534317308678
5.241999999999645,0.7428529187694997
5.2439999999996445,0.7427523746314308
5.245999999999644,0.7426517970559413
5.247999999999644,0.7425511922147428
5.249999999999644,0.7424505563877903
5.251999999999644,0.7423498946942337
5.253999999999643,0.7422492086065335
5.255999999999643,0.7421484920566477
5.257999999999643,0.742047749180659
5.259999999999643,0.7419469811755298
5.2619999999996425,0.7418461937795635
5.263999999999642,0.7417453814826236
5.265999999999642,0.7416445417656239
5.267999999999642,0.7415436795683347
5.269999999999642,0.7414427897576934
5.271999999999641,0.7413418762874909
5.273999999999641,0.7412409397793849
5.275999999999641,0.7411399794836504
5.277999999999641,0.7410389884028606
5.2799999999996405,0.7409379763248323
5.28199999999964,0.7408369395911223
5.28399999999964,0.7407358761806393
5.28599999999964,0.7406347850989451
5.28799999999964,0.7405336718297655
5.289999999999639,0.7404325313460093
5.291999999999639,0.7403313675351255
5.293999999999639,0.7402301809044785
5.295999999999639,0.7401289646975578
5.2979999999996386,0.7400277226440759
5.299999999999638,0.7399264557091448
5.301999999999638,0.7398251695533167
5.303999999999638,0.7397238586308253
5.305999999999638,0.7396225202417405
5.3079999999996375,0.7395211533001419
5.309999999999637,0.7394197634502409
5.311999999999637,0.7393183517741686
5.313999999999637,0.7392169115254468
5.315999999999637,0.7391154462480793
5.317999999999636,0.739013956680207
5.319999999999636,0.7389124423649518
5.321999999999636,0.7388109024956577
5.323999999999636,0.7387093363020429
5.3259999999996355,0.7386077491015276
5.327999999999635,0.7385061355593476
5.329999999999635,0.7384044933876923
5.331999999999635,0.738302827822764
5.333999999999635,0.7382011399140873
5.335999999999634,0.7380994289372345
5.337999999999634,0.7379976877426582
5.339999999999634,0.7378959200995259
5.341999999999634,0.7377941330753803
5.3439999999996335,0.737692321674527
5.345999999999633,0.7375904833610816
5.347999999999633,0.7374886170423883
5.349999999999633,0.7373867283202613
5.351999999999633,0.737284812292475
5.353999999999632,0.737182873010583
5.355999999999632,0.7370809111090753
5.357999999999632,0.7369789258261918
5.359999999999632,0.7368769160431183
5.3619999999996315,0.736774880747689
5.363999999999631,0.7366728191824765
5.365999999999631,0.7365707308521066
5.367999999999631,0.7364686154694566
5.369999999999631,0.7363664788270816
5.37199999999963,0.736264315934914
5.37399999999963,0.7361621306894465
5.37599999999963,0.736059923576909
5.37799999999963,0.735957693721586
5.3799999999996295,0.7358554399349226
5.381999999999629,0.7357531611674636
5.383999999999629,0.7356508566588045
5.385999999999629,0.7355485259343022
5.387999999999629,0.7354461687312678
5.389999999999628,0.7353437908781759
5.391999999999628,0.7352413874048838
5.393999999999628,0.735138962243352
5.395999999999628,0.7350365159094977
5.3979999999996275,0.7349340416113033
5.399999999999627,0.7348315431431695
5.401999999999627,0.7347290215410278
5.403999999999627,0.734626476620486
5.405999999999627,0.7345239078011139
5.407999999999626,0.7344213204534307
5.409999999999626,0.7343187091790305
5.411999999999626,0.7342160776091587
5.413999999999626,0.7341134201133326
5.415999999999626,0.7340107407039138
5.417999999999625,0.7339080342817377
5.419999999999625,0.7338053053447721
5.421999999999625,0.733702555121192
5.423999999999625,0.7335997834009701
5.4259999999996245,0.7334969895157759
5.427999999999624,0.7333941728008877
5.429999999999624,0.733291338734767
5.431999999999624,0.7331884820752381
5.433999999999624,0.73308560066384
5.435999999999623,0.7329826999490623
5.437999999999623,0.7328797811809945
5.439999999999623,0.732776837866639
5.441999999999623,0.7326738739482983
5.4439999999996225,0.732570890540922
5.445999999999622,0.7324678875326904
5.447999999999622,0.7323648644551195
5.449999999999622,0.7322618553170077
5.451999999999622,0.7321588752207127
5.453999999999621,0.7320558933161028
5.455999999999621,0.731952894281493
5.457999999999621,0.7318498777631247
5.459999999999621,0.7317468372586964
5.4619999999996205,0.7316437713390862
5.46399999999962,0.7315406868065621
5.46599999999962,0.731437580339423
5.46799999999962,0.7313344575216659
5.46999999999962,0.7312313143266065
5.471999999999619,0.7311281559910936
5.473999999999619,0.7310249843343529
5.475999999999619,0.73092179965829
5.477999999999619,0.7308186017929519
5.4799999999996185,0.7307153905646337
5.481999999999618,0.7306121659928319
5.483999999999618,0.7305089283433259
5.485999999999618,0.730405678108773
5.487999999999618,0.7303024159710962
5.489999999999617,0.7301991487274279
5.491999999999617,0.7300958723790287
5.493999999999617,0.7299925859331222
5.495999999999617,0.7298892959838552
5.4979999999996165,0.7297859989797975
5.499999999999616,0.7296827005655613
5.501999999999616,0.7295793970932516
5.503999999999616,0.7294760945266593
5.505999999999616,0.729372795667489
5.507999999999615,0.7292694960700394
5.509999999999615,0.7291662019724382
5.511999999999615,0.7290629169493529
5.513999999999615,0.7289596375333995
5.5159999999996145,0.7288563710323046
5.517999999999614,0.7287531221468699
5.519999999999614,0.7286498886114863
5.521999999999614,0.7285466790654763
5.523999999999614,0.7284434937427748
5.525999999999613,0.7283403430967064
5.527999999999613,0.7282372289839931
5.529999999999613,0.7281341636327665
5.531999999999613,0.7280311510604124
5.533999999999613,0.727928200265787
5.535999999999612,0.7278253238195812
5.537999999999612,0.727722531516172
5.539999999999612,0.7276198477810496
5.541999999999612,0.7275172930159584
5.5439999999996115,0.7274148980993027
5.545999999999611,0.727312699911925
5.547999999999611,0.7272107575566445
5.549999999999611,0.7271091491029451
5.551999999999611,0.7270080184656008
5.55399999999961,0.7269076362442568
5.55599999999961,0.7268087362888187
5.55799999999961,0.7266245099890161
5.55999999999961,0.5082235287260376
5.5619999999996095,0.40565308447341236
5.563999999999609,0.36093183910171955
5.565999999999609,0.3450590617922553
5.567999999999609,0.3419530207067667
5.569999999999609,0.34378300893503627
5.571999999999608,0.3469942365680434
5.573999999999608,0.35012906510889874
5.575999999999608,0.35269601850234705
5.577999999999608,0.35461062722746867
5.5799999999996075,0.35594599147596306
5.581999999999607,0.3568150221547083
5.583999999999607,0.35732936781908586
5.585999999999607,0.3575798157612553
5.587999999999607,0.35763817555262645
5.589999999999606,0.35755859983241745
5.591999999999606,0.35738083275144716
5.593999999999606,0.35713357371187676
5.595999999999606,0.3568374004193874
5.5979999999996055,0.35650712107289645
5.599999999999605,0.3561527953234901
5.601999999999605,0.3557816122495957
5.603999999999605,0.35539868499839583
5.605999999999605,0.3550076381438326
5.607999999999604,0.3546110348634771
5.609999999999604,0.35421068471855727
5.611999999999604,0.3538078635658271
5.613999999999604,0.35340346993370814
5.6159999999996035,0.3529981362580616
5.617999999999603,0.35259230724488155
5.619999999999603,0.3521862953782199
5.621999999999603,0.3517803200958165
5.623999999999603,0.35137453529069423
5.625999999999602,0.3509690489101362
5.627999999999602,0.3505639365181412
5.629999999999602,0.3501592508808197
5.631999999999602,0.3497550287716612
5.6339999999996015,0.34935129575419666
5.635999999999601,0.34894806952415286
5.637999999999601,0.3485453622425616
5.639999999999601,0.34814318214084444
5.641999999999601,0.3477415347645231
5.6439999999996004,0.34734042378001534
5.6459999999996,0.34693985151091367
5.6479999999996,0.346539819280445
5.6499999999996,0.34614032774089215
5.6519999999996,0.34574137720057546
5.653999999999599,0.3453429675621926
5.655999999999599,0.34494509847551136
5.657999999999599,0.3445478080833986
5.659999999999599,0.3441510801391971
5.6619999999995985,0.34375490173171197
5.663999999999598,0.343359266029282
5.665999999999598,0.3429641694351449
5.667999999999598,0.3425696097668644
5.669999999999598,0.342175585734838
5.671999999999597,0.3417820963475602
5.673999999999597,0.3413891408023885
5.675999999999597,0.34099671832194245
5.677999999999597,0.3406048281682993
5.6799999999995965,0.3402134695659616
5.681999999999596,0.3398226417721384
5.683999999999596,0.33943234404392875
5.685999999999596,0.3390425755813312
5.687999999999596,0.33865333561656374
5.689999999999595,0.3382646233787644
5.691999999999595,0.3378764380460014
5.693999999999595,0.33748877883267064
5.695999999999595,0.33710164491407857
5.6979999999995945,0.3367150355009465
5.699999999999594,0.33632894981588624
5.701999999999594,0.3359433870397639
5.703999999999594,0.33555834638215754
5.705999999999594,0.33517382706578114
5.707999999999593,0.33478982826849735
5.709999999999593,0.33440634920621953
5.711999999999593,0.3340233890574483
5.713999999999593,0.3336409470810714
5.7159999999995925,0.33325902243136796
5.717999999999592,0.3328776143578672
5.719999999999592,0.3324967220544851
5.721999999999592,0.33211634470675055
5.723999999999592,0.3317364815683384
5.725999999999591,0.3313571318479426
5.727999999999591,0.3309782947299801
5.729999999999591,0.3305999694726364
5.731999999999591,0.3302221552891825
5.7339999999995905,0.32984485136597796
5.73599999999959,0.3294680569291422
5.73799999999959,0.32909177121608946
5.73999999999959,0.328715993471901
5.74199999999959,0.32834072289794686
5.743999999999589,0.3279659587273497
5.745999999999589,0.3275917001658515
5.747999999999589,0.3272179464464848
5.749999999999589,0.3268446968168274
5.7519999999995886,0.32647195052359146
5.753999999999588,0.32609970677784683
5.755999999999588,0.32572796478803856
5.757999999999588,0.3253567238237874
5.759999999999588,0.32498598311230126
5.7619999999995875,0.32461574189570325
5.763999999999587,0.3242459993940028
5.765999999999587,0.32387675485471684
5.767999999999587,0.3235080075260294
5.769999999999587,0.323139756667274
5.771999999999586,0.32277200150413066
5.773999999999586,0.322404741253295
5.775999999999586,0.3220379751921465
5.777999999999586,0.32167170255958677
5.7799999999995855,0.3213059226120265
5.781999999999585,0.32094063457945626
5.783999999999585,0.32057583774553355
5.785999999999585,0.3202115313239686
5.787999999999585,0.3198477145902673
5.789999999999584,0.3194843867936886
5.791999999999584,0.3191215471906357
5.793999999999584,0.3187591950473471
5.795999999999584,0.3183973296072932
5.7979999999995835,0.31803595013037433
5.799999999999583,0.3176750558852891
5.801999999999583,0.31731464612138804
5.803999999999583,0.3169547201019907
5.805999999999583,0.3165952770984009
5.807999999999582,0.31623631636591065
5.809999999999582,0.3158778371730422
5.811999999999582,0.3155198387952867
5.813999999999582,0.3151623205079
5.8159999999995815,0.3148052815672966
5.817999999999581,0.3144487212455026
5.819999999999581,0.3140926388198684
5.821999999999581,0.31373703355158866
5.823999999999581,0.313381904717029
5.82599999999958,0.31302725159646616
5.82799999999958,0.3126730734559051
5.82999999999958,0.3123193695755514
5.83199999999958,0.31196613924268896
5.8339999999995795,0.3116133817400619
5.835999999999579,0.3112610963408007
5.837999999999579,0.31090928232818515
5.839999999999579,0.31055793898960854
5.841999999999579,0.3102070655993081
5.843999999999578,0.30985666146041424
5.845999999999578,0.30950672583574756
5.847999999999578,0.30915725802602845
5.849999999999578,0.30880825731460937
5.8519999999995775,0.3084597229936905
5.853999999999577,0.3081116543587883
5.855999999999577,0.30776405070610807
5.857999999999577,0.3074169113212225
5.859999999999577,0.30707023549826484
5.861999999999576,0.30672402252322717
5.863999999999576,0.30637827170610754
5.865999999999576,0.30603298233978715
5.867999999999576,0.3056881537265472
5.869999999999576,0.3053437851572394
5.871999999999575,0.3049998759441179
5.873999999999575,0.30465642538353055
5.875999999999575,0.3043134327724544
5.877999999999575,0.30397089742415817
5.8799999999995745,0.3036288186408564
5.881999999999574,0.3032871957302623
5.883999999999574,0.30294602800314074
5.885999999999574,0.30260531476890995
5.887999999999574,0.3022650553310025
5.889999999999573,0.30192524900032425
5.891999999999573,0.301585895083402
5.893999999999573,0.30124699290491486
5.895999999999573,0.3009085417732892
5.8979999999995725,0.3005705410039792
5.899999999999572,0.3002329899168166
5.901999999999572,0.29989588782375265
5.903999999999572,0.2995592340445299
5.905999999999572,0.2992230278994573
5.907999999999571,0.2988872687132976
5.909999999999571,0.29855195580714106
5.911999999999571,0.29821708850016315
5.913999999999571,0.2978826661145473
5.9159999999995705,0.29754868797808043
5.91799999999957,0.29721515341450455
5.91999999999957,0.2968820617511132
5.92199999999957,0.2965494123161816
5.92399999999957,0.29621720444038613
5.925999999999569,0.2958854374555582
5.927999999999569,0.2955541106886374
5.929999999999569,0.295223223474646
5.931999999999569,0.29489277514747875
5.9339999999995685,0.2945627650415713
5.935999999999568,0.29423319249073177
5.937999999999568,0.29390405683222215
5.939999999999568,0.2935753574033505
5.941999999999568,0.2932470935450274
5.943999999999567,0.2929192645958505
5.945999999999567,0.2925918698965455
5.947999999999567,0.2922649087887857
5.949999999999567,0.2919383806168886
5.9519999999995665,0.29161228472386835
5.953999999999566,0.2912866204547913
5.955999999999566,0.29096138715455466
5.957999999999566,0.2906365841713262
5.959999999999566,0.29031221085285763
5.961999999999565,0.289988266550829
5.963999999999565,0.28966475061439284
5.965999999999565,0.28934166239424
5.967999999999565,0.28901900124302515
5.9699999999995645,0.28869676651478765
5.971999999999564,0.2883749575634389
5.973999999999564,0.2880535737443582
5.975999999999564,0.28773261441521913
5.977999999999564,0.2874120789328927
5.979999999999563,0.287091966655667
5.981999999999563,0.2867722769436696
5.983999999999563,0.2864530091591905
5.985999999999563,0.2861341626630768
5.987999999999563,0.2858157368174231
5.989999999999562,0.28549773098535824
5.991999999999562,0.28518014453318397
5.993999999999562,0.28486297682340644
5.995999999999562,0.28454622722519113
5.9979999999995615,0.28422989510752883
5.999999999999561,0.2839139798429766
6.001999999999561,0.28359848079703215
6.003999999999561,0.28328339734187247
6.005999999999561,0.28296872884981444
6.00799999999956,0.2826544746916473
6.00999999999956,0.2823406342409319
6.01199999999956,0.28202720687856675
6.01399999999956,0.28171419197434655
6.0159999999995595,0.28140158890826944
6.017999999999559,0.2810893970586167
6.019999999999559,0.28077761580389826
6.021999999999559,0.28046624452213287
6.023999999999559,0.28015528260050704
6.025999999999558,0.2798447294211053
6.027999999999558,0.2795345843656201
6.029999999999558,0.27922484681642235
6.031999999999558,0.27891551615618154
6.0339999999995575,0.2786065917700725
6.035999999999557,0.27829807305188614
6.037999999999557,0.27798995939054955
6.039999999999557,0.2776822501728231
6.041999999999557,0.27737494478720404
6.043999999999556,0.27706804262315915
6.045999999999556,0.27676154307187917
6.047999999999556,0.2764554455335257
6.049999999999556,0.27614974940322456
6.0519999999995555,0.27584445407355507
6.053999999999555,0.27553955893990767
6.055999999999555,0.27523506339642406
6.057999999999555,0.2749309668396249
6.059999999999555,0.2746272686767378
6.061999999999554,0.2743239682991443
6.063999999999554,0.27402106511379654
6.065999999999554,0.27371855852340166
6.067999999999554,0.27341644793988923
6.0699999999995535,0.27311473275811593
6.071999999999553,0.2728134123773449
6.073999999999553,0.2725124862122521
6.075999999999553,0.2722119536693135
6.077999999999553,0.2719118141561801
6.079999999999552,0.27161206707884955
6.081999999999552,0.2713127118453724
6.083999999999552,0.27101374786494836
6.085999999999552,0.2707151745599154
6.0879999999995515,0.27041699134377195
6.089999999999551,0.2701191976166856
6.091999999999551,0.26982179280017404
6.093999999999551,0.2695247763113847
6.095999999999551,0.2692281475771978
6.0979999999995504,0.2689319060041594
6.09999999999955,0.2686360510180396
6.10199999999955,0.2683405820253184
6.10399999999955,0.2680454984547818
6.10599999999955,0.2677507997292967
6.107999999999549,0.2674564852701977
6.109999999999549,0.26716255449895454
6.111999999999549,0.2668690068371472
6.113999999999549,0.2665758417217373
6.1159999999995485,0.2662830585674377
6.117999999999548,0.265990656810315
6.119999999999548,0.2656986358786418
6.121999999999548,0.2654069952002019
6.123999999999548,0.2651157342031082
6.125999999999547,0.2648248523157245
6.127999999999547,0.26453434896800304
6.129999999999547,0.2642442236055158
6.131999999999547,0.26395447564964397
6.1339999999995465,0.2636651045444083
6.135999999999546,0.2633761097264109
6.137999999999546,0.263087490631179
6.139999999999546,0.2627992466934314
6.141999999999546,0.2625113773494214
6.143999999999545,0.2622238820368349
6.145999999999545,0.26193676020909107
6.147999999999545,0.2616500112954836
6.149999999999545,0.2613636347470707
6.1519999999995445,0.26107762999305656
6.153999999999544,0.2607919964884043
6.155999999999544,0.2605067336797128
6.157999999999544,0.2602218410121779
6.159999999999544,0.2599373179308655
6.161999999999543,0.2596531638814723
6.163999999999543,0.2593693783268157
6.165999999999543,0.25908596070243206
6.167999999999543,0.2588029104694024
6.1699999999995425,0.2585202270642373
6.171999999999542,0.2582379099499666
6.173999999999542,0.25795595858219766
6.175999999999542,0.2576743724138975
6.177999999999542,0.25739315089829007
6.179999999999541,0.25711229348865955
6.181999999999541,0.25683179964052616
6.183999999999541,0.25655166881124647
6.185999999999541,0.25627190047442655
6.1879999999995405,0.2559924940763594
6.18999999999954,0.2557134490885882
6.19199999999954,0.25543476497450673
6.19399999999954,0.25515644117720093
6.19599999999954,0.2548784771708876
6.197999999999539,0.25460087242278684
6.199999999999539,0.25432362639708883
6.201999999999539,0.25404673855826415
6.203999999999539,0.2537702083713384
6.2059999999995386,0.2534940353202896
6.207999999999538,0.25321821885870455
6.209999999999538,0.25294275845020475
6.211999999999538,0.2526676535802573
6.213999999999538,0.2523929037236483
6.2159999999995375,0.25211850833338373
6.217999999999537,0.25184446689394135
6.219999999999537,0.25157077888222223
6.221999999999537,0.25129744377204916
6.223999999999537,0.2510244610372965
6.225999999999536,0.2507518301531041
6.227999999999536,0.2504795505949917
6.229999999999536,0.25020762184019685
6.231999999999536,0.24993604336771655
6.2339999999995355,0.2496648146571358
6.235999999999535,0.2493939352072099
6.237999999999535,0.24912340448519105
6.239999999999535,0.24885322198594895
6.241999999999535,0.24858338717730888
6.243999999999534,0.24831389955629685
6.245999999999534,0.24804475859265304
6.247999999999534,0.24777596378626437
6.249999999999534,0.24750751462772608
6.2519999999995335,0.2472394106041141
6.253999999999533,0.24697165120224673
6.255999999999533,0.24670423591010077
6.257999999999533,0.2464371642163656
6.259999999999533,0.24617043561055718
6.261999999999532,0.24590404958426193
6.263999999999532,0.24563800563037363
6.265999999999532,0.24537230326143356
6.267999999999532,0.24510694195634944
6.2699999999995315,0.24484192120465487
6.271999999999531,0.24457724052075797
6.273999999999531,0.24431289938675688
6.275999999999531,0.24404889729547902
6.277999999999531,0.24378523376396435
6.27999999999953,0.24352190829695675
6.28199999999953,0.243258920375274
6.28399999999953,0.24299626951314274
6.28599999999953,0.242733955215862
6.2879999999995295,0.24247197696712336
6.289999999999529,0.24221037360655012
6.291999999999529,0.24194912515010603
6.293999999999529,0.24168822023373018
6.295999999999529,0.2414276530511345
6.297999999999528,0.24116742058012197
6.299999999999528,0.24090752122152806
6.301999999999528,0.24064795408957795
6.303999999999528,0.24038871857593366
6.3059999999995275,0.24012981422224122
6.307999999999527,0.23987124058126882
6.309999999999527,0.23961299724285168
6.311999999999527,0.23935508375776657
6.313999999999527,0.23909749969687627
6.315999999999526,0.23884024459063705
6.317999999999526,0.23858331799026633
6.319999999999526,0.2383267194309246
6.321999999999526,0.238070448419438
6.323999999999526,0.2378145044944155
6.325999999999525,0.23755888718262055
6.327999999999525,0.2373035960064292
6.329999999999525,0.23704863046734703
6.331999999999525,0.23679399010203583
6.3339999999995245,0.2365396744377298
6.335999999999524,0.23628568299867336
6.337999999999524,0.23603201530824014
6.339999999999524,0.23577867087030152
6.341999999999524,0.23552564922533128
6.343999999999523,0.23527294990548103
6.345999999999523,0.2350205724383298
6.347999999999523,0.23476851635135343
6.349999999999523,0.23451678117249233
6.3519999999995225,0.2342653664297913
6.353999999999522,0.23401427165317823
6.355999999999522,0.2337634963729051
6.357999999999522,0.23351304012057544
6.359999999999522,0.23326290242878714
6.361999999999521,0.23301308283036587
6.363999999999521,0.23276358084059842
6.365999999999521,0.23251439601043067
6.367999999999521,0.23226552798274194
6.3699999999995205,0.2320169762110018
6.37199999999952,0.23176874019973917
6.37399999999952,0.23152081947843772
6.37599999999952,0.2312732135865162
6.37799999999952,0.23102592206753791
6.379999999999519,0.23077894446590652
6.381999999999519,0.23053228032708864
6.383999999999519,0.23028592919553204
6.385999999999519,0.23003989061585478
6.3879999999995185,0.22979416413326298
6.389999999999518,0.22954874929297842
6.391999999999518,0.2293036456406153
6.393999999999518,0.22905885272201193
6.395999999999518,0.22881437008761019
6.397999999999517,0.22857019727895755
6.399999999999517,0.2283263338455177
6.401999999999517,0.22808277933736906
6.403999999999517,0.22783953328464657
6.4059999999995165,0.2275965952547523
6.407999999999516,0.22735396480457098
6.409999999999516,0.22711164148736807
6.411999999999516,0.22686962485494475
6.413999999999516,0.2266279144408061
6.415999999999515,0.226386509814266
6.417999999999515,0.22614541053558768
6.419999999999515,0.2259046161613969
6.421999999999515,0.22566412622789891
6.4239999999995145,0.22542394030702712
6.425999999999514,0.22518405796139634
6.427999999999514,0.22494447873126452
6.429999999999514,0.22470520219086854
6.431999999999514,0.2244662279049371
6.433999999999513,0.22422755541559253
6.435999999999513,0.22398918429844916
6.437999999999513,0.22375111410151688
6.439999999999513,0.22351334440382523
6.441999999999513,0.2232758747543771
6.443999999999512,0.22303870471417198
6.445999999999512,0.22280183386892866
6.447999999999512,0.2225652617711022
6.449999999999512,0.22232898798349032
6.4519999999995115,0.22209301209243454
6.453999999999511,0.22185733365145807
6.455999999999511,0.22162195222604641
6.457999999999511,0.22138686738522595
6.459999999999511,0.2211520787007354
6.46199999999951,0.22091758574476025
6.46399999999951,0.22068338809026694
6.46599999999951,0.22044948531034725
6.46799999999951,0.22021587697895534
6.4699999999995095,0.2199825626707226
6.471999999999509,0.21974954195987467
6.473999999999509,0.21951681442162108
6.475999999999509,0.21928437963160133
6.477999999999509,0.21905223714783334
6.479999999999508,0.21882038509924068
6.481999999999508,0.21858882584470746
6.483999999999508,0.2183575581078082
6.485999999999508,0.21812658111303568
6.4879999999995075,0.21789589428173753
6.489999999999507,0.21766549716817457
6.491999999999507,0.2174353893420161
6.493999999999507,0.21720557039692462
6.495999999999507,0.21697603995223244
6.497999999999506,0.2167467975937174
6.499999999999506,0.2165178429139089
6.501999999999506,0.2162891755060527
6.503999999999506,0.2160607949627238
6.5059999999995055,0.21583270087493886
6.507999999999505,0.21560489283410514
6.509999999999505,0.21537737043039318
6.511999999999505,0.21515013325383597
6.513999999999505,0.21492318087713994
6.515999999999504,0.21469651290463998
6.517999999999504,0.21447012780644498
6.519999999999504,0.21424402616474972
6.521999999999504,0.21401820901349572
6.5239999999995035,0.2137926750559044
6.525999999999503,0.21356742350635366
6.527999999999503,0.21334245384030084
6.529999999999503,0.21311776560774714
6.531999999999503,0.2128933584101499
6.533999999999502,0.21266923186639972
6.535999999999502,0.2124453855964814
6.537999999999502,0.2122218192174545
6.539999999999502,0.21199853234161964
6.5419999999995015,0.21177552457848367
6.543999999999501,0.2115527955165667
6.545999999999501,0.21133034477409612
6.547999999999501,0.21110817194354653
6.549999999999501,0.2108862766431167
6.5519999999995004,0.21066465846369098
6.5539999999995,0.21044331702169533
6.5559999999995,0.21022225190938915
6.5579999999995,0.21000146272724335
6.5599999999995,0.20978094907972378
6.561999999999499,0.20956071057475906
6.563999999999499,0.20934074681942755
6.565999999999499,0.2091210574215081
6.567999999999499,0.20890164198946906
6.5699999999994985,0.20868250011438355
6.571999999999498,0.20846363141919064
6.573999999999498,0.20824503550132226
6.575999999999498,0.20802671198561373
6.577999999999498,0.20780866046970237
6.579999999999497,0.20759088056335473
6.581999999999497,0.20737337187902632
6.583999999999497,0.20715613403094285
6.585999999999497,0.20693916663317335
6.5879999999994965,0.20672246930134192
6.589999999999496,0.20650604164943442
6.591999999999496,0.206289883277911
6.593999999999496,0.20607399381541283
6.595999999999496,0.2058583728666684
6.597999999999495,0.20564302006280685
6.599999999999495,0.20542793500917467
6.601999999999495,0.2052131173220323
6.603999999999495,0.20499856662192237
6.6059999999994945,0.20478428252901743
6.607999999999494,0.20457026466396724
6.609999999999494,0.20435651264912796
6.611999999999494,0.20414302610524468
6.613999999999494,0.20392980464133847
6.615999999999493,0.20371684789119998
6.617999999999493,0.20350415546773937
6.619999999999493,0.20329172699272383
6.621999999999493,0.2030795620922407
6.6239999999994925,0.20286766039375398
6.625999999999492,0.20265602152414247
6.627999999999492,0.20244464511054677
6.629999999999492,0.20223353078026612
6.631999999999492,0.20202267814805228
6.633999999999491,0.201812086852107
6.635999999999491,0.2016017565121714
6.637999999999491,0.20139168675567354
6.639999999999491,0.20118187722699285
6.6419999999994905,0.2009723275481638
6.64399999999949,0.20076303733304107
6.64599999999949,0.20055400622471875
6.64799999999949,0.20034523386081401
6.64999999999949,0.20013671986319798
6.651999999999489,0.19992846387555285
6.653999999999489,0.19972046552297823
6.655999999999489,0.19951272443815735
6.657999999999489,0.19930524025780405
6.6599999999994886,0.1990980126182898
6.661999999999488,0.19889104115821027
6.663999999999488,0.19868432551472248
6.665999999999488,0.19847786532535278
6.667999999999488,0.19827166021698503
6.6699999999994874,0.1980657098255919
6.671999999999487,0.19786001380416324
6.673999999999487,0.19765457178582146
6.675999999999487,0.19744938340818044
6.677999999999487,0.197244448301311
6.679999999999486,0.1970397661176783
6.681999999999486,0.19683533650431573
6.683999999999486,0.19663115909334547
6.685999999999486,0.19642723352690256
6.6879999999994855,0.19622355946118383
6.689999999999485,0.19602013653261058
6.691999999999485,0.1958169643738595
6.693999999999485,0.19561404263929377
6.695999999999485,0.19541137098001543
6.697999999999484,0.19520894903245453
6.699999999999484,0.19500677645410208
6.701999999999484,0.19480485288496147
6.703999999999484,0.19460317797258103
6.7059999999994835,0.19440175136618046
6.707999999999483,0.19420057271661756
6.709999999999483,0.1939996416649039
6.711999999999483,0.19379895787052603
6.713999999999483,0.19359852097876412
6.715999999999482,0.1933983306403983
6.717999999999482,0.19319838651858376
6.719999999999482,0.19299868825061134
6.721999999999482,0.1927992354958509
6.7239999999994815,0.19260002791079261
6.725999999999481,0.19240106514263344
6.727999999999481,0.19220234685313736
6.729999999999481,0.19200387269288405
6.731999999999481,0.1918056423170151
6.73399999999948,0.19160765538289576
6.73599999999948,0.19140991154823372
6.73799999999948,0.19121241046389503
6.73999999999948,0.19101515179620526
6.7419999999994795,0.19081813519862623
6.743999999999479,0.19062136032978105
6.745999999999479,0.19042482685098588
6.747999999999479,0.19022853442350704
6.749999999999479,0.19003248270927986
6.751999999999478,0.18983667136290494
6.753999999999478,0.18964110004619616
6.755999999999478,0.18944576842912547
6.757999999999478,0.18925067617107139
6.7599999999994775,0.1890558229353957
6.761999999999477,0.18886120837986306
6.763999999999477,0.18866683217506158
6.765999999999477,0.18847269398307637
6.767999999999477,0.1882787934690415
6.769999999999476,0.18808513029966356
6.771999999999476,0.18789170414402462
6.773999999999476,0.1876985146699007
6.775999999999476,0.187505561545807
6.7779999999994756,0.18731284443413085
6.779999999999475,0.18712036300339185
6.781999999999475,0.18692811692455025
6.783999999999475,0.18673610586816547
6.785999999999475,0.18654432950596234
6.7879999999994745,0.18635278750884668
6.789999999999474,0.186161479544391
6.791999999999474,0.18597040528370914
6.793999999999474,0.1857795643997559
6.795999999999474,0.18558895656760382
6.797999999999473,0.1853985814612826
6.799999999999473,0.1852084387509576
6.801999999999473,0.18501852811552844
6.803999999999473,0.18482884922736265
6.8059999999994725,0.18463940176150698
6.807999999999472,0.184450185394532
6.809999999999472,0.18426119980068453
6.811999999999472,0.1840724446600909
6.813999999999472,0.18388391964828366
6.815999999999471,0.1836956244436793
6.817999999999471,0.18350755872518468
6.819999999999471,0.18331972217292006
6.821999999999471,0.1831321144633228
6.8239999999994705,0.18294473527988275
6.82599999999947,0.1827575843013317
6.82799999999947,0.18257066120891352
6.82999999999947,0.18238396568445722
6.83199999999947,0.18219749740784125
6.833999999999469,0.1820112560643774
6.835999999999469,0.1818252413361283
6.837999999999469,0.18163945290740896
6.839999999999469,0.18145389046132107
6.8419999999994685,0.18126855368280406
6.843999999999468,0.1810834422573406
6.845999999999468,0.18089855586920908
6.847999999999468,0.1807138942055564
6.849999999999468,0.18052945695260808
6.851999999999467,0.18034524379742936
6.853999999999467,0.180161253714111
6.855999999999467,0.17997748713845071
6.857999999999467,0.1797939444612697
6.8599999999994665,0.17961062486896995
6.861999999999466,0.17942752784072122
6.863999999999466,0.17924465299138126
6.865999999999466,0.17906199999659472
6.867999999999466,0.1788795685543258
6.869999999999465,0.17869738292359066
6.871999999999465,0.17851543865362213
6.873999999999465,0.17833372442827033
6.875999999999465,0.1781522344998822
6.8779999999994645,0.17797096598117082
6.879999999999464,0.17778991742278333
6.881999999999464,0.17760908807643952
6.883999999999464,0.17742847750945762
6.885999999999464,0.1772480854149745
6.887999999999463,0.17706791153226323
6.889999999999463,0.17688795560453707
6.891999999999463,0.17670821737177345
6.893999999999463,0.17652869656398862
6.895999999999463,0.17634939290443724
6.897999999999462,0.1761703061031934
6.899999999999462,0.17599143587111
6.901999999999462,0.1758127819135749
6.903999999999462,0.17563434393379057
6.9059999999994615,0.1754561216335208
6.907999999999461,0.1752781147187829
6.909999999999461,0.17510032289097613
6.911999999999461,0.1749227458514055
6.913999999999461,0.17474538330124556
6.91599999999946,0.17456823494589532
6.91799999999946,0.1743913004843236
6.91999999999946,0.1742145796231894
6.92199999999946,0.17403807206554167
6.9239999999994595,0.1738617775206771
6.925999999999459,0.17368569568838754
6.927999999999459,0.17350982627637232
6.929999999999459,0.17333416899021292
6.931999999999459,0.17315872353429984
6.933999999999458,0.17298348962128537
6.935999999999458,0.17280846695123736
6.937999999999458,0.17263365436321948
6.939999999999458,0.1724590532315573
6.9419999999994575,0.17228466275443485
6.943999999999457,0.17211048240947557
6.945999999999457,0.17193651182546846
6.947999999999457,0.17176275068884322
6.949999999999457,0.17158919871092113
6.951999999999456,0.17141585561806016
6.953999999999456,0.17124272112464306
6.955999999999456,0.17106979495605232
6.957999999999456,0.1708970768394093
6.9599999999994555,0.17072456648376125
6.961999999999455,0.17055226360931997
6.963999999999455,0.1703801679209337
6.965999999999455,0.17020827914846934
6.967999999999455,0.17003659700014978
6.969999999999454,0.1698651211869334
6.971999999999454,0.16969385143147603
6.973999999999454,0.16952278744920604
6.975999999999454,0.16935192895410606
6.9779999999994535,0.16918127567020416
6.979999999999453,0.16901082731453326
6.981999999999453,0.16884058360012386
6.983999999999453,0.16867054424294647
6.985999999999453,0.1685007089578224
6.987999999999452,0.16833107747103535
6.989999999999452,0.16816164950288426
6.991999999999452,0.16799242476995904
6.993999999999452,0.16782340300021953
6.9959999999994515,0.16765458390195478
6.997999999999451,0.16748596720132997
6.999999999999451,0.16731755261964926
7.001999999999451,0.16714933988893682
7.003999999999451,0.1669813287857638
7.0059999999994504,0.16681351893458543
7.00799999999945,0.16664591007669113
7.00999999999945,0.16647850195339253
7.01199999999945,0.1663112942799751
7.01399999999945,0.16614428678920148
7.015999999999449,0.16597747920591216
7.017999999999449,0.1658108712666201
7.019999999999449,0.1656444626817871
7.021999999999449,0.16547825318456577
7.0239999999994485,0.165312242499872
7.025999999999448,0.1651464303659299
7.027999999999448,0.1649808164946031
7.029999999999448,0.16481540061983796
7.031999999999448,0.1646501824698898
7.033999999999447,0.16448516178478545
7.035999999999447,0.16432033827504744
7.037999999999447,0.16415571167902004
7.039999999999447,0.16399128172554372
7.0419999999994465,0.16382704815672897
7.043999999999446,0.16366301068508243
7.045999999999446,0.16349916904996267
7.047999999999446,0.16333552299855975
7.049999999999446,0.16317207224420507
7.051999999999445,0.1630088165273032
7.053999999999445,0.16284575557748077
7.055999999999445,0.1626828891233963
7.057999999999445,0.16252021691158597
7.0599999999994445,0.16235773865645192
7.061999999999444,0.1621954541023691
7.063999999999444,0.16203336300078686
7.065999999999444,0.1618714650674114
7.067999999999444,0.16170976004685708
7.069999999999443,0.16154824767192144
7.071999999999443,0.16138692767437646
7.073999999999443,0.1612257998056504
7.075999999999443,0.1610648638010785
7.0779999999994425,0.1609041193911967
7.079999999999442,0.16074356632753742
7.081999999999442,0.16058320432634426
7.083999999999442,0.16042303313594183
7.085999999999442,0.16026305249384212
7.087999999999441,0.16010326215542725
7.089999999999441,0.1599436618584674
7.091999999999441,0.15978425133674412
7.093999999999441,0.15962503032306946
7.0959999999994405,0.1594659985730415
7.09799999999944,0.15930715582590624
7.09999999999944,0.15914850181784068
7.10199999999944,0.15899003628383804
7.10399999999944,0.15883175898233215
7.105999999999439,0.15867366965470883
7.107999999999439,0.1585157680382226
7.109999999999439,0.15835805389283658
7.111999999999439,0.15820052695995485
7.1139999999994386,0.15804318697587516
7.115999999999438,0.15788603367698673
7.117999999999438,0.15772906682527824
7.119999999999438,0.15757228616539543
7.121999999999438,0.15741569143561915
7.1239999999994374,0.1572592823751313
7.125999999999437,0.1571030587484202
7.127999999999437,0.15694702030119378
7.129999999999437,0.1567911667993402
7.131999999999437,0.15663549796103438
7.133999999999436,0.1564800135460047
7.135999999999436,0.1563247133254334
7.137999999999436,0.1561695970209051
7.139999999999436,0.1560146643920547
7.1419999999994355,0.15585991518578657
7.143999999999435,0.15570534914410275
7.145999999999435,0.15555096603603547
7.147999999999435,0.15539676561165355
7.149999999999435,0.1552427476126136
7.151999999999434,0.15508891180957712
7.153999999999434,0.1549352579508634
7.155999999999434,0.1547817857794651
7.157999999999434,0.15462849503766446
7.1599999999994335,0.15447538549838244
7.161999999999433,0.15432245691300123
7.163999999999433,0.1541697090273842
7.165999999999433,0.15401714161506924
7.167999999999433,0.1538647544271284
7.169999999999432,0.1537125472090963
7.171999999999432,0.15356051970511486
7.173999999999432,0.15340867169200378
7.175999999999432,0.1532570029238882
7.1779999999994315,0.15310551317894067
7.179999999999431,0.15295420217860148
7.181999999999431,0.15280306969244994
7.183999999999431,0.15265211550608798
7.185999999999431,0.15250133934220514
7.18799999999943,0.15235074097277945
7.18999999999943,0.15220032015219798
7.19199999999943,0.15205007666138476
7.19399999999943,0.1519000102248679
7.1959999999994295,0.15175012064814905
7.197999999999429,0.15160040766244975
7.199999999999429,0.15145087104153046
7.201999999999429,0.15130151054166027
7.203999999999429,0.1511523259122088
7.205999999999428,0.1510033169371987
7.207999999999428,0.1508544833744514
7.209999999999428,0.1507058249753235
7.211999999999428,0.1505573414904397
7.2139999999994275,0.1504090327067883
7.215999999999427,0.1502608984195004
7.217999999999427,0.15011293835202327
7.219999999999427,0.14996515228290724
7.221999999999427,0.14981753996950278
7.223999999999426,0.1496701011647511
7.225999999999426,0.14952283565791516
7.227999999999426,0.1493757432112629
7.229999999999426,0.1492288236140674
7.2319999999994256,0.14908207658917327
7.233999999999425,0.1489355019184287
7.235999999999425,0.14878909940106544
7.237999999999425,0.14864286876248706
7.239999999999425,0.14849680978482346
7.2419999999994245,0.14835092223173268
7.243999999999424,0.14820520589772151
7.245999999999424,0.14805966054584913
7.247999999999424,0.1479142859302765
7.249999999999424,0.14776908184350454
7.251999999999423,0.14762404804954793
7.253999999999423,0.14747918430232027
7.255999999999423,0.14733449035773424
7.257999999999423,0.14718996601276424
7.2599999999994225,0.14704561103551245
7.261999999999422,0.14690142522437794
7.263999999999422,0.14675740834363427
7.265999999999422,0.14661356014934
7.267999999999422,0.14646988039645958
7.269999999999421,0.1463263688843659
7.271999999999421,0.14618302538170858
7.273999999999421,0.14603984964866745
7.275999999999421,0.14589684148569793
7.2779999999994205,0.14575400066127506
7.27999999999942,0.14561132697699175
7.28199999999942,0.14546882019795881
7.28399999999942,0.14532648008091792
7.28599999999942,0.14518430638183433
7.287999999999419,0.14504229890369558
7.289999999999419,0.1449004574177335
7.291999999999419,0.14475878168691664
7.293999999999419,0.14461727151566425
7.2959999999994185,0.1444759266757651
7.297999999999418,0.14433474692877615
7.299999999999418,0.14419373207958017
7.301999999999418,0.14405288189947857
7.303999999999418,0.14391219619464057
7.305999999999417,0.14377167468950297
7.307999999999417,0.1436313171801049
7.309999999999417,0.14349112348414444
7.311999999999417,0.1433510933761004
7.3139999999994165,0.1432112266154253
7.315999999999416,0.14307152296134643
7.317999999999416,0.1429319822234309
7.319999999999416,0.1427926041764411
7.321999999999416,0.14265338863343335
7.323999999999415,0.14251433531988256
7.325999999999415,0.14237544403661734
7.327999999999415,0.1422367146065514
7.329999999999415,0.14209814680582888
7.3319999999994145,0.14195974039739917
7.333999999999414,0.14182149514260095
7.335999999999414,0.1416834108551028
7.337999999999414,0.1415454873132918
7.339999999999414,0.14140772433426144
7.341999999999413,0.14127012169199155
7.343999999999413,0.14113267914930286
7.345999999999413,0.14099539651946996
7.347999999999413,0.14085827357774447
7.349999999999413,0.14072131008869887
7.351999999999412,0.140584505868212
7.353999999999412,0.14044786064397144
7.355999999999412,0.14031137427706142
7.357999999999412,0.14017504650666363
7.3599999999994115,0.14003887719430247
7.361999999999411,0.13990286607608723
7.363999999999411,0.13976701295751603
7.365999999999411,0.13963131761346848
7.367999999999411,0.13949577981232122
7.36999999999941,0.13936039937504607
7.37199999999941,0.13922517608386561
7.37399999999941,0.1390901097609506
7.37599999999941,0.1389552001325437
7.3779999999994095,0.1388204470626194
7.379999999999409,0.1386858502883912
7.381999999999409,0.13855140962184298
7.383999999999409,0.1384171248442924
7.385999999999409,0.1382829957815388
7.387999999999408,0.13814902221401854
7.389999999999408,0.13801520391020194
7.391999999999408,0.13788154069355107
7.393999999999408,0.13774803234633767
7.3959999999994075,0.13761467869481847
7.397999999999407,0.1374814794623361
7.399999999999407,0.13734843446198075
7.401999999999407,0.13721554353629287
7.403999999999407,0.13708280647100984
7.405999999999406,0.13695022303537485
7.407999999999406,0.1368177930546479
7.409999999999406,0.1366855163114452
7.411999999999406,0.13655339257608792
7.4139999999994055,0.13642142167734717
7.415999999999405,0.1362896034012731
7.417999999999405,0.13615793751963748
7.419999999999405,0.1360264238645626
7.421999999999405,0.13589506222367553
7.423999999999404,0.13576385242983674
7.425999999999404,0.13563279426657826
7.427999999999404,0.135501887503885
7.429999999999404,0.13537113191121447
7.4319999999994035,0.13524052732530886
7.433999999999403,0.13511007359870553
7.435999999999403,0.13497977051902935
7.437999999999403,0.1348496178542673
7.439999999999403,0.13471961537202592
7.441999999999402,0.13458976290775593
7.443999999999402,0.13446006025219998
7.445999999999402,0.13433050724424575
7.447999999999402,0.13420112303361154
7.4499999999994015,0.13407190363095914
7.451999999999401,0.13394284044292265
7.453999999999401,0.13381392902858086
7.455999999999401,0.13368516730044627
7.457999999999401,0.13355655412066536
7.4599999999994,0.1334280889745162
7.4619999999994,0.13329977155337708
7.4639999999994,0.13317160169936326
7.4659999999994,0.13304357923440974
7.4679999999994,0.13291570397205743
7.469999999999399,0.13278797578603935
7.471999999999399,0.13266039449318612
7.473999999999399,0.13253295995414832
7.475999999999399,0.1324056719694871
7.4779999999993985,0.1322785303222767
7.479999999999398,0.13215153485743703
7.481999999999398,0.1320246853694482
7.483999999999398,0.1318979817042984
7.485999999999398,0.13177142358581842
7.487999999999397,0.13164501091116254
7.489999999999397,0.13151874342053183
7.491999999999397,0.13139262094722298
7.493999999999397,0.13126664335111812
7.4959999999993965,0.13114081035936287
7.497999999999396,0.13101512186914002
7.499999999999396,0.13088957761871373
7.501999999999396,0.130764176943356
7.503999999999396,0.13063891964164293
7.505999999999395,0.1305138061040368
7.507999999999395,0.1303888363662782
7.509999999999395,0.13026401030330487
7.511999999999395,0.13013932765555658
7.5139999999993945,0.13001478813195255
7.515999999999394,0.12989039151837792
7.517999999999394,0.1297661375623423
7.519999999999394,0.12964202601066
7.521999999999394,0.1295180566925431
7.523999999999393,0.12939422946253878
7.525999999999393,0.12927054403422183
7.527999999999393,0.12914700023369563
7.529999999999393,0.12902359792342394
7.5319999999993925,0.12890033682691465
7.533999999999392,0.12877721685246368
7.535999999999392,0.12865423773732385
7.537999999999392,0.1285313993222419
7.539999999999392,0.1284087014728673
7.541999999999391,0.1282861439873512
7.543999999999391,0.1281637266420198
7.545999999999391,0.12804144921312685
7.547999999999391,0.12791931155790587
7.5499999999993905,0.1277973135541164
7.55199999999939,0.12767545500114375
7.55399999999939,0.12755373567666836
7.55599999999939,0.12743215543053626
7.55799999999939,0.12731071405837432
7.559999999999389,0.12718941134070494
7.561999999999389,0.12706824713605105
7.563999999999389,0.12694722124584895
7.565999999999389,0.12682633353108141
7.5679999999993885,0.12670558379096242
7.569999999999388,0.1265849718062043
7.571999999999388,0.12646449743447988
7.573999999999388,0.12634416047802183
7.575999999999388,0.12622396079944717
7.5779999999993874,0.1261038981970164
7.579999999999387,0.1259839725294871
7.581999999999387,0.12586418351234338
7.583999999999387,0.12574453106834962
7.585999999999387,0.1256250150140949
7.587999999999386,0.12550563513164414
7.589999999999386,0.1253863911982921
7.591999999999386,0.12526728307743998
7.593999999999386,0.12514831057541
7.5959999999993855,0.12502947356049116
7.597999999999385,0.12491077183589297
7.599999999999385,0.12479220526685393
7.601999999999385,0.12467377364970586
7.603999999999385,0.12455547676381085
7.605999999999384,0.12443731447234024
7.607999999999384,0.12431928657830046
7.609999999999384,0.1242013929495617
7.611999999999384,0.1240836333867917
7.6139999999993835,0.12396600775564584
7.615999999999383,0.12384851585295859
7.617999999999383,0.12373115745666771
7.619999999999383,0.12361393243228716
7.621999999999383,0.12349684058382622
7.623999999999382,0.12337988169784148
7.625999999999382,0.12326305564615773
7.627999999999382,0.12314636232371767
7.629999999999382,0.12302980153547308
7.6319999999993815,0.12291337305923047
7.633999999999381,0.122797076673021
7.635999999999381,0.12268091233531808
7.637999999999381,0.12256487978575545
7.639999999999381,0.12244897887638094
7.64199999999938,0.12233320940878215
7.64399999999938,0.12221757125771701
7.64599999999938,0.12210206422820413
7.64799999999938,0.12198668819341907
7.6499999999993795,0.12187144295457573
7.651999999999379,0.12175632829373421
7.653999999999379,0.1216413440833091
7.655999999999379,0.12152649021884936
7.657999999999379,0.12141176641468654
7.659999999999378,0.12129717261218353
7.661999999999378,0.12118270854220209
7.663999999999378,0.12106837406088437
7.665999999999378,0.12095416906312548
7.6679999999993775,0.12084009335592452
7.669999999999377,0.12072614672064295
7.671999999999377,0.12061232903014465
7.673999999999377,0.12049864008959035
7.675999999999377,0.1203850796868721
7.677999999999376,0.12027164770373541
7.679999999999376,0.12015834404441257
7.681999999999376,0.12004516851803876
7.683999999999376,0.11993212090483665
7.6859999999993756,0.11981920107680114
7.687999999999375,0.11970640883954659
7.689999999999375,0.1195937440731333
7.691999999999375,0.11948120658224842
7.693999999999375,0.11936879615082614
7.6959999999993745,0.11925651265917553
7.697999999999374,0.11914435601294932
7.699999999999374,0.11903232592473759
7.701999999999374,0.11892042234780784
7.703999999999374,0.11880864501212333
7.705999999999373,0.11869699378067122
7.707999999999373,0.11858546855739228
7.709999999999373,0.11847406915240868
7.711999999999373,0.11836279534859256
7.7139999999993725,0.11825164702633015
7.715999999999372,0.11814062399525793
7.717999999999372,0.11802972614217042
7.719999999999372,0.11791895327497512
7.721999999999372,0.11780830527758748
7.723999999999371,0.11769778195395614
7.725999999999371,0.1175873831862507
7.727999999999371,0.11747710877596705
7.729999999999371,0.11736695850496429
7.7319999999993705,0.11725693225612015
7.73399999999937,0.11714702984243738
7.73599999999937,0.11703725115542993
7.73799999999937,0.11692759600539064
7.73999999999937,0.11681806428092767
7.741999999999369,0.11670865578738168
7.743999999999369,0.11659937030965484
7.745999999999369,0.11649020773548245
7.747999999999369,0.11638116787851638
7.7499999999993685,0.11627225063404642
7.751999999999368,0.11616345591605562
7.753999999999368,0.11605478342767428
7.755999999999368,0.11594623303032814
7.757999999999368,0.11583780463493007
7.759999999999367,0.11572949805551744
7.761999999999367,0.11562131318085721
7.763999999999367,0.11551324981458613
7.765999999999367,0.11540530773843961
7.7679999999993665,0.1152974868404985
7.769999999999366,0.11518978693450521
7.771999999999366,0.11508220791790866
7.773999999999366,0.11497474960301911
7.775999999999366,0.11486741188401065
7.777999999999365,0.11476019456940358
7.779999999999365,0.11465309755021891
7.781999999999365,0.11454612063234515
7.783999999999365,0.11443926359867095
7.7859999999993645,0.11433252634270116
7.787999999999364,0.11422590878729981
7.789999999999364,0.11411941063760944
7.791999999999364,0.11401303187094461
7.793999999999364,0.11390677232091259
7.795999999999363,0.113800631774251
7.797999999999363,0.11369461011863256
7.799999999999363,0.11358870716305285
7.801999999999363,0.1134829226951678
7.803999999999363,0.11337725661514554
7.805999999999362,0.11327170885267673
7.807999999999362,0.1131662792241006
7.809999999999362,0.1130609675118019
7.811999999999362,0.11295577360995782
7.8139999999993615,0.11285069744206304
7.815999999999361,0.11274573870733888
7.817999999999361,0.1126408973878934
7.819999999999361,0.1125361732051846
7.821999999999361,0.11243156614960456
7.82399999999936,0.11232707594301158
7.82599999999936,0.11222270246156764
7.82799999999936,0.11211844563081258
7.82999999999936,0.11201430526672398
7.8319999999993595,0.11191028126837067
7.833999999999359,0.11180637344026222
7.835999999999359,0.11170258156375143
7.837999999999359,0.1115989055368822
7.839999999999359,0.11149534517631703
7.841999999999358,0.11139190039239719
7.843999999999358,0.11128857111668672
7.845999999999358,0.11118535704454574
7.847999999999358,0.11108225816320598
7.8499999999993575,0.11097927419099651
7.851999999999357,0.11087640512340813
7.853999999999357,0.11077365067978706
7.855999999999357,0.1106710108558244
7.857999999999357,0.11056848536928252
7.859999999999356,0.1104660740978077
7.861999999999356,0.11036377697141124
7.863999999999356,0.11026159380729272
7.865999999999356,0.11015952439032688
7.8679999999993555,0.11005756862389648
7.869999999999355,0.10995572644548882
7.871999999999355,0.10985399766949926
7.873999999999355,0.10975238207684887
7.875999999999355,0.1096508795681237
7.877999999999354,0.10954948995754533
7.879999999999354,0.10944821315780942
7.881999999999354,0.10934704898526851
7.883999999999354,0.10924599734989
7.8859999999993535,0.10914505806494457
7.887999999999353,0.10904423103831537
7.889999999999353,0.10894351608050656
7.891999999999353,0.10884291309883952
7.893999999999353,0.10874242190336064
7.895999999999352,0.10864204240030767
7.897999999999352,0.10854177439953153
7.899999999999352,0.10844161768458903
7.901999999999352,0.10834157216713944
7.9039999999993515,0.10824163779258629
7.905999999999351,0.10814181438103421
7.907999999999351,0.10804210183961141
7.909999999999351,0.1079424999723548
7.911999999999351,0.10784300855864899
7.91399999999935,0.10774362750637967
7.91599999999935,0.1076443566350323
7.91799999999935,0.10754519586585837
7.91999999999935,0.10744614514514034
7.92199999999935,0.10734720428689194
7.923999999999349,0.10724837306820639
7.925999999999349,0.10714965139279214
7.927999999999349,0.10705103907585226
7.929999999999349,0.1069525360353354
7.9319999999993485,0.10685414208884722
7.933999999999348,0.10675585715380027
7.935999999999348,0.10665768104544464
7.937999999999348,0.10655961367877204
7.939999999999348,0.10646165486659695
7.941999999999347,0.1063638045235967
7.943999999999347,0.1062660624622059
7.945999999999347,0.10616842859650419
7.947999999999347,0.10607090273804877
7.9499999999993465,0.10597348480116553
7.951999999999346,0.10587617459811101
7.953999999999346,0.10577897204332383
7.955999999999346,0.10568187694873454
7.957999999999346,0.10558488922999987
7.959999999999345,0.1054880086991348
7.961999999999345,0.10539123514080334
7.963999999999345,0.1052945684746629
7.965999999999345,0.105198008659537
7.9679999999993445,0.10510155551825129
7.969999999999344,0.10500520896706808
7.971999999999344,0.104908968813455
7.973999999999344,0.10481283483609335
7.975999999999344,0.10471680708545979
7.977999999999343,0.10462088527505631
7.979999999999343,0.10452506929383056
7.981999999999343,0.1044293590887713
7.983999999999343,0.104333754478598
7.9859999999993425,0.10423825524527085
7.987999999999342,0.10414286144301901
7.989999999999342,0.10404757278267374
7.991999999999342,0.10395238915354675
7.993999999999342,0.1038573105034512
7.995999999999341,0.10376233665087868
7.997999999999341,0.10366746737714534
7.999999999999341,0.10357270260265125
