time,value
0.0,0.830895584794562
0.002,0.7919332753520414
0.004,0.7679619803135505
0.006,1.0961009216595448
0.008,1.223264310020571
0.01,1.2516875605458175
0.012,1.2395642819329966
0.014,1.2170087764324866
0.016,1.196905679676344
0.018000000000000002,1.1828571535384103
0.020000000000000004,1.1743734433133244
0.022000000000000006,1.1697705367938687
0.024000000000000007,1.167442100226186
0.02600000000000001,1.16625143341392
0.02800000000000001,1.1655268018102747
0.030000000000000013,1.164930205525548
0.032000000000000015,1.1643230273009526
0.034000000000000016,1.1636682313044153
0.03600000000000002,1.162971251247246
0.03800000000000002,1.16224951114572
0.04000000000000002,1.1615194061173497
0.04200000000000002,1.1607924367597793
0.044000000000000025,1.160075345627269
0.04600000000000003,1.159371440258087
0.04800000000000003,1.1586819776776696
0.05000000000000003,1.1580071714259508
0.05200000000000003,1.1573467834542408
0.054000000000000034,1.1567004573983715
0.056000000000000036,1.1560678211898936
0.05800000000000004,1.155448561295505
0.06000000000000004,1.154842407366196
0.06200000000000004,1.1542491150112055
0.06400000000000004,1.153668458507025
0.06600000000000004,1.1531002171492943
0.06800000000000005,1.15254442249648
0.07000000000000005,1.1520008098907533
0.07200000000000005,1.1514690278277036
0.07400000000000005,1.1509487990473353
0.07600000000000005,1.1504398755475882
0.07800000000000006,1.1499420339859032
0.08000000000000006,1.1494550563595722
0.08200000000000006,1.1489787284945085
0.08400000000000006,1.1485128331103744
0.08600000000000006,1.1480571545586407
0.08800000000000006,1.14761146883824
0.09000000000000007,1.1471755662208762
0.09200000000000007,1.146749232209072
0.09400000000000007,1.1463322548541592
0.09600000000000007,1.1459244155331434
0.09800000000000007,1.145525511614394
0.10000000000000007,1.1451353370937232
0.10200000000000008,1.144753689626967
0.10400000000000008,1.1443803668320685
0.10600000000000008,1.1440151659390598
0.10800000000000008,1.143657896213061
0.11000000000000008,1.1433083690292416
0.11200000000000009,1.142966395043806
0.11400000000000009,1.1426317843322171
0.11600000000000009,1.1423043533097044
0.11800000000000009,1.141983926174699
0.12000000000000009,1.1416703284492014
0.1220000000000001,1.1413633854600669
0.1240000000000001,1.1410629286512037
0.12600000000000008,1.14076879108022
0.12800000000000009,1.140480812299587
0.1300000000000001,1.1401988274901786
0.1320000000000001,1.1399226834804563
0.1340000000000001,1.1396522301009355
0.1360000000000001,1.1393873175201332
0.1380000000000001,1.139127796185143
0.1400000000000001,1.1388735234362513
0.1420000000000001,1.1386243588572393
0.1440000000000001,1.1383801689014537
0.1460000000000001,1.138140815755897
0.1480000000000001,1.1379061732214297
0.1500000000000001,1.1376761120974552
0.1520000000000001,1.1374505087616331
0.1540000000000001,1.1372292414322653
0.1560000000000001,1.137012189268079
0.1580000000000001,1.1367992442941481
0.16000000000000011,1.1365902892758994
0.16200000000000012,1.136385211297689
0.16400000000000012,1.136183905735096
0.16600000000000012,1.135986264393372
0.16800000000000012,1.1357921908790019
0.17000000000000012,1.1356015856086272
0.17200000000000013,1.1354143483580559
0.17400000000000013,1.1352303857559574
0.17600000000000013,1.1350496067067206
0.17800000000000013,1.1348719209711515
0.18000000000000013,1.1346972449528323
0.18200000000000013,1.1345254907397762
0.18400000000000014,1.1343565760058056
0.18600000000000014,1.1341904263174418
0.18800000000000014,1.1340269568345476
0.19000000000000014,1.1338660931079478
0.19200000000000014,1.1337077580376183
0.19400000000000014,1.1335518806079077
0.19600000000000015,1.133398391778851
0.19800000000000015,1.1332472293783278
0.20000000000000015,1.1330983231812002
0.20200000000000015,1.1329516120255554
0.20400000000000015,1.1328070365078364
0.20600000000000016,1.1326645313247612
0.20800000000000016,1.1325240423327727
0.21000000000000016,1.1323855061211656
0.21200000000000016,1.1322488697218709
0.21400000000000016,1.1321140770606983
0.21600000000000016,1.1319810716744354
0.21800000000000017,1.1318498039347842
0.22000000000000017,1.1317202261210115
0.22200000000000017,1.1315922907039757
0.22400000000000017,1.1314659442470894
0.22600000000000017,1.1313411449223045
0.22800000000000017,1.131217847877254
0.23000000000000018,1.131096007513015
0.23200000000000018,1.1309755787265063
0.23400000000000018,1.1308565292434989
0.23600000000000018,1.130738811218783
0.23800000000000018,1.1306223916441316
0.24000000000000019,1.1305072292352338
0.2420000000000002,1.1303932870278859
0.2440000000000002,1.1302805297162504
0.2460000000000002,1.1301689284996166
0.2480000000000002,1.1300584436088286
0.25000000000000017,1.1299490452591998
0.25200000000000017,1.1298407004353452
0.25400000000000017,1.1297333755857304
0.25600000000000017,1.129627043733579
0.2580000000000002,1.129521679410348
0.2600000000000002,1.1294172509892269
0.2620000000000002,1.1293137317590696
0.2640000000000002,1.129211090685262
0.2660000000000002,1.1291093083689083
0.2680000000000002,1.1290083558753656
0.2700000000000002,1.1289082140711304
0.2720000000000002,1.1288088539987262
0.2740000000000002,1.1287102589390778
0.2760000000000002,1.128612480456542
0.2780000000000002,1.1285154458557887
0.2800000000000002,1.1284191136267239
0.2820000000000002,1.1283234538874942
0.2840000000000002,1.1282284436750232
0.2860000000000002,1.1281340663684967
0.2880000000000002,1.1280403021342242
0.2900000000000002,1.1279471363290683
0.2920000000000002,1.1278545493312144
0.2940000000000002,1.1277625263554423
0.2960000000000002,1.1276710478232637
0.2980000000000002,1.127580099293632
0.3000000000000002,1.1274896676232646
0.3020000000000002,1.1273997336762527
0.3040000000000002,1.1273102833090707
0.3060000000000002,1.1272213097331845
0.3080000000000002,1.1271327891398215
0.3100000000000002,1.1270447123600884
0.3120000000000002,1.1269570680479744
0.3140000000000002,1.1268698437586728
0.3160000000000002,1.1267830208339393
0.3180000000000002,1.1266965919642278
0.32000000000000023,1.1266105406635225
0.32200000000000023,1.126524860456629
0.32400000000000023,1.1264395410604755
0.32600000000000023,1.126354570823455
0.32800000000000024,1.126269937950055
0.33000000000000024,1.1261856310089882
0.33200000000000024,1.126101644917411
0.33400000000000024,1.1260179637949261
0.33600000000000024,1.1259345816368298
0.33800000000000024,1.125851488997262
0.34000000000000025,1.1257686813223426
0.34200000000000025,1.1256861487658547
0.34400000000000025,1.1256038801646628
0.34600000000000025,1.125521864725776
0.34800000000000025,1.1254400983778015
0.35000000000000026,1.1253585724624942
0.35200000000000026,1.1252772830092552
0.35400000000000026,1.1251962208901647
0.35600000000000026,1.125115381705872
0.35800000000000026,1.125034756131179
0.36000000000000026,1.1249543339485608
0.36200000000000027,1.1248741123974018
0.36400000000000027,1.1247940913798637
0.36600000000000027,1.1247142726318846
0.36800000000000027,1.1246346551172726
0.3700000000000003,1.1245552298766188
0.3720000000000003,1.1244759861877738
0.3740000000000003,1.1243969257415958
0.3760000000000003,1.1243180348541097
0.3780000000000003,1.1242393086958662
0.3800000000000003,1.1241607452046807
0.3820000000000003,1.1240823424409452
0.3840000000000003,1.1240040918936702
0.3860000000000003,1.1239259838838447
0.3880000000000003,1.1238480213376751
0.3900000000000003,1.123770197659591
0.3920000000000003,1.1236925037387382
0.3940000000000003,1.1236149425873219
0.3960000000000003,1.1235375076134713
0.3980000000000003,1.123460189775571
0.4000000000000003,1.1233829922470464
0.4020000000000003,1.1233059086761767
0.4040000000000003,1.1232289361547318
0.4060000000000003,1.123152066867471
0.4080000000000003,1.1230752983698447
0.4100000000000003,1.1229986355604413
0.4120000000000003,1.1229220660718084
0.4140000000000003,1.1228455918405364
0.4160000000000003,1.1227692064449208
0.4180000000000003,1.122692907475523
0.4200000000000003,1.1226166936880837
0.4220000000000003,1.1225405638026829
0.4240000000000003,1.122464516145126
0.4260000000000003,1.122388542801506
0.4280000000000003,1.1223126410411206
0.4300000000000003,1.1222368098584308
0.43200000000000033,1.122161048433312
0.43400000000000033,1.122085355597937
0.43600000000000033,1.1220097239229245
0.43800000000000033,1.1219341511155323
0.44000000000000034,1.1218586424239068
0.44200000000000034,1.1217831919447114
0.44400000000000034,1.121707796986773
0.44600000000000034,1.121632450216762
0.44800000000000034,1.1215571558701474
0.45000000000000034,1.1214819145103048
0.45200000000000035,1.1214067190360801
0.45400000000000035,1.1213315673153073
0.45600000000000035,1.1212564665513158
0.45800000000000035,1.1211814120156973
0.46000000000000035,1.1211064014417194
0.46200000000000035,1.1210314335301408
0.46400000000000036,1.1209565013493425
0.46600000000000036,1.1208816092005194
0.46800000000000036,1.1208067576786669
0.47000000000000036,1.1207319397776936
0.47200000000000036,1.1206571591380863
0.47400000000000037,1.1205824098521464
0.47600000000000037,1.120507689913032
0.47800000000000037,1.1204329987447796
0.48000000000000037,1.1203583418950183
0.4820000000000004,1.1202837134458523
0.4840000000000004,1.1202091107982761
0.4860000000000004,1.1201345327839785
0.4880000000000004,1.1200599786903818
0.4900000000000004,1.1199854419881192
0.4920000000000004,1.1199109273426169
0.4940000000000004,1.1198364357350696
0.4960000000000004,1.1197619664268221
0.4980000000000004,1.1196875121886745
0.5000000000000003,1.1196130769789243
0.5020000000000003,1.1195386554231008
0.5040000000000003,1.1194642519499918
0.5060000000000003,1.1193898669559774
0.5080000000000003,1.1193154933399043
0.5100000000000003,1.119241129002615
0.5120000000000003,1.119166779648138
0.5140000000000003,1.119092440139571
0.5160000000000003,1.1190181146308265
0.5180000000000003,1.118943797326481
0.5200000000000004,1.1188694863331454
0.5220000000000004,1.1187951871765167
0.5240000000000004,1.1187208944913523
0.5260000000000004,1.1186466064131793
0.5280000000000004,1.1185723283748148
0.5300000000000004,1.1184980549174754
0.5320000000000004,1.1184237841186804
0.5340000000000004,1.1183495155385652
0.5360000000000004,1.1182752550309705
0.5380000000000004,1.1182009971445088
0.5400000000000004,1.1181267398433468
0.5420000000000004,1.118052482578831
0.5440000000000004,1.1179782311457167
0.5460000000000004,1.1179039800780424
0.5480000000000004,1.1178297273583775
0.5500000000000004,1.117755478337833
0.5520000000000004,1.1176812275617916
0.5540000000000004,1.1176069731823486
0.5560000000000004,1.1175327148777905
0.5580000000000004,1.1174584586505114
0.5600000000000004,1.117384199206069
0.5620000000000004,1.1173099346663227
0.5640000000000004,1.1172356704964077
0.5660000000000004,1.1171614013463536
0.5680000000000004,1.1170871254569494
0.5700000000000004,1.1170128484510462
0.5720000000000004,1.1169385651149732
0.5740000000000004,1.1168642805426505
0.5760000000000004,1.1167899963073957
0.5780000000000004,1.1167157147635602
0.5800000000000004,1.116641442692438
0.5820000000000004,1.1165671748210095
0.5840000000000004,1.116492914858595
0.5860000000000004,1.1164186566380068
0.5880000000000004,1.1163444039198145
0.5900000000000004,1.116270150889431
0.5920000000000004,1.116195895814176
0.5940000000000004,1.1161216444686106
0.5960000000000004,1.1160473917619482
0.5980000000000004,1.1159731419531123
0.6000000000000004,1.1158988894273176
0.6020000000000004,1.1158246325207315
0.6040000000000004,1.115750377033231
0.6060000000000004,1.1156761178933026
0.6080000000000004,1.1156018593880157
0.6100000000000004,1.115527595943406
0.6120000000000004,1.1154533318041986
0.6140000000000004,1.1153790615219907
0.6160000000000004,1.1153047894958013
0.6180000000000004,1.1152305104055904
0.6200000000000004,1.1151562287435148
0.6220000000000004,1.1150819392509945
0.6240000000000004,1.1150076464616714
0.6260000000000004,1.114933351012183
0.6280000000000004,1.114859046158436
0.6300000000000004,1.1147847361032075
0.6320000000000005,1.1147104157575802
0.6340000000000005,1.1146360899392314
0.6360000000000005,1.1145617595464947
0.6380000000000005,1.1144874266162912
0.6400000000000005,1.114413081668937
0.6420000000000005,1.1143387282441934
0.6440000000000005,1.114264367313396
0.6460000000000005,1.1141899986969936
0.6480000000000005,1.1141156218236772
0.6500000000000005,1.1140412360775913
0.6520000000000005,1.1139668350599023
0.6540000000000005,1.1138924237747294
0.6560000000000005,1.1138180037706622
0.6580000000000005,1.1137435750176599
0.6600000000000005,1.1136691369251932
0.6620000000000005,1.1135946946857933
0.6640000000000005,1.1135202422864348
0.6660000000000005,1.1134457773841664
0.6680000000000005,1.1133712993848845
0.6700000000000005,1.1132968083701926
0.6720000000000005,1.1132223045766534
0.6740000000000005,1.1131477940595411
0.6760000000000005,1.1130732714668656
0.6780000000000005,1.1129987348921186
0.6800000000000005,1.1129241898695108
0.6820000000000005,1.112849631192131
0.6840000000000005,1.1127750572836577
0.6860000000000005,1.112700473985274
0.6880000000000005,1.112625876319285
0.6900000000000005,1.1125512687256942
0.6920000000000005,1.1124766517031786
0.6940000000000005,1.1124020184314918
0.6960000000000005,1.1123273731211993
0.6980000000000005,1.112252716633075
0.7000000000000005,1.112178042611122
0.7020000000000005,1.1121033556500486
0.7040000000000005,1.1120286568766755
0.7060000000000005,1.1119539459670027
0.7080000000000005,1.1118792221749916
0.7100000000000005,1.1118044847787705
0.7120000000000005,1.1117297332221066
0.7140000000000005,1.1116549671155713
0.7160000000000005,1.1115801862005645
0.7180000000000005,1.111505390300616
0.7200000000000005,1.1114306104529477
0.7220000000000005,1.1113558649806028
0.7240000000000005,1.1112811233988944
0.7260000000000005,1.1112063708066415
0.7280000000000005,1.1111316011370311
0.7300000000000005,1.1110568127323452
0.7320000000000005,1.1109820058118651
0.7340000000000005,1.110907188030301
0.7360000000000005,1.110832355979094
0.7380000000000005,1.110757508696851
0.7400000000000005,1.110682652069233
0.7420000000000005,1.1106077810464654
0.7440000000000005,1.1105328940588424
0.7460000000000006,1.110457996878241
0.7480000000000006,1.1103830845337541
0.7500000000000006,1.1103081614160537
0.7520000000000006,1.1102332221857458
0.7540000000000006,1.1101582712929516
0.7560000000000006,1.110083309420291
0.7580000000000006,1.1100083299755021
0.7600000000000006,1.1099333372817186
0.7620000000000006,1.109858332297435
0.7640000000000006,1.1097833146102092
0.7660000000000006,1.1097082775982923
0.7680000000000006,1.1096332259131727
0.7700000000000006,1.1095581608806524
0.7720000000000006,1.1094830823803437
0.7740000000000006,1.109407989822747
0.7760000000000006,1.109332882592882
0.7780000000000006,1.1092577601973503
0.7800000000000006,1.1091826222877095
0.7820000000000006,1.1091074744695435
0.7840000000000006,1.1090323112027902
0.7860000000000006,1.108957131144665
0.7880000000000006,1.1088819397034642
0.7900000000000006,1.108806746561166
0.7920000000000006,1.1087315476210977
0.7940000000000006,1.1086563469642206
0.7960000000000006,1.1085811385902142
0.7980000000000006,1.1085059204576175
0.8000000000000006,1.1084306981153822
0.8020000000000006,1.108355466475082
0.8040000000000006,1.1082802298431824
0.8060000000000006,1.1082049827955642
0.8080000000000006,1.1081297296891597
0.8100000000000006,1.1080544652673352
0.8120000000000006,1.1079791940548698
0.8140000000000006,1.107903916766064
0.8160000000000006,1.1078286267871507
0.8180000000000006,1.1077533283797525
0.8200000000000006,1.1076780224272667
0.8220000000000006,1.1076027025882382
0.8240000000000006,1.107527373366485
0.8260000000000006,1.1074520358195
0.8280000000000006,1.1073766895620747
0.8300000000000006,1.1073013337840352
0.8320000000000006,1.10722596769615
0.8340000000000006,1.1071505848252712
0.8360000000000006,1.107075190092602
0.8380000000000006,1.1069997850592301
0.8400000000000006,1.1069243697502569
0.8420000000000006,1.1068489494837686
0.8440000000000006,1.1067735182670957
0.8460000000000006,1.1066980736857883
0.8480000000000006,1.1066226150722236
0.8500000000000006,1.106547142467595
0.8520000000000006,1.1064716561040382
0.8540000000000006,1.1063961620308855
0.8560000000000006,1.1063206549807685
0.8580000000000007,1.1062451330842396
0.8600000000000007,1.1061696018783496
0.8620000000000007,1.1060940562351436
0.8640000000000007,1.1060185004555656
0.8660000000000007,1.105942929153503
0.8680000000000007,1.1058673467613034
0.8700000000000007,1.1057917481202346
0.8720000000000007,1.105716137865861
0.8740000000000007,1.1056405109857101
0.8760000000000007,1.1055648722091438
0.8780000000000007,1.105489222424742
0.8800000000000007,1.1054135610099178
0.8820000000000007,1.1053378869767343
0.8840000000000007,1.1052621935910427
0.8860000000000007,1.1051864855785034
0.8880000000000007,1.105110764396775
0.8900000000000007,1.1050350300430596
0.8920000000000007,1.1049592820131375
0.8940000000000007,1.1048835197422915
0.8960000000000007,1.1048077427679244
0.8980000000000007,1.104731956608636
0.9000000000000007,1.1046561556631276
0.9020000000000007,1.1045803378860504
0.9040000000000007,1.1045045029010747
0.9060000000000007,1.1044286568096666
0.9080000000000007,1.1043527946146992
0.9100000000000007,1.1042769147336837
0.9120000000000007,1.1042010229407218
0.9140000000000007,1.104125114288178
0.9160000000000007,1.1040491932021446
0.9180000000000007,1.1039732543891714
0.9200000000000007,1.1038973023505156
0.9220000000000007,1.1038213378385995
0.9240000000000007,1.103745354312819
0.9260000000000007,1.103669356143433
0.9280000000000007,1.103593344354463
0.9300000000000007,1.103517318596232
0.9320000000000007,1.1034412781401097
0.9340000000000007,1.103365222301958
0.9360000000000007,1.1032891505705726
0.9380000000000007,1.1032130626099164
0.9400000000000007,1.1031369582130544
0.9420000000000007,1.1030608372576176
0.9440000000000007,1.1029846996679398
0.9460000000000007,1.1029085453951524
0.9480000000000007,1.1028323744002642
0.9500000000000007,1.1027561925050882
0.9520000000000007,1.1026799943012493
0.9540000000000007,1.1026037778561948
0.9560000000000007,1.1025275487157575
0.9580000000000007,1.1024513018015387
0.9600000000000007,1.1023750414840392
0.9620000000000007,1.1022987624560607
0.9640000000000007,1.102222469230084
0.9660000000000007,1.102146162584184
0.9680000000000007,1.102069836003637
0.9700000000000008,1.1019934938821918
0.9720000000000008,1.1019171372728547
0.9740000000000008,1.1018407658515819
0.9760000000000008,1.1017643789152927
0.9780000000000008,1.1016879758023665
0.9800000000000008,1.101611556024097
0.9820000000000008,1.101535119262743
0.9840000000000008,1.1014586653310403
0.9860000000000008,1.1013821941260824
0.9880000000000008,1.1013057055914
0.9900000000000008,1.1012291996956265
0.9920000000000008,1.10115268227788
0.9940000000000008,1.1010761479486055
0.9960000000000008,1.1009995947913709
0.9980000000000008,1.1009230283678018
1.0000000000000007,1.1008464451013538
1.0020000000000007,1.1007698542742927
1.0040000000000007,1.1006932530086435
1.0060000000000007,1.1006166463311347
1.0080000000000007,1.1005400295894183
1.0100000000000007,1.1004634081723266
1.0120000000000007,1.1003867771255045
1.0140000000000007,1.1003101409276814
1.0160000000000007,1.1002335001618362
1.0180000000000007,1.100156853923241
1.0200000000000007,1.1000801951214048
1.0220000000000007,1.1000035280452374
1.0240000000000007,1.0999268537849263
1.0260000000000007,1.0998501720492972
1.0280000000000007,1.0997734762510183
1.0300000000000007,1.0996967710253216
1.0320000000000007,1.0996200576770037
1.0340000000000007,1.099543336036228
1.0360000000000007,1.0994666054434765
1.0380000000000007,1.0993898651986975
1.0400000000000007,1.0993131147212716
1.0420000000000007,1.0992363535725844
1.0440000000000007,1.099159581430603
1.0460000000000007,1.0990827980547886
1.0480000000000007,1.099006009118931
1.0500000000000007,1.098929209089042
1.0520000000000007,1.0988523959084788
1.0540000000000007,1.0987755691504457
1.0560000000000007,1.098698734865548
1.0580000000000007,1.0986218879962824
1.0600000000000007,1.0985450268790806
1.0620000000000007,1.0984681572239299
1.0640000000000007,1.0983912740146669
1.0660000000000007,1.0983143757486544
1.0680000000000007,1.09823746829924
1.0700000000000007,1.0981605526452523
1.0720000000000007,1.0980836219998953
1.0740000000000007,1.0980066803823403
1.0760000000000007,1.0979297226457825
1.0780000000000007,1.0978527535803488
1.0800000000000007,1.0977757742002225
1.0820000000000007,1.0976987839916643
1.0840000000000007,1.097621776166114
1.0860000000000007,1.0975447552389208
1.0880000000000007,1.0974677224766163
1.0900000000000007,1.097390677730567
1.0920000000000007,1.0973136203979832
1.0940000000000007,1.0972365498502692
1.0960000000000008,1.0971594655854882
1.0980000000000008,1.097082367246395
1.1000000000000008,1.097005254594528
1.1020000000000008,1.0969281274671416
1.1040000000000008,1.096850991620974
1.1060000000000008,1.0967738416013018
1.1080000000000008,1.096696675419808
1.1100000000000008,1.0966194927173336
1.1120000000000008,1.0965422996176042
1.1140000000000008,1.0964650911320004
1.1160000000000008,1.0963878715330988
1.1180000000000008,1.0963106353605279
1.1200000000000008,1.0962333869904264
1.1220000000000008,1.0961561212319322
1.1240000000000008,1.096078842721895
1.1260000000000008,1.096001552338713
1.1280000000000008,1.0959242436033418
1.1300000000000008,1.0958469209172998
1.1320000000000008,1.0957695853364602
1.1340000000000008,1.095692236525316
1.1360000000000008,1.0956148678831061
1.1380000000000008,1.0955374840833134
1.1400000000000008,1.0954600865173134
1.1420000000000008,1.0953826751288556
1.1440000000000008,1.0953052493812572
1.1460000000000008,1.095227814575451
1.1480000000000008,1.0951503648877792
1.1500000000000008,1.0950728980877442
1.1520000000000008,1.094995413680014
1.1540000000000008,1.0949179118579346
1.1560000000000008,1.0948403988658182
1.1580000000000008,1.0947629178724465
1.1600000000000008,1.09468545902897
1.1620000000000008,1.0946079964224371
1.1640000000000008,1.0945305241484304
1.1660000000000008,1.0944530327344333
1.1680000000000008,1.0943755196776304
1.1700000000000008,1.0942979912430102
1.1720000000000008,1.0942204433967058
1.1740000000000008,1.094142881330575
1.1760000000000008,1.0940653003533864
1.1780000000000008,1.0939877053002252
1.1800000000000008,1.0939100913098572
1.1820000000000008,1.0938324631541083
1.1840000000000008,1.09375482180072
1.1860000000000008,1.0936771667030063
1.1880000000000008,1.0935994910955362
1.1900000000000008,1.0935217994733126
1.1920000000000008,1.093444093139999
1.1940000000000008,1.093366372007496
1.1960000000000008,1.0932886355399865
1.1980000000000008,1.0932108831767646
1.2000000000000008,1.093133114480685
1.2020000000000008,1.0930553350024734
1.2040000000000008,1.0929775392384846
1.2060000000000008,1.092899725181467
1.2080000000000009,1.0928218924766655
1.2100000000000009,1.0927440472492105
1.2120000000000009,1.092666184594386
1.2140000000000009,1.092588303207284
1.2160000000000009,1.0925104123408715
1.2180000000000009,1.0924325102963472
1.2200000000000009,1.0923546025184065
1.2220000000000009,1.0922766838024351
1.2240000000000009,1.0921987583138186
1.2260000000000009,1.0921208264464286
1.2280000000000009,1.0920428813550258
1.2300000000000009,1.0919649271079743
1.2320000000000009,1.0918869645465434
1.2340000000000009,1.0918089931932418
1.2360000000000009,1.0917310063657273
1.2380000000000009,1.0916530086056178
1.2400000000000009,1.0915750012176828
1.2420000000000009,1.0914969840743094
1.2440000000000009,1.0914189565720147
1.2460000000000009,1.0913409180642561
1.2480000000000009,1.0912628680251073
1.2500000000000009,1.0911848060657237
1.252000000000001,1.0911067319123686
1.254000000000001,1.0910286453680231
1.256000000000001,1.0909505462859912
1.258000000000001,1.090872434544967
1.260000000000001,1.0907943100377495
1.262000000000001,1.0907161785151898
1.264000000000001,1.0906380345570241
1.266000000000001,1.0905598761565611
1.268000000000001,1.0904817087693162
1.270000000000001,1.0904035272901833
1.272000000000001,1.0903253301542102
1.274000000000001,1.090247123197068
1.276000000000001,1.0901689016389575
1.278000000000001,1.090090670769023
1.280000000000001,1.090012431957121
1.282000000000001,1.0899341787352996
1.284000000000001,1.089855915272293
1.286000000000001,1.0897776365477387
1.288000000000001,1.0896993473687577
1.290000000000001,1.0896210487821454
1.292000000000001,1.08954274029049
1.294000000000001,1.089464420976968
1.296000000000001,1.0893860841285057
1.298000000000001,1.089307734410791
1.300000000000001,1.0892293732867826
1.302000000000001,1.089151000764923
1.304000000000001,1.0890726163423265
1.306000000000001,1.0889942194453468
1.308000000000001,1.0889158095941376
1.310000000000001,1.088837392293164
1.312000000000001,1.0887589619770124
1.314000000000001,1.0886805165608238
1.316000000000001,1.0886020556179137
1.318000000000001,1.0885235793577972
1.320000000000001,1.088445093993585
1.322000000000001,1.0883665945035832
1.324000000000001,1.088288085018278
1.326000000000001,1.0882095600001394
1.328000000000001,1.0881310178552273
1.330000000000001,1.0880524645441065
1.332000000000001,1.087973901233645
1.334000000000001,1.08789532132446
1.336000000000001,1.0878167289195744
1.338000000000001,1.0877381248402636
1.340000000000001,1.087659502731923
1.342000000000001,1.0875808670823972
1.344000000000001,1.0875022190530883
1.346000000000001,1.0874235583900813
1.348000000000001,1.087344884413273
1.350000000000001,1.0872661964536483
1.352000000000001,1.0871874939923827
1.354000000000001,1.087108776676019
1.356000000000001,1.0870300442784935
1.358000000000001,1.086951296661933
1.360000000000001,1.086872533735526
1.362000000000001,1.0867937554381415
1.364000000000001,1.0867149617206664
1.366000000000001,1.0866361584020656
1.368000000000001,1.0865573401196704
1.370000000000001,1.086478504912199
1.372000000000001,1.0863996582915876
1.374000000000001,1.086320795199399
1.376000000000001,1.0862419199760918
1.378000000000001,1.0861630273264338
1.380000000000001,1.0860841217240342
1.382000000000001,1.0860052039636028
1.384000000000001,1.0859262675359336
1.386000000000001,1.0858473167808054
1.388000000000001,1.0857683527559001
1.390000000000001,1.085689375150829
1.392000000000001,1.0856103773945498
1.394000000000001,1.0855313641320874
1.396000000000001,1.085452336778007
1.398000000000001,1.0853732953088058
1.400000000000001,1.0852942392163958
1.402000000000001,1.0852151679455146
1.404000000000001,1.0851360869202307
1.406000000000001,1.0850569905163265
1.408000000000001,1.0849778766196774
1.410000000000001,1.08489874480392
1.412000000000001,1.0848196011731774
1.414000000000001,1.0847404408067098
1.416000000000001,1.0846612621289322
1.418000000000001,1.0845820709367315
1.420000000000001,1.084502862355069
1.422000000000001,1.0844236408365475
1.424000000000001,1.0843444011438341
1.426000000000001,1.0842651477868
1.428000000000001,1.0841858815848253
1.430000000000001,1.0841065961998244
1.432000000000001,1.084027298811694
1.434000000000001,1.083947993346177
1.436000000000001,1.0838686804374598
1.438000000000001,1.083789359444337
1.440000000000001,1.083710029418324
1.442000000000001,1.0836306836313998
1.444000000000001,1.0835513267576116
1.446000000000001,1.0834719602733498
1.448000000000001,1.0833925900663108
1.450000000000001,1.0833132103088523
1.452000000000001,1.0832338184828727
1.454000000000001,1.0831544137667528
1.456000000000001,1.0830749960838701
1.458000000000001,1.0829955655998096
1.460000000000001,1.082916122496451
1.462000000000001,1.0828366727680199
1.464000000000001,1.0827572111404298
1.466000000000001,1.0826777356704134
1.468000000000001,1.0825982518611648
1.470000000000001,1.0825187546162964
1.472000000000001,1.0824392482310605
1.474000000000001,1.082359727353151
1.476000000000001,1.0822801964037139
1.478000000000001,1.0822006502541548
1.480000000000001,1.0821210935309125
1.482000000000001,1.0820415212536718
1.484000000000001,1.0819619381462404
1.486000000000001,1.0818823451626853
1.488000000000001,1.0818027417383052
1.490000000000001,1.0817231210336558
1.492000000000001,1.0816434874859722
1.494000000000001,1.0815638423679117
1.496000000000001,1.081484185558747
1.498000000000001,1.0814045164806116
1.500000000000001,1.0813248345235476
1.5020000000000011,1.0812451391992122
1.5040000000000011,1.0811654301613793
1.5060000000000011,1.081085707181028
1.5080000000000011,1.0810059701091288
1.5100000000000011,1.0809262188431563
1.5120000000000011,1.0808464591894453
1.5140000000000011,1.0807666857676215
1.5160000000000011,1.0806868965901888
1.5180000000000011,1.0806070971617447
1.5200000000000011,1.0805272824129077
1.5220000000000011,1.0804474507958157
1.5240000000000011,1.0803676081955056
1.5260000000000011,1.0802877498072552
1.5280000000000011,1.0802078801302384
1.5300000000000011,1.080127999826468
1.5320000000000011,1.0800481022043353
1.5340000000000011,1.0799681914601118
1.5360000000000011,1.0798882685605693
1.5380000000000011,1.0798083272524506
1.5400000000000011,1.0797283721103095
1.5420000000000011,1.0796484049071222
1.5440000000000011,1.0795684261941056
1.5460000000000012,1.079488435586821
1.5480000000000012,1.0794084324584283
1.5500000000000012,1.079328416235888
1.5520000000000012,1.0792483864837046
1.5540000000000012,1.079168342901976
1.5560000000000012,1.0790882852927228
1.5580000000000012,1.0790082135250305
1.5600000000000012,1.0789281333948866
1.5620000000000012,1.0788480395135642
1.5640000000000012,1.0787679298823922
1.5660000000000012,1.0786878100059973
1.5680000000000012,1.0786076748063702
1.5700000000000012,1.078527522725448
1.5720000000000012,1.0784473596487683
1.5740000000000012,1.0783672309870802
1.5760000000000012,1.078287130264895
1.5780000000000012,1.0782070268904693
1.5800000000000012,1.0781269134064582
1.5820000000000012,1.0780467802497586
1.5840000000000012,1.07796662528695
1.5860000000000012,1.0778864552527838
1.5880000000000012,1.0778062723993669
1.5900000000000012,1.0777260710569025
1.5920000000000012,1.077645855934444
1.5940000000000012,1.0775656282570958
1.5960000000000012,1.0774853819130938
1.5980000000000012,1.0774051214727438
1.6000000000000012,1.0773248481622475
1.6020000000000012,1.0772445617706135
1.6040000000000012,1.0771642616420813
1.6060000000000012,1.0770839471183966
1.6080000000000012,1.0770036176903597
1.6100000000000012,1.0769232730097777
1.6120000000000012,1.0768429128603245
1.6140000000000012,1.0767625371127065
1.6160000000000012,1.0766821456903224
1.6180000000000012,1.0766017444030975
1.6200000000000012,1.076521327936564
1.6220000000000012,1.0764408943347599
1.6240000000000012,1.076360449097529
1.6260000000000012,1.0762799872076065
1.6280000000000012,1.0761995129999544
1.6300000000000012,1.0761190212089764
1.6320000000000012,1.076038516295729
1.6340000000000012,1.0759579932174281
1.6360000000000012,1.0758774566343314
1.6380000000000012,1.0757969075128415
1.6400000000000012,1.075716339467515
1.6420000000000012,1.075635756866436
1.6440000000000012,1.075555160808902
1.6460000000000012,1.07547455101943
1.6480000000000012,1.0753939275192848
1.6500000000000012,1.0753132928360498
1.6520000000000012,1.075232648141321
1.6540000000000012,1.0751519934824763
1.6560000000000012,1.075071328525101
1.6580000000000013,1.0749906528558937
1.6600000000000013,1.0749099661093946
1.6620000000000013,1.0748292679963116
1.6640000000000013,1.074748558295826
1.6660000000000013,1.0746678427058973
1.6680000000000013,1.0745871158136713
1.6700000000000013,1.0745063755715019
1.6720000000000013,1.0744256215389032
1.6740000000000013,1.0743448597704333
1.6760000000000013,1.074264085322197
1.6780000000000013,1.074183302410913
1.6800000000000013,1.0741025055960947
1.6820000000000013,1.0740216991776583
1.6840000000000013,1.0739408779729798
1.6860000000000013,1.073860046538015
1.6880000000000013,1.0737791998883754
1.6900000000000013,1.073698342709263
1.6920000000000013,1.0736174759611286
1.6940000000000013,1.0735365990945338
1.6960000000000013,1.0734557052870854
1.6980000000000013,1.0733747989397724
1.7000000000000013,1.0732938813263484
1.7020000000000013,1.0732129523363767
1.7040000000000013,1.073132011398252
1.7060000000000013,1.073051057902848
1.7080000000000013,1.0729700913607565
1.7100000000000013,1.0728891114200707
1.7120000000000013,1.0728081178457183
1.7140000000000013,1.0727271104847842
1.7160000000000013,1.0726460892308882
1.7180000000000013,1.0725650598800192
1.7200000000000013,1.0724840170883718
1.7220000000000013,1.07240295886072
1.7240000000000013,1.072321884803109
1.7260000000000013,1.0722408010190627
1.7280000000000013,1.0721597026053673
1.7300000000000013,1.072078593820719
1.7320000000000013,1.0719974692614436
1.7340000000000013,1.0719163332648405
1.7360000000000013,1.0718351806823614
1.7380000000000013,1.0717540161092196
1.7400000000000013,1.0716728404692715
1.7420000000000013,1.0715916473304141
1.7440000000000013,1.071510441033386
1.7460000000000013,1.0714292226609288
1.7480000000000013,1.0713479919192037
1.7500000000000013,1.0712667481060718
1.7520000000000013,1.0711854905364158
1.7540000000000013,1.0711042186847783
1.7560000000000013,1.071022932195901
1.7580000000000013,1.0709416308444257
1.7600000000000013,1.0708603144973259
1.7620000000000013,1.070778983072841
1.7640000000000013,1.0706976365178107
1.7660000000000013,1.070616274793017
1.7680000000000013,1.0705349037446854
1.7700000000000014,1.0704535180605697
1.7720000000000014,1.070372115768568
1.7740000000000014,1.07029070237433
1.7760000000000014,1.070209272849184
1.7780000000000014,1.0701278315299523
1.7800000000000014,1.070046373137906
1.7820000000000014,1.069964902133888
1.7840000000000014,1.0698834134623685
1.7860000000000014,1.0698019117864932
1.7880000000000014,1.0697203980818994
1.7900000000000014,1.0696388718282315
1.7920000000000014,1.0695573262279126
1.7940000000000014,1.0694757657237322
1.7960000000000014,1.0693941916440657
1.7980000000000014,1.0693126039356025
1.8000000000000014,1.0692310021087446
1.8020000000000014,1.0691493861598775
1.8040000000000014,1.0690677561911552
1.8060000000000014,1.0689861120696798
1.8080000000000014,1.068904453604311
1.8100000000000014,1.0688227865066666
1.8120000000000014,1.0687411053567133
1.8140000000000014,1.068659408104831
1.8160000000000014,1.068577694323703
1.8180000000000014,1.0684959701211207
1.8200000000000014,1.0684142305925326
1.8220000000000014,1.0683324800129084
1.8240000000000014,1.0682507129813883
1.8260000000000014,1.0681689338516913
1.8280000000000014,1.0680871374798226
1.8300000000000014,1.0680053284743154
1.8320000000000014,1.0679235018865267
1.8340000000000014,1.067841662454237
1.8360000000000014,1.0677598111965125
1.8380000000000014,1.067677947613144
1.8400000000000014,1.0675960707950438
1.8420000000000014,1.0675141740092884
1.8440000000000014,1.0674322619091208
1.8460000000000014,1.0673503360287921
1.8480000000000014,1.0672683964672633
1.8500000000000014,1.067186442800501
1.8520000000000014,1.0671044804171619
1.8540000000000014,1.067022503612074
1.8560000000000014,1.0669405101362517
1.8580000000000014,1.0668584994439376
1.8600000000000014,1.0667764716956127
1.8620000000000014,1.0666944331420214
1.8640000000000014,1.0666123788345225
1.8660000000000014,1.0665303135353608
1.8680000000000014,1.066448234541137
1.8700000000000014,1.0663661476255697
1.8720000000000014,1.0662840479513955
1.8740000000000014,1.0662019400031897
1.8760000000000014,1.0661198185707736
1.8780000000000014,1.066037688137527
1.8800000000000014,1.065955549516544
1.8820000000000014,1.0658733961528812
1.8840000000000015,1.0657912323000391
1.8860000000000015,1.0657090589787037
1.8880000000000015,1.0656268758413077
1.8900000000000015,1.0655446762328815
1.8920000000000015,1.0654624646977187
1.8940000000000015,1.0653802426122723
1.8960000000000015,1.0652980099242166
1.8980000000000015,1.0652157660852777
1.9000000000000015,1.0651335104910706
1.9020000000000015,1.0650512426378034
1.9040000000000015,1.0649689680622008
1.9060000000000015,1.064886681234424
1.9080000000000015,1.0648043800304436
1.9100000000000015,1.0647220639784485
1.9120000000000015,1.064639733265514
1.9140000000000015,1.0645573941467488
1.9160000000000015,1.0644750416495614
1.9180000000000015,1.0643926740256142
1.9200000000000015,1.064310296929965
1.9220000000000015,1.0642279053893091
1.9240000000000015,1.0641455037671046
1.9260000000000015,1.0640630867613383
1.9280000000000015,1.0639806588144671
1.9300000000000015,1.063898220732932
1.9320000000000015,1.0638157659681287
1.9340000000000015,1.0637332988016022
1.9360000000000015,1.0636508202899833
1.9380000000000015,1.0635683301228018
1.9400000000000015,1.063485821673332
1.9420000000000015,1.0634032995234903
1.9440000000000015,1.063320765088413
1.9460000000000015,1.0632382183528866
1.9480000000000015,1.0631556588036917
1.9500000000000015,1.0630730858673483
1.9520000000000015,1.0629904990728467
1.9540000000000015,1.0629078980850462
1.9560000000000015,1.0628252885938951
1.9580000000000015,1.0627426651768273
1.9600000000000015,1.0626600257872372
1.9620000000000015,1.062577370004516
1.9640000000000015,1.0624947039687214
1.9660000000000015,1.0624120227841145
1.9680000000000015,1.0623293307428447
1.9700000000000015,1.0622466864025055
1.9720000000000015,1.0621640559705972
1.9740000000000015,1.062081423683944
1.9760000000000015,1.0619987751422597
1.9780000000000015,1.0619161056693256
1.9800000000000015,1.0618334208925133
1.9820000000000015,1.0617507168807425
1.9840000000000015,1.061667999101458
1.9860000000000015,1.061585263193103
1.9880000000000015,1.0615025141985361
1.9900000000000015,1.0614197533140213
1.9920000000000015,1.0613369801260446
1.9940000000000015,1.061254187882084
1.9960000000000016,1.0611713809945926
1.9980000000000016,1.061088560780046
2.0000000000000013,1.0610057271778226
2.002000000000001,1.0609228796603352
2.004000000000001,1.0608400176602657
2.0060000000000007,1.0607571407205334
2.0080000000000005,1.0606742485244554
2.0100000000000002,1.0605913408726617
2.012,1.0605084176442996
2.014,1.060425484652388
2.0159999999999996,1.0603425366071966
2.0179999999999993,1.060259571530964
2.019999999999999,1.0601765949241124
2.021999999999999,1.060093601786069
2.0239999999999987,1.0600105905687462
2.0259999999999985,1.0599275671511195
2.0279999999999982,1.0598445268051688
2.029999999999998,1.0597614740361443
2.031999999999998,1.0596784095736536
2.0339999999999976,1.059595326786484
2.0359999999999974,1.0595122298417083
2.037999999999997,1.0594291197443129
2.039999999999997,1.0593459961736915
2.0419999999999967,1.0592628525370362
2.0439999999999965,1.0591796934041953
2.0459999999999963,1.0590965202144011
2.047999999999996,1.0590133329918854
2.049999999999996,1.0589301312626942
2.0519999999999956,1.058846920380418
2.0539999999999954,1.0587636946589059
2.055999999999995,1.0586804520600153
2.057999999999995,1.058597192611448
2.0599999999999947,1.0585139167432291
2.0619999999999945,1.0584306307611389
2.0639999999999943,1.0583473297244588
2.065999999999994,1.0582640118704085
2.067999999999994,1.0581806828232667
2.0699999999999936,1.0580973376367129
2.0719999999999934,1.05801398066627
2.073999999999993,1.0579306125483285
2.075999999999993,1.0578472265899692
2.0779999999999927,1.057763826925624
2.0799999999999925,1.0576804145424994
2.0819999999999923,1.0575969832112182
2.083999999999992,1.0575135376030553
2.085999999999992,1.0574300809334893
2.0879999999999916,1.0573466148296327
2.0899999999999914,1.057263139242276
2.091999999999991,1.0571796535495688
2.093999999999991,1.0570961570561281
2.0959999999999908,1.0570126491844405
2.0979999999999905,1.0569291295086156
2.0999999999999903,1.0568455977376108
2.10199999999999,1.0567620536715785
2.10399999999999,1.0566784971710201
2.1059999999999897,1.0565949340274712
2.1079999999999894,1.0565113589025419
2.109999999999989,1.0564277697564084
2.111999999999989,1.0563441661438886
2.1139999999999888,1.0562605541538768
2.1159999999999886,1.0561769288816096
2.1179999999999883,1.0560932945698884
2.119999999999988,1.0560096457991366
2.121999999999988,1.0559259868762756
2.1239999999999877,1.0558423126310077
2.1259999999999875,1.0557586276254753
2.1279999999999872,1.0556749327885364
2.129999999999987,1.0555912216635979
2.131999999999987,1.055507498550005
2.1339999999999866,1.0554237645283426
2.1359999999999864,1.0553400193031472
2.137999999999986,1.0552562562562244
2.139999999999986,1.0551724799315871
2.1419999999999857,1.055088691739816
2.1439999999999855,1.0550048916664017
2.1459999999999853,1.0549210791982926
2.147999999999985,1.0548372537569162
2.149999999999985,1.0547534148634778
2.1519999999999846,1.0546695621716147
2.1539999999999844,1.0545857013576128
2.155999999999984,1.0545018270209854
2.157999999999984,1.0544179370998643
2.1599999999999837,1.0543340311528557
2.1619999999999835,1.0542501152969188
2.1639999999999833,1.054166184654003
2.165999999999983,1.05408224350202
2.167999999999983,1.0539982864452548
2.1699999999999826,1.0539143178237114
2.1719999999999824,1.0538303324879137
2.173999999999982,1.0537463350298308
2.175999999999982,1.0536623204986024
2.1779999999999817,1.0535782936173987
2.1799999999999815,1.0534942554262703
2.1819999999999813,1.0534102054404428
2.183999999999981,1.053326136842435
2.185999999999981,1.0532420540349867
2.1879999999999806,1.0531579583426482
2.1899999999999804,1.05307384971146
2.19199999999998,1.0529897276166342
2.19399999999998,1.0529055914834535
2.1959999999999797,1.052821440846348
2.1979999999999795,1.0527372753766293
2.1999999999999793,1.052653100777951
2.201999999999979,1.052568911667574
2.203999999999979,1.052484705999165
2.2059999999999786,1.0524004833474907
2.2079999999999784,1.0523162498534688
2.209999999999978,1.0522320006555335
2.211999999999978,1.0521477400509753
2.2139999999999778,1.0520634626590621
2.2159999999999775,1.0519791728368175
2.2179999999999773,1.0518948654486515
2.219999999999977,1.051810545105092
2.221999999999977,1.0517262127841782
2.2239999999999767,1.0516418620558823
2.2259999999999764,1.0515574972638424
2.227999999999976,1.051473119532045
2.229999999999976,1.0513887286076375
2.231999999999976,1.0513043238145872
2.2339999999999756,1.051219898558958
2.2359999999999753,1.0511354575778147
2.237999999999975,1.0510510084117284
2.239999999999975,1.0509665459692523
2.2419999999999747,1.0508820678967226
2.2439999999999745,1.0507975733265438
2.2459999999999742,1.0507130621005065
2.247999999999974,1.0506285343391293
2.249999999999974,1.0505439961497833
2.2519999999999736,1.0504594424352027
2.2539999999999734,1.050374871328417
2.255999999999973,1.0502902884378253
2.257999999999973,1.0502056887930953
2.2599999999999727,1.0501210767705575
2.2619999999999725,1.050036453031069
2.2639999999999723,1.0499518108651797
2.265999999999972,1.0498671544238474
2.267999999999972,1.0497824847171082
2.2699999999999716,1.049697795503375
2.2719999999999714,1.0496130913353405
2.273999999999971,1.0495283735081464
2.275999999999971,1.0494436418861666
2.2779999999999707,1.0493588958659053
2.2799999999999705,1.0492741348190247
2.2819999999999703,1.04918935825268
2.28399999999997,1.0491045658275953
2.28599999999997,1.0490197573367301
2.2879999999999696,1.0489349326601995
2.2899999999999694,1.0488500976672952
2.291999999999969,1.048765247068117
2.293999999999969,1.048680378870211
2.2959999999999687,1.048595498611031
2.2979999999999685,1.048510601282609
2.2999999999999683,1.0484256912521308
2.301999999999968,1.0483407632465942
2.303999999999968,1.0482558222880543
2.3059999999999676,1.048170865533947
2.3079999999999674,1.048085899247783
2.309999999999967,1.0480009249619475
2.311999999999967,1.0479159421632447
2.3139999999999668,1.0478309437979503
2.3159999999999665,1.0477459340371333
2.3179999999999663,1.0476609140169875
2.319999999999966,1.047575883538985
2.321999999999966,1.0474908419711924
2.3239999999999656,1.0474057886599735
2.3259999999999654,1.0473207230782065
2.327999999999965,1.0472356448466522
2.329999999999965,1.0471505537075905
2.3319999999999648,1.047065449489228
2.3339999999999645,1.0469803320727389
2.3359999999999643,1.0468952013701052
2.337999999999964,1.0468100632467654
2.339999999999964,1.0467249123764382
2.3419999999999637,1.0466397467156705
2.3439999999999634,1.0465545717560192
2.3459999999999632,1.0464694345194208
2.347999999999963,1.0463843202956713
2.349999999999963,1.0462992036638936
2.3519999999999626,1.0462140790467187
2.3539999999999623,1.0461289372065659
2.355999999999962,1.0460437756709824
2.357999999999962,1.0459586007767865
2.3599999999999617,1.0458734086202923
2.3619999999999615,1.0457882044529365
2.3639999999999612,1.0457029836590155
2.365999999999961,1.0456177510727558
2.367999999999961,1.045532507767882
2.3699999999999606,1.0454472473440444
2.3719999999999604,1.045361974096641
2.37399999999996,1.0452766891161283
2.37599999999996,1.0451913921199953
2.3779999999999597,1.0451060764905638
2.3799999999999595,1.0450207467524408
2.3819999999999593,1.0449354043303531
2.383999999999959,1.0448500492341062
2.385999999999959,1.044764680971169
2.3879999999999586,1.0446792989768632
2.3899999999999584,1.0445939086963232
2.391999999999958,1.0445085045676652
2.393999999999958,1.0444230843942637
2.3959999999999577,1.0443376476485515
2.3979999999999575,1.044252194490452
2.3999999999999573,1.0441667311916396
2.401999999999957,1.044081252857308
2.403999999999957,1.0439957636700132
2.4059999999999566,1.0439102581557118
2.4079999999999564,1.0438247405781431
2.409999999999956,1.0437392057528294
2.411999999999956,1.0436536582404512
2.4139999999999557,1.0435680930892928
2.4159999999999555,1.0434825150179998
2.4179999999999553,1.0433969250877075
2.419999999999955,1.0433113228353734
2.421999999999955,1.0432257073716564
2.4239999999999546,1.0431400719335941
2.4259999999999544,1.0430544211105919
2.427999999999954,1.0429687564512116
2.429999999999954,1.0428830780838585
2.4319999999999538,1.0427973856080117
2.4339999999999535,1.04271168444665
2.4359999999999533,1.0426259689466666
2.437999999999953,1.0425402368246595
2.439999999999953,1.0424544874858022
2.4419999999999527,1.042368721054453
2.4439999999999524,1.0422829437938919
2.445999999999952,1.0421971508051229
2.447999999999952,1.0421113462797917
2.4499999999999518,1.0420255247505719
2.4519999999999516,1.0419396904951794
2.4539999999999513,1.0418538383360045
2.455999999999951,1.041767972848867
2.457999999999951,1.0416820890875895
2.4599999999999507,1.0415961917844914
2.4619999999999505,1.0415102820139717
2.4639999999999502,1.0414243593277375
2.46599999999995,1.0413384228452787
2.46799999999995,1.0412524717342435
2.4699999999999496,1.0411664994348264
2.4719999999999493,1.0410805107586283
2.473999999999949,1.0409945133637009
2.475999999999949,1.0409085022712532
2.4779999999999487,1.0408224751769173
2.4799999999999485,1.0407364312314429
2.4819999999999482,1.0406503702833558
2.483999999999948,1.0405642924553062
2.485999999999948,1.040478203866114
2.4879999999999476,1.0403920994430347
2.4899999999999474,1.0403059832493786
2.491999999999947,1.0402198497209372
2.493999999999947,1.0401337030882545
2.4959999999999467,1.0400475381427796
2.4979999999999465,1.039961359455324
2.4999999999999463,1.0398751620761324
2.501999999999946,1.0397889507457114
2.503999999999946,1.039702726550613
2.5059999999999456,1.039616489052348
2.5079999999999454,1.039530237378003
2.509999999999945,1.039443964762931
2.511999999999945,1.039357675816617
2.5139999999999447,1.0392713721089524
2.5159999999999445,1.0391850597299204
2.5179999999999443,1.0390987330605488
2.519999999999944,1.0390123896329881
2.521999999999944,1.0389260286370827
2.5239999999999436,1.0388396509989546
2.5259999999999434,1.0387532586091024
2.527999999999943,1.0386668583493937
2.529999999999943,1.0385804453097094
2.5319999999999427,1.0384940234780888
2.5339999999999425,1.0384075871243652
2.5359999999999423,1.0383211403220367
2.537999999999942,1.038234677725396
2.539999999999942,1.0381482038056429
2.5419999999999416,1.038061713531371
2.5439999999999414,1.0379752115858882
2.545999999999941,1.0378886990103495
2.547999999999941,1.0378021693797086
2.5499999999999408,1.0377156270162518
2.5519999999999405,1.0376290732524658
2.5539999999999403,1.0375425082372722
2.55599999999994,1.037455931448314
2.55799999999994,1.0373693422149857
2.5599999999999397,1.0372827399569968
2.5619999999999394,1.0371961242436258
2.563999999999939,1.0371094947814488
2.565999999999939,1.0370228513790691
2.5679999999999388,1.0369361939098254
2.5699999999999386,1.036849522286943
2.5719999999999383,1.0367628423955244
2.573999999999938,1.0366761489410512
2.575999999999938,1.03658943987941
2.5779999999999377,1.0365027207101571
2.5799999999999375,1.0364159863885478
2.5819999999999372,1.0363292412379246
2.583999999999937,1.0362424799459462
2.585999999999937,1.0361557069493106
2.5879999999999366,1.0360689171526205
2.5899999999999364,1.0359821151978401
2.591999999999936,1.0358953020962636
2.593999999999936,1.0358084713947733
2.5959999999999357,1.0357216274131518
2.5979999999999355,1.035634771276435
2.5999999999999353,1.0355479027278547
2.601999999999935,1.0354610210765745
2.603999999999935,1.0353741256301665
2.6059999999999346,1.0352872158412205
2.6079999999999344,1.035200291331851
2.609999999999934,1.0351133518583584
2.611999999999934,1.0350263972714924
2.6139999999999337,1.0349394274807098
2.6159999999999335,1.0348524424272039
2.6179999999999333,1.0347654480287107
2.619999999999933,1.0346784390096795
2.621999999999933,1.0345914133399836
2.6239999999999326,1.0345043765429514
2.6259999999999324,1.0344173235872025
2.627999999999932,1.0343302588183843
2.629999999999932,1.0342431769342573
2.6319999999999317,1.0341560823895632
2.6339999999999315,1.0340689700986812
2.6359999999999313,1.0339818447222573
2.637999999999931,1.0338947072965454
2.639999999999931,1.0338075573480465
2.6419999999999306,1.033720393974007
2.6439999999999304,1.0336332103556605
2.64599999999993,1.0335460110866732
2.64799999999993,1.033458797729589
2.6499999999999297,1.0333715704253545
2.6519999999999295,1.0332843287761522
2.6539999999999293,1.0331970782521913
2.655999999999929,1.0331098131830343
2.657999999999929,1.0330225312574526
2.6599999999999286,1.0329352318619776
2.6619999999999284,1.0328479151093706
2.663999999999928,1.0327605873065107
2.665999999999928,1.0326732435425932
2.6679999999999278,1.0325858880363816
2.6699999999999275,1.0324985152921848
2.6719999999999273,1.0324111296059928
2.673999999999927,1.0323237257717568
2.675999999999927,1.0322363083841355
2.6779999999999267,1.0321488784420956
2.6799999999999264,1.0320614294808876
2.681999999999926,1.0319739658397917
2.683999999999926,1.0318864886706267
2.685999999999926,1.0317989977420552
2.6879999999999256,1.031711492388258
2.6899999999999253,1.0316239719372646
2.691999999999925,1.0315364358638137
2.693999999999925,1.0314488838090816
2.6959999999999247,1.031361315549831
2.6979999999999245,1.0312737309574946
2.6999999999999242,1.0311861299594072
2.701999999999924,1.0310985125181342
2.703999999999924,1.0310109320103154
2.7059999999999236,1.030923377890108
2.7079999999999234,1.0308358212229727
2.709999999999923,1.030748248685046
2.711999999999923,1.030660661386449
2.7139999999999227,1.030573053350483
2.7159999999999225,1.0304854234159955
2.7179999999999223,1.0303977783143357
2.719999999999922,1.0303101141165225
2.721999999999922,1.0302224359428365
2.7239999999999216,1.0301347390223456
2.7259999999999214,1.0300470280925902
2.727999999999921,1.029959304198116
2.729999999999921,1.029871560898799
2.7319999999999207,1.0297838024897643
2.7339999999999205,1.029696030100377
2.7359999999999203,1.0296082434895077
2.73799999999992,1.029520441989557
2.73999999999992,1.0294326249309964
2.7419999999999196,1.0293447918557639
2.7439999999999194,1.0292569436207217
2.745999999999919,1.0291690812659637
2.747999999999919,1.0290812050870024
2.7499999999999187,1.0289933150468407
2.7519999999999185,1.0289054169406047
2.7539999999999183,1.0288175053776267
2.755999999999918,1.0287295782070982
2.757999999999918,1.0286416408443726
2.7599999999999176,1.0285536882094566
2.7619999999999174,1.028465718638329
2.763999999999917,1.0283777379839412
2.765999999999917,1.0282897474439925
2.7679999999999167,1.0282017403448716
2.7699999999999165,1.028113720666832
2.7719999999999163,1.0280256832999672
2.773999999999916,1.0279376330092516
2.775999999999916,1.0278495709756938
2.7779999999999156,1.0277614968465985
2.7799999999999154,1.0276734097998068
2.781999999999915,1.0275853090260032
2.783999999999915,1.027497193893384
2.7859999999999148,1.0274090639678226
2.7879999999999145,1.0273209189735468
2.7899999999999143,1.0272327587421146
2.791999999999914,1.027144583210424
2.793999999999914,1.0270563926744232
2.7959999999999137,1.0269681873366434
2.7979999999999134,1.0268799731912723
2.7999999999999132,1.0267917449746526
2.801999999999913,1.0267035006166931
2.803999999999913,1.0266152455901607
2.8059999999999126,1.026526974837447
2.8079999999999123,1.0264386926683406
2.809999999999912,1.026350393765359
2.811999999999912,1.0262620825556044
2.8139999999999117,1.0261737599093725
2.8159999999999115,1.0260854192768345
2.8179999999999112,1.0259970649055146
2.819999999999911,1.025908697900889
2.821999999999911,1.0258203180037264
2.8239999999999106,1.0257319185551899
2.8259999999999104,1.0256435040865814
2.82799999999991,1.0255550760549779
2.82999999999991,1.0254666345024845
2.8319999999999097,1.0253781789519874
2.8339999999999095,1.0252897148182476
2.8359999999999093,1.0252012364091379
2.837999999999909,1.025112741380093
2.839999999999909,1.0250242290854534
2.8419999999999086,1.024935705588426
2.8439999999999084,1.0248471659856184
2.845999999999908,1.0247586085913678
2.847999999999908,1.0246700392018386
2.8499999999999077,1.0245814529745676
2.8519999999999075,1.0244928543652367
2.8539999999999073,1.0244042381345033
2.855999999999907,1.0243156087604854
2.857999999999907,1.0242269671474553
2.8599999999999066,1.024138306751643
2.8619999999999064,1.0240496318375931
2.863999999999906,1.0239609435233903
2.865999999999906,1.023872241561519
2.8679999999999057,1.0237835252752017
2.8699999999999055,1.0236947939815868
2.8719999999999053,1.0236060471439123
2.873999999999905,1.0235172843929539
2.875999999999905,1.023428505495719
2.8779999999999046,1.0233397103134607
2.8799999999999044,1.0232508987660918
2.881999999999904,1.0231620767910292
2.883999999999904,1.0230732391295843
2.8859999999999038,1.0229843837492418
2.8879999999999035,1.0228955161888595
2.8899999999999033,1.0228066314291837
2.891999999999903,1.022717733832359
2.893999999999903,1.022628818101839
2.8959999999999027,1.0225398887036987
2.8979999999999024,1.0224509465396272
2.899999999999902,1.022361985065445
2.901999999999902,1.022273008557264
2.9039999999999018,1.0221840181474087
2.9059999999999016,1.0220950136003122
2.9079999999999013,1.0220059942463982
2.909999999999901,1.0219169594103406
2.911999999999901,1.021827908562242
2.9139999999999007,1.0217388413392028
2.9159999999999004,1.0216497575159658
2.9179999999999002,1.0215606569646463
2.9199999999999,1.021471539613297
2.9219999999999,1.0213824054288325
2.9239999999998996,1.0212932603871285
2.9259999999998993,1.021204099241702
2.927999999999899,1.0211149259569814
2.929999999999899,1.021025734858741
2.9319999999998987,1.020936524144751
2.9339999999998985,1.0208472997727382
2.9359999999998982,1.0207580630976942
2.937999999999898,1.0206688075456694
2.939999999999898,1.0205795372165714
2.9419999999998976,1.0204902530518247
2.9439999999998974,1.0204009546623163
2.945999999999897,1.0203116352761057
2.947999999999897,1.02022229939014
2.9499999999998967,1.020132948458202
2.9519999999998965,1.020043582532446
2.9539999999998963,1.0199542071536816
2.955999999999896,1.0198648165491582
2.957999999999896,1.0197754082531394
2.9599999999998956,1.0196859815171118
2.9619999999998954,1.019596536562628
2.963999999999895,1.0195070811247953
2.965999999999895,1.01941761107945
2.9679999999998947,1.019328124848605
2.9699999999998945,1.019238628117586
2.9719999999998943,1.0191491158379815
2.973999999999894,1.0190595923072525
2.975999999999894,1.018970058138148
2.9779999999998936,1.018880506488849
2.9799999999998934,1.0187909414281922
2.981999999999893,1.0187013639430729
2.983999999999893,1.0186117676931394
2.9859999999998927,1.018522157185246
2.9879999999998925,1.018432533719789
2.9899999999998923,1.0183428971662256
2.991999999999892,1.0182532469082661
2.993999999999892,1.0181635822866242
2.9959999999998916,1.018073902766868
2.9979999999998914,1.017984207969595
2.999999999999891,1.0178944976465296
3.001999999999891,1.017804777654259
3.0039999999998908,1.0177150426559172
3.0059999999998905,1.0176252905656993
3.0079999999998903,1.0175355209069685
3.00999999999989,1.0174457398825048
3.01199999999989,1.0173559426251555
3.0139999999998897,1.0172661334728872
3.0159999999998894,1.0171763070019386
3.017999999999889,1.017086467583278
3.019999999999889,1.0169966160404318
3.0219999999998888,1.0169067457383303
3.0239999999998886,1.0168168609201769
3.0259999999998883,1.0167269626973519
3.027999999999888,1.0166370508384996
3.029999999999888,1.0165471249325464
3.0319999999998877,1.0164571785112977
3.0339999999998875,1.0163672163458957
3.0359999999998872,1.0162772400823787
3.037999999999887,1.0161872559078562
3.039999999999887,1.0160972581731051
3.0419999999998866,1.016007244326742
3.0439999999998864,1.0159172329315773
3.045999999999886,1.0158272631788234
3.047999999999886,1.0157373002448402
3.0499999999998857,1.0156473326462987
3.0519999999998855,1.0155573477387392
3.0539999999998853,1.0154673412785253
3.055999999999885,1.0153773129331811
3.057999999999885,1.0152872638194759
3.0599999999998846,1.0151972013004067
3.0619999999998844,1.0151071213132257
3.063999999999884,1.015017028636008
3.065999999999884,1.0149269181170284
3.0679999999998837,1.014836794220255
3.0699999999998835,1.014746657814703
3.0719999999998833,1.0146565023035532
3.073999999999883,1.0145663319023035
3.075999999999883,1.0144761477107016
3.0779999999998826,1.0143859494769025
3.0799999999998824,1.0142957305249658
3.081999999999882,1.0142054953810167
3.083999999999882,1.0141152455224298
3.0859999999998817,1.0140249810112731
3.0879999999998815,1.0139347073848546
3.0899999999998813,1.0138444188811377
3.091999999999881,1.0137541130203696
3.093999999999881,1.0136637890305957
3.0959999999998806,1.0135734469114013
3.0979999999998804,1.013483092930146
3.09999999999988,1.0133927221687962
3.10199999999988,1.0133023388416316
3.1039999999998797,1.0132119374472974
3.1059999999998795,1.0131215222743453
3.1079999999998793,1.0130310881079592
3.109999999999879,1.0129406395333342
3.111999999999879,1.0128501775749914
3.1139999999998786,1.0127596957597367
3.1159999999998784,1.0126691984045697
3.117999999999878,1.0125786866780189
3.119999999999878,1.012488160367667
3.1219999999998778,1.0123976188142363
3.1239999999998775,1.0123070613431027
3.1259999999998773,1.012216487421072
3.127999999999877,1.0121258966769875
3.129999999999877,1.0120352888785127
3.1319999999998767,1.0119446638882068
3.1339999999998764,1.0118540276388157
3.135999999999876,1.0117633748676094
3.137999999999876,1.0116727035234656
3.139999999999876,1.0115820191578568
3.1419999999998756,1.0114913167524855
3.1439999999998753,1.0114006006807543
3.145999999999875,1.0113098656430202
3.147999999999875,1.0112191161128645
3.1499999999998747,1.011128353013571
3.1519999999998745,1.0110375758021235
3.1539999999998742,1.0109467775179914
3.155999999999874,1.0108559625023117
3.157999999999874,1.0107651321182582
3.1599999999998736,1.0106742863637048
3.1619999999998734,1.010583424749672
3.163999999999873,1.0104925467236257
3.165999999999873,1.0104016518256775
3.1679999999998727,1.0103107397306308
3.1699999999998725,1.010219816246845
3.1719999999998723,1.0101288760255032
3.173999999999872,1.0100379169672955
3.175999999999872,1.0099469385893967
3.1779999999998716,1.0098559471061714
3.1799999999998714,1.0097649377164166
3.181999999999871,1.0096739156625862
3.183999999999871,1.009582876548037
3.1859999999998707,1.0094918250993552
3.1879999999998705,1.0094007621976528
3.1899999999998703,1.0093096811313151
3.19199999999987,1.009218586024302
3.19399999999987,1.0091274778951833
3.1959999999998696,1.0090363564238205
3.1979999999998694,1.0089452208772063
3.199999999999869,1.008854070528983
3.201999999999869,1.0087629048081606
3.2039999999998687,1.0086717233152822
3.2059999999998685,1.0085805257973068
3.2079999999998683,1.008489312105204
3.209999999999868,1.0083980821459484
3.211999999999868,1.008306841885704
3.2139999999998676,1.0082155860492081
3.2159999999998674,1.0081243125658366
3.217999999999867,1.0080330269838298
3.219999999999867,1.0079417242544606
3.2219999999998667,1.007850408742128
3.2239999999998665,1.0077590751138412
3.2259999999998663,1.0076677278330002
3.227999999999866,1.0075763678120893
3.229999999999866,1.007484988458462
3.2319999999998656,1.007393594037621
3.2339999999998654,1.007302185684162
3.235999999999865,1.0072107631631595
3.237999999999865,1.0071193257997575
3.2399999999998648,1.007027872903234
3.2419999999998645,1.0069364039245714
3.2439999999998643,1.0068449184801422
3.245999999999864,1.0067534163231289
3.247999999999864,1.0066618973059391
3.2499999999998637,1.006570361340003
3.2519999999998634,1.0064788083710443
3.2539999999998632,1.006387244403902
3.255999999999863,1.0062956641760197
3.257999999999863,1.0062040716657399
3.2599999999998626,1.0061124611955785
3.2619999999998623,1.0060208372429598
3.263999999999862,1.005929194669086
3.265999999999862,1.0058375380873672
3.2679999999998617,1.005745862463771
3.2699999999998615,1.0056541725322032
3.2719999999998612,1.0055624693970662
3.273999999999861,1.0054707526192717
3.275999999999861,1.0053790213026677
3.2779999999998606,1.005287274578622
3.2799999999998604,1.005195511775861
3.28199999999986,1.0051037324340548
3.28399999999986,1.0050119362625862
3.2859999999998597,1.004920123090386
3.2879999999998595,1.0048282928192305
3.2899999999998593,1.0047364453935699
3.291999999999859,1.0046445868273244
3.293999999999859,1.004552711853281
3.2959999999998586,1.0044608184046646
3.2979999999998584,1.0043689120547146
3.299999999999858,1.0042769877508135
3.301999999999858,1.004185049879906
3.3039999999998577,1.0040930991538692
3.3059999999998575,1.0040011287624304
3.3079999999998573,1.0039091428281537
3.309999999999857,1.003817142392127
3.311999999999857,1.0037251271611431
3.3139999999998566,1.0036330903725803
3.3159999999998564,1.003541036565389
3.317999999999856,1.0034489672346998
3.319999999999856,1.0033568824539671
3.3219999999998557,1.0032647878288792
3.3239999999998555,1.0031726775709366
3.3259999999998553,1.0030805491698072
3.327999999999855,1.0029884018344462
3.329999999999855,1.002896235556778
3.3319999999998546,1.002804056662459
3.3339999999998544,1.0027118602094731
3.335999999999854,1.0026196504516869
3.337999999999854,1.0025274218501616
3.3399999999998538,1.0024351787230743
3.3419999999998535,1.0023429158140449
3.3439999999998533,1.0022506377433504
3.345999999999853,1.002158345557439
3.347999999999853,1.0020660387937088
3.3499999999998527,1.0019737104849646
3.3519999999998524,1.001881365015369
3.353999999999852,1.001789003774105
3.355999999999852,1.0016966267709386
3.3579999999998518,1.0016042335179938
3.3599999999998515,1.0015118295218075
3.3619999999998513,1.0014194090673754
3.363999999999851,1.0013269697685558
3.365999999999851,1.0012345109500331
3.3679999999998507,1.001142040680611
3.3699999999998504,1.0010496232504036
3.3719999999998502,1.0009572152803572
3.37399999999985,1.0008647952047784
3.37599999999985,1.0007723600300409
3.3779999999998496,1.0006799019670785
3.3799999999998493,1.000587419271983
3.381999999999849,1.0004949187739263
3.383999999999849,1.000402396772168
3.3859999999998487,1.0003098587039492
3.3879999999998485,1.0002173060212745
3.3899999999998482,1.0001247323909639
3.391999999999848,1.0000321421853255
3.393999999999848,0.9999395365810453
3.3959999999998476,0.9998469153531934
3.3979999999998474,0.9997542778468375
3.399999999999847,0.9996616241188229
3.401999999999847,0.9995689545085736
3.4039999999998467,0.9994762689438103
3.4059999999998465,0.9993835672113907
3.4079999999998463,0.9992908490885073
3.409999999999846,0.9991981143868088
3.411999999999846,0.9991053690098013
3.4139999999998456,0.9990126076319572
3.4159999999998454,0.9989198281298785
3.417999999999845,0.9988270360346777
3.419999999999845,0.9987342262816761
3.4219999999998447,0.998641403232376
3.4239999999998445,0.9985485615423433
3.4259999999998443,0.9984557056741821
3.427999999999844,0.998362836547137
3.429999999999844,0.9982699536078622
3.4319999999998436,0.9981770498373377
3.4339999999998434,0.9980841295529598
3.435999999999843,0.9979911941079399
3.437999999999843,0.9978982434911732
3.4399999999998427,0.9978052771991119
3.4419999999998425,0.9977122946573488
3.4439999999998423,0.9976192953837385
3.445999999999842,0.997526285087454
3.447999999999842,0.9974332583095581
3.4499999999998416,0.9973402161747518
3.4519999999998414,0.9972471552616925
3.453999999999841,0.9971540806524799
3.455999999999841,0.9970609872253912
3.4579999999998408,0.9969678794527336
3.4599999999998405,0.9968747521232151
3.4619999999998403,0.9967816098287232
3.46399999999984,0.9966884535862097
3.46599999999984,0.9965952768421434
3.4679999999998397,0.9965020838996619
3.4699999999998394,0.9964088759255079
3.471999999999839,0.9963156527024895
3.473999999999839,0.9962224135637928
3.4759999999998388,0.9961291578186695
3.4779999999998386,0.9960358849178959
3.4799999999998383,0.9959425944762409
3.481999999999838,0.9958492862460386
3.483999999999838,0.9957559600791442
3.4859999999998377,0.9956626158906692
3.4879999999998375,0.995569259861157
3.4899999999998372,0.9954758869399598
3.491999999999837,0.9953825011990807
3.493999999999837,0.9952890969357135
3.4959999999998366,0.9951956783330861
3.4979999999998364,0.9951022400424543
3.499999999999836,0.9950087866166248
3.501999999999836,0.9949153190709944
3.5039999999998357,0.9948218308544187
3.5059999999998355,0.9947283262883254
3.5079999999998353,0.9946348065547104
3.509999999999835,0.9945412714445419
3.511999999999835,0.994447720293595
3.5139999999998346,0.9943541524135828
3.5159999999998344,0.9942605672544993
3.517999999999834,0.9941669644281768
3.519999999999834,0.9940733436849358
3.5219999999998337,0.9939797109523874
3.5239999999998335,0.993886060904916
3.5259999999998333,0.9937923914325131
3.527999999999833,0.9936987081126689
3.529999999999833,0.9936050058834079
3.5319999999998326,0.993511289144668
3.5339999999998324,0.9934175525478506
3.535999999999832,0.9933238005870824
3.537999999999832,0.9932300342083181
3.5399999999998317,0.9931362467890205
3.5419999999998315,0.9930424426149278
3.5439999999998313,0.9929486228508961
3.545999999999831,0.9928547872822454
3.547999999999831,0.9927609352426549
3.5499999999998306,0.9926670660447673
3.5519999999998304,0.9925731791393768
3.55399999999983,0.9924792741447297
3.55599999999983,0.9923853508158751
3.5579999999998297,0.9922914090063478
3.5599999999998295,0.9921974547241335
3.5619999999998293,0.9921034826788357
3.563999999999829,0.9920094968687424
3.565999999999829,0.9919154915586123
3.5679999999998286,0.9918214709604907
3.5699999999998284,0.9917274297401736
3.571999999999828,0.9916333724922719
3.573999999999828,0.9915393002655435
3.5759999999998278,0.9914452065097578
3.5779999999998275,0.9913510955741281
3.5799999999998273,0.9912569686590411
3.581999999999827,0.9911628255707488
3.583999999999827,0.9910686656549199
3.5859999999998267,0.9909744882311123
3.5879999999998264,0.9908802927549191
3.589999999999826,0.9907860788468509
3.591999999999826,0.9906918462653584
3.593999999999826,0.9905976009675648
3.5959999999998256,0.9905033376236794
3.5979999999998253,0.9904090541230262
3.599999999999825,0.9903147560687118
3.601999999999825,0.990220438393588
3.6039999999998247,0.9901261055188556
3.6059999999998245,0.9900317581911666
3.6079999999998242,0.9899373895705018
3.609999999999824,0.9898430037972146
3.611999999999824,0.9897486019370338
3.6139999999998236,0.9896541837146665
3.6159999999998234,0.9895597425329404
3.617999999999823,0.9894652838887594
3.619999999999823,0.989370809797027
3.6219999999998227,0.9892763265737633
3.6239999999998225,0.9891818284804405
3.6259999999998223,0.9890873128109897
3.627999999999822,0.9889927785308824
3.629999999999822,0.9888982254220275
3.6319999999998216,0.9888036597104746
3.6339999999998214,0.988709076340964
3.635999999999821,0.9886144795336304
3.637999999999821,0.9885198636788076
3.6399999999998207,0.9884252330859331
3.6419999999998205,0.9883305824461404
3.6439999999998203,0.9882359163812285
3.64599999999982,0.9881412359438859
3.64799999999982,0.9880465345516533
3.6499999999998196,0.9879518165465738
3.6519999999998194,0.987857083119581
3.653999999999819,0.9877623340617154
3.655999999999819,0.9876676039475536
3.6579999999998187,0.9875728316534698
3.6599999999998185,0.9874780305484006
3.6619999999998183,0.9873832076954325
3.663999999999818,0.9872883724648138
3.665999999999818,0.9871935207586698
3.6679999999998176,0.987098650652799
3.6699999999998174,0.987003767540503
3.671999999999817,0.9869088660127684
3.673999999999817,0.9868139502033683
3.6759999999998167,0.986719014516331
3.6779999999998165,0.9866241208332497
3.6799999999998163,0.9865292442624123
3.681999999999816,0.9864343643860538
3.683999999999816,0.9863394643989609
3.6859999999998156,0.9862445446298551
3.6879999999998154,0.9861496053986122
3.689999999999815,0.9860546408527497
3.691999999999815,0.9859596563803584
3.6939999999998148,0.9858646541372197
3.6959999999998145,0.9857696346422878
3.6979999999998143,0.9856745977053429
3.699999999999814,0.9855795429191849
3.701999999999814,0.9854844698811173
3.7039999999998137,0.9853893782735084
3.7059999999998134,0.9852942678726632
3.7079999999998132,0.9851991446321866
3.709999999999813,0.9851040033586267
3.711999999999813,0.9850088421220454
3.7139999999998126,0.9849136665774839
3.7159999999998123,0.9848184716640711
3.717999999999812,0.9847232617685344
3.719999999999812,0.9846280315072986
3.7219999999998117,0.9845327853581294
3.7239999999998115,0.9844375242585938
3.7259999999998112,0.9843422476634025
3.727999999999811,0.9842469485021025
3.729999999999811,0.9841516311022128
3.7319999999998106,0.9840562968349804
3.7339999999998104,0.9839609457066517
3.73599999999981,0.9838655772258637
3.73799999999981,0.9837701969294829
3.7399999999998097,0.9836747990982163
3.7419999999998095,0.9835793813092362
3.7439999999998093,0.983483942849747
3.745999999999809,0.9833884898805549
3.747999999999809,0.9832930174695588
3.7499999999998086,0.9831975299824738
3.7519999999998084,0.9831020219551372
3.753999999999808,0.9830064977918572
3.755999999999808,0.9829109522583743
3.7579999999998077,0.9828153900160683
3.7599999999998075,0.9827198121528605
3.7619999999998073,0.9826242182312217
3.763999999999807,0.9825286073517343
3.765999999999807,0.9824329725257954
3.7679999999998066,0.9823373183202032
3.7699999999998064,0.9822416524647977
3.771999999999806,0.9821459699089197
3.773999999999806,0.9820502682101627
3.7759999999998057,0.9819545463925587
3.7779999999998055,0.9818588042220469
3.7799999999998053,0.9817630479032667
3.781999999999805,0.9816672723594034
3.783999999999805,0.9815714817936326
3.7859999999998046,0.9814756705881268
3.7879999999998044,0.9813798430506895
3.789999999999804,0.9812840000005776
3.791999999999804,0.981188134693081
3.7939999999998038,0.9810922513710693
3.7959999999998035,0.9809963511839385
3.7979999999998033,0.9809004339133973
3.799999999999803,0.980804498892812
3.801999999999803,0.9807085454329181
3.8039999999998027,0.9806125729841679
3.8059999999998024,0.9805165811606231
3.807999999999802,0.9804205697183811
3.809999999999802,0.9803245446418449
3.8119999999998018,0.9802285005974668
3.8139999999998015,0.9801324354548664
3.8159999999998013,0.9800363548337124
3.817999999999801,0.9799402536549717
3.819999999999801,0.9798441363507715
3.8219999999998007,0.9797479975464545
3.8239999999998004,0.9796518417664927
3.8259999999998002,0.9795556699824307
3.8279999999998,0.9794594816706225
3.8299999999998,0.9793632758798806
3.8319999999997996,0.9792670520507294
3.8339999999997993,0.9791708102595109
3.835999999999799,0.9790745503813918
3.837999999999799,0.9789782721876008
3.8399999999997987,0.978881975464235
3.8419999999997985,0.9787856600391907
3.8439999999997982,0.9786893257808364
3.845999999999798,0.9785929787388501
3.847999999999798,0.9784966135841335
3.8499999999997976,0.9784002343201785
3.8519999999997974,0.9783038351524704
3.853999999999797,0.9782074202889769
3.855999999999797,0.978110984336513
3.8579999999997967,0.9780145318930804
3.8599999999997965,0.9779180640093117
3.8619999999997963,0.977821580222583
3.863999999999796,0.9777250734666816
3.865999999999796,0.97762854811752
3.8679999999997956,0.9775320055731286
3.8699999999997954,0.9774354458487884
3.871999999999795,0.9773388746010784
3.873999999999795,0.9772422859886288
3.8759999999997947,0.9771456774306411
3.8779999999997945,0.9770490480750704
3.8799999999997943,0.9769524040267646
3.881999999999794,0.9768557402644971
3.883999999999794,0.9767590549866627
3.8859999999997936,0.9766623540933487
3.8879999999997934,0.976565638825365
3.889999999999793,0.976468902310291
3.891999999999793,0.9763721485450788
3.8939999999997927,0.9762753784182246
3.8959999999997925,0.9761785853432416
3.8979999999997923,0.9760817737689756
3.899999999999792,0.9759849450044714
3.901999999999792,0.9758880989341742
3.9039999999997916,0.975791234948068
3.9059999999997914,0.9756943585460841
3.907999999999791,0.9755974639154386
3.909999999999791,0.9755005485709461
3.9119999999997908,0.9754036117641586
3.9139999999997905,0.9753066596938115
3.9159999999997903,0.9752096873922143
3.91799999999979,0.9751126992588874
3.91999999999979,0.975015689787875
3.9219999999997897,0.9749186634151031
3.9239999999997894,0.9748216148684963
3.925999999999789,0.9747245488565643
3.927999999999789,0.9746274666579682
3.9299999999997888,0.9745303679667106
3.9319999999997886,0.9744332519156983
3.9339999999997883,0.9743361176198663
3.935999999999788,0.9742389643717868
3.937999999999788,0.9741417916756621
3.9399999999997877,0.9740445992132325
3.9419999999997875,0.9739473867938873
3.9439999999997872,0.9738501604829903
3.945999999999787,0.9737529149417992
3.947999999999787,0.9736556480299265
3.9499999999997866,0.973558365399552
3.9519999999997864,0.973461061939164
3.953999999999786,0.9733637420987618
3.955999999999786,0.9732664066407521
3.9579999999997857,0.9731690486460729
3.9599999999997855,0.9730716722650012
3.9619999999997852,0.9729742785714055
3.963999999999785,0.9728768672877379
3.965999999999785,0.9727794377034482
3.9679999999997846,0.9726819890993992
3.9699999999997844,0.9725845218266603
3.971999999999784,0.9724871057176735
3.973999999999784,0.9723896993743
3.9759999999997837,0.9722922812764552
3.9779999999997835,0.9721948417328172
3.9799999999997833,0.9720973835667832
3.981999999999783,0.9719999012156981
3.983999999999783,0.9719023934342221
3.9859999999997826,0.9718048607983273
3.9879999999997824,0.9717073105695945
3.989999999999782,0.9716097385490372
3.991999999999782,0.9715121496021509
3.9939999999997817,0.9714145446679271
3.9959999999997815,0.9713169168981848
3.9979999999997813,0.9712192704133593
3.999999999999781,0.9711216062539085
4.001999999999781,0.971023924117731
4.003999999999781,0.9709262232781871
4.005999999999781,0.9708285030064303
4.007999999999781,0.9707307627250827
4.00999999999978,0.97063300203371
4.01199999999978,0.9705352206764428
4.01399999999978,0.9704374185016984
4.01599999999978,0.9703396015876353
4.0179999999997795,0.9702417646293682
4.019999999999779,0.9701439054998378
4.021999999999779,0.9700460298453945
4.023999999999779,0.9699481387403129
4.025999999999779,0.9698502252027046
4.027999999999778,0.9697522931643288
4.029999999999778,0.9696543434949536
4.031999999999778,0.9695563757631281
4.033999999999778,0.9694583829846167
4.0359999999997775,0.9693603696427813
4.037999999999777,0.9692623372342136
4.039999999999777,0.9691642920219833
4.041999999999777,0.9690662283006459
4.043999999999777,0.9689681434226755
4.045999999999776,0.9688700367666321
4.047999999999776,0.9687719149975446
4.049999999999776,0.9686737732856806
4.051999999999776,0.9685756098129332
4.053999999999776,0.968477430415997
4.055999999999775,0.9683792362669008
4.057999999999775,0.9682810204077684
4.059999999999775,0.9681827867803663
4.061999999999775,0.9680845362439932
4.0639999999997745,0.967986268350381
4.065999999999774,0.9678879760974772
4.067999999999774,0.9677896639588773
4.069999999999774,0.9676913396004906
4.071999999999774,0.9675929978249476
4.073999999999773,0.9674946360634032
4.075999999999773,0.967396253245577
4.077999999999773,0.9672978490677424
4.079999999999773,0.9671994297497346
4.0819999999997725,0.9671009901600965
4.083999999999772,0.9670025345209343
4.085999999999772,0.9669040571588086
4.087999999999772,0.9668055623984673
4.089999999999772,0.9667070448794227
4.091999999999771,0.9666085092510819
4.093999999999771,0.9665099566012798
4.095999999999771,0.9664113864846864
4.097999999999771,0.9663127979893824
4.0999999999997705,0.966214190224082
4.10199999999977,0.9661155624909974
4.10399999999977,0.9660169143061083
4.10599999999977,0.965918245360386
4.10799999999977,0.9658195554702267
4.109999999999769,0.9657208507278544
4.111999999999769,0.9656221257946217
4.113999999999769,0.965523378521545
4.115999999999769,0.9654246145724129
4.1179999999997685,0.9653258288270132
4.119999999999768,0.9652270257447102
4.121999999999768,0.9651282060987648
4.123999999999768,0.9650293691593946
4.125999999999768,0.9649305075982714
4.127999999999767,0.9648316256641762
4.129999999999767,0.9647327246877556
4.131999999999767,0.9646338046486825
4.133999999999767,0.9645348650381207
4.1359999999997665,0.964435911478361
4.137999999999766,0.9643369382009516
4.139999999999766,0.9642379428604322
4.141999999999766,0.9641389248365868
4.143999999999766,0.964039890413572
4.145999999999765,0.9639408346105494
4.147999999999765,0.9638417618373856
4.149999999999765,0.9637426665420583
4.151999999999765,0.9636435531617397
4.1539999999997645,0.9635444225931017
4.155999999999764,0.9634452742504389
4.157999999999764,0.9633461071268554
4.159999999999764,0.9632469140590052
4.161999999999764,0.9631476996074537
4.1639999999997634,0.9630484716100756
4.165999999999763,0.9629492249766167
4.167999999999763,0.9628499572230627
4.169999999999763,0.9627506673371239
4.171999999999763,0.9626513612739274
4.173999999999762,0.9625520338007258
4.175999999999762,0.9624526829541247
4.177999999999762,0.9623533145952043
4.179999999999762,0.9622539299476317
4.1819999999997615,0.9621545220601939
4.183999999999761,0.9620550949390518
4.185999999999761,0.9619556494880286
4.187999999999761,0.9618561852849116
4.189999999999761,0.9617567015116592
4.19199999999976,0.9616571911480183
4.19399999999976,0.9615576650990144
4.19599999999976,0.9614581197668857
4.19799999999976,0.9613585532728737
4.1999999999997595,0.9612589647602048
4.201999999999759,0.9611593601543738
4.203999999999759,0.9610597341120191
4.205999999999759,0.9609600845626212
4.207999999999759,0.9608604172967198
4.209999999999758,0.9607607334873061
4.211999999999758,0.9606610261394575
4.213999999999758,0.9605612992480299
4.215999999999758,0.9604615537119487
4.2179999999997575,0.9603617891077203
4.219999999999757,0.9602620046159407
4.221999999999757,0.9601621994461411
4.223999999999757,0.9600623729800934
4.225999999999757,0.9599625247939093
4.227999999999756,0.9598626546187088
4.229999999999756,0.9597627622968656
4.231999999999756,0.9596628539799552
4.233999999999756,0.9595629243151325
4.2359999999997555,0.9594629773876311
4.237999999999755,0.9593630073522087
4.239999999999755,0.959263018484495
4.241999999999755,0.9591630053380137
4.243999999999755,0.9590629725744585
4.245999999999754,0.9589629212925772
4.247999999999754,0.9588628510537477
4.249999999999754,0.9587627899897213
4.251999999999754,0.9586627637830304
4.2539999999997535,0.9585627379721282
4.255999999999753,0.9584626951092817
4.257999999999753,0.9583626280511872
4.259999999999753,0.9582625350119445
4.261999999999753,0.9581624162566883
4.263999999999752,0.9580622727317403
4.265999999999752,0.9579621054205822
4.267999999999752,0.9578619150861598
4.269999999999752,0.9577617084892824
4.2719999999997516,0.9576614806775194
4.273999999999751,0.9575612359175765
4.275999999999751,0.9574609684752711
4.277999999999751,0.9573606826339778
4.279999999999751,0.9572603791823011
4.2819999999997505,0.9571600574611909
4.28399999999975,0.9570597164180454
4.28599999999975,0.9569593550747877
4.28799999999975,0.9568589726802187
4.28999999999975,0.9567585687211188
4.291999999999749,0.9566581428732267
4.293999999999749,0.9565576949435844
4.295999999999749,0.9564572248207379
4.297999999999749,0.9563567386735397
4.2999999999997485,0.956256231174529
4.301999999999748,0.9561557064001429
4.303999999999748,0.9560551585147486
4.305999999999748,0.9559545917717374
4.307999999999748,0.9558540007227427
4.309999999999747,0.9557533900085076
4.311999999999747,0.9556527607163188
4.313999999999747,0.9555521124011634
4.315999999999747,0.9554514441480524
4.3179999999997465,0.9553507550611282
4.319999999999746,0.9552500444359902
4.321999999999746,0.9551493117817573
4.323999999999746,0.9550485630240638
4.325999999999746,0.9549477926821085
4.327999999999745,0.9548469985163122
4.329999999999745,0.9547461861833116
4.331999999999745,0.954645350524021
4.333999999999745,0.9545444960158121
4.3359999999997445,0.954443617202919
4.337999999999744,0.954342718651915
4.339999999999744,0.9542418013637702
4.341999999999744,0.9541408648210107
4.343999999999744,0.9540399080575642
4.345999999999743,0.9539389301596696
4.347999999999743,0.953837930551389
4.349999999999743,0.9537369088196348
4.351999999999743,0.9536358646823287
4.3539999999997425,0.9535348042034898
4.355999999999742,0.9534337219625857
4.357999999999742,0.953332615747447
4.359999999999742,0.9532314912343611
4.361999999999742,0.9531303495137116
4.363999999999741,0.9530291835066673
4.365999999999741,0.9529279971658484
4.367999999999741,0.9528267913664519
4.369999999999741,0.9527255594117753
4.3719999999997405,0.9526243057752315
4.37399999999974,0.9525230317937114
4.37599999999974,0.952421743630836
4.37799999999974,0.952320435372206
4.37999999999974,0.952219104209237
4.381999999999739,0.9521177490574506
4.383999999999739,0.9520163696875276
4.385999999999739,0.9519149724910924
4.387999999999739,0.9518135523831828
4.3899999999997386,0.9517121136957221
4.391999999999738,0.9516106570079221
4.393999999999738,0.9515091751321401
4.395999999999738,0.9514076721027562
4.397999999999738,0.9513061489296967
4.3999999999997375,0.9512046052968076
4.401999999999737,0.9511030404633852
4.403999999999737,0.9510014536855687
4.405999999999737,0.9508998443715453
4.407999999999737,0.9507982121058666
4.409999999999736,0.9506965628957478
4.411999999999736,0.9505948912649655
4.413999999999736,0.9504931949755048
4.415999999999736,0.9503914797187731
4.4179999999997355,0.9502897403162813
4.419999999999735,0.9501879812690608
4.421999999999735,0.9500862033766498
4.423999999999735,0.9499843996318353
4.425999999999735,0.9498825742176713
4.427999999999734,0.9497807282328711
4.429999999999734,0.9496788614131052
4.431999999999734,0.9495769730462462
4.433999999999734,0.9494750624039561
4.4359999999997335,0.9493731351863759
4.437999999999733,0.9492711856601596
4.439999999999733,0.9491692114089237
4.441999999999733,0.9490672180249456
4.443999999999733,0.9489652002631351
4.445999999999732,0.9488631626012092
4.447999999999732,0.9487611058282065
4.449999999999732,0.9486590229230333
4.451999999999732,0.9485569180751798
4.4539999999997315,0.9484547923893623
4.455999999999731,0.9483526456055336
4.457999999999731,0.9482504770131284
4.459999999999731,0.9481482858839789
4.461999999999731,0.9480460716346887
4.46399999999973,0.9479438338554305
4.46599999999973,0.9478415786326536
4.46799999999973,0.9477393009922581
4.46999999999973,0.9476370053005273
4.4719999999997295,0.9475346857171731
4.473999999999729,0.9474323465023478
4.475999999999729,0.9473299821020896
4.477999999999729,0.9472275971414894
4.479999999999729,0.9471251926824231
4.481999999999728,0.9470227682515319
4.483999999999728,0.9469203229045715
4.485999999999728,0.9468178557180271
4.487999999999728,0.9467153659662955
4.4899999999997275,0.9466128531409138
4.491999999999727,0.9465103169153193
4.493999999999727,0.9464077633984873
4.495999999999727,0.9463051871384903
4.497999999999727,0.9462025922164214
4.499999999999726,0.9460999727144244
4.501999999999726,0.9459973329199871
4.503999999999726,0.9458946673202873
4.505999999999726,0.9457919806002711
4.507999999999726,0.9456892738671817
4.509999999999725,0.9455865466782233
4.511999999999725,0.945483798109385
4.513999999999725,0.9453810272498874
4.515999999999725,0.9452782826198888
4.5179999999997245,0.9451755591648022
4.519999999999724,0.9450728279335383
4.521999999999724,0.9449700748423169
4.523999999999724,0.9448672942231257
4.525999999999724,0.944764490969369
4.527999999999723,0.9446616602325137
4.529999999999723,0.9445588009035841
4.531999999999723,0.9444559197633096
4.533999999999723,0.9443530124648739
4.5359999999997225,0.9442500840741973
4.537999999999722,0.9441471357414055
4.539999999999722,0.944044166932857
4.541999999999722,0.9439411703121037
4.543999999999722,0.9438381501799047
4.545999999999721,0.9437351078960301
4.547999999999721,0.9436320434607619
4.549999999999721,0.9435289627686955
4.551999999999721,0.9434258599787189
4.5539999999997205,0.9433227324450582
4.55599999999972,0.9432195855469749
4.55799999999972,0.9431164138661055
4.55999999999972,0.943013221762083
4.56199999999972,0.9429100036537991
4.563999999999719,0.9428067640868795
4.565999999999719,0.9427035040562235
4.567999999999719,0.9426002167324571
4.569999999999719,0.94249690646251
4.5719999999997185,0.9423935744638767
4.573999999999718,0.9422902205434062
4.575999999999718,0.9421868503318092
4.577999999999718,0.9420834577884066
4.579999999999718,0.9419800401700763
4.581999999999717,0.9418765965125744
4.583999999999717,0.9417731330160513
4.585999999999717,0.9416696445701475
4.587999999999717,0.9415661356141692
4.5899999999997165,0.9414626068365054
4.591999999999716,0.9413590573974588
4.593999999999716,0.941255479754803
4.595999999999716,0.9411518781236836
4.597999999999716,0.9410482538212508
4.599999999999715,0.9409446068189928
4.601999999999715,0.9408409365967525
4.603999999999715,0.9407372488763246
4.605999999999715,0.9406335378208374
4.6079999999997145,0.9405298008962028
4.609999999999714,0.9404260436310403
4.611999999999714,0.9403222606983459
4.613999999999714,0.9402184565508716
4.615999999999714,0.9401146319650355
4.6179999999997134,0.9400107798733364
4.619999999999713,0.939906904464779
4.621999999999713,0.9398030068461858
4.623999999999713,0.9396990867548907
4.625999999999713,0.9395951434767109
4.627999999999712,0.9394911762775489
4.629999999999712,0.9393871845651791
4.631999999999712,0.939283174250189
4.633999999999712,0.9391791397212289
4.6359999999997115,0.9390750849929697
4.637999999999711,0.9389710040935761
4.639999999999711,0.9388669012983644
4.641999999999711,0.9387627710724871
4.643999999999711,0.938658618108051
4.64599999999971,0.9385544435278089
4.64799999999971,0.9384502469011629
4.64999999999971,0.938346027311604
4.65199999999971,0.9382417838545752
4.6539999999997095,0.9381375158150838
4.655999999999709,0.9380332226931535
4.657999999999709,0.937928910510359
4.659999999999709,0.9378245737346149
4.661999999999709,0.9377202164363185
4.663999999999708,0.9376158326624304
4.665999999999708,0.9375114267112878
4.667999999999708,0.9374069993975669
4.669999999999708,0.9373025437297454
4.6719999999997075,0.9371980640556417
4.673999999999707,0.9370935619932798
4.675999999999707,0.9369890376101613
4.677999999999707,0.9368844902957889
4.679999999999707,0.9367799193157116
4.681999999999706,0.936675330388507
4.683999999999706,0.9365707176892126
4.685999999999706,0.9364660787196147
4.687999999999706,0.9363614190787188
4.6899999999997055,0.936256733445789
4.691999999999705,0.9361520263100951
4.693999999999705,0.9360472984584242
4.695999999999705,0.935942549145847
4.697999999999705,0.9358377772118245
4.699999999999704,0.9357329752206744
4.701999999999704,0.9356281540677007
4.703999999999704,0.9355233100090935
4.705999999999704,0.935418441056314
4.7079999999997035,0.9353135462814137
4.709999999999703,0.9352086253328398
4.711999999999703,0.9351036845026952
4.713999999999703,0.9349987184676085
4.715999999999703,0.9348937314778791
4.717999999999702,0.9347887240369537
4.719999999999702,0.9346836887903933
4.721999999999702,0.9345786297695521
4.723999999999702,0.934473547972486
4.7259999999997016,0.934368443064773
4.727999999999701,0.9342633142865338
4.729999999999701,0.9341581608737091
4.731999999999701,0.9340529885893591
4.733999999999701,0.9339477916331161
4.7359999999997004,0.9338425675376826
4.7379999999997,0.9337373219501561
4.7399999999997,0.9336320495582449
4.7419999999997,0.9335267548826509
4.7439999999997,0.9334214387283754
4.745999999999699,0.9333160940384775
4.747999999999699,0.9332107251193056
4.749999999999699,0.9331053331183952
4.751999999999699,0.9329999177728034
4.7539999999996985,0.932894484732787
4.755999999999698,0.9327890278650397
4.757999999999698,0.9326835443618935
4.759999999999698,0.932578033225784
4.761999999999698,0.9324725007137387
4.763999999999697,0.9323669416602827
4.765999999999697,0.9322613605492032
4.767999999999697,0.9321557991310252
4.769999999999697,0.9320502593804082
4.7719999999996965,0.9319447140052785
4.773999999999696,0.9318391421749599
4.775999999999696,0.931733542515866
4.777999999999696,0.9316279147441826
4.779999999999696,0.9315222590306804
4.781999999999695,0.9314165756726118
4.783999999999695,0.9313108649465187
4.785999999999695,0.9312051270566792
4.787999999999695,0.9310993621410012
4.7899999999996945,0.9309935766425362
4.791999999999694,0.9308877652358746
4.793999999999694,0.9307819321047088
4.795999999999694,0.9306760713183511
4.797999999999694,0.9305701871924296
4.799999999999693,0.9304642805406526
4.801999999999693,0.9303583507098526
4.803999999999693,0.9302523966396863
4.805999999999693,0.9301464173341922
4.8079999999996925,0.9300404120242602
4.809999999999692,0.9299343801806383
4.811999999999692,0.9298283214682304
4.813999999999692,0.9297222356875778
4.815999999999692,0.9296161291030618
4.817999999999691,0.9295099962910611
4.819999999999691,0.929403841405285
4.821999999999691,0.9292976648767757
4.823999999999691,0.9291914592888955
4.8259999999996905,0.9290852286405902
4.82799999999969,0.9289789739151441
4.82999999999969,0.9288726947753893
4.83199999999969,0.9287663904603192
4.83399999999969,0.9286600665938245
4.835999999999689,0.9285537172006031
4.837999999999689,0.9284473396597819
4.839999999999689,0.9283409395182416
4.841999999999689,0.9282345113920445
4.8439999999996886,0.9281280597667325
4.845999999999688,0.9280215790444188
4.847999999999688,0.9279150738561526
4.849999999999688,0.9278085452404425
4.851999999999688,0.9277019926893602
4.8539999999996875,0.9275954152250829
4.855999999999687,0.9274888118971978
4.857999999999687,0.9273821819571766
4.859999999999687,0.9272755312818014
4.861999999999687,0.9271688541636955
4.863999999999686,0.9270621482060736
4.865999999999686,0.9269554191306686
4.867999999999686,0.9268486680549792
4.869999999999686,0.9267418877568685
4.8719999999996855,0.9266350822448153
4.873999999999685,0.9265282524491422
4.875999999999685,0.9264213982350012
4.877999999999685,0.9263145190259532
4.879999999999685,0.926207614078036
4.881999999999684,0.9261006827369691
4.883999999999684,0.9259937309175317
4.885999999999684,0.9258867528990303
4.887999999999684,0.925779746261495
4.8899999999996835,0.925672716712041
4.891999999999683,0.9255656653486991
4.893999999999683,0.9254585849185684
4.895999999999683,0.9253514794174642
4.897999999999683,0.9252443497415428
4.899999999999682,0.9251371954466623
4.901999999999682,0.9250300156785694
4.903999999999682,0.9249228096046694
4.905999999999682,0.9248155765671868
4.9079999999996815,0.924708322521542
4.909999999999681,0.92460104177516
4.911999999999681,0.924493738364975
4.913999999999681,0.924386406230793
4.915999999999681,0.9242790496806365
4.91799999999968,0.9241716695320604
4.91999999999968,0.9240642587237944
4.92199999999968,0.9239568215913293
4.92399999999968,0.923849359341411
4.9259999999996795,0.9237418781923304
4.927999999999679,0.9236343720551712
4.929999999999679,0.9235268379859396
4.931999999999679,0.9234192748106822
4.933999999999679,0.9233116886795126
4.935999999999678,0.923204074303005
4.937999999999678,0.9230964361917529
4.939999999999678,0.9229887750725907
4.941999999999678,0.9228810836573492
4.9439999999996775,0.9227733660804348
4.945999999999677,0.9226656233942839
4.947999999999677,0.922557855284116
4.949999999999677,0.9224500609896633
4.951999999999677,0.9223422461783326
4.953999999999676,0.922234404821968
4.955999999999676,0.9221265342628968
4.957999999999676,0.9220186400758826
4.959999999999676,0.9219107168165703
4.961999999999676,0.9218027690040955
4.963999999999675,0.921694797442989
4.965999999999675,0.9215868013865143
4.967999999999675,0.9214787796627042
4.969999999999675,0.9213707311819543
4.9719999999996745,0.9212626551041195
4.973999999999674,0.9211545508516155
4.975999999999674,0.9210464180585509
4.977999999999674,0.9209382629604459
4.979999999999674,0.9208300800215303
4.981999999999673,0.9207218734105502
4.983999999999673,0.920613637097992
4.985999999999673,0.9205053754475271
4.987999999999673,0.9203970892932094
4.9899999999996725,0.920288777989583
4.991999999999672,0.920180440478831
4.993999999999672,0.9200720757446637
4.995999999999672,0.9199636829983562
4.997999999999672,0.9198552616983832
4.999999999999671,0.9197468115012944
5.001999999999671,0.9196383386686877
5.003999999999671,0.9195298376651787
5.005999999999671,0.9194213126703408
5.0079999999996705,0.9193128238644817
5.00999999999967,0.9192043443727854
5.01199999999967,0.9190958513956401
5.01399999999967,0.9189873331723553
5.01599999999967,0.9188787780302171
5.017999999999669,0.9187701896259503
5.019999999999669,0.9186615700909132
5.021999999999669,0.9185529205402525
5.023999999999669,0.9184442479191489
5.0259999999996685,0.9183355469982
5.027999999999668,0.9182268155644688
5.029999999999668,0.9181180594213415
5.031999999999668,0.9180092732382058
5.033999999999668,0.9179004615639421
5.035999999999667,0.9177916252133764
5.037999999999667,0.9176827569910136
5.039999999999667,0.917573861118546
5.041999999999667,0.917464938716936
5.0439999999996665,0.9173559959721856
5.045999999999666,0.9172470267531225
5.047999999999666,0.9171380280860958
5.049999999999666,0.9170289987804658
5.051999999999666,0.9169199450031097
5.053999999999665,0.9168108614508177
5.055999999999665,0.9167017525798373
5.057999999999665,0.9165926190753328
5.059999999999665,0.9164834600767615
5.0619999999996645,0.9163742743268645
5.063999999999664,0.9162650606772682
5.065999999999664,0.9161558182521564
5.067999999999664,0.9160465464562375
5.069999999999664,0.9159372449148971
5.0719999999996634,0.915827913429162
5.073999999999663,0.9157185586014139
5.075999999999663,0.9156091816166995
5.077999999999663,0.9154997748522871
5.079999999999663,0.9153903419358762
5.081999999999662,0.9152808834340672
5.083999999999662,0.915171398654355
5.085999999999662,0.9150618865741629
5.087999999999662,0.9149523462530484
5.0899999999996615,0.9148427769687848
5.091999999999661,0.9147331782222957
5.093999999999661,0.9146235561718683
5.095999999999661,0.9145139052045482
5.097999999999661,0.9144042294562706
5.09999999999966,0.914294529334043
5.10199999999966,0.914184797292172
5.10399999999966,0.9140750373557772
5.10599999999966,0.913965250517512
5.1079999999996595,0.9138554364338144
5.109999999999659,0.9137455943298024
5.111999999999659,0.9136357234258955
5.113999999999659,0.9135258295826674
5.115999999999659,0.9134159069269229
5.117999999999658,0.9133059594232811
5.119999999999658,0.9131959808780221
5.121999999999658,0.9130859755947855
5.123999999999658,0.9129759444451578
5.1259999999996575,0.9128658867975572
5.127999999999657,0.9127558015791937
5.129999999999657,0.9126456877690664
5.131999999999657,0.9125355445714717
5.133999999999657,0.9124253714325095
5.135999999999656,0.9123151679978855
5.137999999999656,0.9122049405507406
5.139999999999656,0.9120946835334012
5.141999999999656,0.9119844011389044
5.1439999999996555,0.9118740938039336
5.145999999999655,0.9117637604747244
5.147999999999655,0.9116533997573414
5.149999999999655,0.9115430104150365
5.151999999999655,0.9114325915185186
5.153999999999654,0.9113221424530852
5.155999999999654,0.9112116628396454
5.157999999999654,0.9111011589641822
5.159999999999654,0.9109906252605848
5.1619999999996535,0.9108800659312898
5.163999999999653,0.910769474905853
5.165999999999653,0.9106588565784604
5.167999999999653,0.91054821180079
5.169999999999653,0.9104375399260355
5.171999999999652,0.9103268398820246
5.173999999999652,0.9102161106549658
5.175999999999652,0.9101053514594133
5.177999999999652,0.9099945682696897
5.1799999999996515,0.9098837552907977
5.181999999999651,0.9097729165936107
5.183999999999651,0.909662046021098
5.185999999999651,0.9095511479347269
5.187999999999651,0.9094402231732968
5.1899999999996504,0.9093292710869075
5.19199999999965,0.9092182906051387
5.19399999999965,0.9091072807162857
5.19599999999965,0.9089962406380309
5.19799999999965,0.9088851698325219
5.199999999999649,0.9087740745114665
5.201999999999649,0.9086629490365369
5.203999999999649,0.9085517975876783
5.205999999999649,0.9084406140549469
5.2079999999996485,0.9083294028359787
5.209999999999648,0.9082181647836702
5.211999999999648,0.9081068992535823
5.213999999999648,0.9079956051752907
5.215999999999648,0.9078842815380269
5.217999999999647,0.9077729340989829
5.219999999999647,0.9076615568547726
5.221999999999647,0.9075501472107435
5.223999999999647,0.907438710916155
5.2259999999996465,0.9073272490880848
5.227999999999646,0.9072157543386163
5.229999999999646,0.9071042307384343
5.231999999999646,0.9069926792254704
5.233999999999646,0.9068811128521603
5.235999999999645,0.906769585507348
5.237999999999645,0.9066580561128604
5.239999999999645,0.9065465032627872
5.241999999999645,0.9064349238068324
5.2439999999996445,0.9063233089925576
5.245999999999644,0.906211656309446
5.247999999999644,0.9060999726079766
5.249999999999644,0.9059882537576394
5.251999999999644,0.9058765054405669
5.253999999999643,0.905764729290677
5.255999999999643,0.9056529185707958
5.257999999999643,0.9055410778718158
5.259999999999643,0.9054292085218262
5.2619999999996425,0.9053173168906506
5.263999999999642,0.9052053968604235
5.265999999999642,0.9050934456337584
5.267999999999642,0.9049814686940232
5.269999999999642,0.9048694603417884
5.271999999999641,0.9047574249658406
5.273999999999641,0.9046453632556719
5.275999999999641,0.904533274378241
5.277999999999641,0.9044211505640443
5.2799999999996405,0.904309002679118
5.28199999999964,0.9041968266610342
5.28399999999964,0.9040846202651421
5.28599999999964,0.903972382386591
5.28799999999964,0.9038601191130502
5.289999999999639,0.9037478248623657
5.291999999999639,0.903635503949967
5.293999999999639,0.9035231569384964
5.295999999999639,0.9034107763254856
5.2979999999996386,0.9032983662512599
5.299999999999638,0.9031859277866625
5.301999999999638,0.9030734672160476
5.303999999999638,0.9029609783811565
5.305999999999638,0.9028484582834184
5.3079999999996375,0.9027359057163002
5.309999999999637,0.9026233269460985
5.311999999999637,0.902510723173698
5.313999999999637,0.9023980869073286
5.315999999999637,0.9022854220813813
5.317999999999636,0.9021727295147525
5.319999999999636,0.9020600086994156
5.321999999999636,0.9019472587389344
5.323999999999636,0.9018344787772382
5.3259999999996355,0.9017216747181376
5.327999999999635,0.9016088406371263
5.329999999999635,0.9014959739929798
5.331999999999635,0.9013830805993879
5.333999999999635,0.9012701616211027
5.335999999999634,0.9011572162530077
5.337999999999634,0.9010442365550908
5.339999999999634,0.9009312267120608
5.341999999999634,0.9008181945715229
5.3439999999996335,0.900705134585213
5.345999999999633,0.9005920439363234
5.347999999999633,0.9004789214106795
5.349999999999633,0.9003657732283566
5.351999999999633,0.9002525939446664
5.353999999999632,0.9001393880581796
5.355999999999632,0.9000261562728242
5.357999999999632,0.8999128977419536
5.359999999999632,0.8997996112223707
5.3619999999996315,0.8996862955892831
5.363999999999631,0.8995729500007708
5.365999999999631,0.8994595739059186
5.367999999999631,0.8993461669850762
5.369999999999631,0.8992327356705994
5.37199999999963,0.8991192744198899
5.37399999999963,0.8990057875596371
5.37599999999963,0.8988922756291755
5.37799999999963,0.8987787376552518
5.3799999999996295,0.8986651723171384
5.381999999999629,0.8985515784485589
5.383999999999629,0.8984379552042365
5.385999999999629,0.898324302056251
5.387999999999629,0.8982106187120753
5.389999999999628,0.8980969116444144
5.391999999999628,0.8979831753324258
5.393999999999628,0.8978694141425029
5.395999999999628,0.8977556286470018
5.3979999999996275,0.897641811301404
5.399999999999627,0.8975279663193501
5.401999999999627,0.897414094850735
5.403999999999627,0.897300196690049
5.405999999999627,0.8971862711918869
5.407999999999626,0.8970723243207471
5.409999999999626,0.8969583500797983
5.411999999999626,0.8968443525017229
5.413999999999626,0.8967303253317833
5.415999999999626,0.8966162730260019
5.417999999999625,0.8965021899196886
5.419999999999625,0.8963880810083038
5.421999999999625,0.896273947655399
5.423999999999625,0.896159789627014
5.4259999999996245,0.8960456061800967
5.427999999999624,0.8959313965755823
5.429999999999624,0.8958171668983526
5.431999999999624,0.8957029113246836
5.433999999999624,0.8955886274561865
5.435999999999623,0.8954743213445303
5.437999999999623,0.8953599943777588
5.439999999999623,0.8952456393424814
5.441999999999623,0.8951312606173257
5.4439999999996225,0.8950168594402099
5.445999999999622,0.8949024356862908
5.447999999999622,0.8947879888345065
5.449999999999622,0.8946735566644998
5.451999999999622,0.8945591559537132
5.453999999999621,0.8944447524308481
5.455999999999621,0.894330329074516
5.457999999999621,0.8942158854911456
5.459999999999621,0.8941014144565149
5.4619999999996205,0.8939869143822173
5.46399999999962,0.8938723928244798
5.46599999999962,0.8937578460924194
5.46799999999962,0.8936432803889907
5.46999999999962,0.8935286912400919
5.471999999999619,0.8934140844631252
5.473999999999619,0.8932994620787077
5.475999999999619,0.8931848244217719
5.477999999999619,0.893070171303022
5.4799999999996185,0.8929555025289879
5.481999999999618,0.8928408181208447
5.483999999999618,0.8927261183733963
5.485999999999618,0.8926114038335241
5.487999999999618,0.8924966752584077
5.489999999999617,0.8923819401995747
5.491999999999617,0.8922671942138872
5.493999999999617,0.8921524361979144
5.495999999999617,0.8920376734778538
5.4979999999996165,0.8919229021075086
5.499999999999616,0.89180812835823
5.501999999999616,0.8916933481766324
5.503999999999616,0.8915785681888447
5.505999999999616,0.8914637915077365
5.507999999999615,0.8913490131934947
5.509999999999615,0.891234240177315
5.511999999999615,0.891119476431112
5.513999999999615,0.8910047181021497
5.5159999999996145,0.8908899733104123
5.517999999999614,0.8907752472793936
5.519999999999614,0.8906605374918557
5.521999999999614,0.8905458535478284
5.523999999999614,0.8904311957076513
5.525999999999613,0.8903165755874101
5.527999999999613,0.8902019952509472
5.529999999999613,0.8900874682869894
5.531999999999613,0.8899729991607113
5.533999999999613,0.8898585978729577
5.535999999999612,0.8897442783940034
5.537999999999612,0.889630051609359
5.539999999999612,0.889515944663674
5.541999999999612,0.8894019802309423
5.5439999999996115,0.8892881926281531
5.545999999999611,0.8891746228436115
5.547999999999611,0.8890613365616475
5.549999999999611,0.8889484205458802
5.551999999999611,0.8888360347360287
5.55399999999961,0.8887244798617541
5.55599999999961,0.8886145714767645
5.55799999999961,0.8884098371822237
5.55999999999961,0.6435277959737553
5.5619999999996095,0.5265350467559113
5.563999999999609,0.47495595333903906
5.565999999999609,0.45654775592389396
5.567999999999609,0.45293879909581125
5.569999999999609,0.4550653655825063
5.571999999999608,0.45879512139843776
5.573999999999608,0.46243383235447466
5.575999999999608,0.46541171228982875
5.577999999999608,0.46763184525628876
5.5799999999996075,0.4691798126592857
5.581999999999607,0.47018698743530785
5.583999999999607,0.4707830160111715
5.585999999999607,0.47107321615148595
5.587999999999607,0.47114083706533844
5.589999999999606,0.4710486332769802
5.591999999999606,0.4708426508207283
5.593999999999606,0.47055613489922477
5.595999999999606,0.4702129208026464
5.5979999999996055,0.4698301606043539
5.599999999999605,0.46941950603233795
5.601999999999605,0.46898928418862984
5.603999999999605,0.46854541790645376
5.605999999999605,0.46809210597676854
5.607999999999604,0.4676323178529913
5.609999999999604,0.4671681500869618
5.611999999999604,0.46670108101305824
5.613999999999604,0.4662321518581942
5.6159999999996035,0.4657620955791447
5.617999999999603,0.4652914276303218
5.619999999999603,0.4648205102633197
5.621999999999603,0.4643495979106497
5.623999999999603,0.46387886904767567
5.625999999999602,0.4634084489010244
5.627999999999602,0.46293842516368744
5.629999999999602,0.46246885910271657
5.631999999999602,0.46199979344596914
5.6339999999996015,0.46153125792526667
5.635999999999601,0.4610632731502795
5.637999999999601,0.4605958533130218
5.639999999999601,0.46012900804852597
5.641999999999601,0.45966274387687867
5.6439999999996004,0.45919706513868175
5.6459999999996,0.45873197461686044
5.6479999999996,0.4582674739337066
5.6499999999996,0.4578035639329702
5.6519999999996,0.457340245059302
5.653999999999599,0.45687751728647547
5.655999999999599,0.45641538029456297
5.657999999999599,0.45595387847991653
5.659999999999599,0.4554929930654903
5.6619999999995985,0.4550327091436499
5.663999999999598,0.45457301886619456
5.665999999999598,0.4541139181416
5.667999999999598,0.4536554045207721
5.669999999999598,0.4531974765916114
5.671999999999597,0.45274013328815377
5.673999999999597,0.4522833737637329
5.675999999999597,0.45182719720088105
5.677999999999597,0.4513716028278445
5.6799999999995965,0.45091658982903615
5.681999999999596,0.45046215742674023
5.683999999999596,0.45000830484296517
5.685999999999596,0.44955503123316515
5.687999999999596,0.449102335790098
5.689999999999595,0.4486502177027814
5.691999999999595,0.4481986761006663
5.693999999999595,0.44774771015528697
5.695999999999595,0.4472973189925337
5.6979999999995945,0.4468475017793233
5.699999999999594,0.4463982576962413
5.701999999999594,0.4459495858751296
5.703999999999594,0.4455014854810666
5.705999999999594,0.4450539556942511
5.707999999999593,0.4446069956425109
5.709999999999593,0.4441606044977874
5.711999999999593,0.4437147813882993
5.713999999999593,0.4432695255356777
5.7159999999995925,0.442824836039598
5.717999999999592,0.4423807121104608
5.719999999999592,0.4419371528937457
5.721999999999592,0.4414941575249873
5.723999999999592,0.44105172521891384
5.725999999999591,0.4406098551377025
5.727999999999591,0.440168546415077
5.729999999999591,0.4397277982705232
5.731999999999591,0.4392876098710413
5.7339999999995905,0.4388479803521024
5.73599999999959,0.43840890889532913
5.73799999999959,0.43797039469534055
5.73999999999959,0.437532436955529
5.74199999999959,0.43709503482817624
5.743999999999589,0.43665818750240104
5.745999999999589,0.43622189413523654
5.747999999999589,0.4357861539153579
5.749999999999589,0.435350966048234
5.7519999999995886,0.43491632973816347
5.753999999999588,0.4344822441477185
5.755999999999588,0.434048708436235
5.757999999999588,0.43361572183422575
5.759999999999588,0.4331832835225773
5.7619999999995875,0.4327513926994059
5.763999999999587,0.4323200485368641
5.765999999999587,0.43188925023902625
5.767999999999587,0.43145899701058155
5.769999999999587,0.43102928806906765
5.771999999999586,0.4306001225925882
5.773999999999586,0.43017149974858876
5.775999999999586,0.4297434187751712
5.777999999999586,0.42931587886536837
5.7799999999995855,0.42888887923248564
5.781999999999585,0.4284624190588212
5.783999999999585,0.4280364975891634
5.785999999999585,0.4276111139864715
5.787999999999585,0.4271862674856909
5.789999999999584,0.42676195729095834
5.791999999999584,0.42633818261458944
5.793999999999584,0.4259149426802254
5.795999999999584,0.4254922366847503
5.7979999999995835,0.4250700638440746
5.799999999999583,0.42464842338422604
5.801999999999583,0.42422731450846524
5.803999999999583,0.42380673643620936
5.805999999999583,0.4233866883960446
5.807999999999582,0.42296716959768405
5.809999999999582,0.42254817926613925
5.811999999999582,0.42212971663440746
5.813999999999582,0.42171178093505207
5.8159999999995815,0.42129437137845005
5.817999999999581,0.4208774871930655
5.819999999999581,0.4204611276134279
5.821999999999581,0.42004529185501516
5.823999999999581,0.41962997915088257
5.82599999999958,0.41921518873850055
5.82799999999958,0.418800919838487
5.82999999999958,0.4183871716879079
5.83199999999958,0.4179739435319511
5.8339999999995795,0.41756123461033645
5.835999999999579,0.41714904415137644
5.837999999999579,0.4167373713950978
5.839999999999579,0.41632621558618244
5.841999999999579,0.41591557595375706
5.843999999999578,0.4155054517606046
5.845999999999578,0.4150958422221702
5.847999999999578,0.4146867465980997
5.849999999999578,0.4142781641275516
5.8519999999995775,0.41387009405988356
5.853999999999577,0.41346253564817936
5.855999999999577,0.41305548814617343
5.857999999999577,0.41264895079499136
5.859999999999577,0.412242922845625
5.861999999999576,0.41183740353937265
5.863999999999576,0.41143239214549315
5.865999999999576,0.4110278879130408
5.867999999999576,0.41062389010192424
5.869999999999576,0.41022039795850473
5.871999999999575,0.40981741075406347
5.873999999999575,0.40941492774108856
5.875999999999575,0.40901294817264733
5.877999999999575,0.4086114713207446
5.8799999999995745,0.40821049644427465
5.881999999999574,0.40781002280842144
5.883999999999574,0.4074100496817914
5.885999999999574,0.40701057633125814
5.887999999999574,0.4066116020165218
5.889999999999573,0.40621312600588866
5.891999999999573,0.40581514756237486
5.893999999999573,0.40541766597013046
5.895999999999573,0.4050206804940913
5.8979999999995725,0.404624190407281
5.899999999999572,0.40422819498770496
5.901999999999572,0.40383269350396994
5.903999999999572,0.403437685233669
5.905999999999572,0.4030431694549071
5.907999999999571,0.4026491454508625
5.909999999999571,0.4022556125002519
5.911999999999571,0.40186256987939123
5.913999999999571,0.4014700168679729
5.9159999999995705,0.40107795275211455
5.91799999999957,0.4006863768130332
5.91999999999957,0.40029528833596284
5.92199999999957,0.3999046866071382
5.92399999999957,0.3995145709154617
5.925999999999569,0.39912494055104125
5.927999999999569,0.39873579479808796
5.929999999999569,0.398347132950154
5.931999999999569,0.39795895429931666
5.9339999999995685,0.39757125813813804
5.935999999999568,0.3971840437582916
5.937999999999568,0.39679731045535793
5.939999999999568,0.3964110575248215
5.941999999999568,0.39602528426624967
5.943999999999567,0.39563998997634225
5.945999999999567,0.3952551739541497
5.947999999999567,0.39487083549968643
5.949999999999567,0.3944869739159258
5.9519999999995665,0.3941035885041594
5.953999999999566,0.39372067856794235
5.955999999999566,0.3933382434104815
5.957999999999566,0.39295628233868063
5.959999999999566,0.3925747946588053
5.961999999999565,0.3921937796815931
5.963999999999565,0.3918132367146608
5.965999999999565,0.391433165067286
5.967999999999565,0.3910535640509084
5.9699999999995645,0.39067443297844895
5.971999999999564,0.39029577116253056
5.973999999999564,0.38991757791735554
5.975999999999564,0.38953985255967893
5.977999999999564,0.3891625944051642
5.979999999999563,0.3887858027709955
5.981999999999563,0.38840947697637523
5.983999999999563,0.38803361634290523
5.985999999999563,0.38765822019034224
5.987999999999563,0.3872832878397653
5.989999999999562,0.38690881861332466
5.991999999999562,0.38653481183676114
5.993999999999562,0.3861612668311998
5.995999999999562,0.38578818292546246
5.9979999999995615,0.38541555944802053
5.999999999999561,0.385043395731402
6.001999999999561,0.3846716910996736
6.003999999999561,0.3843004448846256
6.005999999999561,0.3839296564180686
6.00799999999956,0.3835593250298683
6.00999999999956,0.38318945005301164
6.01199999999956,0.38282003082898985
6.01399999999956,0.38245106668606316
6.0159999999995595,0.38208255696437426
6.017999999999559,0.38171450100189874
6.019999999999559,0.3813468981367385
6.021999999999559,0.3809797477062722
6.023999999999559,0.3806130490585461
6.025999999999558,0.3802468015354483
6.027999999999558,0.3798810044782617
6.029999999999558,0.3795156572289259
6.031999999999558,0.3791507591295895
6.0339999999995575,0.37878630952521364
6.035999999999557,0.3784223077707825
6.037999999999557,0.3780587532154017
6.039999999999557,0.3776956452054785
6.041999999999557,0.3773329830893271
6.043999999999556,0.37697076621626385
6.045999999999556,0.376608993937498
6.047999999999556,0.3762476656146872
6.049999999999556,0.3758867806034057
6.0519999999995555,0.3755263382560805
6.053999999999555,0.37516633792831644
6.055999999999555,0.37480677897410286
6.057999999999555,0.37444766075009706
6.059999999999555,0.3740889826254613
6.061999999999554,0.37373074395050404
6.063999999999554,0.37337294409378385
6.065999999999554,0.3730155824187068
6.067999999999554,0.3726586582994361
6.0699999999995535,0.37230217108982616
6.071999999999553,0.37194612014879547
6.073999999999553,0.3715905048533362
6.075999999999553,0.3712353245706135
6.077999999999553,0.3708805786690428
6.079999999999552,0.3705262665149465
6.081999999999552,0.3701723874769346
6.083999999999552,0.3698189409248367
6.085999999999552,0.36946592624387864
6.0879999999995515,0.3691133428086999
6.089999999999551,0.3687611899780379
6.091999999999551,0.36840946713573763
6.093999999999551,0.3680581736603407
6.095999999999551,0.3677073089417649
6.0979999999995504,0.3673568723457402
6.09999999999955,0.36700686326059934
6.10199999999955,0.3666572810517173
6.10399999999955,0.3663081251107223
6.10599999999955,0.3659593948221048
6.107999999999549,0.3656110895684066
6.109999999999549,0.36526320873219303
6.111999999999549,0.36491575169602364
6.113999999999549,0.36456871786053013
6.1159999999995485,0.3642221065998731
6.117999999999548,0.36387591731335633
6.119999999999548,0.3635301493909236
6.121999999999548,0.3631848022218048
6.123999999999548,0.36283987519548455
6.125999999999547,0.3624953677016094
6.127999999999547,0.3621512791315721
6.129999999999547,0.36180760889513375
6.131999999999547,0.36146435637326774
6.1339999999995465,0.3611215209736321
6.135999999999546,0.3607791020949648
6.137999999999546,0.3604370991345967
6.139999999999546,0.3600955114887674
6.141999999999546,0.35975433855540057
6.143999999999545,0.3594135797339842
6.145999999999545,0.35907323444252365
6.147999999999545,0.3587333020702956
6.149999999999545,0.3583937820322439
6.1519999999995445,0.3580546737172712
6.153999999999544,0.35771597654468773
6.155999999999544,0.3573776899237572
6.157999999999544,0.3570398132619481
6.159999999999544,0.356702345966443
6.161999999999543,0.3563652874450406
6.163999999999543,0.35602863712571853
6.165999999999543,0.35569239440396194
6.167999999999543,0.3553565587054291
6.1699999999995425,0.35502112942649566
6.171999999999542,0.3546861059948724
6.173999999999542,0.35435148782933434
6.175999999999542,0.3540172743453939
6.177999999999542,0.3536834649587375
6.179999999999541,0.3533500590849929
6.181999999999541,0.3530170561423116
6.183999999999541,0.35268445555089556
6.185999999999541,0.3523522567501128
6.1879999999995405,0.3520204591467723
6.18999999999954,0.3516890621775376
6.19199999999954,0.35135806526926805
6.19399999999954,0.3510274678245723
6.19599999999954,0.3506972692829051
6.197999999999539,0.35036746907528504
6.199999999999539,0.35003806662900344
6.201999999999539,0.34970906137155683
6.203999999999539,0.34938045273097273
6.2059999999995386,0.349052240157675
6.207999999999538,0.34872442306584434
6.209999999999538,0.34839700088145575
6.211999999999538,0.3480699730563249
6.213999999999538,0.34774333902944815
6.2159999999995375,0.34741709821379974
6.217999999999537,0.3470912500596427
6.219999999999537,0.34676579400810825
6.221999999999537,0.34644072949654126
6.223999999999537,0.34611605596222156
6.225999999999536,0.3457917728438078
6.227999999999536,0.3454678795802839
6.229999999999536,0.3451443756125513
6.231999999999536,0.3448212603834789
6.2339999999995355,0.3444985333365099
6.235999999999535,0.3441761939377754
6.237999999999535,0.34385424161579614
6.239999999999535,0.34353267583183345
6.241999999999535,0.34321149601483697
6.243999999999534,0.34289070162838725
6.245999999999534,0.3425702921034607
6.247999999999534,0.3422502669067974
6.249999999999534,0.34193062549395503
6.2519999999995335,0.34161136731617825
6.253999999999533,0.3412924918242805
6.255999999999533,0.3409739984703313
6.257999999999533,0.34065588670712477
6.259999999999533,0.3403381559883159
6.261999999999532,0.3400208057699028
6.263999999999532,0.33970383550931804
6.265999999999532,0.33938724468728326
6.267999999999532,0.33907103274432476
6.2699999999995315,0.3387551991335038
6.271999999999531,0.33843974333740473
6.273999999999531,0.33812466479998415
6.275999999999531,0.3378099629778608
6.277999999999531,0.337495637356396
6.27999999999953,0.3371816874061761
6.28199999999953,0.3368681125691389
6.28399999999953,0.33655491232693313
6.28599999999953,0.33624208615044465
6.2879999999995295,0.3359296334846681
6.289999999999529,0.3356176007191112
6.291999999999529,0.33530596408722946
6.293999999999529,0.334994710098145
6.295999999999529,0.33468383188750794
6.297999999999528,0.33437332591072255
6.299999999999528,0.33406319032018594
6.301999999999528,0.333753424119107
6.303999999999528,0.33344402664154593
6.3059999999995275,0.33313499740042324
6.307999999999527,0.3328263359218304
6.309999999999527,0.33251804177601013
6.311999999999527,0.33221011448648385
6.313999999999527,0.33190255360065424
6.315999999999526,0.3315953586175765
6.317999999999526,0.33128852906098877
6.319999999999526,0.33098206443534745
6.321999999999526,0.33067596421115375
6.323999999999526,0.3303702278967541
6.325999999999525,0.33006485498623406
6.327999999999525,0.32975984496832267
6.329999999999525,0.3294551973066944
6.331999999999525,0.3291509115069108
6.3339999999995245,0.32884698706315535
6.335999999999524,0.3285434234659235
6.337999999999524,0.3282402202045536
6.339999999999524,0.3279373767449535
6.341999999999524,0.3276348925966654
6.343999999999523,0.3273327672591714
6.345999999999523,0.32703100022637205
6.347999999999523,0.3267295909919291
6.349999999999523,0.3264285390499437
6.3519999999995225,0.326127843894526
6.353999999999522,0.3258275050219227
6.355999999999522,0.32552752192865264
6.357999999999522,0.3252278941127361
6.359999999999522,0.32492862107326814
6.361999999999521,0.3246297023095015
6.363999999999521,0.3243311372995852
6.365999999999521,0.32403292556422264
6.367999999999521,0.3237350667340455
6.3699999999995205,0.3234375602128905
6.37199999999952,0.3231404054655692
6.37399999999952,0.322843601986642
6.37599999999952,0.3225471492824475
6.37799999999952,0.32225104686417366
6.379999999999519,0.321955294243903
6.381999999999519,0.3216598909348796
6.383999999999519,0.3213648364490158
6.385999999999519,0.321070130298316
6.3879999999995185,0.32077577199537705
6.389999999999518,0.3204817610527026
6.391999999999518,0.3201880969831544
6.393999999999518,0.3198947792997507
6.395999999999518,0.31960180752091416
6.397999999999517,0.3193091811542974
6.399999999999517,0.319016899716927
6.401999999999517,0.3187249627264551
6.403999999999517,0.3184333696765145
6.4059999999995165,0.3181421201052983
6.407999999999516,0.31785121353828516
6.409999999999516,0.31756064949650503
6.411999999999516,0.3172704274991213
6.413999999999516,0.3169805470432432
6.415999999999515,0.31669100766881114
6.417999999999515,0.3164018089048052
6.419999999999515,0.3161129502757333
6.421999999999515,0.31582443128149384
6.4239999999995145,0.3155362514647358
6.425999999999514,0.31524841035682233
6.427999999999514,0.31496090746217875
6.429999999999514,0.31467374232589407
6.431999999999514,0.3143869144815416
6.433999999999513,0.31410042343545047
6.435999999999513,0.31381426873404017
6.437999999999513,0.3135284498904847
6.439999999999513,0.3132429664550892
6.441999999999513,0.31295781794199995
6.443999999999512,0.31267300387965546
6.445999999999512,0.3123885238260734
6.447999999999512,0.31210437729921686
6.449999999999512,0.3118205638293595
6.4519999999995115,0.3115370829749499
6.453999999999511,0.31125393425490655
6.455999999999511,0.3109711172024077
6.457999999999511,0.31068863135477753
6.459999999999511,0.31040647625249235
6.46199999999951,0.31012465143645873
6.46399999999951,0.3098431564484152
6.46599999999951,0.30956199083014474
6.46799999999951,0.30928115412436036
6.4699999999995095,0.30900064587448317
6.471999999999509,0.3087204656233399
6.473999999999509,0.30844061291483404
6.475999999999509,0.3081610872932799
6.477999999999509,0.30788188828169105
6.479999999999508,0.30760301368395726
6.481999999999508,0.3073244663917722
6.483999999999508,0.3070462449243456
6.485999999999508,0.3067683484031137
6.4879999999995075,0.30649077618612897
6.489999999999507,0.3062135277912191
6.491999999999507,0.30593660275463896
6.493999999999507,0.3056600006414124
6.495999999999507,0.3053837210473624
6.497999999999506,0.305107763527829
6.499999999999506,0.30483212764617695
6.501999999999506,0.30455681296653286
6.503999999999506,0.30428181905211465
6.5059999999995055,0.3040071454641625
6.507999999999505,0.3037327917642849
6.509999999999505,0.30345875751249884
6.511999999999505,0.3031850422685527
6.513999999999505,0.30291164557121897
6.515999999999504,0.3026385669972655
6.517999999999504,0.3023658047567188
6.519999999999504,0.30209335960412725
6.521999999999504,0.3018212328387777
6.5239999999995035,0.3015494229514059
6.525999999999503,0.3012779290483806
6.527999999999503,0.3010067505505234
6.529999999999503,0.3007358869683695
6.531999999999503,0.30046533787437135
6.533999999999502,0.3001951028619029
6.535999999999502,0.2999251815255651
6.537999999999502,0.29965557345633936
6.539999999999502,0.2993862782393742
6.5419999999995015,0.2991172954563528
6.543999999999501,0.2988486246635446
6.545999999999501,0.2985802654529531
6.547999999999501,0.29831221738541636
6.549999999999501,0.29804448005270806
6.5519999999995004,0.2977770530135463
6.5539999999995,0.29750993585736896
6.5559999999995,0.2972431281443506
6.5579999999995,0.2969766294444727
6.5599999999995,0.29671043933243724
6.561999999999499,0.2964445573870266
6.563999999999499,0.2961789831858974
6.565999999999499,0.2959137163074529
6.567999999999499,0.2956487563308294
6.5699999999994985,0.2953841028140553
6.571999999999498,0.29511975535354124
6.573999999999498,0.29485571351479306
6.575999999999498,0.29459197689631744
6.577999999999498,0.29432854506366823
6.579999999999497,0.29406541759695043
6.581999999999497,0.29380259407941867
6.583999999999497,0.2935400740963683
6.585999999999497,0.29327785723280775
6.5879999999994965,0.29301594307552664
6.589999999999496,0.292754331209237
6.591999999999496,0.29249302120220044
6.593999999999496,0.29223201265664656
6.595999999999496,0.2919713051457983
6.597999999999495,0.2917108982747011
6.599999999999495,0.29145079161712806
6.601999999999495,0.2911909847599496
6.603999999999495,0.29093147729511765
6.6059999999994945,0.29067226881403974
6.607999999999494,0.29041335890860387
6.609999999999494,0.29015474717266604
6.611999999999494,0.2898964331980364
6.613999999999494,0.2896384165622403
6.615999999999493,0.2893806968726784
6.617999999999493,0.28912327371138663
6.619999999999493,0.2888661466710212
6.621999999999493,0.28860931534937095
6.6239999999994925,0.28835277934579623
6.625999999999492,0.28809653825885373
6.627999999999492,0.2878405916873216
6.629999999999492,0.28758493923007517
6.631999999999492,0.28732958047069723
6.633999999999491,0.28707451502107334
6.635999999999491,0.2868197424706356
6.637999999999491,0.2865652624180293
6.639999999999491,0.28631107448234183
6.6419999999994905,0.2860571782554967
6.64399999999949,0.2858035733194066
6.64599999999949,0.2855502592913173
6.64799999999949,0.2852972357817467
6.64999999999949,0.2850445023820344
6.651999999999489,0.2847920587098608
6.653999999999489,0.28453990436028814
6.655999999999489,0.28428803893747523
6.657999999999489,0.28403646205037336
6.6599999999994886,0.28378517330742536
6.661999999999488,0.2835341723196779
6.663999999999488,0.28328345869634014
6.665999999999488,0.28303303204697555
6.667999999999488,0.28278289196814366
6.6699999999994874,0.28253303806733243
6.671999999999487,0.28228346997258297
6.673999999999487,0.28203418728774127
6.675999999999487,0.2817851896220079
6.677999999999487,0.28153647657533454
6.679999999999486,0.28128804777475724
6.681999999999486,0.2810399028406305
6.683999999999486,0.2807920413751162
6.685999999999486,0.28054446299243585
6.6879999999994855,0.2802971673237925
6.689999999999485,0.28005015397628813
6.691999999999485,0.2798034225523815
6.693999999999485,0.27955697268077356
6.695999999999485,0.27931080398611613
6.697999999999484,0.27906491607514816
6.699999999999484,0.2788193085800993
6.701999999999484,0.27857398111186477
6.703999999999484,0.2783289332904129
6.7059999999994835,0.2780841647376514
6.707999999999483,0.27783967507738794
6.709999999999483,0.277595463921372
6.711999999999483,0.2773515309037158
6.713999999999483,0.27710787564117423
6.715999999999482,0.27686449775709565
6.717999999999482,0.27662139688978443
6.719999999999482,0.2763785726460078
6.721999999999482,0.2761360246592866
6.7239999999994815,0.2758937525595517
6.725999999999481,0.2756517559653412
6.727999999999481,0.2754100345128202
6.729999999999481,0.2751685878244604
6.731999999999481,0.27492741552819183
6.73399999999948,0.27468651725456017
6.73599999999948,0.2744458926344385
6.73799999999948,0.2742055412902845
6.73999999999948,0.27396546286327944
6.7419999999994795,0.27372565697886075
6.743999999999479,0.2734861232686575
6.745999999999479,0.273246861367488
6.747999999999479,0.27300787091002177
6.749999999999479,0.27276915153165443
6.751999999999478,0.27253070285876113
6.753999999999478,0.2722925245264106
6.755999999999478,0.27205461617951965
6.757999999999478,0.27181697745001576
6.7599999999994775,0.2715796079745893
6.761999999999477,0.27134250738302285
6.763999999999477,0.27110567532063323
6.765999999999477,0.2708691114222904
6.767999999999477,0.27063281532649086
6.769999999999476,0.27039678667355965
6.771999999999476,0.27016102510663
6.773999999999476,0.26992553026715654
6.775999999999476,0.26969030179740805
6.7779999999994756,0.26945533933209465
6.779999999999475,0.26922064251331423
6.781999999999475,0.2689862109860539
6.783999999999475,0.2687520443947255
6.785999999999475,0.268518142385076
6.7879999999994745,0.2682845046017669
6.789999999999474,0.26805113068530684
6.791999999999474,0.2678180202804367
6.793999999999474,0.2675851730340568
6.795999999999474,0.26735258859556577
6.797999999999473,0.267120266613004
6.799999999999473,0.26688820672960967
6.801999999999473,0.2666564085991946
6.803999999999473,0.2664248718675126
6.8059999999994725,0.26619359618350136
6.807999999999472,0.2659625811978733
6.809999999999472,0.26573182655841787
6.811999999999472,0.2655013319200182
6.813999999999472,0.2652710969318628
6.815999999999471,0.2650411212465767
6.817999999999471,0.2648114045172987
6.819999999999471,0.2645819463985652
6.821999999999471,0.2643527465403285
6.8239999999994705,0.26412380460107165
6.82599999999947,0.2638951202333806
6.82799999999947,0.26366669309282537
6.82999999999947,0.2634385228356071
6.83199999999947,0.263210609115458
6.833999999999469,0.2629829515926672
6.835999999999469,0.2627555499234684
6.837999999999469,0.26252840376676456
6.839999999999469,0.26230151277989155
6.8419999999994685,0.26207487662234813
6.843999999999468,0.2618484949542137
6.845999999999468,0.26162236743401124
6.847999999999468,0.26139649372368845
6.849999999999468,0.2611708734839829
6.851999999999467,0.26094550637657576
6.853999999999467,0.26072039119068735
6.855999999999467,0.2604955285038041
6.857999999999467,0.2602709188386281
6.8599999999994665,0.26004656124398945
6.861999999999466,0.2598224551267632
6.863999999999466,0.2595986000597472
6.865999999999466,0.25937499569004147
6.867999999999466,0.2591516416919839
6.869999999999465,0.2589285678145709
6.871999999999465,0.2587057686598597
6.873999999999465,0.25848323041977783
6.875999999999465,0.25826094610160966
6.8779999999994645,0.25803891221386416
6.879999999999464,0.2578171270253445
6.881999999999464,0.2575955896631855
6.883999999999464,0.2573742996409372
6.885999999999464,0.2571532566261884
6.887999999999463,0.2569324603429858
6.889999999999463,0.25671191052014386
6.891999999999463,0.2564916068824511
6.893999999999463,0.25627154914242317
6.895999999999463,0.25605173700422035
6.897999999999462,0.2558321701557727
6.899999999999462,0.2556128482858899
6.901999999999462,0.25539377107660455
6.903999999999462,0.2551749382071909
6.9059999999994615,0.2549563493550797
6.907999999999461,0.25473800420283954
6.909999999999461,0.25451990242729583
6.911999999999461,0.254302043705078
6.913999999999461,0.2540844277125752
6.91599999999946,0.25386705413127997
6.91799999999946,0.25364992263471475
6.91999999999946,0.2534330329057588
6.92199999999946,0.2532163846227819
6.9239999999994595,0.2529999774717433
6.925999999999459,0.2527838111268557
6.927999999999459,0.2525678852719591
6.929999999999459,0.2523521995882144
6.931999999999459,0.2521367537552408
6.933999999999458,0.2519215474627239
6.935999999999458,0.25170658038481597
6.937999999999458,0.2514918511379316
6.939999999999458,0.25127736145260715
6.9419999999994575,0.25106311038640083
6.943999999999457,0.25084909733991567
6.945999999999457,0.2506353218993303
6.947999999999457,0.2504217837215468
6.949999999999457,0.25020848249397154
6.951999999999456,0.2499954179224168
6.953999999999456,0.24978258969790187
6.955999999999456,0.24956999752489317
6.957999999999456,0.24935764110992326
6.9599999999994555,0.24914552013722865
6.961999999999455,0.24893363430469628
6.963999999999455,0.24872198329124295
6.965999999999455,0.2485105668064773
6.967999999999455,0.24829938453331263
6.969999999999454,0.24808843615794737
6.971999999999454,0.2478777213808929
6.973999999999454,0.24766723989369344
6.975999999999454,0.24745699138603677
6.9779999999994535,0.24724697555989578
6.979999999999453,0.24703719210855976
6.981999999999453,0.24682764072031452
6.983999999999453,0.24661832108698623
6.985999999999453,0.24640923289890868
6.987999999999452,0.24620037586045085
6.989999999999452,0.2459917496685391
6.991999999999452,0.24578335401545603
6.993999999999452,0.2455751886074103
6.9959999999994515,0.24536725312630808
6.997999999999451,0.24515954727599504
6.999999999999451,0.24495207075425451
7.001999999999451,0.24474482327200195
7.003999999999451,0.244537804594974
7.0059999999994504,0.24433101430139717
7.00799999999945,0.2441244521133703
7.00999999999945,0.24391811775295266
7.01199999999945,0.2437120109100538
7.01399999999945,0.24350613129604998
7.015999999999449,0.24330047861247858
7.017999999999449,0.24309505257519448
7.019999999999449,0.2428898528678573
7.021999999999449,0.24268487920202875
7.0239999999994485,0.2424801312790396
7.025999999999448,0.24227560881656107
7.027999999999448,0.24207131149967565
7.029999999999448,0.2418672390406284
7.031999999999448,0.24166339114457086
7.033999999999447,0.24145976753110587
7.035999999999447,0.24125636788335592
7.037999999999447,0.24105319191869862
7.039999999999447,0.2408502393427107
7.0419999999994465,0.2406475098772754
7.043999999999446,0.24044500320765955
7.045999999999446,0.24024271905220107
7.047999999999446,0.24004065713883843
7.049999999999446,0.2398388171536308
7.051999999999445,0.23963719881599127
7.053999999999445,0.23943580183195085
7.055999999999445,0.23923462590626948
7.057999999999445,0.23903367076571774
7.0599999999994445,0.23883293609729675
7.061999999999444,0.23863242162496062
7.063999999999444,0.2384321270813372
7.065999999999444,0.23823205215481524
7.067999999999444,0.2380321965694315
7.069999999999443,0.2378325600345472
7.071999999999443,0.23763314225818136
7.073999999999443,0.23743394297258014
7.075999999999443,0.23723496189002538
7.0779999999994425,0.23703619871679094
7.079999999999442,0.23683765318504102
7.081999999999442,0.23663932498322826
7.083999999999442,0.23644121383940445
7.085999999999442,0.23624331946817795
7.087999999999441,0.23604564160619254
7.089999999999441,0.23584817996823645
7.091999999999441,0.2356509342640894
7.093999999999441,0.2354539042022562
7.0959999999994405,0.23525708951936714
7.09799999999944,0.2350604899317477
7.09999999999944,0.2348641051518516
7.10199999999944,0.23466793489059273
7.10399999999944,0.23447197888783228
7.105999999999439,0.23427623686225807
7.107999999999439,0.23408070852736979
7.109999999999439,0.233885393624717
7.111999999999439,0.2336902918727986
7.1139999999994386,0.233495402983716
7.115999999999438,0.23330072666960888
7.117999999999438,0.23310626267425835
7.119999999999438,0.2329120107198936
7.121999999999438,0.2327179705207852
7.1239999999994374,0.2325241417922461
7.125999999999437,0.23233052428088055
7.127999999999437,0.23213711770995152
7.129999999999437,0.2319439218276675
7.131999999999437,0.23175093632302146
7.133999999999436,0.23155816093644405
7.135999999999436,0.231365595422504
7.137999999999436,0.23117323947420293
7.139999999999436,0.23098109283165136
7.1419999999994355,0.23078915521910406
7.143999999999435,0.23059742635466324
7.145999999999435,0.23040590598989139
7.147999999999435,0.2302145938527616
7.149999999999435,0.2300234896607386
7.151999999999434,0.2298325931672071
7.153999999999434,0.22964190409776286
7.155999999999434,0.2294514221713188
7.157999999999434,0.22926114710583229
7.1599999999994335,0.22907107865722276
7.161999999999433,0.22888121655460814
7.163999999999433,0.22869156052018358
7.165999999999433,0.22850211031043766
7.167999999999433,0.2283128656538986
7.169999999999432,0.2281238262721461
7.171999999999432,0.2279349918849567
7.173999999999432,0.227746362252628
7.175999999999432,0.2275579371072033
7.1779999999994315,0.22736971621053587
7.179999999999431,0.22718169925392295
7.181999999999431,0.2269938859884018
7.183999999999431,0.22680627618486182
7.185999999999431,0.22661886953593702
7.18799999999943,0.22643166579544832
7.18999999999943,0.22624466469528515
7.19199999999943,0.22605786600026218
7.19399999999943,0.22587126940500912
7.1959999999994295,0.22568487470477033
7.197999999999429,0.22549868160236033
7.199999999999429,0.22531268985342395
7.201999999999429,0.22512689919178624
7.203999999999429,0.224941309342619
7.205999999999428,0.22475592007413642
7.207999999999428,0.22457073112189335
7.209999999999428,0.2243857422133303
7.211999999999428,0.2242009530749044
7.2139999999994275,0.22401636347826126
7.215999999999427,0.2238319732051275
7.217999999999427,0.2236477819479364
7.219999999999427,0.22346378946764145
7.221999999999427,0.22327999549873867
7.223999999999426,0.2230963997701632
7.225999999999426,0.2229130020560136
7.227999999999426,0.22272980209671012
7.229999999999426,0.2225467996662443
7.2319999999994256,0.2223639944557974
7.233999999999425,0.22218138622997602
7.235999999999425,0.22199897477498812
7.237999999999425,0.2218167597849909
7.239999999999425,0.22163474102475117
7.2419999999994245,0.22145291823595364
7.243999999999424,0.22127129119866823
7.245999999999424,0.2210898596537083
7.247999999999424,0.22090862333072503
7.249999999999424,0.22072758200710146
7.251999999999423,0.22054673542464434
7.253999999999423,0.22036608331249494
7.255999999999423,0.22018562540221465
7.257999999999423,0.22000536147651084
7.2599999999994225,0.2198252912820211
7.261999999999422,0.21964541460311446
7.263999999999422,0.21946573118152912
7.265999999999422,0.21928624074868353
7.267999999999422,0.21910694303455802
7.269999999999421,0.2189278378244848
7.271999999999421,0.21874892486539527
7.273999999999421,0.218570203893581
7.275999999999421,0.2183916746955442
7.2779999999994205,0.21821333701780588
7.27999999999942,0.2180351906481736
7.28199999999942,0.2178572353288445
7.28399999999942,0.21767947079149408
7.28599999999942,0.21750189676675494
7.287999999999419,0.2173245130439249
7.289999999999419,0.21714731937257858
7.291999999999419,0.21697031549189982
7.293999999999419,0.21679350119279628
7.2959999999994185,0.216616876225348
7.297999999999418,0.216440440326781
7.299999999999418,0.21626419328840304
7.301999999999418,0.21608813485949366
7.303999999999418,0.21591226483285547
7.305999999999417,0.21573658289905312
7.307999999999417,0.2155610888380926
7.309999999999417,0.21538578245700957
7.311999999999417,0.21521066350874335
7.3139999999994165,0.215035731727373
7.315999999999416,0.21486098684662264
7.317999999999416,0.21468642866311827
7.319999999999416,0.2145120569298918
7.321999999999416,0.21433787144782454
7.323999999999415,0.2141638719081529
7.325999999999415,0.21399005809632823
7.327999999999415,0.21381642982539031
7.329999999999415,0.21364298684979266
7.3319999999994145,0.21346972890740484
7.333999999999414,0.21329665573400755
7.335999999999414,0.21312376713083106
7.337999999999414,0.2129510628548772
7.339999999999414,0.21277854271155702
7.341999999999413,0.2126062064522365
7.343999999999413,0.21243405381423613
7.345999999999413,0.21226208459800844
7.347999999999413,0.21209029855632058
7.349999999999413,0.21191869542849193
7.351999999999412,0.21174727501806134
7.353999999999412,0.21157603701799751
7.355999999999412,0.21140498128836993
7.357999999999412,0.21123410753642247
7.3599999999994115,0.21106341562268113
7.361999999999411,0.21089290525041246
7.363999999999411,0.2107225762097982
7.365999999999411,0.210552428252573
7.367999999999411,0.21038246112224823
7.36999999999941,0.210212674628229
7.37199999999941,0.21004306853127086
7.37399999999941,0.20987364264217767
7.37599999999941,0.2097043966513594
7.3779999999994095,0.2095353304219454
7.379999999999409,0.20936644365797802
7.381999999999409,0.20919773615724524
7.383999999999409,0.20902920767899646
7.385999999999409,0.20886085803824855
7.387999999999408,0.20869268699302979
7.389999999999408,0.20852469428627962
7.391999999999408,0.20835687972991096
7.393999999999408,0.2081892430840695
7.3959999999994075,0.20802178416407224
7.397999999999407,0.20785450265593883
7.399999999999407,0.20768739835832228
7.401999999999407,0.20752047110682023
7.403999999999407,0.2073537206656319
7.405999999999406,0.20718714677816866
7.407999999999406,0.2070207492581575
7.409999999999406,0.20685452786569122
7.411999999999406,0.20668848234534387
7.4139999999994055,0.20652261251508486
7.415999999999405,0.20635691813913776
7.417999999999405,0.2061913989637111
7.419999999999405,0.20602605481082054
7.421999999999405,0.20586088544649028
7.423999999999404,0.20569589069356392
7.425999999999404,0.2055310703128043
7.427999999999404,0.20536642404786837
7.429999999999404,0.2052019516416767
7.4319999999994035,0.20503765292172374
7.433999999999403,0.20487352773533696
7.435999999999403,0.20470957584813254
7.437999999999403,0.20454579700094921
7.439999999999403,0.20438219093407256
7.441999999999402,0.2042187574731067
7.443999999999402,0.20405549638733664
7.445999999999402,0.20389240750659465
7.447999999999402,0.203729514973888
7.4499999999994015,0.20356681380581287
7.451999999999401,0.20340429321918793
7.453999999999401,0.20324194765625536
7.455999999999401,0.20307977452133627
7.457999999999401,0.20291777241397524
7.4599999999994,0.20275594071820674
7.4619999999994,0.20259427907751848
7.4639999999994,0.20243278732521935
7.4659999999994,0.2022714652691494
7.4679999999994,0.20211031270652074
7.469999999999399,0.20194932951036004
7.471999999999399,0.20178851548194277
7.473999999999399,0.20162787047773562
7.475999999999399,0.20146739427841512
7.4779999999993985,0.2013070866425484
7.479999999999398,0.20114694740662428
7.481999999999398,0.2009869763434806
7.483999999999398,0.20082717329085914
7.485999999999398,0.2006675379323723
7.487999999999397,0.2005080701701898
7.489999999999397,0.20034876970844573
7.491999999999397,0.20018963636865167
7.493999999999397,0.20003067000582397
7.4959999999993965,0.19987187030742826
7.497999999999396,0.19971323717544945
7.499999999999396,0.19955477031125723
7.501999999999396,0.19939646890738078
7.503999999999396,0.1992383327410005
7.505999999999395,0.19908036233659737
7.507999999999395,0.19892255777094384
7.509999999999395,0.1987649189177869
7.511999999999395,0.1986074454809714
7.5139999999993945,0.19845013712443454
7.515999999999394,0.1982929936092379
7.517999999999394,0.19813601464788938
7.519999999999394,0.1979791999519303
7.521999999999394,0.19782254933693832
7.523999999999393,0.19766606265046288
7.525999999999393,0.19750973956183843
7.527999999999393,0.19735357988253738
7.529999999999393,0.19719758346994987
7.5319999999993925,0.19704175000575086
7.533999999999392,0.19688607940516867
7.535999999999392,0.19673057136712804
7.537999999999392,0.19657522572134797
7.539999999999392,0.1964200423290033
7.541999999999391,0.1962650209658575
7.543999999999391,0.19611016138000023
7.545999999999391,0.19595546331935487
7.547999999999391,0.19580092663423615
7.5499999999993905,0.19564655120089972
7.55199999999939,0.1954923367963886
7.55399999999939,0.1953382831702106
7.55599999999939,0.19518439016314876
7.55799999999939,0.19503065754730897
7.559999999999389,0.19487708507560803
7.561999999999389,0.19472367259965523
7.563999999999389,0.19457041989873475
7.565999999999389,0.19441732682748208
7.5679999999993885,0.1942643931622639
7.569999999999388,0.19411161865594634
7.571999999999388,0.1939590031588198
7.573999999999388,0.19380654645089854
7.575999999999388,0.1936542483886476
7.5779999999993874,0.1935021087469453
7.579999999999387,0.19335012737727664
7.581999999999387,0.19319830394949522
7.583999999999387,0.19304663839609904
7.585999999999387,0.19289513051498147
7.587999999999386,0.19274378006020798
7.589999999999386,0.19259258677972202
7.591999999999386,0.19244155053058473
7.593999999999386,0.19229067109743464
7.5959999999993855,0.19213994834344605
7.597999999999385,0.19198938204921
7.599999999999385,0.19183897207394635
7.601999999999385,0.1916887181894174
7.603999999999385,0.19153862014578604
7.605999999999384,0.19138867779949495
7.607999999999384,0.1912388909305962
7.609999999999384,0.19108925940140803
7.611999999999384,0.19093978298891143
7.6139999999993835,0.1907904615525261
7.615999999999383,0.1906412948642612
7.617999999999383,0.19049228267206425
7.619999999999383,0.19034342483501981
7.621999999999383,0.19019472113406735
7.623999999999382,0.19004617132791474
7.625999999999382,0.18989777528351326
7.627999999999382,0.18974953289715463
7.629999999999382,0.18960144395077533
7.6319999999993815,0.18945350819175555
7.633999999999381,0.18930572536768378
7.635999999999381,0.18915809545540146
7.637999999999381,0.1890106181536062
7.639999999999381,0.18886329330379825
7.64199999999938,0.1887161206832872
7.64399999999938,0.18856910016234957
7.64599999999938,0.18842223152255472
7.64799999999938,0.18827551463208383
7.6499999999993795,0.18812894926756585
7.651999999999379,0.18798253518120076
7.653999999999379,0.18783627224005178
7.655999999999379,0.1876901603405846
7.657999999999379,0.1875441991486756
7.659999999999378,0.18739838861898223
7.661999999999378,0.1872527284382828
7.663999999999378,0.18710721845270178
7.665999999999378,0.18696185855765235
7.6679999999993775,0.18681664853663868
7.669999999999377,0.18667158814046142
7.671999999999377,0.1865266772363497
7.673999999999377,0.18638191560529094
7.675999999999377,0.1862373030062161
7.677999999999376,0.1860928393175174
7.679999999999376,0.1859485244462044
7.681999999999376,0.18580435817812918
7.683999999999376,0.18566034026224565
7.6859999999993756,0.1855164705643612
7.687999999999375,0.1853727488656653
7.689999999999375,0.1852291750421567
7.691999999999375,0.18508574887374163
7.693999999999375,0.18494247011380738
7.6959999999993745,0.18479933863852321
7.697999999999374,0.18465635435634292
7.699999999999374,0.184513516929541
7.701999999999374,0.1843708263271864
7.703999999999374,0.18422828223357596
7.705999999999373,0.18408588450256608
7.707999999999373,0.18394363304021666
7.709999999999373,0.18380152763288787
7.711999999999373,0.18365956803210992
7.7139999999993725,0.18351775411375967
7.715999999999372,0.18337608566340347
7.717999999999372,0.18323456256501452
7.719999999999372,0.1830931846018543
7.721999999999372,0.18295195165414216
7.723999999999371,0.1828108634999851
7.725999999999371,0.18266992001729085
7.727999999999371,0.18252912098093066
7.729999999999371,0.1823884661406309
7.7319999999993705,0.18224795537505295
7.73399999999937,0.18210758847358327
7.73599999999937,0.18196736532583474
7.73799999999937,0.18182728571763668
7.73999999999937,0.18168734953481352
7.741999999999369,0.18154755655676838
7.743999999999369,0.18140790653671857
7.745999999999369,0.1812683993592287
7.747999999999369,0.18112903481414755
7.7499999999993685,0.18098981279561893
7.751999999999368,0.180850733221664
7.753999999999368,0.18071179574070484
7.755999999999368,0.1805730002034538
7.757999999999368,0.18043434652387025
7.759999999999367,0.18029583449200162
7.761999999999367,0.1801574639934176
7.763999999999367,0.1800192348047637
7.765999999999367,0.17988114667459743
7.7679999999993665,0.1797431994874623
7.769999999999366,0.17960539303275316
7.771999999999366,0.17946772720692336
7.773999999999366,0.17933020179744014
7.775999999999366,0.17919281669649162
7.777999999999365,0.1790555716865961
7.779999999999365,0.17891846665582775
7.781999999999365,0.17878150138323404
7.783999999999365,0.17864467561834252
7.7859999999993645,0.17850798925226133
7.787999999999364,0.17837144221367882
7.789999999999364,0.1782350341523936
7.791999999999364,0.1780987650667478
7.793999999999364,0.17796263477099034
7.795999999999363,0.17782664301926165
7.797999999999363,0.1776907896949656
7.799999999999363,0.17755507458064979
7.801999999999363,0.1774194974314438
7.803999999999363,0.17728405814662035
7.805999999999362,0.17714875666327945
7.807999999999362,0.17701359277318995
7.809999999999362,0.17687856622451964
7.811999999999362,0.17674367690871268
7.8139999999993615,0.17660892475478984
7.815999999999361,0.17647430940410666
7.817999999999361,0.1763398308607669
7.819999999999361,0.17620548879451375
7.821999999999361,0.17607128322002313
7.82399999999936,0.1759372138074301
7.82599999999936,0.17580328042477042
7.82799999999936,0.17566948300341925
7.82999999999936,0.17553582133411721
7.8319999999993595,0.1754022953142025
7.833999999999359,0.17526890471959672
7.835999999999359,0.17513564929641906
7.837999999999359,0.17500252894054502
7.839999999999359,0.17486954344331856
7.841999999999358,0.17473669271633396
7.843999999999358,0.1746039766984302
7.845999999999358,0.1744713950250154
7.847999999999358,0.17433894770634495
7.8499999999993575,0.17420663440719705
7.851999999999357,0.17407445514838388
7.853999999999357,0.1739424095958671
7.855999999999357,0.17381049777066604
7.857999999999357,0.17367871933658313
7.859999999999356,0.17354707416283766
7.861999999999356,0.1734155621859393
7.863999999999356,0.17328418319734065
7.865999999999356,0.17315293694686235
7.8679999999993555,0.17302182333665012
7.869999999999355,0.17289084231269491
7.871999999999355,0.17275999366265124
7.873999999999355,0.17262927713104367
7.875999999999355,0.1724986926162711
7.877999999999354,0.17236823990558492
7.879999999999354,0.17223791891289045
7.881999999999354,0.17210772942808655
7.883999999999354,0.1719776713614989
7.8859999999993535,0.17184774449896448
7.887999999999353,0.1717179487480544
7.889999999999353,0.17158828389094574
7.891999999999353,0.17145874983441223
7.893999999999353,0.17132934635994113
7.895999999999352,0.17120007337283577
7.897999999999352,0.17107093065423049
7.899999999999352,0.1709419179513182
7.901999999999352,0.17081303517624316
7.9039999999993515,0.1706842822846112
7.905999999999351,0.17055565907057318
7.907999999999351,0.1704271654403631
7.909999999999351,0.17029880116732823
7.911999999999351,0.1701705659929662
7.91399999999935,0.17004245982433955
7.91599999999935,0.16991448245452354
7.91799999999935,0.16978663380774225
7.91999999999935,0.1696589138404862
7.92199999999935,0.16953132233866897
7.923999999999349,0.1694038590405164
7.925999999999349,0.16927652384748806
7.927999999999349,0.16914931654684698
7.929999999999349,0.16902223705834798
7.9319999999993485,0.16889528517225916
7.933999999999348,0.16876846080757657
7.935999999999348,0.1686417637514344
7.937999999999348,0.16851519391963574
7.939999999999348,0.16838875109607407
7.941999999999347,0.16826243519607553
7.943999999999347,0.16813624600294436
7.945999999999347,0.16801018343116322
7.947999999999347,0.167884247262804
7.9499999999993465,0.1677584374125945
7.951999999999346,0.16763275366340982
7.953999999999346,0.16750719593005106
7.955999999999346,0.16738176399487215
7.957999999999346,0.1672564577741754
7.959999999999345,0.16713127705032393
7.961999999999345,0.16700622157026407
7.963999999999345,0.16688129125532872
7.965999999999345,0.16675648607746302
7.9679999999993445,0.16663180583281306
7.969999999999344,0.1665072504382594
7.971999999999344,0.16638281966999752
7.973999999999344,0.16625851326692495
7.975999999999344,0.1661343313193509
7.977999999999343,0.16601027348180186
7.979999999999343,0.1658863396356231
7.981999999999343,0.16576252973721528
7.983999999999343,0.16563884357702624
7.9859999999993425,0.1655152808978719
7.987999999999342,0.1653918417948135
7.989999999999342,0.1652685259185464
7.991999999999342,0.16514533315065272
7.993999999999342,0.1650222634484123
7.995999999999341,0.16489931660168672
7.997999999999341,0.16477649235213657
7.999999999999341,0.1646537906214296
