time,value
0.0,4.328697098549188
0.002,4.215367565845932
0.004,4.144268430667913
0.006,5.0388288148224225
0.008,5.3488272694186
0.01,5.415896571285546
0.012,5.387383160807101
0.014,5.333962794667891
0.016,5.28593502337518
0.018000000000000002,5.252134034209928
0.020000000000000004,5.231625552294239
0.022000000000000006,5.220467739832776
0.024000000000000007,5.214815126490974
0.02600000000000001,5.211922450606889
0.02800000000000001,5.210161270740518
0.030000000000000013,5.208710866320813
0.032000000000000015,5.207234357344269
0.034000000000000016,5.2056416253748115
0.03600000000000002,5.203945795853102
0.03800000000000002,5.202189190874308
0.04000000000000002,5.200411676191614
0.04200000000000002,5.198641244743342
0.044000000000000025,5.1968943312847085
0.04600000000000003,5.19517901865517
0.04800000000000003,5.193498399966792
0.05000000000000003,5.1918530266990945
0.05200000000000003,5.190242348746549
0.054000000000000034,5.1886655260482275
0.056000000000000036,5.1871216786678005
0.05800000000000004,5.185610068032136
0.06000000000000004,5.184130059679633
0.06200000000000004,5.18268108135842
0.06400000000000004,5.181262605325684
0.06600000000000004,5.179874115080019
0.06800000000000005,5.178515709758044
0.07000000000000005,5.177186763882348
0.07200000000000005,5.175886438540932
0.07400000000000005,5.174614075216827
0.07600000000000005,5.173369085964412
0.07800000000000006,5.172150942264387
0.08000000000000006,5.170959127827
0.08200000000000006,5.169793134929727
0.08400000000000006,5.168652447468724
0.08600000000000006,5.167536552577501
0.08800000000000006,5.166444916195427
0.09000000000000007,5.165377038502848
0.09200000000000007,5.1643324073131645
0.09400000000000007,5.163310516018312
0.09600000000000007,5.1623108410052145
0.09800000000000007,5.161332897232708
0.10000000000000007,5.160376190800173
0.10200000000000008,5.159440236206793
0.10400000000000008,5.158524547305669
0.10600000000000008,5.157628636462171
0.10800000000000008,5.156752045053226
0.11000000000000008,5.155894319148669
0.11200000000000009,5.155055002586354
0.11400000000000009,5.154233637324813
0.11600000000000009,5.153429780447953
0.11800000000000009,5.152643007734364
0.12000000000000009,5.151872897819437
0.1220000000000001,5.151119028479656
0.1240000000000001,5.150380992150468
0.12600000000000008,5.149658384883546
0.12800000000000009,5.148950818354156
0.1300000000000001,5.148257893177683
0.1320000000000001,5.147579238284501
0.1340000000000001,5.146914489695715
0.1360000000000001,5.146263283987371
0.1380000000000001,5.1456252581535225
0.1400000000000001,5.145000065879626
0.1420000000000001,5.144387366125651
0.1440000000000001,5.1437868345140805
0.1460000000000001,5.143198135955399
0.1480000000000001,5.142620963713529
0.1500000000000001,5.142055003470892
0.1520000000000001,5.141499954440448
0.1540000000000001,5.140955520181444
0.1560000000000001,5.140421406391889
0.1580000000000001,5.139897350266013
0.16000000000000011,5.139383066054543
0.16200000000000012,5.138878278483414
0.16400000000000012,5.138382732542133
0.16600000000000012,5.137896164294176
0.16800000000000012,5.13741833872503
0.17000000000000012,5.136949012844423
0.17200000000000013,5.136487941963849
0.17400000000000013,5.136034898154907
0.17600000000000013,5.135589658986031
0.17800000000000013,5.135152004031799
0.18000000000000013,5.134721729130694
0.18200000000000013,5.134298619397651
0.18400000000000014,5.133882473617118
0.18600000000000014,5.1334731099346875
0.18800000000000014,5.133070320775206
0.19000000000000014,5.132673924086693
0.19200000000000014,5.1322837312109035
0.19400000000000014,5.131899568411933
0.19600000000000015,5.13152126675634
0.19800000000000015,5.131148674175388
0.20000000000000015,5.130781618690988
0.20200000000000015,5.1304199506066395
0.20400000000000015,5.130063524506687
0.20600000000000016,5.129712180377596
0.20800000000000016,5.129365785668505
0.21000000000000016,5.129024184931122
0.21200000000000016,5.128687248418538
0.21400000000000016,5.12835483868079
0.21600000000000016,5.128026817264838
0.21800000000000017,5.127703062532802
0.22000000000000017,5.127383457514067
0.22200000000000017,5.1270678856746965
0.22400000000000017,5.12675621587295
0.22600000000000017,5.126448345567885
0.22800000000000017,5.126144164726908
0.23000000000000018,5.1258435614442694
0.23200000000000018,5.125546425006775
0.23400000000000018,5.1252526763266655
0.23600000000000018,5.124962197869836
0.23800000000000018,5.124674908686294
0.24000000000000019,5.124390707379502
0.2420000000000002,5.124109503189319
0.2440000000000002,5.123831209425641
0.2460000000000002,5.123555755432932
0.2480000000000002,5.123283043463161
0.25000000000000017,5.123013000391861
0.25200000000000017,5.122745545101296
0.25400000000000017,5.122480595131039
0.25600000000000017,5.12221808423376
0.2580000000000002,5.121957949870295
0.2600000000000002,5.121700114281622
0.2620000000000002,5.121444511829253
0.2640000000000002,5.121191066184122
0.2660000000000002,5.120939729734186
0.2680000000000002,5.120690431307785
0.2700000000000002,5.12044312392351
0.2720000000000002,5.120197736326933
0.2740000000000002,5.119954227476069
0.2760000000000002,5.119712724976388
0.2780000000000002,5.119473049525278
0.2800000000000002,5.119235098820072
0.2820000000000002,5.1189987992639105
0.2840000000000002,5.118764094337948
0.2860000000000002,5.11853094318086
0.2880000000000002,5.118299296985587
0.2900000000000002,5.118069119759933
0.2920000000000002,5.117840363203463
0.2940000000000002,5.117612990957365
0.2960000000000002,5.117386954811887
0.2980000000000002,5.117162219243501
0.3000000000000002,5.116938751929074
0.3020000000000002,5.116716505730082
0.3040000000000002,5.116495445837716
0.3060000000000002,5.11627555561447
0.3080000000000002,5.11605677635305
0.3100000000000002,5.115839085520984
0.3120000000000002,5.1156224552004
0.3140000000000002,5.115406854752447
0.3160000000000002,5.115192238173774
0.3180000000000002,5.114978587507786
0.32000000000000023,5.1147658621092775
0.32200000000000023,5.11455404607534
0.32400000000000023,5.114343114085962
0.32600000000000023,5.11413303743333
0.32800000000000024,5.11392378704913
0.33000000000000024,5.11371533476092
0.33200000000000024,5.113507668089377
0.33400000000000024,5.113300747853147
0.33600000000000024,5.113094559285992
0.33800000000000024,5.1128890791094035
0.34000000000000025,5.112684296139259
0.34200000000000025,5.112480186100897
0.34400000000000025,5.11227672145885
0.34600000000000025,5.112073875588916
0.34800000000000025,5.1118716384880125
0.35000000000000026,5.111669988805903
0.35200000000000026,5.111468916784332
0.35400000000000026,5.111268399905995
0.35600000000000026,5.111068427347503
0.35800000000000026,5.1108689760980015
0.36000000000000026,5.110670020935668
0.36200000000000027,5.110471555083471
0.36400000000000027,5.1102735783512765
0.36600000000000027,5.110076095085909
0.36800000000000027,5.109879102775657
0.3700000000000003,5.109682579303409
0.3720000000000003,5.109486498187014
0.3740000000000003,5.109290863656959
0.3760000000000003,5.1090956418972935
0.3780000000000003,5.108900820999646
0.3800000000000003,5.108706395902301
0.3820000000000003,5.108512361846128
0.3840000000000003,5.10831869780731
0.3860000000000003,5.108125379868139
0.3880000000000003,5.107932415307167
0.3900000000000003,5.10773978783538
0.3920000000000003,5.107547474935368
0.3940000000000003,5.107355484095876
0.3960000000000003,5.107163799031985
0.3980000000000003,5.106972397391991
0.4000000000000003,5.106781287061193
0.4020000000000003,5.106590452344251
0.4040000000000003,5.106399886069071
0.4060000000000003,5.106209568913308
0.4080000000000003,5.106019494849672
0.4100000000000003,5.105829676032113
0.4120000000000003,5.1056400818629175
0.4140000000000003,5.10545071716033
0.4160000000000003,5.105261566045438
0.4180000000000003,5.105072622573139
0.4200000000000003,5.104883883683045
0.4220000000000003,5.10469534622602
0.4240000000000003,5.104507006075999
0.4260000000000003,5.104318843652251
0.4280000000000003,5.104130852209235
0.4300000000000003,5.103943029273542
0.43200000000000033,5.1037553728306815
0.43400000000000033,5.103567880004599
0.43600000000000033,5.103380532408053
0.43800000000000033,5.103193324375965
0.44000000000000034,5.103006268923617
0.44200000000000034,5.1028193514414
0.44400000000000034,5.102632565275801
0.44600000000000034,5.102445892271197
0.44800000000000034,5.102259342932873
0.45000000000000034,5.102072918669072
0.45200000000000035,5.101886601896998
0.45400000000000035,5.101700387344097
0.45600000000000035,5.101514292870215
0.45800000000000035,5.101328306770069
0.46000000000000035,5.101142423437181
0.46200000000000035,5.10095663966198
0.46400000000000036,5.100770938275739
0.46600000000000036,5.100585329946659
0.46800000000000036,5.10039981615867
0.47000000000000036,5.100214379556239
0.47200000000000036,5.100029029170449
0.47400000000000037,5.099843750366388
0.47600000000000037,5.099658538176611
0.47800000000000037,5.099473391179991
0.48000000000000037,5.099288323135327
0.4820000000000004,5.0991033193797515
0.4840000000000004,5.098918373476395
0.4860000000000004,5.098733482534507
0.4880000000000004,5.098548644792849
0.4900000000000004,5.098363844068007
0.4920000000000004,5.098179091931317
0.4940000000000004,5.0979943908205
0.4960000000000004,5.097809738909025
0.4980000000000004,5.097625118275564
0.5000000000000003,5.097440538738898
0.5020000000000003,5.097255986975175
0.5040000000000003,5.097071473970265
0.5060000000000003,5.096887000711031
0.5080000000000003,5.096702549589819
0.5100000000000003,5.096518115402522
0.5120000000000003,5.096333712298318
0.5140000000000003,5.096149327538975
0.5160000000000003,5.095964971429801
0.5180000000000003,5.095780629598008
0.5200000000000004,5.095596297348284
0.5220000000000004,5.095411988389032
0.5240000000000004,5.0952276894126936
0.5260000000000004,5.095043395794801
0.5280000000000004,5.094859121014267
0.5300000000000004,5.094674851529701
0.5320000000000004,5.094490582571799
0.5340000000000004,5.094306313049234
0.5360000000000004,5.094122057486768
0.5380000000000004,5.093937802359102
0.5400000000000004,5.093753542614545
0.5420000000000004,5.093569276891158
0.5440000000000004,5.093385019568459
0.5460000000000004,5.093200757082654
0.5480000000000004,5.093016484426494
0.5500000000000004,5.092832214879465
0.5520000000000004,5.092647934904055
0.5540000000000004,5.09246363991277
0.5560000000000004,5.092279329105612
0.5580000000000004,5.0920950173798305
0.5600000000000004,5.091910691593326
0.5620000000000004,5.091726347082582
0.5640000000000004,5.091541997412351
0.5660000000000004,5.091357629300965
0.5680000000000004,5.091173238379262
0.5700000000000004,5.090988838604482
0.5720000000000004,5.09080441703167
0.5740000000000004,5.090619986305857
0.5760000000000004,5.0904355503325025
0.5780000000000004,5.090251114956852
0.5800000000000004,5.090066697017237
0.5820000000000004,5.089882283421794
0.5840000000000004,5.0896978833819775
0.5860000000000004,5.089513481584199
0.5880000000000004,5.08932908736719
0.5900000000000004,5.089144686291428
0.5920000000000004,5.088960274053057
0.5940000000000004,5.088775864992782
0.5960000000000004,5.08859144646693
0.5980000000000004,5.088407029052805
0.6000000000000004,5.088222598804143
0.6020000000000004,5.088038151586801
0.6040000000000004,5.087853701806166
0.6060000000000004,5.087669236863779
0.6080000000000004,5.087484767408049
0.6100000000000004,5.087300279591263
0.6120000000000004,5.087115783957018
0.6140000000000004,5.086931266968314
0.6160000000000004,5.086746739552491
0.6180000000000004,5.086562188490325
0.6200000000000004,5.086377624941071
0.6220000000000004,5.086193035837142
0.6240000000000004,5.086008432441421
0.6260000000000004,5.085823816334495
0.6280000000000004,5.0856391707559325
0.6300000000000004,5.08545450614712
0.6320000000000005,5.085269809859302
0.6340000000000005,5.085085093862517
0.6360000000000005,5.084900360387477
0.6380000000000005,5.0847156144950665
0.6400000000000005,5.084530832622225
0.6420000000000005,5.084346023563776
0.6440000000000005,5.08416118973144
0.6460000000000005,5.083976330676439
0.6480000000000005,5.083791444976086
0.6500000000000005,5.083606531096768
0.6520000000000005,5.0834215731281756
0.6540000000000005,5.083236583506586
0.6560000000000005,5.083051566078906
0.6580000000000005,5.082866520767678
0.6600000000000005,5.0826814461018825
0.6620000000000005,5.0824963549893765
0.6640000000000005,5.0823112324771635
0.6660000000000005,5.082126072736186
0.6680000000000005,5.081940874285404
0.6700000000000005,5.081755637323892
0.6720000000000005,5.081570362436109
0.6740000000000005,5.081385064677188
0.6760000000000005,5.0811997307344985
0.6780000000000005,5.081014355862814
0.6800000000000005,5.080828953822497
0.6820000000000005,5.080643511660009
0.6840000000000005,5.080458025450535
0.6860000000000005,5.080272509719065
0.6880000000000005,5.0800869520807
0.6900000000000005,5.079901363576083
0.6920000000000005,5.079715745442664
0.6940000000000005,5.079530080710521
0.6960000000000005,5.079344379850124
0.6980000000000005,5.0791586449993815
0.7000000000000005,5.0789728603412865
0.7020000000000005,5.078787037302801
0.7040000000000005,5.078601178683789
0.7060000000000005,5.078415283674503
0.7080000000000005,5.078229350414933
0.7100000000000005,5.078043377104942
0.7120000000000005,5.077857362356355
0.7140000000000005,5.077671305195904
0.7160000000000005,5.077485204975782
0.7180000000000005,5.07729906125249
0.7200000000000005,5.077112951267531
0.7220000000000005,5.076926920628438
0.7240000000000005,5.076740893467391
0.7260000000000005,5.07655483269477
0.7280000000000005,5.076368723206026
0.7300000000000005,5.076182560869844
0.7320000000000005,5.07599634622679
0.7340000000000005,5.075810098327219
0.7360000000000005,5.075623808682271
0.7380000000000005,5.075437474894307
0.7400000000000005,5.075251111612109
0.7420000000000005,5.075064706260156
0.7440000000000005,5.074878254925953
0.7460000000000006,5.074691771976255
0.7480000000000006,5.074505245030436
0.7500000000000006,5.074318685017126
0.7520000000000006,5.074132078637142
0.7540000000000006,5.073945436967638
0.7560000000000006,5.07375876170501
0.7580000000000006,5.073572036428546
0.7600000000000006,5.07338527189989
0.7620000000000006,5.073198470502286
0.7640000000000006,5.073011631204778
0.7660000000000006,5.072824737510577
0.7680000000000006,5.072637801000193
0.7700000000000006,5.072450824971749
0.7720000000000006,5.072263809121386
0.7740000000000006,5.072076751976615
0.7760000000000006,5.071889652001269
0.7780000000000006,5.071702507961866
0.7800000000000006,5.071515318985883
0.7820000000000006,5.071328099034531
0.7840000000000006,5.071140834301726
0.7860000000000006,5.0709535214373185
0.7880000000000006,5.070766173912024
0.7900000000000006,5.070578815847252
0.7920000000000006,5.070391437033783
0.7940000000000006,5.070204047638868
0.7960000000000006,5.070016632708738
0.7980000000000006,5.0698291871533545
0.8000000000000006,5.069641724798456
0.8020000000000006,5.069454232960788
0.8040000000000006,5.069266722370461
0.8060000000000006,5.069079179506488
0.8080000000000006,5.068891615225207
0.8100000000000006,5.068704016421918
0.8120000000000006,5.068516394371848
0.8140000000000006,5.068328750853214
0.8160000000000006,5.068141069376889
0.8180000000000006,5.067953360562864
0.8200000000000006,5.067765626610682
0.8220000000000006,5.067577851708067
0.8240000000000006,5.067390047079615
0.8260000000000006,5.067202215358907
0.8280000000000006,5.0670143555827485
0.8300000000000006,5.066826465728201
0.8320000000000006,5.066638543824274
0.8340000000000006,5.066450573726404
0.8360000000000006,5.06626256770154
0.8380000000000006,5.066074529639005
0.8400000000000006,5.065886459598147
0.8420000000000006,5.065698370838597
0.8440000000000006,5.065510248412727
0.8460000000000006,5.065322086295274
0.8480000000000006,5.065133882817048
0.8500000000000006,5.064945638076601
0.8520000000000006,5.064757352648768
0.8540000000000006,5.064569041619021
0.8560000000000006,5.0643806918452645
0.8580000000000007,5.0641922986600525
0.8600000000000007,5.0640038758721335
0.8620000000000007,5.063815410685471
0.8640000000000007,5.06362691382595
0.8660000000000007,5.063438371852377
0.8680000000000007,5.063249795818935
0.8700000000000007,5.063061172850613
0.8720000000000007,5.062872514509224
0.8740000000000007,5.0626838082836985
0.8760000000000007,5.062495065970596
0.8780000000000007,5.06230628978364
0.8800000000000007,5.062117478165701
0.8820000000000007,5.061928628647666
0.8840000000000007,5.061739724419312
0.8860000000000007,5.061550777269256
0.8880000000000007,5.061361790831243
0.8900000000000007,5.061172765094281
0.8920000000000007,5.060983698795816
0.8940000000000007,5.060794590522107
0.8960000000000007,5.060605439114142
0.8980000000000007,5.06041625834352
0.9000000000000007,5.060227034224324
0.9020000000000007,5.0600377616460035
0.9040000000000007,5.059848439664086
0.9060000000000007,5.059659083506607
0.9080000000000007,5.059469680693689
0.9100000000000007,5.059280227269411
0.9120000000000007,5.059090737645849
0.9140000000000007,5.058901199465217
0.9160000000000007,5.058711623774732
0.9180000000000007,5.058521997352086
0.9200000000000007,5.058332331432727
0.9220000000000007,5.058142627891639
0.9240000000000007,5.057952870390513
0.9260000000000007,5.057763069838446
0.9280000000000007,5.057573228788592
0.9300000000000007,5.057383346363423
0.9320000000000007,5.057193420738778
0.9340000000000007,5.057003450201373
0.9360000000000007,5.05681343346966
0.9380000000000007,5.056623369699486
0.9400000000000007,5.056433258369079
0.9420000000000007,5.056243099167865
0.9440000000000007,5.056052891901892
0.9460000000000007,5.055862636444137
0.9480000000000007,5.05567233269223
0.9500000000000007,5.05548199518703
0.9520000000000007,5.055291610411759
0.9540000000000007,5.055101173532738
0.9560000000000007,5.054910698402315
0.9580000000000007,5.054720172326418
0.9600000000000007,5.054529606221388
0.9620000000000007,5.054338986820321
0.9640000000000007,5.054148325394889
0.9660000000000007,5.053957623885322
0.9680000000000007,5.053766866005397
0.9700000000000008,5.053576062730874
0.9720000000000008,5.0533852166890085
0.9740000000000008,5.053194327065433
0.9760000000000008,5.053003392098217
0.9780000000000008,5.052812410128826
0.9800000000000008,5.052621379930752
0.9820000000000008,5.052430300704696
0.9840000000000008,5.052239171977448
0.9860000000000008,5.052047993486622
0.9880000000000008,5.051856765085897
0.9900000000000008,5.05166548669169
0.9920000000000008,5.051474172898428
0.9940000000000008,5.051282810226438
0.9960000000000008,5.051091393878671
0.9980000000000008,5.050899937756779
1.0000000000000007,5.050708432912956
1.0020000000000007,5.050516902554684
1.0040000000000007,5.050325339482006
1.0060000000000007,5.050133756262939
1.0080000000000007,5.049942141259886
1.0100000000000007,5.0497505079474765
1.0120000000000007,5.049558843932126
1.0140000000000007,5.049367160413106
1.0160000000000007,5.049175458846628
1.0180000000000007,5.048983736967706
1.0200000000000007,5.048791977037258
1.0220000000000007,5.048600189780486
1.0240000000000007,5.0484083779218665
1.0260000000000007,5.048216540730395
1.0280000000000007,5.04802466172285
1.0300000000000007,5.047832752492001
1.0320000000000007,5.04764081629936
1.0340000000000007,5.04744885271718
1.0360000000000007,5.047256860092361
1.0380000000000007,5.047064836670155
1.0400000000000007,5.046872780994431
1.0420000000000007,5.0466806919642195
1.0440000000000007,5.046488568770151
1.0460000000000007,5.046296410806691
1.0480000000000007,5.046104232270183
1.0500000000000007,5.045912019307936
1.0520000000000007,5.045719766768799
1.0540000000000007,5.0455274735803854
1.0560000000000007,5.045335154883594
1.0580000000000007,5.045142798016014
1.0600000000000007,5.044950398809351
1.0620000000000007,5.044757971553214
1.0640000000000007,5.0445655036870996
1.0660000000000007,5.044372991444915
1.0680000000000007,5.044180449526535
1.0700000000000007,5.043987880379541
1.0720000000000007,5.043795267008514
1.0740000000000007,5.043602619472279
1.0760000000000007,5.043409924879956
1.0780000000000007,5.043217195221274
1.0800000000000007,5.0430244330322065
1.0820000000000007,5.042831637022849
1.0840000000000007,5.04263879018913
1.0860000000000007,5.042445903833897
1.0880000000000007,5.042252981125008
1.0900000000000007,5.042060021686409
1.0920000000000007,5.041867024004486
1.0940000000000007,5.041673986500788
1.0960000000000008,5.041480907913889
1.0980000000000008,5.041287787344632
1.1000000000000008,5.041094624191278
1.1020000000000008,5.040901418041692
1.1040000000000008,5.040708183312953
1.1060000000000008,5.040514906336608
1.1080000000000008,5.040321582126826
1.1100000000000008,5.040128209778816
1.1120000000000008,5.039934804630625
1.1140000000000008,5.039741354179321
1.1160000000000008,5.039547869125907
1.1180000000000008,5.039354335784281
1.1200000000000008,5.039160765115399
1.1220000000000008,5.038967144107285
1.1240000000000008,5.0387734843748
1.1260000000000008,5.038579788115258
1.1280000000000008,5.038386039086941
1.1300000000000008,5.038192248315852
1.1320000000000008,5.037998418444043
1.1340000000000008,5.0378045486264655
1.1360000000000008,5.037610622313676
1.1380000000000008,5.037416651214542
1.1400000000000008,5.037222638812182
1.1420000000000008,5.037028584961242
1.1440000000000008,5.036834488311945
1.1460000000000008,5.036640362149265
1.1480000000000008,5.036446191869634
1.1500000000000008,5.036251971876144
1.1520000000000008,5.0360577009216385
1.1540000000000008,5.035863379485533
1.1560000000000008,5.0356690232197945
1.1580000000000008,5.03547474036796
1.1600000000000008,5.035280506240565
1.1620000000000008,5.03508625586056
1.1640000000000008,5.0348919744191445
1.1660000000000008,5.03469763815705
1.1680000000000008,5.034503240791506
1.1700000000000008,5.034308798029056
1.1720000000000008,5.034114299747368
1.1740000000000008,5.033919758963009
1.1760000000000008,5.033725163904354
1.1780000000000008,5.033530526694079
1.1800000000000008,5.033335835133311
1.1820000000000008,5.033141101186879
1.1840000000000008,5.03294632727806
1.1860000000000008,5.032751512031123
1.1880000000000008,5.032556638468207
1.1900000000000008,5.032361717860862
1.1920000000000008,5.032166753475054
1.1940000000000008,5.0319717450851
1.1960000000000008,5.0317766913418716
1.1980000000000008,5.031581590833587
1.2000000000000008,5.031386442458335
1.2020000000000008,5.031191260140463
1.2040000000000008,5.030996030064622
1.2060000000000008,5.030800747188249
1.2080000000000009,5.030605410615405
1.2100000000000009,5.030410035713447
1.2120000000000009,5.030214610167865
1.2140000000000009,5.030019130697961
1.2160000000000009,5.029823620523864
1.2180000000000009,5.029628075378006
1.2200000000000009,5.0294325089243594
1.2220000000000009,5.029236908095189
1.2240000000000009,5.02904128334385
1.2260000000000009,5.028845635656633
1.2280000000000009,5.028649947845238
1.2300000000000009,5.028454230119927
1.2320000000000009,5.028258484589787
1.2340000000000009,5.028062710052931
1.2360000000000009,5.0278668897270125
1.2380000000000009,5.02767103501151
1.2400000000000009,5.027475149179252
1.2420000000000009,5.027279231906467
1.2440000000000009,5.027083281674256
1.2460000000000009,5.026887296855369
1.2480000000000009,5.026691276125253
1.2500000000000009,5.026495218503458
1.252000000000001,5.026299123298515
1.254000000000001,5.026102990011555
1.256000000000001,5.025906818270038
1.258000000000001,5.0257106077651565
1.260000000000001,5.025514358223481
1.262000000000001,5.025318084087823
1.264000000000001,5.02512177173859
1.266000000000001,5.024925416130257
1.268000000000001,5.024729030964708
1.270000000000001,5.024532603412212
1.272000000000001,5.02433612953616
1.274000000000001,5.024139623994783
1.276000000000001,5.023943074774169
1.278000000000001,5.023746495160529
1.280000000000001,5.023549888592994
1.282000000000001,5.023353238814481
1.284000000000001,5.023156556296933
1.286000000000001,5.022959828419593
1.288000000000001,5.0227630672593815
1.290000000000001,5.022566275443752
1.292000000000001,5.02236945171919
1.294000000000001,5.022172593777777
1.296000000000001,5.021975684741444
1.298000000000001,5.021778736333112
1.300000000000001,5.021581752226219
1.302000000000001,5.02138473243817
1.304000000000001,5.021187675700875
1.306000000000001,5.020990580568168
1.308000000000001,5.020793445829507
1.310000000000001,5.020596285320484
1.312000000000001,5.020399085044758
1.314000000000001,5.020201839755751
1.316000000000001,5.02000454837571
1.318000000000001,5.0198072114265555
1.320000000000001,5.019609844527762
1.322000000000001,5.019412435047404
1.324000000000001,5.019214993368763
1.326000000000001,5.0190175055614334
1.328000000000001,5.018819967611535
1.330000000000001,5.018622394505651
1.332000000000001,5.018424789175008
1.334000000000001,5.018227135016237
1.336000000000001,5.018029442345094
1.338000000000001,5.0178317132234
1.340000000000001,5.017633931661323
1.342000000000001,5.017436108943442
1.344000000000001,5.0172382479872075
1.346000000000001,5.017040348149684
1.348000000000001,5.016842407715537
1.350000000000001,5.016644424997102
1.352000000000001,5.016446398684359
1.354000000000001,5.016248327883224
1.356000000000001,5.016050212020043
1.358000000000001,5.015852050743009
1.360000000000001,5.015653843818696
1.362000000000001,5.015455591088339
1.364000000000001,5.015257292423396
1.366000000000001,5.0150589624641775
1.368000000000001,5.0148605877099675
1.370000000000001,5.014662163219391
1.372000000000001,5.014463702861111
1.374000000000001,5.01426519389826
1.376000000000001,5.0140666472516955
1.378000000000001,5.013868049587337
1.380000000000001,5.013669412161766
1.382000000000001,5.013470736971401
1.384000000000001,5.013272007624366
1.386000000000001,5.013073235041171
1.388000000000001,5.012874421880185
1.390000000000001,5.012675567355488
1.392000000000001,5.012476654916743
1.394000000000001,5.012277696254263
1.396000000000001,5.012078694925162
1.398000000000001,5.011879650865637
1.400000000000001,5.011680562791509
1.402000000000001,5.011481429299608
1.404000000000001,5.01128226404575
1.406000000000001,5.011083052861159
1.408000000000001,5.010883790415955
1.410000000000001,5.0106844756306455
1.412000000000001,5.010485123875263
1.414000000000001,5.010285722750471
1.416000000000001,5.010086268281865
1.418000000000001,5.009886775067056
1.420000000000001,5.009687230820289
1.422000000000001,5.0094876467537395
1.424000000000001,5.009288009667866
1.426000000000001,5.009088330919723
1.428000000000001,5.00888861256932
1.430000000000001,5.0086888386421045
1.432000000000001,5.0084890272240665
1.434000000000001,5.008289188203644
1.436000000000001,5.008089323175986
1.438000000000001,5.007889430522361
1.440000000000001,5.00768950784941
1.442000000000001,5.0074895381973885
1.444000000000001,5.007289533341497
1.446000000000001,5.007089496999086
1.448000000000001,5.006889444006957
1.450000000000001,5.006689359673895
1.452000000000001,5.006489237649018
1.454000000000001,5.006289075857062
1.456000000000001,5.006088874100526
1.458000000000001,5.005888632792495
1.460000000000001,5.0056883523871925
1.462000000000001,5.005488047992942
1.464000000000001,5.005287706309658
1.466000000000001,5.005087322433561
1.468000000000001,5.004886910236169
1.470000000000001,5.004686456863547
1.472000000000001,5.004485973142323
1.474000000000001,5.004285445572039
1.476000000000001,5.0040848852973046
1.478000000000001,5.003884279380605
1.480000000000001,5.003683639484911
1.482000000000001,5.003482953045607
1.484000000000001,5.003282231971993
1.486000000000001,5.003081478666726
1.488000000000001,5.002880691701876
1.490000000000001,5.002679853821411
1.492000000000001,5.002478976212993
1.494000000000001,5.0022780620827545
1.496000000000001,5.002077111122133
1.498000000000001,5.001876121869222
1.500000000000001,5.001675092780939
1.5020000000000011,5.001474022620811
1.5040000000000011,5.001272910510765
1.5060000000000011,5.001071755868329
1.5080000000000011,5.000870558312792
1.5100000000000011,5.000669317580729
1.5120000000000011,5.000468048319649
1.5140000000000011,5.000266736948588
1.5160000000000011,5.000065378447119
1.5180000000000011,4.999863986702406
1.5200000000000011,4.9996625489163735
1.5220000000000011,4.999461061177228
1.5240000000000011,4.999259538333592
1.5260000000000011,4.999057968253816
1.5280000000000011,4.998856362289664
1.5300000000000011,4.998654722108329
1.5320000000000011,4.998453030813626
1.5340000000000011,4.99825129899346
1.5360000000000011,4.998049529084091
1.5380000000000011,4.997847705293749
1.5400000000000011,4.997645839166283
1.5420000000000011,4.997443935173583
1.5440000000000011,4.997241994703283
1.5460000000000012,4.997040016780632
1.5480000000000012,4.996837999818632
1.5500000000000012,4.996635942365903
1.5520000000000012,4.996433843318208
1.5540000000000012,4.996231701913575
1.5560000000000012,4.996029517647322
1.5580000000000012,4.995827290184084
1.5600000000000012,4.995625034158112
1.5620000000000012,4.995422735955354
1.5640000000000012,4.995220390522703
1.5660000000000012,4.995018011759605
1.5680000000000012,4.994815586834876
1.5700000000000012,4.99461311180746
1.5720000000000012,4.994410601540309
1.5740000000000012,4.994208170753806
1.5760000000000012,4.994005803096666
1.5780000000000012,4.993803421284155
1.5800000000000012,4.9936010064726295
1.5820000000000012,4.993398534494962
1.5840000000000012,4.993195999954025
1.5860000000000012,4.99299341986113
1.5880000000000012,4.992790799902355
1.5900000000000012,4.992588125745069
1.5920000000000012,4.992385409284021
1.5940000000000012,4.992182653610735
1.5960000000000012,4.991979843274036
1.5980000000000012,4.991776989819256
1.6000000000000012,4.991574096340936
1.6020000000000012,4.991371162301326
1.6040000000000012,4.991168186038319
1.6060000000000012,4.990965165883257
1.6080000000000012,4.990762100544036
1.6100000000000012,4.990558989135396
1.6120000000000012,4.990355831105324
1.6140000000000012,4.9901526261217555
1.6160000000000012,4.989949373985805
1.6180000000000012,4.989746089382178
1.6200000000000012,4.989542758869551
1.6220000000000012,4.989339377496963
1.6240000000000012,4.989135959166229
1.6260000000000012,4.988932491185597
1.6280000000000012,4.988728984512193
1.6300000000000012,4.988525425825098
1.6320000000000012,4.988321826400888
1.6340000000000012,4.988118173480961
1.6360000000000012,4.987914478846389
1.6380000000000012,4.987710744936909
1.6400000000000012,4.987506955596467
1.6420000000000012,4.987303121868157
1.6440000000000012,4.987099246527865
1.6460000000000012,4.986895328874051
1.6480000000000012,4.986691368955796
1.6500000000000012,4.986487373162979
1.6520000000000012,4.986283344455754
1.6540000000000012,4.986079282950323
1.6560000000000012,4.9858751877968865
1.6580000000000013,4.985671057945913
1.6600000000000013,4.985466892468771
1.6620000000000013,4.985262690629432
1.6640000000000013,4.985058451865036
1.6660000000000013,4.98485419059115
1.6680000000000013,4.9846498931065675
1.6700000000000013,4.984445554224923
1.6720000000000013,4.984241172826736
1.6740000000000013,4.984036764231667
1.6760000000000013,4.983832315922946
1.6780000000000013,4.983627838569668
1.6800000000000013,4.983423318396875
1.6820000000000013,4.983218766284722
1.6840000000000013,4.983014169109685
1.6860000000000013,4.982809538400674
1.6880000000000013,4.982604861534878
1.6900000000000013,4.9824001503691715
1.6920000000000013,4.982195407331477
1.6940000000000013,4.98199063102705
1.6960000000000013,4.981785804177223
1.6980000000000013,4.981580937920462
1.7000000000000013,4.981376035477855
1.7020000000000013,4.981171096565674
1.7040000000000013,4.980966119732253
1.7060000000000013,4.980761103430687
1.7080000000000013,4.98055604641704
1.7100000000000013,4.980350947795446
1.7120000000000013,4.980145806965834
1.7140000000000013,4.9799406235361365
1.7160000000000013,4.9797353972321
1.7180000000000013,4.979530142730939
1.7200000000000013,4.97932484649239
1.7220000000000013,4.979119503457203
1.7240000000000013,4.978914112622066
1.7260000000000013,4.978708689444974
1.7280000000000013,4.978503221499457
1.7300000000000013,4.978297719570756
1.7320000000000013,4.978092169963219
1.7340000000000013,4.977886583661736
1.7360000000000013,4.977680947615809
1.7380000000000013,4.977475273464495
1.7400000000000013,4.977269563544724
1.7420000000000013,4.977063801551739
1.7440000000000013,4.976857998480715
1.7460000000000013,4.976652157071192
1.7480000000000013,4.976446276574098
1.7500000000000013,4.97624035520534
1.7520000000000013,4.976034391223705
1.7540000000000013,4.975828383292431
1.7560000000000013,4.975622330505995
1.7580000000000013,4.975416232288045
1.7600000000000013,4.975210088296205
1.7620000000000013,4.975003898318028
1.7640000000000013,4.974797662213538
1.7660000000000013,4.974591379878088
1.7680000000000013,4.974385066129651
1.7700000000000014,4.974178707494882
1.7720000000000014,4.973972298968029
1.7740000000000014,4.973765854504694
1.7760000000000014,4.973559361348609
1.7780000000000014,4.973352830492416
1.7800000000000014,4.973146248544518
1.7820000000000014,4.972939626812657
1.7840000000000014,4.972732952470076
1.7860000000000014,4.972526237338315
1.7880000000000014,4.972319483887428
1.7900000000000014,4.972112690793155
1.7920000000000014,4.971905840807823
1.7940000000000014,4.971698945195277
1.7960000000000014,4.97149200732024
1.7980000000000014,4.97128502704267
1.8000000000000014,4.971078003115618
1.8020000000000014,4.970870935524963
1.8040000000000014,4.97066382452493
1.8060000000000014,4.9704566697733865
1.8080000000000014,4.970249470780355
1.8100000000000014,4.970042242034208
1.8120000000000014,4.969834969777544
1.8140000000000014,4.969627648804055
1.8160000000000014,4.969420278023747
1.8180000000000014,4.969212872932006
1.8200000000000014,4.969005421077127
1.8220000000000014,4.968797933304115
1.8240000000000014,4.968590395900403
1.8260000000000014,4.968382819911385
1.8280000000000014,4.968175192275171
1.8300000000000014,4.967967524684601
1.8320000000000014,4.967759804572557
1.8340000000000014,4.967552043960782
1.8360000000000014,4.967344245431848
1.8380000000000014,4.967136407711462
1.8400000000000014,4.966928528487
1.8420000000000014,4.96672059065836
1.8440000000000014,4.966512606034215
1.8460000000000014,4.966304578505096
1.8480000000000014,4.966096508317398
1.8500000000000014,4.965888394389439
1.8520000000000014,4.965680250401007
1.8540000000000014,4.965472061859523
1.8560000000000014,4.965263823048035
1.8580000000000014,4.96505553257466
1.8600000000000014,4.964847190841104
1.8620000000000014,4.964638813718633
1.8640000000000014,4.964430388632981
1.8660000000000014,4.964221927675869
1.8680000000000014,4.964013423975667
1.8700000000000014,4.963804892195185
1.8720000000000014,4.96359632004203
1.8740000000000014,4.963387718905182
1.8760000000000014,4.963179075543728
1.8780000000000014,4.962970401344266
1.8800000000000014,4.962761698369262
1.8820000000000014,4.962552949959254
1.8840000000000015,4.962344166917623
1.8860000000000015,4.962135351834168
1.8880000000000015,4.961926503821943
1.8900000000000015,4.961717605964249
1.8920000000000015,4.9615086698046635
1.8940000000000015,4.961299698837172
1.8960000000000015,4.961090692924784
1.8980000000000015,4.960881650669888
1.9000000000000015,4.96067257053204
1.9020000000000015,4.9604634512262535
1.9040000000000015,4.960254306822818
1.9060000000000015,4.96004512326103
1.9080000000000015,4.959835895136522
1.9100000000000015,4.959626621244654
1.9120000000000015,4.9594173020557974
1.9140000000000015,4.959207953468764
1.9160000000000015,4.958998562836546
1.9180000000000015,4.958789125708702
1.9200000000000015,4.958579656459889
1.9220000000000015,4.958370142439519
1.9240000000000015,4.958160594738938
1.9260000000000015,4.957950999870449
1.9280000000000015,4.957741369126891
1.9300000000000015,4.957531704555188
1.9320000000000015,4.957321989495433
1.9340000000000015,4.957112234832092
1.9360000000000015,4.956902443248286
1.9380000000000015,4.9566926139500085
1.9400000000000015,4.956482730075599
1.9420000000000015,4.956272803274858
1.9440000000000015,4.9560628371429765
1.9460000000000015,4.955852831636709
1.9480000000000015,4.955642785445763
1.9500000000000015,4.9554326971063185
1.9520000000000015,4.955222565415061
1.9540000000000015,4.955012389514202
1.9560000000000015,4.954802183877389
1.9580000000000015,4.954591934702284
1.9600000000000015,4.954381636775619
1.9620000000000015,4.9541712890213425
1.9640000000000015,4.953960907060204
1.9660000000000015,4.953750478428057
1.9680000000000015,4.95354001404391
1.9700000000000015,4.953329662950629
1.9720000000000015,4.9531193391457515
1.9740000000000015,4.952909002507231
1.9760000000000015,4.952698616376201
1.9780000000000015,4.952488168842687
1.9800000000000015,4.95227767422573
1.9820000000000015,4.952067122511753
1.9840000000000015,4.951856527614222
1.9860000000000015,4.951645878423211
1.9880000000000015,4.951435187772501
1.9900000000000015,4.951224458703319
1.9920000000000015,4.951013690158243
1.9940000000000015,4.950802864937493
1.9960000000000016,4.950591994271177
1.9980000000000016,4.950381081506663
2.0000000000000013,4.950170126484675
2.002000000000001,4.949959127856607
2.004000000000001,4.949748084172445
2.0060000000000007,4.949536994262734
2.0080000000000005,4.949325857315456
2.0100000000000002,4.9491146728172914
2.012,4.948903440454855
2.014,4.948692175031089
2.0159999999999996,4.948480863066178
2.0179999999999993,4.948269499516025
2.019999999999999,4.948058098388432
2.021999999999999,4.947846646938224
2.0239999999999987,4.947635141215065
2.0259999999999985,4.9474235961926505
2.0279999999999982,4.94721199981863
2.029999999999998,4.9470003635675805
2.031999999999998,4.94678868929416
2.0339999999999976,4.946576960094545
2.0359999999999974,4.946365186582368
2.037999999999997,4.946153371313826
2.039999999999997,4.945941513466902
2.0419999999999967,4.945729596232489
2.0439999999999965,4.945517631252007
2.0459999999999963,4.945305622188561
2.047999999999996,4.945093569098778
2.049999999999996,4.944881470769279
2.0519999999999956,4.944669340842983
2.0539999999999954,4.94445716481961
2.055999999999995,4.944244937497424
2.057999999999995,4.944032658941051
2.0599999999999947,4.943820330240956
2.0619999999999945,4.943607967470076
2.0639999999999943,4.943395558025833
2.065999999999994,4.9431830974075845
2.067999999999994,4.942970599952091
2.0699999999999936,4.942758053040688
2.0719999999999934,4.942545467775685
2.073999999999993,4.942332845775669
2.075999999999993,4.942120169965717
2.0779999999999927,4.941907450885005
2.0799999999999925,4.941694691046572
2.0819999999999923,4.941481874555441
2.083999999999992,4.941269013321148
2.085999999999992,4.941056115541275
2.0879999999999916,4.940843185362541
2.0899999999999914,4.940630222655594
2.091999999999991,4.94041722583006
2.093999999999991,4.940204193107695
2.0959999999999908,4.939991123010733
2.0979999999999905,4.939778014448056
2.0999999999999903,4.9395648666724785
2.10199999999999,4.939351679169412
2.10399999999999,4.939138451578188
2.1059999999999897,4.938925198674364
2.1079999999999894,4.938711906830609
2.109999999999989,4.938498570836205
2.111999999999989,4.938285189549696
2.1139999999999888,4.938071778507336
2.1159999999999886,4.937858325185975
2.1179999999999883,4.937644840411016
2.119999999999988,4.9374313103439365
2.121999999999988,4.937217745974323
2.1239999999999877,4.937004134098624
2.1259999999999875,4.936790486358614
2.1279999999999872,4.936576805121578
2.129999999999987,4.936363073898274
2.131999999999987,4.936149303660536
2.1339999999999866,4.935935497162983
2.1359999999999864,4.935721653646857
2.137999999999986,4.935507756207223
2.139999999999986,4.935293816442001
2.1419999999999857,4.935079837948603
2.1439999999999855,4.9348658206854035
2.1459999999999853,4.934651763337459
2.147999999999985,4.934437664422267
2.149999999999985,4.934223522711953
2.1519999999999846,4.934009337316725
2.1539999999999844,4.93379512273124
2.155999999999984,4.9335808651561965
2.157999999999984,4.933366559319136
2.1599999999999837,4.933152204086697
2.1619999999999835,4.932937815081003
2.1639999999999833,4.93272337983483
2.165999999999983,4.932508909273029
2.167999999999983,4.93229438960449
2.1699999999999826,4.932079831913247
2.1719999999999824,4.9318652230360085
2.173999999999982,4.9316505747013215
2.175999999999982,4.931435874252262
2.1779999999999817,4.931221133753497
2.1799999999999815,4.931006355858404
2.1819999999999813,4.930791539323529
2.183999999999981,4.930576666719004
2.185999999999981,4.930361749291892
2.1879999999999806,4.930146790422648
2.1899999999999804,4.929931789968419
2.19199999999998,4.9297167465827085
2.19399999999998,4.929501658791163
2.1959999999999797,4.92928652539824
2.1979999999999795,4.929071345558168
2.1999999999999793,4.928856133848414
2.201999999999979,4.928640876502163
2.203999999999979,4.928425568281541
2.2059999999999786,4.928210208093137
2.2079999999999784,4.927994811634238
2.209999999999978,4.9277793664680996
2.211999999999978,4.927563883578774
2.2139999999999778,4.927348349200587
2.2159999999999775,4.927132774470898
2.2179999999999773,4.926917146249631
2.219999999999977,4.926701476323197
2.221999999999977,4.926485767188346
2.2239999999999767,4.9262700023924
2.2259999999999764,4.92605419304018
2.227999999999976,4.925838342001757
2.229999999999976,4.92562244862528
2.231999999999976,4.925406511176129
2.2339999999999756,4.925190512778404
2.2359999999999753,4.924974465545124
2.237999999999975,4.924758388764604
2.239999999999975,4.92454226940525
2.2419999999999747,4.924326101439144
2.2439999999999745,4.9241098826402805
2.2459999999999742,4.923893612597706
2.247999999999974,4.923677291613724
2.249999999999974,4.923460935312979
2.2519999999999736,4.923244530645172
2.2539999999999734,4.923028072825945
2.255999999999973,4.9228115762043645
2.257999999999973,4.922595028053061
2.2599999999999727,4.9223784395685435
2.2619999999999725,4.922161812437733
2.2639999999999723,4.921945129479537
2.265999999999972,4.921728401314307
2.267999999999972,4.921511630522559
2.2699999999999716,4.92129480111855
2.2719999999999714,4.921077924752187
2.273999999999971,4.920861004734114
2.275999999999971,4.920644040711793
2.2779999999999707,4.920427031134539
2.2799999999999705,4.920209974387793
2.2819999999999703,4.91999286920373
2.28399999999997,4.919775714707626
2.28599999999997,4.919558510363286
2.2879999999999696,4.919341255857659
2.2899999999999694,4.919123966218151
2.291999999999969,4.918906627890591
2.293999999999969,4.918689235765293
2.2959999999999687,4.918471804020971
2.2979999999999685,4.918254319823528
2.2999999999999683,4.918036794354876
2.301999999999968,4.917819214100674
2.303999999999968,4.917601591921284
2.3059999999999676,4.917383920528454
2.3079999999999674,4.9171662159652305
2.309999999999967,4.9169484821542
2.311999999999967,4.91673071777677
2.3139999999999668,4.9165129047533265
2.3159999999999665,4.916295053767247
2.3179999999999663,4.916077167725799
2.319999999999966,4.915859246115943
2.321999999999966,4.915641287313726
2.3239999999999656,4.9154232896393095
2.3259999999999654,4.915205251736865
2.327999999999965,4.914987172629421
2.329999999999965,4.914769051651349
2.3319999999999648,4.914550888357189
2.3339999999999645,4.914332682437199
2.3359999999999643,4.914114433660575
2.337999999999964,4.913896157060206
2.339999999999964,4.913677838976417
2.3419999999999637,4.913459474164668
2.3439999999999634,4.913241076700512
2.3459999999999632,4.91302276715643
2.347999999999963,4.912804507820767
2.349999999999963,4.912586233508619
2.3519999999999626,4.9123679299146215
2.3539999999999623,4.912149573343862
2.355999999999962,4.911931157448636
2.357999999999962,4.9117126984749415
2.3599999999999617,4.91149418640467
2.3619999999999615,4.911275634701782
2.3639999999999612,4.911057031521313
2.365999999999961,4.910838389258242
2.367999999999961,4.91061971066236
2.3699999999999606,4.910400979309151
2.3719999999999604,4.910182206212516
2.37399999999996,4.909963394165186
2.37599999999996,4.909744542437562
2.3779999999999597,4.909525634044413
2.3799999999999595,4.9093066805891
2.3819999999999593,4.9090876857221755
2.383999999999959,4.908868649463772
2.385999999999959,4.9086495705448625
2.3879999999999586,4.908430447511052
2.3899999999999584,4.908211294332138
2.391999999999958,4.907992096729073
2.393999999999958,4.907772849058274
2.3959999999999577,4.907553549959459
2.3979999999999575,4.9073341998368925
2.3999999999999573,4.9071148147841335
2.401999999999957,4.90689538223115
2.403999999999957,4.906675912909913
2.4059999999999566,4.906456392762025
2.4079999999999564,4.906236832728357
2.409999999999956,4.906017219492468
2.411999999999956,4.905797564758278
2.4139999999999557,4.905577855805758
2.4159999999999555,4.9053581047452814
2.4179999999999553,4.905138314296708
2.419999999999955,4.9049184832660915
2.421999999999955,4.904698609364469
2.4239999999999546,4.904478675217201
2.4259999999999544,4.90425869260444
2.427999999999954,4.904038665497786
2.429999999999954,4.903818594221628
2.4319999999999538,4.903598477741739
2.4339999999999535,4.903378329983338
2.4359999999999533,4.903158136420106
2.437999999999953,4.90293789118028
2.439999999999953,4.902717592729338
2.4419999999999527,4.902497241380279
2.4439999999999524,4.902276853219255
2.445999999999952,4.90205641565396
2.447999999999952,4.901835939449069
2.4499999999999518,4.901615410550606
2.4519999999999516,4.9013948399449
2.4539999999999513,4.901174214320985
2.455999999999951,4.900953545431925
2.457999999999951,4.900732820560274
2.4599999999999507,4.900512051862174
2.4619999999999505,4.900291242093782
2.4639999999999502,4.900070390097763
2.46599999999995,4.899849493605573
2.46799999999995,4.899628550472089
2.4699999999999496,4.8994075438281275
2.4719999999999493,4.899186486035702
2.473999999999949,4.898965396776887
2.475999999999949,4.898744263247142
2.4779999999999487,4.898523079516158
2.4799999999999485,4.898301843394129
2.4819999999999482,4.898080554485118
2.483999999999948,4.897859213098023
2.485999999999948,4.897637834961351
2.4879999999999476,4.8974164070251405
2.4899999999999474,4.897194939733193
2.491999999999947,4.896973418770163
2.493999999999947,4.89675185501036
2.4959999999999467,4.896530235051621
2.4979999999999465,4.896308570644068
2.4999999999999463,4.896086849049935
2.501999999999946,4.895865082456711
2.503999999999946,4.895643273654024
2.5059999999999456,4.8954214215085985
2.5079999999999454,4.895199523769318
2.509999999999945,4.8949775630262256
2.511999999999945,4.894755551131489
2.5139999999999447,4.894533492118192
2.5159999999999445,4.894311401650985
2.5179999999999443,4.894089265266904
2.519999999999944,4.893867076609594
2.521999999999944,4.893644833587687
2.5239999999999436,4.893422538577908
2.5259999999999434,4.893200196439373
2.527999999999943,4.8929778248787406
2.529999999999943,4.892755411254228
2.5319999999999427,4.8925329658258585
2.5339999999999425,4.89231047383962
2.5359999999999423,4.892087945775812
2.537999999999942,4.8918653678684
2.539999999999942,4.891642751621989
2.5419999999999416,4.891420084078301
2.5439999999999414,4.8911973772888215
2.545999999999941,4.890974633929388
2.547999999999941,4.890751837451923
2.5499999999999408,4.8905289989795495
2.5519999999999405,4.890306121938303
2.5539999999999403,4.890083206706893
2.55599999999994,4.889860251935372
2.55799999999994,4.8896372558917625
2.5599999999999397,4.889414217076405
2.5619999999999394,4.889191134374629
2.563999999999939,4.888968007025209
2.565999999999939,4.888744834529592
2.5679999999999388,4.888521616555905
2.5699999999999386,4.888298352874963
2.5719999999999383,4.8880750586418795
2.573999999999938,4.887851720212918
2.575999999999938,4.887628332316236
2.5779999999999377,4.887404909115029
2.5799999999999375,4.887181437606815
2.5819999999999372,4.886957928925396
2.583999999999937,4.886734369377447
2.585999999999937,4.886510770389473
2.5879999999999366,4.886287118825786
2.5899999999999364,4.88606342664262
2.591999999999936,4.885839696441219
2.593999999999936,4.885615911585172
2.5959999999999357,4.88539208320154
2.5979999999999355,4.885168214184702
2.5999999999999353,4.884944303867736
2.601999999999935,4.884720350464695
2.603999999999935,4.884496352185234
2.6059999999999346,4.88427230761255
2.6079999999999344,4.884048215766658
2.609999999999934,4.8838240760133536
2.611999999999934,4.8835998879618465
2.6139999999999337,4.883375651372647
2.6159999999999335,4.883151366088058
2.6179999999999333,4.882927047361442
2.619999999999933,4.882702681584539
2.621999999999933,4.882478263516148
2.6239999999999326,4.882253807393948
2.6259999999999324,4.882029300237111
2.627999999999932,4.881804753247257
2.629999999999932,4.881580152743647
2.6319999999999317,4.881355510209914
2.6339999999999315,4.8811308125226525
2.6359999999999313,4.880906071697392
2.637999999999931,4.880681290401924
2.639999999999931,4.88045646740965
2.6419999999999306,4.88023160038634
2.6439999999999304,4.880006671734088
2.64599999999993,4.879781693297295
2.64799999999993,4.87955666910141
2.6499999999999297,4.879331599504381
2.6519999999999295,4.879106483473963
2.6539999999999293,4.8788813351204015
2.655999999999929,4.878656139806255
2.657999999999929,4.878430891560921
2.6599999999999286,4.878205588794473
2.6619999999999284,4.877980231791088
2.663999999999928,4.877754836822484
2.665999999999928,4.877529391208197
2.6679999999999278,4.87730390583172
2.6699999999999275,4.877078366501467
2.6719999999999273,4.876852784300786
2.673999999999927,4.876627145784257
2.675999999999927,4.876401462806935
2.6779999999999267,4.87617573794239
2.6799999999999264,4.875949954493733
2.681999999999926,4.875724123657824
2.683999999999926,4.875498248402874
2.685999999999926,4.875272328125904
2.6879999999999256,4.875046361101844
2.6899999999999253,4.874820345589442
2.691999999999925,4.874594280226045
2.693999999999925,4.8743681640786285
2.6959999999999247,4.874141996564201
2.6979999999999245,4.873915777344198
2.6999999999999242,4.873689506224395
2.701999999999924,4.873463183101537
2.703999999999924,4.873236945854051
2.7059999999999236,4.873010767249133
2.7079999999999234,4.872784572542856
2.709999999999923,4.872558327310026
2.711999999999923,4.872332034412451
2.7139999999999227,4.872105678401575
2.7159999999999225,4.871879256269121
2.7179999999999223,4.8716527854005856
2.719999999999922,4.87142625563686
2.721999999999922,4.871199680202451
2.7239999999999216,4.870973046761894
2.7259999999999214,4.870746367551754
2.727999999999921,4.870519645265921
2.729999999999921,4.87029286325339
2.7319999999999207,4.870066032608513
2.7339999999999205,4.869839156244402
2.7359999999999203,4.869612233531942
2.73799999999992,4.869385262739449
2.73999999999992,4.869158242129953
2.7419999999999196,4.868931170512898
2.7439999999999194,4.868704050097171
2.745999999999919,4.868476883565773
2.747999999999919,4.868249671676944
2.7499999999999187,4.86802241432926
2.7519999999999185,4.867795126502358
2.7539999999999183,4.867567794252241
2.755999999999918,4.86734041201109
2.757999999999918,4.8671129937777025
2.7599999999999176,4.866885526409101
2.7619999999999174,4.866658005595194
2.763999999999917,4.86643044646797
2.765999999999917,4.866202852120567
2.7679999999999167,4.865975205285593
2.7699999999999165,4.865747516252689
2.7719999999999163,4.865519771797355
2.773999999999916,4.865291984239861
2.775999999999916,4.8650641566302
2.7779999999999156,4.864836288050744
2.7799999999999154,4.864608376369017
2.781999999999915,4.864380419485415
2.783999999999915,4.864152415759304
2.7859999999999148,4.863924364061309
2.7879999999999145,4.863696263671653
2.7899999999999143,4.863468114148212
2.791999999999914,4.863239915321396
2.793999999999914,4.863011667950879
2.7959999999999137,4.86278337255467
2.7979999999999134,4.862555044641942
2.7999999999999132,4.862326670583555
2.801999999999913,4.8620982450149475
2.803999999999913,4.8618697820970125
2.8059999999999126,4.861641268731671
2.8079999999999123,4.861412716070273
2.809999999999912,4.861184110340543
2.811999999999912,4.860955462998187
2.8139999999999117,4.860726776291315
2.8159999999999115,4.860498033254861
2.8179999999999112,4.860269244880558
2.819999999999911,4.860040414025351
2.821999999999911,4.859811540012457
2.8239999999999106,4.859582605591115
2.8259999999999104,4.859353622489371
2.82799999999991,4.8591245944748875
2.82999999999991,4.858895521650965
2.8319999999999097,4.8586664027760005
2.8339999999999095,4.8584372518703836
2.8359999999999093,4.858208054184596
2.837999999999909,4.857978803638797
2.839999999999909,4.857749498553483
2.8419999999999086,4.857520154630353
2.8439999999999084,4.857290759160048
2.845999999999908,4.857061307768317
2.847999999999908,4.856831815466745
2.8499999999999077,4.8566022697019555
2.8519999999999075,4.8563726820134345
2.8539999999999073,4.856143038818087
2.855999999999907,4.8559133517142685
2.857999999999907,4.855683623039948
2.8599999999999066,4.855453835829469
2.8619999999999064,4.855224001128725
2.863999999999906,4.854994121829728
2.865999999999906,4.8547641972851325
2.8679999999999057,4.854534225734723
2.8699999999999055,4.854304205402231
2.8719999999999053,4.854074134889818
2.873999999999905,4.853844013233762
2.875999999999905,4.853613839823385
2.8779999999999046,4.8533836142922615
2.8799999999999044,4.853153336426012
2.881999999999904,4.852923021613895
2.883999999999904,4.852692656214513
2.8859999999999038,4.852462234950469
2.8879999999999035,4.8522317721789365
2.8899999999999033,4.852001254877138
2.891999999999903,4.851770694351717
2.893999999999903,4.851540076859336
2.8959999999999027,4.851309413976871
2.8979999999999024,4.851078708037383
2.899999999999902,4.850847942059343
2.901999999999902,4.850617127127929
2.9039999999999018,4.850386266174373
2.9059999999999016,4.85015535858156
2.9079999999999013,4.84992440260624
2.909999999999901,4.849693396489933
2.911999999999901,4.849462338851201
2.9139999999999007,4.849231228741706
2.9159999999999004,4.849000065570112
2.9179999999999002,4.8487688489976755
2.9199999999999,4.84853757883075
2.9219999999999,4.848306254976516
2.9239999999998996,4.848074892937799
2.9259999999998993,4.847843479092333
2.927999999999899,4.8476120237235545
2.929999999999899,4.847380512097279
2.9319999999998987,4.8471489395278775
2.9339999999998985,4.846917321473467
2.9359999999998982,4.846685661445796
2.937999999999898,4.846453942372203
2.939999999999898,4.846222174889601
2.9419999999998976,4.8459903614360185
2.9439999999998974,4.845758500995134
2.945999999999897,4.845526575976562
2.947999999999897,4.84529459804934
2.9499999999998967,4.845062570981857
2.9519999999998965,4.844830494903154
2.9539999999998963,4.844598384196821
2.955999999999896,4.84436622386535
2.957999999999896,4.844134007497981
2.9599999999998956,4.8439017331432055
2.9619999999998954,4.843669401368947
2.963999999999895,4.843437032260843
2.965999999999895,4.843204615100408
2.9679999999998947,4.842972145781956
2.9699999999998945,4.842739639069105
2.9719999999998943,4.84250708184067
2.973999999999894,4.842274485255797
2.975999999999894,4.842041850901469
2.9779999999998936,4.841809160994665
2.9799999999998934,4.8415764261012315
2.981999999999893,4.841343648779905
2.983999999999893,4.8411108125479325
2.9859999999998927,4.840877929110463
2.9879999999998925,4.840645001841061
2.9899999999998923,4.840412030394695
2.991999999999892,4.840179013163704
2.993999999999892,4.839945948428373
2.9959999999998916,4.839712834793251
2.9979999999998914,4.839479671265642
2.999999999999891,4.8392464571935685
3.001999999999891,4.839013207796396
3.0039999999998908,4.838779909194078
3.0059999999998905,4.838546555956996
3.0079999999998903,4.838313146838667
3.00999999999989,4.838079697960599
3.01199999999989,4.837846196661158
3.0139999999998897,4.8376126542142925
3.0159999999998894,4.837379056509562
3.017999999999889,4.837145414907352
3.019999999999889,4.83691173154375
3.0219999999998888,4.836677989155831
3.0239999999998886,4.836444198772658
3.0259999999998883,4.836210363278804
3.027999999999888,4.835976482066521
3.029999999999888,4.835742554060432
3.0319999999998877,4.8355085624272895
3.0339999999998875,4.8352745195714535
3.0359999999998872,4.835040429768748
3.037999999999887,4.834806309110957
3.039999999999887,4.834572142894912
3.0419999999998866,4.834337924475701
3.0439999999998864,4.8341037021505535
3.045999999999886,4.833869577906724
3.047999999999886,4.833635461131171
3.0499999999998857,4.833401321939046
3.0519999999998855,4.833167127418234
3.0539999999998853,4.832932866516235
3.055999999999885,4.832698538358909
3.057999999999885,4.8324641458443365
3.0599999999998846,4.83222970813074
3.0619999999998844,4.831995214635902
3.063999999999884,4.831760677791424
3.065999999999884,4.831526084179297
3.0679999999998837,4.831291445414282
3.0699999999998835,4.831056763753057
3.0719999999998833,4.8308220220131615
3.073999999999883,4.830587231163457
3.075999999999883,4.830352394061225
3.0779999999998826,4.8301175100445155
3.0799999999998824,4.829882561721247
3.081999999999882,4.829647560870635
3.083999999999882,4.829412511333538
3.0859999999998817,4.8291774132651755
3.0879999999998815,4.828942281082254
3.0899999999998813,4.828707099771111
3.091999999999881,4.828471862865613
3.093999999999881,4.828236568347409
3.0959999999998806,4.828001216207783
3.0979999999998804,4.827765822767409
3.09999999999988,4.827530375207328
3.10199999999988,4.827294884500769
3.1039999999998797,4.8270593363074665
3.1059999999998795,4.826823741794704
3.1079999999998793,4.826588087367209
3.109999999999879,4.826352384965974
3.111999999999879,4.826116637254636
3.1139999999998786,4.825880827356637
3.1159999999998784,4.825644966515252
3.117999999999878,4.825409057769413
3.119999999999878,4.825173100559078
3.1219999999998778,4.82493709315928
3.1239999999998775,4.824701033804736
3.1259999999998773,4.824464921098552
3.127999999999877,4.824228754066013
3.129999999999877,4.823992532094156
3.1319999999998767,4.823756254817326
3.1339999999998764,4.8235199376970295
3.135999999999876,4.823283567005457
3.137999999999876,4.823047137386966
3.139999999999876,4.822810663310377
3.1419999999998756,4.822574131682878
3.1439999999998753,4.822337553902411
3.145999999999875,4.822100916141002
3.147999999999875,4.821864230058567
3.1499999999998747,4.821627498056855
3.1519999999998745,4.821390718713329
3.1539999999998742,4.821153873864911
3.155999999999874,4.820916974827347
3.157999999999874,4.820680025149596
3.1599999999998736,4.820443024819343
3.1619999999998734,4.820205972554078
3.163999999999873,4.819968866905231
3.165999999999873,4.819731706665715
3.1679999999998727,4.8194944909796735
3.1699999999998725,4.819257234996379
3.1719999999998723,4.819019924752285
3.173999999999872,4.818782554761574
3.175999999999872,4.818545123756164
3.1779999999998716,4.818307647946922
3.1799999999998714,4.818070114796493
3.181999999999871,4.817832537980842
3.183999999999871,4.817594906017657
3.1859999999998707,4.817357231237796
3.1879999999998705,4.81711951593567
3.1899999999998703,4.81688174258432
3.19199999999987,4.816643921942559
3.19399999999987,4.8164060566633875
3.1959999999998696,4.816168145904936
3.1979999999998694,4.815930187747152
3.199999999999869,4.815692180286991
3.201999999999869,4.815454122026791
3.2039999999998687,4.815216011916569
3.2059999999998685,4.8149778492885185
3.2079999999998683,4.814739633746366
3.209999999999868,4.8145013650400275
3.211999999999868,4.814263058745457
3.2139999999998676,4.814024701078449
3.2159999999998674,4.813786286623319
3.217999999999867,4.813547829865892
3.219999999999867,4.81330931761127
3.2219999999998667,4.813070761253968
3.2239999999998665,4.812832146854985
3.2259999999998663,4.8125934860681765
3.227999999999866,4.812354781271478
3.229999999999866,4.812116015232574
3.2319999999998656,4.811877199089334
3.2339999999998654,4.811638335799931
3.235999999999865,4.811399424744068
3.237999999999865,4.811160464151603
3.2399999999998648,4.810921452210608
3.2419999999998645,4.810682387479199
3.2439999999998643,4.810443268947521
3.245999999999864,4.81020409596315
3.247999999999864,4.809964868132917
3.2499999999998637,4.8097255852178735
3.2519999999998634,4.809486247068682
3.2539999999998632,4.809246869376803
3.255999999999863,4.809007438377949
3.257999999999863,4.80876796446674
3.2599999999998626,4.808528432792261
3.2619999999998623,4.808288855054492
3.263999999999862,4.808049217809391
3.265999999999862,4.807809533113381
3.2679999999998617,4.8075697877949874
3.2699999999998615,4.807329994226705
3.2719999999998612,4.807090155290492
3.273999999999861,4.8068502698317355
3.275999999999861,4.806610335500079
3.2779999999998606,4.8063703500167305
3.2799999999998604,4.806130311618747
3.28199999999986,4.805890219094715
3.28399999999986,4.80565007167698
3.2859999999998597,4.80540986891053
3.2879999999998595,4.805169610530854
3.2899999999998593,4.804929296385049
3.291999999999859,4.8046889422017225
3.293999999999859,4.804448534192476
3.2959999999998586,4.804208066941521
3.2979999999998584,4.803967555025869
3.299999999999858,4.803726985216235
3.301999999999858,4.803486368986338
3.3039999999998577,4.803245708193088
3.3059999999998575,4.803004985004807
3.3079999999998573,4.802764210204135
3.309999999999857,4.802523386509286
3.311999999999857,4.802282513146039
3.3139999999998566,4.802041572403529
3.3159999999998564,4.80180057615578
3.317999999999856,4.801559528309733
3.319999999999856,4.801318429050673
3.3219999999998557,4.801077293049577
3.3239999999998555,4.800836105144076
3.3259999999998553,4.8005948587534055
3.327999999999855,4.800353551798019
3.329999999999855,4.800112184248496
3.3319999999998546,4.799870772663489
3.3339999999998544,4.799629304093221
3.335999999999854,4.799387789671819
3.337999999999854,4.799146214884516
3.3399999999998538,4.798904591034453
3.3419999999998535,4.798662904345286
3.3439999999998533,4.798421166912259
3.345999999999853,4.798179381469957
3.347999999999853,4.797937546799808
3.3499999999998527,4.79769564464045
3.3519999999998524,4.797453686470028
3.353999999999852,4.797211675920969
3.355999999999852,4.796969613011687
3.3579999999998518,4.7967274964564925
3.3599999999998515,4.796485340678903
3.3619999999998513,4.796243130695653
3.363999999999851,4.796000860245421
3.365999999999851,4.7957585275498795
3.3679999999998507,4.795516153750106
3.3699999999998504,4.795273907362822
3.3719999999998502,4.795031674691692
3.37399999999985,4.794789399203706
3.37599999999985,4.7945470730447814
3.3779999999998496,4.794304675786899
3.3799999999998493,4.79406220284798
3.381999999999849,4.793819672123705
3.383999999999849,4.793577073902351
3.3859999999998487,4.793334422432388
3.3879999999998485,4.793091721514174
3.3899999999998482,4.792848954532262
3.391999999999848,4.792606132944384
3.393999999999848,4.79236325982914
3.3959999999998476,4.792120334589481
3.3979999999998474,4.791877355500366
3.399999999999847,4.791634322703489
3.401999999999847,4.791391237081826
3.4039999999998467,4.791148098438484
3.4059999999998465,4.790904906206985
3.4079999999998463,4.7906616597953935
3.409999999999846,4.790418358702058
3.411999999999846,4.790175018409092
3.4139999999998456,4.789931624937289
3.4159999999998454,4.789688172707411
3.417999999999845,4.789444676225916
3.419999999999845,4.789201122195511
3.4219999999998447,4.788957522054617
3.4239999999998445,4.788713861770226
3.4259999999998443,4.788470153046811
3.427999999999844,4.788226398290482
3.429999999999844,4.787982596042401
3.4319999999998436,4.787738727870963
3.4339999999998434,4.787494805100802
3.435999999999843,4.787250831276886
3.437999999999843,4.787006806362997
3.4399999999998427,4.786762729029995
3.4419999999998425,4.786518597762441
3.4439999999998423,4.786274411286876
3.445999999999842,4.7860301845871565
3.447999999999842,4.785785903322623
3.4499999999998416,4.785541570439291
3.4519999999998414,4.785297176944779
3.453999999999841,4.785052736178046
3.455999999999841,4.784808234680478
3.4579999999998408,4.784563684190572
3.4599999999998405,4.784319071012959
3.4619999999998403,4.784074407201058
3.46399999999984,4.783829695419329
3.46599999999984,4.78358491844446
3.4679999999998397,4.783340087572599
3.4699999999998394,4.783095205861661
3.471999999999839,4.782850272733915
3.473999999999839,4.782605286430113
3.4759999999998388,4.7823602451277845
3.4779999999998386,4.782115147376023
3.4799999999998383,4.781869992154603
3.481999999999838,4.78162477880465
3.483999999999838,4.781379506928709
3.4859999999998377,4.78113417629552
3.4879999999998375,4.780888803141953
3.4899999999998372,4.780643374186242
3.491999999999837,4.780397900124539
3.493999999999837,4.780152365959087
3.4959999999998366,4.779906782678829
3.4979999999998364,4.779661136214894
3.499999999999836,4.779415438528493
3.501999999999836,4.779169692282228
3.5039999999998357,4.778923880243756
3.5059999999998355,4.778678013767162
3.5079999999998353,4.7784320959530735
3.509999999999835,4.778186126244604
3.511999999999835,4.777940102887666
3.5139999999998346,4.777694024064551
3.5159999999998344,4.777447888320912
3.517999999999834,4.777201694627805
3.519999999999834,4.776955442320366
3.5219999999998337,4.776709146982983
3.5239999999998335,4.776462794599932
3.5259999999998333,4.776216379612325
3.527999999999833,4.775969916685041
3.529999999999833,4.77572339249334
3.5319999999998326,4.775476818605382
3.5339999999998324,4.7752301809407545
3.535999999999832,4.774983491316187
3.537999999999832,4.774736752213656
3.5399999999998317,4.774489946198291
3.5419999999998315,4.774243084539613
3.5439999999998313,4.773996170295541
3.545999999999831,4.773749202893657
3.547999999999831,4.773502180572664
3.5499999999998306,4.77325510151557
3.5519999999998304,4.773007964268696
3.55399999999983,4.772760767818906
3.55599999999983,4.772513511513012
3.5579999999998297,4.772266194956996
3.5599999999998295,4.772018833960456
3.5619999999998293,4.771771414587701
3.563999999999829,4.771523947358364
3.565999999999829,4.771276417163588
3.5679999999998286,4.771028835086243
3.5699999999998284,4.770781187071599
3.571999999999828,4.770533485210654
3.573999999999828,4.770285732257942
3.5759999999998278,4.770037910954048
3.5779999999998275,4.7697900327449645
3.5799999999998273,4.7695421007845775
3.581999999999827,4.769294114554925
3.583999999999827,4.769046072324625
3.5859999999998267,4.768797972293173
3.5879999999998264,4.768549813018126
3.589999999999826,4.768301593491269
3.591999999999826,4.768053313067645
3.593999999999826,4.767804987435354
3.5959999999998256,4.767556602543619
3.5979999999998253,4.767308152822011
3.599999999999825,4.76705965302734
3.601999999999825,4.766811089798325
3.6039999999998247,4.766562474778368
3.6059999999998245,4.766313809928081
3.6079999999998242,4.766065077211356
3.609999999999824,4.765816287532308
3.611999999999824,4.7655674436922
3.6139999999998236,4.765318544957626
3.6159999999998234,4.765069573928564
3.617999999999823,4.764820545087022
3.619999999999823,4.764571463737229
3.6219999999998227,4.764322346525121
3.6239999999998225,4.764073178314167
3.6259999999998223,4.763823951961383
3.627999999999822,4.7635746647303865
3.629999999999822,4.763325316037379
3.6319999999998216,4.763075922293687
3.6339999999998214,4.762826470159956
3.635999999999821,4.762576970758765
3.637999999999821,4.762327409286828
3.6399999999998207,4.762077797102814
3.6419999999998205,4.7618281201950285
3.6439999999998203,4.761578390746874
3.64599999999982,4.761328611528059
3.64799999999982,4.761078765164882
3.6499999999998196,4.760828863104005
3.6519999999998194,4.760578908479854
3.653999999999819,4.760328900733549
3.655999999999819,4.760078931093555
3.6579999999998187,4.759828838263482
3.6599999999998185,4.759578657507309
3.6619999999998183,4.75932840745335
3.663999999999818,4.759078112822804
3.665999999999818,4.758827762793188
3.6679999999998176,4.758577352277518
3.6699999999998174,4.758326895503839
3.671999999999817,4.758076378186702
3.673999999999817,4.757825811230405
3.6759999999998167,4.75757517985406
3.6779999999998165,4.757324647428305
3.6799999999998163,4.75707414824503
3.681999999999816,4.756823628396848
3.683999999999816,4.756573043505319
3.6859999999998156,4.756322394429197
3.6879999999998154,4.756071682004037
3.689999999999815,4.755820890764624
3.691999999999815,4.755570034930066
3.6939999999998148,4.75531912018498
3.6959999999998145,4.755068147891661
3.6979999999998143,4.754817117539404
3.699999999999814,4.754566028044236
3.701999999999814,4.754314878333866
3.7039999999998137,4.754063667560528
3.7059999999998134,4.753812395124469
3.7079999999998132,4.753561076746816
3.709999999999813,4.7533096986987395
3.711999999999813,4.753058255872106
3.7139999999998126,4.752806763200906
3.7159999999998123,4.752555207304125
3.717999999999812,4.752303599765596
3.719999999999812,4.752051926349904
3.7219999999998117,4.7518001988822185
3.7239999999998115,4.751548419832853
3.7259999999998112,4.751296587753062
3.727999999999811,4.751044683945475
3.729999999999811,4.750792719839501
3.7319999999998106,4.750540699051504
3.7339999999998104,4.750288621589834
3.73599999999981,4.750036486147233
3.73799999999981,4.749784307354783
3.7399999999998097,4.749532070083738
3.7419999999998095,4.749279767919111
3.7439999999998093,4.749027398966649
3.745999999999809,4.748774979508979
3.747999999999809,4.748522496495235
3.7499999999998086,4.748269961462499
3.7519999999998084,4.748017359951186
3.753999999999808,4.74776470360114
3.755999999999808,4.747511978559101
3.7579999999998077,4.7472591971457305
3.7599999999998075,4.74700636223086
3.7619999999998073,4.746753472649264
3.763999999999807,4.746500526013493
3.765999999999807,4.746247503825021
3.7679999999998066,4.745994418156221
3.7699999999998064,4.745741289451302
3.771999999999806,4.745488104339188
3.773999999999806,4.745234856348402
3.7759999999998057,4.744981542887023
3.7779999999998055,4.7447281633261085
3.7799999999998053,4.744474734077715
3.781999999999805,4.7442212416973355
3.783999999999805,4.743967697301309
3.7859999999998046,4.743714086011396
3.7879999999998044,4.743460419221433
3.789999999999804,4.743206699092188
3.791999999999804,4.74295290775972
3.7939999999998038,4.74269905644696
3.7959999999998035,4.742445148188451
3.7979999999998033,4.742191182397918
3.799999999999803,4.741937157301786
3.801999999999803,4.7416830710662055
3.8039999999998027,4.741428922226969
3.8059999999998024,4.741174709752876
3.807999999999802,4.740920432988697
3.809999999999802,4.740666107775325
3.8119999999998018,4.7404117199786215
3.8139999999998015,4.740157263946411
3.8159999999998013,4.7399027545551435
3.817999999999801,4.739648178342129
3.819999999999801,4.739393547039387
3.8219999999998007,4.7391388463994515
3.8239999999998004,4.738884088399771
3.8259999999998002,4.738629275606208
3.8279999999998,4.738374406623229
3.8299999999998,4.738119478922104
3.8319999999997996,4.737864491011641
3.8339999999997993,4.737609443085363
3.835999999999799,4.737354334803658
3.837999999999799,4.737099165551378
3.8399999999997987,4.736843934752647
3.8419999999997985,4.7365886419422845
3.8439999999997982,4.73633328676229
3.845999999999798,4.736077885240716
3.847999999999798,4.735822423243113
3.8499999999997976,4.735566911374575
3.8519999999997974,4.735311334264789
3.853999999999797,4.735055703061339
3.855999999999797,4.734800003455941
3.8579999999997967,4.734544247631051
3.8599999999997965,4.734288438364516
3.8619999999997963,4.734032574421643
3.863999999999796,4.733776637054254
3.865999999999796,4.733520637857418
3.8679999999997956,4.733264580530105
3.8699999999997954,4.73300846510432
3.871999999999795,4.732752306576166
3.873999999999795,4.732496089443742
3.8759999999997947,4.732239806851944
3.8779999999997945,4.731983456530689
3.8799999999997943,4.731727054666907
3.881999999999794,4.731470587930456
3.883999999999794,4.731214051531451
3.8859999999997936,4.730957461115581
3.8879999999997934,4.7307008199675575
3.889999999999793,4.730444109842091
3.891999999999793,4.730187341336539
3.8939999999997927,4.729930516800395
3.8959999999997925,4.729673618743813
3.8979999999997923,4.729416658964485
3.899999999999792,4.729159640928073
3.901999999999792,4.728902564319239
3.9039999999997916,4.728645427509943
3.9059999999997914,4.728388245092598
3.907999999999791,4.728131001627851
3.909999999999791,4.727873690508344
3.9119999999997908,4.727616309736802
3.9139999999997905,4.727358875762661
3.9159999999997903,4.727101375386523
3.91799999999979,4.726843820281933
3.91999999999979,4.726586195818473
3.9219999999997897,4.726328513767083
3.9239999999997894,4.726070760116664
3.925999999999789,4.725812947362994
3.927999999999789,4.7255550788937715
3.9299999999997888,4.725297153887903
3.9319999999997886,4.725039170033569
3.9339999999997883,4.724781124970749
3.935999999999788,4.724523016810894
3.937999999999788,4.724264844227363
3.9399999999997877,4.724006606364975
3.9419999999997875,4.723748302707565
3.9439999999997872,4.723489949362881
3.945999999999787,4.72323153213619
3.947999999999787,4.722973045329792
3.9499999999997866,4.722714503955141
3.9519999999997864,4.722455894418604
3.953999999999786,4.722197228537981
3.955999999999786,4.721938508331445
3.9579999999997857,4.721679715398504
3.9599999999997855,4.721420860761257
3.9619999999997852,4.721161947265395
3.963999999999785,4.720902974164265
3.965999999999785,4.720643939559821
3.9679999999997846,4.720384841530807
3.9699999999997844,4.720125681001274
3.971999999999784,4.719866643656659
3.973999999999784,4.7196076194261
3.9759999999997837,4.719348551080793
3.9779999999997835,4.71908941283968
3.9799999999997833,4.71883021220167
3.981999999999783,4.718570934361874
3.983999999999783,4.718311575996254
3.9859999999997826,4.718052138624932
3.9879999999997824,4.717792641553411
3.989999999999782,4.717533073602063
3.991999999999782,4.71727344770481
3.9939999999997817,4.717013766351284
3.9959999999997815,4.716754011312017
3.9979999999997813,4.716494193539927
3.999999999999781,4.7162343157943
4.001999999999781,4.715974377262237
4.003999999999781,4.715714376000871
4.005999999999781,4.715454310061071
4.007999999999781,4.7151941778964535
4.00999999999978,4.714933978431284
4.01199999999978,4.7146737109744175
4.01399999999978,4.714413375112174
4.01599999999978,4.714152987014733
4.0179999999997795,4.713892532551636
4.019999999999779,4.713632006050007
4.021999999999779,4.713371422532232
4.023999999999779,4.713110784850116
4.025999999999779,4.712850074404675
4.027999999999778,4.712589301654715
4.029999999999778,4.71232846890707
4.031999999999778,4.712067575003727
4.033999999999778,4.711806601334664
4.0359999999997775,4.711545559828861
4.037999999999777,4.711284454462325
4.039999999999777,4.711023301908153
4.041999999999777,4.710762086961119
4.043999999999777,4.710500802559028
4.045999999999776,4.710239447035875
4.047999999999776,4.709978038137888
4.049999999999776,4.709716562989041
4.051999999999776,4.709455016735083
4.053999999999776,4.709193414917733
4.055999999999775,4.708931760651762
4.057999999999775,4.708670035387475
4.059999999999775,4.708408249618962
4.061999999999775,4.708146405627248
4.0639999999997745,4.7078845022088
4.065999999999774,4.707622520691379
4.067999999999774,4.70736047298772
4.069999999999774,4.707098379522597
4.071999999999774,4.706836226433938
4.073999999999773,4.706574006864365
4.075999999999773,4.706311717950389
4.077999999999773,4.706049358871731
4.079999999999773,4.7057869462019735
4.0819999999997725,4.705524466250115
4.083999999999772,4.705261930264682
4.085999999999772,4.704999323107591
4.087999999999772,4.704736656301643
4.089999999999772,4.704473915541318
4.091999999999771,4.704211113216072
4.093999999999771,4.703948252218136
4.095999999999771,4.7036853313507345
4.097999999999771,4.7034223481722055
4.0999999999997705,4.703159300295431
4.10199999999977,4.702896185849021
4.10399999999977,4.702633003531536
4.10599999999977,4.7023697525081545
4.10799999999977,4.702106432278551
4.109999999999769,4.7018430590884694
4.111999999999769,4.701579618683705
4.113999999999769,4.701316105319199
4.115999999999769,4.701052534099189
4.1179999999997685,4.700788891349538
4.119999999999768,4.70052518896158
4.121999999999768,4.700261428990202
4.123999999999768,4.69999760947863
4.125999999999768,4.699733710855245
4.127999999999767,4.69946974445046
4.129999999999767,4.699205713806391
4.131999999999767,4.698941618858986
4.133999999999767,4.698677458239857
4.1359999999997665,4.698413246951192
4.137999999999766,4.698148969582015
4.139999999999766,4.697884619858947
4.141999999999766,4.697620196114643
4.143999999999766,4.697355715120681
4.145999999999765,4.697091163565494
4.147999999999765,4.69682655321678
4.149999999999765,4.696561869235701
4.151999999999765,4.696297123463621
4.1539999999997645,4.696032318286413
4.155999999999764,4.695767452130293
4.157999999999764,4.695502522295897
4.159999999999764,4.695237509634788
4.161999999999764,4.694972426319617
4.1639999999997634,4.694707293282574
4.165999999999763,4.694442096914059
4.167999999999763,4.6941768305663425
4.169999999999763,4.693911491523424
4.171999999999763,4.693646095689667
4.173999999999762,4.693380629070758
4.175999999999762,4.693115086407988
4.177999999999762,4.692849483356258
4.179999999999762,4.692583823177307
4.1819999999997615,4.692318087279994
4.183999999999761,4.69205228636274
4.185999999999761,4.6917864228319495
4.187999999999761,4.691520495549152
4.189999999999761,4.691254502317266
4.19199999999976,4.690988424354415
4.19399999999976,4.690722290808454
4.19599999999976,4.6904560920496445
4.19799999999976,4.69018982304349
4.1999999999997595,4.689923481487748
4.201999999999759,4.689657083219735
4.203999999999759,4.6893906139384836
4.205999999999759,4.689124068094623
4.207999999999759,4.688857461166267
4.209999999999758,4.688590796281959
4.211999999999758,4.688324054719153
4.213999999999758,4.688057247154065
4.215999999999758,4.6877903759816615
4.2179999999997575,4.687523440058974
4.219999999999757,4.687256437183396
4.221999999999757,4.686989365229286
4.223999999999757,4.686722222531516
4.225999999999757,4.686455007944708
4.227999999999756,4.686187720738112
4.229999999999756,4.685920360478609
4.231999999999756,4.6856529436207675
4.233999999999756,4.685385455827177
4.2359999999997555,4.685117908022899
4.237999999999755,4.684850284550309
4.239999999999755,4.684582596844595
4.241999999999755,4.6843148303135065
4.243999999999755,4.68404699742661
4.245999999999754,4.683779101115695
4.247999999999754,4.6835111401963845
4.249999999999754,4.683243189993689
4.251999999999754,4.682975319289006
4.2539999999997535,4.682707435799302
4.255999999999753,4.682439492791441
4.257999999999753,4.6821714711229205
4.259999999999753,4.681903365997772
4.261999999999753,4.681635178113278
4.263999999999752,4.6813669099916915
4.265999999999752,4.68109856425534
4.267999999999752,4.680830142936237
4.269999999999752,4.680561664137019
4.2719999999997516,4.680293114578902
4.273999999999751,4.680024505683949
4.275999999999751,4.679755822076813
4.277999999999751,4.679487075224792
4.279999999999751,4.679218267231511
4.2819999999997505,4.678949396321094
4.28399999999975,4.678680459662458
4.28599999999975,4.678411454623686
4.28799999999975,4.678142379180478
4.28999999999975,4.677873231946063
4.291999999999749,4.677604012039947
4.293999999999749,4.677334718933477
4.295999999999749,4.677065352316405
4.297999999999749,4.676795928717624
4.2999999999997485,4.676526433843126
4.301999999999748,4.676256878612949
4.303999999999748,4.675987247368305
4.305999999999748,4.675717551504183
4.307999999999748,4.675447776398132
4.309999999999747,4.675177934484739
4.311999999999747,4.674908028669926
4.313999999999747,4.674638057749997
4.315999999999747,4.6743680192602755
4.3179999999997465,4.6740979107868945
4.319999999999746,4.673827730429119
4.321999999999746,4.6735574768586785
4.323999999999746,4.673287165963107
4.325999999999746,4.673016783027168
4.327999999999745,4.672746322029943
4.329999999999745,4.672475798138835
4.331999999999745,4.672205197498788
4.333999999999745,4.671934532114086
4.3359999999997445,4.671663787331663
4.337999999999744,4.671392975396057
4.339999999999744,4.671122098983537
4.341999999999744,4.67085115669489
4.343999999999744,4.670580145926341
4.345999999999743,4.670309064214004
4.347999999999743,4.670037910000462
4.349999999999743,4.669766682165195
4.351999999999743,4.6694953799392245
4.3539999999997425,4.669224019593925
4.355999999999742,4.66895258656418
4.357999999999742,4.668681074897798
4.359999999999742,4.668409499826747
4.361999999999742,4.668137864269542
4.363999999999741,4.667866149203585
4.365999999999741,4.667594365233249
4.367999999999741,4.667322514698608
4.369999999999741,4.667050579599612
4.3719999999997405,4.666778571940597
4.37399999999974,4.666506495301811
4.37599999999974,4.666234366232477
4.37799999999974,4.665962168832946
4.37999999999974,4.665689895545651
4.381999999999739,4.665417543444403
4.383999999999739,4.665145111900482
4.385999999999739,4.664872618078556
4.387999999999739,4.664600048302414
4.3899999999997386,4.664327414203128
4.391999999999738,4.664054717327369
4.393999999999738,4.663781938344602
4.395999999999738,4.663509088086915
4.397999999999738,4.663236169258006
4.3999999999997375,4.662963180997037
4.401999999999737,4.662690121301538
4.403999999999737,4.662416988160128
4.405999999999737,4.662143779969833
4.407999999999737,4.661870495601587
4.409999999999736,4.661597151197688
4.411999999999736,4.661323732021345
4.413999999999736,4.66105023204164
4.415999999999736,4.660776666553303
4.4179999999997355,4.660503021617142
4.419999999999735,4.66022930932775
4.421999999999735,4.659955531825186
4.423999999999735,4.659681670248508
4.425999999999735,4.65940773583803
4.427999999999734,4.659133731538189
4.429999999999734,4.65885965662664
4.431999999999734,4.6585855091759845
4.433999999999734,4.658311287214783
4.4359999999997335,4.658037006070365
4.437999999999733,4.657762650303902
4.439999999999733,4.657488213400251
4.441999999999733,4.657213710397808
4.443999999999733,4.656939127168352
4.445999999999732,4.656664475751917
4.447999999999732,4.656389758261601
4.449999999999732,4.656114955785884
4.451999999999732,4.655840079589992
4.4539999999997315,4.6555651326363705
4.455999999999731,4.655290114213538
4.457999999999731,4.655015022396785
4.459999999999731,4.654739855213596
4.461999999999731,4.654464611080874
4.46399999999973,4.654189288882616
4.46599999999973,4.653913904998186
4.46799999999973,4.6536384460208575
4.46999999999973,4.653362923699013
4.4719999999997295,4.6530873222910465
4.473999999999729,4.65281165326006
4.475999999999729,4.6525359016334065
4.477999999999729,4.652260079858007
4.479999999999729,4.65198419078348
4.481999999999728,4.651708233123631
4.483999999999728,4.651432204323195
4.485999999999728,4.651156101882219
4.487999999999728,4.650879923833532
4.4899999999997275,4.650603668794715
4.491999999999727,4.650327335873271
4.493999999999727,4.65005094152155
4.495999999999727,4.64977447103486
4.497999999999727,4.649497935401462
4.499999999999726,4.649221318658512
4.501999999999726,4.64894463235104
4.503999999999726,4.648667861605703
4.505999999999726,4.648391019039802
4.507999999999726,4.64811410762711
4.509999999999725,4.6478371261625835
4.511999999999725,4.647560072143314
4.513999999999725,4.647282943101543
4.515999999999725,4.647005869873828
4.5179999999997245,4.646728838837287
4.519999999999724,4.646451771915324
4.521999999999724,4.646174631115011
4.523999999999724,4.64589740113568
4.525999999999724,4.645620095162953
4.527999999999723,4.645342700104844
4.529999999999723,4.645065212955138
4.531999999999723,4.644787651993026
4.533999999999723,4.644510005478419
4.5359999999997225,4.644232287066554
4.537999999999722,4.643954499849275
4.539999999999722,4.643676642375382
4.541999999999722,4.643398694834756
4.543999999999722,4.6431206688197975
4.545999999999721,4.642842567987763
4.547999999999721,4.642564392327278
4.549999999999721,4.642286157737272
4.551999999999721,4.642007848440617
4.5539999999997205,4.641729457282763
4.55599999999972,4.641450998772823
4.55799999999972,4.641172458271089
4.55999999999972,4.640893847535222
4.56199999999972,4.640615151484015
4.563999999999719,4.640336382378096
4.565999999999719,4.640057542892239
4.567999999999719,4.639778614571707
4.569999999999719,4.639499609141909
4.5719999999997185,4.639220529878593
4.573999999999718,4.638941376248021
4.575999999999718,4.638662163447574
4.577999999999718,4.638382875149827
4.579999999999718,4.638103503932025
4.581999999999717,4.6378240471756325
4.583999999999717,4.637544521617987
4.585999999999717,4.63726491344016
4.587999999999717,4.636985234623892
4.5899999999997165,4.636705487017803
4.591999999999716,4.636425668341507
4.593999999999716,4.636145758200575
4.595999999999716,4.635865767972076
4.597999999999716,4.635585701202884
4.599999999999715,4.635305557803415
4.601999999999715,4.6350253363550955
4.603999999999715,4.634745052312471
4.605999999999715,4.63446468988603
4.6079999999997145,4.634184242211957
4.609999999999714,4.633903724223861
4.611999999999714,4.633623121506953
4.613999999999714,4.633342446087438
4.615999999999714,4.633061700052915
4.6179999999997134,4.632780864279407
4.619999999999713,4.6324999500809785
4.621999999999713,4.632218960438219
4.623999999999713,4.6319378946283
4.625999999999713,4.631656750706949
4.627999999999712,4.631375526675586
4.629999999999712,4.631094220918978
4.631999999999712,4.630812849413601
4.633999999999712,4.6305313969674184
4.6359999999997115,4.63024987442919
4.637999999999711,4.629968265629107
4.639999999999711,4.629686582121518
4.641999999999711,4.629404808916576
4.643999999999711,4.629122958697241
4.64599999999971,4.628841034489372
4.64799999999971,4.628559035115354
4.64999999999971,4.628276958082132
4.65199999999971,4.627994800928445
4.6539999999997095,4.627712561705625
4.655999999999709,4.627430239046643
4.657999999999709,4.627147849239535
4.659999999999709,4.626865377295722
4.661999999999709,4.626582834222365
4.663999999999708,4.62630020388876
4.665999999999708,4.62601749791965
4.667999999999708,4.625734718508647
4.669999999999708,4.625451846709639
4.6719999999997075,4.62516889428244
4.673999999999707,4.624885865595998
4.675999999999707,4.624602760820514
4.677999999999707,4.624319578289703
4.679999999999707,4.624036316001133
4.681999999999706,4.62375298943337
4.683999999999706,4.623469582794886
4.685999999999706,4.6231860893039105
4.687999999999706,4.622902524116409
4.6899999999997055,4.622618872803259
4.691999999999705,4.622335147515078
4.693999999999705,4.622051350371713
4.695999999999705,4.621767479342399
4.697999999999705,4.621483531269526
4.699999999999704,4.621199485986755
4.701999999999704,4.62091537300996
4.703999999999704,4.6206311821796
4.705999999999704,4.620346908092119
4.7079999999997035,4.6200625482180016
4.709999999999703,4.619778101589844
4.711999999999703,4.6194935852528545
4.713999999999703,4.619208984761447
4.715999999999703,4.618924311626628
4.717999999999702,4.61863956720149
4.719999999999702,4.618354731529737
4.721999999999702,4.618069815529314
4.723999999999702,4.617784821893725
4.7259999999997016,4.617499749702925
4.727999999999701,4.61721459688263
4.729999999999701,4.616929361346735
4.731999999999701,4.616644058715395
4.733999999999701,4.616358673241316
4.7359999999997004,4.616073198216617
4.7379999999997,4.615787648948278
4.7399999999997,4.615502011009504
4.7419999999997,4.615216296652588
4.7439999999997,4.614930508049261
4.745999999999699,4.614644626035571
4.747999999999699,4.614358662283309
4.749999999999699,4.614072619893351
4.751999999999699,4.613786498138794
4.7539999999996985,4.613500312343716
4.755999999999698,4.613214045847811
4.757999999999698,4.6129276910153685
4.759999999999698,4.6126412451232435
4.761999999999698,4.612354725144387
4.763999999999697,4.612068117040937
4.765999999999697,4.611781432973224
4.767999999999697,4.611494786303081
4.769999999999697,4.611208182399336
4.7719999999996965,4.610921547148554
4.773999999999696,4.610634823969712
4.775999999999696,4.610348009117166
4.777999999999696,4.610061101804556
4.779999999999696,4.6097741024802
4.781999999999695,4.609487011936106
4.783999999999695,4.609199830908187
4.785999999999695,4.60891255993619
4.787999999999695,4.608625199379644
4.7899999999996945,4.608337766730513
4.791999999999694,4.608050247505592
4.793999999999694,4.607762653059481
4.795999999999694,4.607474967261868
4.797999999999694,4.607187201826398
4.799999999999693,4.606899358951242
4.801999999999693,4.606611436847914
4.803999999999693,4.606323432620708
4.805999999999693,4.606035343548278
4.8079999999996925,4.605747167525373
4.809999999999692,4.605458903098372
4.811999999999692,4.605170549341209
4.813999999999692,4.604882105696412
4.815999999999692,4.604593589182828
4.817999999999691,4.604304985039372
4.819999999999691,4.60401630454721
4.821999999999691,4.603727548865673
4.823999999999691,4.603438697810139
4.8259999999996905,4.603149762241411
4.82799999999969,4.60286074481978
4.82999999999969,4.602571644614152
4.83199999999969,4.60228245954019
4.83399999999969,4.60199320488372
4.835999999999689,4.601703864375685
4.837999999999689,4.601414430870364
4.839999999999689,4.601124919445245
4.841999999999689,4.600835315436285
4.8439999999996886,4.6005456310344695
4.845999999999688,4.600255850991392
4.847999999999688,4.599965987894914
4.849999999999688,4.599676044557508
4.851999999999688,4.59938601958291
4.8539999999996875,4.599095910295441
4.855999999999687,4.598805714093411
4.857999999999687,4.598515428924159
4.859999999999687,4.598225070772575
4.861999999999687,4.597934624086439
4.863999999999686,4.597644082324397
4.865999999999686,4.5973534610508136
4.867999999999686,4.597062763295275
4.869999999999686,4.596771969376145
4.8719999999996855,4.596481090194156
4.873999999999685,4.596190128268611
4.875999999999685,4.59589908321803
4.877999999999685,4.5956079534579555
4.879999999999685,4.595316736947208
4.881999999999684,4.595025431888446
4.883999999999684,4.594734054381063
4.885999999999684,4.594442588825936
4.887999999999684,4.594151028614088
4.8899999999996835,4.593859389280739
4.891999999999683,4.593567673804524
4.893999999999683,4.593275862406467
4.895999999999683,4.592983965960262
4.897999999999683,4.5926919868938
4.899999999999682,4.5923999239822715
4.901999999999682,4.592107774882669
4.903999999999682,4.591815537310486
4.905999999999682,4.591523209457279
4.9079999999996815,4.591230807543957
4.909999999999681,4.590938316037013
4.911999999999681,4.590645745928293
4.913999999999681,4.590353080679287
4.915999999999681,4.590060332021389
4.91799999999968,4.58976750216978
4.91999999999968,4.589474571852417
4.92199999999968,4.5891815528767115
4.92399999999968,4.588888448518851
4.9259999999996795,4.588595275725999
4.927999999999679,4.588302017876355
4.929999999999679,4.588008666923818
4.931999999999679,4.587715219649482
4.933999999999679,4.587421692816499
4.935999999999678,4.587128071978724
4.937999999999678,4.586834369427892
4.939999999999678,4.5865405871332685
4.941999999999678,4.5862467051915825
4.9439999999996775,4.5859527348690285
4.945999999999677,4.5856586790227185
4.947999999999677,4.58536453677863
4.949999999999677,4.585070306046516
4.951999999999677,4.584776002281869
4.953999999999676,4.584481609015427
4.955999999999676,4.584187118975906
4.957999999999676,4.583892547367088
4.959999999999676,4.583597879309381
4.961999999999676,4.583303127125896
4.963999999999675,4.583008292998969
4.965999999999675,4.582713374875073
4.967999999999675,4.582418369538875
4.969999999999675,4.582123273999234
4.9719999999996745,4.581828085945689
4.973999999999674,4.581532803784416
4.975999999999674,4.581237426499511
4.977999999999674,4.580941971108917
4.979999999999674,4.5806464224752075
4.981999999999673,4.580350791971842
4.983999999999673,4.580055063109901
4.985999999999673,4.579759247795895
4.987999999999673,4.579463348293897
4.9899999999996725,4.579167362825286
4.991999999999672,4.57887128848405
4.993999999999672,4.578575122476998
4.995999999999672,4.578278862632282
4.997999999999672,4.577982507453245
4.999999999999671,4.577686055984338
5.001999999999671,4.577389525326438
5.003999999999671,4.577092900332339
5.005999999999671,4.576796192412815
5.0079999999996705,4.576499566101039
5.00999999999967,4.576202947924689
5.01199999999967,4.5759062755381805
5.01399999999967,4.57560951676976
5.01599999999967,4.575312639680751
5.017999999999669,4.575015654251693
5.019999999999669,4.574718566293268
5.021999999999669,4.5744213788377985
5.023999999999669,4.574124110866521
5.0259999999996685,4.573826748059281
5.027999999999668,4.573529284345151
5.029999999999668,4.573231735584483
5.031999999999668,4.572934087176864
5.033999999999668,4.5726363515519814
5.035999999999667,4.57233853092424
5.037999999999667,4.572040605587118
5.039999999999667,4.5717425870761375
5.041999999999667,4.571444478442909
5.0439999999996665,4.571146296603442
5.045999999999666,4.570848024762008
5.047999999999666,4.5705496547624955
5.049999999999666,4.570251183328062
5.051999999999666,4.569952627324319
5.053999999999665,4.569653972216473
5.055999999999665,4.569355230188653
5.057999999999665,4.569056403101645
5.059999999999665,4.568757488583881
5.0619999999996645,4.568458483176783
5.063999999999664,4.568159383719162
5.065999999999664,4.567860187795587
5.067999999999664,4.567560893758428
5.069999999999664,4.567261500564146
5.0719999999996634,4.566962007650096
5.073999999999663,4.566662433086177
5.075999999999663,4.566362780104593
5.077999999999663,4.566063027806078
5.079999999999663,4.565763186113043
5.081999999999662,4.565463256562212
5.083999999999662,4.565163237240261
5.085999999999662,4.56486312532884
5.087999999999662,4.564562918234026
5.0899999999996615,4.564262613959376
5.091999999999661,4.563962211119628
5.093999999999661,4.563661726578194
5.095999999999661,4.563361144933511
5.097999999999661,4.563060477506964
5.09999999999966,4.5627597253991485
5.10199999999966,4.562458867905974
5.10399999999966,4.5621579160454955
5.10599999999966,4.561856872522887
5.1079999999996595,4.561555736379643
5.109999999999659,4.5612545054741265
5.111999999999659,4.5609531776513075
5.113999999999659,4.560651768968299
5.115999999999659,4.560350263300646
5.117999999999658,4.560048671506499
5.119999999999658,4.559746976579236
5.121999999999658,4.559445190307278
5.123999999999658,4.559143315065584
5.1259999999996575,4.558841349105299
5.127999999999657,4.558539289466494
5.129999999999657,4.558237133330639
5.131999999999657,4.557934878496807
5.133999999999657,4.557632523427154
5.135999999999656,4.557330067131303
5.137999999999656,4.557027526836886
5.139999999999656,4.556724887273364
5.141999999999656,4.556422159933222
5.1439999999996555,4.55611934599951
5.145999999999655,4.555816442563627
5.147999999999655,4.555513445782306
5.149999999999655,4.5552103522429475
5.151999999999655,4.554907159376384
5.153999999999654,4.554603865476713
5.155999999999654,4.554300469484668
5.157999999999654,4.553996988645803
5.159999999999654,4.553693407657047
5.1619999999996535,4.553389738043384
5.163999999999653,4.5530859631138485
5.165999999999653,4.552782094920626
5.167999999999653,4.552478135786655
5.169999999999653,4.5521740839184766
5.171999999999652,4.5518699363534765
5.173999999999652,4.551565690288731
5.175999999999652,4.551261343548111
5.177999999999652,4.550956912531288
5.1799999999996515,4.550652381296991
5.181999999999651,4.550347761015493
5.183999999999651,4.550043034747653
5.185999999999651,4.549738214462809
5.187999999999651,4.549433302449701
5.1899999999996504,4.549128296905101
5.19199999999965,4.548823194869218
5.19399999999965,4.548517993542977
5.19599999999965,4.548212690757338
5.19799999999965,4.54790728501494
5.199999999999649,4.5476017933786625
5.201999999999649,4.547296200327143
5.203999999999649,4.546990517337771
5.205999999999649,4.546684727589428
5.2079999999996485,4.546378843158693
5.209999999999648,4.546072866374432
5.211999999999648,4.545766795447061
5.213999999999648,4.545460627414638
5.215999999999648,4.545154359478626
5.217999999999647,4.544848007461166
5.219999999999647,4.544541554828221
5.221999999999647,4.544234994421659
5.223999999999647,4.543928342043223
5.2259999999996465,4.5436216007504155
5.227999999999646,4.543314750193717
5.229999999999646,4.543007801557353
5.231999999999646,4.542700757405137
5.233999999999646,4.54239365364957
5.235999999999645,4.542086638630714
5.237999999999645,4.541779599273525
5.239999999999645,4.541472476637904
5.241999999999645,4.54116526203457
5.2439999999996445,4.540857931346197
5.245999999999644,4.540550477638224
5.247999999999644,4.540242919753762
5.249999999999644,4.539935246297983
5.251999999999644,4.539627472899727
5.253999999999643,4.539319604041182
5.255999999999643,4.539011621146716
5.257999999999643,4.538703536842206
5.259999999999643,4.5383953547678315
5.2619999999996425,4.538087092455103
5.263999999999642,4.537778733032976
5.265999999999642,4.537470268775616
5.267999999999642,4.537161714773721
5.269999999999642,4.5368530553045
5.271999999999641,4.536544302443777
5.273999999999641,4.536235458074687
5.275999999999641,4.535926519884305
5.277999999999641,4.5356174664391675
5.2799999999996405,4.535308327671502
5.28199999999964,4.534999092366365
5.28399999999964,4.53468975431758
5.28599999999964,4.534380310459994
5.28799999999964,4.534070777559573
5.289999999999639,4.533761140207321
5.291999999999639,4.533451410284319
5.293999999999639,4.533141589325131
5.295999999999639,4.532831656621368
5.2979999999996386,4.53252162357198
5.299999999999638,4.532211493112133
5.301999999999638,4.531901282559077
5.303999999999638,4.531590974909522
5.305999999999638,4.53128056187299
5.3079999999996375,4.53097004010116
5.309999999999637,4.530659426863609
5.311999999999637,4.530348725457035
5.313999999999637,4.530037915191551
5.315999999999637,4.529727006904604
5.317999999999636,4.529416002838041
5.319999999999636,4.52910490157193
5.321999999999636,4.528793700613907
5.323999999999636,4.528482397582399
5.3259999999996355,4.528171008756072
5.327999999999635,4.527859517763221
5.329999999999635,4.527547917568868
5.331999999999635,4.527236224204535
5.333999999999635,4.526924440869012
5.335999999999634,4.526612565322327
5.337999999999634,4.526300575620552
5.339999999999634,4.5259884832994395
5.341999999999634,4.525676310014139
5.3439999999996335,4.525364040424882
5.345999999999633,4.525051666733022
5.347999999999633,4.524739185565092
5.349999999999633,4.524426614084511
5.351999999999633,4.524113937232087
5.353999999999632,4.523801167417366
5.355999999999632,4.523488306568007
5.357999999999632,4.523175352327484
5.359999999999632,4.522862301242836
5.3619999999996315,4.522549150187465
5.363999999999631,4.522235896815777
5.365999999999631,4.521922539585922
5.367999999999631,4.5216090775949
5.369999999999631,4.521295528604086
5.37199999999963,4.52098187727479
5.37399999999963,4.520668135549618
5.37599999999963,4.520354304902786
5.37799999999963,4.520040382626578
5.3799999999996295,4.519726365051764
5.381999999999629,4.519412248935307
5.383999999999629,4.519098031921078
5.385999999999629,4.518783712530064
5.387999999999629,4.51846928993394
5.389999999999628,4.518154782017033
5.391999999999628,4.517840173491502
5.393999999999628,4.517525476417531
5.395999999999628,4.517210692361918
5.3979999999996275,4.516895800434644
5.399999999999627,4.516580812274132
5.401999999999627,4.516265731044102
5.403999999999627,4.5159505561583195
5.405999999999627,4.515635285813015
5.407999999999626,4.51531993649753
5.409999999999626,4.515004491599096
5.411999999999626,4.514688962261931
5.413999999999626,4.514373331156218
5.415999999999626,4.514057610598327
5.417999999999625,4.513741784888837
5.419999999999625,4.513425867838527
5.421999999999625,4.513109863205556
5.423999999999625,4.512793770325528
5.4259999999996245,4.51247758712411
5.427999999999624,4.512161311537485
5.429999999999624,4.511844960400351
5.431999999999624,4.511528517568477
5.433999999999624,4.51121197638127
5.435999999999623,4.510895353583477
5.437999999999623,4.510578653004804
5.439999999999623,4.510261854646578
5.441999999999623,4.509944970621536
5.4439999999996225,4.509628004343376
5.445999999999622,4.509310955450553
5.447999999999622,4.5089938224834665
5.449999999999622,4.508676710123726
5.451999999999622,4.508359664873008
5.453999999999621,4.5080425917570235
5.455999999999621,4.507725443590659
5.457999999999621,4.5074082192686875
5.459999999999621,4.507090898750027
5.4619999999996205,4.506773477612811
5.46399999999962,4.506455976787533
5.46599999999962,4.506138386025409
5.46799999999962,4.505820722509194
5.46999999999962,4.5055029738182295
5.471999999999619,4.505185156069131
5.473999999999619,4.5048672748526775
5.475999999999619,4.504549331085729
5.477999999999619,4.504231324231312
5.4799999999996185,4.503913253740723
5.481999999999618,4.503595119660575
5.483999999999618,4.503276922796593
5.485999999999618,4.502958664654091
5.487999999999618,4.502640347322257
5.489999999999617,4.502321991743689
5.491999999999617,4.5020035855815275
5.493999999999617,4.501685125763936
5.495999999999617,4.5013666326132045
5.4979999999996165,4.50104809517031
5.499999999999616,4.500729530834011
5.501999999999616,4.500410928347578
5.503999999999616,4.50009230609803
5.505999999999616,4.499773672723556
5.507999999999615,4.49945501450722
5.509999999999615,4.4991363506891435
5.511999999999615,4.498817692297209
5.513999999999615,4.498499028633745
5.5159999999996145,4.498180382247664
5.517999999999614,4.497861767649305
5.519999999999614,4.497543177853264
5.521999999999614,4.497224639529522
5.523999999999614,4.496906153411093
5.525999999999613,4.4965877517771515
5.527999999999613,4.496269440377518
5.529999999999613,4.495951256983386
5.531999999999613,4.495633214025726
5.533999999999613,4.495315339320529
5.535999999999612,4.494997671721341
5.537999999999612,4.494680241518902
5.539999999999612,4.494363124199209
5.541999999999612,4.494046382841698
5.5439999999996115,4.493730112904183
5.545999999999611,4.493414428413076
5.547999999999611,4.493099512076293
5.549999999999611,4.492785605249871
5.551999999999611,4.492473152798902
5.55399999999961,4.4921629911563565
5.55599999999961,4.491857388484124
5.55799999999961,4.491288070402485
5.55999999999961,3.7561529954969703
5.5619999999996095,3.355778453739926
5.563999999999609,3.1653991922314666
5.565999999999609,3.095013933743199
5.567999999999609,3.081052596739917
5.569999999999609,3.0892858427154097
5.571999999999608,3.103680593355277
5.573999999999608,3.1176687659507305
5.575999999999608,3.129076410311886
5.577999999999608,3.1375580038169817
5.5799999999996075,3.1434600347867416
5.581999999999607,3.1472950236998942
5.583999999999607,3.149562605638737
5.585999999999607,3.1506661579595714
5.587999999999607,3.150923254011731
5.589999999999606,3.1505726888967436
5.591999999999606,3.149789407862531
5.593999999999606,3.148699605909746
5.595999999999606,3.147393716148957
5.5979999999996055,3.145936806380254
5.599999999999605,3.1443730739120785
5.601999999999605,3.142734111175744
5.603999999999605,3.141042395693297
5.605999999999605,3.1393138681812545
5.607999999999604,3.1375598071769986
5.609999999999604,3.135788179765886
5.611999999999604,3.134004606886193
5.613999999999604,3.1322130499604155
5.6159999999996035,3.130416299528272
5.617999999999603,3.1286163196215466
5.619999999999603,3.126814491826409
5.621999999999603,3.1250117876252603
5.623999999999603,3.1232088894432457
5.625999999999602,3.1214062769685524
5.627999999999602,3.1196042869115668
5.629999999999602,3.11780315526512
5.631999999999602,3.1160030473271396
5.6339999999996015,3.1142040788126644
5.635999999999601,3.112406330615058
5.637999999999601,3.110609859115989
5.639999999999601,3.1088147032808022
5.641999999999601,3.1070208901641867
5.6439999999996004,3.105228438482023
5.6459999999996,3.1034373609857506
5.6479999999996,3.1016476659776453
5.6499999999996,3.099859358772991
5.6519999999996,3.098072443156421
5.653999999999599,3.096286921101059
5.655999999999599,3.0945027934481835
5.657999999999599,3.092720233799465
5.659999999999599,3.090939171909327
5.6619999999995985,3.089159552355035
5.663999999999598,3.087381346916646
5.665999999999598,3.0856045418591846
5.667999999999598,3.083829129780014
5.669999999999598,3.0820551072785283
5.671999999999597,3.0802824722876876
5.673999999999597,3.078511223585363
5.675999999999597,3.076741360058699
5.677999999999597,3.0749728807685215
5.6799999999995965,3.0732057846019094
5.681999999999596,3.07144007058932
5.683999999999596,3.0696757377566155
5.685999999999596,3.067912784867204
5.687999999999596,3.0661512108256432
5.689999999999595,3.064391014518159
5.691999999999595,3.0626321945950994
5.693999999999595,3.0608747498665885
5.695999999999595,3.0591186789607994
5.6979999999995945,3.057363980661681
5.699999999999594,3.055610653802552
5.701999999999594,3.0538586970224624
5.703999999999594,3.0521081090860642
5.705999999999594,3.0503588888131086
5.707999999999593,3.04861103481458
5.709999999999593,3.0468645458697865
5.711999999999593,3.0451194205828624
5.713999999999593,3.04337565791954
5.7159999999995925,3.041633256363965
5.717999999999592,3.0398922148299046
5.719999999999592,3.0381525319727225
5.721999999999592,3.0364142064045403
5.723999999999592,3.0346772370441695
5.725999999999591,3.032941622600268
5.727999999999591,3.03120736166555
5.729999999999591,3.0294744531656828
5.731999999999591,3.0277428958161536
5.7339999999995905,3.026012688204259
5.73599999999959,3.024283829094733
5.73799999999959,3.0225563172995495
5.73999999999959,3.0208301516613885
5.74199999999959,3.0191053308175198
5.743999999999589,3.017381853546363
5.745999999999589,3.015659718495723
5.747999999999589,3.0139389244342025
5.749999999999589,3.0122194701928233
5.7519999999995886,3.0105013545941564
5.753999999999588,3.008784576291866
5.755999999999588,3.0070691339226423
5.757999999999588,3.005355026400821
5.759999999999588,3.0036422524404838
5.7619999999995875,3.0019308108199616
5.763999999999587,3.0002207002107157
5.765999999999587,2.998511919406737
5.767999999999587,2.9968044672005862
5.769999999999587,2.9950983424319695
5.771999999999586,2.993393543780129
5.773999999999586,2.991690069877852
5.775999999999586,2.9899879196347543
5.777999999999586,2.9882870917774826
5.7799999999995855,2.9865875851094
5.781999999999585,2.984889398306531
5.783999999999585,2.983192530289836
5.785999999999585,2.9814969796504265
5.787999999999585,2.9798027452623144
5.789999999999584,2.9781098258728718
5.791999999999584,2.9764182202581897
5.793999999999584,2.974727927235732
5.795999999999584,2.9730389455122306
5.7979999999995835,2.9713512738664933
5.799999999999583,2.969664911113938
5.801999999999583,2.9679798559750723
5.803999999999583,2.9662961072311376
5.805999999999583,2.964613663696253
5.807999999999582,2.9629325241051125
5.809999999999582,2.961252687249829
5.811999999999582,2.959574151950731
5.813999999999582,2.95789691702265
5.8159999999995815,2.9562209811875446
5.817999999999581,2.9545463432360983
5.819999999999581,2.9528730019795706
5.821999999999581,2.9512009561488264
5.823999999999581,2.949530204541541
5.82599999999958,2.9478607459693706
5.82799999999958,2.946192579172342
5.82999999999958,2.94452570295286
5.83199999999958,2.9428601161423074
5.8339999999995795,2.9411958175462978
5.835999999999579,2.939532805920647
5.837999999999579,2.9378710800646175
5.839999999999579,2.936210638792505
5.841999999999579,2.934551480852009
5.843999999999578,2.932893605123048
5.845999999999578,2.9312370102904466
5.847999999999578,2.929581695213938
5.849999999999578,2.9279276586666665
5.8519999999995775,2.92627489945929
5.853999999999577,2.9246234164138443
5.855999999999577,2.9229732083513005
5.857999999999577,2.9213242740377767
5.859999999999577,2.9196766122756324
5.861999999999576,2.918030221824129
5.863999999999576,2.916385101552322
5.865999999999576,2.914741250243534
5.867999999999576,2.913098666721476
5.869999999999576,2.9114573497510543
5.871999999999575,2.909817298194826
5.873999999999575,2.908178510835216
5.875999999999575,2.906540986453252
5.877999999999575,2.9049047239034134
5.8799999999995745,2.9032697219831003
5.881999999999574,2.901635979511662
5.883999999999574,2.900003495318752
5.885999999999574,2.8983722682232984
5.887999999999574,2.896742297011248
5.889999999999573,2.89511358050001
5.891999999999573,2.8934861174816904
5.893999999999573,2.8918599068311717
5.895999999999573,2.8902349473411237
5.8979999999995725,2.8886112378336395
5.899999999999572,2.886988777147587
5.901999999999572,2.8853675640796896
5.903999999999572,2.883747597459846
5.905999999999572,2.882128876116432
5.907999999999571,2.88051139889504
5.909999999999571,2.8788951646193417
5.911999999999571,2.8772801720995216
5.913999999999571,2.8756664201559987
5.9159999999995705,2.8740539076319975
5.91799999999957,2.872442633346992
5.91999999999957,2.8708325961333783
5.92199999999957,2.869223794824075
5.92399999999957,2.8676162282594087
5.925999999999569,2.866009895281099
5.927999999999569,2.86440479470297
5.929999999999569,2.8628009253737794
5.931999999999569,2.861198286132644
5.9339999999995685,2.8595968758171173
5.935999999999568,2.857996693257511
5.937999999999568,2.8563977372967155
5.939999999999568,2.8548000067736705
5.941999999999568,2.853203500540665
5.943999999999567,2.8516082174345736
5.945999999999567,2.850014156298464
5.947999999999567,2.8484213159758514
5.949999999999567,2.8468296953189856
5.9519999999995665,2.8452392931696227
5.953999999999566,2.843650108375374
5.955999999999566,2.842062139778883
5.957999999999566,2.840475386234625
5.959999999999566,2.8388898465909183
5.961999999999565,2.8373055197111667
5.963999999999565,2.8357224044423015
5.965999999999565,2.8341404996346617
5.967999999999565,2.8325598041440854
5.9699999999995645,2.8309803168290943
5.971999999999564,2.8294020365434847
5.973999999999564,2.827824962144154
5.975999999999564,2.8262490924951695
5.977999999999564,2.824674426452578
5.979999999999563,2.8231009628753014
5.981999999999563,2.8215287006272276
5.983999999999563,2.819957638578815
5.985999999999563,2.818387775589369
5.987999999999563,2.816819110520262
5.989999999999562,2.8152516422338985
5.991999999999562,2.813685369604276
5.993999999999562,2.812120291482616
5.995999999999562,2.8105564067489524
5.9979999999995615,2.8089937142784356
5.999999999999561,2.8074322129598257
6.001999999999561,2.805871901642967
6.003999999999561,2.80431277920669
6.005999999999561,2.8027548445265107
6.00799999999956,2.8011980964663565
6.00999999999956,2.7996425338998674
6.01199999999956,2.7980881557330646
6.01399999999956,2.796534960812921
6.0159999999995595,2.794982948033013
6.017999999999559,2.7934321162744276
6.019999999999559,2.791882464415402
6.021999999999559,2.790333991327738
6.023999999999559,2.7887866959248706
6.025999999999558,2.7872405770909165
6.027999999999558,2.785695633704072
6.029999999999558,2.784151864641933
6.031999999999558,2.782609268779612
6.0339999999995575,2.781067845000738
6.035999999999557,2.7795275922280105
6.037999999999557,2.777988509355955
6.039999999999557,2.7764505952643344
6.041999999999557,2.774913848837635
6.043999999999556,2.7733782689612516
6.045999999999556,2.771843854525267
6.047999999999556,2.770310604460779
6.049999999999556,2.7687785176698045
6.0519999999995555,2.7672475930376876
6.053999999999555,2.765717829459945
6.055999999999555,2.7641892258219167
6.057999999999555,2.762661781016963
6.059999999999555,2.7611354939883617
6.061999999999554,2.7596103635958933
6.063999999999554,2.758086388773717
6.065999999999554,2.756563568430809
6.067999999999554,2.7550419015187435
6.0699999999995535,2.7535213868992634
6.071999999999553,2.7520020234523743
6.073999999999553,2.7504838101319375
6.075999999999553,2.7489667458466602
6.077999999999553,2.747450829507329
6.079999999999552,2.7459360600125287
6.081999999999552,2.7444224362673566
6.083999999999552,2.7429099571788704
6.085999999999552,2.7413986217168067
6.0879999999995515,2.7398884288024115
6.089999999999551,2.738379377285548
6.091999999999551,2.7368714661203954
6.093999999999551,2.7353646942352228
6.095999999999551,2.7338590606039257
6.0979999999995504,2.732354564093418
6.09999999999955,2.7308512036644075
6.10199999999955,2.7293489781757887
6.10399999999955,2.7278478865960287
6.10599999999955,2.7263479278597718
6.107999999999549,2.724849100890097
6.109999999999549,2.723351404606988
6.111999999999549,2.721854837927205
6.113999999999549,2.720359399842199
6.1159999999995485,2.7188650892262136
6.117999999999548,2.717371905058683
6.119999999999548,2.715879846275565
6.121999999999548,2.714388911806574
6.123999999999548,2.712899100579359
6.125999999999547,2.7114104115190973
6.127999999999547,2.7099228435553506
6.129999999999547,2.7084363956939783
6.131999999999547,2.706951066813228
6.1339999999995465,2.705466855903643
6.135999999999546,2.703983761914082
6.137999999999546,2.70250178378419
6.139999999999546,2.701020920445745
6.141999999999546,2.699541170834692
6.143999999999545,2.6980625338906292
6.145999999999545,2.696585008630438
6.147999999999545,2.6951085939432127
6.149999999999545,2.693633288826396
6.1519999999995445,2.6921590921611793
6.153999999999544,2.6906860029578152
6.155999999999544,2.689214020179847
6.157999999999544,2.687743142779934
6.159999999999544,2.686273369706405
6.161999999999543,2.6848046999071826
6.163999999999543,2.6833371324150876
6.165999999999543,2.6818706661182667
6.167999999999543,2.6804053000333576
6.1699999999995425,2.678941033046182
6.171999999999542,2.67747786417625
6.173999999999542,2.6760157924010763
6.175999999999542,2.674554816680882
6.177999999999542,2.6730949359736056
6.179999999999541,2.6716361492338674
6.181999999999541,2.670178455424286
6.183999999999541,2.6687218535134187
6.185999999999541,2.667266342550791
6.1879999999995405,2.6658119214402984
6.18999999999954,2.6643585892136477
6.19199999999954,2.662906344856619
6.19399999999954,2.6614551872455303
6.19599999999954,2.6600051154153594
6.197999999999539,2.658556128361123
6.199999999999539,2.6571082250584825
6.201999999999539,2.655661404481006
6.203999999999539,2.654215665601599
6.2059999999995386,2.652771007488774
6.207999999999538,2.6513274290485795
6.209999999999538,2.649884929235928
6.211999999999538,2.648443507116624
6.213999999999538,2.647003161697114
6.2159999999995375,2.64556389186609
6.217999999999537,2.644125696673725
6.219999999999537,2.6426885751270146
6.221999999999537,2.641252526213307
6.223999999999537,2.639817548916711
6.225999999999536,2.6383836422244737
6.227999999999536,2.636950805122337
6.229999999999536,2.635519036601578
6.231999999999536,2.634088335659255
6.2339999999995355,2.6326587012920415
6.235999999999535,2.6312301325942666
6.237999999999535,2.629802628490714
6.239999999999535,2.6283761880483847
6.241999999999535,2.6269508101880654
6.243999999999534,2.625526493981279
6.245999999999534,2.624103238351918
6.247999999999534,2.6226810423797957
6.249999999999534,2.6212599050922467
6.2519999999995335,2.619839825494559
6.253999999999533,2.618420802587218
6.255999999999533,2.6170028353734027
6.257999999999533,2.6155859228566363
6.259999999999533,2.614170064041389
6.261999999999532,2.6127552579396998
6.263999999999532,2.6113415035671417
6.265999999999532,2.60992880004037
6.267999999999532,2.6085171462938903
6.2699999999995315,2.6071065413152033
6.271999999999531,2.6056969842208546
6.273999999999531,2.604288473952002
6.275999999999531,2.6028810095034687
6.277999999999531,2.601474589995825
6.27999999999953,2.6000692144808375
6.28199999999953,2.598664881879165
6.28399999999953,2.5972615912864163
6.28599999999953,2.5958593417472566
6.2879999999995295,2.594458132187429
6.289999999999529,2.5930581721976687
6.291999999999529,2.5916593567725723
6.293999999999529,2.5902616268700203
6.295999999999529,2.588864953117387
6.297999999999528,2.587469321012473
6.299999999999528,2.5860747236584323
6.301999999999528,2.584681157973368
6.303999999999528,2.5832886223582023
6.3059999999995275,2.581897116015498
6.307999999999527,2.580506638204688
6.309999999999527,2.579117188381866
6.311999999999527,2.5777287657904053
6.313999999999527,2.5763413697790334
6.315999999999526,2.5749549994760303
6.317999999999526,2.5735696541185504
6.319999999999526,2.572185332854227
6.321999999999526,2.570802034674647
6.323999999999526,2.5694197587397025
6.325999999999525,2.5680385041422267
6.327999999999525,2.5666582699481526
6.329999999999525,2.5652790551072613
6.331999999999525,2.56390085875618
6.3339999999995245,2.5625236799774007
6.335999999999524,2.5611475178340237
6.337999999999524,2.559772371381202
6.339999999999524,2.5583982395650358
6.341999999999524,2.557025121526845
6.343999999999523,2.5556530163596927
6.345999999999523,2.554281923128644
6.347999999999523,2.5529118408949887
6.349999999999523,2.551542768719324
6.3519999999995225,2.550174705659598
6.353999999999522,2.5488076507807924
6.355999999999522,2.547441603146448
6.357999999999522,2.5460765618242713
6.359999999999522,2.544712525884194
6.361999999999521,2.543349494394205
6.363999999999521,2.541987466323332
6.365999999999521,2.540626440832021
6.367999999999521,2.5392664175802664
6.3699999999995205,2.5379073951902185
6.37199999999952,2.5365493725592962
6.37399999999952,2.5351923487180024
6.37599999999952,2.533836322748003
6.37799999999952,2.5324812937505334
6.379999999999519,2.5311272608283364
6.381999999999519,2.5297742230868856
6.383999999999519,2.528422179622973
6.385999999999519,2.527071129531218
6.3879999999995185,2.525721071906361
6.389999999999518,2.5243720058401227
6.391999999999518,2.5230239304232676
6.393999999999518,2.521676844744683
6.395999999999518,2.5203307479154944
6.397999999999517,2.518985638994753
6.399999999999517,2.517641517081976
6.401999999999517,2.516298381276988
6.403999999999517,2.5149562305664586
6.4059999999995165,2.5136150641395267
6.407999999999516,2.5122748811243323
6.409999999999516,2.510935680625991
6.411999999999516,2.5095974617384567
6.413999999999516,2.5082602234513454
6.415999999999515,2.5069239649492356
6.417999999999515,2.505588685363673
6.419999999999515,2.5042543838030475
6.421999999999515,2.5029210592594486
6.4239999999995145,2.5015887109199193
6.425999999999514,2.500257337916889
6.427999999999514,2.4989269392556137
6.429999999999514,2.4975975141269284
6.431999999999514,2.4962690616659344
6.433999999999513,2.494941580878982
6.435999999999513,2.4936150709556024
6.437999999999513,2.4922895309287214
6.439999999999513,2.490964960000929
6.441999999999513,2.489641357204577
6.443999999999512,2.4883187216357467
6.445999999999512,2.486997052525432
6.447999999999512,2.485676348916114
6.449999999999512,2.484356609904894
6.4519999999995115,2.4830378347174435
6.453999999999511,2.4817200223931097
6.455999999999511,2.480403172035015
6.457999999999511,2.4790872827630834
6.459999999999511,2.4777723537094447
6.46199999999951,2.4764583840057712
6.46399999999951,2.475145372785155
6.46599999999951,2.4738333191784356
6.46799999999951,2.472522222318336
6.4699999999995095,2.4712120813384297
6.471999999999509,2.4699028953670634
6.473999999999509,2.4685946635351566
6.475999999999509,2.4672873849730963
6.477999999999509,2.465981058709133
6.479999999999508,2.4646756757200734
6.481999999999508,2.463371250797131
6.483999999999508,2.4620677782669778
6.485999999999508,2.460765255268679
6.4879999999995075,2.4594636800451215
6.489999999999507,2.4581630515848807
6.491999999999507,2.456863368960356
6.493999999999507,2.4555646313765074
6.495999999999507,2.4542668381807027
6.497999999999506,2.4529699885279634
6.499999999999506,2.451674081608659
6.501999999999506,2.4503791166144135
6.503999999999506,2.4490850927302534
6.5059999999995055,2.4477920091295604
6.507999999999505,2.4464998649850975
6.509999999999505,2.445208659459776
6.511999999999505,2.443918391712877
6.513999999999505,2.4426290608023598
6.515999999999504,2.4413406659629477
6.517999999999504,2.440053199974549
6.519999999999504,2.4387666676218296
6.521999999999504,2.4374810762709904
6.5239999999995035,2.436196420023259
6.525999999999503,2.434912695880219
6.527999999999503,2.4336299023251375
6.529999999999503,2.432348038262406
6.531999999999503,2.4310671028868303
6.533999999999502,2.429787095490042
6.535999999999502,2.428508015367369
6.537999999999502,2.427229861794863
6.539999999999502,2.4259526340187585
6.5419999999995015,2.424676331266646
6.543999999999501,2.423400952643227
6.545999999999501,2.4221264974204986
6.547999999999501,2.420852964720211
6.549999999999501,2.419580353808781
6.5519999999995004,2.4183086637932494
6.5539999999995,2.4170378939244035
6.5559999999995,2.4157680433115467
6.5579999999995,2.414499111108264
6.5599999999995,2.4132310964882895
6.561999999999499,2.4119639986424986
6.563999999999499,2.4106978167541246
6.565999999999499,2.4094325500076734
6.567999999999499,2.408168197588867
6.5699999999994985,2.4069047585803576
6.571999999999498,2.4056422322456936
6.573999999999498,2.4043806176985854
6.575999999999498,2.403119914208123
6.577999999999498,2.4018601208836503
6.579999999999497,2.400601236901735
6.581999999999497,2.399343261451739
6.583999999999497,2.3980861937305353
6.585999999999497,2.396830032931374
6.5879999999994965,2.395574778253791
6.589999999999496,2.394320428885119
6.591999999999496,2.393066983931506
6.593999999999496,2.3918144426597405
6.595999999999496,2.3905628041952043
6.597999999999495,2.389312067813795
6.599999999999495,2.3880622326390117
6.601999999999495,2.386813297854964
6.603999999999495,2.3855652626679476
6.6059999999994945,2.384318126279427
6.607999999999494,2.3830718878909525
6.609999999999494,2.381826546711335
6.611999999999494,2.380582101937319
6.613999999999494,2.379338552694561
6.615999999999493,2.378095898250451
6.617999999999493,2.3768541377478956
6.619999999999493,2.375613270378752
6.621999999999493,2.374373295357435
6.6239999999994925,2.37313421190376
6.625999999999492,2.371896019231483
6.627999999999492,2.370658716553247
6.629999999999492,2.369422303079974
6.631999999999492,2.3681867779463928
6.633999999999491,2.366952140421943
6.635999999999491,2.3657183896652234
6.637999999999491,2.364485524877204
6.639999999999491,2.363253545355755
6.6419999999994905,2.3620224502649725
6.64399999999949,2.360792238718124
6.64599999999949,2.3595629099976363
6.64799999999949,2.3583344633512136
6.64999999999949,2.3571068979312777
6.651999999999489,2.355880213015999
6.653999999999489,2.3546544077715152
6.655999999999489,2.353429481405966
6.657999999999489,2.352205433148641
6.6599999999994886,2.350982262224218
6.661999999999488,2.3497599678679193
6.663999999999488,2.348538549303885
6.665999999999488,2.3473180057558474
6.667999999999488,2.346098336381978
6.6699999999994874,2.3448795403915166
6.671999999999487,2.343661617091871
6.673999999999487,2.342444565670301
6.675999999999487,2.341228385338033
6.677999999999487,2.340013075258936
6.679999999999486,2.3387986347270746
6.681999999999486,2.337585063001825
6.683999999999486,2.336372359251465
6.685999999999486,2.335160522701093
6.6879999999994855,2.333949552656861
6.689999999999485,2.332739448304842
6.691999999999485,2.331530208806164
6.693999999999485,2.330321833448422
6.695999999999485,2.3291143214973364
6.697999999999484,2.3279076721286605
6.699999999999484,2.326701884641119
6.701999999999484,2.325496958226646
6.703999999999484,2.3242928921195953
6.7059999999994835,2.32308968556177
6.707999999999483,2.321887337802233
6.709999999999483,2.3206858480286496
6.711999999999483,2.3194852155366052
6.713999999999483,2.318285439534216
6.715999999999482,2.317086519259959
6.717999999999482,2.3158884540239484
6.719999999999482,2.3146912429788293
6.721999999999482,2.313494885407011
6.7239999999994815,2.3122993805711873
6.725999999999481,2.311104727675766
6.727999999999481,2.3099109260101023
6.729999999999481,2.3087179747938937
6.731999999999481,2.3075258732717283
6.73399999999948,2.306334620699073
6.73599999999948,2.3051442163309814
6.73799999999948,2.3039546593788085
6.73999999999948,2.302765949144532
6.7419999999994795,2.3015780848501732
6.743999999999479,2.3003910657463553
6.745999999999479,2.2992048910974785
6.747999999999479,2.2980195601651925
6.749999999999479,2.296835072212735
6.751999999999478,2.2956514264565473
6.753999999999478,2.2944686221541595
6.755999999999478,2.2932866586100222
6.757999999999478,2.2921055350620763
6.7599999999994775,2.2909252507698974
6.761999999999477,2.2897458049566843
6.763999999999477,2.2885671969208867
6.765999999999477,2.287389425906987
6.767999999999477,2.2862124911755077
6.769999999999476,2.2850363919940744
6.771999999999476,2.2838611276423295
6.773999999999476,2.282686697389571
6.775999999999476,2.2815131005071736
6.7779999999994756,2.280340336226798
6.779999999999475,2.279168403814959
6.781999999999475,2.277997302550619
6.783999999999475,2.276827031707902
6.785999999999475,2.2756575905656398
6.7879999999994745,2.2744889783952735
6.789999999999474,2.2733211944454865
6.791999999999474,2.2721542379841444
6.793999999999474,2.270988108287955
6.795999999999474,2.269822804644187
6.797999999999473,2.2686583263313604
6.799999999999473,2.2674946726019582
6.801999999999473,2.2663318427595174
6.803999999999473,2.2651698360652226
6.8059999999994725,2.264008651794266
6.807999999999472,2.2628482892288044
6.809999999999472,2.2616887476343623
6.811999999999472,2.2605300263101653
6.813999999999472,2.259372124524884
6.815999999999471,2.2582150415625266
6.817999999999471,2.257058776707754
6.819999999999471,2.2559033292503345
6.821999999999471,2.2547486984550225
6.8239999999994705,2.253594883627614
6.82599999999947,2.252441884042272
6.82799999999947,2.251289698986278
6.82999999999947,2.250138327748175
6.83199999999947,2.24898776960213
6.833999999999469,2.24783802385349
6.835999999999469,2.2466890897852227
6.837999999999469,2.245540966691875
6.839999999999469,2.244393653858161
6.8419999999994685,2.2432471505778286
6.843999999999468,2.242101456145666
6.845999999999468,2.2409565698466842
6.847999999999468,2.239812490981329
6.849999999999468,2.2386692188420363
6.851999999999467,2.237526752724126
6.853999999999467,2.2363850874954476
6.855999999999467,2.235244227089389
6.857999999999467,2.2341041751670714
6.8599999999994665,2.232964927909393
6.861999999999466,2.23182648330939
6.863999999999466,2.23068884019945
6.865999999999466,2.229551997787147
6.867999999999466,2.228415955416603
6.869999999999465,2.227280865493988
6.871999999999465,2.226146701724963
6.873999999999465,2.2250133949317945
6.875999999999465,2.223880910550564
6.8779999999994645,2.2227492318080926
6.879999999999464,2.221618350880166
6.881999999999464,2.220488264308211
6.883999999999464,2.2193589705995787
6.885999999999464,2.218230469045032
6.887999999999463,2.2171027592218775
6.889999999999463,2.215975840730396
6.891999999999463,2.214849713148926
6.893999999999463,2.2137243759916427
6.895999999999463,2.2125998287284636
6.897999999999462,2.21147607074466
6.899999999999462,2.2103531014282924
6.901999999999462,2.209230920130997
6.903999999999462,2.2081095261885113
6.9059999999994615,2.2069889189253304
6.907999999999461,2.2058690976905004
6.909999999999461,2.2047500618018296
6.911999999999461,2.2036318105743065
6.913999999999461,2.2025143433198684
6.91599999999946,2.201397659374851
6.91799999999946,2.200281758032845
6.91999999999946,2.199166638633705
6.92199999999946,2.198052300492318
6.9239999999994595,2.1969387429608167
6.925999999999459,2.1958259653291075
6.927999999999459,2.194713966934833
6.929999999999459,2.1936027471000625
6.931999999999459,2.192492305137119
6.933999999999458,2.1913826404084356
6.935999999999458,2.190273752194573
6.937999999999458,2.1891656343146164
6.939999999999458,2.18805829665726
6.9419999999994575,2.1869517353186168
6.943999999999457,2.1858459481605417
6.945999999999457,2.1847409340001387
6.947999999999457,2.1836366920176937
6.949999999999457,2.182533221549318
6.951999999999456,2.1814305220246366
6.953999999999456,2.1803285927950693
6.955999999999456,2.179227433279965
6.957999999999456,2.1781270429077657
6.9599999999994555,2.177027420989704
6.961999999999455,2.1759285669060238
6.963999999999455,2.174830479936849
6.965999999999455,2.1737331595197933
6.967999999999455,2.172636604952244
6.969999999999454,2.1715408155468445
6.971999999999454,2.1704457906888464
6.973999999999454,2.1693515297152084
6.975999999999454,2.1682580319514866
6.9779999999994535,2.167165296785409
6.979999999999453,2.166073323557838
6.981999999999453,2.1649821115818386
6.983999999999453,2.163891660187147
6.985999999999453,2.1628019686939663
6.987999999999452,2.161713036493931
6.989999999999452,2.1606248629381986
6.991999999999452,2.1595374473519797
6.993999999999452,2.1584507891314413
6.9959999999994515,2.1573648875441767
6.997999999999451,2.1562797419705793
6.999999999999451,2.1551953517576887
7.001999999999451,2.1541117163195147
7.003999999999451,2.15302883535528
7.0059999999994504,2.1519467075816383
7.00799999999945,2.1508653324658487
7.00999999999945,2.1497847094734444
7.01199999999945,2.1487048378999747
7.01399999999945,2.1476257171517346
7.015999999999449,2.1465473465818117
7.017999999999449,2.1454697256167226
7.019999999999449,2.1443928535124157
7.021999999999449,2.143316729669511
7.0239999999994485,2.1422413534332687
7.025999999999448,2.1411667242331225
7.027999999999448,2.1400928413256057
7.029999999999448,2.1390197041082772
7.031999999999448,2.1379473119397554
7.033999999999447,2.1368756642530546
7.035999999999447,2.135804760287528
7.037999999999447,2.134734599461125
7.039999999999447,2.1336651811280247
7.0419999999994465,2.132596504726705
7.043999999999446,2.1315285695009636
7.045999999999446,2.1304613748672545
7.047999999999446,2.1293949202911375
7.049999999999446,2.1283292050155116
7.051999999999445,2.1272642284576406
7.053999999999445,2.1261999899624877
7.055999999999445,2.125136488866613
7.057999999999445,2.1240737246213044
7.0599999999994445,2.1230116964658907
7.061999999999444,2.1219504038334724
7.063999999999444,2.1208898462015493
7.065999999999444,2.1198300228117697
7.067999999999444,2.1187709330928794
7.069999999999443,2.1177125763942697
7.071999999999443,2.116654952056543
7.073999999999443,2.115598059547182
7.075999999999443,2.1145418982262125
7.0779999999994425,2.1134864674200964
7.079999999999442,2.1124317665911594
7.081999999999442,2.1113777949678996
7.083999999999442,2.1103245519875298
7.085999999999442,2.1092720370142275
7.087999999999441,2.1082202495277995
7.089999999999441,2.1071691888902504
7.091999999999441,2.1061188544352683
7.093999999999441,2.105069245488068
7.0959999999994405,2.104020361522088
7.09799999999944,2.1029722019010357
7.09999999999944,2.101924765966334
7.10199999999944,2.1008780530495232
7.10399999999944,2.0998320626350107
7.105999999999439,2.0987867940926823
7.107999999999439,2.0977422467630866
7.109999999999439,2.0966984201350467
7.111999999999439,2.095655313572698
7.1139999999994386,2.0946129264043307
7.115999999999438,2.093571257956759
7.117999999999438,2.0925303077245263
7.119999999999438,2.0914900750853302
7.121999999999438,2.0904505593726292
7.1239999999994374,2.089411759923801
7.125999999999437,2.0883736762423677
7.127999999999437,2.087336307705241
7.129999999999437,2.0862996538216194
7.131999999999437,2.085263713781391
7.133999999999436,2.084228487048833
7.135999999999436,2.0831939731627425
7.137999999999436,2.082160171329633
7.139999999999436,2.0811270810074904
7.1419999999994355,2.0800947015675457
7.143999999999435,2.0790630323463213
7.145999999999435,2.0780320728588433
7.147999999999435,2.0770018224917153
7.149999999999435,2.075972280573352
7.151999999999434,2.0749434466241383
7.153999999999434,2.073915320013248
7.155999999999434,2.0728879000722102
7.157999999999434,2.0718611861257483
7.1599999999994335,2.0708351777018854
7.161999999999433,2.0698098741825475
7.163999999999433,2.068785274910685
7.165999999999433,2.0677613794130014
7.167999999999433,2.066738187063655
7.169999999999432,2.0657156971976427
7.171999999999432,2.064693909138562
7.173999999999432,2.0636728224277454
7.175999999999432,2.0626524364521828
7.1779999999994315,2.061632750758841
7.179999999999431,2.0606137645109204
7.181999999999431,2.059595477193684
7.183999999999431,2.0585778883986974
7.185999999999431,2.0575609972915987
7.18799999999943,2.0565448033683285
7.18999999999943,2.0555293060043374
7.19199999999943,2.0545145047524143
7.19399999999943,2.0535003987825577
7.1959999999994295,2.0524869878100174
7.197999999999429,2.0514742710461906
7.199999999999429,2.050462247988176
7.201999999999429,2.0494509180129064
7.203999999999429,2.048440280448631
7.205999999999428,2.0474303348564975
7.207999999999428,2.0464210806183667
7.209999999999428,2.0454125170703086
7.211999999999428,2.044404643541412
7.2139999999994275,2.043397459605754
7.215999999999427,2.042390964891212
7.217999999999427,2.0413851585368183
7.219999999999427,2.040380040054066
7.221999999999427,2.0393756088084998
7.223999999999426,2.038371864133693
7.225999999999426,2.0373688056086667
7.227999999999426,2.0363664326269157
7.229999999999426,2.0353647447642085
7.2319999999994256,2.0343637411415503
7.233999999999425,2.033363421280297
7.235999999999425,2.0323637848188993
7.237999999999425,2.031364830889935
7.239999999999425,2.0303665590113877
7.2419999999994245,2.0293689685732628
7.243999999999424,2.0283720591747816
7.245999999999424,2.0273758301983817
7.247999999999424,2.026380280963652
7.249999999999424,2.025385411050909
7.251999999999423,2.024391219843641
7.253999999999423,2.0233977066541526
7.255999999999423,2.022404870806431
7.257999999999423,2.0214127119044116
7.2599999999994225,2.0204212293522192
7.261999999999422,2.0194304227603723
7.263999999999422,2.018440291503268
7.265999999999422,2.0174508348968807
7.267999999999422,2.016462052247629
7.269999999999421,2.0154739431657327
7.271999999999421,2.01448650704828
7.273999999999421,2.01349974323211
7.275999999999421,2.012513651329873
7.2779999999994205,2.011528230732107
7.27999999999942,2.010543481056119
7.28199999999942,2.0095594016658094
7.28399999999942,2.008575991865322
7.28599999999942,2.007593250951398
7.287999999999419,2.0066111785440035
7.289999999999419,2.005629774041917
7.291999999999419,2.0046490367848566
7.293999999999419,2.003668966397729
7.2959999999994185,2.0026895622778835
7.297999999999418,2.0017108237498737
7.299999999999418,2.0007327504368453
7.301999999999418,1.999755341727454
7.303999999999418,1.9987785972506344
7.305999999999417,1.9978025160660684
7.307999999999417,1.996827097728662
7.309999999999417,1.9958523419424197
7.311999999999417,1.9948782481093872
7.3139999999994165,1.9939048155251775
7.315999999999416,1.9929320434818003
7.317999999999416,1.991959931620004
7.319999999999416,1.9909884793365324
7.321999999999416,1.9900176862933945
7.323999999999415,1.9890475515401085
7.325999999999415,1.9880780746497833
7.327999999999415,1.9871092553483147
7.329999999999415,1.9861410930335528
7.3319999999994145,1.985173587009263
7.333999999999414,1.9842067365659342
7.335999999999414,1.9832405413582674
7.337999999999414,1.9822750007925944
7.339999999999414,1.981310114544601
7.341999999999413,1.9803458819865076
7.343999999999413,1.9793823024104094
7.345999999999413,1.9784193754603538
7.347999999999413,1.9774571005121542
7.349999999999413,1.9764954768647673
7.351999999999412,1.9755345041756234
7.353999999999412,1.9745741814808973
7.355999999999412,1.9736145087524226
7.357999999999412,1.972655485103577
7.3599999999994115,1.9716971105066463
7.361999999999411,1.9707393840498897
7.363999999999411,1.9697823053081136
7.365999999999411,1.9688258736387931
7.367999999999411,1.9678700883516487
7.36999999999941,1.966914949125582
7.37199999999941,1.9659604553646495
7.37399999999941,1.965006606753299
7.37599999999941,1.964053402296783
7.3779999999994095,1.9631008419716436
7.379999999999409,1.9621489248570232
7.381999999999409,1.961197650558832
7.383999999999409,1.9602470184644356
7.385999999999409,1.9592970282745052
7.387999999999408,1.9583476793669756
7.389999999999408,1.9573989710330895
7.391999999999408,1.9564509029522337
7.393999999999408,1.95550347451017
7.3959999999994075,1.9545566854032046
7.397999999999407,1.953610534595221
7.399999999999407,1.9526650216854344
7.401999999999407,1.951720146481101
7.403999999999407,1.9507759083843113
7.405999999999406,1.949832306677949
7.407999999999406,1.9488893410418524
7.409999999999406,1.9479470108507493
7.411999999999406,1.9470053153898828
7.4139999999994055,1.9460642543593876
7.415999999999405,1.9451238271533424
7.417999999999405,1.9441840330620903
7.419999999999405,1.9432448718050614
7.421999999999405,1.9423063427825478
7.423999999999404,1.9413684457164695
7.425999999999404,1.940431179974737
7.427999999999404,1.9394945448264655
7.429999999999404,1.9385585395349676
7.4319999999994035,1.937623163843519
7.433999999999403,1.9366884176074919
7.435999999999403,1.9357543002159041
7.437999999999403,1.9348208109151013
7.439999999999403,1.9338879489466294
7.441999999999402,1.9329557140371425
7.443999999999402,1.932024105590957
7.445999999999402,1.931093123356688
7.447999999999402,1.9301629059519698
7.4499999999994015,1.9292334257807582
7.451999999999401,1.9283046220520517
7.453999999999401,1.927376463761587
7.455999999999401,1.9264489368015727
7.457999999999401,1.9255220338819703
7.4599999999994,1.9245957521921817
7.4619999999994,1.9236700904027204
7.4639999999994,1.9227450482691213
7.4659999999994,1.9218206254000927
7.4679999999994,1.9208968213423387
7.469999999999399,1.9199736360762454
7.471999999999399,1.9190510691699936
7.473999999999399,1.9181291205074333
7.475999999999399,1.9172077895365527
7.4779999999993985,1.916287075577015
7.479999999999398,1.9153669783947647
7.481999999999398,1.914447497388998
7.483999999999398,1.913528632330787
7.485999999999398,1.9126103821036387
7.487999999999397,1.911692746846782
7.489999999999397,1.9107757255589723
7.491999999999397,1.9098593179130448
7.493999999999397,1.9089435237739225
7.4959999999993965,1.908028342040056
7.497999999999396,1.9071137728447585
7.499999999999396,1.906199815163808
7.501999999999396,1.9052864650345507
7.503999999999396,1.9043737218630277
7.505999999999395,1.903461589369702
7.507999999999395,1.9025500686936523
7.509999999999395,1.9016391598018203
7.511999999999395,1.9007288616783022
7.5139999999993945,1.8998191730743625
7.515999999999394,1.8989100933008805
7.517999999999394,1.898001621386181
7.519999999999394,1.8970937563510555
7.521999999999394,1.8961864978170044
7.523999999999393,1.8952798455897626
7.525999999999393,1.894373798441186
7.527999999999393,1.8934683559651084
7.529999999999393,1.8925635180206772
7.5319999999993925,1.8916592834465802
7.533999999999392,1.8907556524352676
7.535999999999392,1.8898526239227182
7.537999999999392,1.8889501976027976
7.539999999999392,1.8880483733512832
7.541999999999391,1.887147150546676
7.543999999999391,1.8862465284051078
7.545999999999391,1.885346506140106
7.547999999999391,1.8844470835595988
7.5499999999993905,1.8835482606218368
7.55199999999939,1.8826500367065826
7.55399999999939,1.8817524110317367
7.55599999999939,1.880855383345708
7.55799999999939,1.8799589529955338
7.559999999999389,1.8790631192148628
7.561999999999389,1.8781678818117629
7.563999999999389,1.8772732401712784
7.565999999999389,1.8763791941172008
7.5679999999993885,1.8754857430152714
7.569999999999388,1.8745928860924599
7.571999999999388,1.8737006231438207
7.573999999999388,1.8728089535525554
7.575999999999388,1.871917877147881
7.5779999999993874,1.871027393280688
7.579999999999387,1.8701375017490844
7.581999999999387,1.8692482012863325
7.583999999999387,1.8683594921626436
7.585999999999387,1.8674713738590099
7.587999999999386,1.866583845598146
7.589999999999386,1.865696906565237
7.591999999999386,1.8648105565842774
7.593999999999386,1.8639247950533073
7.5959999999993855,1.8630396218303447
7.597999999999385,1.8621550362874781
7.599999999999385,1.861271038257627
7.601999999999385,1.860387627058722
7.603999999999385,1.859504801880171
7.605999999999384,1.8586225625351813
7.607999999999384,1.8577409083865208
7.609999999999384,1.856859839280063
7.611999999999384,1.8559793545582457
7.6139999999993835,1.8550994540479617
7.615999999999383,1.854220137060041
7.617999999999383,1.853341402761928
7.619999999999383,1.8524632509751415
7.621999999999383,1.8515856810592424
7.623999999999382,1.8507086922411324
7.625999999999382,1.849832284385515
7.627999999999382,1.84895645752984
7.629999999999382,1.8480812110351854
7.6319999999993815,1.8472065440568957
7.633999999999381,1.8463324557498535
7.635999999999381,1.8454589466239741
7.637999999999381,1.8445860155428346
7.639999999999381,1.843713662213628
7.64199999999938,1.8428418859623785
7.64399999999938,1.8419706866646746
7.64599999999938,1.8411000636695514
7.64799999999938,1.8402300168383583
7.6499999999993795,1.8393605454885982
7.651999999999379,1.8384916487913319
7.653999999999379,1.8376233265979993
7.655999999999379,1.8367555789340502
7.657999999999379,1.8358884044543307
7.659999999999378,1.835021803527908
7.661999999999378,1.8341557749309936
7.663999999999378,1.8332903183854843
7.665999999999378,1.832425433905766
7.6679999999993775,1.8315611208395997
7.669999999999377,1.8306973783385931
7.671999999999377,1.829834206246319
7.673999999999377,1.82897160389171
7.675999999999377,1.8281095704707837
7.677999999999376,1.8272481058904482
7.679999999999376,1.8263872102278045
7.681999999999376,1.8255268828364948
7.683999999999376,1.824667122848471
7.6859999999993756,1.8238079300919676
7.687999999999375,1.822949303888926
7.689999999999375,1.8220912441265984
7.691999999999375,1.8212337501170446
7.693999999999375,1.8203768210122597
7.6959999999993745,1.8195204566973182
7.697999999999374,1.8186646572499814
7.699999999999374,1.8178094212734455
7.701999999999374,1.816954749206377
7.703999999999374,1.8161006397810349
7.705999999999373,1.8152470927439457
7.707999999999373,1.814394108153934
7.709999999999373,1.8135416853513522
7.711999999999373,1.8126898234661215
7.7139999999993725,1.811838522373059
7.715999999999372,1.8109877814039592
7.717999999999372,1.810137600480498
7.719999999999372,1.8092879789184855
7.721999999999372,1.8084389166153112
7.723999999999371,1.8075904128535931
7.725999999999371,1.8067424675150208
7.727999999999371,1.80589507986047
7.729999999999371,1.8050482489979105
7.7319999999993705,1.8042019748102958
7.73399999999937,1.8033562566420154
7.73599999999937,1.8025110944402987
7.73799999999937,1.8016664875260158
7.73999999999937,1.8008224358218885
7.741999999999369,1.7999789386078702
7.743999999999369,1.7991359950043666
7.745999999999369,1.798293604923354
7.747999999999369,1.7974517677040422
7.7499999999993685,1.7966104833146148
7.751999999999368,1.7957697518671762
7.753999999999368,1.7949295718429812
7.755999999999368,1.794089942944618
7.757999999999368,1.7932508652566599
7.759999999999367,1.7924123381131276
7.761999999999367,1.7915743614252615
7.763999999999367,1.7907369344437656
7.765999999999367,1.789900056247593
7.7679999999993665,1.7890637267385459
7.769999999999366,1.788227945240715
7.771999999999366,1.7873927117264659
7.773999999999366,1.7865580255061322
7.775999999999366,1.7857238865245835
7.777999999999365,1.7848902940599876
7.779999999999365,1.7840572480305323
7.781999999999365,1.7832247476910934
7.783999999999365,1.7823927921155378
7.7859999999993645,1.7815613812373317
7.787999999999364,1.7807305152181634
7.789999999999364,1.7799001925216418
7.791999999999364,1.779070413731508
7.793999999999364,1.77824117831036
7.795999999999363,1.777412485353273
7.797999999999363,1.77658433474174
7.799999999999363,1.7757567257415487
7.801999999999363,1.7749296574497353
7.803999999999363,1.7741031298414456
7.805999999999362,1.7732771431223713
7.807999999999362,1.772451696610415
7.809999999999362,1.7716267893556892
7.811999999999362,1.770802421282323
7.8139999999993615,1.7699785925437244
7.815999999999361,1.7691553015334953
7.817999999999361,1.7683325488622517
7.819999999999361,1.7675103330943516
7.821999999999361,1.7666886549039311
7.82399999999936,1.7658675128551131
7.82599999999936,1.7650469067223085
7.82799999999936,1.76422683666751
7.82999999999936,1.7634073019901202
7.8319999999993595,1.7625883026420932
7.833999999999359,1.7617698378298068
7.835999999999359,1.7609519065751462
7.837999999999359,1.7601345088179168
7.839999999999359,1.759317643855256
7.841999999999358,1.7585013117219477
7.843999999999358,1.7576855126199482
7.845999999999358,1.756870244884946
7.847999999999358,1.7560555091560954
7.8499999999993575,1.7552413039467787
7.851999999999357,1.7544276299599428
7.853999999999357,1.7536144857135842
7.855999999999357,1.7528018719108396
7.857999999999357,1.7519897870537364
7.859999999999356,1.7511782309083344
7.861999999999356,1.7503672036550337
7.863999999999356,1.7495567045790796
7.865999999999356,1.7487467327073396
7.8679999999993555,1.7479372880054742
7.869999999999355,1.7471283707095544
7.871999999999355,1.7463199800772264
7.873999999999355,1.7455121150981006
7.875999999999355,1.7447047757114582
7.877999999999354,1.7438979611685839
7.879999999999354,1.7430916715030589
7.881999999999354,1.7422859059805103
7.883999999999354,1.741480664610884
7.8859999999993535,1.740675946632598
7.887999999999353,1.7398717520369902
7.889999999999353,1.7390680800376774
7.891999999999353,1.738264930619457
7.893999999999353,1.7374623029895073
7.895999999999352,1.7366601971218851
7.897999999999352,1.7358586122193964
7.899999999999352,1.73505754727255
7.901999999999352,1.7342570022948118
7.9039999999993515,1.733456977569404
7.905999999999351,1.7326574723758301
7.907999999999351,1.731858486689266
7.909999999999351,1.7310600196577426
7.911999999999351,1.730262070229488
7.91399999999935,1.729464638381652
7.91599999999935,1.7286677233810634
7.91799999999935,1.7278713253102467
7.91999999999935,1.727075444452585
7.92199999999935,1.7262800800279956
7.923999999999349,1.72548523095749
7.925999999999349,1.7246908971786352
7.927999999999349,1.7238970779157983
7.929999999999349,1.7231037732191157
7.9319999999993485,1.7223109823296767
7.933999999999348,1.7215187052914411
7.935999999999348,1.7207269413238877
7.937999999999348,1.719935690449544
7.939999999999348,1.7191449518655377
7.941999999999347,1.7183547255898801
7.943999999999347,1.717565010813892
7.945999999999347,1.7167758075487598
7.947999999999347,1.7159871149759445
7.9499999999993465,1.7151989331066113
7.951999999999346,1.714411261125102
7.953999999999346,1.7136240990414817
7.955999999999346,1.7128374460346791
7.957999999999346,1.7120513021226162
7.959999999999345,1.7112656664821355
7.961999999999345,1.710480538066163
7.963999999999345,1.7096959169212111
7.965999999999345,1.708911803411548
7.9679999999993445,1.7081281967965265
7.969999999999344,1.7073450970933126
7.971999999999344,1.7065625034337635
7.973999999999344,1.705780414713452
7.975999999999344,1.7049988320381604
7.977999999999343,1.704217753770682
7.979999999999343,1.7034371796999708
7.981999999999343,1.702657110087307
7.983999999999343,1.701877544147847
7.9859999999993425,1.7010984807949177
7.987999999999342,1.7003199211620477
7.989999999999342,1.6995418635798176
7.991999999999342,1.6987643078336456
7.993999999999342,1.69798725418634
7.995999999999341,1.6972107018431035
7.997999999999341,1.696434649703069
7.999999999999341,1.6956590978014274
