time,value
0.0,680978.8103917763
0.002,1015349.8357982805
0.004,1212793.8177659526
0.006,1669892.2964384127
0.008,2094393.0466514349
0.01,2390506.669145978
0.012,2563612.6370696635
0.014,2649751.9000439295
0.016,2684184.83424666
0.018000000000000002,2692178.1383403465
0.020000000000000004,2688953.050288036
0.022000000000000006,2682414.974108931
0.024000000000000007,2675991.309311745
0.02600000000000001,2670748.143552452
0.02800000000000001,2666708.8252617666
0.030000000000000013,2663559.2855023826
0.032000000000000015,2660965.019322444
0.034000000000000016,2658677.49109315
0.03600000000000002,2656543.892192494
0.03800000000000002,2654484.080871755
0.04000000000000002,2652463.122537239
0.04200000000000002,2650469.839201975
0.044000000000000025,2648503.8319093343
0.04600000000000003,2646568.025348832
0.04800000000000003,2644665.436165208
0.05000000000000003,2642798.27685345
0.05200000000000003,2640967.584439475
0.054000000000000034,2639173.8894696576
0.056000000000000036,2637416.9889715794
0.05800000000000004,2635696.4929227415
0.06000000000000004,2634011.9284663443
0.06200000000000004,2632362.7319965563
0.06400000000000004,2630748.3568776804
0.06600000000000004,2629168.152934455
0.06800000000000005,2627621.849192893
0.07000000000000005,2626108.9350299477
0.07200000000000005,2624628.7348826304
0.07400000000000005,2623180.647971541
0.07600000000000005,2621763.9673333755
0.07800000000000006,2620378.057564374
0.08000000000000006,2619022.2736479114
0.08200000000000006,2617696.0269696168
0.08400000000000006,2616398.703397509
0.08600000000000006,2615129.7921765577
0.08800000000000006,2613888.6046794937
0.09000000000000007,2612674.5874696337
0.09200000000000007,2611487.1513016913
0.09400000000000007,2610325.804542476
0.09600000000000007,2609189.875306848
0.09800000000000007,2608078.8268621163
0.10000000000000007,2606992.087665118
0.10200000000000008,2605929.126134673
0.10400000000000008,2604889.4361355207
0.10600000000000008,2603872.409074103
0.10800000000000008,2602877.4993997635
0.11000000000000008,2601904.203337112
0.11200000000000009,2600952.0435069324
0.11400000000000009,2600020.4994743816
0.11600000000000009,2599109.0286930758
0.11800000000000009,2598217.1399563486
0.12000000000000009,2597344.3761374517
0.1220000000000001,2596490.2423267807
0.1240000000000001,2595654.283921128
0.12600000000000008,2594836.0140692056
0.12800000000000009,2594035.049046058
0.1300000000000001,2593250.89002173
0.1320000000000001,2592483.0923616337
0.1340000000000001,2591731.2486096798
0.1360000000000001,2590994.975393875
0.1380000000000001,2590273.8457697537
0.1400000000000001,2589567.4698256026
0.1420000000000001,2588875.4238850637
0.1440000000000001,2588197.38672625
0.1460000000000001,2587532.9217081317
0.1480000000000001,2586881.70526249
0.1500000000000001,2586243.3654694394
0.1520000000000001,2585617.5631241174
0.1540000000000001,2585003.9815733423
0.1560000000000001,2584402.2010114333
0.1580000000000001,2583811.9826059826
0.16000000000000011,2583233.0185993426
0.16200000000000012,2582664.960486874
0.16400000000000012,2582107.5587717704
0.16600000000000012,2581560.447061059
0.16800000000000012,2581023.3710678136
0.17000000000000012,2580496.086621104
0.17200000000000013,2579978.2964215986
0.17400000000000013,2579469.7337972736
0.17600000000000013,2578970.15352225
0.17800000000000013,2578479.265808475
0.18000000000000013,2577996.875816077
0.18200000000000013,2577522.7279554624
0.18400000000000014,2577056.5322180595
0.18600000000000014,2576598.1601125435
0.18800000000000014,2576147.3420976307
0.19000000000000014,2575703.90370873
0.19200000000000014,2575267.611302889
0.19400000000000014,2574838.2571789073
0.19600000000000015,2574415.5928675225
0.19800000000000015,2573999.526482527
0.20000000000000015,2573589.823884831
0.20200000000000015,2573186.2851090473
0.20400000000000015,2572788.792537088
0.20600000000000016,2572397.0996002206
0.20800000000000016,2572011.1220125267
0.21000000000000016,2571630.636212418
0.21200000000000016,2571255.514610014
0.21400000000000016,2570885.629752002
0.21600000000000016,2570520.795019884
0.21800000000000017,2570160.850227508
0.22000000000000017,2569805.6537998375
0.22200000000000017,2569455.13517886
0.22400000000000017,2569109.087824798
0.22600000000000017,2568767.404028565
0.22800000000000017,2568429.97821382
0.23000000000000018,2568096.7056486597
0.23200000000000018,2567767.364553335
0.23400000000000018,2567441.962989896
0.23600000000000018,2567120.2906976948
0.23800000000000018,2566802.3035448333
0.24000000000000019,2566487.880848114
0.2420000000000002,2566176.9150743
0.2440000000000002,2565869.24962997
0.2460000000000002,2565564.878241639
0.2480000000000002,2565263.646953893
0.25000000000000017,2564965.4915200225
0.25200000000000017,2564670.34392191
0.25400000000000017,2564378.074402863
0.25600000000000017,2564088.5776928687
0.2580000000000002,2563801.824253909
0.2600000000000002,2563517.7107408405
0.2620000000000002,2563236.2078518225
0.2640000000000002,2562957.1540399366
0.2660000000000002,2562680.5472679385
0.2680000000000002,2562406.24524196
0.2700000000000002,2562134.258507274
0.2720000000000002,2561864.5116844024
0.2740000000000002,2561596.88395209
0.2760000000000002,2561331.4565903423
0.2780000000000002,2561068.1175873457
0.2800000000000002,2560806.799715668
0.2820000000000002,2560547.4293568456
0.2840000000000002,2560289.9083326324
0.2860000000000002,2560034.2070461228
0.2880000000000002,2559780.231703877
0.2900000000000002,2559527.9687986146
0.2920000000000002,2559277.335090125
0.2940000000000002,2559028.3237241055
0.2960000000000002,2558780.855820488
0.2980000000000002,2558534.868907942
0.3000000000000002,2558290.370807112
0.3020000000000002,2558047.2924662707
0.3040000000000002,2557805.5193247795
0.3060000000000002,2557565.1480212463
0.3080000000000002,2557326.0457538245
0.3100000000000002,2557088.1781606404
0.3120000000000002,2556851.513931225
0.3140000000000002,2556616.0815019817
0.3160000000000002,2556381.766964285
0.3180000000000002,2556148.608193139
0.32000000000000023,2555916.4991583824
0.32200000000000023,2555685.424817753
0.32400000000000023,2555455.3672268153
0.32600000000000023,2555226.305422903
0.32800000000000024,2554998.216402512
0.33000000000000024,2554771.017582956
0.33200000000000024,2554544.768676253
0.33400000000000024,2554319.378392514
0.33600000000000024,2554094.841504195
0.33800000000000024,2553871.0885149008
0.34000000000000025,2553648.129420852
0.34200000000000025,2553425.9627953065
0.34400000000000025,2553204.578752013
0.34600000000000025,2552983.9037209665
0.34800000000000025,2552763.945455687
0.35000000000000026,2552544.6434864397
0.35200000000000026,2552326.0140724434
0.35400000000000026,2552108.001912028
0.35600000000000026,2551890.6262051263
0.35800000000000026,2551673.8919331264
0.36000000000000026,2551457.7356354934
0.36200000000000027,2551242.1725427783
0.36400000000000027,2551027.153970775
0.36600000000000027,2550812.649822699
0.36800000000000027,2550598.69825275
0.3700000000000003,2550385.316754006
0.3720000000000003,2550172.3912116475
0.3740000000000003,2549960.024447667
0.3760000000000003,2549748.155193025
0.3780000000000003,2549536.739937982
0.3800000000000003,2549325.7489020308
0.3820000000000003,2549115.21965586
0.3840000000000003,2548905.169699393
0.3860000000000003,2548695.4858788224
0.3880000000000003,2548486.214033623
0.3900000000000003,2548277.37857007
0.3920000000000003,2548068.8713010643
0.3940000000000003,2547860.7412911723
0.3960000000000003,2547653.0150355096
0.3980000000000003,2547445.5858252672
0.4000000000000003,2547238.503726131
0.4020000000000003,2547031.7377860555
0.4040000000000003,2546825.32395513
0.4060000000000003,2546619.2209553514
0.4080000000000003,2546413.3418271216
0.4100000000000003,2546207.8090249593
0.4120000000000003,2546002.5171364364
0.4140000000000003,2545797.515986533
0.4160000000000003,2545592.7744640238
0.4180000000000003,2545388.2704858803
0.4200000000000003,2545183.988755753
0.4220000000000003,2544979.9183369926
0.4240000000000003,2544776.1090538227
0.4260000000000003,2544572.528658338
0.4280000000000003,2544369.1540916846
0.4300000000000003,2544165.9695780813
0.43200000000000033,2543962.964251399
0.43400000000000033,2543760.188328549
0.43600000000000033,2543557.6102923336
0.43800000000000033,2543355.149653348
0.44000000000000034,2543152.874779784
0.44200000000000034,2542950.7671211725
0.44400000000000034,2542748.8706959076
0.44600000000000034,2542547.091892537
0.44800000000000034,2542345.4314986723
0.45000000000000034,2542143.9486301057
0.45200000000000035,2541942.617866676
0.45400000000000035,2541741.3628613153
0.45600000000000035,2541540.25605692
0.45800000000000035,2541339.282594246
0.46000000000000035,2541138.4310276634
0.46200000000000035,2540937.750999612
0.46400000000000036,2540737.1530498546
0.46600000000000036,2540536.640584587
0.46800000000000036,2540336.274381759
0.47000000000000036,2540135.972199901
0.47200000000000036,2539935.7996468637
0.47400000000000037,2539735.736591029
0.47600000000000037,2539535.7683536615
0.47800000000000037,2539335.826912763
0.48000000000000037,2539135.9885555096
0.4820000000000004,2538936.2401137366
0.4840000000000004,2538736.5709604532
0.4860000000000004,2538536.9732960262
0.4880000000000004,2538337.499466741
0.4900000000000004,2538138.062341008
0.4920000000000004,2537938.666960991
0.4940000000000004,2537739.3173819943
0.4960000000000004,2537540.0736434855
0.4980000000000004,2537340.853102353
0.5000000000000003,2537141.7210971243
0.5020000000000003,2536942.5999448057
0.5040000000000003,2536743.5005768337
0.5060000000000003,2536544.48835747
0.5080000000000003,2536345.542266137
0.5100000000000003,2536146.589015133
0.5120000000000003,2535947.701308001
0.5140000000000003,2535748.80653255
0.5160000000000003,2535549.97655736
0.5180000000000003,2535351.195657415
0.5200000000000004,2535152.3942155126
0.5220000000000004,2534953.647070021
0.5240000000000004,2534754.940803337
0.5260000000000004,2534556.207338028
0.5280000000000004,2534357.5223801997
0.5300000000000004,2534158.873053393
0.5320000000000004,2533960.2494392344
0.5340000000000004,2533761.5869186837
0.5360000000000004,2533562.9636838725
0.5380000000000004,2533364.3685327973
0.5400000000000004,2533165.7925650165
0.5420000000000004,2532967.1717307763
0.5440000000000004,2532768.584499013
0.5460000000000004,2532570.0198787423
0.5480000000000004,2532371.411310375
0.5500000000000004,2532172.8352500196
0.5520000000000004,2531974.2794093806
0.5540000000000004,2531775.734335774
0.5560000000000004,2531577.135846676
0.5580000000000004,2531378.5623696675
0.5600000000000004,2531180.0030863164
0.5620000000000004,2530981.391739406
0.5640000000000004,2530782.804886325
0.5660000000000004,2530584.2305258033
0.5680000000000004,2530385.601712501
0.5700000000000004,2530186.994646753
0.5720000000000004,2529988.3395070382
0.5740000000000004,2529789.7101798514
0.5760000000000004,2529591.0983765917
0.5780000000000004,2529392.442854269
0.5800000000000004,2529193.8243656238
0.5820000000000004,2528995.176098045
0.5840000000000004,2528796.572704892
0.5860000000000004,2528597.942726114
0.5880000000000004,2528399.357804663
0.5900000000000004,2528200.8024757784
0.5920000000000004,2528002.2076369533
0.5940000000000004,2527803.64799638
0.5960000000000004,2527605.053062979
0.5980000000000004,2527406.4954199926
0.6000000000000004,2527207.9604137866
0.6020000000000004,2527009.379564001
0.6040000000000004,2526810.8279263712
0.6060000000000004,2526612.235336104
0.6080000000000004,2526413.6745029204
0.6100000000000004,2526215.073398964
0.6120000000000004,2526016.5034341095
0.6140000000000004,2525817.891861507
0.6160000000000004,2525619.3097201264
0.6180000000000004,2525420.684149369
0.6200000000000004,2525222.0861654324
0.6220000000000004,2525023.4429643904
0.6240000000000004,2524824.7680561035
0.6260000000000004,2524626.128288623
0.6280000000000004,2524427.447050416
0.6300000000000004,2524228.7925534793
0.6320000000000005,2524030.09041673
0.6340000000000005,2523831.3532790546
0.6360000000000005,2523632.5634695874
0.6380000000000005,2523433.8217947558
0.6400000000000005,2523235.0451582586
0.6420000000000005,2523036.23944277
0.6440000000000005,2522837.4092728947
0.6460000000000005,2522638.55752406
0.6480000000000005,2522439.6856389586
0.6500000000000005,2522240.8515046337
0.6520000000000005,2522041.9731431864
0.6540000000000005,2521843.0582364434
0.6560000000000005,2521644.1130456342
0.6580000000000005,2521445.1416346165
0.6600000000000005,2521246.088795059
0.6620000000000005,2521047.037236628
0.6640000000000005,2520847.979028505
0.6660000000000005,2520648.907126674
0.6680000000000005,2520449.8164684647
0.6700000000000005,2520250.7038149755
0.6720000000000005,2520051.5098487185
0.6740000000000005,2519852.315184259
0.6760000000000005,2519653.11107861
0.6780000000000005,2519453.832965559
0.6800000000000005,2519254.5575622953
0.6820000000000005,2519055.2737109093
0.6840000000000005,2518855.915582878
0.6860000000000005,2518656.5592124574
0.6880000000000005,2518457.135922256
0.6900000000000005,2518257.6614904082
0.6920000000000005,2518058.203912969
0.6940000000000005,2517858.687877581
0.6960000000000005,2517659.1245864527
0.6980000000000005,2517459.5793222487
0.7000000000000005,2517259.975406331
0.7020000000000005,2517060.3233893467
0.7040000000000005,2516860.6310789064
0.7060000000000005,2516660.903347326
0.7080000000000005,2516461.142799073
0.7100000000000005,2516261.3505783333
0.7120000000000005,2516061.527020524
0.7140000000000005,2515861.6720151086
0.7160000000000005,2515661.785308863
0.7180000000000005,2515461.866607617
0.7200000000000005,2515261.93981099
0.7220000000000005,2515062.034864001
0.7240000000000005,2514862.147687855
0.7260000000000005,2514662.2640672578
0.7280000000000005,2514462.3699366376
0.7300000000000005,2514262.454796331
0.7320000000000005,2514062.4547703494
0.7340000000000005,2513862.448185541
0.7360000000000005,2513662.426642081
0.7380000000000005,2513462.326766353
0.7400000000000005,2513262.225767886
0.7420000000000005,2513062.113306408
0.7440000000000005,2512861.924254775
0.7460000000000006,2512661.7345380597
0.7480000000000006,2512461.475971823
0.7500000000000006,2512261.2213571034
0.7520000000000006,2512060.9001957155
0.7540000000000006,2511860.5267175618
0.7560000000000006,2511660.167881343
0.7580000000000006,2511459.7484077835
0.7600000000000006,2511259.2792711034
0.7620000000000006,2511058.7684190674
0.7640000000000006,2510858.2777941264
0.7660000000000006,2510657.7288946263
0.7680000000000006,2510457.1307848687
0.7700000000000006,2510256.490427297
0.7720000000000006,2510055.8123215833
0.7740000000000006,2509855.098944293
0.7760000000000006,2509654.3514781883
0.7780000000000006,2509453.570301783
0.7800000000000006,2509252.6984096807
0.7820000000000006,2509051.8166167885
0.7840000000000006,2508850.916817352
0.7860000000000006,2508649.9926208677
0.7880000000000006,2508448.987065617
0.7900000000000006,2508247.9840722983
0.7920000000000006,2508046.921774263
0.7940000000000006,2507845.8765034364
0.7960000000000006,2507644.8369206
0.7980000000000006,2507443.7370565752
0.8000000000000006,2507242.6516290065
0.8020000000000006,2507041.5120451446
0.8040000000000006,2506840.390312971
0.8060000000000006,2506639.2158269617
0.8080000000000006,2506438.0592784486
0.8100000000000006,2506236.8493523016
0.8120000000000006,2506035.599488821
0.8140000000000006,2505834.375952944
0.8160000000000006,2505633.10354285
0.8180000000000006,2505431.7928884095
0.8200000000000006,2505230.5085155377
0.8220000000000006,2505029.1743394714
0.8240000000000006,2504827.800580813
0.8260000000000006,2504626.394763267
0.8280000000000006,2504424.961562202
0.8300000000000006,2504223.5034173164
0.8320000000000006,2504022.078157514
0.8340000000000006,2503820.605276111
0.8360000000000006,2503619.0923186396
0.8380000000000006,2503417.545455876
0.8400000000000006,2503215.9120030794
0.8420000000000006,2503014.2748774923
0.8440000000000006,2502812.62734525
0.8460000000000006,2502610.9631160046
0.8480000000000006,2502409.2775252513
0.8500000000000006,2502207.5675215623
0.8520000000000006,2502005.7745416574
0.8540000000000006,2501803.9780978123
0.8560000000000006,2501602.1698479564
0.8580000000000007,2501400.2861042256
0.8600000000000007,2501198.402578238
0.8620000000000007,2500996.451831775
0.8640000000000007,2500794.5061085047
0.8660000000000007,2500592.495509573
0.8680000000000007,2500390.4907323755
0.8700000000000007,2500188.4210730805
0.8720000000000007,2499986.356815007
0.8740000000000007,2499784.2271142555
0.8760000000000007,2499582.0455516693
0.8780000000000007,2499379.821757753
0.8800000000000007,2499177.5616007806
0.8820000000000007,2498975.324846032
0.8840000000000007,2498773.0324968635
0.8860000000000007,2498570.692687389
0.8880000000000007,2498368.3118831217
0.8900000000000007,2498165.8943496803
0.8920000000000007,2497963.442527303
0.8940000000000007,2497760.9575909744
0.8960000000000007,2497558.3833629102
0.8980000000000007,2497355.800161002
0.9000000000000007,2497153.200155007
0.9020000000000007,2496950.576587045
0.9040000000000007,2496747.8681540224
0.9060000000000007,2496545.1521582925
0.9080000000000007,2496342.419276038
0.9100000000000007,2496139.6056124726
0.9120000000000007,2495936.7864133567
0.9140000000000007,2495733.8945851102
0.9160000000000007,2495531.002203128
0.9180000000000007,2495328.03982217
0.9200000000000007,2495125.0215007514
0.9220000000000007,2494922.013619801
0.9240000000000007,2494718.9420442306
0.9260000000000007,2494515.817605516
0.9280000000000007,2494312.648251395
0.9300000000000007,2494109.4389674556
0.9320000000000007,2493906.1924919696
0.9340000000000007,2493702.9101194376
0.9360000000000007,2493499.592298528
0.9380000000000007,2493296.239086362
0.9400000000000007,2493092.850355848
0.9420000000000007,2492889.425945551
0.9440000000000007,2492685.965668732
0.9460000000000007,2492482.4693803294
0.9480000000000007,2492278.8805169705
0.9500000000000007,2492075.278948566
0.9520000000000007,2491871.656977521
0.9540000000000007,2491667.951630006
0.9560000000000007,2491464.238257211
0.9580000000000007,2491260.4500884055
0.9600000000000007,2491056.6590114604
0.9620000000000007,2490852.7958227103
0.9640000000000007,2490648.874520399
0.9660000000000007,2490444.9613131536
0.9680000000000007,2490240.9823824186
0.9700000000000008,2490036.948524419
0.9720000000000008,2489832.8677156772
0.9740000000000008,2489628.7449683854
0.9760000000000008,2489424.583090037
0.9780000000000008,2489220.3834154
0.9800000000000008,2489016.146470249
0.9820000000000008,2488811.872353551
0.9840000000000008,2488607.5609856816
0.9860000000000008,2488403.212250983
0.9880000000000008,2488198.826020222
0.9900000000000008,2487994.3459034804
0.9920000000000008,2487789.8515374153
0.9940000000000008,2487585.3353008647
0.9960000000000008,2487380.7344601387
0.9980000000000008,2487176.124142633
1.0000000000000007,2486971.4389580064
1.0020000000000007,2486766.755069511
1.0040000000000007,2486562.008338494
1.0060000000000007,2486357.2725104643
1.0080000000000007,2486152.480480806
1.0100000000000007,2485947.7043145304
1.0120000000000007,2485742.8755935715
1.0140000000000007,2485538.008565444
1.0160000000000007,2485333.1131007797
1.0180000000000007,2485128.2512650974
1.0200000000000007,2484923.346474123
1.0220000000000007,2484718.4073496885
1.0240000000000007,2484513.440455931
1.0260000000000007,2484308.5060826656
1.0280000000000007,2484103.5269238134
1.0300000000000007,2483898.5113341515
1.0320000000000007,2483693.465870899
1.0340000000000007,2483488.3947507595
1.0360000000000007,2483283.3002654333
1.0380000000000007,2483078.1833993164
1.0400000000000007,2482873.0443788925
1.0420000000000007,2482667.88302306
1.0440000000000007,2482462.69895652
1.0460000000000007,2482257.4356559166
1.0480000000000007,2482052.172076965
1.0500000000000007,2481846.9003694654
1.0520000000000007,2481641.613753659
1.0540000000000007,2481436.2513529803
1.0560000000000007,2481230.889423013
1.0580000000000007,2481025.5187366917
1.0600000000000007,2480820.075861452
1.0620000000000007,2480614.6350650727
1.0640000000000007,2480409.185852387
1.0660000000000007,2480203.6640937156
1.0680000000000007,2479998.0876266686
1.0700000000000007,2479792.52507505
1.0720000000000007,2479586.90487681
1.0740000000000007,2479381.294535181
1.0760000000000007,2479175.6230175933
1.0780000000000007,2478969.9027418946
1.0800000000000007,2478764.142704785
1.0820000000000007,2478558.4044805025
1.0840000000000007,2478352.6119442787
1.0860000000000007,2478146.7738616713
1.0880000000000007,2477940.8970152643
1.0900000000000007,2477734.9857867546
1.0920000000000007,2477529.042655287
1.0940000000000007,2477323.068785789
1.0960000000000008,2477117.0645833327
1.0980000000000008,2476911.0300255492
1.1000000000000008,2476704.9649488144
1.1020000000000008,2476498.8131919256
1.1040000000000008,2476292.653541599
1.1060000000000008,2476086.478422859
1.1080000000000008,2475880.2812691485
1.1100000000000008,2475674.001580958
1.1120000000000008,2475467.7154647624
1.1140000000000008,2475261.358057052
1.1160000000000008,2475055.0011444716
1.1180000000000008,2474848.576672281
1.1200000000000008,2474642.1543580755
1.1220000000000008,2474435.6649934133
1.1240000000000008,2474229.1218350534
1.1260000000000008,2474022.590219606
1.1280000000000008,2473815.997117667
1.1300000000000008,2473609.353007257
1.1320000000000008,2473402.665697655
1.1340000000000008,2473195.9959166264
1.1360000000000008,2472989.2675584937
1.1380000000000008,2472782.489238931
1.1400000000000008,2472575.6677412256
1.1420000000000008,2472368.8075453583
1.1440000000000008,2472161.85544546
1.1460000000000008,2471954.8915329045
1.1480000000000008,2471747.909018308
1.1500000000000008,2471540.90170841
1.1520000000000008,2471333.8651173688
1.1540000000000008,2471126.7406381634
1.1560000000000008,2470919.605381889
1.1580000000000008,2470712.487427659
1.1600000000000008,2470505.398103284
1.1620000000000008,2470298.269780511
1.1640000000000008,2470091.1643822896
1.1660000000000008,2469884.060359969
1.1680000000000008,2469676.885791041
1.1700000000000008,2469469.708776301
1.1720000000000008,2469262.460355942
1.1740000000000008,2469055.209770531
1.1760000000000008,2468847.8883596985
1.1780000000000008,2468640.5652733245
1.1800000000000008,2468433.1716758455
1.1820000000000008,2468225.72087228
1.1840000000000008,2468018.2224759953
1.1860000000000008,2467810.7381203077
1.1880000000000008,2467603.192603924
1.1900000000000008,2467395.594730141
1.1920000000000008,2467187.9513614126
1.1940000000000008,2466980.267001415
1.1960000000000008,2466772.5442646034
1.1980000000000008,2466564.784476309
1.2000000000000008,2466356.932587143
1.2020000000000008,2466149.0671859113
1.2040000000000008,2465941.181036204
1.2060000000000008,2465733.267820822
1.2080000000000009,2465525.26747446
1.2100000000000009,2465317.255592371
1.2120000000000009,2465109.223444383
1.2140000000000009,2464901.1086599794
1.2160000000000009,2464692.9876070186
1.2180000000000009,2464484.7989359633
1.2200000000000009,2464276.61679505
1.2220000000000009,2464068.3757869806
1.2240000000000009,2463860.090850707
1.2260000000000009,2463651.827773271
1.2280000000000009,2463443.514397345
1.2300000000000009,2463235.1610228256
1.2320000000000009,2463026.775170716
1.2340000000000009,2462818.4170027436
1.2360000000000009,2462610.010782317
1.2380000000000009,2462401.564741217
1.2400000000000009,2462193.085363299
1.2420000000000009,2461984.576872351
1.2440000000000009,2461776.0416757045
1.2460000000000009,2461567.480861325
1.2480000000000009,2461358.8947908944
1.2500000000000009,2461150.2834017887
1.252000000000001,2460941.6464685933
1.254000000000001,2460732.9836705714
1.256000000000001,2460524.2947023353
1.258000000000001,2460315.579262259
1.260000000000001,2460106.781658847
1.262000000000001,2459897.9797217487
1.264000000000001,2459689.1660958477
1.266000000000001,2459480.2789707985
1.268000000000001,2459271.3918090914
1.270000000000001,2459062.494618099
1.272000000000001,2458853.5241553914
1.274000000000001,2458644.553166035
1.276000000000001,2458435.5160725843
1.278000000000001,2458226.4282651735
1.280000000000001,2458017.356401258
1.282000000000001,2457808.229644202
1.284000000000001,2457599.1143097035
1.286000000000001,2457389.940429213
1.288000000000001,2457180.720022181
1.290000000000001,2456971.461947254
1.292000000000001,2456762.1717479513
1.294000000000001,2456552.907747385
1.296000000000001,2456343.593463587
1.298000000000001,2456134.236396796
1.300000000000001,2455924.8426729897
1.302000000000001,2455715.416394026
1.304000000000001,2455505.9599319207
1.306000000000001,2455296.4744547918
1.308000000000001,2455086.9051302383
1.310000000000001,2454877.329792239
1.312000000000001,2454667.7412571646
1.314000000000001,2454458.1331262034
1.316000000000001,2454248.5008326736
1.318000000000001,2454038.7862265212
1.320000000000001,2453829.065361651
1.322000000000001,2453619.275104475
1.324000000000001,2453409.4865587754
1.326000000000001,2453199.6881370656
1.328000000000001,2452989.815681624
1.330000000000001,2452779.885774453
1.332000000000001,2452569.965565089
1.334000000000001,2452359.9848815175
1.336000000000001,2452149.9548417935
1.338000000000001,2451939.938667521
1.340000000000001,2451729.8637827593
1.342000000000001,2451519.7399422247
1.344000000000001,2451309.5745737683
1.346000000000001,2451099.372465443
1.348000000000001,2450889.1363063264
1.350000000000001,2450678.867434766
1.352000000000001,2450468.566349778
1.354000000000001,2450258.2331390833
1.356000000000001,2450047.867669076
1.358000000000001,2449837.4697866254
1.360000000000001,2449627.0392891546
1.362000000000001,2449416.576008568
1.364000000000001,2449206.0247202767
1.366000000000001,2448995.4627837925
1.368000000000001,2448784.883115364
1.370000000000001,2448574.224445814
1.372000000000001,2448363.559825345
1.374000000000001,2448152.8244765494
1.376000000000001,2447942.088166523
1.378000000000001,2447731.283792138
1.380000000000001,2447520.424604115
1.382000000000001,2447309.575112332
1.384000000000001,2447098.663827622
1.386000000000001,2446887.7009214144
1.388000000000001,2446676.6940072635
1.390000000000001,2446465.7029801058
1.392000000000001,2446254.653269806
1.394000000000001,2446043.553151763
1.396000000000001,2445832.4092422808
1.398000000000001,2445621.225965006
1.400000000000001,2445410.0059208055
1.402000000000001,2445198.695495494
1.404000000000001,2444987.3725370397
1.406000000000001,2444776.030303643
1.408000000000001,2444564.6626934293
1.410000000000001,2444353.2103866427
1.412000000000001,2444141.7478030603
1.414000000000001,2443930.26647757
1.416000000000001,2443718.704630099
1.418000000000001,2443507.1347948867
1.420000000000001,2443295.492360331
1.422000000000001,2443083.8469488057
1.424000000000001,2442872.1317486414
1.426000000000001,2442660.3600190007
1.428000000000001,2442448.596167717
1.430000000000001,2442236.7691140054
1.432000000000001,2442024.8911853833
1.434000000000001,2441812.9735573255
1.436000000000001,2441601.024206184
1.438000000000001,2441389.0480420487
1.440000000000001,2441177.1025284952
1.442000000000001,2440965.1117117554
1.444000000000001,2440753.0827373825
1.446000000000001,2440540.9666698687
1.448000000000001,2440328.8445052817
1.450000000000001,2440116.711712024
1.452000000000001,2439904.563392312
1.454000000000001,2439692.3956312863
1.456000000000001,2439480.205746978
1.458000000000001,2439267.992051535
1.460000000000001,2439055.6987598967
1.462000000000001,2438843.4022382973
1.464000000000001,2438631.0953008756
1.466000000000001,2438418.716909673
1.468000000000001,2438206.339499176
1.470000000000001,2437993.898643868
1.472000000000001,2437781.463542914
1.474000000000001,2437568.967456049
1.476000000000001,2437356.478092456
1.478000000000001,2437143.9278908
1.480000000000001,2436931.3841413446
1.482000000000001,2436718.779113896
1.484000000000001,2436506.1253329283
1.486000000000001,2436293.4319240167
1.488000000000001,2436080.759331224
1.490000000000001,2435868.033935558
1.492000000000001,2435655.264007947
1.494000000000001,2435442.45606968
1.496000000000001,2435229.6144243316
1.498000000000001,2435016.74155978
1.500000000000001,2434803.838695148
1.5020000000000011,2434590.9063048265
1.5040000000000011,2434377.9444508073
1.5060000000000011,2434164.953009837
1.5080000000000011,2433951.9317994183
1.5100000000000011,2433738.8259877358
1.5120000000000011,2433525.7120624655
1.5140000000000011,2433312.5830815723
1.5160000000000011,2433099.3783207266
1.5180000000000011,2432886.169996789
1.5200000000000011,2432672.948576888
1.5220000000000011,2432459.65190012
1.5240000000000011,2432246.3514613337
1.5260000000000011,2432032.9828826985
1.5280000000000011,2431819.560529774
1.5300000000000011,2431606.1491652867
1.5320000000000011,2431392.6785271605
1.5340000000000011,2431179.1587698
1.5360000000000011,2430965.6519990405
1.5380000000000011,2430752.0865343073
1.5400000000000011,2430538.4718267675
1.5420000000000011,2430324.8155442295
1.5440000000000011,2430111.1232759207
1.5460000000000012,2429897.3985218694
1.5480000000000012,2429683.6431734776
1.5500000000000012,2429469.858108905
1.5520000000000012,2429256.0435988083
1.5540000000000012,2429042.19960869
1.5560000000000012,2428828.3259653407
1.5580000000000012,2428614.3679812895
1.5600000000000012,2428400.401860766
1.5620000000000012,2428186.4207270383
1.5640000000000012,2427972.3640059405
1.5660000000000012,2427758.3036756916
1.5680000000000012,2427544.2302549155
1.5700000000000012,2427330.0817415616
1.5720000000000012,2427115.9293864416
1.5740000000000012,2426901.7455111467
1.5760000000000012,2426687.6155487467
1.5780000000000012,2426473.466190863
1.5800000000000012,2426259.3512901366
1.5820000000000012,2426045.245888747
1.5840000000000012,2425831.0771557945
1.5860000000000012,2425616.8551233606
1.5880000000000012,2425402.642594019
1.5900000000000012,2425188.3691790067
1.5920000000000012,2424974.045055418
1.5940000000000012,2424759.732351008
1.5960000000000012,2424545.3599664606
1.5980000000000012,2424330.9374398063
1.6000000000000012,2424116.472131054
1.6020000000000012,2423901.968863573
1.6040000000000012,2423687.4304264644
1.6060000000000012,2423472.85822062
1.6080000000000012,2423258.2528510434
1.6100000000000012,2423043.614452385
1.6120000000000012,2422828.942969475
1.6140000000000012,2422614.2382676527
1.6160000000000012,2422399.4459002702
1.6180000000000012,2422184.641803985
1.6200000000000012,2421969.819247673
1.6220000000000012,2421754.917993239
1.6240000000000012,2421540.0097686835
1.6260000000000012,2421325.030974787
1.6280000000000012,2421110.050232421
1.6300000000000012,2420895.0016554203
1.6320000000000012,2420679.9523738343
1.6340000000000012,2420464.8357193307
1.6360000000000012,2420249.6641213163
1.6380000000000012,2420034.5009436402
1.6400000000000012,2419819.276054661
1.6420000000000012,2419603.9993104865
1.6440000000000012,2419388.678165491
1.6460000000000012,2419173.317491867
1.6480000000000012,2418957.9206007896
1.6500000000000012,2418742.491571107
1.6520000000000012,2418527.0340096173
1.6540000000000012,2418311.550391103
1.6560000000000012,2418096.04217195
1.6580000000000013,2417880.5100188684
1.6600000000000013,2417664.9541324084
1.6620000000000013,2417449.374448543
1.6640000000000013,2417233.716583466
1.6660000000000013,2417018.0560744773
1.6680000000000013,2416802.386116008
1.6700000000000013,2416586.7006182647
1.6720000000000013,2416370.940988741
1.6740000000000013,2416155.1800947813
1.6760000000000013,2415939.355568555
1.6780000000000013,2415723.5363856945
1.6800000000000013,2415507.657168586
1.6820000000000013,2415291.7849040455
1.6840000000000013,2415075.853089906
1.6860000000000013,2414859.9280701876
1.6880000000000013,2414643.9431111855
1.6900000000000013,2414427.9103765
1.6920000000000013,2414211.8387897373
1.6940000000000013,2413995.7881242866
1.6960000000000013,2413779.685894621
1.6980000000000013,2413563.540109301
1.7000000000000013,2413347.3571313634
1.7020000000000013,2413131.1412066105
1.7040000000000013,2412914.8948137285
1.7060000000000013,2412698.6191672166
1.7080000000000013,2412482.3147773226
1.7100000000000013,2412265.9817218515
1.7120000000000013,2412049.619870068
1.7140000000000013,2411833.2290504356
1.7160000000000013,2411616.755039468
1.7180000000000013,2411400.273183411
1.7200000000000013,2411183.77683842
1.7220000000000013,2410967.260045375
1.7240000000000013,2410750.6645038086
1.7260000000000013,2410534.06291205
1.7280000000000013,2410317.3932358366
1.7300000000000013,2410100.7242898704
1.7320000000000013,2409883.9910559556
1.7340000000000013,2409667.260361332
1.7360000000000013,2409450.46602754
1.7380000000000013,2409233.620318726
1.7400000000000013,2409016.7861656453
1.7420000000000013,2408799.8938883366
1.7440000000000013,2408582.9531411976
1.7460000000000013,2408365.9712655204
1.7480000000000013,2408148.9530392443
1.7500000000000013,2407931.9012180073
1.7520000000000013,2407714.81717796
1.7540000000000013,2407497.7014733446
1.7560000000000013,2407280.5542539544
1.7580000000000013,2407063.3754248554
1.7600000000000013,2406846.164850331
1.7620000000000013,2406628.9223731924
1.7640000000000013,2406411.6478451644
1.7660000000000013,2406194.2872832837
1.7680000000000013,2405976.915848818
1.7700000000000014,2405759.5270270426
1.7720000000000014,2405542.0611469066
1.7740000000000014,2405324.5891961395
1.7760000000000014,2405107.048240598
1.7780000000000014,2404889.506195374
1.7800000000000014,2404671.897878096
1.7820000000000014,2404454.2897179183
1.7840000000000014,2404236.615733357
1.7860000000000014,2404018.888116141
1.7880000000000014,2403801.115877563
1.7900000000000014,2403583.3585754624
1.7920000000000014,2403365.5443419553
1.7940000000000014,2403147.681173761
1.7960000000000014,2402929.7754591363
1.7980000000000014,2402711.831544252
1.8000000000000014,2402493.852008833
1.8020000000000014,2402275.8386276974
1.8040000000000014,2402057.79267042
1.8060000000000014,2401839.714922178
1.8080000000000014,2401621.5520281526
1.8100000000000014,2401403.379181027
1.8120000000000014,2401185.1900188047
1.8140000000000014,2400966.978765041
1.8160000000000014,2400748.687436332
1.8180000000000014,2400530.388310707
1.8200000000000014,2400312.019731363
1.8220000000000014,2400093.650134416
1.8240000000000014,2399875.214915416
1.8260000000000014,2399656.780518936
1.8280000000000014,2399438.2812220124
1.8300000000000014,2399219.78284088
1.8320000000000014,2399001.219397572
1.8340000000000014,2398782.6029262897
1.8360000000000014,2398563.942363819
1.8380000000000014,2398345.2434561797
1.8400000000000014,2398126.5631174343
1.8420000000000014,2397907.8280973514
1.8440000000000014,2397689.0453741583
1.8460000000000014,2397470.2207961106
1.8480000000000014,2397251.3584430735
1.8500000000000014,2397032.4071388533
1.8520000000000014,2396813.4430672755
1.8540000000000014,2396594.4605204957
1.8560000000000014,2396375.4540261403
1.8580000000000014,2396156.4194404213
1.8600000000000014,2395937.3004726716
1.8620000000000014,2395718.170311107
1.8640000000000014,2395498.9682310997
1.8660000000000014,2395279.763329788
1.8680000000000014,2395060.4937123526
1.8700000000000014,2394841.2283303146
1.8720000000000014,2394621.9037520783
1.8740000000000014,2394402.5869245566
1.8760000000000014,2394183.2127831704
1.8780000000000014,2393963.7936071055
1.8800000000000014,2393744.3919076845
1.8820000000000014,2393524.9386785063
1.8840000000000015,2393305.4433020083
1.8860000000000015,2393085.9129179283
1.8880000000000015,2392866.4056785936
1.8900000000000015,2392646.849580427
1.8920000000000015,2392427.2521430785
1.8940000000000015,2392207.6194872987
1.8960000000000015,2391987.9557633917
1.8980000000000015,2391768.263393575
1.9000000000000015,2391548.5436454127
1.9020000000000015,2391328.7435284443
1.9040000000000015,2391108.937673483
1.9060000000000015,2390889.119746002
1.9080000000000015,2390669.2838856657
1.9100000000000015,2390449.42575864
1.9120000000000015,2390229.4890942257
1.9140000000000015,2390009.5467225225
1.9160000000000015,2389789.591485915
1.9180000000000015,2389569.5638415585
1.9200000000000015,2389349.533904698
1.9220000000000015,2389129.439264384
1.9240000000000015,2388909.3471627566
1.9260000000000015,2388689.19302612
1.9280000000000015,2388468.989225011
1.9300000000000015,2388248.798183691
1.9320000000000015,2388028.551205162
1.9340000000000015,2387808.2576912995
1.9360000000000015,2387587.9248302756
1.9380000000000015,2387367.610698517
1.9400000000000015,2387147.243609258
1.9420000000000015,2386926.831108091
1.9440000000000015,2386706.37936154
1.9460000000000015,2386485.8925805246
1.9480000000000015,2386265.373278589
1.9500000000000015,2386044.8227791423
1.9520000000000015,2385824.241648817
1.9540000000000015,2385603.5767166065
1.9560000000000015,2385382.902240963
1.9580000000000015,2385162.2119104704
1.9600000000000015,2384941.499983493
1.9620000000000015,2384720.708905869
1.9640000000000015,2384499.910193593
1.9660000000000015,2384279.042806355
1.9680000000000015,2384058.174515408
1.9700000000000015,2383837.3397860024
1.9720000000000015,2383616.485101206
1.9740000000000015,2383395.6692287894
1.9760000000000015,2383174.8690187535
1.9780000000000015,2382954.012042322
1.9800000000000015,2382733.159163845
1.9820000000000015,2382512.24280856
1.9840000000000015,2382291.3270041686
1.9860000000000015,2382070.3461019592
1.9880000000000015,2381849.31187455
1.9900000000000015,2381628.2332552993
1.9920000000000015,2381407.1692690663
1.9940000000000015,2381186.049212532
1.9960000000000016,2380964.880928815
1.9980000000000016,2380743.670714764
2.0000000000000013,2380522.4228648203
2.002000000000001,2380301.1399245244
2.004000000000001,2380079.823266719
2.0060000000000007,2379858.47349721
2.0080000000000005,2379637.0907999356
2.0100000000000002,2379415.675183147
2.012,2379194.1733930595
2.014,2378972.6593080405
2.0159999999999996,2378751.1267252415
2.0179999999999993,2378529.5168642215
2.019999999999999,2378307.8995556547
2.021999999999999,2378086.266036523
2.0239999999999987,2377864.5560879502
2.0259999999999985,2377642.838765057
2.0279999999999982,2377421.0519199595
2.029999999999998,2377199.209148086
2.031999999999998,2376977.373417526
2.0339999999999976,2376755.4770857184
2.0359999999999974,2376533.5297422707
2.037999999999997,2376311.538671305
2.039999999999997,2376089.5617308645
2.0419999999999967,2375867.5278767236
2.0439999999999965,2375645.4446056196
2.0459999999999963,2375423.318057571
2.047999999999996,2375201.1524871555
2.049999999999996,2374978.8974097245
2.0519999999999956,2374756.628032371
2.0539999999999954,2374534.3389519076
2.055999999999995,2374312.0250435695
2.057999999999995,2374089.6828010906
2.0599999999999947,2373867.2570892945
2.0619999999999945,2373644.820506713
2.0639999999999943,2373422.3664317485
2.065999999999994,2373199.8360888646
2.067999999999994,2372977.299029208
2.0699999999999936,2372754.693597669
2.0719999999999934,2372532.033442242
2.073999999999993,2372309.38140461
2.075999999999993,2372086.6700131837
2.0779999999999927,2371863.9087588657
2.0799999999999925,2371641.157842573
2.0819999999999923,2371418.348337088
2.083999999999992,2371195.48911225
2.085999999999992,2370972.588493581
2.0879999999999916,2370749.6533434764
2.0899999999999914,2370526.6883562487
2.091999999999991,2370303.6963276253
2.093999999999991,2370080.6786773736
2.0959999999999908,2369857.636005526
2.0979999999999905,2369634.5683945348
2.0999999999999903,2369411.4757253905
2.10199999999999,2369188.3577582147
2.10399999999999,2368965.1613411075
2.1059999999999897,2368741.959742634
2.1079999999999894,2368518.7467537723
2.109999999999989,2368295.5166706024
2.111999999999989,2368072.2123840693
2.1139999999999888,2367848.9046041123
2.1159999999999886,2367625.5328181293
2.1179999999999883,2367402.164074221
2.119999999999988,2367178.735019051
2.121999999999988,2366955.3107530144
2.1239999999999877,2366731.8267934374
2.1259999999999875,2366508.2947770325
2.1279999999999872,2366284.7761912933
2.129999999999987,2366061.2032070523
2.131999999999987,2365837.5849481924
2.1339999999999866,2365613.9284547204
2.1359999999999864,2365390.2911767955
2.137999999999986,2365166.602452311
2.139999999999986,2364942.869575471
2.1419999999999857,2364719.098577462
2.1439999999999855,2364495.2935816087
2.1459999999999853,2364271.457075648
2.147999999999985,2364047.5903699165
2.149999999999985,2363823.6940444782
2.1519999999999846,2363599.7154741897
2.1539999999999844,2363375.727889538
2.155999999999984,2363151.725230388
2.157999999999984,2362927.701884014
2.1599999999999837,2362703.600929113
2.1619999999999835,2362479.4928790084
2.1639999999999833,2362255.3174542035
2.165999999999983,2362031.1415700368
2.167999999999983,2361806.9021157683
2.1699999999999826,2361582.664077621
2.1719999999999824,2361358.363228693
2.173999999999982,2361134.0638982444
2.175999999999982,2360909.7016075356
2.1779999999999817,2360685.287854311
2.1799999999999815,2360460.831312971
2.1819999999999813,2360236.390301059
2.183999999999981,2360011.894941033
2.185999999999981,2359787.3527825433
2.1879999999999806,2359562.769945467
2.1899999999999804,2359338.150606971
2.19199999999998,2359113.49729665
2.19399999999998,2358888.8113544723
2.1959999999999797,2358664.0933924266
2.1979999999999795,2358439.290948862
2.1999999999999793,2358214.477070134
2.201999999999979,2357989.645784801
2.203999999999979,2357764.791549369
2.2059999999999786,2357539.857636159
2.2079999999999784,2357314.9143711943
2.209999999999978,2357089.9017189415
2.211999999999978,2356864.886409521
2.2139999999999778,2356639.8055967735
2.2159999999999775,2356414.7240838213
2.2179999999999773,2356189.5778897996
2.219999999999977,2355964.378617735
2.221999999999977,2355739.187537544
2.2239999999999767,2355513.9373320644
2.2259999999999764,2355288.6371285166
2.227999999999976,2355063.293984076
2.229999999999976,2354837.912602661
2.231999999999976,2354612.5483345776
2.2339999999999756,2354387.1297169565
2.2359999999999753,2354161.6107035
2.237999999999975,2353936.0697630374
2.239999999999975,2353710.50503847
2.2419999999999747,2353484.9136301405
2.2439999999999745,2353259.2929418953
2.2459999999999742,2353033.641054967
2.247999999999974,2352807.904225081
2.249999999999974,2352582.154546048
2.2519999999999736,2352356.38583226
2.2539999999999734,2352130.5399893476
2.255999999999973,2351904.685749329
2.257999999999973,2351678.762208452
2.2599999999999727,2351452.7827632083
2.2619999999999725,2351226.8096106206
2.2639999999999723,2351000.77618114
2.265999999999972,2350774.691784664
2.267999999999972,2350548.616000188
2.2699999999999716,2350322.480814258
2.2719999999999714,2350096.2947942275
2.273999999999971,2349870.064753642
2.275999999999971,2349643.795317069
2.2779999999999707,2349417.489261564
2.2799999999999705,2349191.1480582296
2.2819999999999703,2348964.7724216646
2.28399999999997,2348738.362578566
2.28599999999997,2348511.918571744
2.2879999999999696,2348285.387921159
2.2899999999999694,2348058.843178858
2.291999999999969,2347832.2784813885
2.293999999999969,2347605.636041778
2.2959999999999687,2347378.984427855
2.2979999999999685,2347152.262893255
2.2999999999999683,2346925.5371606373
2.301999999999968,2346698.7443456426
2.303999999999968,2346471.9490930913
2.3059999999999676,2346245.089499302
2.3079999999999674,2346018.1793562896
2.309999999999967,2345791.2292712857
2.311999999999967,2345564.298581761
2.3139999999999668,2345337.3188434625
2.3159999999999665,2345110.2978593004
2.3179999999999663,2344883.241827841
2.319999999999966,2344656.1548942677
2.321999999999966,2344429.0394948963
2.3239999999999656,2344201.896865673
2.3259999999999654,2343974.7275070115
2.327999999999965,2343747.5315096527
2.329999999999965,2343520.308751959
2.3319999999999648,2343293.059033871
2.3339999999999645,2343065.782126232
2.3359999999999643,2342838.4255580534
2.337999999999964,2342611.061531573
2.339999999999964,2342383.684135704
2.3419999999999637,2342156.235638705
2.3439999999999634,2341928.7843029047
2.3459999999999632,2341701.3574192845
2.347999999999963,2341473.9638256207
2.349999999999963,2341246.539971135
2.3519999999999626,2341019.142455808
2.3539999999999623,2340791.751948289
2.355999999999962,2340564.301128747
2.357999999999962,2340336.8521208502
2.3599999999999617,2340109.3408935773
2.3619999999999615,2339881.8310591825
2.3639999999999612,2339654.2591612106
2.365999999999961,2339426.6367121916
2.367999999999961,2339199.0246214303
2.3699999999999606,2338971.356360957
2.3719999999999604,2338743.6409302303
2.37399999999996,2338515.8853043523
2.37599999999996,2338288.146309259
2.3779999999999597,2338060.354504477
2.3799999999999595,2337832.5169699183
2.3819999999999593,2337604.639595743
2.383999999999959,2337376.7264663223
2.385999999999959,2337148.7800918496
2.3879999999999586,2336920.749688627
2.3899999999999584,2336692.7079966096
2.391999999999958,2336464.649580156
2.393999999999958,2336236.569132941
2.3959999999999577,2336008.4626516486
2.3979999999999575,2335780.275332271
2.3999999999999573,2335552.077644806
2.401999999999957,2335323.810948827
2.403999999999957,2335095.541601444
2.4059999999999566,2334867.2077266607
2.4079999999999564,2334638.8734775544
2.409999999999956,2334410.4756695307
2.411999999999956,2334182.0777170463
2.4139999999999557,2333953.616111563
2.4159999999999555,2333725.1020498527
2.4179999999999553,2333496.544048685
2.419999999999955,2333267.94767362
2.421999999999955,2333039.368252555
2.4239999999999546,2332810.735512011
2.4259999999999544,2332582.0558080855
2.427999999999954,2332353.334614996
2.429999999999954,2332124.5758169717
2.4319999999999538,2331895.729827922
2.4339999999999535,2331666.86991819
2.4359999999999533,2331437.991125314
2.437999999999953,2331209.088462075
2.439999999999953,2330980.1580452234
2.4419999999999527,2330751.1452768133
2.4439999999999524,2330522.1204531793
2.445999999999952,2330293.0251349704
2.447999999999952,2330063.9254986434
2.4499999999999518,2329834.759883219
2.4519999999999516,2329605.592286094
2.4539999999999513,2329376.3597296574
2.455999999999951,2329147.125473889
2.457999999999951,2328917.826210616
2.4599999999999507,2328688.4731131727
2.4619999999999505,2328459.074668324
2.4639999999999502,2328229.6364795696
2.46599999999995,2328000.1618372533
2.46799999999995,2327770.7043991927
2.4699999999999496,2327541.193177447
2.4719999999999493,2327311.5820639473
2.473999999999949,2327081.948022744
2.475999999999949,2326852.289298654
2.4779999999999487,2326622.603110809
2.4799999999999485,2326392.8869432425
2.4819999999999482,2326163.138937259
2.483999999999948,2325933.3059982676
2.485999999999948,2325703.4591175397
2.4879999999999476,2325473.5404772544
2.4899999999999474,2325243.616359449
2.491999999999947,2325013.6253605257
2.493999999999947,2324783.631367621
2.4959999999999467,2324553.5715830303
2.4979999999999465,2324323.5091022956
2.4999999999999463,2324093.380800864
2.501999999999946,2323863.197789396
2.503999999999946,2323632.968538565
2.5059999999999456,2323402.698653933
2.5079999999999454,2323172.4432658376
2.509999999999945,2322942.1325349975
2.511999999999945,2322711.772783252
2.5139999999999447,2322481.317643181
2.5159999999999445,2322250.8425930766
2.5179999999999443,2322020.3445583764
2.519999999999944,2321789.819754048
2.521999999999944,2321559.264973969
2.5239999999999436,2321328.6786335274
2.5259999999999434,2321098.0091054714
2.527999999999943,2320867.3286633035
2.529999999999943,2320636.580754614
2.5319999999999427,2320405.8322480563
2.5339999999999425,2320175.022309379
2.5359999999999423,2319944.214824041
2.537999999999942,2319713.347204073
2.539999999999942,2319482.4823228805
2.5419999999999416,2319251.557149283
2.5439999999999414,2319020.5826339745
2.545999999999941,2318789.618838786
2.547999999999941,2318558.599861653
2.5499999999999408,2318327.5343829584
2.5519999999999405,2318096.4293590696
2.5539999999999403,2317865.2897457313
2.55599999999994,2317634.118641963
2.55799999999994,2317402.917750811
2.5599999999999397,2317171.687875298
2.5619999999999394,2316940.429282897
2.563999999999939,2316709.1419583834
2.565999999999939,2316477.825774452
2.5679999999999388,2316246.4805456907
2.5699999999999386,2316015.054418732
2.5719999999999383,2315783.618526497
2.573999999999938,2315552.167259969
2.575999999999938,2315320.6436629775
2.5779999999999377,2315089.1150119873
2.5799999999999375,2314857.5215679836
2.5819999999999372,2314625.927823743
2.583999999999937,2314394.271950097
2.585999999999937,2314162.617035226
2.5879999999999366,2313930.9004219845
2.5899999999999364,2313699.1331469924
2.591999999999936,2313467.375200721
2.593999999999936,2313235.560883028
2.5959999999999357,2313003.6988600898
2.5979999999999355,2312771.7959313025
2.5999999999999353,2312539.8566745226
2.601999999999935,2312307.8838060093
2.603999999999935,2312075.8787844395
2.6059999999999346,2311843.8422334236
2.6079999999999344,2311611.7743538627
2.609999999999934,2311379.6751147774
2.611999999999934,2311147.5443906025
2.6139999999999337,2310915.382039737
2.6159999999999335,2310683.1363752414
2.6179999999999333,2310450.878355578
2.619999999999933,2310218.6024760576
2.621999999999933,2309986.251976153
2.6239999999999326,2309753.8939762656
2.6259999999999324,2309521.4689495377
2.627999999999932,2309289.041253257
2.629999999999932,2309056.5492762476
2.6319999999999317,2308824.055962272
2.6339999999999315,2308591.498889022
2.6359999999999313,2308358.889065901
2.637999999999931,2308126.234870518
2.639999999999931,2307893.5418436327
2.6419999999999306,2307660.864727779
2.6439999999999304,2307428.134267423
2.64599999999993,2307195.3566060453
2.64799999999993,2306962.5370757794
2.6499999999999297,2306729.6795258853
2.6519999999999295,2306496.734891086
2.6539999999999293,2306263.775455073
2.655999999999929,2306030.796515965
2.657999999999929,2305797.793223118
2.6599999999999286,2305564.76178823
2.6619999999999284,2305331.648195037
2.663999999999928,2305098.5217421562
2.665999999999928,2304865.3247834234
2.6679999999999278,2304632.1226438363
2.6699999999999275,2304398.8545192187
2.6719999999999273,2304165.58355714
2.673999999999927,2303932.247655807
2.675999999999927,2303698.8578410475
2.6779999999999267,2303465.4738789587
2.6799999999999264,2303232.0304887523
2.681999999999926,2302998.536285254
2.683999999999926,2302764.998070046
2.685999999999926,2302531.420434123
2.6879999999999256,2302297.806155162
2.6899999999999253,2302064.1567252744
2.691999999999925,2301830.4728389047
2.693999999999925,2301596.7547428627
2.6959999999999247,2301363.0024552853
2.6979999999999245,2301129.215922878
2.6999999999999242,2300895.3950320254
2.701999999999924,2300661.48837029
2.703999999999924,2300427.5982375345
2.7059999999999236,2300193.737887897
2.7079999999999234,2299959.897282614
2.709999999999923,2299726.009187194
2.711999999999923,2299492.129870994
2.7139999999999227,2299258.2434530174
2.7159999999999225,2299024.286741962
2.7179999999999223,2298790.322566407
2.719999999999922,2298556.289716086
2.721999999999922,2298322.2513135686
2.7239999999999216,2298088.145842161
2.7259999999999214,2297853.9846252715
2.727999999999921,2297619.82757565
2.729999999999921,2297385.6098314836
2.7319999999999207,2297151.3400777453
2.7339999999999205,2296917.025166295
2.7359999999999203,2296682.6697189603
2.73799999999992,2296448.276537999
2.73999999999992,2296213.8471443905
2.7419999999999196,2295979.382284567
2.7439999999999194,2295744.8830772876
2.745999999999919,2295510.3509843387
2.747999999999919,2295275.787219432
2.7499999999999187,2295041.141416328
2.7519999999999185,2294806.484524067
2.7539999999999183,2294571.811497108
2.755999999999918,2294337.066173752
2.757999999999918,2294102.315162245
2.7599999999999176,2293867.5505881472
2.7619999999999174,2293632.7146679806
2.763999999999917,2293397.8219343205
2.765999999999917,2293162.934541515
2.7679999999999167,2292927.989317718
2.7699999999999165,2292693.046929184
2.7719999999999163,2292458.044213422
2.773999999999916,2292222.9911896437
2.775999999999916,2291987.895659501
2.7779999999999156,2291752.762874418
2.7799999999999154,2291517.595965033
2.781999999999915,2291282.396598432
2.783999999999915,2291047.1655120333
2.7859999999999148,2290811.902937581
2.7879999999999145,2290576.608870185
2.7899999999999143,2290341.2831861735
2.791999999999914,2290105.9257535874
2.793999999999914,2289870.536678227
2.7959999999999137,2289635.065077967
2.7979999999999134,2289399.5814006827
2.7999999999999132,2289164.0805050163
2.801999999999913,2288928.5063369735
2.803999999999913,2288692.925327132
2.8059999999999126,2288457.278616312
2.8079999999999123,2288221.6298683034
2.809999999999912,2287985.9181381115
2.811999999999912,2287750.1546329656
2.8139999999999117,2287514.3988250615
2.8159999999999115,2287278.5860795924
2.8179999999999112,2287042.7248328975
2.819999999999911,2286806.8217569306
2.821999999999911,2286570.93240381
2.8239999999999106,2286334.9893098394
2.8259999999999104,2286098.9991316115
2.82799999999991,2285862.9674817896
2.82999999999991,2285626.8983662417
2.8319999999999097,2285390.7432482867
2.8339999999999095,2285154.573628555
2.8359999999999093,2284918.384980482
2.837999999999909,2284682.1725712935
2.839999999999909,2284445.8816588162
2.8419999999999086,2284209.579746093
2.8439999999999084,2283973.260068413
2.845999999999908,2283736.8657637667
2.847999999999908,2283500.4626521226
2.8499999999999077,2283263.9918655585
2.8519999999999075,2283027.516875793
2.8539999999999073,2282790.976958454
2.855999999999907,2282554.3832961163
2.857999999999907,2282317.795316954
2.8599999999999066,2282081.148598545
2.8619999999999064,2281844.451595618
2.863999999999906,2281607.7109922
2.865999999999906,2281370.931313474
2.8679999999999057,2281134.1153101865
2.8699999999999055,2280897.2644659635
2.8719999999999053,2280660.379462715
2.873999999999905,2280423.4605387095
2.875999999999905,2280186.5077128
2.8779999999999046,2279949.5209084325
2.8799999999999044,2279712.449113229
2.881999999999904,2279475.362147461
2.883999999999904,2279238.254770455
2.8859999999999038,2279001.0710902847
2.8879999999999035,2278763.8771686805
2.8899999999999033,2278526.6144434367
2.891999999999903,2278289.3463133327
2.893999999999903,2278052.012179786
2.8959999999999027,2277814.6232134346
2.8979999999999024,2277577.238684274
2.899999999999902,2277339.794346194
2.901999999999902,2277102.2986057764
2.9039999999999018,2276864.758134862
2.9059999999999016,2276627.177483364
2.9079999999999013,2276389.5594089027
2.909999999999901,2276151.9054125478
2.911999999999901,2275914.216197542
2.9139999999999007,2275676.4920212044
2.9159999999999004,2275438.732913224
2.9179999999999002,2275200.938826807
2.9199999999999,2274963.1096718637
2.9219999999999,2274725.1945666866
2.9239999999998996,2274487.263181327
2.9259999999998993,2274249.259579412
2.927999999999899,2274011.24851251
2.929999999999899,2273773.2210970153
2.9319999999998987,2273535.11913801
2.9339999999998985,2273296.956284032
2.9359999999998982,2273058.793816809
2.937999999999898,2272820.5691019003
2.939999999999898,2272582.291422078
2.9419999999998976,2272343.9679522305
2.9439999999998974,2272105.654233273
2.945999999999897,2271867.2834842834
2.947999999999897,2271628.862333783
2.9499999999998967,2271390.3963930467
2.9519999999998965,2271151.8389490787
2.9539999999998963,2270913.262124529
2.955999999999896,2270674.6622667536
2.957999999999896,2270436.035190108
2.9599999999998956,2270197.3774556597
2.9619999999998954,2269958.636076682
2.963999999999895,2269719.880163372
2.965999999999895,2269481.105034571
2.9679999999998947,2269242.255696622
2.9699999999998945,2269003.398429288
2.9719999999998943,2268764.4753338937
2.973999999999894,2268525.4990559365
2.975999999999894,2268286.5295839403
2.9779999999998936,2268047.5034278533
2.9799999999998934,2267808.429122376
2.981999999999893,2267569.363989165
2.983999999999893,2267330.2430079198
2.9859999999998927,2267091.073927677
2.9879999999998925,2266851.863045093
2.9899999999998923,2266612.6147232065
2.991999999999892,2266373.3316442748
2.993999999999892,2266134.0152618014
2.9959999999998916,2265894.6662535793
2.9979999999998914,2265655.284850364
2.999999999999891,2265415.820446692
3.001999999999891,2265176.342363702
3.0039999999998908,2264936.8454427146
3.0059999999998905,2264697.3246711306
3.0079999999998903,2264457.7256214228
3.00999999999989,2264218.1150876903
3.01199999999989,2263978.4358852347
3.0139999999998897,2263738.7516302015
3.0159999999998894,2263499.0025474373
3.017999999999889,2263259.1998679116
3.019999999999889,2263019.402593487
3.0219999999998888,2262779.5469738212
3.0239999999998886,2262539.641289174
3.0259999999998883,2262299.692120948
3.027999999999888,2262059.7039769692
3.029999999999888,2261819.7302809195
3.0319999999998877,2261579.7035202114
3.0339999999998875,2261339.629640207
3.0359999999998872,2261099.463365419
3.037999999999887,2260859.27780174
3.039999999999887,2260619.070396299
3.0419999999998866,2260378.837676741
3.0439999999998864,2260138.5892937775
3.045999999999886,2259898.3575859186
3.047999999999886,2259658.0922379093
3.0499999999998857,2259417.8511805525
3.0519999999998855,2259177.616644688
3.0539999999998853,2258937.373316937
3.055999999999885,2258697.110161137
3.057999999999885,2258456.769623631
3.0599999999998846,2258216.416740762
3.0619999999998844,2257975.993939689
3.063999999999884,2257735.5645238548
3.065999999999884,2257495.0690060346
3.0679999999998837,2257254.518665365
3.0699999999998835,2257013.9724887004
3.0719999999998833,2256773.367038067
3.073999999999883,2256532.710609774
3.075999999999883,2256292.0097851167
3.0779999999998826,2256051.319487569
3.0799999999998824,2255810.573389648
3.081999999999882,2255569.777922568
3.083999999999882,2255328.9385988964
3.0859999999998817,2255088.008963044
3.0879999999998815,2254847.060540899
3.0899999999998813,2254606.0897846515
3.091999999999881,2254365.0925930943
3.093999999999881,2254124.0655620834
3.0959999999998806,2253882.9558958886
3.0979999999998804,2253641.8310486386
3.09999999999988,2253400.6348364013
3.10199999999988,2253159.4309714674
3.1039999999998797,2252918.1602225676
3.1059999999998795,2252676.8841912537
3.1079999999998793,2252435.542385215
3.109999999999879,2252194.145301493
3.111999999999879,2251952.7513782056
3.1139999999998786,2251711.297133215
3.1159999999998784,2251469.7907323036
3.117999999999878,2251228.2387181767
3.119999999999878,2250986.645591241
3.1219999999998778,2250745.0141089302
3.1239999999998775,2250503.34578078
3.1259999999998773,2250261.6413532663
3.127999999999877,2250019.9010905474
3.129999999999877,2249778.125045383
3.1319999999998767,2249536.2628559023
3.1339999999998764,2249294.3832836766
3.135999999999876,2249052.4813470105
3.137999999999876,2248810.501897774
3.139999999999876,2248568.5100257425
3.1419999999998756,2248326.448046771
3.1439999999998753,2248084.378456249
3.145999999999875,2247842.241579408
3.147999999999875,2247600.0482928297
3.1499999999998747,2247357.806887231
3.1519999999998745,2247115.5731509365
3.1539999999998742,2246873.281623305
3.155999999999874,2246630.938950648
3.157999999999874,2246388.550743183
3.1599999999998736,2246146.1209748425
3.1619999999998734,2245903.6521177995
3.163999999999873,2245661.145606243
3.165999999999873,2245418.6021378874
3.1679999999998727,2245175.9717933517
3.1699999999998725,2244933.3233411857
3.1719999999998723,2244690.6518847225
3.173999999999872,2244447.9526019036
3.175999999999872,2244205.1715702196
3.1779999999998716,2243962.374930365
3.1799999999998714,2243719.506127714
3.181999999999871,2243476.6287988964
3.183999999999871,2243233.684879298
3.1859999999998707,2242990.6864174735
3.1879999999998705,2242747.6926882006
3.1899999999998703,2242504.641093747
3.19199999999987,2242261.5400357773
3.19399999999987,2242018.3961339155
3.1959999999998696,2241775.2138747885
3.1979999999998694,2241531.99597467
3.199999999999869,2241288.7438885947
3.201999999999869,2241045.4582947977
3.2039999999998687,2240802.1394024715
3.2059999999998685,2240558.7871986027
3.2079999999998683,2240315.4015858327
3.209999999999868,2240071.9323252016
3.211999999999868,2239828.447818118
3.2139999999998676,2239584.943100581
3.2159999999998674,2239341.363226893
3.217999999999867,2239097.7729544723
3.219999999999867,2238854.1148259356
3.2219999999998667,2238610.4510262716
3.2239999999998665,2238366.7221230315
3.2259999999998663,2238122.938851049
3.227999999999866,2237879.159497958
3.229999999999866,2237635.321086981
3.2319999999998656,2237391.431693269
3.2339999999998654,2237147.497787919
3.235999999999865,2236903.5238086507
3.237999999999865,2236659.512481032
3.2399999999998648,2236415.4652926256
3.2419999999998645,2236171.382949967
3.2439999999998643,2235927.26571406
3.245999999999864,2235683.113593411
3.247999999999864,2235438.9265215565
3.2499999999998637,2235194.7043952877
3.2519999999998634,2234950.397073925
3.2539999999998632,2234706.072826284
3.255999999999863,2234461.6767462795
3.257999999999863,2234217.2724028155
3.2599999999998626,2233972.8013079157
3.2619999999998623,2233728.3247768143
3.263999999999862,2233483.783101104
3.265999999999862,2233239.2367820223
3.2679999999998617,2232994.6256220154
3.2699999999998615,2232749.9598483774
3.2719999999998612,2232505.247443084
3.273999999999861,2232260.493786684
3.275999999999861,2232015.7021449883
3.2779999999998606,2231770.8742692648
3.2799999999998604,2231526.0109859947
3.28199999999986,2231281.1125940764
3.28399999999986,2231036.1791090714
3.2859999999998597,2230791.21044151
3.2879999999998595,2230546.2064534132
3.2899999999998593,2230301.117088337
3.291999999999859,2230056.010453884
3.293999999999859,2229810.8816840434
3.2959999999998586,2229565.676094069
3.2979999999998584,2229320.4581744643
3.299999999999858,2229075.1707330667
3.301999999999858,2228829.8258211394
3.3039999999998577,2228584.482347827
3.3059999999998575,2228339.0780919953
3.3079999999998573,2228093.6213024724
3.309999999999857,2227848.118524558
3.311999999999857,2227602.624100386
3.3139999999998566,2227357.0726289814
3.3159999999998564,2227111.4703379706
3.317999999999856,2226865.822627484
3.319999999999856,2226620.083505257
3.3219999999998557,2226374.3235429907
3.3239999999998555,2226128.539428622
3.3259999999998553,2225882.7271959893
3.327999999999855,2225636.8835143633
3.329999999999855,2225390.956184954
3.3319999999998546,2225145.011725763
3.3339999999998544,2224898.9947056957
3.335999999999854,2224652.968011038
3.337999999999854,2224406.8732515485
3.3399999999998538,2224160.7712370474
3.3419999999998535,2223914.602280609
3.3439999999998533,2223668.3766424777
3.345999999999853,2223422.102296518
3.347999999999853,2223175.8344293013
3.3499999999998527,2222929.5083165173
3.3519999999998524,2222683.1304343375
3.353999999999852,2222436.7062869063
3.355999999999852,2222190.2398012485
3.3579999999998518,2221943.6836863714
3.3599999999998515,2221697.107297752
3.3619999999998513,2221450.506650531
3.363999999999851,2221203.877384956
3.365999999999851,2220957.215964002
3.3679999999998507,2220710.475250297
3.3699999999998504,2220463.7620463017
3.3719999999998502,2220217.0751282023
3.37399999999985,2219970.3501592134
3.37599999999985,2219723.6388689866
3.3779999999998496,2219476.9234316624
3.3799999999998493,2219230.140318363
3.381999999999849,2218983.3480308307
3.383999999999849,2218736.4864685675
3.3859999999998487,2218489.5659705787
3.3879999999998485,2218242.6445467216
3.3899999999998482,2217995.66009787
3.391999999999848,2217748.620851791
3.393999999999848,2217501.5334086763
3.3959999999998476,2217254.4023335874
3.3979999999998474,2217007.230472695
3.399999999999847,2216760.0198904607
3.401999999999847,2216512.772262077
3.4039999999998467,2216265.4887614883
3.4059999999998465,2216018.1700672344
3.4079999999998463,2215770.816539108
3.409999999999846,2215523.3786475114
3.411999999999846,2215275.9241116075
3.4139999999998456,2215028.448236456
3.4159999999998454,2214780.8966432926
3.417999999999845,2214533.333355751
3.419999999999845,2214285.701548578
3.4219999999998447,2214038.0627250588
3.4239999999998445,2213790.3581104735
3.4259999999998443,2213542.5982363354
3.427999999999844,2213294.7911788668
3.429999999999844,2213046.991986055
3.4319999999998436,2212799.1362638553
3.4339999999998434,2212551.230397099
3.435999999999843,2212303.2798043215
3.437999999999843,2212055.2883501947
3.4399999999998427,2211807.258464628
3.4419999999998425,2211559.19153419
3.4439999999998423,2211311.0386313917
3.445999999999842,2211062.8676221413
3.447999999999842,2210814.6467526807
3.4499999999998416,2210566.4084285335
3.4519999999998414,2210318.0968712643
3.453999999999841,2210069.774583285
3.455999999999841,2209821.3838435686
3.4579999999998408,2209572.9853751226
3.4599999999998405,2209324.520139005
3.4619999999998403,2209075.9984170008
3.46399999999984,2208827.477751989
3.46599999999984,2208578.896018183
3.4679999999998397,2208330.261094961
3.4699999999998394,2208081.57935374
3.471999999999839,2207832.8551859935
3.473999999999839,2207584.091343464
3.4759999999998388,2207335.289326148
3.4779999999998386,2207086.4498747606
3.4799999999998383,2206837.573278945
3.481999999999838,2206588.659579587
3.483999999999838,2206339.708721219
3.4859999999998377,2206090.671104302
3.4879999999998375,2205841.6141784457
3.4899999999998372,2205592.483984762
3.491999999999837,2205343.3434810773
3.493999999999837,2205094.13512727
3.4959999999998366,2204844.9193667164
3.4979999999998364,2204595.637113224
3.499999999999836,2204346.2984563014
3.501999999999836,2204096.9607035355
3.5039999999998357,2203847.561795637
3.5059999999998355,2203598.1095253946
3.5079999999998353,2203348.610228506
3.509999999999835,2203099.0682840836
3.511999999999835,2202849.486415804
3.5139999999998346,2202599.8661260502
3.5159999999998344,2202350.208165188
3.517999999999834,2202100.5128176035
3.519999999999834,2201850.7307039797
3.5219999999998337,2201600.9290639553
3.5239999999998335,2201351.1032367637
3.5259999999998333,2201101.1991597665
3.527999999999833,2200851.28047616
3.529999999999833,2200601.290719227
3.5319999999998326,2200351.2910568314
3.5339999999998324,2200101.223117477
3.535999999999832,2199851.097325235
3.537999999999832,2199600.971137793
3.5399999999998317,2199350.782744229
3.5419999999998315,2199100.5399811543
3.5439999999998313,2198850.2491927543
3.545999999999831,2198599.9147750214
3.547999999999831,2198349.5394638027
3.5499999999998306,2198099.12479025
3.5519999999998304,2197848.671489349
3.55399999999983,2197598.179867541
3.55599999999983,2197347.6499889586
3.5579999999998297,2197097.0324493283
3.5599999999998295,2196846.3943298915
3.5619999999998293,2196595.6816867064
3.563999999999829,2196344.9570408347
3.565999999999829,2196094.162938064
3.5679999999998286,2195843.359497568
3.5699999999998284,2195592.4878157238
3.571999999999828,2195341.5578865134
3.573999999999828,2195090.626837884
3.5759999999998278,2194839.6328672916
3.5779999999998275,2194588.583747695
3.5799999999998273,2194337.4857903053
3.581999999999827,2194086.3433925887
3.583999999999827,2193835.1593008796
3.5859999999998267,2193583.935056993
3.5879999999998264,2193332.671420534
3.589999999999826,2193081.3687039525
3.591999999999826,2192829.977707695
3.593999999999826,2192578.565439122
3.5959999999998256,2192327.1273139114
3.5979999999998253,2192075.609472934
3.599999999999825,2191824.0753396847
3.601999999999825,2191572.4686818295
3.6039999999998247,2191320.801221839
3.6059999999998245,2191069.1310577393
3.6079999999998242,2190817.3971036137
3.609999999999824,2190565.607371567
3.611999999999824,2190313.768286959
3.6139999999998236,2190061.933491296
3.6159999999998234,2189810.038906705
3.617999999999823,2189558.091228002
3.619999999999823,2189306.047297216
3.6219999999998227,2189053.978532747
3.6239999999998225,2188801.883358417
3.6259999999998223,2188549.758954692
3.627999999999822,2188297.6026636516
3.629999999999822,2188045.363247589
3.6319999999998216,2187793.106214743
3.6339999999998214,2187540.777026902
3.635999999999821,2187288.4375633285
3.637999999999821,2187036.0303633637
3.6399999999998207,2186783.615229598
3.6419999999998205,2186531.133426808
3.6439999999998203,2186278.5948578017
3.64599999999982,2186026.0564456857
3.64799999999982,2185773.456625882
3.6499999999998196,2185520.803069356
3.6519999999998194,2185268.1020337297
3.653999999999819,2185015.0747934342
3.655999999999819,2184762.350852057
3.6579999999998187,2184509.5772153386
3.6599999999998185,2184256.750661242
3.6619999999998183,2184003.8241460826
3.663999999999818,2183750.867970675
3.665999999999818,2183497.8809416955
3.6679999999998176,2183244.8118943633
3.6699999999998174,2182991.725660293
3.671999999999817,2182738.5672220145
3.673999999999817,2182485.3978397786
3.6759999999998167,2182232.1598346895
3.6779999999998165,2181978.94846449
3.6799999999998163,2181725.7184949443
3.681999999999816,2181472.5228707828
3.683999999999816,2181219.2910487764
3.6859999999998156,2180966.0216171085
3.6879999999998154,2180712.762830742
3.689999999999815,2180459.4475911837
3.691999999999815,2180206.0801217966
3.6939999999998148,2179952.6647755103
3.6959999999998145,2179699.2050186023
3.6979999999998143,2179445.7032111543
3.699999999999814,2179192.1608053898
3.701999999999814,2178938.5785888117
3.7039999999998137,2178684.9569372307
3.7059999999998134,2178431.2469463833
3.7079999999998132,2178177.5152261313
3.709999999999813,2177923.7573948246
3.711999999999813,2177669.9200899047
3.7139999999998126,2177416.066501638
3.7159999999998123,2177162.1408841317
3.717999999999812,2176908.203907859
3.719999999999812,2176654.197825353
3.7219999999998117,2176400.1329145846
3.7239999999998115,2176146.017144273
3.7259999999998112,2175891.9048897694
3.727999999999811,2175637.7328912592
3.729999999999811,2175383.5073454757
3.7319999999998106,2175129.233539383
3.7339999999998104,2174874.9152768096
3.73599999999981,2174620.506042788
3.73799999999981,2174366.0737199862
3.7399999999998097,2174111.6146445964
3.7419999999998095,2173857.124663589
3.7439999999998093,2173602.5514174765
3.745999999999809,2173347.9589391155
3.747999999999809,2173093.292368242
3.7499999999998086,2172838.6127883843
3.7519999999998084,2172583.8629238014
3.753999999999808,2172329.102152486
3.755999999999808,2172074.2720863596
3.7579999999998077,2171819.382536047
3.7599999999998075,2171564.441217909
3.7619999999998073,2171309.453440367
3.763999999999807,2171054.471349767
3.765999999999807,2170799.4303610562
3.7679999999998066,2170544.2868198026
3.7699999999998064,2170289.1118551944
3.771999999999806,2170033.9046707563
3.773999999999806,2169778.6631774018
3.7759999999998057,2169523.3852606695
3.7779999999998055,2169268.020398709
3.7799999999998053,2169012.6337853866
3.781999999999805,2168757.1714804233
3.783999999999805,2168501.694975172
3.7859999999998046,2168246.1473587193
3.7879999999998044,2167990.53916815
3.789999999999804,2167734.92735186
3.791999999999804,2167479.2510569612
3.7939999999998038,2167223.517926189
3.7959999999998035,2166967.7341710846
3.7979999999998033,2166711.904124103
3.799999999999803,2166456.030511049
3.801999999999803,2166200.114854671
3.8039999999998027,2165944.1579314847
3.8059999999998024,2165688.1600395013
3.807999999999802,2165432.072451891
3.809999999999802,2165175.9613550934
3.8119999999998018,2164919.8223682735
3.8139999999998015,2164663.602188123
3.8159999999998013,2164407.363488908
3.817999999999801,2164151.050704068
3.819999999999801,2163894.724112717
3.8219999999998007,2163638.3262604945
3.8239999999998004,2163381.8673186745
3.8259999999998002,2163125.3552172747
3.8279999999998,2162868.7953396123
3.8299999999998,2162612.1909905295
3.8319999999997996,2162355.5442156354
3.8339999999997993,2162098.8565136255
3.835999999999799,2161842.128908354
3.837999999999799,2161585.361989961
3.8399999999997987,2161328.5560500063
3.8419999999997985,2161071.7112124404
3.8439999999997982,2160814.778716448
3.845999999999798,2160557.8246221454
3.847999999999798,2160300.795803685
3.8499999999997976,2160043.753876011
3.8519999999997974,2159786.64227138
3.853999999999797,2159529.5202156254
3.855999999999797,2159272.3296674136
3.8579999999997967,2159015.080316743
3.8599999999997965,2158757.7797868205
3.8619999999997963,2158500.4820170696
3.863999999999796,2158243.1241514888
3.865999999999796,2157985.7122520395
3.8679999999997956,2157728.251538054
3.8699999999997954,2157470.697101582
3.871999999999795,2157213.1173767657
3.873999999999795,2156955.5094775097
3.8759999999997947,2156697.869744802
3.8779999999997945,2156440.1463354295
3.8799999999997943,2156182.402926694
3.881999999999794,2155924.6337253177
3.883999999999794,2155666.784788352
3.8859999999997936,2155408.8694610363
3.8879999999997934,2155150.9467846695
3.889999999999793,2154892.957851004
3.891999999999793,2154634.9112668405
3.8939999999997927,2154376.8623948633
3.8959999999997925,2154118.749926553
3.8979999999997923,2153860.5809331727
3.899999999999792,2153602.361336221
3.901999999999792,2153344.0953367595
3.9039999999997916,2153085.736977406
3.9059999999997914,2152827.3536644066
3.907999999999791,2152568.941915492
3.909999999999791,2152310.4976788075
3.9119999999997908,2152051.968981658
3.9139999999997905,2151793.4192779856
3.9159999999997903,2151534.7941663596
3.91799999999979,2151276.154229579
3.91999999999979,2151017.442681592
3.9219999999997897,2150758.718385824
3.9239999999997894,2150499.9234855752
3.925999999999789,2150241.067639424
3.927999999999789,2149982.1585980416
3.9299999999997888,2149723.201784086
3.9319999999997886,2149464.2005749047
3.9339999999997883,2149205.1568804844
3.935999999999788,2148946.0716463514
3.937999999999788,2148686.9452558677
3.9399999999997877,2148427.777788741
3.9419999999997875,2148168.520647177
3.9439999999997872,2147909.239480583
3.945999999999787,2147649.9299631566
3.947999999999787,2147390.5391136985
3.9499999999997866,2147131.129140001
3.9519999999997864,2146871.6448551696
3.953999999999786,2146612.0975997057
3.955999999999786,2146352.544540409
3.9579999999997857,2146092.9257819266
3.9599999999997855,2145833.2490413166
3.9619999999997852,2145573.520566337
3.963999999999785,2145313.7446989985
3.965999999999785,2145053.924150237
3.9679999999997846,2144794.0604387457
3.9699999999997844,2144534.154879473
3.971999999999784,2144274.250956286
3.973999999999784,2144014.354908956
3.9759999999997837,2143754.4581384817
3.9779999999997835,2143494.5000581145
3.9799999999997833,2143234.535493802
3.981999999999783,2142974.552257262
3.983999999999783,2142714.5407836423
3.9859999999997826,2142454.446037146
3.9879999999997824,2142194.329536701
3.989999999999782,2141934.136334296
3.991999999999782,2141673.878069213
3.9939999999997817,2141413.612191314
3.9959999999997815,2141153.2792249504
3.9979999999997813,2140892.8870763085
3.999999999999781,2140632.4420949942
4.001999999999781,2140371.948688654
4.003999999999781,2140111.4096130044
4.005999999999781,2139850.8264248786
4.007999999999781,2139590.1998865213
4.00999999999978,2139329.5303204414
4.01199999999978,2139068.8177987128
4.01399999999978,2138808.013889145
4.01599999999978,2138547.183996927
4.0179999999997795,2138286.3238805607
4.019999999999779,2138025.380772237
4.021999999999779,2137764.368296976
4.023999999999779,2137503.3453337597
4.025999999999779,2137242.253550155
4.027999999999778,2136981.101443075
4.029999999999778,2136719.895703272
4.031999999999778,2136458.6892806175
4.033999999999778,2136197.4195572664
4.0359999999997775,2135936.092275472
4.037999999999777,2135674.664136481
4.039999999999777,2135413.204266955
4.041999999999777,2135151.7109532077
4.043999999999777,2134890.181335036
4.045999999999776,2134628.5646451362
4.047999999999776,2134366.924786398
4.049999999999776,2134105.2568176063
4.051999999999776,2133843.507731953
4.053999999999776,2133581.690972217
4.055999999999775,2133319.8653117376
4.057999999999775,2133057.9724989776
4.059999999999775,2132796.0210120804
4.061999999999775,2132534.017532224
4.0639999999997745,2132272.0149111697
4.065999999999774,2132009.9506387524
4.067999999999774,2131747.7821061546
4.069999999999774,2131485.5796458046
4.071999999999774,2131223.3428161326
4.073999999999773,2130961.0697414624
4.075999999999773,2130698.758415783
4.077999999999773,2130436.358923302
4.079999999999773,2130173.935381282
4.0819999999997725,2129911.4346457324
4.083999999999772,2129648.91724697
4.085999999999772,2129386.327151407
4.087999999999772,2129123.722829928
4.089999999999772,2128861.0469639217
4.091999999999771,2128598.309022003
4.093999999999771,2128335.5165393893
4.095999999999771,2128072.674712251
4.097999999999771,2127809.786758986
4.0999999999997705,2127546.8544722227
4.10199999999977,2127283.8787351665
4.10399999999977,2127020.8599024448
4.10599999999977,2126757.798035514
4.10799999999977,2126494.644857271
4.109999999999769,2126231.4654449737
4.111999999999769,2125968.2555850255
4.113999999999769,2125704.9627201
4.115999999999769,2125441.6485289396
4.1179999999997685,2125178.2582883453
4.119999999999768,2124914.80317509
4.121999999999768,2124651.291755517
4.123999999999768,2124387.7780086542
4.125999999999768,2124124.2003147304
4.127999999999767,2123860.564698065
4.129999999999767,2123596.876340609
4.131999999999767,2123333.1389713953
4.133999999999767,2123069.306842065
4.1359999999997665,2122805.4464507103
4.137999999999766,2122541.5544337
4.139999999999766,2122277.6269454705
4.141999999999766,2122013.612664475
4.143999999999766,2121749.5744081168
4.145999999999765,2121485.4585094852
4.147999999999765,2121221.324925864
4.149999999999765,2120957.117588988
4.151999999999765,2120692.8465836765
4.1539999999997645,2120428.5197601966
4.155999999999764,2120164.1424882393
4.157999999999764,2119899.7661719606
4.159999999999764,2119635.3276102375
4.161999999999764,2119370.7836415735
4.1639999999997634,2119106.2038415237
4.165999999999763,2118841.5875785784
4.167999999999763,2118576.9329209407
4.169999999999763,2118312.189749784
4.171999999999763,2118047.4214106733
4.173999999999762,2117782.6227008775
4.175999999999762,2117517.7405845863
4.177999999999762,2117252.7881199503
4.179999999999762,2116987.823600646
4.1819999999997615,2116722.7890831586
4.183999999999761,2116457.692925473
4.185999999999761,2116192.5417427993
4.187999999999761,2115927.3400854142
4.189999999999761,2115662.1388444733
4.19199999999976,2115396.8266350403
4.19399999999976,2115131.4731696555
4.19599999999976,2114866.078929081
4.19799999999976,2114600.643143298
4.1999999999997595,2114335.1166897044
4.201999999999759,2114069.5634858203
4.203999999999759,2113803.978763004
4.205999999999759,2113538.309791395
4.207999999999759,2113272.5697276983
4.209999999999758,2113006.81685342
4.211999999999758,2112740.9933319706
4.213999999999758,2112475.1075082184
4.215999999999758,2112209.165985737
4.2179999999997575,2111943.173323523
4.219999999999757,2111677.1323332377
4.221999999999757,2111411.0446124063
4.223999999999757,2111144.910926474
4.225999999999757,2110878.7315967064
4.227999999999756,2110612.5066855648
4.229999999999756,2110346.1881807223
4.231999999999756,2110079.84076753
4.233999999999756,2109813.412364028
4.2359999999997555,2109546.9634724217
4.237999999999755,2109280.4386763917
4.239999999999755,2109013.8961234223
4.241999999999755,2108747.2789872885
4.243999999999755,2108480.5966273774
4.245999999999754,2108213.8565237094
4.247999999999754,2107947.063854879
4.249999999999754,2107680.2390600704
4.251999999999754,2107413.412571868
4.2539999999997535,2107146.58590155
4.255999999999753,2106879.7496985197
4.257999999999753,2106612.8929018923
4.259999999999753,2106346.006387772
4.261999999999753,2106079.0836950555
4.263999999999752,2105812.120667345
4.265999999999752,2105545.1149941427
4.267999999999752,2105278.0173247526
4.269999999999752,2105010.891624791
4.2719999999997516,2104743.685762015
4.273999999999751,2104476.460095816
4.275999999999751,2104209.1593811917
4.277999999999751,2103941.7938342514
4.279999999999751,2103674.3713609073
4.2819999999997505,2103406.897324867
4.28399999999975,2103139.3750035656
4.28599999999975,2102871.8062175256
4.28799999999975,2102604.191831717
4.28999999999975,2102336.5321753416
4.291999999999749,2102068.8272968736
4.293999999999749,2101801.077125183
4.295999999999749,2101533.233669584
4.297999999999749,2101265.3613568163
4.2999999999997485,2100997.4082536013
4.301999999999748,2100729.43463069
4.303999999999748,2100461.385269339
4.305999999999748,2100193.3181263776
4.307999999999748,2099925.1765224803
4.309999999999747,2099656.9697545962
4.311999999999747,2099388.705240679
4.313999999999747,2099120.3881256003
4.315999999999747,2098852.021605588
4.3179999999997465,2098583.6074831896
4.319999999999746,2098315.1466594986
4.321999999999746,2098046.591702134
4.323999999999746,2097778.0071363593
4.325999999999746,2097509.3889628784
4.327999999999745,2097240.6851436757
4.329999999999745,2096971.9566755644
4.331999999999745,2096703.1493935843
4.333999999999745,2096434.3220289382
4.3359999999997445,2096165.418622846
4.337999999999744,2095896.4488448463
4.339999999999744,2095627.4203375948
4.341999999999744,2095358.3383659623
4.343999999999744,2095089.2062184874
4.345999999999743,2094820.0257280571
4.347999999999743,2094550.7979010094
4.349999999999743,2094281.523226507
4.351999999999743,2094012.1541536322
4.3539999999997425,2093742.755065459
4.355999999999742,2093473.3219813332
4.357999999999742,2093203.802960638
4.359999999999742,2092934.2111874446
4.361999999999742,2092664.604671843
4.363999999999741,2092394.9260882293
4.365999999999741,2092125.183681511
4.367999999999741,2091855.4316950995
4.369999999999741,2091585.6103281032
4.3719999999997405,2091315.7262904416
4.37399999999974,2091045.7375561919
4.37599999999974,2090775.7125302036
4.37799999999974,2090505.6499212568
4.37999999999974,2090235.547138384
4.381999999999739,2089965.401646822
4.383999999999739,2089695.163766824
4.385999999999739,2089424.8963928751
4.387999999999739,2089154.547059966
4.3899999999997386,2088884.1277072588
4.391999999999738,2088613.6950733447
4.393999999999738,2088343.190994952
4.395999999999738,2088072.6230512797
4.397999999999738,2087801.9973752564
4.3999999999997375,2087531.3182573153
4.401999999999737,2087260.5883986235
4.403999999999737,2086989.809332941
4.405999999999737,2086718.9818323709
4.407999999999737,2086448.0585643677
4.409999999999736,2086177.103795776
4.411999999999736,2085906.1135897487
4.413999999999736,2085635.036121437
4.415999999999736,2085363.9321618457
4.4179999999997355,2085092.7477815095
4.419999999999735,2084821.4938682935
4.421999999999735,2084550.2264707703
4.423999999999735,2084278.8871687285
4.425999999999735,2084007.4833705323
4.427999999999734,2083736.0211222162
4.429999999999734,2083464.5046960406
4.431999999999734,2083192.9367889448
4.433999999999734,2082921.2713452554
4.4359999999997335,2082649.5732586635
4.437999999999733,2082377.83899046
4.439999999999733,2082106.016938141
4.441999999999733,2081834.1678520285
4.443999999999733,2081562.2378792143
4.445999999999732,2081290.2378798085
4.447999999999732,2081018.223829458
4.449999999999732,2080746.1373698958
4.451999999999732,2080473.98587817
4.4539999999997315,2080201.7753838112
4.455999999999731,2079929.5101609107
4.457999999999731,2079657.1929128815
4.459999999999731,2079384.8251823024
4.461999999999731,2079112.4077474524
4.46399999999973,2078839.8934193025
4.46599999999973,2078567.3463228229
4.46799999999973,2078294.7153642464
4.46999999999973,2078022.060813687
4.4719999999997295,2077749.3282625924
4.473999999999729,2077476.5754661055
4.475999999999729,2077203.7463698487
4.477999999999729,2076930.8502001076
4.479999999999729,2076657.8943217366
4.481999999999728,2076384.8838609704
4.483999999999728,2076111.8220133334
4.485999999999728,2075838.7105624476
4.487999999999728,2075565.550403053
4.4899999999997275,2075292.3418797934
4.491999999999727,2075019.0375667468
4.493999999999727,2074745.7013222866
4.495999999999727,2074472.2817112298
4.497999999999727,2074198.838441709
4.499999999999726,2073925.3167957466
4.501999999999726,2073651.7741895178
4.503999999999726,2073378.1544648623
4.505999999999726,2073104.4667367747
4.507999999999726,2072830.7183203564
4.509999999999725,2072556.9143198298
4.511999999999725,2072283.0579311352
4.513999999999725,2072009.1509515427
4.515999999999725,2071735.2231317204
4.5179999999997245,2071461.2932873042
4.519999999999724,2071187.3582404288
4.521999999999724,2070913.407411288
4.523999999999724,2070639.3823077378
4.525999999999724,2070365.3378174906
4.527999999999723,2070091.2638808785
4.529999999999723,2069817.105057695
4.531999999999723,2069542.919543948
4.533999999999723,2069268.6525947093
4.5359999999997225,2068994.3144858235
4.537999999999722,2068719.9134212956
4.539999999999722,2068445.5025114513
4.541999999999722,2068171.0215593965
4.543999999999722,2067896.476374017
4.545999999999721,2067621.8720181019
4.547999999999721,2067347.164806618
4.549999999999721,2067072.4209463627
4.551999999999721,2066797.638168072
4.5539999999997205,2066522.7658672985
4.55599999999972,2066247.8648671645
4.55799999999972,2065972.8818255502
4.55999999999972,2065697.8749316176
4.56199999999972,2065422.7888574167
4.563999999999719,2065147.6330480534
4.565999999999719,2064872.4623938901
4.567999999999719,2064597.2184066041
4.569999999999719,2064321.9081102312
4.5719999999997185,2064046.5373677744
4.573999999999718,2063771.0630214005
4.575999999999718,2063495.551402312
4.577999999999718,2063220.0002631072
4.579999999999718,2062944.406384736
4.581999999999717,2062668.71948112
4.583999999999717,2062393.0009894166
4.585999999999717,2062117.1983004375
4.587999999999717,2061841.3227527058
4.5899999999997165,2061565.3830743302
4.591999999999716,2061289.4324900093
4.593999999999716,2061013.4110008792
4.595999999999716,2060737.3243874866
4.597999999999716,2060461.177652761
4.599999999999715,2060184.974440778
4.601999999999715,2059908.6698282498
4.603999999999715,2059632.3287848744
4.605999999999715,2059355.948283515
4.6079999999997145,2059079.4773377143
4.609999999999714,2058802.9763402096
4.611999999999714,2058526.3919256758
4.613999999999714,2058249.7348069346
4.615999999999714,2057973.0605824396
4.6179999999997134,2057696.3113853603
4.619999999999713,2057419.494467639
4.621999999999713,2057142.6157941162
4.623999999999713,2056865.6795848713
4.625999999999713,2056588.6885215102
4.627999999999712,2056311.6441516965
4.629999999999712,2056034.5000155224
4.631999999999712,2055757.31993801
4.633999999999712,2055480.0530219222
4.6359999999997115,2055202.7587214406
4.637999999999711,2054925.3827394126
4.639999999999711,2054647.98216394
4.641999999999711,2054370.5012453576
4.643999999999711,2054092.9489824842
4.64599999999971,2053815.3326443026
4.64799999999971,2053537.657329521
4.64999999999971,2053259.9262360088
4.65199999999971,2052982.1411933873
4.6539999999997095,2052704.3031358486
4.655999999999709,2052426.3652532767
4.657999999999709,2052148.3910533993
4.659999999999709,2051870.3295889737
4.661999999999709,2051592.2401757042
4.663999999999708,2051314.0685705435
4.665999999999708,2051035.8245834913
4.667999999999708,2050757.5631029666
4.669999999999708,2050479.2260227427
4.6719999999997075,2050200.8203571055
4.673999999999707,2049922.3521974687
4.675999999999707,2049643.8260564574
4.677999999999707,2049365.2448982853
4.679999999999707,2049086.5633139657
4.681999999999706,2048807.8455692225
4.683999999999706,2048529.088364303
4.685999999999706,2048250.2406642577
4.687999999999706,2047971.362514485
4.6899999999997055,2047692.4006652127
4.691999999999705,2047413.3657323585
4.693999999999705,2047134.2659573695
4.695999999999705,2046855.1069825736
4.697999999999705,2046575.93941456
4.699999999999704,2046296.65476222
4.701999999999704,2046017.3209446096
4.703999999999704,2045737.9386281671
4.705999999999704,2045458.5071273667
4.7079999999997035,2045179.0254181537
4.709999999999703,2044899.4454382951
4.711999999999703,2044619.829693293
4.713999999999703,2044340.126851481
4.715999999999703,2044060.3487382121
4.717999999999702,2043780.551430129
4.719999999999702,2043500.677737118
4.721999999999702,2043220.735013376
4.723999999999702,2042940.7292479486
4.7259999999997016,2042660.664648239
4.727999999999701,2042380.5438801367
4.729999999999701,2042100.3213843089
4.731999999999701,2041820.0611202063
4.733999999999701,2041539.7597149317
4.7359999999997004,2041259.3662064692
4.7379999999997,2040978.9404850863
4.7399999999997,2040698.4294236402
4.7419999999997,2040417.8436067274
4.7439999999997,2040137.2383402293
4.745999999999699,2039856.5561482625
4.747999999999699,2039575.8042737546
4.749999999999699,2039294.988701308
4.751999999999699,2039014.0666434376
4.7539999999996985,2038733.103936185
4.755999999999698,2038452.098482613
4.757999999999698,2038171.047105906
4.759999999999698,2037889.899883914
4.761999999999698,2037608.7177095227
4.763999999999697,2037327.44839208
4.765999999999697,2037046.1031247294
4.767999999999697,2036764.761166922
4.769999999999697,2036483.3879796227
4.7719999999996965,2036202.036464167
4.773999999999696,2035920.6395653978
4.775999999999696,2035639.1941340142
4.777999999999696,2035357.6976942227
4.779999999999696,2035076.1485167085
4.781999999999695,2034794.545494319
4.783999999999695,2034512.8879827936
4.785999999999695,2034231.1756205421
4.787999999999695,2033949.3612393984
4.7899999999996945,2033667.507767406
4.791999999999694,2033385.564529358
4.793999999999694,2033103.590556138
4.795999999999694,2032821.53198854
4.797999999999694,2032539.3985938528
4.799999999999693,2032257.1980390418
4.801999999999693,2031974.9355825556
4.803999999999693,2031692.6145063855
4.805999999999693,2031410.2366575229
4.8079999999996925,2031127.802951376
4.809999999999692,2030845.3137579793
4.811999999999692,2030562.7691642148
4.813999999999692,2030280.1221819469
4.815999999999692,2029997.43564204
4.817999999999691,2029714.6588809467
4.819999999999691,2029431.8038729352
4.821999999999691,2029148.9266070323
4.823999999999691,2028865.9702590965
4.8259999999996905,2028582.9421660162
4.82799999999969,2028299.848282473
4.82999999999969,2028016.692822935
4.83199999999969,2027733.4315401406
4.83399999999969,2027450.1288498617
4.835999999999689,2027166.7819113864
4.837999999999689,2026883.340239654
4.839999999999689,2026599.8635840854
4.841999999999689,2026316.299128148
4.8439999999996886,2026032.7042701105
4.845999999999688,2025749.0243636763
4.847999999999688,2025465.2686491308
4.849999999999688,2025181.4445285136
4.851999999999688,2024897.5571760403
4.8539999999996875,2024613.6098408008
4.855999999999687,2024329.6043916733
4.857999999999687,2024045.4949035493
4.859999999999687,2023761.3445816147
4.861999999999687,2023477.1499388784
4.863999999999686,2023192.8601776462
4.865999999999686,2022908.4879411862
4.867999999999686,2022624.0900430463
4.869999999999686,2022339.6105936605
4.8719999999996855,2022055.0574760346
4.873999999999685,2021770.4370515645
4.875999999999685,2021485.7539273459
4.877999999999685,2021201.0111866628
4.879999999999685,2020916.2106661238
4.881999999999684,2020631.3065354975
4.883999999999684,2020346.3619837624
4.885999999999684,2020061.3735671092
4.887999999999684,2019776.2905572883
4.8899999999996835,2019491.1255714193
4.891999999999683,2019205.9353490653
4.893999999999683,2018920.664047471
4.895999999999683,2018635.319507716
4.897999999999683,2018349.9080387389
4.899999999999682,2018064.4340512336
4.901999999999682,2017778.9003023084
4.903999999999682,2017493.308354204
4.905999999999682,2017207.61221431
4.9079999999996815,2016921.8748774764
4.909999999999681,2016636.0460456116
4.911999999999681,2016350.184438822
4.913999999999681,2016064.236431032
4.915999999999681,2015778.2116280831
4.91799999999968,2015492.1643668273
4.91999999999968,2015206.037230285
4.92199999999968,2014919.837032704
4.92399999999968,2014633.5227594902
4.9259999999996795,2014347.161136778
4.927999999999679,2014060.7512483501
4.929999999999679,2013774.2907457873
4.931999999999679,2013487.7304930077
4.933999999999679,2013201.131144423
4.935999999999678,2012914.4410469886
4.937999999999678,2012627.6713433438
4.939999999999678,2012340.8773929663
4.941999999999678,2012054.002522094
4.9439999999996775,2011767.0539123926
4.945999999999677,2011480.0374807143
4.947999999999677,2011192.9574143747
4.949999999999677,2010905.7696672548
4.951999999999677,2010618.5383310062
4.953999999999676,2010331.260629939
4.955999999999676,2010043.886340522
4.957999999999676,2009756.4749478134
4.959999999999676,2009468.9738020874
4.961999999999676,2009181.3932783958
4.963999999999675,2008893.7415292563
4.965999999999675,2008606.02416629
4.967999999999675,2008318.2446641906
4.969999999999675,2008030.4049898947
4.9719999999996745,2007742.5061134994
4.973999999999674,2007454.5484244307
4.975999999999674,2007166.4853373603
4.977999999999674,2006878.3792743718
4.979999999999674,2006590.1799187486
4.981999999999673,2006301.945762284
4.983999999999673,2006013.623317571
4.985999999999673,2005725.222172139
4.987999999999673,2005436.7498468978
4.9899999999996725,2005148.2114951818
4.991999999999672,2004859.6104800666
4.993999999999672,2004570.9486711198
4.995999999999672,2004282.2269753013
4.997999999999672,2003993.4457628008
4.999999999999671,2003704.55847706
5.001999999999671,2003415.6274803574
5.003999999999671,2003126.6025245783
5.005999999999671,2002837.4954231323
5.0079999999996705,2002548.3955698204
5.00999999999967,2002259.260666346
5.01199999999967,2001970.0931438692
5.01399999999967,2001680.9347609559
5.01599999999967,2001391.7166256048
5.017999999999669,2001102.4364028769
5.019999999999669,2000813.0935930852
5.021999999999669,2000523.6418466582
5.023999999999669,2000234.1439783701
5.0259999999996685,1999944.5969335018
5.027999999999668,1999654.9506133588
5.029999999999668,1999365.2643940398
5.031999999999668,1999075.4860397696
5.033999999999668,1998785.6260384435
5.035999999999667,1998495.7391778564
5.037999999999667,1998205.7688373267
5.039999999999667,1997915.7220355833
5.041999999999667,1997625.5580366177
5.0439999999996665,1997335.343291331
5.045999999999666,1997045.0769931686
5.047999999999666,1996754.7568651305
5.049999999999666,1996464.334003795
5.051999999999666,1996173.8687597483
5.053999999999665,1995883.3097541118
5.055999999999665,1995592.6679871832
5.057999999999665,1995301.9520027237
5.059999999999665,1995011.1676297362
5.0619999999996645,1994720.3184815329
5.063999999999664,1994429.4065993794
5.065999999999664,1994138.432985627
5.067999999999664,1993847.3980640348
5.069999999999664,1993556.3019418393
5.0719999999996634,1993265.0980536793
5.073999999999663,1992973.8021447507
5.075999999999663,1992682.4730554274
5.077999999999663,1992391.0570703936
5.079999999999663,1992099.5629468577
5.081999999999662,1991807.9974878365
5.083999999999662,1991516.3653431959
5.085999999999662,1991224.6693876968
5.087999999999662,1990932.9112253059
5.0899999999996615,1990641.0916432196
5.091999999999661,1990349.1644473595
5.093999999999661,1990057.1918354426
5.095999999999661,1989765.1237954027
5.097999999999661,1989472.972063344
5.09999999999966,1989180.7920293962
5.10199999999966,1988888.5275815146
5.10399999999966,1988596.1858562734
5.10599999999966,1988303.7726966317
5.1079999999996595,1988011.292247047
5.109999999999659,1987718.7471403512
5.111999999999659,1987426.0924390054
5.113999999999659,1987133.3910232177
5.115999999999659,1986840.5933117603
5.117999999999658,1986547.757664426
5.119999999999658,1986254.831007855
5.121999999999658,1985961.8228221266
5.123999999999658,1985668.7406364214
5.1259999999996575,1985375.5896740921
5.127999999999657,1985082.373217583
5.129999999999657,1984789.093124887
5.131999999999657,1984495.7503327567
5.133999999999657,1984202.3452178438
5.135999999999656,1983908.8314654822
5.137999999999656,1983615.271043543
5.139999999999656,1983321.6140022555
5.141999999999656,1983027.8720373374
5.1439999999996555,1982734.054071111
5.145999999999655,1982440.1661322573
5.147999999999655,1982146.2119137452
5.149999999999655,1981852.1934803757
5.151999999999655,1981558.111820172
5.153999999999654,1981263.9673406223
5.155999999999654,1980969.713743708
5.157999999999654,1980675.412948626
5.159999999999654,1980381.0150409623
5.1619999999996535,1980086.5780832202
5.163999999999653,1979792.0490250818
5.165999999999653,1979497.4373153157
5.167999999999653,1979202.7504559273
5.169999999999653,1978907.993641235
5.171999999999652,1978613.1701359348
5.173999999999652,1978318.2817884504
5.175999999999652,1978023.283197863
5.177999999999652,1977728.2366822918
5.1799999999996515,1977433.0925825685
5.181999999999651,1977137.9089966177
5.183999999999651,1976842.632938059
5.185999999999651,1976547.2738282904
5.187999999999651,1976251.8391471487
5.1899999999996504,1975956.3340721438
5.19199999999965,1975660.7618703248
5.19399999999965,1975365.1243893406
5.19599999999965,1975069.422569164
5.19799999999965,1974773.6104958837
5.199999999999649,1974477.750167295
5.201999999999649,1974181.7918463696
5.203999999999649,1973885.7935569638
5.205999999999649,1973589.7023740925
5.2079999999996485,1973293.5277423738
5.209999999999648,1972997.277152699
5.211999999999648,1972700.955807619
5.213999999999648,1972404.5669780902
5.215999999999648,1972108.0662445903
5.217999999999647,1971811.51638404
5.219999999999647,1971514.9144161937
5.221999999999647,1971218.2104060175
5.223999999999647,1970921.4167111209
5.2259999999996465,1970624.589434149
5.227999999999646,1970327.6735954157
5.229999999999646,1970030.6768793196
5.231999999999646,1969733.6055174777
5.233999999999646,1969436.4714002016
5.235999999999645,1969139.3133545043
5.237999999999645,1968842.1373799678
5.239999999999645,1968544.889776282
5.241999999999645,1968247.621379285
5.2439999999996445,1967950.3188724539
5.245999999999644,1967652.9247051156
5.247999999999644,1967355.4923925789
5.249999999999644,1967057.9669555374
5.251999999999644,1966760.3569049505
5.253999999999643,1966462.715708883
5.255999999999643,1966164.9869269375
5.257999999999643,1965867.1773708698
5.259999999999643,1965569.2466091404
5.2619999999996425,1965271.2605613377
5.263999999999642,1964973.2186396758
5.265999999999642,1964675.0726350234
5.267999999999642,1964376.8821628923
5.269999999999642,1964078.5959811164
5.271999999999641,1963780.224625421
5.273999999999641,1963481.776308217
5.275999999999641,1963183.3028775803
5.277999999999641,1962884.7000039374
5.2799999999996405,1962586.0346826972
5.28199999999964,1962287.3083253342
5.28399999999964,1961988.5207198225
5.28599999999964,1961689.6249205107
5.28799999999964,1961390.681740514
5.289999999999639,1961091.6409706702
5.291999999999639,1960792.5138157455
5.293999999999639,1960493.355115631
5.295999999999639,1960194.1091740788
5.2979999999996386,1959894.7830044404
5.299999999999638,1959595.3362577956
5.301999999999638,1959295.834696475
5.303999999999638,1958996.2777092648
5.305999999999638,1958696.6631877306
5.3079999999996375,1958396.9427357325
5.309999999999637,1958097.1299469583
5.311999999999637,1957797.28175535
5.313999999999637,1957497.3441070875
5.315999999999637,1957197.3250885906
5.317999999999636,1956897.2311644834
5.319999999999636,1956597.0668691585
5.321999999999636,1956296.835093637
5.323999999999636,1955996.4913785914
5.3259999999996355,1955696.098139441
5.327999999999635,1955395.6524574927
5.329999999999635,1955095.1046402194
5.331999999999635,1954794.4670004174
5.333999999999635,1954493.7493606347
5.335999999999634,1954193.0046973352
5.337999999999634,1953892.1758786498
5.339999999999634,1953591.2226531624
5.341999999999634,1953290.2115758387
5.3439999999996335,1952989.1430614188
5.345999999999633,1952688.0158757009
5.347999999999633,1952386.7823211881
5.349999999999633,1952085.502496647
5.351999999999633,1951784.1259835209
5.353999999999632,1951482.663791448
5.355999999999632,1951181.1245051704
5.357999999999632,1950879.514064288
5.359999999999632,1950577.83620087
5.3619999999996315,1950276.09309251
5.363999999999631,1949974.285882454
5.365999999999631,1949672.415126915
5.367999999999631,1949370.4350056702
5.369999999999631,1949068.40702702
5.37199999999963,1948766.2818782825
5.37399999999963,1948464.071224344
5.37599999999963,1948161.7840748765
5.37799999999963,1947859.426594926
5.3799999999996295,1947557.0026714208
5.381999999999629,1947254.5145503718
5.383999999999629,1946951.963444825
5.385999999999629,1946649.3499694052
5.387999999999629,1946346.6283891157
5.389999999999628,1946043.860226925
5.391999999999628,1945740.9962635476
5.393999999999628,1945438.0482292182
5.395999999999628,1945135.0712018604
5.3979999999996275,1944832.0100743617
5.399999999999627,1944528.8720823987
5.401999999999627,1944225.6632528447
5.403999999999627,1943922.3879801119
5.405999999999627,1943619.0031566576
5.407999999999626,1943315.5719457662
5.409999999999626,1943012.0461364284
5.411999999999626,1942708.483995494
5.413999999999626,1942404.8335580993
5.415999999999626,1942101.1505013525
5.417999999999625,1941797.3812592532
5.419999999999625,1941493.5346065485
5.421999999999625,1941189.6178346751
5.423999999999625,1940885.6362619381
5.4259999999996245,1940581.5934542126
5.427999999999624,1940277.445675715
5.429999999999624,1939973.2555814174
5.431999999999624,1939669.0207645786
5.433999999999624,1939364.6921513
5.435999999999623,1939060.2823974944
5.437999999999623,1938755.8476741656
5.439999999999623,1938451.3340330136
5.441999999999623,1938146.7495601638
5.4439999999996225,1937842.1009724122
5.445999999999622,1937537.393221249
5.447999999999622,1937232.6297134971
5.449999999999622,1936927.833684365
5.451999999999622,1936623.0316730705
5.453999999999621,1936318.2247078056
5.455999999999621,1936013.358313817
5.457999999999621,1935708.48347115
5.459999999999621,1935403.5883598
5.4619999999996205,1935098.617352381
5.46399999999962,1934793.624903467
5.46599999999962,1934488.5578231718
5.46799999999962,1934183.471613731
5.46999999999962,1933878.3134376002
5.471999999999619,1933573.0929465478
5.473999999999619,1933267.8184446562
5.475999999999619,1932962.496318892
5.477999999999619,1932657.1312324158
5.4799999999996185,1932351.7265700856
5.481999999999618,1932046.2848674734
5.483999999999618,1931740.8081856181
5.485999999999618,1931435.2983613033
5.487999999999618,1931129.7112920317
5.489999999999617,1930824.10991756
5.491999999999617,1930518.4929681227
5.493999999999617,1930212.8129976876
5.495999999999617,1929907.1303135979
5.4979999999996165,1929601.3960850793
5.499999999999616,1929295.6689770496
5.501999999999616,1928989.8988818268
5.503999999999616,1928684.097835666
5.505999999999616,1928378.3224009403
5.507999999999615,1928072.520425944
5.509999999999615,1927766.7025699085
5.511999999999615,1927460.924825009
5.513999999999615,1927155.1352322085
5.5159999999996145,1926849.3452321766
5.517999999999614,1926543.6120714878
5.519999999999614,1926237.8854802821
5.521999999999614,1925932.2247907
5.523999999999614,1925626.5828167766
5.525999999999613,1925321.0222932317
5.527999999999613,1925015.4995654447
5.529999999999613,1924710.0810566274
5.531999999999613,1924404.7730273094
5.533999999999613,1924099.5856115918
5.535999999999612,1923794.5797997273
5.537999999999612,1923489.7154811702
5.539999999999612,1923185.0690633834
5.541999999999612,1922880.6642035933
5.5439999999996115,1922576.583059108
5.545999999999611,1922272.8635621169
5.547999999999611,1921969.6613890298
5.549999999999611,1921667.0485424744
5.551999999999611,1921365.2116036427
5.55399999999961,1921064.5451846058
5.55599999999961,1920765.8334460475
5.55799999999961,1920405.0132986156
5.55999999999961,1765900.0658390704
5.5619999999996095,1585154.9157236672
5.563999999999609,1392889.2070593324
5.565999999999609,1239593.3158568311
5.567999999999609,1125702.2764208147
5.569999999999609,1043796.2148531455
5.571999999999608,985633.0093658657
5.573999999999608,944463.2598748365
5.575999999999608,915287.6317588611
5.577999999999608,894536.1537370547
5.5799999999996075,879695.1147174198
5.581999999999607,869001.1781870659
5.583999999999607,861219.3243199822
5.585999999999607,855482.9556776232
5.587999999999607,851184.0484848556
5.589999999999606,847895.833542065
5.591999999999606,845318.6039684756
5.593999999999606,843241.7918460353
5.595999999999606,841517.4066268046
5.5979999999996055,840041.5068223365
5.599999999999605,838740.8527352951
5.601999999999605,837563.8662152964
5.603999999999605,836474.2382507741
5.605999999999605,835446.4214015288
5.607999999999604,834462.4409346706
5.609999999999604,833509.6556446342
5.611999999999604,832579.1815276016
5.613999999999604,831664.7685570201
5.6159999999996035,830762.027271123
5.617999999999603,829867.8733748138
5.619999999999603,828980.139120021
5.621999999999603,828097.3040222409
5.623999999999603,827218.2958302208
5.625999999999602,826342.3624879793
5.627999999999602,825468.976713766
5.629999999999602,824597.7675163815
5.631999999999602,823728.4732409217
5.6339999999996015,822860.909222284
5.635999999999601,821994.9452659128
5.637999999999601,821130.4907352395
5.639999999999601,820267.479539837
5.641999999999601,819405.863848903
5.6439999999996004,818545.6095751615
5.6459999999996,817686.6938519625
5.6479999999996,816829.0996506748
5.6499999999996,815972.810255679
5.6519999999996,815117.8169353362
5.653999999999599,814264.1126958813
5.655999999999599,813411.6896226108
5.657999999999599,812560.5615781707
5.659999999999599,811710.7319189825
5.6619999999995985,810862.1963120202
5.663999999999598,810014.943712713
5.665999999999598,809168.9693790617
5.667999999999598,808324.2623980619
5.669999999999598,807480.817546948
5.671999999999597,806638.6282600841
5.673999999999597,805797.6903934606
5.675999999999597,804957.9986743822
5.677999999999597,804119.549992524
5.6799999999995965,803282.3395792429
5.681999999999596,802446.3632672663
5.683999999999596,801611.6188926266
5.685999999999596,800778.1022278212
5.687999999999596,799945.8097408676
5.689999999999595,799114.739643235
5.691999999999595,798284.8880458064
5.693999999999595,797456.2530686264
5.695999999999595,796628.830969556
5.6979999999995945,795802.6182400709
5.699999999999594,794977.6130502546
5.701999999999594,794153.8118937816
5.703999999999594,793331.2113392103
5.705999999999594,792509.8097615385
5.707999999999593,791689.603484138
5.709999999999593,790870.5908091008
5.711999999999593,790052.7666552936
5.713999999999593,789236.1309655214
5.7159999999995925,788420.6786303588
5.717999999999592,787606.408130195
5.719999999999592,786793.3173097775
5.721999999999592,785981.4015534689
5.723999999999592,785170.6590010233
5.725999999999591,784361.087887009
5.727999999999591,783552.6835187859
5.729999999999591,782745.4440526394
5.731999999999591,781939.3678311644
5.7339999999995905,781134.4513966952
5.73599999999959,780330.6916185356
5.73799999999959,779528.0853278697
5.73999999999959,778726.6310245985
5.74199999999959,777926.325395308
5.743999999999589,777127.1666470185
5.745999999999589,776329.1516081172
5.747999999999589,775532.2771068652
5.749999999999589,774736.5402825471
5.7519999999995886,773941.9395174148
5.753999999999588,773148.472702764
5.755999999999588,772356.135610932
5.757999999999588,771564.926555821
5.759999999999588,770774.8426401387
5.7619999999995875,769985.8820146053
5.763999999999587,769198.0415345895
5.765999999999587,768411.3185358258
5.767999999999587,767625.7100124044
5.769999999999587,766841.214337783
5.771999999999586,766057.8296469001
5.773999999999586,765275.5518644284
5.775999999999586,764494.3793102211
5.777999999999586,763714.3090715973
5.7799999999995855,762935.3394748187
5.781999999999585,762157.4665780652
5.783999999999585,761380.6897946472
5.785999999999585,760605.0052435545
5.787999999999585,759830.411036183
5.789999999999584,759056.9046176336
5.791999999999584,758284.4832473316
5.793999999999584,757513.1451652498
5.795999999999584,756742.8876858164
5.7979999999995835,755973.7081326453
5.799999999999583,755205.6046741052
5.801999999999583,754438.5746962866
5.803999999999583,753672.6155798879
5.805999999999583,752907.725421475
5.807999999999582,752143.9016178162
5.809999999999582,751381.1415823099
5.811999999999582,750619.4428846899
5.813999999999582,749858.8037661656
5.8159999999995815,749099.2216379883
5.817999999999581,748340.6940249484
5.819999999999581,747583.219126155
5.821999999999581,746826.7943718223
5.823999999999581,746071.4173464159
5.82599999999958,745317.0862194871
5.82799999999958,744563.7984572388
5.82999999999958,743811.5515545934
5.83199999999958,743060.3433115303
5.8339999999995795,742310.1718080658
5.835999999999579,741561.034639567
5.837999999999579,740812.9294621403
5.839999999999579,740065.854481347
5.841999999999579,739319.8067145828
5.843999999999578,738574.7850837717
5.845999999999578,737830.7865491449
5.847999999999578,737087.809342741
5.849999999999578,736345.8511235333
5.8519999999995775,735604.9096157993
5.853999999999577,734864.9826042643
5.855999999999577,734126.068277173
5.857999999999577,733388.1643747573
5.859999999999577,732651.2690899882
5.861999999999576,731915.379681149
5.863999999999576,731180.4944307952
5.865999999999576,730446.6110335153
5.867999999999576,729713.7277631948
5.869999999999576,728981.8419920312
5.871999999999575,728250.9520298585
5.873999999999575,727521.0559196877
5.875999999999575,726792.1511840371
5.877999999999575,726064.2360291793
5.8799999999995745,725337.3083105946
5.881999999999574,724611.3658997644
5.883999999999574,723886.4067928077
5.885999999999574,723162.4291941251
5.887999999999574,722439.4309762684
5.889999999999573,721717.4103156755
5.891999999999573,720996.3647188458
5.893999999999573,720276.2925847796
5.895999999999573,719557.1918202103
5.8979999999995725,718839.0603281781
5.899999999999572,718121.8963820479
5.901999999999572,717405.6978798028
5.903999999999572,716690.4628589663
5.905999999999572,715976.189240051
5.907999999999571,715262.8751708851
5.909999999999571,714550.5188276565
5.911999999999571,713839.1182765118
5.913999999999571,713128.6714688184
5.9159999999995705,712419.1766153843
5.91799999999957,711710.6317618095
5.91999999999957,711003.0350060521
5.92199999999957,710296.3844059398
5.92399999999957,709590.6780459849
5.925999999999569,708885.9142226942
5.927999999999569,708182.090897848
5.929999999999569,707479.2062347018
5.931999999999569,706777.2583836531
5.9339999999995685,706076.2455506986
5.935999999999568,705376.1658378
5.937999999999568,704677.0174291278
5.939999999999568,703978.7984111158
5.941999999999568,703281.5070353741
5.943999999999567,702585.1414658445
5.945999999999567,701889.6998949421
5.947999999999567,701195.1804653461
5.949999999999567,700501.5814337416
5.9519999999995665,699808.9009887817
5.953999999999566,699117.1373842161
5.955999999999566,698426.2887833865
5.957999999999566,697736.3534437995
5.959999999999566,697047.3295057912
5.961999999999565,696359.2152869896
5.963999999999565,695672.009033448
5.965999999999565,694985.7089742121
5.967999999999565,694300.3133485214
5.9699999999995645,693615.8204473186
5.971999999999564,692932.228533027
5.973999999999564,692249.5358384767
5.975999999999564,691567.7406866327
5.977999999999564,690886.8413620217
5.979999999999563,690206.8361340321
5.981999999999563,689527.7232530809
5.983999999999563,688849.501079112
5.985999999999563,688172.167928228
5.987999999999563,687495.7221258902
5.989999999999562,686820.1619300892
5.991999999999562,686145.485805655
5.993999999999562,685471.6919486738
5.995999999999562,684798.7786977225
5.9979999999995615,684126.7442897471
5.999999999999561,683455.5872862544
6.001999999999561,682785.3059235769
6.003999999999561,682115.8985699172
6.005999999999561,681447.3636708198
6.00799999999956,680779.6995740847
6.00999999999956,680112.9044471189
6.01199999999956,679446.9769836498
6.01399999999956,678781.915362974
6.0159999999995595,678117.7180192503
6.017999999999559,677454.3833720966
6.019999999999559,676791.9098842306
6.021999999999559,676130.2957198344
6.023999999999559,675469.5393954526
6.025999999999558,674809.6393763698
6.027999999999558,674150.5941203592
6.029999999999558,673492.4021087696
6.031999999999558,672835.0617648318
6.0339999999995575,672178.5712828465
6.035999999999557,671522.9291915067
6.037999999999557,670868.134032492
6.039999999999557,670214.1842734739
6.041999999999557,669561.0784004296
6.043999999999556,668908.8148790591
6.045999999999556,668257.3919204965
6.047999999999556,667606.8080817125
6.049999999999556,666957.0619424788
6.0519999999995555,666308.151965071
6.053999999999555,665660.0767237829
6.055999999999555,665012.8347122174
6.057999999999555,664366.4241211683
6.059999999999555,663720.8438847172
6.061999999999554,663076.0921585405
6.063999999999554,662432.1675289846
6.065999999999554,661789.0682173845
6.067999999999554,661146.7932044655
6.0699999999995535,660505.3410519417
6.071999999999553,659864.7098926951
6.073999999999553,659224.8984220182
6.075999999999553,658585.9051767881
6.077999999999553,657947.7287911499
6.079999999999552,657310.3678222606
6.081999999999552,656673.8208439728
6.083999999999552,656038.0860232625
6.085999999999552,655403.1620720963
6.0879999999995515,654769.0480267082
6.089999999999551,654135.7419908494
6.091999999999551,653503.242600523
6.093999999999551,652871.5481067703
6.095999999999551,652240.6576386543
6.0979999999995504,651610.5693459022
6.09999999999955,650981.2823820097
6.10199999999955,650352.7948339989
6.10399999999955,649725.1053897828
6.10599999999955,649098.2127091303
6.107999999999549,648472.1154414682
6.109999999999549,647846.8122550768
6.111999999999549,647222.301316963
6.113999999999549,646598.5818325208
6.1159999999995485,645975.6519228291
6.117999999999548,645353.5103569434
6.119999999999548,644732.1558080971
6.121999999999548,644111.5869500581
6.123999999999548,643491.8024735948
6.125999999999547,642872.8010397032
6.127999999999547,642254.5808248423
6.129999999999547,641637.1411133313
6.131999999999547,641020.4800283947
6.1339999999995465,640404.5963497736
6.135999999999546,639789.4887873703
6.137999999999546,639175.1560799981
6.139999999999546,638561.5969201672
6.141999999999546,637948.8099973173
6.143999999999545,637336.7935097134
6.145999999999545,636725.5467624585
6.147999999999545,636115.0679304342
6.149999999999545,635505.3563205083
6.1519999999995445,634896.4100120921
6.153999999999544,634288.2278255345
6.155999999999544,633680.8085060238
6.157999999999544,633074.1507985864
6.159999999999544,632468.2534437573
6.161999999999543,631863.1146299562
6.163999999999543,631258.7337824029
6.165999999999543,630655.109014165
6.167999999999543,630052.2397259242
6.1699999999995425,629450.1240190897
6.171999999999542,628848.7607162005
6.173999999999542,628248.1486223984
6.175999999999542,627648.2865081021
6.177999999999542,627049.173164826
6.179999999999541,626450.8073279326
6.181999999999541,625853.1877270214
6.183999999999541,625256.3125893311
6.185999999999541,624660.181364366
6.1879999999995405,624064.7921988898
6.18999999999954,623470.1439634189
6.19199999999954,622876.236098632
6.19399999999954,622283.0666616763
6.19599999999954,621690.634493864
6.197999999999539,621098.9384390609
6.199999999999539,620507.9772985148
6.201999999999539,619917.7498776824
6.203999999999539,619328.254365903
6.2059999999995386,618739.4903243723
6.207999999999538,618151.456476208
6.209999999999538,617564.1509909543
6.211999999999538,616977.572789407
6.213999999999538,616391.7213689169
6.2159999999995375,615806.5948067589
6.217999999999537,615222.1919892079
6.219999999999537,614638.5117963902
6.221999999999537,614055.5530724089
6.223999999999537,613473.3146371318
6.225999999999536,612891.7953368259
6.227999999999536,612310.9939836819
6.229999999999536,611730.9093770175
6.231999999999536,611151.5403437634
6.2339999999995355,610572.8850874958
6.235999999999535,609994.9432238912
6.237999999999535,609417.7129145036
6.239999999999535,608841.1937247791
6.241999999999535,608265.3837879624
6.243999999999534,607690.2826760036
6.245999999999534,607115.8884924849
6.247999999999534,606542.2001846766
6.249999999999534,605969.2166791019
6.2519999999995335,605396.9368686794
6.253999999999533,604825.3596199282
6.255999999999533,604254.4838121223
6.257999999999533,603684.3083257825
6.259999999999533,603114.83200234
6.261999999999532,602546.0536911628
6.263999999999532,601977.9716138963
6.265999999999532,601410.5854835821
6.267999999999532,600843.8940997828
6.2699999999995315,600277.8956150669
6.271999999999531,599712.5897167701
6.273999999999531,599147.9751976453
6.275999999999531,598584.0502275942
6.277999999999531,598020.8138206532
6.27999999999953,597458.2656111273
6.28199999999953,596896.403711227
6.28399999999953,596335.2271188238
6.28599999999953,595774.7354302865
6.2879999999995295,595214.9267337344
6.289999999999529,594655.8257752655
6.291999999999529,594097.4366685724
6.293999999999529,593539.7541323307
6.295999999999529,592982.7720103194
6.297999999999528,592426.4833807802
6.299999999999528,591870.8816844925
6.301999999999528,591315.9631081886
6.303999999999528,590761.7232768916
6.3059999999995275,590208.1601259855
6.307999999999527,589655.2706129623
6.309999999999527,589103.0536972098
6.311999999999527,588551.5069874042
6.313999999999527,588000.6298482639
6.315999999999526,587450.4202476869
6.317999999999526,586900.8770811663
6.319999999999526,586351.9999612429
6.321999999999526,585803.7869318804
6.323999999999526,585256.2370093779
6.325999999999525,584709.3491734118
6.327999999999525,584163.1230643328
6.329999999999525,583617.5567662794
6.331999999999525,583072.6493103915
6.3339999999995245,582528.3996844315
6.335999999999524,581984.8068708406
6.337999999999524,581441.8705259064
6.339999999999524,580899.5887233915
6.341999999999524,580357.9604705658
6.343999999999523,579816.9848048737
6.345999999999523,579276.6607044484
6.347999999999523,578736.9871454237
6.349999999999523,578197.9631242373
6.3519999999995225,577659.5875899587
6.353999999999522,577121.8595286717
6.355999999999522,576584.7779011773
6.357999999999522,576048.3416729531
6.359999999999522,575512.5498344188
6.361999999999521,574977.4020006357
6.363999999999521,574442.8962702543
6.365999999999521,573909.0282000686
6.367999999999521,573375.8014782993
6.3699999999995205,572843.2147856507
6.37199999999952,572311.2668378314
6.37399999999952,571779.9564532785
6.37599999999952,571249.2824940346
6.37799999999952,570719.2438798837
6.379999999999519,570189.8395236441
6.381999999999519,569661.0684068131
6.383999999999519,569132.9295027162
6.385999999999519,568605.421782499
6.3879999999995185,568078.544242092
6.389999999999518,567552.2958793008
6.391999999999518,567026.6757061301
6.393999999999518,566501.6825947743
6.395999999999518,565977.3158184752
6.397999999999517,565453.5742394335
6.399999999999517,564930.4568499925
6.401999999999517,564407.9633559057
6.403999999999517,563886.0918493904
6.4059999999995165,563364.8414419559
6.407999999999516,562844.2112035007
6.409999999999516,562324.2002069913
6.411999999999516,561804.8081459993
6.413999999999516,561286.0331791787
6.415999999999515,560767.8744085596
6.417999999999515,560250.3309203972
6.419999999999515,559733.4024572432
6.421999999999515,559217.087192813
6.4239999999995145,558701.3842519613
6.425999999999514,558186.2933845655
6.427999999999514,557671.8127986287
6.429999999999514,557157.9416294664
6.431999999999514,556644.6796427632
6.433999999999513,556132.0250747093
6.435999999999513,555619.9777044563
6.437999999999513,555108.5357807461
6.439999999999513,554597.699136142
6.441999999999513,554087.4666870256
6.443999999999512,553577.8367184101
6.445999999999512,553068.8091020157
6.447999999999512,552560.3827945958
6.449999999999512,552052.5561334826
6.4519999999995115,551545.3290070579
6.453999999999511,551038.7003404839
6.455999999999511,550532.6691571203
6.457999999999511,550027.2344618983
6.459999999999511,549522.3953051906
6.46199999999951,549018.1507321752
6.46399999999951,548514.4998111962
6.46599999999951,548011.441597068
6.46799999999951,547508.9751500748
6.4699999999995095,547007.0995701338
6.471999999999509,546505.8139302244
6.473999999999509,546005.1173193099
6.475999999999509,545505.0094553682
6.477999999999509,545005.5390449972
6.479999999999508,544506.5843715565
6.481999999999508,544008.2218696437
6.483999999999508,543510.4481306907
6.485999999999508,543013.2616053186
6.4879999999995075,542516.6595679604
6.489999999999507,542020.6410647869
6.491999999999507,541525.2045939383
6.493999999999507,541030.3481950054
6.495999999999507,540536.0715194839
6.497999999999506,540042.3734217989
6.499999999999506,539549.2528613682
6.501999999999506,539056.7088464027
6.503999999999506,538564.7404406897
6.5059999999995055,538073.3466811052
6.507999999999505,537582.526667249
6.509999999999505,537092.2794955467
6.511999999999505,536602.6048708714
6.513999999999505,536113.5011228721
6.515999999999504,535625.0062471332
6.517999999999504,535137.0659194743
6.519999999999504,534649.646601962
6.521999999999504,534162.8028827911
6.5239999999995035,533676.531622649
6.525999999999503,533190.8295031358
6.527999999999503,532705.6951468178
6.529999999999503,532221.1266997686
6.531999999999503,531737.1226060386
6.533999999999502,531253.681584742
6.535999999999502,530770.8024873387
6.537999999999502,530288.4842916483
6.539999999999502,529806.726002593
6.5419999999995015,529325.527313421
6.543999999999501,528844.8865448817
6.545999999999501,528364.8034297922
6.547999999999501,527885.276383669
6.549999999999501,527406.3052193127
6.5519999999995004,526927.8884116336
6.5539999999995,526450.0257211843
6.5559999999995,525972.7162222904
6.5579999999995,525495.9590058033
6.5599999999995,525019.7531247432
6.561999999999499,524544.097733793
6.563999999999499,524068.9919614849
6.565999999999499,523594.43493736576
6.567999999999499,523120.4264152637
6.5699999999994985,522646.9647637401
6.571999999999498,522174.0497918809
6.573999999999498,521701.6799374829
6.575999999999498,521229.8550603426
6.577999999999498,520758.574146441
6.579999999999497,520287.8363105081
6.581999999999497,519817.64066496916
6.583999999999497,519347.98637063487
6.585999999999497,518878.8725443587
6.5879999999994965,518410.298398705
6.589999999999496,517942.26359677786
6.591999999999496,517474.76660972886
6.593999999999496,517007.80723064014
6.595999999999496,516541.38394300046
6.597999999999495,516075.4965860203
6.599999999999495,515610.144191063
6.601999999999495,515145.3258420772
6.603999999999495,514681.04072175204
6.6059999999994945,514217.2880021131
6.607999999999494,513754.0668166988
6.609999999999494,513291.3763961564
6.611999999999494,512829.2163598091
6.613999999999494,512367.5852832915
6.615999999999493,511906.4829007227
6.617999999999493,511445.90829345223
6.619999999999493,510985.86055851134
6.621999999999493,510526.33883176255
6.6239999999994925,510067.34230499767
6.625999999999492,509608.87016276567
6.627999999999492,509150.9216006016
6.629999999999492,508693.4962614134
6.631999999999492,508236.59277548257
6.633999999999491,507780.2108252282
6.635999999999491,507324.3495221189
6.637999999999491,506869.007537264
6.639999999999491,506414.1846158179
6.6419999999994905,505959.8804121663
6.64399999999949,505506.0934435546
6.64599999999949,505052.8229312226
6.64799999999949,504600.06855670287
6.64999999999949,504147.8289900414
6.651999999999489,503696.10392930004
6.653999999999489,503244.8925027476
6.655999999999489,502794.19384192803
6.657999999999489,502344.0071712337
6.6599999999994886,501894.3316439829
6.661999999999488,501445.1665129533
6.663999999999488,500996.5110049293
6.665999999999488,500548.36473162187
6.667999999999488,500100.7268197231
6.6699999999994874,499653.59597706585
6.671999999999487,499206.9719009686
6.673999999999487,498760.85380322783
6.675999999999487,498315.2412446561
6.677999999999487,497870.13289529324
6.679999999999486,497425.52800945775
6.681999999999486,496981.4262734172
6.683999999999486,496537.8267828331
6.685999999999486,496094.7283320648
6.6879999999994855,495652.1306508791
6.689999999999485,495210.0332689549
6.691999999999485,494768.43491495826
6.693999999999485,494327.33481461555
6.695999999999485,493886.73265465593
6.697999999999484,493446.62715400045
6.699999999999484,493007.01800851466
6.701999999999484,492567.90436387714
6.703999999999484,492129.28544913855
6.7059999999994835,491691.1604768188
6.707999999999483,491253.5290382822
6.709999999999483,490816.3899292143
6.711999999999483,490379.74276448303
6.713999999999483,489943.58673560305
6.715999999999482,489507.9207129566
6.717999999999482,489072.7446831093
6.719999999999482,488638.0574366238
6.721999999999482,488203.8582545747
6.7239999999994815,487770.14669989503
6.725999999999481,487336.92168388306
6.727999999999481,486904.1827653759
6.729999999999481,486471.92916409887
6.731999999999481,486040.16011247964
6.73399999999948,485608.8748802264
6.73599999999948,485178.0729897902
6.73799999999948,484747.7533232408
6.73999999999948,484317.9154834265
6.7419999999994795,483888.55868429365
6.743999999999479,483459.68214652856
6.745999999999479,483031.2851495967
6.747999999999479,482603.36695964163
6.749999999999479,482175.92711805046
6.751999999999478,481748.9648017015
6.753999999999478,481322.4790408682
6.755999999999478,480896.46938237426
6.757999999999478,480470.9350636573
6.7599999999994775,480045.8755945235
6.761999999999477,479621.28995647153
6.763999999999477,479197.1776557656
6.765999999999477,478773.5379574814
6.767999999999477,478350.37013545656
6.769999999999476,477927.67341906024
6.771999999999476,477505.44713410054
6.773999999999476,477083.69056872546
6.775999999999476,476662.4032456805
6.7779999999994756,476241.5843809592
6.779999999999475,475821.2332223731
6.781999999999475,475401.3490839332
6.783999999999475,474981.9312428009
6.785999999999475,474562.9790347948
6.7879999999994745,474144.49190687365
6.789999999999474,473726.4691367124
6.791999999999474,473308.91000969126
6.793999999999474,472891.8137800705
6.795999999999474,472475.17978474684
6.797999999999473,472059.00748618966
6.799999999999473,471643.29598901205
6.801999999999473,471228.0447839249
6.803999999999473,470813.2531667118
6.8059999999994725,470398.92043689283
6.807999999999472,469985.04601051955
6.809999999999472,469571.6290707292
6.811999999999472,469158.6690706051
6.813999999999472,468746.16529453214
6.815999999999471,468334.1170697195
6.817999999999471,467922.5236999022
6.819999999999471,467511.3846468335
6.821999999999471,467100.6990753225
6.8239999999994705,466690.4664459349
6.82599999999947,466280.6860603697
6.82799999999947,465871.3572533772
6.82999999999947,465462.4794470212
6.83199999999947,465054.05185204407
6.833999999999469,464646.0738948357
6.835999999999469,464238.5448778516
6.837999999999469,463831.4641941093
6.839999999999469,463424.83116200013
6.8419999999994685,463018.64512266114
6.843999999999468,462612.905477929
6.845999999999468,462207.6115195638
6.847999999999468,461802.76263032196
6.849999999999468,461398.35815781273
6.851999999999467,460994.4220937783
6.853999999999467,460590.91568378545
6.855999999999467,460187.8269279568
6.857999999999467,459785.18463808956
6.8599999999994665,459382.9867645773
6.861999999999466,458981.23163504445
6.863999999999466,458579.91782912007
6.865999999999466,458179.04421388026
6.867999999999466,457778.609782211
6.869999999999465,457378.6316682187
6.871999999999465,456979.1180206559
6.873999999999465,456580.06599896116
6.875999999999465,456181.4695897446
6.8779999999994645,455783.3226186009
6.879999999999464,455385.61993712065
6.881999999999464,454988.35763099685
6.883999999999464,454591.53274814883
6.885999999999464,454195.14305058087
6.887999999999463,453799.18703452515
6.889999999999463,453403.6633879315
6.891999999999463,453008.571101177
6.893999999999463,452613.9092363556
6.895999999999463,452219.67720970477
6.897999999999462,451825.87418741366
6.899999999999462,451432.4995510283
6.901999999999462,451039.55267220165
6.903999999999462,450647.032944128
6.9059999999994615,450254.9395942485
6.907999999999461,449863.2720966834
6.909999999999461,449472.02985701006
6.911999999999461,449081.21229308273
6.913999999999461,448690.8186809508
6.91599999999946,448300.8486067257
6.91799999999946,447911.301281877
6.91999999999946,447522.1761895086
6.92199999999946,447133.47253839474
6.9239999999994595,446745.1899911586
6.925999999999459,446357.32777398237
6.927999999999459,445969.88533589605
6.929999999999459,445582.8621398006
6.931999999999459,445196.25734578446
6.933999999999458,444810.0707116824
6.935999999999458,444424.3321194356
6.937999999999458,444038.96700077975
6.939999999999458,443654.0220473074
6.9419999999994575,443269.49583245156
6.943999999999457,442885.38653434673
6.945999999999457,442501.6929708537
6.947999999999457,442118.4141065851
6.949999999999457,441735.5488232521
6.951999999999456,441353.0966979119
6.953999999999456,440971.0567180948
6.955999999999456,440589.42801231315
6.957999999999456,440208.21038532595
6.9599999999994555,439827.4029392336
6.961999999999455,439447.00552297477
6.963999999999455,439067.01684228075
6.965999999999455,438687.4368147291
6.967999999999455,438308.26488946634
6.969999999999454,437929.5001604079
6.971999999999454,437551.14219082444
6.973999999999454,437173.19047656003
6.975999999999454,436795.6441427212
6.9779999999994535,436418.5027464898
6.979999999999453,436041.76587178814
6.981999999999453,435665.43293726834
6.983999999999453,435289.5034626416
6.985999999999453,434913.976552051
6.987999999999452,434538.8517310579
6.989999999999452,434164.12855923123
6.991999999999452,433789.8061387465
6.993999999999452,433415.88447402755
6.9959999999994515,433042.3626017343
6.997999999999451,432669.2400532174
6.999999999999451,432296.5159048359
7.001999999999451,431924.1902568499
7.003999999999451,431552.26217172097
7.0059999999994504,431180.73111855256
7.00799999999945,430809.5962328558
7.00999999999945,430438.85757659224
7.01199999999945,430068.5141452776
7.01399999999945,429698.565530572
7.015999999999449,429329.0107808386
7.017999999999449,428959.8500775285
7.019999999999449,428591.0823514567
7.021999999999449,428222.70723211934
7.0239999999994485,427854.72374274983
7.025999999999448,427487.1320793602
7.027999999999448,427119.93120293977
7.029999999999448,426753.12067291146
7.031999999999448,426386.69954131695
7.033999999999447,426020.66811673343
7.035999999999447,425655.0252149145
7.037999999999447,425289.77048544114
7.039999999999447,424924.9029504723
7.0419999999994465,424560.42291865253
7.043999999999446,424196.32923824264
7.045999999999446,423832.620962065
7.047999999999446,423469.2984841675
7.049999999999446,423106.3606548519
7.051999999999445,422743.807190083
7.053999999999445,422381.6376583464
7.055999999999445,422019.85098824184
7.057999999999445,421658.447565827
7.0599999999994445,421297.42616116925
7.061999999999444,420936.7858310056
7.063999999999444,420576.5270262743
7.065999999999444,420216.64855583635
7.067999999999444,419857.15016341617
7.069999999999443,419498.031428642
7.071999999999443,419139.29122724646
7.073999999999443,418780.92935771734
7.075999999999443,418422.9455119945
7.0779999999994425,418065.33856466936
7.079999999999442,417708.1090138198
7.081999999999442,417351.25561148766
7.083999999999442,416994.7780647081
7.085999999999442,416638.6752669591
7.087999999999441,416282.9470564161
7.089999999999441,415927.593109428
7.091999999999441,415572.6130744259
7.093999999999441,415218.0057862022
7.0959999999994405,414863.77106653235
7.09799999999944,414509.9085649161
7.09999999999944,414156.4179268342
7.10199999999944,413803.2979568954
7.10399999999944,413450.54848280945
7.105999999999439,413098.1691853851
7.107999999999439,412746.15887863806
7.109999999999439,412394.5174397645
7.111999999999439,412043.2446073177
7.1139999999994386,411692.34003426274
7.115999999999438,411341.8024787572
7.117999999999438,410991.6317709275
7.119999999999438,410641.8276673197
7.121999999999438,410292.38978844276
7.1239999999994374,409943.3168844015
7.125999999999437,409594.6088227631
7.127999999999437,409246.26443438814
7.129999999999437,408898.28459955694
7.131999999999437,408550.6678964327
7.133999999999436,408203.41323926183
7.135999999999436,407856.52150429355
7.137999999999436,407509.9913559707
7.139999999999436,407163.822587697
7.1419999999994355,406818.01494895323
7.143999999999435,406472.56715540285
7.145999999999435,406127.4790769574
7.147999999999435,405782.75055402
7.149999999999435,405438.38026082807
7.151999999999434,405094.3681807158
7.153999999999434,404750.71409841906
7.155999999999434,404407.41773741524
7.157999999999434,404064.47773339413
7.1599999999994335,403721.89403143694
7.161999999999433,403379.6663990938
7.163999999999433,403037.7935354347
7.165999999999433,402696.2754298856
7.167999999999433,402355.1118781785
7.169999999999432,402014.3026354552
7.171999999999432,401673.84628412285
7.173999999999432,401333.74279348506
7.175999999999432,400993.99088873575
7.1779999999994315,400654.5917333488
7.179999999999431,400315.54379417346
7.181999999999431,399976.8458290148
7.183999999999431,399638.4991103282
7.185999999999431,399300.50206427544
7.18799999999943,398962.8546166963
7.18999999999943,398625.5554515045
7.19199999999943,398288.60572335514
7.19399999999943,397952.0027338102
7.1959999999994295,397615.7478494523
7.197999999999429,397279.8396272604
7.199999999999429,396944.27800151333
7.201999999999429,396609.0628490998
7.203999999999429,396274.19270617986
7.205999999999428,395939.6676552973
7.207999999999428,395605.4875518141
7.209999999999428,395271.6521703786
7.211999999999428,394938.1599931166
7.2139999999994275,394605.00986351643
7.215999999999427,394272.203312094
7.217999999999427,393939.73866045446
7.219999999999427,393607.61596131296
7.221999999999427,393275.8350557375
7.223999999999426,392944.39442885655
7.225999999999426,392613.2941697896
7.227999999999426,392282.5329418721
7.229999999999426,391952.1122436455
7.2319999999994256,391622.0303188604
7.233999999999425,391292.285845387
7.235999999999425,390962.8804287046
7.237999999999425,390633.81236859964
7.239999999999425,390305.08162836195
7.2419999999994245,389976.6867595911
7.243999999999424,389648.62797929754
7.245999999999424,389320.9052705522
7.247999999999424,388993.51710874314
7.249999999999424,388666.4636625479
7.251999999999423,388339.7449614519
7.253999999999423,388013.36079301086
7.255999999999423,387687.3095329204
7.257999999999423,387361.59131219727
7.2599999999994225,387036.20468492975
7.261999999999422,386711.1499562555
7.263999999999422,386386.42712550546
7.265999999999422,386062.03609292203
7.267999999999422,385737.9751734025
7.269999999999421,385414.2445619292
7.271999999999421,385090.84421711584
7.273999999999421,384767.772527845
7.275999999999421,384445.02973489097
7.2779999999994205,384122.6143467241
7.27999999999942,383800.5267565212
7.28199999999942,383478.7670156624
7.28399999999942,383157.3350618926
7.28599999999942,382836.22916027403
7.287999999999419,382515.449539427
7.289999999999419,382194.9961654664
7.291999999999419,381874.86739655514
7.293999999999419,381555.063486755
7.2959999999994185,381235.5844824035
7.297999999999418,380916.428719744
7.299999999999418,380597.5964985018
7.301999999999418,380279.08629462594
7.303999999999418,379960.90010496066
7.305999999999417,379643.03594885324
7.307999999999417,379325.4923513684
7.309999999999417,379008.26975935337
7.311999999999417,378691.36839398154
7.3139999999994165,378374.78822518367
7.315999999999416,378058.527441175
7.317999999999416,377742.5863615275
7.319999999999416,377426.96333842044
7.321999999999416,377111.6605136094
7.323999999999415,376796.6758134614
7.325999999999415,376482.0077216514
7.327999999999415,376167.6567774168
7.329999999999415,375853.6231663131
7.3319999999994145,375539.9069042065
7.333999999999414,375226.50612918456
7.335999999999414,374913.4211636013
7.337999999999414,374600.65033830475
7.339999999999414,374288.19420520274
7.341999999999413,373976.05295495386
7.343999999999413,373664.2247971119
7.345999999999413,373352.7101902215
7.347999999999413,373041.5093049225
7.349999999999413,372730.6203083919
7.351999999999412,372420.0454126394
7.353999999999412,372109.78054062685
7.355999999999412,371799.8283099374
7.357999999999412,371490.1848434715
7.3599999999994115,371180.85288824036
7.361999999999411,370871.8305129465
7.363999999999411,370563.11810904206
7.365999999999411,370254.71576270997
7.367999999999411,369946.62158445414
7.36999999999941,369638.8359985452
7.37199999999941,369331.35733029194
7.37399999999941,369024.18802451465
7.37599999999941,368717.32394311635
7.3779999999994095,368410.76789522474
7.379999999999409,368104.51779471926
7.381999999999409,367798.5739763425
7.383999999999409,367492.9346577194
7.385999999999409,367187.6004615374
7.387999999999408,366882.57163765724
7.389999999999408,366577.84627728263
7.391999999999408,366273.42491542856
7.393999999999408,365969.30580056756
7.3959999999994075,365665.4916223236
7.397999999999407,365361.98006456293
7.399999999999407,365058.7693626445
7.401999999999407,364755.86029752076
7.403999999999407,364453.2532345139
7.405999999999406,364150.94626280875
7.407999999999406,363848.93998627795
7.409999999999406,363547.23469494027
7.411999999999406,363245.82839075476
7.4139999999994055,362944.72163621045
7.415999999999405,362643.9147490844
7.417999999999405,362343.40565614187
7.419999999999405,362043.1949413035
7.421999999999405,361743.2807976591
7.423999999999404,361443.66397949524
7.425999999999404,361144.34485344077
7.427999999999404,360845.3235708869
7.429999999999404,360546.59788900096
7.4319999999994035,360248.1662028674
7.433999999999403,359950.0295002393
7.435999999999403,359652.1883209978
7.437999999999403,359354.6428764597
7.439999999999403,359057.39096575696
7.441999999999402,358760.433187391
7.443999999999402,358463.76764016086
7.445999999999402,358167.3950894345
7.447999999999402,357871.3302188414
7.4499999999994015,357575.5776964623
7.451999999999401,357280.138827265
7.453999999999401,356985.00455730665
7.455999999999401,356690.17399558495
7.457999999999401,356395.64124696923
7.4599999999994,356101.40424760326
7.4619999999994,355807.4591165921
7.4639999999994,355513.8054548711
7.4659999999994,355220.4428877989
7.4679999999994,354927.3687064292
7.469999999999399,354634.58336697094
7.471999999999399,354342.0847052988
7.473999999999399,354049.873541832
7.475999999999399,353757.9502476538
7.4779999999993985,353466.31263458804
7.479999999999398,353174.96147582616
7.481999999999398,352883.8947624429
7.483999999999398,352593.1158668859
7.485999999999398,352302.6196492876
7.487999999999397,352012.40982791263
7.489999999999397,351722.4838928209
7.491999999999397,351432.84006321436
7.493999999999397,351143.4818729495
7.4959999999993965,350854.4042686061
7.497999999999396,350565.6110689473
7.499999999999396,350277.11787192343
7.501999999999396,349988.9161191911
7.503999999999396,349700.9841431942
7.505999999999395,349413.3239253617
7.507999999999395,349125.9368536621
7.509999999999395,348838.82629203505
7.511999999999395,348551.99431500374
7.5139999999993945,348265.4396317662
7.515999999999394,347979.16375294194
7.517999999999394,347693.1675241964
7.519999999999394,347407.4487869819
7.521999999999394,347122.00596354506
7.523999999999393,346836.8430719483
7.525999999999393,346551.95748024946
7.527999999999393,346267.34728369146
7.529999999999393,345983.01630101056
7.5319999999993925,345698.9591058709
7.533999999999392,345415.1798614228
7.535999999999392,345131.67586063955
7.537999999999392,344848.4453765032
7.539999999999392,344565.48959673324
7.541999999999391,344282.80928251904
7.543999999999391,344000.404807091
7.545999999999391,343718.27359988156
7.547999999999391,343436.4138201358
7.5499999999993905,343154.8268587287
7.55199999999939,342873.5134775165
7.55399999999939,342592.47142170364
7.55599999999939,342311.70172853343
7.55799999999939,342031.20500535594
7.559999999999389,341750.9787494156
7.561999999999389,341471.023961479
7.563999999999389,341191.33843966766
7.565999999999389,340911.9233208704
7.5679999999993885,340632.7792980584
7.569999999999388,340353.90392938774
7.571999999999388,340075.2981982605
7.573999999999388,339796.95988455095
7.575999999999388,339518.89021675556
7.5779999999993874,339241.08705317596
7.579999999999387,338963.55457981233
7.581999999999387,338686.28682708315
7.583999999999387,338409.28547185357
7.585999999999387,338132.5515223036
7.587999999999386,337856.0855382737
7.589999999999386,337579.8848596714
7.591999999999386,337303.9504795961
7.593999999999386,337028.2800982921
7.5959999999993855,336752.8749215536
7.597999999999385,336477.7327138066
7.599999999999385,336202.85488629143
7.601999999999385,335928.2422205014
7.603999999999385,335653.89213783416
7.605999999999384,335379.8057854751
7.607999999999384,335105.9808542515
7.609999999999384,334832.41867223784
7.611999999999384,334559.1169783184
7.6139999999993835,334286.0772103473
7.615999999999383,334013.3002477354
7.617999999999383,333740.78343647165
7.619999999999383,333468.52796676214
7.621999999999383,333196.5345506346
7.623999999999382,332924.8004766561
7.625999999999382,332653.3237475131
7.627999999999382,332382.10607537546
7.629999999999382,332111.1485285555
7.6319999999993815,331840.45167881815
7.633999999999381,331570.00952155
7.635999999999381,331299.8273322341
7.637999999999381,331029.90230032575
7.639999999999381,330760.2355113808
7.64199999999938,330490.8244651812
7.64399999999938,330221.67054613505
7.64599999999938,329952.771383906
7.64799999999938,329684.12848280795
7.6499999999993795,329415.7427401337
7.651999999999379,329147.6114102705
7.653999999999379,328879.73255444324
7.655999999999379,328612.11127856554
7.657999999999379,328344.74109789514
7.659999999999378,328077.62736102124
7.661999999999378,327810.7670071634
7.663999999999378,327544.15784984996
7.665999999999378,327277.801624185
7.6679999999993775,327011.69940429006
7.669999999999377,326745.8484589066
7.671999999999377,326480.2502047118
7.673999999999377,326214.9054594141
7.675999999999377,325949.81130169757
7.677999999999376,325684.9657051068
7.679999999999376,325420.3705327646
7.681999999999376,325156.02697423904
7.683999999999376,324891.93234287825
7.6859999999993756,324628.08805813215
7.687999999999375,324364.4916114312
7.689999999999375,324101.1446129185
7.691999999999375,323838.0480609889
7.693999999999375,323575.19905735314
7.6959999999993745,323312.5955405201
7.697999999999374,323050.2429751299
7.699999999999374,322788.13450620085
7.701999999999374,322526.27584306814
7.703999999999374,322264.6637588386
7.705999999999373,322003.2959624086
7.707999999999373,321742.1743458574
7.709999999999373,321481.3000898954
7.711999999999373,321220.6703159302
7.7139999999993725,320960.28651925304
7.715999999999372,320700.1460848688
7.717999999999372,320440.2506978504
7.719999999999372,320180.59782584064
7.721999999999372,319921.189255609
7.723999999999371,319662.0224554157
7.725999999999371,319403.09927946836
7.727999999999371,319144.42083192157
7.729999999999371,318885.98416645895
7.7319999999993705,318627.7907448117
7.73399999999937,318369.83788267145
7.73599999999937,318112.12730810774
7.73799999999937,317854.65640224476
7.73999999999937,317597.4270306749
7.741999999999369,317340.4402901895
7.743999999999369,317083.6931444241
7.745999999999369,316827.1871540176
7.747999999999369,316570.91954041115
7.7499999999993685,316314.88833690796
7.751999999999368,316059.0996443554
7.753999999999368,315803.5499168129
7.755999999999368,315548.2366953902
7.757999999999368,315293.1619782161
7.759999999999367,315038.3232589122
7.761999999999367,314783.72252049454
7.763999999999367,314529.36099687975
7.765999999999367,314275.2356303452
7.7679999999993665,314021.3480368671
7.769999999999366,313767.69540971913
7.771999999999366,313514.2795977849
7.773999999999366,313261.09789674886
7.775999999999366,313008.1522432643
7.777999999999365,312755.439987903
7.779999999999365,312502.96311533457
7.781999999999365,312250.72290056664
7.783999999999365,311998.71614817623
7.7859999999993645,311746.94061509566
7.787999999999364,311495.40258124477
7.789999999999364,311244.0943681265
7.791999999999364,310993.01855192095
7.793999999999364,310742.17680113006
7.795999999999363,310491.5662300576
7.797999999999363,310241.18869072763
7.799999999999363,309991.04538213037
7.801999999999363,309741.1329914229
7.803999999999363,309491.44918697333
7.805999999999362,309241.9963387918
7.807999999999362,308992.77599126106
7.809999999999362,308743.7849710574
7.811999999999362,308495.0210809013
7.8139999999993615,308246.4908926695
7.815999999999361,307998.1864959398
7.817999999999361,307750.1147309512
7.819999999999361,307502.2677984376
7.821999999999361,307254.65268535353
7.82399999999936,307007.26580020523
7.82599999999936,306760.10457140324
7.82799999999936,306513.17135686375
7.82999999999936,306266.4634609412
7.8319999999993595,306019.9831861803
7.833999999999359,305773.731957144
7.835999999999359,305527.7064951572
7.837999999999359,305281.908652882
7.839999999999359,305036.33535560936
7.841999999999358,304790.9844701536
7.843999999999358,304545.8629303868
7.845999999999358,304300.9626253369
7.847999999999358,304056.29067637597
7.8499999999993575,303811.8390981611
7.851999999999357,303567.615135677
7.853999999999357,303323.6108223318
7.855999999999357,303079.83347429463
7.857999999999357,302836.2794409066
7.859999999999356,302592.9460848586
7.861999999999356,302349.8358778664
7.863999999999356,302106.9504144807
7.865999999999356,301864.28634647466
7.8679999999993555,301621.84125017974
7.869999999999355,301379.6178548753
7.871999999999355,301137.61786601745
7.873999999999355,300895.837981422
7.875999999999355,300654.28027418675
7.877999999999354,300412.9416163073
7.879999999999354,300171.82423323015
7.881999999999354,299930.9251441901
7.883999999999354,299690.2466462839
7.8859999999993535,299449.78578656906
7.887999999999353,299209.54493426817
7.889999999999353,298969.52111419523
7.891999999999353,298729.7167106643
7.893999999999353,298490.1287879854
7.895999999999352,298250.759726354
7.897999999999352,298011.61110796855
7.899999999999352,297772.67932464276
7.901999999999352,297533.9618831687
7.9039999999993515,297295.4615230134
7.905999999999351,297057.17548380274
7.907999999999351,296819.10640153126
7.909999999999351,296581.2559301149
7.911999999999351,296343.62054670166
7.91399999999935,296106.2023473268
7.91599999999935,295868.9980621018
7.91799999999935,295632.0053727799
7.91999999999935,295395.2272931707
7.92199999999935,295158.6657697264
7.923999999999349,294922.3174140822
7.925999999999349,294686.1844281813
7.927999999999349,294450.2636078128
7.929999999999349,294214.55733656196
7.9319999999993485,293979.0624816176
7.933999999999348,293743.7815116482
7.935999999999348,293508.7113471687
7.937999999999348,293273.8545102928
7.939999999999348,293039.20789599087
7.941999999999347,292804.7740428744
7.943999999999347,292570.54986862105
7.945999999999347,292336.5379415761
7.947999999999347,292102.7351617401
7.9499999999993465,291869.1440845161
7.951999999999346,291635.76162650867
7.953999999999346,291402.5903654681
7.955999999999346,291169.62717453984
7.957999999999346,290936.87465935346
7.959999999999345,290704.3345309966
7.961999999999345,290472.0030263034
7.963999999999345,290239.8774259987
7.965999999999345,290007.96074808296
7.9679999999993445,289776.25006592006
7.969999999999344,289544.7481881653
7.971999999999344,289313.45698687615
7.973999999999344,289082.3677858778
7.975999999999344,288851.48934309673
7.977999999999343,288620.8177459605
7.979999999999343,288390.3501757452
7.981999999999343,288160.089617039
7.983999999999343,287930.03805245657
7.9859999999993425,287700.1867478276
7.987999999999342,287470.54465554655
7.989999999999342,287241.1078222455
7.991999999999342,287011.87342779955
7.993999999999342,286782.84450487525
7.995999999999341,286554.0230798555
7.997999999999341,286325.40536617243
7.999999999999341,286096.9887186309
