time,value
0.0,14076.609177430531
0.002,20734.62916656735
0.004,24599.92034321421
0.006,36571.08658396033
0.008,47061.44487412084
0.01,53926.88135873732
0.012,57599.79052188539
0.014,59205.65266974504
0.016,59699.882874911265
0.018000000000000002,59692.70692482335
0.020000000000000004,59512.99249078111
0.022000000000000006,59311.45246885799
0.024000000000000007,59141.78588455493
0.02600000000000001,59012.45266682255
0.02800000000000001,58915.30569377066
0.030000000000000013,58839.15787938824
0.032000000000000015,58774.984791085626
0.034000000000000016,58716.900591080295
0.03600000000000002,58661.63842018944
0.03800000000000002,58607.67968964254
0.04000000000000002,58554.47833072859
0.04200000000000002,58501.90354749403
0.044000000000000025,58450.085411462176
0.04600000000000003,58399.105343903335
0.04800000000000003,58349.03845896068
0.05000000000000003,58299.94233018331
0.05200000000000003,58251.792009132
0.054000000000000034,58204.67618679378
0.056000000000000036,58158.53757184437
0.05800000000000004,58113.366913228194
0.06000000000000004,58069.15318292349
0.06200000000000004,58025.87826089618
0.06400000000000004,57983.52957854886
0.06600000000000004,57942.08207360534
0.06800000000000005,57901.53947343138
0.07000000000000005,57861.8798103323
0.07200000000000005,57823.08269931396
0.07400000000000005,57785.139634925574
0.07600000000000005,57748.0244944446
0.07800000000000006,57711.72295980555
0.08000000000000006,57676.21542583142
0.08200000000000006,57641.48863413399
0.08400000000000006,57607.523699911326
0.08600000000000006,57574.314180699905
0.08800000000000006,57541.8294506704
0.09000000000000007,57510.06218308737
0.09200000000000007,57478.9941271852
0.09400000000000007,57448.619314439995
0.09600000000000007,57418.90759992727
0.09800000000000007,57389.85207256091
0.10000000000000007,57361.43494589051
0.10200000000000008,57333.6443820855
0.10400000000000008,57306.4691001274
0.10600000000000008,57279.88551044581
0.10800000000000008,57253.88151951792
0.11000000000000008,57228.445942016544
0.11200000000000009,57203.568181403636
0.11400000000000009,57179.23167412743
0.11600000000000009,57155.41938934017
0.11800000000000009,57132.12047253171
0.12000000000000009,57109.32480405335
0.1220000000000001,57087.016433242316
0.1240000000000001,57065.18531873237
0.12600000000000008,57043.81570360748
0.12800000000000009,57022.90412542726
0.1300000000000001,57002.42956590634
0.1320000000000001,56982.3822417765
0.1340000000000001,56962.75317485642
0.1360000000000001,56943.53391457034
0.1380000000000001,56924.71006463136
0.1400000000000001,56906.27304817796
0.1420000000000001,56888.20855776899
0.1440000000000001,56870.51452231024
0.1460000000000001,56853.17136408879
0.1480000000000001,56836.17696953961
0.1500000000000001,56819.51818008205
0.1520000000000001,56803.18755391714
0.1540000000000001,56787.178137121606
0.1560000000000001,56771.47076441091
0.1580000000000001,56756.07016509667
0.16000000000000011,56740.96460039246
0.16200000000000012,56726.14145645642
0.16400000000000012,56711.60024411161
0.16600000000000012,56697.322989523
0.16800000000000012,56683.309104202206
0.17000000000000012,56669.55323696518
0.17200000000000013,56656.043907658415
0.17400000000000013,56642.77528563926
0.17600000000000013,56629.74200452821
0.17800000000000013,56616.93276139267
0.18000000000000013,56604.34826411991
0.18200000000000013,56591.977954074166
0.18400000000000014,56579.810538649486
0.18600000000000014,56567.85313429799
0.18800000000000014,56556.08991909262
0.19000000000000014,56544.52204979491
0.19200000000000014,56533.13945659648
0.19400000000000014,56521.93761313136
0.19600000000000015,56510.90613902708
0.19800000000000015,56500.05294042
0.20000000000000015,56489.362988243156
0.20200000000000015,56478.8319271971
0.20400000000000015,56468.46214264492
0.20600000000000016,56458.23835037622
0.20800000000000016,56448.16861462617
0.21000000000000016,56438.2381602436
0.21200000000000016,56428.44915538699
0.21400000000000016,56418.79881566054
0.21600000000000016,56409.27812900295
0.21800000000000017,56399.88360757361
0.22000000000000017,56390.61216420517
0.22200000000000017,56381.46720559003
0.22400000000000017,56372.43434273213
0.22600000000000017,56363.51617533993
0.22800000000000017,56354.71039979691
0.23000000000000018,56346.01473352729
0.23200000000000018,56337.414474530306
0.23400000000000018,56328.92461084464
0.23600000000000018,56320.52574837197
0.23800000000000018,56312.226805993734
0.24000000000000019,56304.02021247608
0.2420000000000002,56295.90362890826
0.2440000000000002,56287.8687222427
0.2460000000000002,56279.92521284844
0.2480000000000002,56272.05988823616
0.25000000000000017,56264.27628252542
0.25200000000000017,56256.57291060662
0.25400000000000017,56248.942023711184
0.25600000000000017,56241.381335090315
0.2580000000000002,56233.89512727817
0.2600000000000002,56226.47622385052
0.2620000000000002,56219.12891321884
0.2640000000000002,56211.839830879784
0.2660000000000002,56204.61878548014
0.2680000000000002,56197.452832363866
0.2700000000000002,56190.35204695722
0.2720000000000002,56183.30986615876
0.2740000000000002,56176.31874191226
0.2760000000000002,56169.39027586393
0.2780000000000002,56162.51219017106
0.2800000000000002,56155.68930716596
0.2820000000000002,56148.91730915299
0.2840000000000002,56142.19050735147
0.2860000000000002,56135.51317197894
0.2880000000000002,56128.87835209589
0.2900000000000002,56122.290669408794
0.2920000000000002,56115.743397941274
0.2940000000000002,56109.241303947085
0.2960000000000002,56102.77775874877
0.2980000000000002,56096.351409339935
0.3000000000000002,56089.967331522486
0.3020000000000002,56083.619116651986
0.3040000000000002,56077.29936747804
0.3060000000000002,56071.02491076615
0.3080000000000002,56064.77813227018
0.3100000000000002,56058.56319616847
0.3120000000000002,56052.37942702984
0.3140000000000002,56046.2323398263
0.3160000000000002,56040.109653966996
0.3180000000000002,56034.021997853524
0.32000000000000023,56027.957264513985
0.32200000000000023,56021.92002959699
0.32400000000000023,56015.90990487039
0.32600000000000023,56009.92643393508
0.32800000000000024,56003.96911570929
0.33000000000000024,55998.03125585441
0.33200000000000024,55992.12395406312
0.33400000000000024,55986.2354243057
0.33600000000000024,55980.370454884105
0.33800000000000024,55974.52264122337
0.34000000000000025,55968.69709589987
0.34200000000000025,55962.893788987094
0.34400000000000025,55957.11250110645
0.34600000000000025,55951.34674123458
0.34800000000000025,55945.60157428952
0.35000000000000026,55939.87079370636
0.35200000000000026,55934.15964751449
0.35400000000000026,55928.46203973269
0.35600000000000026,55922.78327953759
0.35800000000000026,55917.12347560657
0.36000000000000026,55911.4763572346
0.36200000000000027,55905.84714673626
0.36400000000000027,55900.22989654433
0.36600000000000027,55894.62395478823
0.36800000000000027,55889.03503813374
0.3700000000000003,55883.46352141055
0.3720000000000003,55877.89715632297
0.3740000000000003,55872.352836905964
0.3760000000000003,55866.819453228985
0.3780000000000003,55861.29606570923
0.3800000000000003,55855.78202954008
0.3820000000000003,55850.28304622728
0.3840000000000003,55844.79948880727
0.3860000000000003,55839.31913916364
0.3880000000000003,55833.85276086141
0.3900000000000003,55828.400876263644
0.3920000000000003,55822.95137791845
0.3940000000000003,55817.515096305775
0.3960000000000003,55812.09259957649
0.3980000000000003,55806.67181649541
0.4000000000000003,55801.26359373109
0.4020000000000003,55795.86237855615
0.4040000000000003,55790.47382609264
0.4060000000000003,55785.092166741
0.4080000000000003,55779.71063877829
0.4100000000000003,55774.34652638124
0.4120000000000003,55768.98291416945
0.4140000000000003,55763.63063490307
0.4160000000000003,55758.28413879293
0.4180000000000003,55752.94294392815
0.4200000000000003,55747.60672512868
0.4220000000000003,55742.27524265671
0.4240000000000003,55736.95444740221
0.4260000000000003,55731.638767796925
0.4280000000000003,55726.327704634474
0.4300000000000003,55721.02091624825
0.43200000000000033,55715.71817052255
0.43400000000000033,55710.42541986839
0.43600000000000033,55705.13711180725
0.43800000000000033,55699.846639886906
0.44000000000000034,55694.56521709134
0.44200000000000034,55689.287574764836
0.44400000000000034,55684.0195325494
0.44600000000000034,55678.74933002665
0.44800000000000034,55673.481850806544
0.45000000000000034,55668.22324133664
0.45200000000000035,55662.968081543775
0.45400000000000035,55657.70986067793
0.45600000000000035,55652.45987125848
0.45800000000000035,55647.212926304805
0.46000000000000035,55641.968783098746
0.46200000000000035,55636.73337095788
0.46400000000000036,55631.49503338222
0.46600000000000036,55626.25870797393
0.46800000000000036,55621.03056807442
0.47000000000000036,55615.79911288947
0.47200000000000036,55610.57548162612
0.47400000000000037,55605.354380689554
0.47600000000000037,55600.13549060526
0.47800000000000037,55594.91248430221
0.48000000000000037,55589.6967260017
0.4820000000000004,55584.48307297107
0.4840000000000004,55579.27129647321
0.4860000000000004,55574.061225675476
0.4880000000000004,55568.8588472684
0.4900000000000004,55563.65256949446
0.4920000000000004,55558.44735607291
0.4940000000000004,55553.243293735235
0.4960000000000004,55548.04653318136
0.4980000000000004,55542.845583737246
0.5000000000000003,55537.65155794418
0.5020000000000003,55532.45307811385
0.5040000000000003,55527.255231362295
0.5060000000000003,55522.064279935264
0.5080000000000003,55516.87491496551
0.5100000000000003,55511.68070987052
0.5120000000000003,55506.49292924605
0.5140000000000003,55501.3003096178
0.5160000000000003,55496.11409890394
0.5180000000000003,55490.92910912806
0.5200000000000004,55485.738991113634
0.5220000000000004,55480.55505220122
0.5240000000000004,55475.37215670612
0.5260000000000004,55470.18398898228
0.5280000000000004,55465.00187576139
0.5300000000000004,55459.82069298978
0.5320000000000004,55454.640225553914
0.5340000000000004,55449.45423592473
0.5360000000000004,55444.27409848009
0.5380000000000004,55439.094728180695
0.5400000000000004,55433.9159322064
0.5420000000000004,55428.73148790658
0.5440000000000004,55423.55277094092
0.5460000000000004,55418.37470325206
0.5480000000000004,55413.19100709265
0.5500000000000004,55408.01301248021
0.5520000000000004,55402.83561473907
0.5540000000000004,55397.65861097624
0.5560000000000004,55392.47577788317
0.5580000000000004,55387.29848186047
0.5600000000000004,55382.12165077427
0.5620000000000004,55376.93902567127
0.5640000000000004,55371.76192051504
0.5660000000000004,55366.58524699642
0.5680000000000004,55361.40272696641
0.5700000000000004,55356.22566696825
0.5720000000000004,55351.042901200264
0.5740000000000004,55345.86568121779
0.5760000000000004,55340.68900287705
0.5780000000000004,55335.50670985487
0.5800000000000004,55330.330206277504
0.5820000000000004,55325.14839414701
0.5840000000000004,55319.97253780871
0.5860000000000004,55314.791441942274
0.5880000000000004,55309.61630463366
0.5900000000000004,55304.44196687031
0.5920000000000004,55299.262112528624
0.5940000000000004,55294.088001198346
0.5960000000000004,55288.90846669708
0.5980000000000004,55283.73471975658
0.6000000000000004,55278.56162206204
0.6020000000000004,55273.382874114934
0.6040000000000004,55268.20973914613
0.6060000000000004,55263.031058125685
0.6080000000000004,55257.85804454165
0.6100000000000004,55252.679502956584
0.6120000000000004,55247.50661210587
0.6140000000000004,55242.32816517941
0.6160000000000004,55237.15533239878
0.6180000000000004,55231.976904870826
0.6200000000000004,55226.804049937484
0.6220000000000004,55221.625564306734
0.6240000000000004,55216.446554188056
0.6260000000000004,55211.27328007391
0.6280000000000004,55206.09445501515
0.6300000000000004,55200.92118105735
0.6320000000000005,55195.74222832211
0.6340000000000005,55190.562679078466
0.6360000000000005,55185.361351491105
0.6380000000000005,55180.186852731735
0.6400000000000005,55175.00694896524
0.6420000000000005,55169.826578189815
0.6440000000000005,55164.64584153971
0.6460000000000005,55159.46479992578
0.6480000000000005,55154.28348489758
0.6500000000000005,55149.107953692204
0.6520000000000005,55143.92682037194
0.6540000000000005,55138.74505876848
0.6560000000000005,55133.56280383764
0.6580000000000005,55128.38014639543
0.6600000000000005,55123.19108685758
0.6620000000000005,55118.007021208614
0.6640000000000005,55112.82297310777
0.6660000000000005,55107.63879050711
0.6680000000000005,55102.454362717224
0.6700000000000005,55097.26962285371
0.6720000000000005,55092.07848900751
0.6740000000000005,55086.892302251916
0.6760000000000005,55081.70607201668
0.6780000000000005,55076.51360736553
0.6800000000000005,55071.32616059708
0.6820000000000005,55066.13869401941
0.6840000000000005,55060.94498699032
0.6860000000000005,55055.75627723296
0.6880000000000005,55050.561489049695
0.6900000000000005,55045.36576076456
0.6920000000000005,55040.17535018131
0.6940000000000005,55034.97904795174
0.6960000000000005,55029.78188668725
0.6980000000000005,55024.5900709005
0.7000000000000005,55019.392357125915
0.7020000000000005,55014.193767834986
0.7040000000000005,55008.99447174196
0.7060000000000005,55003.79457341266
0.7080000000000005,54998.594129770834
0.7100000000000005,54993.393163887355
0.7120000000000005,54988.19168505875
0.7140000000000005,54982.989688924405
0.7160000000000005,54977.78717385448
0.7180000000000005,54972.58412759432
0.7200000000000005,54967.38107049224
0.7220000000000005,54962.17864720246
0.7240000000000005,54956.97676855782
0.7260000000000005,54951.77512972426
0.7280000000000005,54946.57342526892
0.7300000000000005,54941.37142963751
0.7320000000000005,54936.16298323038
0.7340000000000005,54930.95933946179
0.7360000000000005,54925.75553677238
0.7380000000000005,54920.545424448785
0.7400000000000005,54915.340231803995
0.7420000000000005,54910.134954691806
0.7440000000000005,54904.92340782725
0.7460000000000006,54899.71678889532
0.7480000000000006,54894.50406861655
0.7500000000000006,54889.296375970334
0.7520000000000006,54884.082631565354
0.7540000000000006,54878.86792297487
0.7560000000000006,54873.65846801183
0.7580000000000006,54868.44309415264
0.7600000000000006,54863.22681025219
0.7620000000000006,54858.009791901284
0.7640000000000006,54852.798144919696
0.7660000000000006,54847.5806330689
0.7680000000000006,54842.362221133546
0.7700000000000006,54837.14306123539
0.7720000000000006,54831.92325168458
0.7740000000000006,54826.70284466497
0.7760000000000006,54821.48186602348
0.7780000000000006,54816.26032404061
0.7800000000000006,54811.03221978539
0.7820000000000006,54805.8088363187
0.7840000000000006,54800.585226782896
0.7860000000000006,54795.36125351633
0.7880000000000006,54790.130924815116
0.7900000000000006,54784.90558099192
0.7920000000000006,54779.67435499435
0.7940000000000006,54774.44842670945
0.7960000000000006,54769.22278603213
0.7980000000000006,54763.9912436274
0.8000000000000006,54758.76494056105
0.8020000000000006,54753.53287073554
0.8040000000000006,54748.30611171545
0.8060000000000006,54743.073617757545
0.8080000000000006,54737.84643528287
0.8100000000000006,54732.61350543317
0.8120000000000006,54727.379879499065
0.8140000000000006,54722.151744566974
0.8160000000000006,54716.917960465544
0.8180000000000006,54711.68351726621
0.8200000000000006,54706.45456035215
0.8220000000000006,54701.21993769383
0.8240000000000006,54695.98462672792
0.8260000000000006,54690.748789836776
0.8280000000000006,54685.51252527387
0.8300000000000006,54680.275888239805
0.8320000000000006,54675.0448781081
0.8340000000000006,54669.80825344392
0.8360000000000006,54664.570927824294
0.8380000000000006,54659.33303407468
0.8400000000000006,54654.08868948762
0.8420000000000006,54648.84918144035
0.8440000000000006,54643.609612596214
0.8460000000000006,54638.36984945944
0.8480000000000006,54633.12979018437
0.8500000000000006,54627.889370077355
0.8520000000000006,54622.642577834245
0.8540000000000006,54617.40062317861
0.8560000000000006,54612.15857719044
0.8580000000000007,54606.910324242905
0.8600000000000007,54601.666987499666
0.8620000000000007,54596.417619878535
0.8640000000000007,54591.17327219927
0.8660000000000007,54585.9229460389
0.8680000000000007,54580.67765607525
0.8700000000000007,54575.42638678548
0.8720000000000007,54570.180143335914
0.8740000000000007,54564.92791336405
0.8760000000000007,54559.67473044549
0.8780000000000007,54554.42080290476
0.8800000000000007,54549.16625693562
0.8820000000000007,54543.91712106073
0.8840000000000007,54538.66221281923
0.8860000000000007,54533.40644778181
0.8880000000000007,54528.14996517977
0.8900000000000007,54522.89285621203
0.8920000000000007,54517.6351741563
0.8940000000000007,54512.37694466427
0.8960000000000007,54507.11222176296
0.8980000000000007,54501.85220648171
0.9000000000000007,54496.59199594349
0.9020000000000007,54491.331442662915
0.9040000000000007,54486.06449312699
0.9060000000000007,54480.802281587836
0.9080000000000007,54475.53987110753
0.9100000000000007,54470.271153424066
0.9120000000000007,54465.00721622683
0.9140000000000007,54459.73714904275
0.9160000000000007,54454.47196608343
0.9180000000000007,54449.20071175355
0.9200000000000007,54443.92841898508
0.9220000000000007,54438.66124668788
0.9240000000000007,54433.388140511954
0.9260000000000007,54428.11406309827
0.9280000000000007,54422.83918407976
0.9300000000000007,54417.56361226278
0.9320000000000007,54412.28740739684
0.9340000000000007,54407.010593947
0.9360000000000007,54401.73318551685
0.9380000000000007,54396.455181462596
0.9400000000000007,54391.17657902276
0.9420000000000007,54385.89737469276
0.9440000000000007,54380.617566308036
0.9460000000000007,54375.33714692197
0.9480000000000007,54370.05018161753
0.9500000000000007,54364.76783054697
0.9520000000000007,54359.485207149715
0.9540000000000007,54354.196236561664
0.9560000000000007,54348.91197865384
0.9580000000000007,54343.621560081134
0.9600000000000007,54338.33596275945
0.9620000000000007,54333.04426454719
0.9640000000000007,54327.75148404379
0.9660000000000007,54322.463759274026
0.9680000000000007,54317.17007101661
0.9700000000000008,54311.875370026595
0.9720000000000008,54306.57982464227
0.9740000000000008,54301.2835460919
0.9760000000000008,54295.98659184862
0.9780000000000008,54290.68899293797
0.9800000000000008,54285.39075894191
0.9820000000000008,54280.0918920377
0.9840000000000008,54274.79239239299
0.9860000000000008,54269.49225560977
0.9880000000000008,54264.19148077775
0.9900000000000008,54258.884143764255
0.9920000000000008,54253.581378231655
0.9940000000000008,54248.27830791886
0.9960000000000008,54242.96887971037
0.9980000000000008,54237.66412154404
1.0000000000000007,54232.35321717487
1.0020000000000007,54227.047210953795
1.0040000000000007,54221.735318192295
1.0060000000000007,54216.428533772174
1.0080000000000007,54211.11600317717
1.0100000000000007,54205.80868789084
1.0120000000000007,54200.49570715131
1.0140000000000007,54195.18207015416
1.0160000000000007,54189.86799213855
1.0180000000000007,54184.55950499004
1.0200000000000007,54179.245564087665
1.0220000000000007,54173.931053589964
1.0240000000000007,54168.616114740864
1.0260000000000007,54163.30674205467
1.0280000000000007,54157.99187809189
1.0300000000000007,54152.676398817726
1.0320000000000007,54147.360445328595
1.0340000000000007,54142.04410955632
1.0360000000000007,54136.72744146784
1.0380000000000007,54131.41046064969
1.0400000000000007,54126.09317016576
1.0420000000000007,54120.775571698796
1.0440000000000007,54115.457651440396
1.0460000000000007,54110.1335049289
1.0480000000000007,54104.81421357279
1.0500000000000007,54099.494916438736
1.0520000000000007,54094.175467618836
1.0540000000000007,54088.84987016496
1.0560000000000007,54083.529139950195
1.0580000000000007,54078.20839027754
1.0600000000000007,54072.88157030886
1.0620000000000007,54067.5596527304
1.0640000000000007,54062.23772310733
1.0660000000000007,54056.90971535554
1.0680000000000007,54051.5807027798
1.0700000000000007,54046.256842604584
1.0720000000000007,54040.927229000736
1.0740000000000007,54035.60268001786
1.0760000000000007,54030.272301890895
1.0780000000000007,54024.941044952815
1.0800000000000007,54019.60910342735
1.0820000000000007,54014.2824828538
1.0840000000000007,54008.95018328764
1.0860000000000007,54003.617073090725
1.0880000000000007,53998.283300090334
1.0900000000000007,53992.948957916386
1.0920000000000007,53987.61409874188
1.0940000000000007,53982.27874982794
1.0960000000000008,53976.942920009
1.0980000000000008,53971.60660507627
1.1000000000000008,53966.26980706655
1.1020000000000008,53960.926637028955
1.1040000000000008,53955.58814464717
1.1060000000000008,53950.249491575894
1.1080000000000008,53944.91053287439
1.1100000000000008,53939.56529680127
1.1120000000000008,53934.22476796353
1.1140000000000008,53928.878202366664
1.1160000000000008,53923.536491811166
1.1180000000000008,53918.188827032805
1.1200000000000008,53912.84605048803
1.1220000000000008,53907.49733389265
1.1240000000000008,53902.14763035293
1.1260000000000008,53896.803015883204
1.1280000000000008,53891.45258255688
1.1300000000000008,53886.1012230127
1.1320000000000008,53880.749107400494
1.1340000000000008,53875.40220517416
1.1360000000000008,53870.049548054376
1.1380000000000008,53864.69598945157
1.1400000000000008,53859.341673434355
1.1420000000000008,53853.986695760665
1.1440000000000008,53848.625252031874
1.1460000000000008,53843.26838950461
1.1480000000000008,53837.91129754802
1.1500000000000008,53832.55384496753
1.1520000000000008,53827.195934062554
1.1540000000000008,53821.8316458172
1.1560000000000008,53816.47195655333
1.1580000000000008,53811.11281248034
1.1600000000000008,53805.754456580216
1.1620000000000008,53800.39077575133
1.1640000000000008,53795.03241806773
1.1660000000000008,53789.674262324115
1.1680000000000008,53784.310105596174
1.1700000000000008,53778.950725077884
1.1720000000000008,53773.58532609367
1.1740000000000008,53768.22470641485
1.1760000000000008,53762.858082139355
1.1780000000000008,53757.49624850052
1.1800000000000008,53752.128418334214
1.1820000000000008,53746.759530415795
1.1840000000000008,53741.38979225962
1.1860000000000008,53736.02517909804
1.1880000000000008,53730.654773637005
1.1900000000000008,53725.28341607978
1.1920000000000008,53719.91125218804
1.1940000000000008,53714.53838005172
1.1960000000000008,53709.164856605756
1.1980000000000008,53703.790708887085
1.2000000000000008,53698.41010747339
1.2020000000000008,53693.0340350153
1.2040000000000008,53687.65769144721
1.2060000000000008,53682.2809374016
1.2080000000000009,53676.897840350495
1.2100000000000009,53671.519311106094
1.2120000000000009,53666.14052129649
1.2140000000000009,53660.75548452073
1.2160000000000009,53655.37513030197
1.2180000000000009,53649.98885363412
1.2200000000000009,53644.6075314541
1.2220000000000009,53639.22047854276
1.2240000000000009,53633.832654894155
1.2260000000000009,53628.45011396071
1.2280000000000009,53623.06202697185
1.2300000000000009,53617.673256637114
1.2320000000000009,53612.28395935621
1.2340000000000009,53606.900069188916
1.2360000000000009,53601.51068425842
1.2380000000000009,53596.120618057
1.2400000000000009,53590.73000805897
1.2420000000000009,53585.33894621117
1.2440000000000009,53579.94748674615
1.2460000000000009,53574.55564968432
1.2480000000000009,53569.16344473743
1.2500000000000009,53563.77087054445
1.252000000000001,53558.37792037539
1.254000000000001,53552.98458908291
1.256000000000001,53547.59087002806
1.258000000000001,53542.19675482162
1.260000000000001,53536.79642194382
1.262000000000001,53531.40079766847
1.264000000000001,53526.005097150766
1.266000000000001,53520.603363877846
1.268000000000001,53515.20643276505
1.270000000000001,53509.80945970755
1.272000000000001,53504.406460680664
1.274000000000001,53499.00825136699
1.276000000000001,53493.60417145907
1.278000000000001,53488.19917832013
1.280000000000001,53482.799324211046
1.282000000000001,53477.39384345588
1.284000000000001,53471.993405803885
1.286000000000001,53466.58726323933
1.288000000000001,53461.18029678961
1.290000000000001,53455.77269557664
1.292000000000001,53450.36458022459
1.294000000000001,53444.9618210191
1.296000000000001,53439.55353970631
1.298000000000001,53434.1445141989
1.300000000000001,53428.73487596325
1.302000000000001,53423.32471243731
1.304000000000001,53417.91407705029
1.306000000000001,53412.5029952201
1.308000000000001,53407.085671431116
1.310000000000001,53401.673010358936
1.312000000000001,53396.26023971694
1.314000000000001,53390.847223930505
1.316000000000001,53385.43386367071
1.318000000000001,53380.014301542964
1.320000000000001,53374.59939021637
1.322000000000001,53369.17855568174
1.324000000000001,53363.762542315366
1.326000000000001,53358.34649345413
1.328000000000001,53352.92442045447
1.330000000000001,53347.501291068584
1.332000000000001,53342.0831523778
1.334000000000001,53336.65928631893
1.336000000000001,53331.23453457652
1.338000000000001,53325.81486238917
1.340000000000001,53320.38950121343
1.342000000000001,53314.96326491358
1.344000000000001,53309.53631324141
1.346000000000001,53304.10874854033
1.348000000000001,53298.68062929877
1.350000000000001,53293.25198463287
1.352000000000001,53287.82282540309
1.354000000000001,53282.39315172843
1.356000000000001,53276.96296251442
1.358000000000001,53271.53225263651
1.360000000000001,53266.10102131067
1.362000000000001,53260.66926128331
1.364000000000001,53255.231190996354
1.366000000000001,53249.79766553314
1.368000000000001,53244.3639368801
1.370000000000001,53238.92409386804
1.372000000000001,53233.48889424901
1.374000000000001,53228.047759579626
1.376000000000001,53222.611373816035
1.378000000000001,53217.169112159536
1.380000000000001,53211.725849562245
1.382000000000001,53206.28756760358
1.384000000000001,53200.84354255436
1.386000000000001,53195.39858602045
1.388000000000001,53189.95286354275
1.390000000000001,53184.51225031933
1.392000000000001,53179.06596407232
1.394000000000001,53173.61877279277
1.396000000000001,53168.17082033566
1.398000000000001,53162.72220108452
1.400000000000001,53157.27296980053
1.402000000000001,53151.817389720156
1.404000000000001,53146.36630534607
1.406000000000001,53140.914983838105
1.408000000000001,53135.46329614788
1.410000000000001,53130.00538571566
1.412000000000001,53124.55201588823
1.414000000000001,53119.098422338415
1.416000000000001,53113.6386950674
1.418000000000001,53108.18355818108
1.420000000000001,53102.72245922679
1.422000000000001,53097.26605659861
1.424000000000001,53091.803752442596
1.426000000000001,53086.340415307066
1.428000000000001,53080.88200507655
1.430000000000001,53075.41783831525
1.432000000000001,53069.95275794689
1.434000000000001,53064.48700507524
1.436000000000001,53059.020751268494
1.438000000000001,53053.5540996656
1.440000000000001,53048.09286089543
1.442000000000001,53042.62625465504
1.444000000000001,53037.15900766565
1.446000000000001,53031.6854982543
1.448000000000001,53026.21661087274
1.450000000000001,53020.747673841295
1.452000000000001,53015.27858429129
1.454000000000001,53009.80925537858
1.456000000000001,53004.339632387266
1.458000000000001,52998.86967686828
1.460000000000001,52993.39362257617
1.462000000000001,52987.92224843331
1.464000000000001,52982.45083104053
1.466000000000001,52976.973490078446
1.468000000000001,52971.50091895609
1.470000000000001,52966.02259949803
1.472000000000001,52960.54914884011
1.474000000000001,52955.07000449222
1.476000000000001,52949.595748797925
1.478000000000001,52944.1158038436
1.480000000000001,52938.64074045546
1.482000000000001,52933.15997947368
1.484000000000001,52927.67835075999
1.486000000000001,52922.19605434062
1.488000000000001,52916.71894558182
1.490000000000001,52911.2363222304
1.492000000000001,52905.75292290739
1.494000000000001,52900.26889104824
1.496000000000001,52894.78431482783
1.498000000000001,52889.299248303076
1.500000000000001,52883.8137197266
1.5020000000000011,52878.3277376458
1.5040000000000011,52872.841305178415
1.5060000000000011,52867.35441789198
1.5080000000000011,52861.86707182764
1.5100000000000011,52856.37353673833
1.5120000000000011,52850.884563848456
1.5140000000000011,52845.39544824106
1.5160000000000011,52839.90033351792
1.5180000000000011,52834.40987804008
1.5200000000000011,52828.91932064831
1.5220000000000011,52823.42277912082
1.5240000000000011,52817.93088720201
1.5260000000000011,52812.433166945324
1.5280000000000011,52806.93447325399
1.5300000000000011,52801.44074594762
1.5320000000000011,52795.94137938873
1.5340000000000011,52790.44114229682
1.5360000000000011,52784.94590965246
1.5380000000000011,52779.44505395289
1.5400000000000011,52773.94332331145
1.5420000000000011,52768.44088424532
1.5440000000000011,52762.93785284787
1.5460000000000012,52757.43430688263
1.5480000000000012,52751.93028742521
1.5500000000000012,52746.42581178979
1.5520000000000012,52740.92088586102
1.5540000000000012,52735.41550890164
1.5560000000000012,52729.909678910495
1.5580000000000012,52724.39768170825
1.5600000000000012,52718.890231451325
1.5620000000000012,52713.38264251717
1.5640000000000012,52707.86907474949
1.5660000000000012,52702.3601504302
1.5680000000000012,52696.85112567508
1.5700000000000012,52691.33613819465
1.5720000000000012,52685.825785571986
1.5740000000000012,52680.31040501624
1.5760000000000012,52674.800897741574
1.5780000000000012,52669.28662337083
1.5800000000000012,52663.77780220675
1.5820000000000012,52658.269369112255
1.5840000000000012,52652.755225777255
1.5860000000000012,52647.24012441949
1.5880000000000012,52641.72993745451
1.5900000000000012,52636.214098688695
1.5920000000000012,52630.69735468066
1.5940000000000012,52625.18556836075
1.5960000000000012,52619.66815475194
1.5980000000000012,52614.14984824773
1.6000000000000012,52608.630808599635
1.6020000000000012,52603.1111370138
1.6040000000000012,52597.59089402612
1.6060000000000012,52592.070110058565
1.6080000000000012,52586.548798247175
1.6100000000000012,52581.02696152435
1.6120000000000012,52575.50459695928
1.6140000000000012,52569.98170338908
1.6160000000000012,52564.452591364614
1.6180000000000012,52558.92793401011
1.6200000000000012,52553.40306272166
1.6220000000000012,52547.8721676968
1.6240000000000012,52542.34582708302
1.6260000000000012,52536.813636879175
1.6280000000000012,52531.286107124564
1.6300000000000012,52525.752790095095
1.6320000000000012,52520.22415757478
1.6340000000000012,52514.68974729101
1.6360000000000012,52509.15434324741
1.6380000000000012,52503.62381990773
1.6400000000000012,52498.08764002278
1.6420000000000012,52492.55053517055
1.6440000000000012,52487.01266014269
1.6460000000000012,52481.474124137494
1.6480000000000012,52475.93499378845
1.6500000000000012,52470.39536106705
1.6520000000000012,52464.85529901864
1.6540000000000012,52459.31486306896
1.6560000000000012,52453.77408481587
1.6580000000000013,52448.232978724875
1.6600000000000013,52442.69154568216
1.6620000000000013,52437.14978776882
1.6640000000000013,52431.60203160514
1.6660000000000013,52426.05891071744
1.6680000000000013,52420.51577099668
1.6700000000000013,52414.972483811805
1.6720000000000013,52409.42328521529
1.6740000000000013,52403.87875114506
1.6760000000000013,52398.32853116871
1.6780000000000013,52392.78311610865
1.6800000000000013,52387.23209613812
1.6820000000000013,52381.6859113221
1.6840000000000013,52376.134135058135
1.6860000000000013,52370.58718931622
1.6880000000000013,52365.03464317213
1.6900000000000013,52359.481258625034
1.6920000000000013,52353.9272257614
1.6940000000000013,52348.37832738248
1.6960000000000013,52342.82400922579
1.6980000000000013,52337.26894250114
1.7000000000000013,52331.71326520806
1.7020000000000013,52326.15706598254
1.7040000000000013,52320.60040030516
1.7060000000000013,52315.043292792434
1.7080000000000013,52309.48575624256
1.7100000000000013,52303.92778890163
1.7120000000000013,52298.369391385095
1.7140000000000013,52292.8105582638
1.7160000000000013,52287.245633865445
1.7180000000000013,52281.685221102605
1.7200000000000013,52276.12468496814
1.7220000000000013,52270.56389454125
1.7240000000000013,52264.99711164738
1.7260000000000013,52259.434876919986
1.7280000000000013,52253.866878734494
1.7300000000000013,52248.30357108745
1.7320000000000013,52242.73458524419
1.7340000000000013,52237.17032623915
1.7360000000000013,52231.60040262205
1.7380000000000013,52226.02956586116
1.7400000000000013,52220.463647890036
1.7420000000000013,52214.892186706704
1.7440000000000013,52209.319871973756
1.7460000000000013,52203.74686455864
1.7480000000000013,52198.17326461764
1.7500000000000013,52192.599130179646
1.7520000000000013,52187.02449451282
1.7540000000000013,52181.449366212466
1.7560000000000013,52175.873748536775
1.7580000000000013,52170.29764115111
1.7600000000000013,52164.72104111944
1.7620000000000013,52159.14394333544
1.7640000000000013,52153.56634630554
1.7660000000000013,52147.982616643174
1.7680000000000013,52142.403317651275
1.7700000000000014,52136.823833831135
1.7720000000000014,52131.23840865502
1.7740000000000014,52125.65751813833
1.7760000000000014,52120.07086204057
1.7780000000000014,52114.48884224133
1.7800000000000014,52108.90111903185
1.7820000000000014,52103.318057940836
1.7840000000000014,52097.7293026724
1.7860000000000014,52092.13958696979
1.7880000000000014,52086.549102713085
1.7900000000000014,52080.96359674367
1.7920000000000014,52075.37258836933
1.7940000000000014,52069.780721419665
1.7960000000000014,52064.18812923812
1.7980000000000014,52058.59490770664
1.8000000000000014,52053.00111273241
1.8020000000000014,52047.406779384844
1.8040000000000014,52041.81193688106
1.8060000000000014,52036.21660053832
1.8080000000000014,52030.61516518811
1.8100000000000014,52025.01816921179
1.8120000000000014,52019.421013021136
1.8140000000000014,52013.82357147235
1.8160000000000014,52008.22013987547
1.8180000000000014,52002.621193675695
1.8200000000000014,51997.01648707377
1.8220000000000014,51991.41640645169
1.8240000000000014,51985.810651373635
1.8260000000000014,51980.20956093446
1.8280000000000014,51974.6028112132
1.8300000000000014,51969.00072696054
1.8320000000000014,51963.392981156365
1.8340000000000014,51957.78428967162
1.8360000000000014,51952.17484271694
1.8380000000000014,51946.56476308003
1.8400000000000014,51940.95972659465
1.8420000000000014,51935.34925312159
1.8440000000000014,51929.73794768935
1.8460000000000014,51924.125935294
1.8480000000000014,51918.51330262577
1.8500000000000014,51912.89450292041
1.8520000000000014,51907.28007207985
1.8540000000000014,51901.66543561683
1.8560000000000014,51896.05047501956
1.8580000000000014,51890.435103927215
1.8600000000000014,51884.813664506466
1.8620000000000014,51879.1966250549
1.8640000000000014,51873.57378844201
1.8660000000000014,51867.955528545994
1.8680000000000014,51862.33162532787
1.8700000000000014,51856.71245043272
1.8720000000000014,51851.08775129372
1.8740000000000014,51845.46785370346
1.8760000000000014,51839.84247553855
1.8780000000000014,51834.21632301177
1.8800000000000014,51828.59517913052
1.8820000000000014,51822.968678385434
1.8840000000000015,51817.34146582767
1.8860000000000015,51811.713694370934
1.8880000000000015,51806.09105016593
1.8900000000000015,51800.46310937452
1.8920000000000015,51794.834474299874
1.8940000000000015,51789.2052757902
1.8960000000000015,51783.57560203366
1.8980000000000015,51777.94550714815
1.9000000000000015,51772.315015230015
1.9020000000000015,51766.67855956927
1.9040000000000015,51761.04660730377
1.9060000000000015,51755.41458769299
1.9080000000000015,51749.782373869435
1.9100000000000015,51744.14987536817
1.9120000000000015,51738.51145252601
1.9140000000000015,51732.8775324141
1.9160000000000015,51727.24352781374
1.9180000000000015,51721.60373173939
1.9200000000000015,51715.9685105139
1.9220000000000015,51710.32766414928
1.9240000000000015,51704.691492654245
1.9260000000000015,51699.04975668668
1.9280000000000015,51693.40714936295
1.9300000000000015,51687.76943465448
1.9320000000000015,51682.1262859613
1.9340000000000015,51676.48233367762
1.9360000000000015,51670.837731717926
1.9380000000000015,51665.198145809976
1.9400000000000015,51659.55319453407
1.9420000000000015,51653.907462358846
1.9440000000000015,51648.26108275571
1.9460000000000015,51642.61414519021
1.9480000000000015,51636.966702406935
1.9500000000000015,51631.31878638005
1.9520000000000015,51625.67040438693
1.9540000000000015,51620.016001802425
1.9560000000000015,51614.36600761332
1.9580000000000015,51608.715867214945
1.9600000000000015,51603.06545471314
1.9620000000000015,51597.40912310237
1.9640000000000015,51591.757238790815
1.9660000000000015,51586.0996599603
1.9680000000000015,51580.44667286865
1.9700000000000015,51574.79459379335
1.9720000000000015,51569.1378644489
1.9740000000000015,51563.486574260096
1.9760000000000015,51557.83580971797
1.9780000000000015,51552.179610235675
1.9800000000000015,51546.52810365742
1.9820000000000015,51540.87101820226
1.9840000000000015,51535.21854936954
1.9860000000000015,51529.56046949095
1.9880000000000015,51523.9014406402
1.9900000000000015,51518.241656093276
1.9920000000000015,51512.58678543462
1.9940000000000015,51506.9264998389
1.9960000000000016,51501.265375617404
1.9980000000000016,51495.60354734453
2.0000000000000013,51489.94110626766
2.002000000000001,51484.27810746899
2.004000000000001,51478.614582300055
2.0060000000000007,51472.950540572136
2.0080000000000005,51467.28598792817
2.0100000000000002,51461.62092290596
2.012,51455.94980528709
2.014,51450.283022025724
2.0159999999999996,51444.61603668628
2.0179999999999993,51438.94318971335
2.019999999999999,51433.274776848266
2.021999999999999,51427.60621303235
2.0239999999999987,51421.93180616964
2.0259999999999985,51416.26183485264
2.0279999999999982,51410.58617276199
2.029999999999998,51404.90950707188
2.031999999999998,51399.23758523156
2.0339999999999976,51393.5601624603
2.0359999999999974,51387.881844075986
2.037999999999997,51382.202784319816
2.039999999999997,51376.52861600574
2.0419999999999967,51370.849028985314
2.0439999999999965,51365.168580892794
2.0459999999999963,51359.487401232975
2.047999999999996,51353.805580364264
2.049999999999996,51348.117648021704
2.0519999999999956,51342.43399827094
2.0539999999999954,51336.75012013746
2.055999999999995,51331.06590609991
2.057999999999995,51325.381280369016
2.0599999999999947,51319.69067519912
2.0619999999999945,51314.004422135156
2.0639999999999943,51308.31798851406
2.065999999999994,51302.62573138924
2.067999999999994,51296.937914374925
2.0699999999999936,51291.24444252908
2.0719999999999934,51285.54999637994
2.073999999999993,51279.86030432669
2.075999999999993,51274.1651542491
2.0779999999999927,51268.469131730104
2.0799999999999925,51262.77791111829
2.0819999999999923,51257.081247604634
2.083999999999992,51251.38371806775
2.085999999999992,51245.68549920955
2.0879999999999916,51239.98673773475
2.0899999999999914,51234.28753511901
2.091999999999991,51228.58794852489
2.093999999999991,51222.88801027681
2.0959999999999908,51217.187733347135
2.0979999999999905,51211.48711788578
2.0999999999999903,51205.786162961725
2.10199999999999,51200.08486176086
2.10399999999999,51194.37770463744
2.1059999999999897,51188.67500901502
2.1079999999999894,51182.97226443042
2.109999999999989,51177.26935087783
2.111999999999989,51171.56067240562
2.1139999999999888,51165.85648949528
2.1159999999999886,51160.14676326562
2.1179999999999883,51154.44166936731
2.119999999999988,51148.73110998039
2.121999999999988,51143.02522108621
2.1239999999999877,51137.31388290609
2.1259999999999875,51131.60171288939
2.1279999999999872,51125.894396646785
2.129999999999987,51120.18174575839
2.131999999999987,51114.4683231841
2.1339999999999866,51108.75427942358
2.1359999999999864,51103.04521036348
2.137999999999986,51097.33087128346
2.139999999999986,51091.61578643077
2.1419999999999857,51085.900082878004
2.1439999999999855,51080.18385133939
2.1459999999999853,51074.46714071248
2.147999999999985,51068.74998254801
2.149999999999985,51063.032389387634
2.1519999999999846,51057.30887293023
2.1539999999999844,51051.589723592784
2.155999999999984,51045.87044863854
2.157999999999984,51040.15092843852
2.1599999999999837,51034.42558759953
2.1619999999999835,51028.7046513169
2.1639999999999833,51022.978115089776
2.165999999999983,51017.2561239343
2.167999999999983,51011.52861464573
2.1699999999999826,51005.80568973119
2.1719999999999824,51000.07726432419
2.173999999999982,50994.353424297966
2.175999999999982,50988.624081788694
2.1779999999999817,50982.893837124924
2.1799999999999815,50977.16287766975
2.1819999999999813,50971.436798947725
2.183999999999981,50965.705406224704
2.185999999999981,50959.973210524295
2.1879999999999806,50954.24034402875
2.1899999999999804,50948.506895351835
2.19199999999998,50942.77291912821
2.19399999999998,50937.0384443082
2.1959999999999797,50931.30348411807
2.1979999999999795,50925.562569638685
2.1999999999999793,50919.82595585877
2.201999999999979,50914.08916907642
2.203999999999979,50908.35208959443
2.2059999999999786,50902.60916206505
2.2079999999999784,50896.87057942774
2.209999999999978,50891.12636737979
2.211999999999978,50885.386641969235
2.2139999999999778,50879.64137225694
2.2159999999999775,50873.90062862528
2.2179999999999773,50868.154361296154
2.219999999999977,50862.407158537826
2.221999999999977,50856.66467043096
2.2239999999999767,50850.91677884288
2.2259999999999764,50845.16801836854
2.227999999999976,50839.41853978638
2.229999999999976,50833.668444656265
2.231999999999976,50827.92325214911
2.2339999999999756,50822.172759165136
2.2359999999999753,50816.41598636722
2.237999999999975,50810.66328087858
2.239999999999975,50804.9102661017
2.2419999999999747,50799.15688104403
2.2439999999999745,50793.40307127513
2.2459999999999742,50787.64879378663
2.247999999999974,50781.88856905757
2.249999999999974,50776.13260241061
2.2519999999999736,50770.37642903467
2.2539999999999734,50764.61447737
2.255999999999973,50758.856878079
2.257999999999973,50753.09366752933
2.2599999999999727,50747.329465361916
2.2619999999999725,50741.569924440315
2.2639999999999723,50735.80497048335
2.265999999999972,50730.03912833249
2.267999999999972,50724.277995672426
2.2699999999999716,50718.51146914604
2.2719999999999714,50712.74405893398
2.273999999999971,50706.97590891513
2.275999999999971,50701.20711731367
2.2779999999999707,50695.43774565409
2.2799999999999705,50689.66782410684
2.2819999999999703,50683.897368105754
2.28399999999997,50678.12638255232
2.28599999999997,50672.354868384944
2.2879999999999696,50666.57738575512
2.2899999999999694,50660.80412211874
2.291999999999969,50655.03063488731
2.293999999999969,50649.25136840882
2.2959999999999687,50643.47642680441
2.2979999999999685,50637.69587754898
2.2999999999999683,50631.91975457831
2.301999999999968,50626.13808644741
2.303999999999968,50620.36088296573
2.3059999999999676,50614.57819154314
2.3079999999999674,50608.79462257215
2.309999999999967,50603.010404898036
2.311999999999967,50597.231114133014
2.3139999999999668,50591.44666622677
2.3159999999999665,50585.66153992829
2.3179999999999663,50579.87586581133
2.319999999999966,50574.08973487495
2.321999999999966,50568.303199678914
2.3239999999999656,50562.51628373511
2.3259999999999654,50556.728999417675
2.327999999999965,50550.94134868913
2.329999999999965,50545.15332893018
2.3319999999999648,50539.364935832215
2.3339999999999645,50533.5761628808
2.3359999999999643,50527.781588458245
2.337999999999964,50521.991361364795
2.339999999999964,50516.20105093585
2.3419999999999637,50510.40512236796
2.3439999999999634,50504.61363894273
2.3459999999999632,50498.82287995989
2.347999999999963,50493.03303124829
2.349999999999963,50487.23843810588
2.3519999999999626,50481.448910515326
2.3539999999999623,50475.659735764064
2.355999999999962,50469.86517506094
2.357999999999962,50464.075153859245
2.3599999999999617,50458.27970995091
2.3619999999999615,50452.488796868194
2.3639999999999612,50446.69246255284
2.365999999999961,50440.895253736926
2.367999999999961,50435.10276411092
2.3699999999999606,50429.3049837688
2.3719999999999604,50423.506398733305
2.37399999999996,50417.707159411955
2.37599999999996,50411.91277208419
2.3779999999999597,50406.11316583464
2.3799999999999595,50400.312787566894
2.3819999999999593,50394.51176272055
2.383999999999959,50388.7101778035
2.385999999999959,50382.90808694182
2.3879999999999586,50377.100116304624
2.3899999999999584,50371.29639902057
2.391999999999958,50365.49252728845
2.393999999999958,50359.688388276394
2.3959999999999577,50353.883897254505
2.3979999999999575,50348.07359837928
2.3999999999999573,50342.267568140145
2.401999999999957,50336.45598318837
2.403999999999957,50330.64883200722
2.4059999999999566,50324.83622239454
2.4079999999999564,50319.028092868655
2.409999999999956,50313.21452859367
2.411999999999956,50307.405446590776
2.4139999999999557,50301.590927503705
2.4159999999999555,50295.77549605227
2.4179999999999553,50289.959329597856
2.419999999999955,50284.142549659344
2.421999999999955,50278.33061592793
2.4239999999999546,50272.51346783053
2.4259999999999544,50266.69552271853
2.427999999999954,50260.87689858439
2.429999999999954,50255.057674491814
2.4319999999999538,50249.23252071911
2.4339999999999535,50243.41155008579
2.4359999999999533,50237.590381426824
2.437999999999953,50231.76890727933
2.439999999999953,50225.94704706412
2.4419999999999527,50220.119361509416
2.4439999999999524,50214.295896291005
2.445999999999952,50208.46685939038
2.447999999999952,50202.64220833887
2.4499999999999518,50196.81208415336
2.4519999999999516,50190.98639340215
2.4539999999999513,50185.15525119277
2.455999999999951,50179.32854884335
2.457999999999951,50173.496395248156
2.4599999999999507,50167.663299688036
2.4619999999999505,50161.82944193653
2.4639999999999502,50155.994942730424
2.46599999999995,50150.159872969954
2.46799999999995,50144.32964052108
2.4699999999999496,50138.4942008332
2.4719999999999493,50132.652571773644
2.473999999999949,50126.81492573588
2.475999999999949,50120.97695814554
2.4779999999999487,50115.13861064414
2.4799999999999485,50109.299829040516
2.4819999999999482,50103.46057638789
2.483999999999948,50097.6154557861
2.485999999999948,50091.77450664512
2.4879999999999476,50085.92797149783
2.4899999999999474,50080.08578738449
2.491999999999947,50074.23812359897
2.493999999999947,50068.39486159285
2.4959999999999467,50062.54614616876
2.4979999999999465,50056.70183466223
2.4999999999999463,50050.852071901216
2.501999999999946,50045.001348427206
2.503999999999946,50039.14984669268
2.5059999999999456,50033.297685897574
2.5079999999999454,50027.45029320016
2.509999999999945,50021.597674957826
2.511999999999945,50015.744218613465
2.5139999999999447,50009.88468455269
2.5159999999999445,50004.02918417548
2.5179999999999443,49998.1734018162
2.519999999999944,49992.31725597527
2.521999999999944,49986.46067762668
2.5239999999999436,49980.60363418239
2.5259999999999434,49974.740776493374
2.527999999999943,49968.882141063565
2.529999999999943,49963.01802809067
2.5319999999999427,49957.15835675795
2.5339999999999425,49951.29333753051
2.5359999999999423,49945.432824419426
2.537999999999942,49939.56699258853
2.539999999999942,49933.7056702773
2.5419999999999416,49927.83902709418
2.5439999999999414,49921.971540416685
2.545999999999941,49916.108731732966
2.547999999999941,49910.24071406417
2.5499999999999408,49904.37191255965
2.5519999999999405,49898.502476983
2.5539999999999403,49892.632512504286
2.55599999999994,49886.762084324684
2.55799999999994,49880.891230626825
2.5599999999999397,49875.019967183565
2.5619999999999394,49869.14830127998
2.563999999999939,49863.276229552765
2.565999999999939,49857.403750794445
2.5679999999999388,49851.53086253043
2.5699999999999386,49845.65222443248
2.5719999999999383,49839.77782130566
2.573999999999938,49833.903298378405
2.575999999999938,49828.02321038411
2.5779999999999377,49822.14745542917
2.5799999999999375,49816.2662973664
2.5819999999999372,49810.38957343872
2.583999999999937,49804.50750194606
2.585999999999937,49798.62989198048
2.5879999999999366,49792.746946487365
2.5899999999999364,49786.86313068865
2.591999999999936,49780.983950172056
2.593999999999936,49775.09955062954
2.5959999999999357,49769.2143444447
2.5979999999999355,49763.32847643125
2.5999999999999353,49757.442043599855
2.601999999999935,49751.55510289447
2.603999999999935,49745.667688728354
2.6059999999999346,49739.779811515255
2.6079999999999344,49733.891477090314
2.609999999999934,49728.00268329241
2.611999999999934,49722.113427426535
2.6139999999999337,49716.22370946707
2.6159999999999335,49710.328203976365
2.6179999999999333,49704.436866633
2.619999999999933,49698.54535888973
2.621999999999933,49692.64825253255
2.6239999999999326,49686.75541395643
2.6259999999999324,49680.857141386434
2.627999999999932,49674.963239301374
2.629999999999932,49669.06396054535
2.6319999999999317,49663.16907972627
2.6339999999999315,49657.26883621027
2.6359999999999313,49651.36767910641
2.637999999999931,49645.46578714163
2.639999999999931,49639.56328101249
2.6419999999999306,49633.66553629312
2.6439999999999304,49627.76265152154
2.64599999999993,49621.85897409428
2.64799999999993,49615.954614225135
2.6499999999999297,49610.049657705305
2.6519999999999295,49604.13884522657
2.6539999999999293,49598.232140216256
2.655999999999929,49592.32523084808
2.657999999999929,49586.418012801725
2.6599999999999286,49580.51040760188
2.6619999999999284,49574.59705556747
2.663999999999928,49568.6878482475
2.665999999999928,49562.77314445631
2.6679999999999278,49556.86274781591
2.6699999999999275,49550.94695317609
2.6719999999999273,49545.03551337301
2.673999999999927,49539.11869931515
2.675999999999927,49533.200948283185
2.6779999999999267,49527.28773713607
2.6799999999999264,49521.369269138784
2.681999999999926,49515.44993087862
2.683999999999926,49509.52986862031
2.685999999999926,49503.609179598934
2.6879999999999256,49497.6879205778
2.6899999999999253,49491.76612661813
2.691999999999925,49485.843811179955
2.693999999999925,49479.92097957816
2.6959999999999247,49473.997632216415
2.6979999999999245,49468.07376796074
2.6999999999999242,49462.14938437748
2.701999999999924,49456.2191917507
2.703999999999924,49450.29375888831
2.7059999999999236,49444.369172158695
2.7079999999999234,49438.4452157242
2.709999999999923,49432.51626962936
2.711999999999923,49426.59191417321
2.7139999999999227,49420.66762079529
2.7159999999999225,49414.73785094313
2.7179999999999223,49408.81232667141
2.719999999999922,49402.88136345316
2.721999999999922,49396.9546827538
2.7239999999999216,49391.02259888741
2.7259999999999214,49385.08954176416
2.727999999999921,49379.16097424997
2.729999999999921,49373.22713949981
2.7319999999999207,49367.29241184745
2.7339999999999205,49361.356937087345
2.7359999999999203,49355.42081161392
2.73799999999992,49349.4840971444
2.73999999999992,49343.54682489702
2.7419999999999196,49337.60901093195
2.7439999999999194,49331.670680769246
2.745999999999919,49325.731862886445
2.747999999999919,49319.792583375245
2.7499999999999187,49313.84759290899
2.7519999999999185,49307.906759672966
2.7539999999999183,49301.96579575209
2.755999999999918,49296.01932915291
2.757999999999918,49290.07713401626
2.7599999999999176,49284.134863468484
2.7619999999999174,49278.18711107483
2.763999999999917,49272.23836409761
2.765999999999917,49266.294121653256
2.7679999999999167,49260.344685213175
2.7699999999999165,49254.39969971954
2.7719999999999163,49248.4494693137
2.773999999999916,49242.49838417654
2.775999999999916,49236.546608989804
2.7779999999999156,49230.59425511944
2.7799999999999154,49224.6413898319
2.781999999999915,49218.688048945674
2.783999999999915,49212.734246851614
2.7859999999999148,49206.77998999553
2.7879999999999145,49200.82527682122
2.7899999999999143,49194.870107605064
2.791999999999914,49188.914475133264
2.793999999999914,49182.958386078666
2.7959999999999137,49176.99658850368
2.7979999999999134,49171.03891577699
2.7999999999999132,49165.08109046757
2.801999999999913,49159.11775726837
2.803999999999913,49153.15865954026
2.8059999999999126,49147.194213423514
2.8079999999999123,49141.2341032932
2.809999999999912,49135.26870587873
2.811999999999912,49129.302423789406
2.8139999999999117,49123.3406805473
2.8159999999999115,49117.37378171126
2.8179999999999112,49111.406067094555
2.819999999999911,49105.43767853675
2.821999999999911,49099.47395577851
2.8239999999999106,49093.50514566366
2.8259999999999104,49087.53555170602
2.82799999999991,49081.565290087034
2.82999999999991,49075.5944482842
2.8319999999999097,49069.61783889757
2.8339999999999095,49063.64529124136
2.8359999999999093,49057.67255496589
2.837999999999909,49051.69952990633
2.839999999999909,49045.72089790936
2.8419999999999086,49039.74640186073
2.8439999999999084,49033.77174288721
2.845999999999908,49027.791562100385
2.847999999999908,49021.81556253344
2.8499999999999077,49015.83418877335
2.8519999999999075,49009.85709241175
2.8539999999999073,49003.874682096255
2.855999999999907,48997.89134645531
2.857999999999907,48991.912495731885
2.8599999999999066,48985.92846578825
2.8619999999999064,48979.943583409025
2.863999999999906,48973.957990648436
2.865999999999906,48967.97178465656
2.8679999999999057,48961.98502304529
2.8699999999999055,48955.99773911821
2.8719999999999053,48950.00994463549
2.873999999999905,48944.02164616821
2.875999999999905,48938.03284412964
2.8779999999999046,48932.04353688738
2.8799999999999044,48926.04850031408
2.881999999999904,48920.05749794308
2.883999999999904,48914.066280146224
2.8859999999999038,48908.06951706012
2.8879999999999035,48902.076893592435
2.8899999999999033,48896.07888704951
2.891999999999903,48890.08512127454
2.893999999999903,48884.08603378089
2.8959999999999027,48878.08599782492
2.8979999999999024,48872.09041058506
2.899999999999902,48866.08963357357
2.901999999999902,48860.08798320511
2.9039999999999018,48854.08559979054
2.9059999999999016,48848.08258098469
2.9079999999999013,48842.0789859623
2.909999999999901,48836.074845517716
2.911999999999901,48830.070174749686
2.9139999999999007,48824.06497918946
2.9159999999999004,48818.05925949237
2.9179999999999002,48812.05301466111
2.9199999999999,48806.046242778095
2.9219999999999,48800.03373563786
2.9239999999998996,48794.025228967614
2.9259999999998993,48788.01127867076
2.927999999999899,48782.00151675379
2.929999999999899,48775.99162516114
2.9319999999998987,48769.976243345736
2.9339999999998985,48763.95978610807
2.9359999999998982,48757.947681833386
2.937999999999898,48751.93034872638
2.939999999999898,48745.91211036995
2.9419999999998976,48739.89311925748
2.9439999999998974,48733.87867668978
2.945999999999897,48727.859119727524
2.947999999999897,48721.83871114545
2.9499999999998967,48715.81756989762
2.9519999999998965,48709.79058657406
2.9539999999998963,48703.76753090257
2.955999999999896,48697.74420498913
2.957999999999896,48691.72052048697
2.9599999999998956,48685.69640365364
2.9619999999998954,48679.66661506621
2.963999999999895,48673.64085221469
2.965999999999895,48667.614902453
2.9679999999998947,48661.58348092956
2.9699999999998945,48655.55622497067
2.9719999999998943,48649.52367824584
2.973999999999894,48643.4902217754
2.975999999999894,48637.46124360996
2.9779999999998936,48631.42716980817
2.9799999999998934,48625.39229423898
2.981999999999893,48619.36194303613
2.983999999999893,48613.32651742319
2.9859999999998927,48607.2902897436
2.9879999999998925,48601.25339644633
2.9899999999998923,48595.21592825744
2.991999999999892,48589.17794269939
2.993999999999892,48583.13947094964
2.9959999999998916,48577.10052754179
2.9979999999998914,48571.06111602579
2.999999999999891,48565.01605851333
3.001999999999891,48558.97503768354
3.0039999999998908,48552.933836592565
3.0059999999998905,48546.892349197435
3.0079999999998903,48540.84531958209
3.00999999999989,48534.80236987504
3.01199999999989,48528.75408098781
3.0139999999998897,48522.710008662005
3.0159999999998894,48516.66067934728
3.017999999999889,48510.61043588622
3.019999999999889,48504.564625696716
3.0219999999998888,48498.51370076872
3.0239999999998886,48492.461936039006
3.0259999999998883,48486.40946837825
3.027999999999888,48480.35639722498
3.029999999999888,48474.30794869635
3.0319999999998877,48468.254500340445
3.0339999999998875,48462.20027399435
3.0359999999998872,48456.14021446635
3.037999999999887,48450.08406178393
3.039999999999887,48444.02766727628
3.0419999999998866,48437.970957930025
3.0439999999998864,48431.91413775501
3.045999999999886,48425.857894098976
3.047999999999886,48419.797067476895
3.0499999999998857,48413.74106942001
3.0519999999998855,48407.68543163554
3.0539999999998853,48401.629830166195
3.055999999999885,48395.57402853669
3.057999999999885,48389.51271952265
3.0599999999998846,48383.45545796075
3.0619999999998844,48377.3928502076
3.063999999999884,48371.33440868901
3.065999999999884,48365.270702614675
3.0679999999998837,48359.20605630884
3.0699999999998835,48353.145803962725
3.0719999999998833,48347.08043384591
3.073999999999883,48341.01420454045
3.075999999999883,48334.947257063206
3.0779999999998826,48328.884836031815
3.0799999999998824,48322.817374155784
3.081999999999882,48316.749086231684
3.083999999999882,48310.68009175298
3.0859999999998817,48304.60532587732
3.0879999999998815,48298.534462303374
3.0899999999998813,48292.463349089194
3.091999999999881,48286.39189839466
3.093999999999881,48280.32003729839
3.0959999999998806,48274.24257105673
3.0979999999998804,48268.169081324624
3.09999999999988,48262.090227731955
3.10199999999988,48256.01550791694
3.1039999999998797,48249.93552147996
3.1059999999998795,48243.85971837513
3.1079999999998793,48237.77867090088
3.109999999999879,48231.69667653008
3.111999999999879,48225.61904310194
3.1139999999998786,48219.53628398624
3.1159999999998784,48213.45264350191
3.117999999999878,48207.36825901751
3.119999999999878,48201.28322692614
3.1219999999998778,48195.19760628826
3.1239999999998775,48189.111428064534
3.1259999999998773,48183.02470825161
3.127999999999877,48176.93745390071
3.129999999999877,48170.849663394496
3.1319999999998767,48164.75620676431
3.1339999999998764,48158.66667131112
3.135999999999876,48152.57688566837
3.137999999999876,48146.48161788246
3.139999999999876,48140.39037428468
3.1419999999998756,48134.29380700262
3.1439999999998753,48128.20136432614
3.145999999999875,48122.10365962384
3.147999999999875,48116.00498544707
3.1499999999998747,48109.90551518757
3.1519999999998745,48103.81049150986
3.1539999999998742,48097.71040885601
3.155999999999874,48091.6094681439
3.157999999999874,48085.50778673753
3.1599999999998736,48079.40545110102
3.1619999999998734,48073.3025114295
3.163999999999873,48067.198999799104
3.165999999999873,48061.094929794745
3.1679999999998727,48054.98518945725
3.1699999999998725,48048.879345215646
3.1719999999998723,48042.77323991645
3.173999999999872,48036.66676899169
3.175999999999872,48030.55474140315
3.1779999999998716,48024.44665826029
3.1799999999998714,48018.333223538335
3.181999999999871,48012.223882259525
3.183999999999871,48006.109307191415
3.1859999999998707,47999.99380292451
3.1879999999998705,47993.882672660526
3.1899999999998703,47987.76649587259
3.19199999999987,47981.649497259175
3.19399999999987,47975.53181713172
3.1959999999998696,47969.41355015618
3.1979999999998694,47963.29475582753
3.199999999999869,47957.17546393356
3.201999999999869,47951.05568763497
3.2039999999998687,47944.93543414031
3.2059999999998685,47938.814700460396
3.2079999999998683,47932.69348588413
3.209999999999868,47926.56668478699
3.211999999999868,47920.44382960298
3.2139999999998676,47914.32077186879
3.2159999999998674,47908.19231121531
3.217999999999867,47902.06789429392
3.219999999999867,47895.938230547086
3.2219999999998667,47889.8127104649
3.2239999999998665,47883.68200235476
3.2259999999998663,47877.550370411765
3.227999999999866,47871.423084109425
3.229999999999866,47865.29073965397
3.2319999999998656,47859.157542499015
3.2339999999998654,47853.02363108901
3.235999999999865,47846.88909766375
3.237999999999865,47840.75400189398
3.2399999999998648,47834.618374256315
3.2419999999998645,47828.48222987212
3.2439999999998643,47822.34557569406
3.245999999999864,47816.20840921224
3.247999999999864,47810.07073036502
3.2499999999998637,47803.93253831204
3.2519999999998634,47797.788740020485
3.2539999999998632,47791.64884163063
3.255999999999863,47785.50362138511
3.257999999999863,47779.36248240175
3.2599999999998626,47773.216132844944
3.2619999999998623,47767.07392110512
3.263999999999862,47760.92653442222
3.265999999999862,47754.78330128846
3.2679999999998617,47748.63490097633
3.2699999999998615,47742.48557329844
3.2719999999998612,47736.33548627622
3.273999999999861,47730.184756325485
3.275999999999861,47724.033450608185
3.2779999999998606,47717.881606578296
3.2799999999998604,47711.729243267975
3.28199999999986,47705.576364393935
3.28399999999986,47699.42297298115
3.2859999999998597,47693.26906445564
3.2879999999998595,47687.11463855061
3.2899999999998593,47680.95461735093
3.291999999999859,47674.79847716046
3.293999999999859,47668.642097506534
3.2959999999998586,47662.4803060776
3.2979999999998584,47656.322498110494
3.299999999999858,47650.159434331006
3.301999999999858,47643.9953837215
3.3039999999998577,47637.83560641164
3.3059999999998575,47631.6707606809
3.3079999999998573,47625.50503371254
3.309999999999857,47619.33856277388
3.311999999999857,47613.17650916437
3.3139999999998566,47607.009468180346
3.3159999999998564,47600.84158266819
3.317999999999856,47594.6729654112
3.319999999999856,47588.498636132776
3.3219999999998557,47582.32810510042
3.3239999999998555,47576.157292936055
3.3259999999998553,47569.98611620463
3.327999999999855,47563.81450373533
3.329999999999855,47557.637348395016
3.3319999999998546,47551.46406491391
3.3339999999998544,47545.28547413054
3.335999999999854,47539.11091199373
3.337999999999854,47532.93113858223
3.3399999999998538,47526.75544430789
3.3419999999998535,47520.57456403088
3.3439999999998533,47514.39271551897
3.345999999999853,47508.21006786138
3.347999999999853,47502.031787730644
3.3499999999998527,47495.84850863235
3.3519999999998524,47489.66436502407
3.353999999999852,47483.479474534994
3.355999999999852,47477.29391976627
3.3579999999998518,47471.10270461148
3.3599999999998515,47464.915286987976
3.3619999999998513,47458.72759008937
3.363999999999851,47452.539518134945
3.365999999999851,47446.35099952948
3.3679999999998507,47440.157040623926
3.3699999999998504,47433.967890394735
3.3719999999998502,47427.77952870838
3.37399999999985,47421.586603024254
3.37599999999985,47415.39819125995
3.3779999999998496,47409.209923185845
3.3799999999998493,47403.01646668586
3.381999999999849,47396.8270367192
3.383999999999849,47390.63238544994
3.3859999999998487,47384.436720726604
3.3879999999998485,47378.24525559055
3.3899999999998482,47372.04870324565
3.391999999999848,47365.85122459312
3.393999999999848,47359.65295931386
3.3959999999998476,47353.45400361639
3.3979999999998474,47347.25441961899
3.399999999999847,47341.054247488915
3.401999999999847,47334.85352695456
3.4039999999998467,47328.65227916749
3.4059999999998465,47322.45052124822
3.4079999999998463,47316.248258274674
3.409999999999846,47310.04046528849
3.411999999999846,47303.836532816684
3.4139999999998456,47297.6323835007
3.4159999999998454,47291.422886784756
3.417999999999845,47285.21735446068
3.419999999999845,47279.00662972893
3.4219999999998447,47272.79996675456
3.4239999999998445,47266.58817090489
3.4259999999998443,47260.37543919981
3.427999999999844,47254.16194410947
3.429999999999844,47247.95282476053
3.4319999999998436,47241.73876890576
3.4339999999998434,47235.52388779041
3.435999999999843,47229.308294508315
3.437999999999843,47223.092071586536
3.4399999999998427,47216.87527091752
3.4419999999998425,47210.65792081397
3.4439999999998423,47204.43501725787
3.445999999999842,47198.2159366005
3.447999999999842,47191.972461496356
3.4499999999998416,47185.752451711924
3.4519999999998414,47179.52716045976
3.453999999999841,47173.30584570232
3.455999999999841,47167.079351525645
3.4579999999998408,47160.85689411547
3.4599999999998405,47154.629295800085
3.4619999999998403,47148.40073839829
3.46399999999984,47142.17640086803
3.46599999999984,47135.947045979316
3.4679999999998397,47129.71680242281
3.4699999999998394,47123.485803617084
3.471999999999839,47117.25414330243
3.473999999999839,47111.02188022188
3.4759999999998388,47104.78904640802
3.4779999999998386,47098.555656384095
3.4799999999998383,47092.32171763991
3.481999999999838,47086.08722977056
3.483999999999838,47079.85219160722
3.4859999999998377,47073.611599400094
3.4879999999998375,47067.3747903124
3.4899999999998372,47061.132715055624
3.491999999999837,47054.894611154545
3.493999999999837,47048.65135667534
3.4959999999998366,47042.41213556914
3.4979999999998364,47036.16779154095
3.499999999999836,47029.922493177175
3.501999999999836,47023.68140110792
3.5039999999998357,47017.43530191831
3.5059999999998355,47011.18831204905
3.5079999999998353,47004.94056540676
3.509999999999835,46998.6921541534
3.511999999999835,46992.4431364109
3.5139999999998346,46986.19354296361
3.5159999999998344,46979.94339111645
3.517999999999834,46973.6926856662
3.519999999999834,46967.436438270226
3.5219999999998337,46961.18396166266
3.5239999999998335,46954.93121050543
3.5259999999998333,46948.67309843592
3.527999999999833,46942.41886028511
3.529999999999833,46936.1594143044
3.5319999999998326,46929.903938743875
3.5339999999998324,46923.6433175577
3.535999999999832,46917.38171024208
3.537999999999832,46911.12427436538
3.5399999999998317,46904.861821705235
3.5419999999998315,46898.598457274
3.5439999999998313,46892.33431768052
3.545999999999831,46886.0694941409
3.547999999999831,46879.80404501956
3.5499999999998306,46873.53800171074
3.5519999999998304,46867.27138245786
3.55399999999983,46861.004189979285
3.55599999999983,46854.736429487166
3.5579999999998297,46848.46312025809
3.5599999999998295,46842.19354917227
3.5619999999998293,46835.918708238976
3.563999999999829,46829.64778712819
3.565999999999829,46823.37170549292
3.5679999999998286,46817.099596747124
3.5699999999998284,46810.822353404845
3.571999999999828,46804.54412105
3.573999999999828,46798.270032449516
3.5759999999998278,46791.99092585248
3.5779999999998275,46785.71089256401
3.5799999999998273,46779.43006843088
3.581999999999827,46773.14854468728
3.583999999999827,46766.86637990085
3.5859999999998267,46760.583606956556
3.5879999999998264,46754.30024206731
3.589999999999826,46748.01629064138
3.591999999999826,46741.7267921324
3.593999999999826,46735.44100677542
3.5959999999998256,46729.1549155483
3.5979999999998253,46722.863459200504
3.599999999999825,46716.575819085825
3.601999999999825,46710.282968419786
3.6039999999998247,46703.98907343022
3.6059999999998245,46697.69928248028
3.6079999999998242,46691.404465290805
3.609999999999824,46685.108710933215
3.611999999999824,46678.812155115134
3.6139999999998236,46672.51984867453
3.6159999999998234,46666.22260256754
3.617999999999823,46659.92447657299
3.619999999999823,46653.62064396266
3.6219999999998227,46647.3204427212
3.6239999999998225,46641.0199252866
3.6259999999998223,46634.7190328392
3.627999999999822,46628.41770749081
3.629999999999822,46622.11095598697
3.6319999999998216,46615.80798661187
3.6339999999998214,46609.49982361425
3.635999999999821,46603.19559669969
3.637999999999821,46596.88627159626
3.6399999999998207,46590.58092875112
3.6419999999998205,46584.270512988
3.6439999999998203,46577.95913941332
3.64599999999982,46571.651919894204
3.64799999999982,46565.33973897078
3.6499999999998196,46559.02666484328
3.6519999999998194,46552.7128308503
3.653999999999819,46546.35858156622
3.655999999999819,46540.04479233361
3.6579999999998187,46533.730196006945
3.6599999999998185,46527.4147239811
3.6619999999998183,46521.0934826323
3.663999999999818,46514.77575950078
3.665999999999818,46508.45762824825
3.6679999999998176,46502.13410685327
3.6699999999998174,46495.81436631659
3.671999999999817,46489.489445974374
3.673999999999817,46483.16843575983
3.6759999999998167,46476.842322059536
3.6779999999998165,46470.52091139448
3.6799999999998163,46464.1954551595
3.681999999999816,46457.87486362036
3.683999999999816,46451.54985539535
3.6859999999998156,46445.22429769055
3.6879999999998154,46438.90310177543
3.689999999999815,46432.57706340267
3.691999999999815,46426.25016672638
3.6939999999998148,46419.922503225986
3.6959999999998145,46413.59414549841
3.6979999999998143,46407.26514506001
3.699999999999814,46400.93553037646
3.701999999999814,46394.605319468814
3.7039999999998137,46388.27451911993
3.7059999999998134,46381.93821118857
3.7079999999998132,46375.605577034774
3.709999999999813,46369.272634721674
3.711999999999813,46362.93437306497
3.7139999999998126,46356.59989808983
3.7159999999998123,46350.26026232714
3.717999999999812,46343.924516884574
3.719999999999812,46337.583671702545
3.7219999999998117,46331.24183059109
3.7239999999998115,46324.89916199242
3.7259999999998112,46318.560693019936
3.727999999999811,46312.2173274127
3.729999999999811,46305.87307592813
3.7319999999998106,46299.5280523667
3.7339999999998104,46293.182334035664
3.73599999999981,46286.831063117985
3.73799999999981,46280.483430515946
3.7399999999998097,46274.135477588214
3.7419999999998095,46267.78711717443
3.7439999999998093,46261.43336957125
3.745999999999809,46255.0833387255
3.747999999999809,46248.728113539975
3.7499999999998086,46242.37673512997
3.7519999999998084,46236.02024471135
3.753999999999808,46229.66764459521
3.755999999999808,46223.30995482241
3.7579999999998077,46216.951256892484
3.7599999999998075,46210.591712604524
3.7619999999998073,46204.231434947294
3.763999999999807,46197.87539400994
3.765999999999807,46191.514485433516
3.7679999999998066,46185.14779197326
3.7699999999998064,46178.784551119534
3.771999999999806,46172.420877559394
3.773999999999806,46166.05672563253
3.7759999999998057,46159.692052802646
3.7779999999998055,46153.32192679444
3.7799999999998053,46146.95545374929
3.781999999999805,46140.58376704888
3.783999999999805,46134.215892764245
3.7859999999998046,46127.842901136646
3.7879999999998044,46121.468879836924
3.789999999999804,46115.098891677975
3.791999999999804,46108.72392921614
3.7939999999998038,46102.34801547195
3.7959999999998035,46095.971281400016
3.7979999999998033,46089.59381919108
3.799999999999803,46083.21568563742
3.801999999999803,46076.836914359745
3.8039999999998027,46070.457519471965
3.8059999999998024,46064.07750854877
3.807999999999802,46057.691998208684
3.809999999999802,46051.310096909874
3.8119999999998018,46044.92785418764
3.8139999999998015,46038.54029364272
3.8159999999998013,46032.15644525274
3.817999999999801,46025.76742909571
3.819999999999801,46019.38222411082
3.8219999999998007,46012.99191272484
3.8239999999998004,46006.600561268104
3.8259999999998002,46000.20833841476
3.8279999999998,45993.8153574689
3.8299999999998,45987.42168752784
3.8319999999997996,45981.027373320896
3.8339999999997993,45974.63244432473
3.835999999999799,45968.23692353233
3.837999999999799,45961.84082350911
3.8399999999997987,45955.44415047015
3.8419999999997985,45949.04690586739
3.8439999999997982,45942.64421699482
3.845999999999798,45936.245168230686
3.847999999999798,45929.84094911446
3.8499999999997976,45923.44054699287
3.8519999999997974,45917.03508311614
3.853999999999797,45910.63349273057
3.855999999999797,45904.22686466411
3.8579999999997967,45897.819248085376
3.8599999999997965,45891.41080269314
3.8619999999997963,45885.00650682296
3.863999999999796,45878.59735434955
3.865999999999796,45872.18731243821
3.8679999999997956,45865.77649326486
3.8699999999997954,45859.360110678186
3.871999999999795,45852.94728439378
3.873999999999795,45846.53411368309
3.8759999999997947,45840.12052435767
3.8779999999997945,45833.70158537994
3.8799999999997943,45827.286312704324
3.881999999999794,45820.87074628078
3.883999999999794,45814.44991711262
3.8859999999997936,45808.027940993976
3.8879999999997934,45801.609892860004
3.889999999999793,45795.186868008146
3.891999999999793,45788.762880844835
3.8939999999997927,45782.342927399324
3.8959999999997925,45775.91805452585
3.8979999999997923,45769.49224214249
3.899999999999792,45763.06561492801
3.901999999999792,45756.63826336515
3.9039999999997916,45750.20538858754
3.9059999999997914,45743.776069449756
3.907999999999791,45737.34640187764
3.909999999999791,45730.91630215992
3.9119999999997908,45724.480850874636
3.9139999999997905,45718.04903312963
3.9159999999997903,45711.612056285434
3.91799999999979,45705.17884192239
3.91999999999979,45698.74054924298
3.9219999999997897,45692.30606314845
3.9239999999997894,45685.866520237614
3.925999999999789,45679.425946726136
3.927999999999789,45672.984504950226
3.9299999999997888,45666.542311311954
3.9319999999997886,45660.099435221266
3.9339999999997883,45653.65591727061
3.935999999999788,45647.21177757391
3.937999999999788,45640.76702428337
3.9399999999997877,45634.32165911312
3.9419999999997875,45627.870842706834
3.9439999999997872,45621.42359030821
3.945999999999787,45614.975994047905
3.947999999999787,45608.52312335677
3.9499999999997866,45602.073917779184
3.9519999999997864,45595.619588196336
3.953999999999786,45589.16418668647
3.955999999999786,45582.7127290376
3.9579999999997857,45576.25633106155
3.9599999999997855,45569.79896600983
3.9619999999997852,45563.34076543133
3.963999999999785,45556.881822728625
3.965999999999785,45550.422191984195
3.9679999999997846,45543.96190781006
3.9699999999997844,45537.50099814774
3.971999999999784,45531.04037582662
3.973999999999784,45524.58017565105
3.9759999999997837,45518.12021499729
3.9779999999997835,45511.65541367217
3.9799999999997833,45505.19453443162
3.981999999999783,45498.73351826216
3.983999999999783,45492.2721609162
3.9859999999997826,45485.80550380176
3.9879999999997824,45479.342445612485
3.989999999999782,45472.87422497989
3.991999999999782,45466.404892017876
3.9939999999997817,45459.93945290701
3.9959999999997815,45453.4690573995
3.9979999999997813,45446.99767215893
3.999999999999781,45440.52542968325
4.001999999999781,45434.05242473461
4.003999999999781,45427.57871350656
4.005999999999781,45421.10432907358
4.007999999999781,45414.62928879174
4.00999999999978,45408.15359837254
4.01199999999978,45401.67725936323
4.01399999999978,45395.195458780356
4.01599999999978,45388.71716138065
4.0179999999997795,45382.23848452837
4.019999999999779,45375.75452395967
4.021999999999779,45369.26936143893
4.023999999999779,45362.78802508091
4.025999999999779,45356.30170658483
4.027999999999778,45349.814375846836
4.029999999999778,45343.326173737856
4.031999999999778,45336.842002286176
4.033999999999778,45330.35296726966
4.0359999999997775,45323.862977645775
4.037999999999777,45317.3673369959
4.039999999999777,45310.875072789015
4.041999999999777,45304.382361156306
4.043999999999777,45297.889143719345
4.045999999999776,45291.39056696171
4.047999999999776,45284.89554475745
4.049999999999776,45278.400187226456
4.051999999999776,45271.89959983394
4.053999999999776,45265.397845903724
4.055999999999775,45258.8999445321
4.057999999999775,45252.39710694554
4.059999999999775,45245.89329385189
4.061999999999775,45239.38864472935
4.0639999999997745,45232.88805162623
4.065999999999774,45226.382640444805
4.067999999999774,45219.87151724654
4.069999999999774,45213.3637161616
4.071999999999774,45206.8554518834
4.073999999999773,45200.346682344134
4.075999999999773,45193.83736729971
4.077999999999773,45187.32268262941
4.079999999999773,45180.811524312034
4.0819999999997725,45174.29522930076
4.083999999999772,45167.7826149597
4.085999999999772,45161.26495831789
4.087999999999772,45154.751033968
4.089999999999772,45148.23209305387
4.091999999999771,45141.71210621196
4.093999999999771,45135.19123100492
4.095999999999771,45128.669578797024
4.097999999999771,45122.1472167238
4.0999999999997705,45115.624181693
4.10199999999977,45109.10049358594
4.10399999999977,45102.57615767158
4.10599999999977,45096.05117754866
4.10799999999977,45089.520772267635
4.109999999999769,45082.99384039976
4.111999999999769,45076.46652900919
4.113999999999769,45069.93396829701
4.115999999999769,45063.40498211587
4.1179999999997685,45056.8708965347
4.119999999999768,45050.335707431215
4.121999999999768,45043.79959533803
4.123999999999768,45037.2674547741
4.125999999999768,45030.73047174155
4.127999999999767,45024.19253151864
4.129999999999767,45017.65374399732
4.131999999999767,45011.114187126426
4.133999999999767,45004.56914336456
4.1359999999997665,44998.02752198832
4.137999999999766,44991.48549877221
4.139999999999766,44984.94298995587
4.141999999999766,44978.395164271475
4.143999999999766,44971.850850924835
4.145999999999765,44965.30141261067
4.147999999999765,44958.75561875918
4.149999999999765,44952.204783676985
4.151999999999765,44945.652872389306
4.1539999999997645,44939.10005019236
4.155999999999764,44932.54643092336
4.157999999999764,44925.99684366287
4.159999999999764,44919.442460079845
4.161999999999764,44912.88237637576
4.1639999999997634,44906.32555013746
4.165999999999763,44899.768219977945
4.167999999999763,44893.2103460848
4.169999999999763,44886.647129366494
4.171999999999763,44880.087391447065
4.173999999999762,44873.52727877564
4.175999999999762,44866.96193235023
4.177999999999762,44860.39537099336
4.179999999999762,44853.83256276309
4.1819999999997615,44847.264804630555
4.183999999999761,44840.69601505131
4.185999999999761,44834.12633311392
4.187999999999761,44827.55585413649
4.189999999999761,44820.98938723621
4.19199999999976,44814.41337541512
4.19399999999976,44807.84049845289
4.19599999999976,44801.26702892694
4.19799999999976,44794.69295054578
4.1999999999997595,44788.11349600611
4.201999999999759,44781.5374790041
4.203999999999759,44774.96106449736
4.205999999999759,44768.379409566216
4.207999999999759,44761.796525754355
4.209999999999758,44755.217371239014
4.211999999999758,44748.633265276636
4.213999999999758,44742.04811449779
4.215999999999758,44735.462059913385
4.2179999999997575,44728.87519589709
4.219999999999757,44722.287582031066
4.221999999999757,44715.69925217244
4.223999999999757,44709.11022144929
4.225999999999757,44702.52049779307
4.227999999999756,44695.93008255159
4.229999999999756,44689.3342392983
4.231999999999756,44682.74178126033
4.233999999999756,44676.14416233787
4.2359999999997555,44669.55010573628
4.237999999999755,44662.95099505963
4.239999999999755,44656.35550222522
4.241999999999755,44649.75498460401
4.243999999999755,44643.15336427995
4.245999999999754,44636.55079747744
4.247999999999754,44629.94739386765
4.249999999999754,44623.34358292888
4.251999999999754,44616.74000348178
4.2539999999997535,44610.13668749479
4.255999999999753,44603.53343807386
4.257999999999753,44596.93004037977
4.259999999999753,44590.326268245706
4.261999999999753,44583.72200405707
4.263999999999752,44577.11715984136
4.265999999999752,44570.51168670689
4.267999999999752,44563.900833124724
4.269999999999752,44557.29337305234
4.2719999999997516,44550.68078325857
4.273999999999751,44544.071758828635
4.275999999999751,44537.45771315609
4.277999999999751,44530.842573663984
4.279999999999751,44524.22650663174
4.2819999999997505,44517.60962562377
4.28399999999975,44510.991998939026
4.28599999999975,44504.37366404481
4.28799999999975,44497.75464144994
4.28999999999975,44491.134934877125
4.291999999999749,44484.514548640494
4.293999999999749,44477.89347799406
4.295999999999749,44471.26701239946
4.297999999999749,44464.6439146073
4.2999999999997485,44458.01568540764
4.301999999999748,44451.390998154246
4.303999999999748,44444.7612855459
4.305999999999748,44438.135172692986
4.307999999999748,44431.50406282699
4.309999999999747,44424.87185393626
4.311999999999747,44418.238701935166
4.313999999999747,44411.60471679481
4.315999999999747,44404.969962919466
4.3179999999997465,44398.33447955985
4.319999999999746,44391.6982857974
4.321999999999746,44385.05668795371
4.323999999999746,44378.41843550952
4.325999999999746,44371.77974867613
4.327999999999745,44365.13583715733
4.329999999999745,44358.495375229875
4.331999999999745,44351.84983339074
4.333999999999745,44345.20783545457
4.3359999999997445,44338.5608186449
4.337999999999744,44331.912677952314
4.339999999999744,44325.263577232006
4.341999999999744,44318.613624649435
4.343999999999744,44311.962889793795
4.345999999999743,44305.3114114598
4.347999999999743,44298.65921203005
4.349999999999743,44292.006299728586
4.351999999999743,44285.347987949455
4.3539999999997425,44278.69300740051
4.355999999999742,44272.037584789294
4.357999999999742,44265.37694364927
4.359999999999742,44258.71504751869
4.361999999999742,44252.05679999072
4.363999999999741,44245.39362599642
4.365999999999741,44238.729385948005
4.367999999999741,44232.06890078219
4.369999999999741,44225.403549011564
4.3719999999997405,44218.737153510876
4.37399999999974,44212.065152613395
4.37599999999974,44205.39634386254
4.37799999999974,44198.72702088181
4.37999999999974,44192.0571267727
4.381999999999739,44185.386609030276
4.383999999999739,44178.71074733109
4.385999999999739,44172.038218497786
4.387999999999739,44165.36056541418
4.3899999999997386,44158.68171697103
4.391999999999738,44152.00654022091
4.393999999999738,44145.3264613606
4.395999999999738,44138.64531628799
4.397999999999738,44131.963234688694
4.3999999999997375,44125.28030622726
4.401999999999737,44118.59658697016
4.403999999999737,44111.91210936797
4.405999999999737,44105.22688976495
4.407999999999737,44098.53626514036
4.409999999999736,44091.84892400947
4.411999999999736,44085.16111462211
4.413999999999736,44078.468078808946
4.415999999999736,44071.77843266842
4.4179999999997355,44065.083704969315
4.419999999999735,44058.38779405058
4.421999999999735,44051.69554272347
4.423999999999735,44044.99839074601
4.425999999999735,44038.3001620927
4.427999999999734,44031.60098246142
4.429999999999734,44024.90094217014
4.431999999999734,44018.200098235175
4.433999999999734,44011.49382083107
4.4359999999997335,44004.790797348236
4.437999999999733,43998.087291487
4.439999999999733,43991.37855813259
4.441999999999733,43984.673196461496
4.443999999999733,43977.96275331365
4.445999999999732,43971.25111829577
4.447999999999732,43964.54312536106
4.449999999999732,43957.830229949344
4.451999999999732,43951.11624934191
4.4539999999997315,43944.401306769694
4.455999999999731,43937.685494650425
4.457999999999731,43930.968868040094
4.459999999999731,43924.251460593885
4.461999999999731,43917.53328773908
4.46399999999973,43910.80970635746
4.46599999999973,43904.08936856159
4.46799999999973,43897.36389780536
4.46999999999973,43890.64186221798
4.4719999999997295,43883.91481776245
4.473999999999729,43877.19127691186
4.475999999999729,43870.462764431846
4.477999999999729,43863.73312331018
4.479999999999729,43857.00250913345
4.481999999999728,43850.27102915918
4.483999999999728,43843.53874986836
4.485999999999728,43836.80570895596
4.487999999999728,43830.0719263812
4.4899999999997275,43823.337407375424
4.491999999999727,43816.59751486737
4.493999999999727,43809.860876518695
4.495999999999727,43803.11912523825
4.497999999999727,43796.38080160709
4.499999999999726,43789.637470711954
4.501999999999726,43782.89762219195
4.503999999999726,43776.1527942917
4.505999999999726,43769.406820957134
4.507999999999726,43762.65985563998
4.509999999999725,43755.91200511736
4.511999999999725,43749.16333585839
4.513999999999725,43742.41388687077
4.515999999999725,43735.664281087986
4.5179999999997245,43728.91491261703
4.519999999999724,43722.16571537827
4.521999999999724,43715.41646704134
4.523999999999724,43708.66230714832
4.525999999999724,43701.91165673851
4.527999999999723,43695.160668878365
4.529999999999723,43688.404548452185
4.531999999999723,43681.651783568224
4.533999999999723,43674.89395927466
4.5359999999997225,43668.13492461746
4.537999999999722,43661.37485280446
4.539999999999722,43654.618485571664
4.541999999999722,43647.857301027216
4.543999999999722,43641.09505143312
4.545999999999721,43634.33184367418
4.547999999999721,43627.56313450818
4.549999999999721,43620.79756661698
4.551999999999721,43614.031465006665
4.5539999999997205,43607.26014333832
4.55599999999972,43600.49212787903
4.55799999999972,43593.71905054505
4.55999999999972,43586.949379478494
4.56199999999972,43580.174708243125
4.563999999999719,43573.39885855204
4.565999999999719,43566.62660236458
4.567999999999719,43559.84947035313
4.569999999999719,43553.071231270405
4.5719999999997185,43546.29200987455
4.573999999999718,43539.50728034125
4.575999999999718,43532.725672453846
4.577999999999718,43525.94352080421
4.579999999999718,43519.160755471756
4.581999999999717,43512.372707874376
4.583999999999717,43505.587899446786
4.585999999999717,43498.79799329531
4.587999999999717,43492.006846593016
4.5899999999997165,43485.21464047077
4.591999999999716,43478.42610334917
4.593999999999716,43471.63275055052
4.595999999999716,43464.83831848385
4.597999999999716,43458.04291169497
4.599999999999715,43451.24660608199
4.601999999999715,43444.44484958302
4.603999999999715,43437.646226435405
4.605999999999715,43430.847061500586
4.6079999999997145,43424.042677771795
4.609999999999714,43417.24155811554
4.611999999999714,43410.43536820642
4.613999999999714,43403.62794182576
4.615999999999714,43396.82404872143
4.6179999999997134,43390.01526443984
4.619999999999713,43383.20534789005
4.621999999999713,43376.39442389357
4.623999999999713,43369.582580472255
4.625999999999713,43362.76987420069
4.627999999999712,43355.95633774865
4.629999999999712,43349.1373956473
4.631999999999712,43342.32159014875
4.633999999999712,43335.50065093259
4.6359999999997115,43328.68302553571
4.637999999999711,43321.86037648769
4.639999999999711,43315.04109889267
4.641999999999711,43308.21682619638
4.643999999999711,43301.39134661895
4.64599999999971,43294.56481344097
4.64799999999971,43287.737333193705
4.64999999999971,43280.90897132869
4.65199999999971,43274.07976844047
4.6539999999997095,43267.249742258995
4.655999999999709,43260.41431930186
4.657999999999709,43253.582018552974
4.659999999999709,43246.744585147724
4.661999999999709,43239.91044815117
4.663999999999708,43233.071285763166
4.665999999999708,43226.23089738183
4.667999999999708,43219.39402098342
4.669999999999708,43212.55226113116
4.6719999999997075,43205.70935343341
4.673999999999707,43198.86542630699
4.675999999999707,43192.0205748903
4.677999999999707,43185.17486069404
4.679999999999707,43178.3237464941
4.681999999999706,43171.475751938946
4.683999999999706,43164.6272195706
4.685999999999706,43157.77349848977
4.687999999999706,43150.92301360862
4.6899999999997055,43144.06748258286
4.691999999999705,43137.21071163236
4.693999999999705,43130.35287444962
4.695999999999705,43123.49408897065
4.697999999999705,43116.638994230176
4.699999999999704,43109.774577240525
4.701999999999704,43102.91300318941
4.703999999999704,43096.05070445908
4.705999999999704,43089.18766663583
4.7079999999997035,43082.32386915489
4.709999999999703,43075.454727571385
4.711999999999703,43068.58870627721
4.713999999999703,43061.71757761981
4.715999999999703,43054.84516476509
4.717999999999702,43047.97621651403
4.719999999999702,43041.102387568935
4.721999999999702,43034.22740502621
4.723999999999702,43027.351395075755
4.7259999999997016,43020.474446369706
4.727999999999701,43013.596614121096
4.729999999999701,43006.713375012616
4.731999999999701,42999.83320835944
4.733999999999701,42992.952473774014
4.7359999999997004,42986.06653413815
4.7379999999997,42979.18378312445
4.7399999999997,42972.29596986311
4.7419999999997,42965.40688709583
4.7439999999997,42958.52125603322
4.745999999999699,42951.630742906644
4.747999999999699,42944.73906430549
4.749999999999699,42937.846347259685
4.751999999999699,42930.94813197107
4.7539999999996985,42924.05292515501
4.755999999999698,42917.15711631329
4.757999999999698,42910.260640516135
4.759999999999698,42903.35889225006
4.761999999999698,42896.46026807071
4.763999999999697,42889.55655502695
4.765999999999697,42882.65154722881
4.767999999999697,42875.75046332584
4.769999999999697,42868.845459933305
4.7719999999996965,42861.94476277111
4.773999999999696,42855.03985229813
4.775999999999696,42848.13422138047
4.777999999999696,42841.227818894666
4.779999999999696,42834.32060751034
4.781999999999695,42827.412564913204
4.783999999999695,42820.503677580615
4.785999999999695,42813.593937932266
4.787999999999695,42806.67880748206
4.7899999999996945,42799.76670678375
4.791999999999694,42792.849473567774
4.793999999999694,42785.935443806084
4.795999999999694,42779.01638980117
4.797999999999694,42772.096067490515
4.799999999999693,42765.17463635634
4.801999999999693,42758.25220805476
4.803999999999693,42751.328849778845
4.805999999999693,42744.404601383045
4.8079999999996925,42737.47948025651
4.809999999999692,42730.553496127664
4.811999999999692,42723.62664990596
4.813999999999692,42716.69441433083
4.815999999999692,42709.765193201005
4.817999999999691,42702.83084009162
4.819999999999691,42695.89514758209
4.821999999999691,42688.96282980561
4.823999999999691,42682.02561357944
4.8259999999996905,42675.08719582494
4.82799999999969,42668.14769996026
4.82999999999969,42661.20721564154
4.83199999999969,42654.26127718697
4.83399999999969,42647.31831117429
4.835999999999689,42640.37471753803
4.837999999999689,42633.42590510345
4.839999999999689,42626.48019559849
4.841999999999689,42619.52941448086
4.8439999999996886,42612.58183146765
4.845999999999688,42605.6292341872
4.847999999999688,42598.67535172414
4.849999999999688,42591.72033980787
4.851999999999688,42584.764304476965
4.8539999999996875,42577.807315045335
4.855999999999687,42570.8494108581
4.857999999999687,42563.88610028971
4.859999999999687,42556.925767800705
4.861999999999687,42549.96480790941
4.863999999999686,42542.99863034123
4.865999999999686,42536.0310310087
4.867999999999686,42529.06672359068
4.869999999999686,42522.0974839524
4.8719999999996855,42515.12700599886
4.873999999999685,42508.15542166172
4.875999999999685,42501.182828791345
4.877999999999685,42494.20929131565
4.879999999999685,42487.234846949985
4.881999999999684,42480.255014776754
4.883999999999684,42473.27816351733
4.885999999999684,42466.30069615974
4.887999999999684,42459.31803261043
4.8899999999996835,42452.33395875323
4.891999999999683,42445.3531789038
4.893999999999683,42438.36748712694
4.895999999999683,42431.38056793656
4.897999999999683,42424.39255213227
4.899999999999682,42417.40353340629
4.901999999999682,42410.41356788364
4.903999999999682,42403.42268937329
4.905999999999682,42396.42642037799
4.9079999999996815,42389.433110149184
4.909999999999681,42382.43467674111
4.911999999999681,42375.439376056034
4.913999999999681,42368.43905968461
4.915999999999681,42361.43744291959
4.91799999999968,42354.43917296424
4.91999999999968,42347.43602556709
4.92199999999968,42340.4316563864
4.92399999999968,42333.421698376595
4.9259999999996795,42326.414566726926
4.927999999999679,42319.4067298506
4.929999999999679,42312.39813935369
4.931999999999679,42305.38426287616
4.933999999999679,42298.373381959675
4.935999999999678,42291.357403722766
4.937999999999678,42284.340068795354
4.939999999999678,42277.32603593963
4.941999999999678,42270.30711430105
4.9439999999996775,42263.286958462835
4.945999999999677,42256.265690941655
4.947999999999677,42249.24339974804
4.949999999999677,42242.215664390234
4.951999999999677,42235.190827069455
4.953999999999676,42228.16532624421
4.955999999999676,42221.13461449366
4.957999999999676,42214.106933403054
4.959999999999676,42207.074186334234
4.961999999999676,42200.04008836403
4.963999999999675,42193.00480986621
4.965999999999675,42185.96846875699
4.967999999999675,42178.93113714302
4.969999999999675,42171.89285637813
4.9719999999996745,42164.85363007975
4.973999999999674,42157.81349916945
4.975999999999674,42150.76798140609
4.977999999999674,42143.72536723647
4.979999999999674,42136.677620904906
4.981999999999673,42129.632946832346
4.983999999999673,42122.58324705695
4.985999999999673,42115.532212522274
4.987999999999673,42108.480001204596
4.9899999999996725,42101.42671864116
4.991999999999672,42094.37243730505
4.993999999999672,42087.31719558481
4.995999999999672,42080.26101256336
4.997999999999672,42073.203895143946
4.999999999999671,42066.141387209755
5.001999999999671,42059.08176162398
5.003999999999671,42052.01699852581
5.005999999999671,42044.95083107463
5.0079999999996705,42037.88860853874
5.00999999999967,42030.82247900716
5.01199999999967,42023.7559794207
5.01399999999967,42016.6934597866
5.01599999999967,42009.62652193758
5.017999999999669,42002.55859820144
5.019999999999669,41995.489677234356
5.021999999999669,41988.415315302955
5.023999999999669,41981.34377973606
5.0259999999996685,41974.271527651785
5.027999999999668,41967.19403765749
5.029999999999668,41960.11950194885
5.031999999999668,41953.0398786718
5.033999999999668,41945.958862478976
5.035999999999667,41938.88107245635
5.037999999999667,41931.79837675857
5.039999999999667,41924.71439623199
5.041999999999667,41917.62481053542
5.0439999999996665,41910.53795046173
5.045999999999666,41903.450326615995
5.047999999999666,41896.361890353364
5.049999999999666,41889.26815252425
5.051999999999666,41882.17731343784
5.053999999999665,41875.08136062952
5.055999999999665,41867.98399433077
5.057999999999665,41860.88539295874
5.059999999999665,41853.78567708593
5.0619999999996645,41846.684923454486
5.063999999999664,41839.583174926796
5.065999999999664,41832.4804508002
5.067999999999664,41825.376760891915
5.069999999999664,41818.27210749918
5.0719999999996634,41811.16205589299
5.073999999999663,41804.05040013609
5.075999999999663,41796.94182858607
5.077999999999663,41789.82829603222
5.079999999999663,41782.71344891344
5.081999999999662,41775.59742821028
5.083999999999662,41768.4803315005
5.085999999999662,41761.362218234906
5.087999999999662,41754.24312122049
5.0899999999996615,41747.12305877002
5.091999999999661,41739.99761045672
5.093999999999661,41732.874986555835
5.095999999999661,41725.7472319741
5.097999999999661,41718.61804815601
5.09999999999966,41711.49204410658
5.10199999999966,41704.36114065139
5.10399999999966,41697.22894262581
5.10599999999966,41690.09557084566
5.1079999999996595,41682.96111138745
5.109999999999659,41675.82562125659
5.111999999999659,41668.684711128546
5.113999999999659,41661.54659359139
5.115999999999659,41654.4033362891
5.117999999999658,41647.26305356955
5.119999999999658,41640.11774241739
5.121999999999658,41632.9710484725
5.123999999999658,41625.82312963916
5.1259999999996575,41618.6740945962
5.127999999999657,41611.52401132813
5.129999999999657,41604.37291969935
5.131999999999657,41597.22083852059
5.133999999999657,41590.06777572816
5.135999999999656,41582.909322694366
5.137999999999656,41575.75365828268
5.139999999999656,41568.59285692963
5.141999999999656,41561.430603511246
5.1439999999996555,41554.26708595856
5.145999999999655,41547.10242894359
5.147999999999655,41539.93670904408
5.149999999999655,41532.76997044854
5.151999999999655,41525.60223303819
5.153999999999654,41518.43350539677
5.155999999999654,41511.259386628786
5.157999999999654,41504.08804080939
5.159999999999654,41496.911555100996
5.1619999999996535,41489.73801017136
5.163999999999653,41482.55943175986
5.165999999999653,41475.37945175341
5.167999999999653,41468.198225678345
5.169999999999653,41461.015863282344
5.171999999999652,41453.83243215872
5.173999999999652,41446.64797021576
5.175999999999652,41439.45810187399
5.177999999999652,41432.27098666803
5.1799999999996515,41425.07872995417
5.181999999999651,41417.889400264095
5.183999999999651,41410.695038393394
5.185999999999651,41403.49926758206
5.187999999999651,41396.30224458137
5.1899999999996504,41389.10407704559
5.19199999999965,41381.90483345698
5.19399999999965,41374.70455256467
5.19599999999965,41367.50325324648
5.19799999999965,41360.29655634495
5.199999999999649,41353.09260048028
5.201999999999649,41345.88350352486
5.203999999999649,41338.67731913218
5.205999999999649,41331.46610096944
5.2079999999996485,41324.25346919904
5.209999999999648,41317.03957820047
5.211999999999648,41309.824537831104
5.213999999999648,41302.60841578565
5.215999999999648,41295.3868683749
5.217999999999647,41288.1680406081
5.219999999999647,41280.94845161439
5.221999999999647,41273.72364500916
5.223999999999647,41266.497295999005
5.2259999999996465,41259.2739880566
5.227999999999646,41252.04574515673
5.229999999999646,41244.81614273692
5.231999999999646,41237.58531217564
5.233999999999646,41230.35349907394
5.235999999999645,41223.12151376862
5.237999999999645,41215.88947846994
5.239999999999645,41208.65286719792
5.241999999999645,41201.4195594107
5.2439999999996445,41194.185865455285
5.245999999999644,41186.947179892835
5.247999999999644,41179.711434437144
5.249999999999644,41172.47066811552
5.251999999999644,41165.22846751169
5.253999999999643,41157.98935005952
5.255999999999643,41150.74532974868
5.257999999999643,41143.49995484184
5.259999999999643,41136.2489794936
5.2619999999996425,41129.0005843484
5.263999999999642,41121.75135340823
5.265999999999642,41114.49687998399
5.267999999999642,41107.245210566216
5.269999999999642,41099.98847529127
5.271999999999641,41092.73029507987
5.273999999999641,41085.47084101376
5.275999999999641,41078.21459107144
5.277999999999641,41070.94917816067
5.2799999999996405,41063.68619163238
5.28199999999964,41056.422263854314
5.28399999999964,41049.1573887643
5.28599999999964,41041.887195994794
5.28799999999964,41034.619740841124
5.289999999999639,41027.34718877762
5.291999999999639,41020.07316917749
5.293999999999639,41012.80221505414
5.295999999999639,41005.52638176941
5.2979999999996386,40998.24920826254
5.299999999999638,40990.96646509224
5.301999999999638,40983.686302880735
5.303999999999638,40976.405317793346
5.305999999999638,40969.123464104414
5.3079999999996375,40961.836348288954
5.309999999999637,40954.547642302954
5.311999999999637,40947.26191787249
5.313999999999637,40939.971275508746
5.315999999999637,40932.67927251773
5.317999999999636,40925.38604087258
5.319999999999636,40918.09167792632
5.321999999999636,40910.79624172346
5.323999999999636,40903.49542466415
5.3259999999996355,40896.19729263714
5.327999999999635,40888.898401151004
5.329999999999635,40881.594335112386
5.331999999999635,40874.28873348114
5.333999999999635,40866.981800075235
5.335999999999634,40859.678016773294
5.337999999999634,40852.3694360346
5.339999999999634,40845.055221532806
5.341999999999634,40837.74351617926
5.3439999999996335,40830.43094943989
5.345999999999633,40823.11749473105
5.347999999999633,40815.79878458733
5.349999999999633,40808.48282172939
5.351999999999633,40801.16180639775
5.353999999999632,40793.83934326837
5.355999999999632,40786.5156118677
5.357999999999632,40779.19073478342
5.359999999999632,40771.864789266256
5.3619999999996315,40764.53782169532
5.363999999999631,40757.2098560142
5.365999999999631,40749.88090226454
5.367999999999631,40742.54664039947
5.369999999999631,40735.21508722034
5.37199999999963,40727.87848060995
5.37399999999963,40720.54043174182
5.37599999999963,40713.201128162415
5.37799999999963,40705.86069796776
5.3799999999996295,40698.51922243051
5.381999999999629,40691.176747730395
5.383999999999629,40683.833300062746
5.385999999999629,40676.488890701236
5.387999999999629,40669.13920711102
5.389999999999628,40661.79225504956
5.391999999999628,40654.44028564382
5.393999999999628,40647.08690504294
5.395999999999628,40639.73662088846
5.3979999999996275,40632.38156354013
5.399999999999627,40625.02524571527
5.401999999999627,40617.66779339232
5.403999999999627,40610.309296817984
5.405999999999627,40602.9455042403
5.407999999999626,40595.58444242008
5.409999999999626,40588.21839516143
5.411999999999626,40580.855287531216
5.413999999999626,40573.48732749123
5.415999999999626,40566.12238261042
5.417999999999625,40558.75262999017
5.419999999999625,40551.381607317315
5.421999999999625,40544.00946615051
5.423999999999625,40536.63631761902
5.4259999999996245,40529.26223544503
5.427999999999624,40521.88296033848
5.429999999999624,40514.50649576498
5.431999999999624,40507.12944014924
5.433999999999624,40499.74742625616
5.435999999999623,40492.36406692791
5.437999999999623,40484.98387637674
5.439999999999623,40477.59903793938
5.441999999999623,40470.21306789245
5.4439999999996225,40462.82610574754
5.445999999999622,40455.43825572612
5.447999999999622,40448.0495866287
5.449999999999622,40440.66058202614
5.451999999999622,40433.27179286717
5.453999999999621,40425.8832397866
5.455999999999621,40418.490450748526
5.457999999999621,40411.101168835405
5.459999999999621,40403.71180480556
5.4619999999996205,40396.317864558994
5.46399999999962,40388.92715985178
5.46599999999962,40381.53190588084
5.46799999999962,40374.139933683895
5.46999999999962,40366.74346918052
5.471999999999619,40359.34605252749
5.473999999999619,40351.947854742655
5.475999999999619,40344.54900916712
5.477999999999619,40337.14961314573
5.4799999999996185,40329.74973577488
5.481999999999618,40322.34943076774
5.483999999999618,40314.94873958163
5.485999999999618,40307.54770211293
5.487999999999618,40300.14206944753
5.489999999999617,40292.739813613785
5.491999999999617,40285.3375750008
5.493999999999617,40277.931039200914
5.495999999999617,40270.52811862241
5.4979999999996165,40263.12114007061
5.499999999999616,40255.717979079076
5.501999999999616,40248.310939150826
5.503999999999616,40240.90359916354
5.505999999999616,40233.5004582277
5.507999999999615,40226.093781041716
5.509999999999615,40218.68711658559
5.511999999999615,40211.28495086017
5.513999999999615,40203.87955565214
5.5159999999996145,40196.47449353944
5.517999999999614,40189.07427469457
5.519999999999614,40181.671210755434
5.521999999999614,40174.2731761192
5.523999999999614,40166.87255007819
5.525999999999613,40159.477273871235
5.527999999999613,40152.07980375979
5.529999999999613,40144.6881545414
5.531999999999613,40137.299136945156
5.533999999999613,40129.91296137243
5.535999999999612,40122.534208458615
5.537999999999612,40115.15541310935
5.539999999999612,40107.78479175774
5.541999999999612,40100.419518612594
5.5439999999996115,40093.06461218173
5.545999999999611,40085.71754161947
5.547999999999611,40078.38816291291
5.549999999999611,40071.07133956054
5.551999999999611,40063.77425294304
5.55399999999961,40056.511705819255
5.55599999999961,40049.30326551514
5.55799999999961,40039.936628925265
5.55999999999961,34581.95978046425
5.5619999999996095,30876.24172899075
5.563999999999609,30855.652015196527
5.565999999999609,27983.527065774877
5.567999999999609,25450.338267841264
5.569999999999609,23473.992429157523
5.571999999999608,22011.146266564378
5.573999999999608,20954.3252633492
5.575999999999608,20199.37799535787
5.577999999999608,19662.687127289486
5.5799999999996075,19281.598832192216
5.581999999999607,19010.71736978938
5.583999999999607,18817.593793980886
5.585999999999607,18679.303109811
5.587999999999607,18579.615654186506
5.589999999999606,18507.09440440295
5.591999999999606,18453.70149399383
5.593999999999606,18413.753404084106
5.595999999999606,18383.280448175854
5.5979999999996055,18359.46917702045
5.599999999999605,18340.355343277122
5.601999999999605,18324.549229784177
5.603999999999605,18311.076159272143
5.605999999999605,18299.240014707822
5.607999999999604,18288.564113723427
5.609999999999604,18278.706573447333
5.611999999999604,18269.41775530621
5.613999999999604,18260.541607581486
5.6159999999996035,18251.950974573432
5.617999999999603,18243.56190792601
5.619999999999603,18235.318049336216
5.621999999999603,18227.171097859366
5.623999999999603,18219.103095331116
5.625999999999602,18211.089992538055
5.627999999999602,18203.112859933706
5.629999999999602,18195.16305921979
5.631999999999602,18187.234438540163
5.6339999999996015,18179.32262402935
5.635999999999601,18171.42446400003
5.637999999999601,18163.531061169848
5.639999999999601,18155.64742392446
5.641999999999601,18147.772301930556
5.6439999999996004,18139.90476106733
5.6459999999996,18132.037473497894
5.6479999999996,18124.16991001884
5.6499999999996,18116.314852715022
5.6519999999996,18108.458643377846
5.653999999999599,18100.601003999
5.655999999999599,18092.748250334396
5.657999999999599,18084.900574517713
5.659999999999599,18077.0512750186
5.6619999999995985,18069.200146700266
5.663999999999598,18061.360031396252
5.665999999999598,18053.510850406863
5.667999999999598,18045.67205583129
5.669999999999598,18037.830192929294
5.671999999999597,18029.991583650783
5.673999999999597,18022.149415682867
5.675999999999597,18014.310043068017
5.677999999999597,18006.46669202973
5.6799999999995965,17998.625719019168
5.681999999999596,17990.786903493845
5.683999999999596,17982.94352245767
5.685999999999596,17975.101919003904
5.687999999999596,17967.261908542085
5.689999999999595,17959.41678429077
5.691999999999595,17951.57289910995
5.693999999999595,17943.72357823642
5.695999999999595,17935.875156263246
5.6979999999995945,17928.027434536307
5.699999999999594,17920.173782279435
5.701999999999594,17912.320506630535
5.703999999999594,17904.467437482712
5.705999999999594,17896.607953547424
5.707999999999593,17888.748357720986
5.709999999999593,17880.88205114667
5.711999999999593,17873.021752480014
5.713999999999593,17865.14799791624
5.7159999999995925,17857.27993917268
5.717999999999592,17849.404560040162
5.719999999999592,17841.521744928574
5.721999999999592,17833.644146610328
5.723999999999592,17825.758804822977
5.725999999999591,17817.865612940226
5.727999999999591,17809.97717731545
5.729999999999591,17802.080582109877
5.731999999999591,17794.175744189626
5.7339999999995905,17786.268883701712
5.73599999999959,17778.359846204916
5.73799999999959,17770.448488052396
5.73999999999959,17762.528358221247
5.74199999999959,17754.605657045773
5.743999999999589,17746.673958095984
5.745999999999589,17738.739450385605
5.747999999999589,17730.801987769246
5.749999999999589,17722.861437636628
5.7519999999995886,17714.911415268296
5.753999999999588,17706.95183128948
5.755999999999588,17698.995085800987
5.757999999999588,17691.02853356853
5.759999999999588,17683.058321309534
5.7619999999995875,17675.078109224483
5.763999999999587,17667.094032032262
5.765999999999587,17659.105959199373
5.767999999999587,17651.113772889796
5.769999999999587,17643.111188079016
5.771999999999586,17635.098136211123
5.773999999999586,17627.086850818883
5.775999999999586,17619.06488452724
5.777999999999586,17611.03831427898
5.7799999999995855,17603.000902216605
5.781999999999585,17594.96481492238
5.783999999999585,17586.91159177843
5.785999999999585,17578.85950354285
5.787999999999585,17570.79623278065
5.789999999999584,17562.72779876903
5.791999999999584,17554.654106438004
5.793999999999584,17546.569003019726
5.795999999999584,17538.478491297905
5.7979999999995835,17530.382460007557
5.799999999999583,17522.274807939608
5.801999999999583,17514.161503094136
5.803999999999583,17506.042452487156
5.805999999999583,17497.911576728737
5.807999999999582,17489.77482041041
5.809999999999582,17481.632095302022
5.811999999999582,17473.48332231876
5.813999999999582,17465.322474242133
5.8159999999995815,17457.15544947185
5.817999999999581,17448.98218003273
5.819999999999581,17440.796670570635
5.821999999999581,17432.60479497635
5.823999999999581,17424.4064820912
5.82599999999958,17416.195773301628
5.82799999999958,17407.978521873025
5.82999999999958,17399.75465415924
5.83199999999958,17391.524104882126
5.8339999999995795,17383.280971409215
5.835999999999579,17375.03106180586
5.837999999999579,17366.77431105894
5.839999999999579,17358.504857245945
5.841999999999579,17350.234271563946
5.843999999999578,17341.945104396273
5.845999999999578,17333.654700701973
5.847999999999578,17325.35143881364
5.849999999999578,17317.041060210908
5.8519999999995775,17308.72351326646
5.853999999999577,17300.398745118695
5.855999999999577,17292.060987658726
5.857999999999577,17283.715945890315
5.859999999999577,17275.35788112239
5.861999999999576,17266.998145409598
5.863999999999576,17258.625317340327
5.865999999999576,17250.245050857047
5.867999999999576,17241.851660673892
5.869999999999576,17233.45641841031
5.871999999999575,17225.047998378657
5.873999999999575,17216.626396710635
5.875999999999575,17208.20282373592
5.877999999999575,17199.76602576919
5.8799999999995745,17191.321584685422
5.881999999999574,17182.86946769453
5.883999999999574,17174.409645868596
5.885999999999574,17165.936545343775
5.887999999999574,17157.45570770333
5.889999999999573,17148.9615877689
5.891999999999573,17140.465204159325
5.893999999999573,17131.95550757198
5.895999999999573,17123.43799579301
5.8979999999995725,17114.912644023803
5.899999999999572,17106.373971214576
5.901999999999572,17097.82744437596
5.903999999999572,17089.273035086127
5.905999999999572,17080.71073175721
5.907999999999571,17072.140510333687
5.909999999999571,17063.556961916416
5.911999999999571,17054.965491558098
5.913999999999571,17046.366082298064
5.9159999999995705,17037.753361980347
5.91799999999957,17029.132701055216
5.91999999999957,17020.5040913471
5.92199999999957,17011.86751854151
5.92399999999957,17003.22297266244
5.925999999999569,16994.565142838394
5.927999999999569,16985.89934887768
5.929999999999569,16977.225584830067
5.931999999999569,16968.54383953078
5.9339999999995685,16959.84885489879
5.935999999999568,16951.145907708706
5.937999999999568,16942.43499256536
5.939999999999568,16933.716105173728
5.941999999999568,16924.984040422383
5.943999999999567,16916.249217675042
5.945999999999567,16907.50123597004
5.947999999999567,16898.7453057022
5.949999999999567,16889.97626845364
5.9519999999995665,16881.20445090422
5.953999999999566,16872.419557250385
5.955999999999566,16863.62674625658
5.957999999999566,16854.826020858727
5.959999999999566,16846.01229223961
5.961999999999565,16837.19068267818
5.963999999999565,16828.36627153116
5.965999999999565,16819.528913661885
5.967999999999565,16810.67865142071
5.9699999999995645,16801.82559500451
5.971999999999564,16792.959680375538
5.973999999999564,16784.085957360312
5.975999999999564,16775.20443797455
5.977999999999564,16766.31513379559
5.979999999999563,16757.41308270788
5.981999999999563,16748.50329483437
5.983999999999563,16739.585782757895
5.985999999999563,16730.6605607644
5.987999999999563,16721.727643814935
5.989999999999562,16712.7821354809
5.991999999999562,16703.833883334897
5.993999999999562,16694.873096736155
5.995999999999562,16685.90469865113
5.9979999999995615,16676.92384287856
5.999999999999561,16667.94028960659
6.001999999999561,16658.944342245803
6.003999999999561,16649.940881491613
6.005999999999561,16640.92992703875
6.00799999999956,16631.91150064337
6.00999999999956,16622.880825896405
6.01199999999956,16613.847522164706
6.01399999999956,16604.802042068455
6.0159999999995595,16595.749197011497
6.017999999999559,16586.68900647614
6.019999999999559,16577.621498992194
6.021999999999559,16568.54197316661
6.023999999999559,16559.455195279126
6.025999999999558,16550.361192922515
6.027999999999558,16541.25998834457
6.029999999999558,16532.151610165198
6.031999999999558,16523.036084035266
6.0339999999995575,16513.90878548265
6.035999999999557,16504.774412155737
6.037999999999557,16495.632990023805
6.039999999999557,16486.48454702295
6.041999999999557,16477.329113463828
6.043999999999556,16468.166716054824
6.045999999999556,16458.99280594137
6.047999999999556,16449.812009346748
6.049999999999556,16440.624356589702
6.0519999999995555,16431.429878538565
6.053999999999555,16422.22860587774
6.055999999999555,16413.02056759938
6.057999999999555,16403.80128853702
6.059999999999555,16394.57982231782
6.061999999999554,16385.347200588883
6.063999999999554,16376.107959954543
6.065999999999554,16366.85766945986
6.067999999999554,16357.605291757742
6.0699999999995535,16348.346394448985
6.071999999999553,16339.076584490964
6.073999999999553,16329.800337421133
6.075999999999553,16320.517688131535
6.077999999999553,16311.22867135091
6.079999999999552,16301.933322753095
6.081999999999552,16292.631674619948
6.083999999999552,16283.319406770755
6.085999999999552,16274.000926178347
6.0879999999995515,16264.680605522575
6.089999999999551,16255.349805309745
6.091999999999551,16246.012901315658
6.093999999999551,16236.665628724228
6.095999999999551,16227.31662997756
6.0979999999995504,16217.957361775898
6.09999999999955,16208.596419113259
6.10199999999955,16199.225302097422
6.10399999999955,16189.848318053111
6.10599999999955,16180.465505425545
6.107999999999549,16171.076902491171
6.109999999999549,16161.682545969621
6.111999999999549,16152.278275919673
6.113999999999549,16142.87253204133
6.1159999999995485,16133.456973001179
6.117999999999548,16124.035829961209
6.119999999999548,16114.60914123091
6.121999999999548,16105.17694620839
6.123999999999548,16095.739284771467
6.125999999999547,16086.296196102574
6.127999999999547,16076.843607729612
6.129999999999547,16067.38978302342
6.131999999999547,16057.926562498642
6.1339999999995465,16048.458086195014
6.135999999999546,16038.984393833056
6.137999999999546,16029.505527599094
6.139999999999546,16020.021526048511
6.141999999999546,16010.532430980007
6.143999999999545,16001.034259934471
6.145999999999545,15991.535097673168
6.147999999999545,15982.026963439848
6.149999999999545,15972.517899875955
6.1519999999995445,15962.99996669242
6.153999999999544,15953.47719497432
6.155999999999544,15943.94962559103
6.157999999999544,15934.417300798987
6.159999999999544,15924.880261358381
6.161999999999543,15915.334622864553
6.163999999999543,15905.788278581915
6.165999999999543,15896.233440273523
6.167999999999543,15886.677958912716
6.1699999999995425,15877.1140875056
6.171999999999542,15867.545761097794
6.173999999999542,15857.973021415488
6.175999999999542,15848.395911529013
6.177999999999542,15838.814472802915
6.179999999999541,15829.228746267067
6.181999999999541,15819.638773249828
6.183999999999541,15810.040785457024
6.185999999999541,15800.442443997055
6.1879999999995405,15790.836193500765
6.18999999999954,15781.225873491589
6.19199999999954,15771.615296644617
6.19399999999954,15761.996968132804
6.19599999999954,15752.374695278993
6.197999999999539,15742.748521296739
6.199999999999539,15733.11848788892
6.201999999999539,15723.484637542968
6.203999999999539,15713.843304309625
6.2059999999995386,15704.201943555034
6.207999999999538,15694.556892866329
6.209999999999538,15684.904516143826
6.211999999999538,15675.248540093278
6.213999999999538,15665.592665128672
6.2159999999995375,15655.929621126561
6.217999999999537,15646.263103446785
6.219999999999537,15636.593154827156
6.221999999999537,15626.919817744028
6.223999999999537,15617.243133702716
6.225999999999536,15607.56314459765
6.227999999999536,15597.879891404858
6.229999999999536,15588.19341520281
6.231999999999536,15578.503757119792
6.2339999999995355,15568.807400671018
6.235999999999535,15559.111500364299
6.237999999999535,15549.409006435493
6.239999999999535,15539.707032732535
6.241999999999535,15529.998567843288
6.243999999999534,15520.290686253107
6.245999999999534,15510.576414587093
6.247999999999534,15500.859298889603
6.249999999999534,15491.139381873847
6.2519999999995335,15481.416705453556
6.253999999999533,15471.691310619966
6.255999999999533,15461.963238613347
6.257999999999533,15452.2325305955
6.259999999999533,15442.499226577174
6.261999999999532,15432.763366682273
6.263999999999532,15423.021577829855
6.265999999999532,15413.280725411341
6.267999999999532,15403.537441485993
6.2699999999995315,15393.788378916004
6.271999999999531,15384.040345686093
6.273999999999531,15374.290001385238
6.275999999999531,15364.534027072408
6.277999999999531,15354.775825511531
6.27999999999953,15345.018777820054
6.28199999999953,15335.256250030005
6.28399999999953,15325.491616166279
6.28599999999953,15315.728228290649
6.2879999999995295,15305.959507077197
6.289999999999529,15296.189459388415
6.291999999999529,15286.41825951338
6.293999999999529,15276.642581204133
6.295999999999529,15266.868859313368
6.297999999999528,15257.09371640493
6.299999999999528,15247.313819790661
6.301999999999528,15237.535609614484
6.303999999999528,15227.752587100653
6.3059999999995275,15217.971200864557
6.307999999999527,15208.185021294843
6.309999999999527,15198.400488223937
6.311999999999527,15188.611223788343
6.313999999999527,15178.823641838277
6.315999999999526,15169.031409464023
6.317999999999526,15159.237741309533
6.319999999999526,15149.445835585813
6.321999999999526,15139.649413612324
6.323999999999526,15129.85166588769
6.325999999999525,15120.052631827422
6.327999999999525,15110.255473821586
6.329999999999525,15100.453983988811
6.331999999999525,15090.651317668526
6.3339999999995245,15080.847513491268
6.335999999999524,15071.042608916236
6.337999999999524,15061.239724279605
6.339999999999524,15051.43273618392
6.341999999999524,15041.62475497407
6.343999999999523,15031.81582026191
6.345999999999523,15022.005969027225
6.347999999999523,15012.19523751424
6.349999999999523,15002.38366280235
6.3519999999995225,14992.57128163668
6.353999999999522,14982.758130000808
6.355999999999522,14972.944243560352
6.357999999999522,14963.129658489914
6.359999999999522,14953.314410335748
6.361999999999521,14943.501515457421
6.363999999999521,14933.68505094461
6.365999999999521,14923.863846270608
6.367999999999521,14914.046269509732
6.3699999999995205,14904.228225729663
6.37199999999952,14894.409743484719
6.37399999999952,14884.59085258029
6.37599999999952,14874.771584384558
6.37799999999952,14864.951972900022
6.379999999999519,14855.132049843842
6.381999999999519,14845.311848506924
6.383999999999519,14835.49140380072
6.385999999999519,14825.670749088098
6.3879999999995185,14815.849917494812
6.389999999999518,14806.028943402083
6.391999999999518,14796.20786069739
6.393999999999518,14786.38669871049
6.395999999999518,14776.565506002551
6.397999999999517,14766.744298799333
6.399999999999517,14756.923115505397
6.401999999999517,14747.104811655483
6.403999999999517,14737.28378020768
6.4059999999995165,14727.462868597851
6.407999999999516,14717.642110803898
6.409999999999516,14707.821540704555
6.411999999999516,14698.003974966847
6.413999999999516,14688.183882107538
6.415999999999515,14678.36407224151
6.417999999999515,14668.54457725549
6.419999999999515,14658.72818487708
6.421999999999515,14648.909424087997
6.4239999999995145,14639.091072811318
6.425999999999514,14629.275895090701
6.427999999999514,14619.458466239099
6.429999999999514,14609.641541338267
6.431999999999514,14599.82786023581
6.433999999999513,14590.0120449341
6.435999999999513,14580.199519441028
6.437999999999513,14570.384935374785
6.439999999999513,14560.573686441889
6.441999999999513,14550.763125613033
6.443999999999512,14540.950616597038
6.445999999999512,14531.1415105204
6.447999999999512,14521.333182004228
6.449999999999512,14511.523017325526
6.4519999999995115,14501.71632488999
6.453999999999511,14491.910498833226
6.455999999999511,14482.105568680046
6.457999999999511,14472.301561342267
6.459999999999511,14462.49850670645
6.46199999999951,14452.696432363526
6.46399999999951,14442.895369337424
6.46599999999951,14433.095344099253
6.46799999999951,14423.296387129069
6.4699999999995095,14413.49852672789
6.471999999999509,14403.701791319509
6.473999999999509,14393.906210617994
6.475999999999509,14384.114361411393
6.477999999999509,14374.322502922269
6.479999999999508,14364.527566609439
6.481999999999508,14354.739072714738
6.483999999999508,14344.949468292501
6.485999999999508,14335.163781422625
6.4879999999995075,14325.376988233094
6.489999999999507,14315.594104732769
6.491999999999507,14305.812645280483
6.493999999999507,14296.03013801954
6.495999999999507,14286.251573637404
6.497999999999506,14276.474494674168
6.499999999999506,14266.69892416316
6.501999999999506,14256.924886246416
6.503999999999506,14247.152407510648
6.5059999999995055,14237.38151251992
6.507999999999505,14227.612226155881
6.509999999999505,14217.844576527932
6.511999999999505,14208.08101418056
6.513999999999505,14198.3167177189
6.515999999999504,14188.555152249462
6.517999999999504,14178.795015197411
6.519999999999504,14169.035324676412
6.521999999999504,14159.280014612164
6.5239999999995035,14149.526661368973
6.525999999999503,14139.772858618358
6.527999999999503,14130.023357055032
6.529999999999503,14120.27578355089
6.531999999999503,14110.530144775677
6.533999999999502,14100.78645450965
6.535999999999502,14091.04473111915
6.537999999999502,14081.304993652764
6.539999999999502,14071.56726421151
6.5419999999995015,14061.83389652986
6.543999999999501,14052.10025713298
6.545999999999501,14042.371009004479
6.547999999999501,14032.641547213898
6.549999999999501,14022.916510243842
6.5519999999995004,14013.191318043959
6.5539999999995,14003.470585100205
6.5559999999995,13993.752043028657
6.5579999999995,13984.035713508432
6.5599999999995,13974.321617044221
6.561999999999499,13964.60977667598
6.563999999999499,13954.900214581743
6.565999999999499,13945.192954139224
6.567999999999499,13935.490267210685
6.5699999999994985,13925.78768117322
6.571999999999498,13916.08969771735
6.573999999999498,13906.391871224483
6.575999999999498,13896.698678995988
6.577999999999498,13887.007917036524
6.579999999999497,13877.319607286217
6.581999999999497,13867.63376870757
6.583999999999497,13857.950424150678
6.585999999999497,13848.269592356986
6.5879999999994965,13838.591297242983
6.589999999999496,13828.917742544818
6.591999999999496,13819.244584754033
6.593999999999496,13809.5761971174
6.595999999999496,13799.908259467951
6.597999999999495,13790.245119878695
6.599999999999495,13780.584638878352
6.601999999999495,13770.926833065867
6.603999999999495,13761.271724387361
6.6059999999994945,13751.619332915823
6.607999999999494,13741.969676082374
6.609999999999494,13732.322778112979
6.611999999999494,13722.680775237195
6.613999999999494,13713.039453075098
6.615999999999493,13703.403052562939
6.617999999999493,13693.769484346967
6.619999999999493,13684.138768412902
6.621999999999493,13674.510919712397
6.6239999999994925,13664.885958982148
6.625999999999492,13655.263903630861
6.627999999999492,13645.644775697929
6.629999999999492,13636.030660474249
6.631999999999492,13626.417444260542
6.633999999999491,13616.809266550805
6.635999999999491,13607.204086171614
6.637999999999491,13597.59987490006
6.639999999999491,13588.000737603594
6.6419999999994905,13578.406691407326
6.64399999999949,13568.81368120242
6.64599999999949,13559.22375553526
6.64799999999949,13549.63895361587
6.64999999999949,13540.055256296073
6.651999999999489,13530.476707746377
6.653999999999489,13520.90131167613
6.655999999999489,13511.329088101891
6.657999999999489,13501.760051579942
6.6599999999994886,13492.194219303361
6.661999999999488,13482.631607845986
6.663999999999488,13473.07223767468
6.665999999999488,13463.518095744907
6.667999999999488,13453.967223368249
6.6699999999994874,13444.417677669055
6.671999999999487,13434.873389710456
6.673999999999487,13425.332423114196
6.675999999999487,13415.79673689887
6.677999999999487,13406.262458642728
6.679999999999486,13396.731547195906
6.681999999999486,13387.205945937418
6.683999999999486,13377.683742166648
6.685999999999486,13368.163030451315
6.6879999999994855,13358.647661091756
6.689999999999485,13349.137644265642
6.691999999999485,13339.629179515581
6.693999999999485,13330.124188314754
6.695999999999485,13320.624577764624
6.697999999999484,13311.126578492449
6.699999999999484,13301.633982050731
6.701999999999484,13292.144916533201
6.703999999999484,13282.659398303826
6.7059999999994835,13273.177438149256
6.707999999999483,13263.7009167481
6.709999999999483,13254.226125523177
6.711999999999483,13244.756788778308
6.713999999999483,13235.291069791818
6.715999999999482,13225.827135823418
6.717999999999482,13216.370521988756
6.719999999999482,13206.915734323755
6.721999999999482,13197.464616310634
6.7239999999994815,13188.01900639219
6.725999999999481,13178.575277511563
6.727999999999481,13169.137075622324
6.729999999999481,13159.702597488835
6.731999999999481,13150.271857832378
6.73399999999948,13140.84486882498
6.73599999999948,13131.423440305402
6.73799999999948,13122.003995666204
6.73999999999948,13112.590127795957
6.7419999999994795,13103.180061077745
6.743999999999479,13093.77380746926
6.745999999999479,13084.371382132449
6.747999999999479,13074.97279626492
6.749999999999479,13065.579825008877
6.751999999999478,13056.19071627677
6.753999999999478,13046.803730605909
6.755999999999478,13037.422384004487
6.757999999999478,13028.044937775501
6.7599999999994775,13018.67313917918
6.761999999999477,13009.303531187428
6.763999999999477,12999.939586389059
6.765999999999477,12990.579588226194
6.767999999999477,12981.223546906678
6.769999999999476,12971.871474855136
6.771999999999476,12962.523385219083
6.773999999999476,12953.17929000227
6.775999999999476,12943.840899828147
6.7779999999994756,12934.50652502002
6.779999999999475,12925.17617437476
6.781999999999475,12915.84986015226
6.783999999999475,12906.527593491057
6.785999999999475,12897.209388807005
6.7879999999994745,12887.896929287732
6.789999999999474,12878.58854751661
6.791999999999474,12869.284254418626
6.793999999999474,12859.984063583364
6.795999999999474,12850.687985296618
6.797999999999473,12841.397679051859
6.799999999999473,12832.10985788229
6.801999999999473,12822.827823451385
6.803999999999473,12813.549942218142
6.8059999999994725,12804.276222892273
6.807999999999472,12795.008303541897
6.809999999999472,12785.742939936898
6.811999999999472,12776.48339117971
6.813999999999472,12767.228042502433
6.815999999999471,12757.97690281819
6.817999999999471,12748.729985827295
6.819999999999471,12739.488901165356
6.821999999999471,12730.250456085285
6.8239999999994705,12721.01785678654
6.82599999999947,12711.78951553632
6.82799999999947,12702.565440807883
6.82999999999947,12693.347225397527
6.83199999999947,12684.131713384444
6.833999999999469,12674.922073563659
6.835999999999469,12665.716732916791
6.837999999999469,12656.515704723502
6.839999999999469,12647.318998249571
6.8419999999994685,12638.128177014807
6.843999999999468,12628.94169237201
6.845999999999468,12619.758005062338
6.847999999999468,12610.581762604086
6.849999999999468,12601.40833955654
6.851999999999467,12592.23995660189
6.853999999999467,12583.075710658783
6.855999999999467,12573.916596130193
6.857999999999467,12564.762001184532
6.8599999999994665,12555.611898658248
6.861999999999466,12546.467781406736
6.863999999999466,12537.326609913398
6.865999999999466,12528.191401253152
6.867999999999466,12519.06064079068
6.869999999999465,12509.934819777302
6.871999999999465,12500.814185742103
6.873999999999465,12491.700175667549
6.875999999999465,12482.58967311335
6.8779999999994645,12473.485509738373
6.879999999999464,12464.38608450845
6.881999999999464,12455.291316247247
6.883999999999464,12446.201149971537
6.885999999999464,12437.117020893882
6.887999999999463,12428.035971923742
6.889999999999463,12418.960926511474
6.891999999999463,12409.890415519321
6.893999999999463,12400.825888312316
6.895999999999463,12391.764446997851
6.897999999999462,12382.708995375335
6.899999999999462,12373.65808989608
6.901999999999462,12364.611740263541
6.903999999999462,12355.569950827956
6.9059999999994615,12346.534156243084
6.907999999999461,12337.502932183643
6.909999999999461,12328.476285027384
6.911999999999461,12319.454223346214
6.913999999999461,12310.438167936754
6.91599999999946,12301.425297655242
6.91799999999946,12292.418441921667
6.91999999999946,12283.416196507656
6.92199999999946,12274.419963363802
6.9239999999994595,12265.426952530592
6.925999999999459,12256.439966108575
6.927999999999459,12247.457611323489
6.929999999999459,12238.479897209794
6.931999999999459,12229.508205785849
6.933999999999458,12220.539789601151
6.935999999999458,12211.576318474808
6.937999999999458,12202.618267175365
6.939999999999458,12193.666357313881
6.9419999999994575,12184.717839337789
6.943999999999457,12175.775414932852
6.945999999999457,12166.837709712647
6.947999999999457,12157.904718278269
6.949999999999457,12148.9777821449
6.951999999999456,12140.054210472363
6.953999999999456,12131.136693286762
6.955999999999456,12122.225220813518
6.957999999999456,12113.317127353139
6.9599999999994555,12104.415084785645
6.961999999999455,12095.516446445206
6.963999999999455,12086.625183995904
6.965999999999455,12077.737332669458
6.967999999999455,12068.854225846706
6.969999999999454,12059.977177227265
6.971999999999454,12051.104875562882
6.973999999999454,12042.237329015863
6.975999999999454,12033.375841644278
6.9779999999994535,12024.519110125357
6.979999999999453,12015.667144825034
6.981999999999453,12006.819951473037
6.983999999999453,11997.97754052373
6.985999999999453,11989.141196086233
6.987999999999452,11980.309630625165
6.989999999999452,11971.48285547679
6.991999999999452,11962.662144391994
6.993999999999452,11953.844961192866
6.9959999999994515,11945.033849432195
6.997999999999451,11936.227544280873
6.999999999999451,11927.427303121196
7.001999999999451,11918.630620847787
7.003999999999451,11909.840012770672
7.0059999999994504,11901.054225385917
7.00799999999945,11892.274506248938
7.00999999999945,11883.498371267899
7.01199999999945,11874.728313357151
7.01399999999945,11865.963089196022
7.015999999999449,11857.203934653844
7.017999999999449,11848.448392785303
7.019999999999449,11839.69892832299
7.021999999999449,11830.954313820794
7.0239999999994485,11822.215769186134
7.025999999999448,11813.480863512028
7.027999999999448,11804.752038276849
7.029999999999448,11796.02807676701
7.031999999999448,11787.310182481826
7.033999999999447,11778.595957125966
7.035999999999447,11769.887810225775
7.037999999999447,11761.184540106557
7.039999999999447,11752.487336456228
7.0419999999994465,11743.79383026947
7.043999999999446,11735.106400148257
7.045999999999446,11726.425032023524
7.047999999999446,11717.747375925765
7.049999999999446,11709.075793496973
7.051999999999445,11700.409106583447
7.053999999999445,11691.747322506642
7.055999999999445,11683.091606899157
7.057999999999445,11674.439636352296
7.0599999999994445,11665.793740843985
7.061999999999444,11657.153908130193
7.063999999999444,11648.517832908163
7.065999999999444,11639.887829584204
7.067999999999444,11631.262745127635
7.069999999999443,11622.642586652555
7.071999999999443,11614.028489068967
7.073999999999443,11605.419314038347
7.075999999999443,11596.815071603261
7.0779999999994425,11588.216885267573
7.079999999999442,11579.622507734035
7.081999999999442,11571.0341983854
7.083999999999442,11562.450829171694
7.085999999999442,11553.873513895722
7.087999999999441,11545.301134063937
7.089999999999441,11536.733698857433
7.091999999999441,11528.171214532824
7.093999999999441,11519.614787335884
7.0959999999994405,11511.063303807316
7.09799999999944,11502.51677631756
7.09999999999944,11493.975208707467
7.10199999999944,11485.43969431758
7.10399999999944,11476.909133578016
7.105999999999439,11468.383535313016
7.107999999999439,11459.863982056097
7.109999999999439,11451.349384276009
7.111999999999439,11442.839754323613
7.1139999999994386,11434.335097922092
7.115999999999438,11425.836486269094
7.117999999999438,11417.342835792033
7.119999999999438,11408.854163309354
7.121999999999438,11400.370473410232
7.1239999999994374,11391.892821094792
7.125999999999437,11383.420141486356
7.127999999999437,11374.953485983731
7.129999999999437,11366.490759541435
7.131999999999437,11358.034070396996
7.133999999999436,11349.583398817218
7.135999999999436,11341.136666614344
7.137999999999436,11332.695965063214
7.139999999999436,11324.260246883312
7.1419999999994355,11315.829523899381
7.143999999999435,11307.404821162449
7.145999999999435,11298.985101856297
7.147999999999435,11290.570378071112
7.149999999999435,11282.16166513079
7.151999999999434,11273.757935549404
7.153999999999434,11265.359203930491
7.155999999999434,11256.965476785981
7.157999999999434,11248.577757018113
7.1599999999994335,11240.195031260817
7.161999999999433,11231.81730709451
7.163999999999433,11223.44558073906
7.165999999999433,11215.078848228932
7.167999999999433,11206.717119890505
7.169999999999432,11198.360402748876
7.171999999999432,11190.00968070982
7.173999999999432,11181.663957937883
7.175999999999432,11173.324214650424
7.1779999999994315,11164.988494331983
7.179999999999431,11156.658771351862
7.181999999999431,11148.335016505456
7.183999999999431,11140.015294565981
7.185999999999431,11131.701558137042
7.18799999999943,11123.392830987474
7.18999999999943,11115.090070811028
7.19199999999943,11106.791362574693
7.19399999999943,11098.499579386096
7.1959999999994295,11090.211839572741
7.197999999999429,11081.930071145096
7.199999999999429,11073.653307559125
7.201999999999429,11065.381562687755
7.203999999999429,11057.115773246793
7.205999999999428,11048.854986787821
7.207999999999428,11040.599218567979
7.209999999999428,11032.34847516861
7.211999999999428,11024.103681073577
7.2139999999994275,11015.86481103383
7.215999999999427,11007.630023563097
7.217999999999427,10999.401178333299
7.219999999999427,10991.17734867857
7.221999999999427,10982.9585406269
7.223999999999426,10974.745662826768
7.225999999999426,10966.53779305819
7.227999999999426,10958.335839686537
7.229999999999426,10950.13799217452
7.2319999999994256,10941.9460799006
7.233999999999425,10933.760068375108
7.235999999999425,10925.578169621704
7.237999999999425,10917.40219688023
7.239999999999425,10909.231235780404
7.2419999999994245,10901.066177570163
7.243999999999424,10892.906119999945
7.245999999999424,10884.751083189025
7.247999999999424,10876.601937848429
7.249999999999424,10868.457796417348
7.251999999999423,10860.318673789483
7.253999999999423,10852.184575914165
7.255999999999423,10844.056368983622
7.257999999999423,10835.933167928231
7.2599999999994225,10827.815838831079
7.261999999999422,10819.70351071056
7.263999999999422,10811.59619309703
7.265999999999422,10803.493899107694
7.267999999999422,10795.397475858104
7.269999999999421,10787.306056984205
7.271999999999421,10779.21965497703
7.273999999999421,10771.139113604002
7.275999999999421,10763.06357297413
7.2779999999994205,10754.993873054225
7.27999999999942,10746.929167359194
7.28199999999942,10738.869468645173
7.28399999999942,10730.814790717404
7.28599999999942,10722.765954622522
7.287999999999419,10714.722121078015
7.289999999999419,10706.683296015912
7.291999999999419,10698.650304210842
7.293999999999419,10690.622307889591
7.2959999999994185,10682.599319388872
7.297999999999418,10674.58215334713
7.299999999999418,10666.569980441143
7.301999999999418,10658.56361004838
7.303999999999418,10650.561430684742
7.305999999999417,10642.565075485434
7.307999999999417,10634.57451099401
7.309999999999417,10626.588923877433
7.311999999999417,10618.608335350867
7.3139999999994165,10610.632755269296
7.315999999999416,10602.662967933142
7.317999999999416,10594.698172274808
7.319999999999416,10586.739148094844
7.321999999999416,10578.784332776908
7.323999999999415,10570.835313592352
7.325999999999415,10562.892051396127
7.327999999999415,10554.953762962748
7.329999999999415,10547.020463904879
7.3319999999994145,10539.092165037217
7.333999999999414,10531.169631972578
7.335999999999414,10523.252080393317
7.337999999999414,10515.340268021879
7.339999999999414,10507.433425874824
7.341999999999413,10499.531569496683
7.343999999999413,10491.63545254228
7.345999999999413,10483.744306018269
7.347999999999413,10475.85814266541
7.349999999999413,10467.977712179969
7.351999999999412,10460.101517136269
7.353999999999412,10452.23179806236
7.355999999999412,10444.366299789814
7.357999999999412,10436.50725246137
7.3599999999994115,10428.65241826688
7.361999999999411,10420.803299402236
7.363999999999411,10412.959145446572
7.365999999999411,10405.119970744641
7.367999999999411,10397.286496061899
7.36999999999941,10389.457978649467
7.37199999999941,10381.635142843052
7.37399999999941,10373.816551986538
7.37599999999941,10366.004362809083
7.3779999999994095,10358.19640684266
7.379999999999409,10350.39413433385
7.381999999999409,10342.596819833738
7.383999999999409,10334.805164517324
7.385999999999409,10327.018451193253
7.387999999999408,10319.236698453371
7.389999999999408,10311.46059924975
7.391999999999408,10303.689442693772
7.393999999999408,10295.92392164037
7.3959999999994075,10288.162653233714
7.397999999999407,10280.407051375549
7.399999999999407,10272.65706900064
7.401999999999407,10264.912008846888
7.403999999999407,10257.171894646246
7.405999999999406,10249.437401305004
7.407999999999406,10241.707833127259
7.409999999999406,10233.983209501617
7.411999999999406,10226.264202600725
7.4139999999994055,10218.550117808109
7.415999999999405,10210.840975205549
7.417999999999405,10203.1374360573
7.419999999999405,10195.43881710878
7.421999999999405,10187.745780569556
7.423999999999404,10180.057652290461
7.425999999999404,10172.374451449698
7.427999999999404,10164.69619753718
7.429999999999404,10157.023527426032
7.4319999999994035,10149.35640458241
7.433999999999403,10141.69417001091
7.435999999999403,10134.036849764736
7.437999999999403,10126.384462745216
7.439999999999403,10118.737636095744
7.441999999999402,10111.095714764659
7.443999999999402,10103.459334262327
7.445999999999402,10095.827842079018
7.447999999999402,10088.201660678527
7.4499999999994015,10080.58160011022
7.451999999999401,10072.966363943358
7.453999999999401,10065.357719319332
7.455999999999401,10057.753640045426
7.457999999999401,10050.155308107438
7.4599999999994,10042.562010237383
7.4619999999994,10034.974304646297
7.4639999999994,10027.391529161212
7.4659999999994,10019.813683643799
7.4679999999994,10012.241352939336
7.469999999999399,10004.673907351393
7.471999999999399,9997.111944966467
7.473999999999399,9989.554841999257
7.475999999999399,9982.002623461292
7.4779999999993985,9974.455880412615
7.479999999999398,9966.913996062694
7.481999999999398,9959.377562314154
7.483999999999398,9951.84540779214
7.485999999999398,9944.319306541227
7.487999999999397,9936.797462556167
7.489999999999397,9929.281085773628
7.491999999999397,9921.770125552803
7.493999999999397,9914.263435663755
7.4959999999993965,9906.762761453752
7.497999999999396,9899.266342750618
7.499999999999396,9891.775783277884
7.501999999999396,9884.288850173616
7.503999999999396,9876.805808372794
7.505999999999395,9869.327953318434
7.507999999999395,9861.855325746603
7.509999999999395,9854.387416578238
7.511999999999395,9846.924292041651
7.5139999999993945,9839.466531190816
7.515999999999394,9832.01357865428
7.517999999999394,9824.565468003659
7.519999999999394,9817.122743434182
7.521999999999394,9809.685366049453
7.523999999999393,9802.252263626704
7.525999999999393,9794.824562733826
7.527999999999393,9787.402213074069
7.529999999999393,9779.984150901062
7.5319999999993925,9772.571995174287
7.533999999999392,9765.16411024569
7.535999999999392,9757.76160140649
7.537999999999392,9750.364419368138
7.539999999999392,9742.972022237936
7.541999999999391,9735.584443052006
7.543999999999391,9728.201701752525
7.545999999999391,9720.824308798947
7.547999999999391,9713.452213423592
7.5499999999993905,9706.084892708828
7.55199999999939,9698.722375401067
7.55399999999939,9691.365172887938
7.55599999999939,9684.012753926938
7.55799999999939,9676.665147033984
7.559999999999389,9669.322846412042
7.561999999999389,9661.985329835068
7.563999999999389,9654.653098148408
7.565999999999389,9647.325634765664
7.5679999999993885,9640.002966328462
7.569999999999388,9632.685585153007
7.571999999999388,9625.372971933697
7.573999999999388,9618.065621316628
7.575999999999388,9610.763024799384
7.5779999999993874,9603.465675314568
7.579999999999387,9596.172615623982
7.581999999999387,9588.885300956366
7.583999999999387,9581.60270912932
7.585999999999387,9574.32487553688
7.587999999999386,9567.051824955539
7.589999999999386,9559.784019723034
7.591999999999386,9552.520966312992
7.593999999999386,9545.263133373253
7.5959999999993855,9538.010033038707
7.597999999999385,9530.762133980785
7.599999999999385,9523.518957964365
7.601999999999385,9516.280540081216
7.603999999999385,9509.047327226208
7.605999999999384,9501.818843551671
7.607999999999384,9494.595543898435
7.609999999999384,9487.376957159018
7.611999999999384,9480.163541938224
7.6139999999993835,9472.954829850703
7.615999999999383,9465.750856549788
7.617999999999383,9458.552057506207
7.619999999999383,9451.357969216186
7.621999999999383,9444.168620453796
7.623999999999382,9436.984441407678
7.625999999999382,9429.805376272374
7.627999999999382,9422.630985913209
7.629999999999382,9415.461307055344
7.6319999999993815,9408.29636648686
7.633999999999381,9401.136974357705
7.635999999999381,9393.98182416049
7.637999999999381,9386.831814696612
7.639999999999381,9379.686500251837
7.64199999999938,9372.54629577703
7.64399999999938,9365.410769812692
7.64599999999938,9358.280335151938
7.64799999999938,9351.154567436577
7.6499999999993795,9344.033496314569
7.651999999999379,9336.917524516462
7.653999999999379,9329.806601843591
7.655999999999379,9322.699938697497
7.657999999999379,9315.59876306604
7.659999999999378,9308.501831254162
7.661999999999378,9301.409996280789
7.663999999999378,9294.323196717663
7.665999999999378,9287.241029239167
7.6679999999993775,9280.163530445438
7.669999999999377,9273.091084612508
7.671999999999377,9266.023284861787
7.673999999999377,9258.960160475412
7.675999999999377,9251.902086836262
7.677999999999376,9244.849006966435
7.679999999999376,9237.80053599698
7.681999999999376,9230.756709588108
7.683999999999376,9223.717906514605
7.6859999999993756,9216.683726525764
7.687999999999375,9209.654547710024
7.689999999999375,9202.629978851997
7.691999999999375,9195.61005834482
7.693999999999375,9188.595143599812
7.6959999999993745,9181.585180640492
7.697999999999374,9174.579466814557
7.699999999999374,9167.579101788095
7.701999999999374,9160.582973297132
7.703999999999374,9153.591844315622
7.705999999999373,9146.605656330736
7.707999999999373,9139.624046431247
7.709999999999373,9132.647051910959
7.711999999999373,9125.675020483632
7.7139999999993725,9118.707577194671
7.715999999999372,9111.745071575902
7.717999999999372,9104.787143765994
7.719999999999372,9097.834135896024
7.721999999999372,9090.885696596488
7.723999999999371,9083.942166454011
7.725999999999371,9077.003197523583
7.727999999999371,9070.068826859317
7.729999999999371,9063.13937991561
7.7319999999993705,9056.21450290797
7.73399999999937,9049.29452310987
7.73599999999937,9042.3790978381
7.73799999999937,9035.468552647157
7.73999999999937,9028.56255228944
7.741999999999369,9021.661133525002
7.743999999999369,9014.76460875513
7.745999999999369,9007.87263933559
7.747999999999369,9000.985533309178
7.7499999999993685,8994.103241080975
7.751999999999368,8987.225176316804
7.753999999999368,8980.352009543536
7.755999999999368,8973.483671052836
7.757999999999368,8966.619845144205
7.759999999999367,8959.760843052785
7.761999999999367,8952.906352135242
7.763999999999367,8946.056412923555
7.765999999999367,8939.21131568102
7.7679999999993665,8932.370740524562
7.769999999999366,8925.534981334495
7.771999999999366,8918.703730340842
7.773999999999366,8911.877278804152
7.775999999999366,8905.055324914456
7.777999999999365,8898.238157989377
7.779999999999365,8891.425479029558
7.781999999999365,8884.617335683392
7.783999999999365,8877.813992465914
7.7859999999993645,8871.01539169659
7.787999999999364,8864.22101280587
7.789999999999364,8857.431696658508
7.791999999999364,8850.646816988543
7.793999999999364,8843.866432564619
7.795999999999363,8837.090808292305
7.797999999999363,8830.319658888196
7.799999999999363,8823.55302570832
7.801999999999363,8816.791160320865
7.803999999999363,8810.033996403856
7.805999999999362,8803.281272250708
7.807999999999362,8796.533039001997
7.809999999999362,8789.789541286991
7.811999999999362,8783.0507205725
7.8139999999993615,8776.316111204094
7.815999999999361,8769.586478263416
7.817999999999361,8762.861040450429
7.819999999999361,8756.140553758878
7.821999999999361,8749.424253271534
7.82399999999936,8742.712688669633
7.82599999999936,8736.005784712477
7.82799999999936,8729.303299997475
7.82999999999936,8722.605475620066
7.8319999999993595,8715.912067992826
7.833999999999359,8709.223124716635
7.835999999999359,8702.538867167921
7.837999999999359,8695.859043995668
7.839999999999359,8689.183878985881
7.841999999999358,8682.51331527892
7.843999999999358,8675.84694830297
7.845999999999358,8669.18545898506
7.847999999999358,8662.528150135815
7.8499999999993575,8655.875700109913
7.851999999999357,8649.227425303723
7.853999999999357,8642.583990553547
7.855999999999357,8635.944726312466
7.857999999999357,8629.310119057809
7.859999999999356,8622.680099455547
7.861999999999356,8616.054449894304
7.863999999999356,8609.433222677439
7.865999999999356,8602.816615810605
7.8679999999993555,8596.204558122057
7.869999999999355,8589.596853863774
7.871999999999355,8582.993554525834
7.873999999999355,8576.394850757106
7.875999999999355,8569.800529135135
7.877999999999354,8563.210781929176
7.879999999999354,8556.625399431932
7.881999999999354,8550.044574779686
7.883999999999354,8543.468109487843
7.8859999999993535,8536.896188278726
7.887999999999353,8530.328619971411
7.889999999999353,8523.765589252165
7.891999999999353,8517.206902778444
7.893999999999353,8510.652743054674
7.895999999999352,8504.102923809121
7.897999999999352,8497.557492940488
7.899999999999352,8491.016612728323
7.901999999999352,8484.48021382573
7.9039999999993515,8477.948124784965
7.905999999999351,8471.420521261385
7.907999999999351,8464.897234069454
7.909999999999351,8458.378317007317
7.911999999999351,8451.863919063393
7.91399999999935,8445.353858589453
7.91599999999935,8438.848294335321
7.91799999999935,8432.347159942521
7.91999999999935,8425.850302861594
7.92199999999935,8419.357789065141
7.923999999999349,8412.869759625944
7.925999999999349,8406.3860475705
7.927999999999349,8399.906801772364
7.929999999999349,8393.431857860569
7.9319999999993485,8386.961365423127
7.933999999999348,8380.495165744269
7.935999999999348,8374.0334066798
7.937999999999348,8367.575938116956
7.939999999999348,8361.122896224218
7.941999999999347,8354.674138427543
7.943999999999347,8348.229800236944
7.945999999999347,8341.789741202798
7.947999999999347,8335.35409310186
7.9499999999993465,8328.922718315367
7.951999999999346,8322.495745871349
7.953999999999346,8316.073041982743
7.955999999999346,8309.654731220668
7.957999999999346,8303.240683781823
7.959999999999345,8296.830952995524
7.961999999999345,8290.425644289462
7.963999999999345,8284.024681658408
7.965999999999345,8277.627949601832
7.9679999999993445,8271.235574519958
7.969999999999344,8264.847438112583
7.971999999999344,8258.463598270248
7.973999999999344,8252.084205553849
7.975999999999344,8245.708926595245
7.977999999999343,8239.338046327652
7.979999999999343,8232.971482055997
7.981999999999343,8226.609133804195
7.983999999999343,8220.251066384742
7.9859999999993425,8213.897405843434
7.987999999999342,8207.547852829108
7.989999999999342,8201.202670188892
7.991999999999342,8194.861778959017
7.993999999999342,8188.525089966243
7.995999999999341,8182.192665443851
7.997999999999341,8175.86457959904
7.999999999999341,8169.540760328237
