time,value
0.0,4713621.582905213
0.002,4709996.612257736
0.004,4706522.23952644
0.006,4701403.2412590245
0.008,4695683.229674621
0.01,4689883.951093766
0.012,4684220.284957705
0.014,4678747.705745018
0.016,4673453.896095609
0.018000000000000002,4668307.843463239
0.020000000000000004,4663281.255727024
0.022000000000000006,4658354.663177924
0.024000000000000007,4653516.8834467735
0.02600000000000001,4648762.503839836
0.02800000000000001,4644089.433288206
0.030000000000000013,4639497.165461837
0.032000000000000015,4634985.754561866
0.034000000000000016,4630555.304322807
0.03600000000000002,4626205.764213176
0.03800000000000002,4621936.88208977
0.04000000000000002,4617748.222216688
0.04200000000000002,4613639.201396083
0.044000000000000025,4609609.122874295
0.04600000000000003,4605657.202262714
0.04800000000000003,4601782.585439376
0.05000000000000003,4597984.360581588
0.05200000000000003,4594261.5665979395
0.054000000000000034,4590613.199363712
0.056000000000000036,4587038.216996549
0.05800000000000004,4583535.544367539
0.06000000000000004,4580104.077333903
0.06200000000000004,4576742.686736794
0.06400000000000004,4573450.222127317
0.06600000000000004,4570225.515281924
0.06800000000000005,4567067.384128108
0.07000000000000005,4563974.656163047
0.07200000000000005,4560946.141981138
0.07400000000000005,4557980.632535146
0.07600000000000005,4555076.915333156
0.07800000000000006,4552233.77652981
0.08000000000000006,4549450.002895292
0.08200000000000006,4546724.383622007
0.08400000000000006,4544055.712087297
0.08600000000000006,4541442.7874526
0.08800000000000006,4538884.4161801655
0.09000000000000007,4536379.413309398
0.09200000000000007,4533926.603710246
0.09400000000000007,4531524.823190548
0.09600000000000007,4529172.91954367
0.09800000000000007,4526869.753389873
0.10000000000000007,4524614.199019972
0.10200000000000008,4522405.145120134
0.10400000000000008,4520241.495449167
0.10600000000000008,4518122.169405531
0.10800000000000008,4516046.102478315
0.11000000000000008,4514012.2467004405
0.11200000000000009,4512019.571041552
0.11400000000000009,4510067.061742331
0.11600000000000009,4508153.722562789
0.11800000000000009,4506278.574974371
0.12000000000000009,4504440.658335056
0.1220000000000001,4502639.030033048
0.1240000000000001,4500872.76555865
0.12600000000000008,4499140.958558829
0.12800000000000009,4497442.720836189
0.1300000000000001,4495777.182367463
0.1320000000000001,4494143.491217914
0.1340000000000001,4492540.813470316
0.1360000000000001,4490968.333141826
0.1380000000000001,4489425.252078576
0.1400000000000001,4487910.789798979
0.1420000000000001,4486424.18334054
0.1440000000000001,4484964.687068531
0.1460000000000001,4483531.5725210905
0.1480000000000001,4482124.128167039
0.1500000000000001,4480741.659219472
0.1520000000000001,4479383.487398477
0.1540000000000001,4478048.95070171
0.1560000000000001,4476737.403170326
0.1580000000000001,4475448.214593219
0.16000000000000011,4474180.770306987
0.16200000000000012,4472934.4709317265
0.16400000000000012,4471708.732070991
0.16600000000000012,4470502.984072431
0.16800000000000012,4469316.67171631
0.17000000000000012,4468149.253967843
0.17200000000000013,4467000.2037162
0.17400000000000013,4465869.007477062
0.17600000000000013,4464755.165117399
0.17800000000000013,4463658.189588063
0.18000000000000013,4462577.606627313
0.18200000000000013,4461512.954516203
0.18400000000000014,4460463.783790303
0.18600000000000014,4459429.656943031
0.18800000000000014,4458410.148213388
0.19000000000000014,4457404.8432816835
0.19200000000000014,4456413.339026789
0.19400000000000014,4455435.243246833
0.19600000000000015,4454470.174401557
0.19800000000000015,4453517.76344661
0.20000000000000015,4452577.671489075
0.20200000000000015,4451649.550025497
0.20400000000000015,4450733.056693979
0.20600000000000016,4449827.858608697
0.20800000000000016,4448933.632081863
0.21000000000000016,4448050.062440649
0.21200000000000016,4447176.843760016
0.21400000000000016,4446313.6786600845
0.21600000000000016,4445460.278095105
0.21800000000000017,4444616.361114556
0.22000000000000017,4443781.654650668
0.22200000000000017,4442955.893317499
0.22400000000000017,4442138.819240832
0.22600000000000017,4441330.181821824
0.22800000000000017,4440529.7375525655
0.23000000000000018,4439737.249832751
0.23200000000000018,4438952.488792521
0.23400000000000018,4438175.231060625
0.23600000000000018,4437405.259660923
0.23800000000000018,4436642.363779362
0.24000000000000019,4435886.338636474
0.2420000000000002,4435136.985307582
0.2440000000000002,4434394.110559441
0.2460000000000002,4433657.526669699
0.2480000000000002,4432927.051325776
0.25000000000000017,4432202.507435954
0.25200000000000017,4431483.723001963
0.25400000000000017,4430770.530982919
0.25600000000000017,4430062.769132316
0.2580000000000002,4429360.279860646
0.2600000000000002,4428662.910134284
0.2620000000000002,4427970.511329519
0.2640000000000002,4427282.939129725
0.2660000000000002,4426600.053356738
0.2680000000000002,4425921.717897015
0.2700000000000002,4425247.800549115
0.2720000000000002,4424578.1729559405
0.2740000000000002,4423912.710474411
0.2760000000000002,4423251.291984361
0.2780000000000002,4422593.799716292
0.2800000000000002,4421940.119390659
0.2820000000000002,4421290.140145929
0.2840000000000002,4420643.754389325
0.2860000000000002,4420000.857637468
0.2880000000000002,4419361.348438946
0.2900000000000002,4418725.128267399
0.2920000000000002,4418092.101460051
0.2940000000000002,4417462.1751169395
0.2960000000000002,4416835.259042976
0.2980000000000002,4416211.26565029
0.3000000000000002,4415590.109879172
0.3020000000000002,4414971.709151564
0.3040000000000002,4414355.983280134
0.3060000000000002,4413742.854370126
0.3080000000000002,4413132.246824911
0.3100000000000002,4412524.087220284
0.3120000000000002,4411918.304251888
0.3140000000000002,4411314.8286795765
0.3160000000000002,4410713.593294418
0.3180000000000002,4410114.532814328
0.32000000000000023,4409517.5838670125
0.32200000000000023,4408922.684894588
0.32400000000000023,4408329.776117619
0.32600000000000023,4407738.799490077
0.32800000000000024,4407149.698650696
0.33000000000000024,4406562.418873535
0.33200000000000024,4405976.90699541
0.33400000000000024,4405393.11141544
0.33600000000000024,4404810.982010431
0.33800000000000024,4404230.470106709
0.34000000000000025,4403651.528418942
0.34200000000000025,4403074.1110321265
0.34400000000000025,4402498.173367835
0.34600000000000025,4401923.672144697
0.34800000000000025,4401350.565314229
0.35000000000000026,4400778.812044235
0.35200000000000026,4400208.372665243
0.35400000000000026,4399639.208658167
0.35600000000000026,4399071.2826024955
0.35800000000000026,4398504.558164793
0.36000000000000026,4397939.000071407
0.36200000000000027,4397374.579291645
0.36400000000000027,4396811.318123462
0.36600000000000027,4396249.19171213
0.36800000000000027,4395688.166842638
0.3700000000000003,4395128.211262258
0.3720000000000003,4394569.293660209
0.3740000000000003,4394011.383591582
0.3760000000000003,4393454.451513957
0.3780000000000003,4392898.468726704
0.3800000000000003,4392343.407336091
0.3820000000000003,4391789.240231965
0.3840000000000003,4391235.94109164
0.3860000000000003,4390683.48436221
0.3880000000000003,4390131.845188999
0.3900000000000003,4389580.999433341
0.3920000000000003,4389030.9236623235
0.3940000000000003,4388481.59508106
0.3960000000000003,4387932.991552441
0.3980000000000003,4387385.0915882215
0.4000000000000003,4386837.874282072
0.4020000000000003,4386291.3193313675
0.4040000000000003,4385745.407006949
0.4060000000000003,4385200.118155723
0.4080000000000003,4384655.4341634195
0.4100000000000003,4384111.336910689
0.4120000000000003,4383567.808826568
0.4140000000000003,4383024.83281729
0.4160000000000003,4382482.39228538
0.4180000000000003,4381940.471100151
0.4200000000000003,4381399.05358002
0.4220000000000003,4380858.124479998
0.4240000000000003,4380317.668980999
0.4260000000000003,4379777.672702039
0.4280000000000003,4379238.121667915
0.4300000000000003,4378699.002291159
0.43200000000000033,4378160.301360456
0.43400000000000033,4377622.006031435
0.43600000000000033,4377084.10384052
0.43800000000000033,4376546.582674524
0.44000000000000034,4376009.430731882
0.44200000000000034,4375472.636556695
0.44400000000000034,4374936.189016808
0.44600000000000034,4374400.0773125505
0.44800000000000034,4373864.2909232015
0.45000000000000034,4373328.8196132025
0.45200000000000035,4372793.653457168
0.45400000000000035,4372258.78424311
0.45600000000000035,4371724.216753056
0.45800000000000035,4371189.942905563
0.46000000000000035,4370655.953306385
0.46200000000000035,4370122.238822026
0.46400000000000036,4369588.790593826
0.46600000000000036,4369055.599987791
0.46800000000000036,4368522.658602361
0.47000000000000036,4367989.958290692
0.47200000000000036,4367457.491113436
0.47400000000000037,4366925.249368982
0.47600000000000037,4366393.225572195
0.47800000000000037,4365861.4124430595
0.48000000000000037,4365329.802877933
0.4820000000000004,4364798.38998776
0.4840000000000004,4364267.167080017
0.4860000000000004,4363736.1276509855
0.4880000000000004,4363205.265372573
0.4900000000000004,4362674.57411141
0.4920000000000004,4362144.04788238
0.4940000000000004,4361613.680858274
0.4960000000000004,4361083.467371863
0.4980000000000004,4360553.401935668
0.5000000000000003,4360023.479195451
0.5020000000000003,4359493.693961181
0.5040000000000003,4358964.041166178
0.5060000000000003,4358434.515878631
0.5080000000000003,4357905.113326035
0.5100000000000003,4357375.828872054
0.5120000000000003,4356846.657983565
0.5140000000000003,4356317.596268182
0.5160000000000003,4355788.63943613
0.5180000000000003,4355259.783334147
0.5200000000000004,4354731.023927359
0.5220000000000004,4354202.357268791
0.5240000000000004,4353673.779536947
0.5260000000000004,4353145.2870196
0.5280000000000004,4352616.876084
0.5300000000000004,4352088.543214634
0.5320000000000004,4351560.284997104
0.5340000000000004,4351032.098109978
0.5360000000000004,4350503.979299241
0.5380000000000004,4349975.92541771
0.5400000000000004,4349447.933409713
0.5420000000000004,4348920.00030321
0.5440000000000004,4348392.123184389
0.5460000000000004,4347864.299237083
0.5480000000000004,4347336.525727228
0.5500000000000004,4346808.799973921
0.5520000000000004,4346281.119388088
0.5540000000000004,4345753.481456415
0.5560000000000004,4345225.883733733
0.5580000000000004,4344698.323818303
0.5600000000000004,4344170.799391414
0.5620000000000004,4343643.308202869
0.5640000000000004,4343115.8480426585
0.5660000000000004,4342588.416778786
0.5680000000000004,4342061.012342299
0.5700000000000004,4341533.632699072
0.5720000000000004,4341006.275887783
0.5740000000000004,4340478.9449851075
0.5760000000000004,4339951.687519245
0.5780000000000004,4339424.505316796
0.5800000000000004,4338897.39514013
0.5820000000000004,4338370.353855361
0.5840000000000004,4337843.378397606
0.5860000000000004,4337316.465804282
0.5880000000000004,4336789.613177093
0.5900000000000004,4336262.817714366
0.5920000000000004,4335736.076694003
0.5940000000000004,4335209.387444734
0.5960000000000004,4334682.74738324
0.5980000000000004,4334156.153978775
0.6000000000000004,4333629.6047866335
0.6020000000000004,4333103.0974319605
0.6040000000000004,4332576.629581573
0.6060000000000004,4332050.1989811435
0.6080000000000004,4331523.803420157
0.6100000000000004,4330997.440765483
0.6120000000000004,4330471.10892481
0.6140000000000004,4329944.80587957
0.6160000000000004,4329418.529648518
0.6180000000000004,4328892.278320737
0.6200000000000004,4328366.050019517
0.6220000000000004,4327839.842935476
0.6240000000000004,4327313.655290645
0.6260000000000004,4326787.485351183
0.6280000000000004,4326261.331451982
0.6300000000000004,4325735.1919567445
0.6320000000000005,4325209.065289561
0.6340000000000005,4324682.949898887
0.6360000000000005,4324156.8442705115
0.6380000000000005,4323630.746922576
0.6400000000000005,4323104.656444689
0.6420000000000005,4322578.571451017
0.6440000000000005,4322052.490588486
0.6460000000000005,4321526.412539899
0.6480000000000005,4321000.336024375
0.6500000000000005,4320474.259796529
0.6520000000000005,4319948.182665497
0.6540000000000005,4319422.103454313
0.6560000000000005,4318896.021011347
0.6580000000000005,4318369.93421512
0.6600000000000005,4317843.841975394
0.6620000000000005,4317317.743212538
0.6640000000000005,4316791.63689563
0.6660000000000005,4316265.522028659
0.6680000000000005,4315739.397643653
0.6700000000000005,4315213.262797638
0.6720000000000005,4314687.116571494
0.6740000000000005,4314160.958049453
0.6760000000000005,4313634.786357849
0.6780000000000005,4313108.600652314
0.6800000000000005,4312582.400091801
0.6820000000000005,4312056.183874853
0.6840000000000005,4311529.951226364
0.6860000000000005,4311003.701371737
0.6880000000000005,4310477.433573463
0.6900000000000005,4309951.147098361
0.6920000000000005,4309424.841230733
0.6940000000000005,4308898.515296633
0.6960000000000005,4308372.16862561
0.6980000000000005,4307845.8005618565
0.7000000000000005,4307319.410487998
0.7020000000000005,4306792.997792374
0.7040000000000005,4306266.561871502
0.7060000000000005,4305740.10213832
0.7080000000000005,4305213.618023716
0.7100000000000005,4304687.108977072
0.7120000000000005,4304160.574475184
0.7140000000000005,4303634.014000325
0.7160000000000005,4303107.427047017
0.7180000000000005,4302580.81312371
0.7200000000000005,4302054.171734857
0.7220000000000005,4301527.5023517
0.7240000000000005,4301000.804317033
0.7260000000000005,4300474.077158381
0.7280000000000005,4299947.320438865
0.7300000000000005,4299420.533759482
0.7320000000000005,4298893.716926193
0.7340000000000005,4298366.876948047
0.7360000000000005,4297840.018859809
0.7380000000000005,4297313.14192491
0.7400000000000005,4296786.245406378
0.7420000000000005,4296259.328602894
0.7440000000000005,4295732.390836443
0.7460000000000006,4295205.4314275505
0.7480000000000006,4294678.449730633
0.7500000000000006,4294151.445102407
0.7520000000000006,4293624.416933754
0.7540000000000006,4293097.364616744
0.7560000000000006,4292570.287556975
0.7580000000000006,4292043.185196997
0.7600000000000006,4291516.056979755
0.7620000000000006,4290988.902359522
0.7640000000000006,4290461.7208060855
0.7660000000000006,4289934.5118246395
0.7680000000000006,4289407.27491815
0.7700000000000006,4288880.00959826
0.7720000000000006,4288352.7153897155
0.7740000000000006,4287825.391831877
0.7760000000000006,4287298.038478407
0.7780000000000006,4286770.654895773
0.7800000000000006,4286243.240662923
0.7820000000000006,4285715.795351726
0.7840000000000006,4285188.31856314
0.7860000000000006,4284660.813551993
0.7880000000000006,4284133.319036868
0.7900000000000006,4283605.840386952
0.7920000000000006,4283078.376103096
0.7940000000000006,4282550.9247100465
0.7960000000000006,4282023.484788281
0.7980000000000006,4281496.054959913
0.8000000000000006,4280968.633863326
0.8020000000000006,4280441.220186842
0.8040000000000006,4279913.812637403
0.8060000000000006,4279386.409971268
0.8080000000000006,4278859.010961492
0.8100000000000006,4278331.6144282445
0.8120000000000006,4277804.219206438
0.8140000000000006,4277276.82415748
0.8160000000000006,4276749.428191979
0.8180000000000006,4276222.030233972
0.8200000000000006,4275694.6292313
0.8220000000000006,4275167.224177904
0.8240000000000006,4274639.814078355
0.8260000000000006,4274112.397958481
0.8280000000000006,4273584.974869426
0.8300000000000006,4273057.543888355
0.8320000000000006,4272530.104117766
0.8340000000000006,4272002.654702825
0.8360000000000006,4271475.194794408
0.8380000000000006,4270947.723559523
0.8400000000000006,4270420.240185697
0.8420000000000006,4269892.743863881
0.8440000000000006,4269365.233823835
0.8460000000000006,4268837.709322034
0.8480000000000006,4268310.169635493
0.8500000000000006,4267782.614058636
0.8520000000000006,4267255.041902772
0.8540000000000006,4266727.452477791
0.8560000000000006,4266199.845127185
0.8580000000000007,4265672.219216595
0.8600000000000007,4265144.574110219
0.8620000000000007,4264616.909204039
0.8640000000000007,4264089.223895696
0.8660000000000007,4263561.517614598
0.8680000000000007,4263033.789790642
0.8700000000000007,4262506.039883958
0.8720000000000007,4261978.267353819
0.8740000000000007,4261450.47168854
0.8760000000000007,4260922.652374628
0.8780000000000007,4260394.808908684
0.8800000000000007,4259866.940801815
0.8820000000000007,4259339.047580424
0.8840000000000007,4258811.128803612
0.8860000000000007,4258283.184027019
0.8880000000000007,4257755.212813017
0.8900000000000007,4257227.214734962
0.8920000000000007,4256699.189378546
0.8940000000000007,4256171.136341631
0.8960000000000007,4255643.055233662
0.8980000000000007,4255114.9456570335
0.9000000000000007,4254586.807241325
0.9020000000000007,4254058.639631783
0.9040000000000007,4253530.442483837
0.9060000000000007,4253002.215443086
0.9080000000000007,4252473.958179351
0.9100000000000007,4251945.670377073
0.9120000000000007,4251417.3517152285
0.9140000000000007,4250889.001891175
0.9160000000000007,4250360.620596128
0.9180000000000007,4249832.207545309
0.9200000000000007,4249303.762447623
0.9220000000000007,4248775.2850171495
0.9240000000000007,4248246.774995175
0.9260000000000007,4247718.232116456
0.9280000000000007,4247189.656119544
0.9300000000000007,4246661.04675079
0.9320000000000007,4246132.403765328
0.9340000000000007,4245603.726926743
0.9360000000000007,4245075.0160063235
0.9380000000000007,4244546.270782394
0.9400000000000007,4244017.491039706
0.9420000000000007,4243488.676569081
0.9440000000000007,4242959.82716711
0.9460000000000007,4242430.942635912
0.9480000000000007,4241902.022782998
0.9500000000000007,4241373.067403556
0.9520000000000007,4240844.076314371
0.9540000000000007,4240315.049342891
0.9560000000000007,4239785.98630468
0.9580000000000007,4239256.887035364
0.9600000000000007,4238727.751362019
0.9620000000000007,4238198.579132154
0.9640000000000007,4237669.370184072
0.9660000000000007,4237140.124358097
0.9680000000000007,4236610.841518275
0.9700000000000008,4236081.521519407
0.9720000000000008,4235552.164217159
0.9740000000000008,4235022.7694721185
0.9760000000000008,4234493.337155751
0.9780000000000008,4233963.867153558
0.9800000000000008,4233434.35934345
0.9820000000000008,4232904.813606838
0.9840000000000008,4232375.229829044
0.9860000000000008,4231845.607898986
0.9880000000000008,4231315.947708938
0.9900000000000008,4230786.249154406
0.9920000000000008,4230256.512116728
0.9940000000000008,4229726.736496429
0.9960000000000008,4229196.922202571
0.9980000000000008,4228667.069130632
1.0000000000000007,4228137.186519322
1.0020000000000007,4227607.303971379
1.0040000000000007,4227077.422806078
1.0060000000000007,4226547.542029417
1.0080000000000007,4226017.6650492875
1.0100000000000007,4225487.796714931
1.0120000000000007,4224957.936023302
1.0140000000000007,4224428.081806971
1.0160000000000007,4223898.232923901
1.0180000000000007,4223368.388261212
1.0200000000000007,4222838.546752463
1.0220000000000007,4222308.70734358
1.0240000000000007,4221778.8690018095
1.0260000000000007,4221249.030719256
1.0280000000000007,4220719.19153051
1.0300000000000007,4220189.350479247
1.0320000000000007,4219659.506627605
1.0340000000000007,4219129.659060018
1.0360000000000007,4218599.806884491
1.0380000000000007,4218069.949231932
1.0400000000000007,4217540.085254652
1.0420000000000007,4217010.214125967
1.0440000000000007,4216480.335039364
1.0460000000000007,4215950.447207809
1.0480000000000007,4215420.549846314
1.0500000000000007,4214890.642204011
1.0520000000000007,4214360.7235534545
1.0540000000000007,4213830.79318539
1.0560000000000007,4213300.850389816
1.0580000000000007,4212770.894487797
1.0600000000000007,4212240.924820983
1.0620000000000007,4211710.940730091
1.0640000000000007,4211180.941585516
1.0660000000000007,4210650.926776683
1.0680000000000007,4210120.895690609
1.0700000000000007,4209590.847725822
1.0720000000000007,4209060.782314188
1.0740000000000007,4208530.69888951
1.0760000000000007,4208000.596913449
1.0780000000000007,4207470.475846751
1.0800000000000007,4206940.335159916
1.0820000000000007,4206410.174337312
1.0840000000000007,4205879.9928946225
1.0860000000000007,4205349.790346195
1.0880000000000007,4204819.566214242
1.0900000000000007,4204289.320032619
1.0920000000000007,4203759.05134786
1.0940000000000007,4203228.759718968
1.0960000000000008,4202698.444716759
1.0980000000000008,4202168.105923199
1.1000000000000008,4201637.742930827
1.1020000000000008,4201107.355342286
1.1040000000000008,4200576.942753493
1.1060000000000008,4200046.504785178
1.1080000000000008,4199516.041072653
1.1100000000000008,4198985.551260938
1.1120000000000008,4198455.034986401
1.1140000000000008,4197924.491910798
1.1160000000000008,4197393.921694631
1.1180000000000008,4196863.324016647
1.1200000000000008,4196332.698550814
1.1220000000000008,4195802.044993346
1.1240000000000008,4195271.363034855
1.1260000000000008,4194740.652370939
1.1280000000000008,4194209.912722475
1.1300000000000008,4193679.143804877
1.1320000000000008,4193148.3453374943
1.1340000000000008,4192617.5170473685
1.1360000000000008,4192086.658686381
1.1380000000000008,4191555.769999583
1.1400000000000008,4191024.8507343573
1.1420000000000008,4190493.9006443885
1.1440000000000008,4189962.9194907937
1.1460000000000008,4189431.907025924
1.1480000000000008,4188900.8630241156
1.1500000000000008,4188369.7872709674
1.1520000000000008,4187838.6795588406
1.1540000000000008,4187307.539685019
1.1560000000000008,4186776.3674346693
1.1580000000000008,4186245.162589805
1.1600000000000008,4185713.9248801037
1.1620000000000008,4185182.6539827697
1.1640000000000008,4184651.349683926
1.1660000000000008,4184120.0118074915
1.1680000000000008,4183588.640200627
1.1700000000000008,4183057.2346973373
1.1720000000000008,4182525.795146808
1.1740000000000008,4181994.321387967
1.1760000000000008,4181462.813276573
1.1780000000000008,4180931.2706589457
1.1800000000000008,4180399.6933985255
1.1820000000000008,4179868.0813493524
1.1840000000000008,4179336.4343665354
1.1860000000000008,4178804.7523103612
1.1880000000000008,4178273.0350630297
1.1900000000000008,4177741.282497713
1.1920000000000008,4177209.494487355
1.1940000000000008,4176677.6709084483
1.1960000000000008,4176145.8116421406
1.1980000000000008,4175613.9165742183
1.2000000000000008,4175081.9855946605
1.2020000000000008,4174550.0185814262
1.2040000000000008,4174018.0154304267
1.2060000000000008,4173485.97604578
1.2080000000000009,4172953.9003351824
1.2100000000000009,4172421.7881924366
1.2120000000000009,4171889.639527312
1.2140000000000009,4171357.4555701893
1.2160000000000009,4170825.258942295
1.2180000000000009,4170293.0600143787
1.2200000000000009,4169760.8579635858
1.2220000000000009,4169228.6519991425
1.2240000000000009,4168696.441336666
1.2260000000000009,4168164.2252080655
1.2280000000000009,4167632.0028804815
1.2300000000000009,4167099.773626479
1.2320000000000009,4166567.536732487
1.2340000000000009,4166035.291502004
1.2360000000000009,4165503.037271711
1.2380000000000009,4164970.7733809836
1.2400000000000009,4164438.499180402
1.2420000000000009,4163906.2140352703
1.2440000000000009,4163373.917326565
1.2460000000000009,4162841.608458719
1.2480000000000009,4162309.286857573
1.2500000000000009,4161776.9519489375
1.252000000000001,4161244.6031713826
1.254000000000001,4160712.2399765016
1.256000000000001,4160179.8618284627
1.258000000000001,4159647.468203704
1.260000000000001,4159115.0585906114
1.262000000000001,4158582.6324738446
1.264000000000001,4158050.189363763
1.266000000000001,4157517.72878689
1.268000000000001,4156985.2502660453
1.270000000000001,4156452.7533480437
1.272000000000001,4155920.2375939447
1.274000000000001,4155387.7025593864
1.276000000000001,4154855.148135633
1.278000000000001,4154322.579348978
1.280000000000001,4153789.998287516
1.282000000000001,4153257.404353126
1.284000000000001,4152724.7969500455
1.286000000000001,4152192.175508728
1.288000000000001,4151659.5394597314
1.290000000000001,4151126.888243471
1.292000000000001,4150594.2213141355
1.294000000000001,4150061.5381409335
1.296000000000001,4149528.8382216915
1.298000000000001,4148996.1210530987
1.300000000000001,4148463.38613873
1.302000000000001,4147930.632993592
1.304000000000001,4147397.8611448156
1.306000000000001,4146865.070131515
1.308000000000001,4146332.259504266
1.310000000000001,4145799.428809426
1.312000000000001,4145266.5776196695
1.314000000000001,4144733.7055280856
1.316000000000001,4144200.812131175
1.318000000000001,4143667.8970333147
1.320000000000001,4143134.9598317672
1.322000000000001,4142602.000145619
1.324000000000001,4142069.017591884
1.326000000000001,4141536.011810307
1.328000000000001,4141002.9824527954
1.330000000000001,4140469.929163841
1.332000000000001,4139936.8515928835
1.334000000000001,4139403.7494140626
1.336000000000001,4138870.6222983967
1.338000000000001,4138337.4699221747
1.340000000000001,4137804.2919851746
1.342000000000001,4137271.0881825346
1.344000000000001,4136737.8582133134
1.346000000000001,4136204.601784
1.348000000000001,4135671.318609422
1.350000000000001,4135138.0084125553
1.352000000000001,4134604.670923962
1.354000000000001,4134071.3058812413
1.356000000000001,4133537.913028514
1.358000000000001,4133004.4921160955
1.360000000000001,4132471.042900222
1.362000000000001,4131937.5651428667
1.364000000000001,4131404.0586115727
1.366000000000001,4130870.5230645216
1.368000000000001,4130336.9582789075
1.370000000000001,4129803.364041986
1.372000000000001,4129269.7401320525
1.374000000000001,4128736.086345195
1.376000000000001,4128202.4024713133
1.378000000000001,4127668.6883184416
1.380000000000001,4127134.9436878525
1.382000000000001,4126601.1683834232
1.384000000000001,4126067.3622298473
1.386000000000001,4125533.5250451104
1.388000000000001,4124999.656648766
1.390000000000001,4124465.756865353
1.392000000000001,4123931.8255399237
1.394000000000001,4123397.862509636
1.396000000000001,4122863.867611971
1.398000000000001,4122329.840688266
1.400000000000001,4121795.781584884
1.402000000000001,4121261.690153184
1.404000000000001,4120727.5662345747
1.406000000000001,4120193.4096881337
1.408000000000001,4119659.220381556
1.410000000000001,4119124.998186807
1.412000000000001,4118590.7429638235
1.414000000000001,4118056.4545880533
1.416000000000001,4117522.1329418784
1.418000000000001,4116987.777896241
1.420000000000001,4116453.3893372105
1.422000000000001,4115918.967142675
1.424000000000001,4115384.5112063936
1.426000000000001,4114850.0214136494
1.428000000000001,4114315.4976505004
1.430000000000001,4113780.9406729257
1.432000000000001,4113246.368604681
1.434000000000001,4112711.791541375
1.436000000000001,4112177.2087884415
1.438000000000001,4111642.61966749
1.440000000000001,4111108.023516774
1.442000000000001,4110573.4197049947
1.444000000000001,4110038.807602791
1.446000000000001,4109504.186590472
1.448000000000001,4108969.5560466703
1.450000000000001,4108434.9153774236
1.452000000000001,4107900.2640077304
1.454000000000001,4107365.6013767575
1.456000000000001,4106830.926935751
1.458000000000001,4106296.2401471618
1.460000000000001,4105761.5404844056
1.462000000000001,4105226.8274174645
1.464000000000001,4104692.10044033
1.466000000000001,4104157.359062429
1.468000000000001,4103622.602790262
1.470000000000001,4103087.8311531055
1.472000000000001,4102553.043679846
1.474000000000001,4102018.239922295
1.476000000000001,4101483.4194311053
1.478000000000001,4100948.5817788662
1.480000000000001,4100413.7265360854
1.482000000000001,4099878.8532944336
1.484000000000001,4099343.961642889
1.486000000000001,4098809.0511768707
1.488000000000001,4098274.121501735
1.490000000000001,4097739.172247716
1.492000000000001,4097204.203042293
1.494000000000001,4096669.213517835
1.496000000000001,4096134.2033148436
1.498000000000001,4095599.172082874
1.500000000000001,4095064.119480432
1.5020000000000011,4094529.0451744944
1.5040000000000011,4093993.948840015
1.5060000000000011,4093458.8301636796
1.5080000000000011,4092923.6888420735
1.5100000000000011,4092388.524571906
1.5120000000000011,4091853.3370422344
1.5140000000000011,4091318.125961602
1.5160000000000011,4090782.891049552
1.5180000000000011,4090247.632019325
1.5200000000000011,4089712.3486188008
1.5220000000000011,4089177.040598466
1.5240000000000011,4088641.7076899237
1.5260000000000011,4088106.3496419447
1.5280000000000011,4087570.9661980895
1.5300000000000011,4087035.5571058732
1.5320000000000011,4086500.12213411
1.5340000000000011,4085964.6610467373
1.5360000000000011,4085429.1736105224
1.5380000000000011,4084893.659612073
1.5400000000000011,4084358.1188318958
1.5420000000000011,4083822.5544796824
1.5440000000000011,4083286.9696898814
1.5460000000000012,4082751.3640958196
1.5480000000000012,4082215.737336691
1.5500000000000012,4081680.089060292
1.5520000000000012,4081144.4189228974
1.5540000000000012,4080608.726588804
1.5560000000000012,4080073.0117298854
1.5580000000000012,4079537.274025328
1.5600000000000012,4079001.513147531
1.5620000000000012,4078465.728788459
1.5640000000000012,4077929.920651316
1.5660000000000012,4077394.088432769
1.5680000000000012,4076858.231847814
1.5700000000000012,4076322.350621181
1.5720000000000012,4075786.4444697816
1.5740000000000012,4075250.5131081
1.5760000000000012,4074714.5561938086
1.5780000000000012,4074178.573352777
1.5800000000000012,4073642.564311474
1.5820000000000012,4073106.5288275126
1.5840000000000012,4072570.466680305
1.5860000000000012,4072034.377638454
1.5880000000000012,4071498.261470321
1.5900000000000012,4070962.1179624344
1.5920000000000012,4070425.9468950545
1.5940000000000012,4069889.748050361
1.5960000000000012,4069353.5212291353
1.5980000000000012,4068817.2662258954
1.6000000000000012,4068280.982837101
1.6020000000000012,4067744.670864122
1.6040000000000012,4067208.330114152
1.6060000000000012,4066671.9604001064
1.6080000000000012,4066135.561540167
1.6100000000000012,4065599.1333572958
1.6120000000000012,4065062.675678865
1.6140000000000012,4064526.1883363253
1.6160000000000012,4063989.67116504
1.6180000000000012,4063453.123990658
1.6200000000000012,4062916.546654826
1.6220000000000012,4062379.939007173
1.6240000000000012,4061843.3008880974
1.6260000000000012,4061306.6321529853
1.6280000000000012,4060769.932650541
1.6300000000000012,4060233.20224485
1.6320000000000012,4059696.440792885
1.6340000000000012,4059159.648166301
1.6360000000000012,4058622.8242290383
1.6380000000000012,4058085.9688458783
1.6400000000000012,4057549.0818991596
1.6420000000000012,4057012.1632639877
1.6440000000000012,4056475.2128157886
1.6460000000000012,4055938.230433408
1.6480000000000012,4055401.2200938202
1.6500000000000012,4054864.2010638383
1.6520000000000012,4054327.1744704223
1.6540000000000012,4053790.1397246323
1.6560000000000012,4053253.096250184
1.6580000000000013,4052716.043483375
1.6600000000000013,4052178.980872734
1.6620000000000013,4051641.90787861
1.6640000000000013,4051104.823972751
1.6660000000000013,4050567.7286247616
1.6680000000000013,4050030.6213271203
1.6700000000000013,4049493.501587237
1.6720000000000013,4048956.3689234783
1.6740000000000013,4048419.222850375
1.6760000000000013,4047882.062903381
1.6780000000000013,4047344.8886179007
1.6800000000000013,4046807.699550951
1.6820000000000013,4046270.49525891
1.6840000000000013,4045733.275318755
1.6860000000000013,4045196.039305875
1.6880000000000013,4044658.786815426
1.6900000000000013,4044121.5174403354
1.6920000000000013,4043584.230779641
1.6940000000000013,4043046.92644225
1.6960000000000013,4042509.604068407
1.6980000000000013,4041972.263291308
1.7000000000000013,4041434.903744805
1.7020000000000013,4040897.525070436
1.7040000000000013,4040360.1269182945
1.7060000000000013,4039822.7089469745
1.7080000000000013,4039285.270823116
1.7100000000000013,4038747.8122209525
1.7120000000000013,4038210.3328218968
1.7140000000000013,4037672.832314219
1.7160000000000013,4037135.310392814
1.7180000000000013,4036597.7667459734
1.7200000000000013,4036060.2010801616
1.7220000000000013,4035522.613112276
1.7240000000000013,4034985.00256591
1.7260000000000013,4034447.3691568687
1.7280000000000013,4033909.7126175785
1.7300000000000013,4033372.0326765743
1.7320000000000013,4032834.3290798673
1.7340000000000013,4032296.6015691496
1.7360000000000013,4031758.8499027607
1.7380000000000013,4031221.073833925
1.7400000000000013,4030683.2731189136
1.7420000000000013,4030145.4475331847
1.7440000000000013,4029607.596847078
1.7460000000000013,4029069.720833248
1.7480000000000013,4028531.819269956
1.7500000000000013,4027993.891941561
1.7520000000000013,4027455.938638389
1.7540000000000013,4026917.9591562767
1.7560000000000013,4026379.9532960737
1.7580000000000013,4025841.920863264
1.7600000000000013,4025303.8616676875
1.7620000000000013,4024765.7755233357
1.7640000000000013,4024227.662248202
1.7660000000000013,4023689.5216641766
1.7680000000000013,4023151.353584148
1.7700000000000014,4022613.1578364335
1.7720000000000014,4022074.9342572363
1.7740000000000014,4021536.6826742617
1.7760000000000014,4020998.4029297074
1.7780000000000014,4020460.0948597067
1.7800000000000014,4019921.758315259
1.7820000000000014,4019383.3931408697
1.7840000000000014,4018844.9991952553
1.7860000000000014,4018306.57633006
1.7880000000000014,4017768.124397944
1.7900000000000014,4017229.6432557874
1.7920000000000014,4016691.132778161
1.7940000000000014,4016152.5928335465
1.7960000000000014,4015614.0233083214
1.7980000000000014,4015075.424088015
1.8000000000000014,4014536.795217891
1.8020000000000014,4013998.140075486
1.8040000000000014,4013459.4604202607
1.8060000000000014,4012920.7560065314
1.8080000000000014,4012382.026594048
1.8100000000000014,4011843.2719352096
1.8120000000000014,4011304.4917990505
1.8140000000000014,4010765.685963725
1.8160000000000014,4010226.854212868
1.8180000000000014,4009687.996321499
1.8200000000000014,4009149.1120797093
1.8220000000000014,4008610.201272769
1.8240000000000014,4008071.2637018743
1.8260000000000014,4007532.2991630323
1.8280000000000014,4006993.3074674094
1.8300000000000014,4006454.2884202716
1.8320000000000014,4005915.2418414233
1.8340000000000014,4005376.1675443505
1.8360000000000014,4004837.0653442033
1.8380000000000014,4004297.9350609966
1.8400000000000014,4003758.7765203826
1.8420000000000014,4003219.58956592
1.8440000000000014,4002680.3740345985
1.8460000000000014,4002141.1297635646
1.8480000000000014,4001601.856593134
1.8500000000000014,4001062.5543678347
1.8520000000000014,4000523.2229240453
1.8540000000000014,3999983.862113553
1.8560000000000014,3999444.471795999
1.8580000000000014,3998905.051835146
1.8600000000000014,3998365.6020973157
1.8620000000000014,3997826.1224384746
1.8640000000000014,3997286.6127280127
1.8660000000000014,3996747.07608641
1.8680000000000014,3996207.529119288
1.8700000000000014,3995667.9728118847
1.8720000000000014,3995128.4066490396
1.8740000000000014,3994588.830116208
1.8760000000000014,3994049.242719764
1.8780000000000014,3993509.6439662925
1.8800000000000014,3992970.033373504
1.8820000000000014,3992430.4104898633
1.8840000000000015,3991890.774853789
1.8860000000000015,3991351.1260097004
1.8880000000000015,3990811.463511602
1.8900000000000015,3990271.786936036
1.8920000000000015,3989732.09585801
1.8940000000000015,3989192.3898582063
1.8960000000000015,3988652.6685256837
1.8980000000000015,3988112.9314586464
1.9000000000000015,3987573.1782643786
1.9020000000000015,3987033.4085588753
1.9040000000000015,3986493.6219541146
1.9060000000000015,3985953.8180810846
1.9080000000000015,3985413.9965823935
1.9100000000000015,3984874.157108619
1.9120000000000015,3984334.299316806
1.9140000000000015,3983794.4228577632
1.9160000000000015,3983254.527399373
1.9180000000000015,3982714.612619648
1.9200000000000015,3982174.6781912306
1.9220000000000015,3981634.7238034084
1.9240000000000015,3981094.749142564
1.9260000000000015,3980554.7539121388
1.9280000000000015,3980014.73781224
1.9300000000000015,3979474.7005471843
1.9320000000000015,3978934.6418405357
1.9340000000000015,3978394.561412514
1.9360000000000015,3977854.458986642
1.9380000000000015,3977314.334292503
1.9400000000000015,3976774.187078581
1.9420000000000015,3976234.0170889534
1.9440000000000015,3975693.824069831
1.9460000000000015,3975153.607772435
1.9480000000000015,3974613.367953929
1.9500000000000015,3974073.1043774225
1.9520000000000015,3973532.81681167
1.9540000000000015,3972992.505030661
1.9560000000000015,3972452.1688012276
1.9580000000000015,3971911.807905833
1.9600000000000015,3971371.422135443
1.9620000000000015,3970831.0112860897
1.9640000000000015,3970290.575145274
1.9660000000000015,3969750.1135146385
1.9680000000000015,3969209.6261910247
1.9700000000000015,3968669.1129644564
1.9720000000000015,3968128.573568915
1.9740000000000015,3967588.007731469
1.9760000000000015,3967047.415261958
1.9780000000000015,3966506.795991954
1.9800000000000015,3965966.1497522932
1.9820000000000015,3965425.4763851506
1.9840000000000015,3964884.7757248394
1.9860000000000015,3964344.047617791
1.9880000000000015,3963803.291903353
1.9900000000000015,3963262.508421658
1.9920000000000015,3962721.697016837
1.9940000000000015,3962180.857549757
1.9960000000000016,3961639.9898752165
1.9980000000000016,3961099.0938482876
2.0000000000000013,3960558.1693270495
2.002000000000001,3960017.216173499
2.004000000000001,3959476.2342535323
2.0060000000000007,3958935.2234366755
2.0080000000000005,3958394.1835957137
2.0100000000000002,3957853.114606419
2.012,3957312.0163473166
2.014,3956770.888687756
2.0159999999999996,3956229.7315102657
2.0179999999999993,3955688.544703724
2.019999999999999,3955147.328148283
2.021999999999999,3954606.081736503
2.0239999999999987,3954064.805366227
2.0259999999999985,3953523.4989256905
2.0279999999999982,3952982.1623148094
2.029999999999998,3952440.795426581
2.031999999999998,3951899.398154717
2.0339999999999976,3951357.9704082645
2.0359999999999974,3950816.5120898956
2.037999999999997,3950275.0231024935
2.039999999999997,3949733.5033514826
2.0419999999999967,3949191.952757181
2.0439999999999965,3948650.371232556
2.0459999999999963,3948108.758689517
2.047999999999996,3947567.11504174
2.049999999999996,3947025.440205623
2.0519999999999956,3946483.7340886784
2.0539999999999954,3945941.9966115323
2.055999999999995,3945400.228994881
2.057999999999995,3944858.434305256
2.0599999999999947,3944316.6125786696
2.0619999999999945,3943774.7636386016
2.0639999999999943,3943232.8873218773
2.065999999999994,3942690.9834636413
2.067999999999994,3942149.051891212
2.0699999999999936,3941607.0924450154
2.0719999999999934,3941065.1049600774
2.073999999999993,3940523.089285185
2.075999999999993,3939981.0452999654
2.0779999999999927,3939438.9728538482
2.0799999999999925,3938896.871795696
2.0819999999999923,3938354.741989565
2.083999999999992,3937812.5839926926
2.085999999999992,3937270.409645952
2.0879999999999916,3936728.2242980343
2.0899999999999914,3936186.0274781752
2.091999999999991,3935643.818725655
2.093999999999991,3935101.5975897377
2.0959999999999908,3934559.363629288
2.0979999999999905,3934017.1164122755
2.0999999999999903,3933474.855515356
2.10199999999999,3932932.5805235375
2.10399999999999,3932390.2910298877
2.1059999999999897,3931847.98662387
2.1079999999999894,3931305.6669129883
2.109999999999989,3930763.331516094
2.111999999999989,3930220.9800600796
2.1139999999999888,3929678.6121670627
2.1159999999999886,3929136.2274757368
2.1179999999999883,3928593.8256233847
2.119999999999988,3928051.406264574
2.121999999999988,3927508.9690520614
2.1239999999999877,3926966.5136551075
2.1259999999999875,3926424.0397404097
2.1279999999999872,3925881.5469791275
2.129999999999987,3925339.035061054
2.131999999999987,3924796.5036735553
2.1339999999999866,3924253.9525078023
2.1359999999999864,3923711.3812613306
2.137999999999986,3923168.7896501054
2.139999999999986,3922626.1773867477
2.1419999999999857,3922083.544186581
2.1439999999999855,3921540.8897703183
2.1459999999999853,3920998.2138649127
2.147999999999985,3920455.5162035683
2.149999999999985,3919912.79652545
2.1519999999999846,3919370.0545753003
2.1539999999999844,3918827.290091822
2.155999999999984,3918284.5028289375
2.157999999999984,3917741.6925491644
2.1599999999999837,3917198.8590203733
2.1619999999999835,3916656.0020031556
2.1639999999999833,3916113.12127191
2.165999999999983,3915570.2165971505
2.167999999999983,3915027.287763994
2.1699999999999826,3914484.334553374
2.1719999999999824,3913941.356760156
2.173999999999982,3913398.354174422
2.175999999999982,3912855.3265996776
2.1779999999999817,3912312.2738341065
2.1799999999999815,3911769.195677745
2.1819999999999813,3911226.091935307
2.183999999999981,3910682.96242802
2.185999999999981,3910139.806971991
2.1879999999999806,3909596.625384605
2.1899999999999804,3909053.4174868297
2.19199999999998,3908510.183104008
2.19399999999998,3907966.922065895
2.1959999999999797,3907423.634206347
2.1979999999999795,3906880.3193630176
2.1999999999999793,3906336.977365885
2.201999999999979,3905793.608058267
2.203999999999979,3905250.211290329
2.2059999999999786,3904706.7869159137
2.2079999999999784,3904163.334780112
2.209999999999978,3903619.8547400767
2.211999999999978,3903076.3466476277
2.2139999999999778,3902532.8103674892
2.2159999999999775,3901989.2457588147
2.2179999999999773,3901445.652693061
2.219999999999977,3900902.0310355304
2.221999999999977,3900358.3806522507
2.2239999999999767,3899814.7014238266
2.2259999999999764,3899270.993225066
2.227999999999976,3898727.255931055
2.229999999999976,3898183.4894197374
2.231999999999976,3897639.69357265
2.2339999999999756,3897095.868285896
2.2359999999999753,3896552.013448799
2.237999999999975,3896008.1289392505
2.239999999999975,3895464.2146578217
2.2419999999999747,3894920.2705069743
2.2439999999999745,3894376.2963858144
2.2459999999999742,3893832.2921956885
2.247999999999974,3893288.257839646
2.249999999999974,3892744.193211269
2.2519999999999736,3892200.098215612
2.2539999999999734,3891655.972763041
2.255999999999973,3891111.8167552655
2.257999999999973,3890567.630105082
2.2599999999999727,3890023.412718889
2.2619999999999725,3889479.164503633
2.2639999999999723,3888934.8853804534
2.265999999999972,3888390.5752643757
2.267999999999972,3887846.234070198
2.2699999999999716,3887301.8617258775
2.2719999999999714,3886757.4581524213
2.273999999999971,3886213.023269969
2.275999999999971,3885668.5570004894
2.2779999999999707,3885124.059269024
2.2799999999999705,3884579.5300030126
2.2819999999999703,3884034.969131979
2.28399999999997,3883490.376587436
2.28599999999997,3882945.7523026373
2.2879999999999696,3882401.0962123564
2.2899999999999694,3881856.408241888
2.291999999999969,3881311.688327633
2.293999999999969,3880766.936410901
2.2959999999999687,3880222.15242403
2.2979999999999685,3879677.336309814
2.2999999999999683,3879132.4880042053
2.301999999999968,3878587.6074540247
2.303999999999968,3878042.6976441112
2.3059999999999676,3877497.770962632
2.3079999999999674,3876952.830947124
2.309999999999967,3876407.877417919
2.311999999999967,3875862.9099571803
2.3139999999999668,3875317.9281674833
2.3159999999999665,3874772.931651074
2.3179999999999663,3874227.920015363
2.319999999999966,3873682.8928752504
2.321999999999966,3873137.8498537685
2.3239999999999656,3872592.7905819905
2.3259999999999654,3872047.71469865
2.327999999999965,3871502.6218497436
2.329999999999965,3870957.511688056
2.3319999999999648,3870412.383872839
2.3339999999999645,3869867.2380700256
2.3359999999999643,3869322.07395181
2.337999999999964,3868776.8911857465
2.339999999999964,3868231.6894550235
2.3419999999999637,3867686.468452274
2.3439999999999634,3867141.2278658333
2.3459999999999632,3866595.967383071
2.347999999999963,3866050.686662899
2.349999999999963,3865505.3853234276
2.3519999999999626,3864960.0630652583
2.3539999999999623,3864414.719611703
2.355999999999962,3863869.354740126
2.357999999999962,3863323.96819193
2.3599999999999617,3862778.5597131047
2.3619999999999615,3862233.129044875
2.3639999999999612,3861687.675941433
2.365999999999961,3861142.200152816
2.367999999999961,3860596.7014316623
2.3699999999999606,3860051.1795465597
2.3719999999999604,3859505.634262646
2.37399999999996,3858960.065347377
2.37599999999996,3858414.4725729274
2.3779999999999597,3857868.8557274365
2.3799999999999595,3857323.2145948512
2.3819999999999593,3856777.5489605265
2.383999999999959,3856231.858613766
2.385999999999959,3855686.1433485546
2.3879999999999586,3855140.4029635726
2.3899999999999584,3854594.637251476
2.391999999999958,3854048.846018534
2.393999999999958,3853503.029078455
2.3959999999999577,3852957.1862492873
2.3979999999999575,3852411.3173521333
2.3999999999999573,3851865.422200235
2.401999999999957,3851319.500618894
2.403999999999957,3850773.5524291764
2.4059999999999566,3850227.5774650783
2.4079999999999564,3849681.575556081
2.409999999999956,3849135.5465439376
2.411999999999956,3848589.490265499
2.4139999999999557,3848043.406580611
2.4159999999999555,3847497.295340997
2.4179999999999553,3846951.1563901673
2.419999999999955,3846404.989575281
2.421999999999955,3845858.794747821
2.4239999999999546,3845312.5717738923
2.4259999999999544,3844766.3205139847
2.427999999999954,3844220.04082843
2.429999999999954,3843673.732579859
2.4319999999999538,3843127.3956341017
2.4339999999999535,3842581.0298499027
2.4359999999999533,3842034.6350984527
2.437999999999953,3841488.211257288
2.439999999999953,3840941.7582072313
2.4419999999999527,3840395.2758310796
2.4439999999999524,3839848.7640028168
2.445999999999952,3839302.222607263
2.447999999999952,3838755.6515240064
2.4499999999999518,3838209.050644356
2.4519999999999516,3837662.4198541497
2.4539999999999513,3837115.7590503166
2.455999999999951,3836569.068123707
2.457999999999951,3836022.3469757675
2.4599999999999507,3835475.5955015216
2.4619999999999505,3834928.8135960167
2.4639999999999502,3834382.0011569685
2.46599999999995,3833835.158085469
2.46799999999995,3833288.284285844
2.4699999999999496,3832741.379675546
2.4719999999999493,3832194.4441652396
2.473999999999949,3831647.477653923
2.475999999999949,3831100.4800508143
2.4779999999999487,3830553.4512707735
2.4799999999999485,3830006.391231882
2.4819999999999482,3829459.299853975
2.483999999999948,3828912.1770581575
2.485999999999948,3828365.022756395
2.4879999999999476,3827817.836870983
2.4899999999999474,3827270.619318617
2.491999999999947,3826723.370027071
2.493999999999947,3826176.0889181597
2.4959999999999467,3825628.775924064
2.4979999999999465,3825081.4309703605
2.4999999999999463,3824534.0539924707
2.501999999999946,3823986.6449188692
2.503999999999946,3823439.203677439
2.5059999999999456,3822891.7301980983
2.5079999999999454,3822344.2244135244
2.509999999999945,3821796.6862692125
2.511999999999945,3821249.1157038584
2.5139999999999447,3820701.512655086
2.5159999999999445,3820153.8770507225
2.5179999999999443,3819606.208829405
2.519999999999944,3819058.507935093
2.521999999999944,3818510.7743141577
2.5239999999999436,3817963.013593893
2.5259999999999434,3817415.233252129
2.527999999999943,3816867.433207062
2.529999999999943,3816319.61316772
2.5319999999999427,3815771.772841465
2.5339999999999425,3815223.9119505505
2.5359999999999423,3814676.0302152056
2.537999999999942,3814128.127369659
2.539999999999942,3813580.203145244
2.5419999999999416,3813032.2572865635
2.5439999999999414,3812484.2895347867
2.545999999999941,3811936.299633855
2.547999999999941,3811388.2873431053
2.5499999999999408,3810840.2524187993
2.5519999999999405,3810292.1958292555
2.5539999999999403,3809744.11928234
2.55599999999994,3809196.0225625234
2.55799999999994,3808647.905374112
2.5599999999999397,3808099.7674276023
2.5619999999999394,3807551.6084393268
2.563999999999939,3807003.4281311133
2.565999999999939,3806455.226230022
2.5679999999999388,3805907.00246814
2.5699999999999386,3805358.7565824315
2.5719999999999383,3804810.4883045736
2.573999999999938,3804262.197379853
2.575999999999938,3803713.8835614757
2.5779999999999377,3803165.546597765
2.5799999999999375,3802617.1862499174
2.5819999999999372,3802068.802276086
2.583999999999937,3801520.3944530715
2.585999999999937,3800971.962565135
2.5879999999999366,3800423.506393781
2.5899999999999364,3799875.0257154945
2.591999999999936,3799326.5203088773
2.593999999999936,3798777.98996719
2.5959999999999357,3798229.4344801293
2.5979999999999355,3797680.853639189
2.5999999999999353,3797132.247239943
2.601999999999935,3796583.615082688
2.603999999999935,3796034.9569723755
2.6059999999999346,3795486.2727182787
2.6079999999999344,3794937.562133657
2.609999999999934,3794388.825035443
2.611999999999934,3793840.061244034
2.6139999999999337,3793291.270583128
2.6159999999999335,3792742.452879609
2.6179999999999333,3792193.607953559
2.619999999999933,3791644.73563688
2.621999999999933,3791095.835767548
2.6239999999999326,3790546.908177488
2.6259999999999324,3789997.952709896
2.627999999999932,3789448.9692035234
2.629999999999932,3788899.9575086916
2.6319999999999317,3788350.917470983
2.6339999999999315,3787801.848947069
2.6359999999999313,3787252.751790225
2.637999999999931,3786703.6258871458
2.639999999999931,3786154.4711114783
2.6419999999999306,3785605.2873224793
2.6439999999999304,3785056.074393091
2.64599999999993,3784506.8321909383
2.64799999999993,3783957.5605833717
2.6499999999999297,3783408.2594398092
2.6519999999999295,3782858.9286325835
2.6539999999999293,3782309.5680272393
2.655999999999929,3781760.1775009246
2.657999999999929,3781210.7569367248
2.6599999999999286,3780661.30622076
2.6619999999999284,3780111.8252409617
2.663999999999928,3779562.3138768645
2.665999999999928,3779012.7720181094
2.6679999999999278,3778463.19954934
2.6699999999999275,3777913.5963661564
2.6719999999999273,3777363.962358958
2.673999999999927,3776814.297428516
2.675999999999927,3776264.6014698343
2.6779999999999267,3775714.874378067
2.6799999999999264,3775165.1160607142
2.681999999999926,3774615.3264198094
2.683999999999926,3774065.505357184
2.685999999999926,3773515.652776718
2.6879999999999256,3772965.7685850067
2.6899999999999253,3772415.852691333
2.691999999999925,3771865.9050073833
2.693999999999925,3771315.925446941
2.6959999999999247,3770765.9139256217
2.6979999999999245,3770215.8703606967
2.6999999999999242,3769665.794670975
2.701999999999924,3769115.6867767056
2.703999999999924,3768565.546576953
2.7059999999999236,3768015.3739553546
2.7079999999999234,3767465.1687399456
2.709999999999923,3766914.9308509473
2.711999999999923,3766364.6602013535
2.7139999999999227,3765814.356728262
2.7159999999999225,3765264.020371749
2.7179999999999223,3764713.651062057
2.719999999999922,3764163.248736953
2.721999999999922,3763612.8133269954
2.7239999999999216,3763062.344771593
2.7259999999999214,3762511.8430035533
2.727999999999921,3761961.307955106
2.729999999999921,3761410.7395699625
2.7319999999999207,3760860.137785887
2.7339999999999205,3760309.502539852
2.7359999999999203,3759758.8337702486
2.73799999999992,3759208.131417556
2.73999999999992,3758657.3954243003
2.7419999999999196,3758106.6260385294
2.7439999999999194,3757555.8302213876
2.745999999999919,3757005.012072803
2.747999999999919,3756454.1713340925
2.7499999999999187,3755903.3077510614
2.7519999999999185,3755352.421075706
2.7539999999999183,3754801.5110758627
2.755999999999918,3754250.577513143
2.757999999999918,3753699.6201442713
2.7599999999999176,3753148.638738208
2.7619999999999174,3752597.6330705183
2.763999999999917,3752046.6029112684
2.765999999999917,3751495.548032267
2.7679999999999167,3750944.4682200076
2.7699999999999165,3750393.363258376
2.7719999999999163,3749842.232943043
2.773999999999916,3749291.0770656005
2.775999999999916,3748739.8954193075
2.7779999999999156,3748188.687801466
2.7799999999999154,3747637.454014104
2.781999999999915,3747086.1938638864
2.783999999999915,3746534.907161748
2.7859999999999148,3745983.593722514
2.7879999999999145,3745432.253364577
2.7899999999999143,3744880.8859097525
2.791999999999914,3744329.4913605256
2.793999999999914,3743778.0716198925
2.7959999999999137,3743226.6269627423
2.7979999999999134,3742675.1571545736
2.7999999999999132,3742123.66197315
2.801999999999913,3741572.141203292
2.803999999999913,3741020.5946248625
2.8059999999999126,3740469.02202942
2.8079999999999123,3739917.4232052816
2.809999999999912,3739365.7979527176
2.811999999999912,3738814.1460684417
2.8139999999999117,3738262.4673512317
2.8159999999999115,3737710.7616135483
2.8179999999999112,3737159.0286643878
2.819999999999911,3736607.268314235
2.821999999999911,3736055.480377181
2.8239999999999106,3735503.664680881
2.8259999999999104,3734951.821048841
2.82799999999991,3734399.9493052694
2.82999999999991,3733848.0492772604
2.8319999999999097,3733296.1207955675
2.8339999999999095,3732744.1636853134
2.8359999999999093,3732192.17778342
2.837999999999909,3731640.16293321
2.839999999999909,3731088.1189816464
2.8419999999999086,3730536.04576883
2.8439999999999084,3729983.9431451573
2.845999999999908,3729431.81096616
2.847999999999908,3728879.6490807864
2.8499999999999077,3728327.4573480175
2.8519999999999075,3727775.2356222817
2.8539999999999073,3727222.9837685507
2.855999999999907,3726670.70164711
2.857999999999907,3726118.389119151
2.8599999999999066,3725566.04605831
2.8619999999999064,3725013.672333727
2.863999999999906,3724461.2678149785
2.865999999999906,3723908.8323741704
2.8679999999999057,3723356.365886558
2.8699999999999055,3722803.868230511
2.8719999999999053,3722251.339287233
2.873999999999905,3721698.778940458
2.875999999999905,3721146.187076197
2.8779999999999046,3720593.563582548
2.8799999999999044,3720040.908349582
2.881999999999904,3719488.221260015
2.883999999999904,3718935.5022065546
2.8859999999999038,3718382.751086794
2.8879999999999035,3717829.9677914823
2.8899999999999033,3717277.152220851
2.891999999999903,3716724.3042700547
2.893999999999903,3716171.423844072
2.8959999999999027,3715618.5108425776
2.8979999999999024,3715065.5651654694
2.899999999999902,3714512.586724291
2.901999999999902,3713959.5754254707
2.9039999999999018,3713406.5311752018
2.9059999999999016,3712853.4538815375
2.9079999999999013,3712300.34345499
2.909999999999901,3711747.1998082874
2.911999999999901,3711194.022856591
2.9139999999999007,3710640.812517017
2.9159999999999004,3710087.5687165232
2.9179999999999002,3709534.2913938793
2.9199999999999,3708980.980474396
2.9219999999999,3708427.6359233456
2.9239999999998996,3707874.257672858
2.9259999999998993,3707320.8456465825
2.927999999999899,3706767.3997633327
2.929999999999899,3706213.91995181
2.9319999999998987,3705660.406144583
2.9339999999998985,3705106.858266239
2.9359999999998982,3704553.276240462
2.937999999999898,3703999.6600020896
2.939999999999898,3703446.009480758
2.9419999999998976,3702892.324605754
2.9439999999998974,3702338.605308033
2.945999999999897,3701784.8515298646
2.947999999999897,3701231.063207614
2.9499999999998967,3700677.240276422
2.9519999999998965,3700123.38267233
2.9539999999998963,3699569.4903239645
2.955999999999896,3699015.563169727
2.957999999999896,3698461.6011526645
2.9599999999998956,3697907.6042178143
2.9619999999998954,3697353.5732681253
2.963999999999895,3696799.5164187984
2.965999999999895,3696245.4342483743
2.9679999999998947,3695691.3265290493
2.9699999999998945,3695137.1930283504
2.9719999999998943,3694583.0335256103
2.973999999999894,3694028.847796976
2.975999999999894,3693474.635621324
2.9779999999998936,3692920.3967914376
2.9799999999998934,3692366.131097442
2.981999999999893,3691811.8383314353
2.983999999999893,3691257.518298441
2.9859999999998927,3690703.170799985
2.9879999999998925,3690148.7956390292
2.9899999999998923,3689594.3926218366
2.991999999999892,3689039.961558752
2.993999999999892,3688485.502264209
2.9959999999998916,3687931.014556482
2.9979999999998914,3687376.4982573837
2.999999999999891,3686821.953192013
3.001999999999891,3686267.3791795904
3.0039999999998908,3685712.776050208
3.0059999999998905,3685158.1436398304
3.0079999999998903,3684603.481787819
3.00999999999989,3684048.790326921
3.01199999999989,3683494.0690998174
3.0139999999998897,3682939.3179452904
3.0159999999998894,3682384.5367127694
3.017999999999889,3681829.725247637
3.019999999999889,3681274.88339653
3.0219999999998888,3680720.0110183796
3.0239999999998886,3680165.1079681152
3.0259999999998883,3679610.1741013397
3.027999999999888,3679055.2093743803
3.029999999999888,3678500.2151964623
3.0319999999998877,3677945.1920761624
3.0339999999998875,3677390.139832219
3.0359999999998872,3676835.058283905
3.037999999999887,3676279.947244302
3.039999999999887,3675724.8065378345
3.0419999999998866,3675169.635995547
3.0439999999998864,3674614.435447753
3.045999999999886,3674059.204707894
3.047999999999886,3673503.943543453
3.0499999999998857,3672948.651749893
3.0519999999998855,3672393.32916057
3.0539999999998853,3671837.975629046
3.055999999999885,3671282.5910147894
3.057999999999885,3670727.1751779416
3.0599999999998846,3670171.727970116
3.0619999999998844,3669616.249251253
3.063999999999884,3669060.73887655
3.065999999999884,3668505.196711051
3.0679999999998837,3667949.6226154338
3.0699999999998835,3667394.016451306
3.0719999999998833,3666838.3780921227
3.073999999999883,3666282.707407201
3.075999999999883,3665727.004267035
3.0779999999998826,3665171.2685619756
3.0799999999998824,3664615.5001875353
3.081999999999882,3664059.699022643
3.083999999999882,3663503.86494597
3.0859999999998817,3662947.9978380087
3.0879999999998815,3662392.097573039
3.0899999999998813,3661836.1640356723
3.091999999999881,3661280.1971159135
3.093999999999881,3660724.196706623
3.0959999999998806,3660168.1627023383
3.0979999999998804,3659612.094990131
3.09999999999988,3659055.9934659465
3.10199999999988,3658499.858021216
3.1039999999998797,3657943.688557011
3.1059999999998795,3657387.48496971
3.1079999999998793,3656831.247164829
3.109999999999879,3656274.9750427003
3.111999999999879,3655718.6685036803
3.1139999999998786,3655162.3274589917
3.1159999999998784,3654605.951814979
3.117999999999878,3654049.5414777133
3.119999999999878,3653493.096354972
3.1219999999998778,3652936.616356863
3.1239999999998775,3652380.101395814
3.1259999999998773,3651823.551386325
3.127999999999877,3651266.9662447027
3.129999999999877,3650710.3458888303
3.1319999999998767,3650153.6902380167
3.1339999999998764,3649596.999204215
3.135999999999876,3649040.27270822
3.137999999999876,3648483.51067494
3.139999999999876,3647926.713022409
3.1419999999998756,3647369.8796770424
3.1439999999998753,3646813.0105600557
3.145999999999875,3646256.105601384
3.147999999999875,3645699.1647255686
3.1499999999998747,3645142.187856904
3.1519999999998745,3644585.174921521
3.1539999999998742,3644028.1258565616
3.155999999999874,3643471.0405938607
3.157999999999874,3642913.9190642647
3.1599999999998736,3642356.761199584
3.1619999999998734,3641799.5669332803
3.163999999999873,3641242.336200521
3.165999999999873,3640685.0689380295
3.1679999999998727,3640127.765083863
3.1699999999998725,3639570.4245686475
3.1719999999998723,3639013.047331564
3.173999999999872,3638455.633315602
3.175999999999872,3637898.1824652213
3.1779999999998716,3637340.6947167884
3.1799999999998714,3636783.170173218
3.181999999999871,3636225.6136664078
3.183999999999871,3635668.0285098203
3.1859999999998707,3635110.4144911603
3.1879999999998705,3634552.7714002808
3.1899999999998703,3633995.0990399052
3.19199999999987,3633437.39721012
3.19399999999987,3632879.6657130886
3.1959999999998696,3632321.9043541253
3.1979999999998694,3631764.1129427943
3.199999999999869,3631206.29129273
3.201999999999869,3630648.439221342
3.2039999999998687,3630090.5565494974
3.2059999999998685,3629532.6431238414
3.2079999999998683,3628974.698818849
3.209999999999868,3628416.723466787
3.211999999999868,3627858.7168914075
3.2139999999998676,3627300.6789266486
3.2159999999998674,3626742.609411973
3.217999999999867,3626184.5081815673
3.219999999999867,3625626.3750793
3.2219999999998667,3625068.209945355
3.2239999999998665,3624510.012629886
3.2259999999998663,3623951.782979124
3.227999999999866,3623393.5208403994
3.229999999999866,3622835.2260726383
3.2319999999998656,3622276.8985309936
3.2339999999998654,3621718.5380715295
3.235999999999865,3621160.1445703562
3.237999999999865,3620601.7179040634
3.2399999999998648,3620043.2579368767
3.2419999999998645,3619484.7645358704
3.2439999999998643,3618926.2375706844
3.245999999999864,3618367.6769132847
3.247999999999864,3617809.0824377965
3.2499999999998637,3617250.454020378
3.2519999999998634,3616691.7915391414
3.2539999999998632,3616133.094865665
3.255999999999863,3615574.363880758
3.257999999999863,3615015.5984614845
3.2599999999998626,3614456.7986453446
3.2619999999998623,3613897.9658868355
3.263999999999862,3613339.1002700534
3.265999999999862,3612780.2016395
3.2679999999998617,3612221.269849073
3.2699999999998615,3611662.304748389
3.2719999999998612,3611103.3061878514
3.273999999999861,3610544.2740207687
3.275999999999861,3609985.208103938
3.2779999999998606,3609426.108297556
3.2799999999998604,3608866.9744648957
3.28199999999986,3608307.806471954
3.28399999999986,3607748.60418718
3.2859999999998597,3607189.367481275
3.2879999999998595,3606630.096227036
3.2899999999998593,3606070.790299278
3.291999999999859,3605511.4495664043
3.293999999999859,3604952.0739060435
3.2959999999998586,3604392.6632005177
3.2979999999998584,3603833.2173262467
3.299999999999858,3603273.736168427
3.301999999999858,3602714.2196079437
3.3039999999998577,3602154.6675264533
3.3059999999998575,3601595.079816717
3.3079999999998573,3601035.4563674266
3.309999999999857,3600475.79706748
3.311999999999857,3599916.1018077945
3.3139999999998566,3599356.370490153
3.3159999999998564,3598796.603011575
3.317999999999856,3598236.799268521
3.319999999999856,3597676.959158848
3.3219999999998557,3597117.0825741994
3.3239999999998555,3596557.1694156714
3.3259999999998553,3595997.2195892027
3.327999999999855,3595437.2330031632
3.329999999999855,3594877.209567249
3.3319999999998546,3594317.14918379
3.3339999999998544,3593757.0517632347
3.335999999999854,3593196.9172114544
3.337999999999854,3592636.7454429693
3.3399999999998538,3592076.536367816
3.3419999999998535,3591516.289904461
3.3439999999998533,3590956.0059662103
3.345999999999853,3590395.6844661306
3.347999999999853,3589835.325319102
3.3499999999998527,3589274.9284506156
3.3519999999998524,3588714.493781238
3.353999999999852,3588154.02123072
3.355999999999852,3587593.5107198623
3.3579999999998518,3587032.9621711876
3.3599999999998515,3586472.375500776
3.3619999999998513,3585911.7506335354
3.363999999999851,3585351.0874986025
3.365999999999851,3584790.386026947
3.3679999999998507,3584229.646148545
3.3699999999998504,3583668.8677688357
3.3719999999998502,3583108.0507597793
3.37399999999985,3582547.1950060944
3.37599999999985,3581986.3004289954
3.3779999999998496,3581425.3669645516
3.3799999999998493,3580864.394558201
3.381999999999849,3580303.383146851
3.383999999999849,3579742.3326731743
3.3859999999998487,3579181.2430732287
3.3879999999998485,3578620.1142818835
3.3899999999998482,3578058.946246038
3.391999999999848,3577497.7389336447
3.393999999999848,3576936.4922871427
3.3959999999998476,3576375.20624535
3.3979999999998474,3575813.8808538555
3.399999999999847,3575252.5201097704
3.401999999999847,3574691.1269788677
3.4039999999998467,3574129.701271946
3.4059999999998465,3573568.242803028
3.4079999999998463,3573006.751389316
3.409999999999846,3572445.2268511187
3.411999999999846,3571883.6690039146
3.4139999999998456,3571322.0776729565
3.4159999999998454,3570760.4526888914
3.417999999999845,3570198.7938775835
3.419999999999845,3569637.1010743026
3.4219999999998447,3569075.3741110098
3.4239999999998445,3568513.612829339
3.4259999999998443,3567951.817067383
3.427999999999844,3567389.986664451
3.429999999999844,3566828.1214629896
3.4319999999998436,3566266.2213171492
3.4339999999998434,3565704.286077544
3.435999999999843,3565142.315595225
3.437999999999843,3564580.309723472
3.4399999999998427,3564018.268318403
3.4419999999998425,3563456.1912390357
3.4439999999998423,3562894.078347099
3.445999999999842,3562331.929498794
3.447999999999842,3561769.7445596354
3.4499999999998416,3561207.523395619
3.4519999999998414,3560645.2658792166
3.453999999999841,3560082.971878038
3.455999999999841,3559520.6412683716
3.4579999999998408,3558958.273922388
3.4599999999998405,3558395.8697209675
3.4619999999998403,3557833.428540653
3.46399999999984,3557270.9502583886
3.46599999999984,3556708.43476151
3.4679999999998397,3556145.8819332896
3.4699999999998394,3555583.2916571
3.471999999999839,3555020.663818235
3.473999999999839,3554457.9983044653
3.4759999999998388,3553895.295006026
3.4779999999998386,3553332.5538153136
3.4799999999998383,3552769.774626627
3.481999999999838,3552206.957336216
3.483999999999838,3551644.101841949
3.4859999999998377,3551081.208049434
3.4879999999998375,3550518.276710928
3.4899999999998372,3549955.3085062676
3.491999999999837,3549392.3033291013
3.493999999999837,3548829.261097637
3.4959999999998366,3548266.181679143
3.4979999999998364,3547703.0649481243
3.499999999999836,3547139.9107749644
3.501999999999836,3546576.7190305833
3.5039999999998357,3546013.4895963026
3.5059999999998355,3545450.2223495217
3.5079999999998353,3544886.917167844
3.509999999999835,3544323.573930878
3.511999999999835,3543760.1925207973
3.5139999999998346,3543196.7728223307
3.5159999999998344,3542633.31472254
3.517999999999834,3542069.818110582
3.519999999999834,3541506.282877479
3.5219999999998337,3540942.7089080606
3.5239999999998335,3540379.0960956467
3.5259999999998333,3539815.444337774
3.527999999999833,3539251.7535261423
3.529999999999833,3538688.023560486
3.5319999999998326,3538124.2543361993
3.5339999999998324,3537560.445757012
3.535999999999832,3536996.597722133
3.537999999999832,3536432.7101308857
3.5399999999998317,3535868.782892498
3.5419999999998315,3535304.8159139412
3.5439999999998313,3534740.8091278505
3.545999999999831,3534176.7624494745
3.547999999999831,3533612.6757867155
3.5499999999998306,3533048.549049557
3.5519999999998304,3532484.3821498454
3.55399999999983,3531920.1750011244
3.55599999999983,3531355.927518403
3.5579999999998297,3530791.6396178487
3.5599999999998295,3530227.311208941
3.5619999999998293,3529662.942209099
3.563999999999829,3529098.5325316116
3.565999999999829,3528534.082098215
3.5679999999998286,3527969.590826194
3.5699999999998284,3527405.058640693
3.571999999999828,3526840.4854618683
3.573999999999828,3526275.8712094887
3.5759999999998278,3525711.215812677
3.5779999999998275,3525146.5191958323
3.5799999999998273,3524581.7812827034
3.581999999999827,3524017.001998172
3.583999999999827,3523452.1812688364
3.5859999999998267,3522887.3190229996
3.5879999999998264,3522322.415190493
3.589999999999826,3521757.4697024184
3.591999999999826,3521192.482490971
3.593999999999826,3520627.453481492
3.5959999999998256,3520062.3826069473
3.5979999999998253,3519497.2698037354
3.599999999999825,3518932.115001806
3.601999999999825,3518366.918138314
3.6039999999998247,3517801.6791454633
3.6059999999998245,3517236.397955219
3.6079999999998242,3516671.074508972
3.609999999999824,3516105.708743457
3.611999999999824,3515540.300594701
3.6139999999998236,3514974.8499997393
3.6159999999998234,3514409.357897078
3.617999999999823,3513843.828967547
3.619999999999823,3513278.263456313
3.6219999999998227,3512712.6611798317
3.6239999999998225,3512147.0219646026
3.6259999999998223,3511581.34564342
3.627999999999822,3511015.632052634
3.629999999999822,3510449.88103124
3.6319999999998216,3509884.092412729
3.6339999999998214,3509318.266039398
3.635999999999821,3508752.401750532
3.637999999999821,3508186.499394805
3.6399999999998207,3507620.558817666
3.6419999999998205,3507054.57987348
3.6439999999998203,3506488.5624128934
3.64599999999982,3505922.5062873634
3.64799999999982,3505356.411358744
3.6499999999998196,3504790.277485407
3.6519999999998194,3504224.10452623
3.653999999999819,3503657.892342338
3.655999999999819,3503091.6407533204
3.6579999999998187,3502525.3496579467
3.6599999999998185,3501959.018939719
3.6619999999998183,3501392.6484749387
3.663999999999818,3500826.238129872
3.665999999999818,3500259.787777741
3.6679999999998176,3499693.297295917
3.6699999999998174,3499126.766556684
3.671999999999817,3498560.195440815
3.673999999999817,3497993.583825518
3.6759999999998167,3497426.9315966396
3.6779999999998165,3496860.238624053
3.6799999999998163,3496293.504763202
3.681999999999816,3495726.729826534
3.683999999999816,3495159.913703841
3.6859999999998156,3494593.056278338
3.6879999999998154,3494026.1574454885
3.689999999999815,3493459.217109407
3.691999999999815,3492892.2351769297
3.6939999999998148,3492325.2115772013
3.6959999999998145,3491758.146210425
3.6979999999998143,3491191.038975678
3.699999999999814,3490623.8897738014
3.701999999999814,3490056.6985073765
3.7039999999998137,3489489.465080581
3.7059999999998134,3488922.1893990464
3.7079999999998132,3488354.8713621716
3.709999999999813,3487787.5115643507
3.711999999999813,3487220.110643972
3.7139999999998126,3486652.6684801085
3.7159999999998123,3486085.1849529105
3.717999999999812,3485517.65993872
3.719999999999812,3484950.0933221816
3.7219999999998117,3484382.484983961
3.7239999999998115,3483814.834805135
3.7259999999998112,3483247.142669019
3.727999999999811,3482679.4084691787
3.729999999999811,3482111.632095249
3.7319999999998106,3481543.8134366064
3.7339999999998104,3480975.952384047
3.73599999999981,3480408.0488304873
3.73799999999981,3479840.1026633475
3.7399999999998097,3479272.1137784193
3.7419999999998095,3478704.0820757872
3.7439999999998093,3478136.0074576717
3.745999999999809,3477567.8898199433
3.747999999999809,3476999.729065807
3.7499999999998086,3476431.5250943005
3.7519999999998084,3475863.277812393
3.753999999999808,3475294.9871227834
3.755999999999808,3474726.6529357536
3.7579999999998077,3474158.275156937
3.7599999999998075,3473589.8536915723
3.7619999999998073,3473021.388446692
3.763999999999807,3472452.8793315557
3.765999999999807,3471884.3262650273
3.7679999999998066,3471315.729161328
3.7699999999998064,3470747.08792621
3.771999999999806,3470178.4024726544
3.773999999999806,3469609.672717603
3.7759999999998057,3469040.8985801097
3.7779999999998055,3468472.080010085
3.7799999999998053,3467903.2169841486
3.781999999999805,3467334.309426205
3.783999999999805,3466765.3572521647
3.7859999999998046,3466196.3603856806
3.7879999999998044,3465627.3187459786
3.789999999999804,3465058.2322521475
3.791999999999804,3464489.1008323166
3.7939999999998038,3463919.924410208
3.7959999999998035,3463350.7029089374
3.7979999999998033,3462781.436252663
3.799999999999803,3462212.12436712
3.801999999999803,3461642.7671796186
3.8039999999998027,3461073.3646188546
3.8059999999998024,3460503.9166146903
3.807999999999802,3459934.42309796
3.809999999999802,3459364.8839929253
3.8119999999998018,3458795.2992310077
3.8139999999998015,3458225.668746855
3.8159999999998013,3457655.9924689303
3.817999999999801,3457086.270332486
3.819999999999801,3456516.502268008
3.8219999999998007,3455946.6882130955
3.8239999999998004,3455376.82810044
3.8259999999998002,3454806.921862154
3.8279999999998,3454236.9694315684
3.8299999999998,3453666.9707437386
3.8319999999997996,3453096.927444073
3.8339999999997993,3452526.8427524604
3.835999999999799,3451956.7166868555
3.837999999999799,3451386.549088732
3.8399999999997987,3450816.339833725
3.8419999999997985,3450246.0887740664
3.8439999999997982,3449675.7957553566
3.845999999999798,3449105.4606180983
3.847999999999798,3448535.0832113936
3.8499999999997976,3447964.663381631
3.8519999999997974,3447394.200984247
3.853999999999797,3446823.695871632
3.855999999999797,3446253.1479046363
3.8579999999997967,3445682.5569405197
3.8599999999997965,3445111.9228372113
3.8619999999997963,3444541.2454550844
3.863999999999796,3443970.52466482
3.865999999999796,3443399.7603336144
3.8679999999997956,3442828.9523287527
3.8699999999997954,3442258.100519247
3.871999999999795,3441687.20476908
3.873999999999795,3441116.2649509334
3.8759999999997947,3440545.2809422086
3.8779999999997945,3439974.2526228996
3.8799999999997943,3439403.179867285
3.881999999999794,3438832.0625571893
3.883999999999794,3438260.9005780816
3.8859999999997936,3437689.6938098604
3.8879999999997934,3437118.442132447
3.889999999999793,3436547.145435381
3.891999999999793,3435975.80360483
3.8939999999997927,3435404.4165272946
3.8959999999997925,3434832.984098449
3.8979999999997923,3434261.5062098927
3.899999999999792,3433689.9827528717
3.901999999999792,3433118.4136202103
3.9039999999997916,3432546.798706723
3.9059999999997914,3431975.137901949
3.907999999999791,3431403.4311035606
3.909999999999791,3430831.6782133384
3.9119999999997908,3430259.879135083
3.9139999999997905,3429688.033766505
3.9159999999997903,3429116.1420122213
3.91799999999979,3428544.203772674
3.91999999999979,3427972.2189558772
3.9219999999997897,3427400.1874656333
3.9239999999997894,3426828.1092129885
3.925999999999789,3426255.9841734692
3.927999999999789,3425683.813129678
3.9299999999997888,3425111.5962276775
3.9319999999997886,3424539.3333485792
3.9339999999997883,3423967.0243759966
3.935999999999788,3423394.669195809
3.937999999999788,3422822.267695867
3.9399999999997877,3422249.8197657564
3.9419999999997875,3421677.325296613
3.9439999999997872,3421104.7841737755
3.945999999999787,3420532.1962901778
3.947999999999787,3419959.5615425115
3.9499999999997866,3419386.879822076
3.9519999999997864,3418814.1510273903
3.953999999999786,3418241.3750529476
3.955999999999786,3417668.5517935404
3.9579999999997857,3417095.681153225
3.9599999999997855,3416522.76303229
3.9619999999997852,3415949.7973308787
3.963999999999785,3415376.783950555
3.965999999999785,3414803.722794776
3.9679999999997846,3414230.61376888
3.9699999999997844,3413657.4567797054
3.971999999999784,3413084.2517214916
3.973999999999784,3412510.9984581387
3.9759999999997837,3411937.6968465187
3.9779999999997835,3411364.346795304
3.9799999999997833,3410790.9482076727
3.981999999999783,3410217.501007448
3.983999999999783,3409644.0051571345
3.9859999999997826,3409070.460581822
3.9879999999997824,3408496.867194884
3.989999999999782,3407923.2249153852
3.991999999999782,3407349.5336575327
3.9939999999997817,3406775.7933352524
3.9959999999997815,3406202.0038711876
3.9979999999997813,3405628.1651839353
3.999999999999781,3405054.277191625
4.001999999999781,3404480.3398134727
4.003999999999781,3403906.35297025
4.005999999999781,3403332.316584259
4.007999999999781,3402758.2305791494
4.00999999999978,3402184.0948796743
4.01199999999978,3401609.9094115184
4.01399999999978,3401035.67410116
4.01599999999978,3400461.388868674
4.0179999999997795,3399887.0536409062
4.019999999999779,3399312.668347723
4.021999999999779,3398738.232913049
4.023999999999779,3398163.747260181
4.025999999999779,3397589.211321017
4.027999999999778,3397014.625023456
4.029999999999778,3396439.988294938
4.031999999999778,3395865.3010639334
4.033999999999778,3395290.563267436
4.0359999999997775,3394715.7748377183
4.037999999999777,3394140.935705673
4.039999999999777,3393566.0457959147
4.041999999999777,3392991.1050399267
4.043999999999777,3392416.1133726565
4.045999999999776,3391841.072426948
4.047999999999776,3391265.9846546366
4.049999999999776,3390690.84999926
4.051999999999776,3390115.668310403
4.053999999999776,3389540.4394330014
4.055999999999775,3388965.163212699
4.057999999999775,3388389.8395050666
4.059999999999775,3387814.4681630903
4.061999999999775,3387239.0490406738
4.0639999999997745,3386663.582016691
4.065999999999774,3386088.067039002
4.067999999999774,3385512.5039764093
4.069999999999774,3384936.892684144
4.071999999999774,3384361.2330251373
4.073999999999773,3383785.5248669507
4.075999999999773,3383209.768079999
4.077999999999773,3382633.962536649
4.079999999999773,3382058.1081037824
4.0819999999997725,3381482.204655703
4.083999999999772,3380906.2520634467
4.085999999999772,3380330.2502060193
4.087999999999772,3379754.198959135
4.089999999999772,3379178.0982058863
4.091999999999771,3378601.947825451
4.093999999999771,3378025.747697172
4.095999999999771,3377449.497702268
4.097999999999771,3376873.1977243363
4.0999999999997705,3376296.8476492884
4.10199999999977,3375720.4473650954
4.10399999999977,3375143.996761516
4.10599999999977,3374567.495729864
4.10799999999977,3373990.944162842
4.109999999999769,3373414.3419474578
4.111999999999769,3372837.6889779135
4.113999999999769,3372260.9851519517
4.115999999999769,3371684.230362015
4.1179999999997685,3371107.4245074065
4.119999999999768,3370530.5674834587
4.121999999999768,3369953.659186174
4.123999999999768,3369376.699541865
4.125999999999768,3368799.688481453
4.127999999999767,3368222.625907302
4.129999999999767,3367645.5117212264
4.131999999999767,3367068.345826015
4.133999999999767,3366491.128125944
4.1359999999997665,3365913.8585199104
4.137999999999766,3365336.5369422683
4.139999999999766,3364759.163915755
4.141999999999766,3364181.7396963383
4.143999999999766,3363604.2641643854
4.145999999999765,3363026.73720715
4.147999999999765,3362449.1587082106
4.149999999999765,3361871.5285586086
4.151999999999765,3361293.8466456234
4.1539999999997645,3360716.1128567434
4.155999999999764,3360138.3270813003
4.157999999999764,3359560.4892109046
4.159999999999764,3358982.5991462567
4.161999999999764,3358404.6567840194
4.1639999999997634,3357826.662013202
4.165999999999763,3357248.614729577
4.167999999999763,3356670.514832716
4.169999999999763,3356092.3622242957
4.171999999999763,3355514.156800355
4.173999999999762,3354935.8984636893
4.175999999999762,3354357.5871200506
4.177999999999762,3353779.2226697598
4.179999999999762,3353200.80501272
4.1819999999997615,3352622.3340574466
4.183999999999761,3352043.809708848
4.185999999999761,3351465.23187169
4.187999999999761,3350886.6004520436
4.189999999999761,3350307.9153577024
4.19199999999976,3349729.176504999
4.19399999999976,3349150.383798947
4.19599999999976,3348571.537149322
4.19799999999976,3347992.636468716
4.1999999999997595,3347413.681671374
4.201999999999759,3346834.6726657064
4.203999999999759,3346255.6093667313
4.205999999999759,3345676.4916924024
4.207999999999759,3345097.3195549347
4.209999999999758,3344518.092865926
4.211999999999758,3343938.8115453147
4.213999999999758,3343359.475509238
4.215999999999758,3342780.0846734527
4.2179999999997575,3342200.638954781
4.219999999999757,3341621.138271527
4.221999999999757,3341041.582543423
4.223999999999757,3340461.9716914184
4.225999999999757,3339882.3056374504
4.227999999999756,3339302.584304253
4.229999999999756,3338722.8076152233
4.231999999999756,3338142.9754875153
4.233999999999756,3337563.087844654
4.2359999999997555,3336983.1446061693
4.237999999999755,3336403.145698501
4.239999999999755,3335823.0910440395
4.241999999999755,3335242.9805713855
4.243999999999755,3334662.814204429
4.245999999999754,3334082.591866281
4.247999999999754,3333502.3134809574
4.249999999999754,3332921.9789685826
4.251999999999754,3332341.5882347333
4.2539999999997535,3331761.141154502
4.255999999999753,3331180.6376340315
4.257999999999753,3330600.0794193908
4.259999999999753,3330019.468164842
4.261999999999753,3329438.803753879
4.263999999999752,3328858.086073064
4.265999999999752,3328277.3149795197
4.267999999999752,3327696.4903310193
4.269999999999752,3327115.611979734
4.2719999999997516,3326534.6797849587
4.273999999999751,3325953.6936030453
4.275999999999751,3325372.6532982225
4.277999999999751,3324791.558731686
4.279999999999751,3324210.409765372
4.2819999999997505,3323629.206263503
4.28399999999975,3323047.948092972
4.28599999999975,3322466.635123214
4.28799999999975,3321885.2672259314
4.28999999999975,3321303.8442747854
4.291999999999749,3320722.3661451647
4.293999999999749,3320140.8327140133
4.295999999999749,3319559.2438597055
4.297999999999749,3318977.599455269
4.2999999999997485,3318395.8993807733
4.301999999999748,3317814.1435131454
4.303999999999748,3317232.331736833
4.305999999999748,3316650.463932884
4.307999999999748,3316068.5399893727
4.309999999999747,3315486.559790502
4.311999999999747,3314904.5232202923
4.313999999999747,3314322.4301644126
4.315999999999747,3313740.2805106854
4.3179999999997465,3313158.074148933
4.319999999999746,3312575.8109707558
4.321999999999746,3311993.490869269
4.323999999999746,3311411.113732206
4.325999999999746,3310828.6794541674
4.327999999999745,3310246.1879330594
4.329999999999745,3309663.639061635
4.331999999999745,3309081.032739062
4.333999999999745,3308498.368860579
4.3359999999997445,3307915.6473281155
4.337999999999744,3307332.8680395214
4.339999999999744,3306750.030892408
4.341999999999744,3306167.1357857483
4.343999999999744,3305584.1826203284
4.345999999999743,3305001.1713696276
4.347999999999743,3304418.102618278
4.349999999999743,3303834.9763539177
4.351999999999743,3303251.7925474998
4.3539999999997425,3302668.5510834283
4.355999999999742,3302085.2518473333
4.357999999999742,3301501.8947282913
4.359999999999742,3300918.479610402
4.361999999999742,3300335.00637769
4.363999999999741,3299751.47492274
4.365999999999741,3299167.885134923
4.367999999999741,3298584.2369036763
4.369999999999741,3298000.53012649
4.3719999999997405,3297416.7646970213
4.37399999999974,3296832.9405084117
4.37599999999974,3296249.057448208
4.37799999999974,3295665.115411134
4.37999999999974,3295081.114295736
4.381999999999739,3294497.054002525
4.383999999999739,3293912.934433036
4.385999999999739,3293328.755482842
4.387999999999739,3292744.51705367
4.3899999999997386,3292160.219043431
4.391999999999738,3291575.8613501913
4.393999999999738,3290991.4438803215
4.395999999999738,3290406.966539281
4.397999999999738,3289822.4292713855
4.3999999999997375,3289237.831997809
4.401999999999737,3288653.1746229804
4.403999999999737,3288068.4570527594
4.405999999999737,3287483.679194253
4.407999999999737,3286898.8409555983
4.409999999999736,3286313.9422392286
4.411999999999736,3285728.9829539354
4.413999999999736,3285143.963011412
4.415999999999736,3284558.882317918
4.4179999999997355,3283973.740785691
4.419999999999735,3283388.5383227686
4.421999999999735,3282803.274836883
4.423999999999735,3282217.9502437636
4.425999999999735,3281632.5644551385
4.427999999999734,3281047.1173819746
4.429999999999734,3280461.608935979
4.431999999999734,3279876.039030062
4.433999999999734,3279290.407578458
4.4359999999997335,3278704.7144898833
4.437999999999733,3278118.95967937
4.439999999999733,3277533.14306486
4.441999999999733,3276947.2645588354
4.443999999999733,3276361.3240796244
4.445999999999732,3275775.3215412367
4.447999999999732,3275189.256857097
4.449999999999732,3274603.129948346
4.451999999999732,3274016.940732144
4.4539999999997315,3273430.6891248324
4.455999999999731,3272844.375043335
4.457999999999731,3272257.998405623
4.459999999999731,3271671.5591307054
4.461999999999731,3271085.0571384816
4.46399999999973,3270498.4923495227
4.46599999999973,3269911.8648937866
4.46799999999973,3269325.176993961
4.46999999999973,3268738.428892519
4.4719999999997295,3268151.6204418805
4.473999999999729,3267564.7514917334
4.475999999999729,3266977.8218991603
4.477999999999729,3266390.8315180517
4.479999999999729,3265803.780202781
4.481999999999728,3265216.6678097737
4.483999999999728,3264629.4941979344
4.485999999999728,3264042.2592286034
4.487999999999728,3263454.9627652937
4.4899999999997275,3262867.6046734336
4.491999999999727,3262280.1848201463
4.493999999999727,3261692.7030676007
4.495999999999727,3261105.159284908
4.497999999999727,3260517.553338261
4.499999999999726,3259929.8851011884
4.501999999999726,3259342.154444025
4.503999999999726,3258754.3612439465
4.505999999999726,3258166.5053744623
4.507999999999726,3257578.5867090747
4.509999999999725,3256990.6051228708
4.511999999999725,3256402.5604929645
4.513999999999725,3255814.4526984636
4.515999999999725,3255226.281611812
4.5179999999997245,3254638.0470901257
4.519999999999724,3254049.748961006
4.521999999999724,3253461.3870978868
4.523999999999724,3252872.9613792985
4.525999999999724,3252284.4716904126
4.527999999999723,3251695.917923059
4.529999999999723,3251107.299998714
4.531999999999723,3250518.6178433183
4.533999999999723,3249929.871350461
4.5359999999997225,3249341.0604081214
4.537999999999722,3248752.184903887
4.539999999999722,3248163.244726664
4.541999999999722,3247574.239773557
4.543999999999722,3246985.1699379687
4.545999999999721,3246396.035112603
4.547999999999721,3245806.8352365806
4.549999999999721,3245217.5707075642
4.551999999999721,3244628.241507643
4.5539999999997205,3244038.8475159537
4.55599999999972,3243449.3886071886
4.55799999999972,3242859.864662557
4.55999999999972,3242270.275559804
4.56199999999972,3241680.621183296
4.563999999999719,3241090.901413697
4.565999999999719,3240501.1161315734
4.567999999999719,3239911.265225291
4.569999999999719,3239321.3485796414
4.5719999999997185,3238731.3660790212
4.573999999999718,3238141.317608838
4.575999999999718,3237551.203049627
4.577999999999718,3236961.022288826
4.579999999999718,3236370.775217393
4.581999999999717,3235780.461727909
4.583999999999717,3235190.0817072922
4.585999999999717,3234599.635048577
4.587999999999717,3234009.1216410357
4.5899999999997165,3233418.5413737744
4.591999999999716,3232827.8941373914
4.593999999999716,3232237.1798306913
4.595999999999716,3231646.3983488064
4.597999999999716,3231055.54958611
4.599999999999715,3230464.6334375716
4.601999999999715,3229873.649799236
4.603999999999715,3229282.598561942
4.605999999999715,3228691.4796229275
4.6079999999997145,3228100.2928824667
4.609999999999714,3227509.038235768
4.611999999999714,3226917.7155838446
4.613999999999714,3226326.3248236985
4.615999999999714,3225734.8658520104
4.6179999999997134,3225143.3385729636
4.619999999999713,3224551.742886934
4.621999999999713,3223960.07869359
4.623999999999713,3223368.345893378
4.625999999999713,3222776.5443878355
4.627999999999712,3222184.6740794973
4.629999999999712,3221592.734871836
4.631999999999712,3221000.7266627583
4.633999999999712,3220408.6493635783
4.6359999999997115,3219816.5029776953
4.637999999999711,3219224.2874473184
4.639999999999711,3218632.0026743733
4.641999999999711,3218039.6485665897
4.643999999999711,3217447.2250272874
4.64599999999971,3216854.731958956
4.64799999999971,3216262.1692647864
4.64999999999971,3215669.5368491467
4.65199999999971,3215076.8346175416
4.6539999999997095,3214484.062476415
4.655999999999709,3213891.2203329178
4.657999999999709,3213298.308088443
4.659999999999709,3212705.3256789013
4.661999999999709,3212112.2730494947
4.663999999999708,3211519.1501105856
4.665999999999708,3210925.9567669583
4.667999999999708,3210332.692922785
4.669999999999708,3209739.3584893206
4.6719999999997075,3209145.953532538
4.673999999999707,3208552.4797305944
4.675999999999707,3207958.9372978206
4.677999999999707,3207365.3260787404
4.679999999999707,3206771.6459201504
4.681999999999706,3206177.8966647224
4.683999999999706,3205584.0781623605
4.685999999999706,3204990.1902668527
4.687999999999706,3204396.2328278483
4.6899999999997055,3203802.2057016017
4.691999999999705,3203208.108741255
4.693999999999705,3202613.941800486
4.695999999999705,3202019.704734965
4.697999999999705,3201425.397402741
4.699999999999704,3200831.019670331
4.701999999999704,3200236.571394692
4.703999999999704,3199642.0524375946
4.705999999999704,3199047.462663852
4.7079999999997035,3198452.8019402376
4.709999999999703,3197858.070134875
4.711999999999703,3197263.267110736
4.713999999999703,3196668.3927369853
4.715999999999703,3196073.4468795247
4.717999999999702,3195478.4294046015
4.719999999999702,3194883.340186706
4.721999999999702,3194288.179097242
4.723999999999702,3193692.9460074883
4.7259999999997016,3193097.6407898744
4.727999999999701,3192502.263318365
4.729999999999701,3191906.813468442
4.731999999999701,3191311.291110718
4.733999999999701,3190715.6961222114
4.7359999999997004,3190120.0283830273
4.7379999999997,3189524.2877684445
4.7399999999997,3188928.474159574
4.7419999999997,3188332.587433752
4.7439999999997,3187736.6274681934
4.745999999999699,3187140.594393034
4.747999999999699,3186544.4883499593
4.749999999999699,3185948.309205671
4.751999999999699,3185352.056825128
4.7539999999996985,3184755.731068751
4.755999999999698,3184159.331803835
4.757999999999698,3183562.858901269
4.759999999999698,3182966.3122337162
4.761999999999698,3182369.6916685933
4.763999999999697,3181772.997079116
4.765999999999697,3181176.228334925
4.767999999999697,3180579.3852991196
4.769999999999697,3179982.4678271865
4.7719999999996965,3179385.4757441604
4.773999999999696,3178788.4089109562
4.775999999999696,3178191.267197978
4.777999999999696,3177594.0504826275
4.779999999999696,3176996.75864561
4.781999999999695,3176399.391567888
4.783999999999695,3175801.949130683
4.785999999999695,3175204.43121813
4.787999999999695,3174606.8377614724
4.7899999999996945,3174009.1686625476
4.791999999999694,3173411.42380266
4.793999999999694,3172813.6030595647
4.795999999999694,3172215.7063171733
4.797999999999694,3171617.7334556794
4.799999999999693,3171019.6843549246
4.801999999999693,3170421.558895793
4.803999999999693,3169823.3569605807
4.805999999999693,3169225.0784329083
4.8079999999996925,3168626.723197525
4.809999999999692,3168028.2911401168
4.811999999999692,3167429.7821469004
4.813999999999692,3166831.1961045694
4.815999999999692,3166232.5328941094
4.817999999999691,3165633.7924019946
4.819999999999691,3165034.974510984
4.821999999999691,3164436.0791037073
4.823999999999691,3163837.106070112
4.8259999999996905,3163238.05529653
4.82799999999969,3162638.926668571
4.82999999999969,3162039.7200723686
4.83199999999969,3161440.435394969
4.83399999999969,3160841.0725182462
4.835999999999689,3160241.631329955
4.837999999999689,3159642.1117204777
4.839999999999689,3159042.513575052
4.841999999999689,3158442.836784164
4.8439999999996886,3157843.0812341445
4.845999999999688,3157243.2468167464
4.847999999999688,3156643.333419387
4.849999999999688,3156043.3409284605
4.851999999999688,3155443.269231002
4.8539999999996875,3154843.118215119
4.855999999999687,3154242.887769876
4.857999999999687,3153642.5777850817
4.859999999999687,3153042.18814502
4.861999999999687,3152441.7187394258
4.863999999999686,3151841.1694602994
4.865999999999686,3151240.5401942316
4.867999999999686,3150639.830826771
4.869999999999686,3150039.0412502913
4.8719999999996855,3149438.171353346
4.873999999999685,3148837.221090589
4.875999999999685,3148236.1914833924
4.877999999999685,3147635.0829168647
4.879999999999685,3147033.895224568
4.881999999999684,3146432.628242057
4.883999999999684,3145831.281800655
4.885999999999684,3145229.8557383907
4.887999999999684,3144628.3498968035
4.8899999999996835,3144026.7641132777
4.891999999999683,3143425.0982253533
4.893999999999683,3142823.3520785333
4.895999999999683,3142221.525515651
4.897999999999683,3141619.6183797643
4.899999999999682,3141017.6305155233
4.901999999999682,3140415.5617693956
4.903999999999682,3139813.4119894286
4.905999999999682,3139211.181025199
4.9079999999996815,3138608.868721604
4.909999999999681,3138006.4749297486
4.911999999999681,3137403.9995294693
4.913999999999681,3136801.442425061
4.915999999999681,3136198.80346939
4.91799999999968,3135596.0825520493
4.91999999999968,3134993.279652664
4.92199999999968,3134390.3946347763
4.92399999999968,3133787.427352286
4.9259999999996795,3133184.3776539885
4.927999999999679,3132581.2453950346
4.929999999999679,3131978.0304339333
4.931999999999679,3131374.732630868
4.933999999999679,3130771.3518408514
4.935999999999678,3130167.8879424483
4.937999999999678,3129564.341056903
4.939999999999678,3128960.711133864
4.941999999999678,3128356.998022723
4.9439999999996775,3127753.201569869
4.945999999999677,3127149.3216215433
4.947999999999677,3126545.358025077
4.949999999999677,3125941.310629278
4.951999999999677,3125337.1792784394
4.953999999999676,3124732.963823174
4.955999999999676,3124128.664117216
4.957999999999676,3123524.2800097787
4.959999999999676,3122919.811355734
4.961999999999676,3122315.258006351
4.963999999999675,3121710.619812736
4.965999999999675,3121105.896627235
4.967999999999675,3120501.0883037965
4.969999999999675,3119896.1946978676
4.9719999999996745,3119291.2156661213
4.973999999999674,3118686.1510661924
4.975999999999674,3118081.0007564556
4.977999999999674,3117475.764589931
4.979999999999674,3116870.4424251067
4.981999999999673,3116265.0341168274
4.983999999999673,3115659.53952594
4.985999999999673,3115053.9585096254
4.987999999999673,3114448.290924672
4.9899999999996725,3113842.5366287553
4.991999999999672,3113236.6954807164
4.993999999999672,3112630.7673405535
4.995999999999672,3112024.7520691874
4.997999999999672,3111418.649528214
4.999999999999671,3110812.4595796973
5.001999999999671,3110206.182080114
5.003999999999671,3109599.816891163
5.005999999999671,3108993.36387083
5.0079999999996705,3108386.8228677073
5.00999999999967,3107780.1937212334
5.01199999999967,3107173.476240643
5.01399999999967,3106566.670280062
5.01599999999967,3105959.7756995317
5.017999999999669,3105352.7923658346
5.019999999999669,3104745.7201444083
5.021999999999669,3104138.5588996275
5.023999999999669,3103531.308489483
5.0259999999996685,3102923.968776703
5.027999999999668,3102316.5396259557
5.029999999999668,3101709.0208965335
5.031999999999668,3101101.4124524985
5.033999999999668,3100493.714186436
5.035999999999667,3099885.9260118473
5.037999999999667,3099278.0477960543
5.039999999999667,3098670.079399944
5.041999999999667,3098062.0206832583
5.0439999999996665,3097453.8714999976
5.045999999999666,3096845.6317096036
5.047999999999666,3096237.3011740516
5.049999999999666,3095628.879756211
5.051999999999666,3095020.3673133794
5.053999999999665,3094411.7637073267
5.055999999999665,3093803.068795486
5.057999999999665,3093194.282434466
5.059999999999665,3092585.4044814417
5.0619999999996645,3091976.4347944893
5.063999999999664,3091367.3732324806
5.065999999999664,3090758.2196548055
5.067999999999664,3090148.9739211146
5.069999999999664,3089539.635891107
5.0719999999996634,3088930.205486677
5.073999999999663,3088320.6834171256
5.075999999999663,3087711.06980054
5.077999999999663,3087101.3644465315
5.079999999999663,3086491.5671626446
5.081999999999662,3085881.677757068
5.083999999999662,3085271.6960397214
5.085999999999662,3084661.6218224987
5.087999999999662,3084051.4549191277
5.0899999999996615,3083441.1951449346
5.091999999999661,3082830.8423165805
5.093999999999661,3082220.3962460635
5.095999999999661,3081609.8567512413
5.097999999999661,3080999.2236470347
5.09999999999966,3080388.496748742
5.10199999999966,3079777.675879118
5.10399999999966,3079166.7608579346
5.10599999999966,3078555.751504679
5.1079999999996595,3077944.647639726
5.109999999999659,3077333.4490846638
5.111999999999659,3076722.155662143
5.113999999999659,3076110.7671900718
5.115999999999659,3075499.2834921456
5.117999999999658,3074887.7043889104
5.119999999999658,3074276.029706796
5.121999999999658,3073664.2592911166
5.123999999999658,3073052.393185074
5.1259999999996575,3072440.431224222
5.127999999999657,3071828.373220544
5.129999999999657,3071216.2189875557
5.131999999999657,3070603.9683400616
5.133999999999657,3069991.6210938925
5.135999999999656,3069379.177065683
5.137999999999656,3068766.636066947
5.139999999999656,3068153.997914574
5.141999999999656,3067541.262422121
5.1439999999996555,3066928.4294031193
5.145999999999655,3066315.498672373
5.147999999999655,3065702.4700462096
5.149999999999655,3065089.3433422945
5.151999999999655,3064476.118381688
5.153999999999654,3063862.7950414666
5.155999999999654,3063249.373177609
5.157999999999654,3062635.8526040176
5.159999999999654,3062022.2331396407
5.1619999999996535,3061408.514599896
5.163999999999653,3060794.696805563
5.165999999999653,3060180.779573522
5.167999999999653,3059566.7627198985
5.169999999999653,3058952.6460613506
5.171999999999652,3058338.429415418
5.173999999999652,3057724.112600432
5.175999999999652,3057109.695435283
5.177999999999652,3056495.1777334507
5.1799999999996515,3055880.5593133545
5.181999999999651,3055265.8399896254
5.183999999999651,3054651.0195820862
5.185999999999651,3054036.0979064615
5.187999999999651,3053421.07477747
5.1899999999996504,3052805.950010109
5.19199999999965,3052190.723420004
5.19399999999965,3051575.394823309
5.19599999999965,3050959.9640364973
5.19799999999965,3050344.4308836414
5.199999999999649,3049728.795303923
5.201999999999649,3049113.0571730738
5.203999999999649,3048497.216301871
5.205999999999649,3047881.2725059995
5.2079999999996485,3047265.225596841
5.209999999999648,3046649.0753845554
5.211999999999648,3046032.821679383
5.213999999999648,3045416.464291981
5.215999999999648,3044800.0030333465
5.217999999999647,3044183.4377088984
5.219999999999647,3043566.768128728
5.221999999999647,3042949.9941045707
5.223999999999647,3042333.1154425237
5.2259999999996465,3041716.1319470783
5.227999999999646,3041099.0434285
5.229999999999646,3040481.849692813
5.231999999999646,3039864.550544527
5.233999999999646,3039247.1457858467
5.235999999999645,3038629.635206951
5.237999999999645,3038012.018577992
5.239999999999645,3037394.295662809
5.241999999999645,3036776.466258344
5.2439999999996445,3036158.5301634525
5.245999999999644,3035540.48718632
5.247999999999644,3034922.3371282825
5.249999999999644,3034304.0797933294
5.251999999999644,3033685.7149795927
5.253999999999643,3033067.242482859
5.255999999999643,3032448.6621037847
5.257999999999643,3031829.973638062
5.259999999999643,3031211.1768792463
5.2619999999996425,3030592.2716144007
5.263999999999642,3029973.2576677357
5.265999999999642,3029354.135332826
5.267999999999642,3028734.904575484
5.269999999999642,3028115.5651770965
5.271999999999641,3027496.1169490623
5.273999999999641,3026876.559639555
5.275999999999641,3026256.892994318
5.277999999999641,3025637.1167662474
5.2799999999996405,3025017.230699254
5.28199999999964,3024397.234541074
5.28399999999964,3023777.1280415948
5.28599999999964,3023156.910951796
5.28799999999964,3022536.5830174983
5.289999999999639,3021916.143989328
5.291999999999639,3021295.593614129
5.293999999999639,3020674.9316381426
5.295999999999639,3020054.1578138303
5.2979999999996386,3019433.2718898053
5.299999999999638,3018812.2736134245
5.301999999999638,3018191.1627908754
5.303999999999638,3017569.939254607
5.305999999999638,3016948.60274542
5.3079999999996375,3016327.153001859
5.309999999999637,3015705.589756936
5.311999999999637,3015083.912742402
5.313999999999637,3014462.121696071
5.315999999999637,3013840.2163519827
5.317999999999636,3013218.1964429864
5.319999999999636,3012596.06170181
5.321999999999636,3011973.8118613064
5.323999999999636,3011351.4466543435
5.3259999999996355,3010728.965807983
5.327999999999635,3010106.3690535696
5.329999999999635,3009483.656123667
5.331999999999635,3008860.826744864
5.333999999999635,3008237.880641704
5.335999999999634,3007614.8175382814
5.337999999999634,3006991.637164228
5.339999999999634,3006368.339244321
5.341999999999634,3005744.9234954068
5.3439999999996335,3005121.3896378544
5.345999999999633,3004497.7373926784
5.347999999999633,3003873.9664803427
5.349999999999633,3003250.0766144134
5.351999999999633,3002626.0675113862
5.353999999999632,3002001.9388821935
5.355999999999632,3001377.6904353546
5.357999999999632,3000753.3218782227
5.359999999999632,3000128.8329172507
5.3619999999996315,2999504.223257801
5.363999999999631,2998879.4926038333
5.365999999999631,2998254.640657594
5.367999999999631,2997629.66711929
5.369999999999631,2997004.5716812355
5.37199999999963,2996379.3540381906
5.37399999999963,2995754.0138788163
5.37599999999963,2995128.5508887805
5.37799999999963,2994502.964751946
5.3799999999996295,2993877.255150579
5.381999999999629,2993251.421765125
5.383999999999629,2992625.4643077375
5.385999999999629,2991999.3825271516
5.387999999999629,2991373.176100157
5.389999999999628,2990746.8446906204
5.391999999999628,2990120.387963829
5.393999999999628,2989493.805578104
5.395999999999628,2988867.09718788
5.3979999999996275,2988240.2624504063
5.399999999999627,2987613.301015752
5.401999999999627,2986986.2125292956
5.403999999999627,2986358.9966327357
5.405999999999627,2985731.6529643442
5.407999999999626,2985104.181153314
5.409999999999626,2984476.5808296534
5.411999999999626,2983848.8516156413
5.413999999999626,2983220.993134295
5.415999999999626,2982593.0050002662
5.417999999999625,2981964.886828145
5.419999999999625,2981336.6382233975
5.421999999999625,2980708.2587852613
5.423999999999625,2980079.7481079022
5.4259999999996245,2979451.105780658
5.427999999999624,2978822.331387848
5.429999999999624,2978193.424502911
5.431999999999624,2977564.3846981074
5.433999999999624,2976935.2115414403
5.435999999999623,2976305.90458941
5.437999999999623,2975676.4633906763
5.439999999999623,2975046.8874929347
5.441999999999623,2974417.176433024
5.4439999999996225,2973787.3297392735
5.445999999999622,2973157.346932345
5.447999999999622,2972527.227550957
5.449999999999622,2971896.9713351773
5.451999999999622,2971266.577752702
5.453999999999621,2970636.04621761
5.455999999999621,2970005.3761530146
5.457999999999621,2969374.566989773
5.459999999999621,2968743.6181576615
5.4619999999996205,2968112.5290839747
5.46399999999962,2967481.299180478
5.46599999999962,2966849.927852019
5.46799999999962,2966218.4144876786
5.46999999999962,2965586.758468832
5.471999999999619,2964954.9591615107
5.473999999999619,2964323.015948736
5.475999999999619,2963690.9281983916
5.477999999999619,2963058.695413694
5.4799999999996185,2962426.3169128043
5.481999999999618,2961793.7919780444
5.483999999999618,2961161.119874507
5.485999999999618,2960528.299848207
5.487999999999618,2959895.331124673
5.489999999999617,2959262.2129019015
5.491999999999617,2958628.9443585984
5.493999999999617,2957995.524651886
5.495999999999617,2957361.9529726068
5.4979999999996165,2956728.2284658784
5.499999999999616,2956094.3501919433
5.501999999999616,2955460.317180789
5.503999999999616,2954826.1284205406
5.505999999999616,2954191.78285714
5.507999999999615,2953557.279397326
5.509999999999615,2952922.6168948608
5.511999999999615,2952287.7941483646
5.513999999999615,2951652.809902422
5.5159999999996145,2951017.6628317805
5.517999999999614,2950382.351536746
5.519999999999614,2949746.874541359
5.521999999999614,2949111.2302739937
5.523999999999614,2948475.41706368
5.525999999999613,2947839.4331174064
5.527999999999613,2947203.276511637
5.529999999999613,2946566.9451631196
5.531999999999613,2945930.4368117703
5.533999999999613,2945293.7489853944
5.535999999999612,2944656.878957201
5.537999999999612,2944019.8236971716
5.539999999999612,2943382.579790836
5.541999999999612,2942745.143349773
5.5439999999996115,2942107.5098704915
5.545999999999611,2941469.674035086
5.547999999999611,2940831.6293905857
5.549999999999611,2940193.3678337177
5.551999999999611,2939554.87864926
5.55399999999961,2938916.146552801
5.55599999999961,2938277.1470584283
5.55799999999961,2937313.3570491597
5.55999999999961,2935702.8561012936
5.5619999999996095,2932999.4715228905
5.563999999999609,2930179.419972878
5.565999999999609,2927244.082173698
5.567999999999609,2924223.0479540927
5.569999999999609,2921142.144702687
5.571999999999608,2918020.7670711763
5.573999999999608,2914872.599760258
5.575999999999608,2911707.0930289133
5.577999999999608,2908530.8154976154
5.5799999999996075,2905348.2829062003
5.581999999999607,2902162.6401360226
5.583999999999607,2898976.0564830215
5.585999999999607,2895790.0733653894
5.587999999999607,2892605.7612034385
5.589999999999606,2889423.8650999884
5.591999999999606,2886244.9043509965
5.593999999999606,2883069.2408123803
5.595999999999606,2879897.1215101625
5.5979999999996055,2876728.7210003226
5.599999999999605,2873564.1624439857
5.601999999999605,2870403.5305437837
5.603999999999605,2867246.88295965
5.605999999999605,2864094.2583370865
5.607999999999604,2860945.6819561105
5.609999999999604,2857801.1697016843
5.611999999999604,2854660.730857793
5.613999999999604,2851524.370074541
5.6159999999996035,2848392.088746608
5.617999999999603,2845263.885986626
5.619999999999603,2842139.759307832
5.621999999999603,2839019.7051033652
5.623999999999603,2835903.718984695
5.625999999999602,2832791.7960159564
5.627999999999602,2829683.9308813163
5.629999999999602,2826580.1180024473
5.631999999999602,2823480.3516201996
5.6339999999996015,2820384.6258517145
5.635999999999601,2817292.9347306457
5.637999999999601,2814205.272235588
5.639999999999601,2811121.6323107234
5.641999999999601,2808042.0088786148
5.6439999999996004,2804966.39584973
5.6459999999996,2801894.787129578
5.6479999999996,2798827.176624545
5.6499999999996,2795763.5582449078
5.6519999999996,2792703.9259049785
5.653999999999599,2789648.2735272385
5.655999999999599,2786596.595043203
5.657999999999599,2783548.884332667
5.659999999999599,2780505.13528963
5.6619999999995985,2777465.3418884873
5.663999999999598,2774429.498113921
5.665999999999598,2771397.597957394
5.667999999999598,2768369.6351250834
5.669999999999598,2765345.6034140154
5.671999999999597,2762325.496843105
5.673999999999597,2759309.309440288
5.675999999999597,2756297.035243732
5.677999999999597,2753288.668207995
5.6799999999995965,2750284.20235782
5.681999999999596,2747283.6317617726
5.683999999999596,2744286.9504985297
5.685999999999596,2741294.1526578716
5.687999999999596,2738305.232339592
5.689999999999595,2735320.1836538324
5.691999999999595,2732339.0007219412
5.693999999999595,2729361.6776753683
5.695999999999595,2726388.208656667
5.6979999999995945,2723418.5878185085
5.699999999999594,2720452.809323774
5.701999999999594,2717490.8673463874
5.703999999999594,2714532.75607042
5.705999999999594,2711578.469690112
5.707999999999593,2708628.002410758
5.709999999999593,2705681.348447633
5.711999999999593,2702738.502026977
5.713999999999593,2699799.4573842315
5.7159999999995925,2696864.2087665875
5.717999999999592,2693932.7504303646
5.719999999999592,2691005.0766428295
5.721999999999592,2688081.1816818304
5.723999999999592,2685161.059834521
5.725999999999591,2682244.7053987365
5.727999999999591,2679332.1126830154
5.729999999999591,2676423.276005077
5.731999999999591,2673518.189693245
5.7339999999995905,2670616.848086521
5.73599999999959,2667719.245533634
5.73799999999959,2664825.376393179
5.73999999999959,2661935.2350335727
5.74199999999959,2659048.8158338782
5.743999999999589,2656166.1131828497
5.745999999999589,2653287.121479688
5.747999999999589,2650411.8351332983
5.749999999999589,2647540.248562274
5.7519999999995886,2644672.3561950233
5.753999999999588,2641808.15247038
5.755999999999588,2638947.6318373242
5.757999999999588,2636090.7887538723
5.759999999999588,2633237.617688354
5.7619999999995875,2630388.1131187603
5.763999999999587,2627542.2695332565
5.765999999999587,2624700.0814294987
5.767999999999587,2621861.543314841
5.769999999999587,2619026.6497061467
5.771999999999586,2616195.3951304606
5.773999999999586,2613367.7741248645
5.775999999999586,2610543.781235319
5.777999999999586,2607723.411017865
5.7799999999995855,2604906.658037966
5.781999999999585,2602093.516871115
5.783999999999585,2599283.9821016546
5.785999999999585,2596478.0483244583
5.787999999999585,2593675.7101432295
5.789999999999584,2590876.96217149
5.791999999999584,2588081.799032218
5.793999999999584,2585290.215357721
5.795999999999584,2582502.20579012
5.7979999999995835,2579717.764980847
5.799999999999583,2576936.8875906267
5.801999999999583,2574159.5682898834
5.803999999999583,2571385.8017583117
5.805999999999583,2568615.5826848587
5.807999999999582,2565848.9057680555
5.809999999999582,2563085.765715642
5.811999999999582,2560326.1572445477
5.813999999999582,2557570.0750809493
5.8159999999995815,2554817.513960586
5.817999999999581,2552068.4686283167
5.819999999999581,2549322.933838148
5.821999999999581,2546580.904353558
5.823999999999581,2543842.374947083
5.82599999999958,2541107.3404003615
5.82799999999958,2538375.795504421
5.82999999999958,2535647.7350592897
5.83199999999958,2532923.153873986
5.8339999999995795,2530202.046766656
5.835999999999579,2527484.408564688
5.837999999999579,2524770.234104444
5.839999999999579,2522059.5182312652
5.841999999999579,2519352.2557997345
5.843999999999578,2516648.4416730385
5.845999999999578,2513948.070723924
5.847999999999578,2511251.1378336707
5.849999999999578,2508557.637892715
5.8519999999995775,2505867.565800339
5.853999999999577,2503180.916464678
5.855999999999577,2500497.6848027296
5.857999999999577,2497817.8657405386
5.859999999999577,2495141.454212939
5.861999999999576,2492468.4451637706
5.863999999999576,2489798.833545377
5.865999999999576,2487132.6143191024
5.867999999999576,2484469.782454973
5.869999999999576,2481810.3329319693
5.871999999999575,2479154.2607375425
5.873999999999575,2476501.5608680723
5.875999999999575,2473852.228328707
5.877999999999575,2471206.258133079
5.8799999999995745,2468563.6453036256
5.881999999999574,2465924.3848713986
5.883999999999574,2463288.4718760364
5.885999999999574,2460655.901365819
5.887999999999574,2458026.6683977456
5.889999999999573,2455400.7680373434
5.891999999999573,2452778.195358803
5.893999999999573,2450158.9454446174
5.895999999999573,2447543.0133860097
5.8979999999995725,2444930.394282664
5.899999999999572,2442321.0832427065
5.901999999999572,2439715.0753828636
5.903999999999572,2437112.3658282566
5.905999999999572,2434512.94971245
5.907999999999571,2431916.822177369
5.909999999999571,2429323.9783733976
5.911999999999571,2426734.413459367
5.913999999999571,2424148.1226024865
5.9159999999995705,2421565.100978253
5.91799999999957,2418985.343770573
5.91999999999957,2416408.8461716534
5.92199999999957,2413835.603382005
5.92399999999957,2411265.6106104054
5.925999999999569,2408698.8630738934
5.927999999999569,2406135.355997848
5.929999999999569,2403575.084615808
5.931999999999569,2401018.0441695475
5.9339999999995685,2398464.229909052
5.935999999999568,2395913.637092524
5.937999999999568,2393366.260986313
5.939999999999568,2390822.0968649345
5.941999999999568,2388281.1400110032
5.943999999999567,2385743.3857152923
5.945999999999567,2383208.829276672
5.947999999999567,2380677.466002106
5.949999999999567,2378149.291206604
5.9519999999995665,2375624.3002132582
5.953999999999566,2373102.4883531937
5.955999999999566,2370583.8509655753
5.957999999999566,2368068.3833975475
5.959999999999566,2365556.081004265
5.961999999999565,2363046.9391488037
5.963999999999565,2360540.953202241
5.965999999999565,2358038.118543597
5.967999999999565,2355538.430559803
5.9699999999995645,2353041.8846456916
5.971999999999564,2350548.476204006
5.973999999999564,2348058.200645357
5.975999999999564,2345571.053388201
5.977999999999564,2343087.0298588555
5.979999999999563,2340606.125491469
5.981999999999563,2338128.335727991
5.983999999999563,2335653.6560181403
5.985999999999563,2333182.08181945
5.987999999999563,2330713.6085972167
5.989999999999562,2328248.231824494
5.991999999999562,2325785.9469820363
5.993999999999562,2323326.7495583855
5.995999999999562,2320870.635049718
5.9979999999995615,2318417.598959896
5.999999999999561,2315967.6368003963
6.001999999999561,2313520.7440904616
6.003999999999561,2311076.9163569137
6.005999999999561,2308636.1491342005
6.00799999999956,2306198.437964422
6.00999999999956,2303763.7783972574
6.01199999999956,2301332.1659898595
6.01399999999956,2298903.5963071007
6.0159999999995595,2296478.064921295
6.017999999999559,2294055.56741231
6.019999999999559,2291636.09936754
6.021999999999559,2289219.6563819135
6.023999999999559,2286806.2340577184
6.025999999999558,2284395.828004768
6.027999999999558,2281988.433840356
6.029999999999558,2279584.047189231
6.031999999999558,2277182.6636835975
6.0339999999995575,2274784.278963063
6.035999999999557,2272388.888674507
6.037999999999557,2269996.4884722373
6.039999999999557,2267607.0740179685
6.041999999999557,2265220.6409807764
6.043999999999556,2262837.185037087
6.045999999999556,2260456.701870648
6.047999999999556,2258079.187172385
6.049999999999556,2255704.636640555
6.0519999999995555,2253333.045980748
6.053999999999555,2250964.410905801
6.055999999999555,2248598.7271358483
6.057999999999555,2246235.990398254
6.059999999999555,2243876.1964274477
6.061999999999554,2241519.3409652812
6.063999999999554,2239165.4197606193
6.065999999999554,2236814.4285695404
6.067999999999554,2234466.363155135
6.0699999999995535,2232121.219287871
6.071999999999553,2229778.992745371
6.073999999999553,2227439.679312172
6.075999999999553,2225103.2747799954
6.077999999999553,2222769.7749476535
6.079999999999552,2220439.1756210797
6.081999999999552,2218111.4726132723
6.083999999999552,2215786.6617442863
6.085999999999552,2213464.738841015
6.0879999999995515,2211145.6997374455
6.089999999999551,2208829.540274808
6.091999999999551,2206516.2563010883
6.093999999999551,2204205.8436712786
6.095999999999551,2201898.298247171
6.0979999999995504,2199593.6158977803
6.09999999999955,2197291.7924988377
6.10199999999955,2194992.8239332777
6.10399999999955,2192696.706090688
6.10599999999955,2190403.43486759
6.107999999999549,2188113.006167418
6.109999999999549,2185825.4159004902
6.111999999999549,2183540.659984008
6.113999999999549,2181258.734341783
6.1159999999995485,2178979.6349047488
6.117999999999548,2176703.3576103942
6.119999999999548,2174429.8984030825
6.121999999999548,2172159.2532339753
6.123999999999548,2169891.4180610296
6.125999999999547,2167626.3888489823
6.127999999999547,2165364.161569324
6.129999999999547,2163104.732200038
6.131999999999547,2160848.096726144
6.1339999999995465,2158594.2511390965
6.135999999999546,2156343.191437103
6.137999999999546,2154094.91362507
6.139999999999546,2151849.4137146045
6.141999999999546,2149606.687723975
6.143999999999545,2147366.7316780956
6.145999999999545,2145129.541608263
6.147999999999545,2142895.113552699
6.149999999999545,2140663.4435559656
6.1519999999995445,2138434.527669522
6.153999999999544,2136208.361951089
6.155999999999544,2133984.9424650082
6.157999999999544,2131764.2652821927
6.159999999999544,2129546.326480108
6.161999999999543,2127331.1221427545
6.163999999999543,2125118.648360379
6.165999999999543,2122908.9012300787
6.167999999999543,2120701.8768551326
6.1699999999995425,2118497.571345622
6.171999999999542,2116295.980817778
6.173999999999542,2114097.1013943176
6.175999999999542,2111900.9292044267
6.177999999999542,2109707.4603837277
6.179999999999541,2107516.691074273
6.181999999999541,2105328.6174245044
6.183999999999541,2103143.2355892337
6.185999999999541,2100960.541729383
6.1879999999995405,2098780.532012575
6.18999999999954,2096603.2026124697
6.19199999999954,2094428.549709115
6.19399999999954,2092256.569489214
6.19599999999954,2090087.2581454224
6.197999999999539,2087920.6118767213
6.199999999999539,2085756.6268884111
6.201999999999539,2083595.2993920709
6.203999999999539,2081436.6256055494
6.2059999999995386,2079280.601752643
6.207999999999538,2077127.2240637678
6.209999999999538,2074976.4887755243
6.211999999999538,2072828.3921304108
6.213999999999538,2070682.9303771814
6.2159999999995375,2068540.099771124
6.217999999999537,2066399.896573335
6.219999999999537,2064262.3170511085
6.221999999999537,2062127.3574779255
6.223999999999537,2059995.0141334138
6.225999999999536,2057865.2833033288
6.227999999999536,2055738.16127955
6.229999999999536,2053613.6443600545
6.231999999999536,2051491.7288488913
6.2339999999995355,2049372.4110561868
6.235999999999535,2047255.6872978162
6.237999999999535,2045141.5538960989
6.239999999999535,2043030.007179057
6.241999999999535,2040921.043481105
6.243999999999534,2038814.659142318
6.245999999999534,2036710.85050914
6.247999999999534,2034609.6139336366
6.249999999999534,2032510.9457739035
6.2519999999995335,2030414.8423940423
6.253999999999533,2028321.300164132
6.255999999999533,2026230.3154602007
6.257999999999533,2024141.8846642205
6.259999999999533,2022056.004164097
6.261999999999532,2019972.6703536324
6.263999999999532,2017891.8796325207
6.265999999999532,2015813.6284060176
6.267999999999532,2013737.9130856788
6.2699999999995315,2011664.7300888826
6.271999999999531,2009594.0758385006
6.273999999999531,2007525.9467636491
6.275999999999531,2005460.3392992292
6.277999999999531,2003397.2498856038
6.27999999999953,2001336.6749690073
6.28199999999953,1999278.6110018415
6.28399999999953,1997223.054441903
6.28599999999953,1995170.001752816
6.2879999999995295,1993119.449404313
6.289999999999529,1991071.3938026465
6.291999999999529,1989025.831396915
6.293999999999529,1986982.7586894212
6.295999999999529,1984942.1721860718
6.297999999999528,1982904.0681101454
6.299999999999528,1980868.4428061356
6.301999999999528,1978835.2927901132
6.303999999999528,1976804.6145824755
6.3059999999995275,1974776.404632301
6.307999999999527,1972750.6594314885
6.309999999999527,1970727.375514628
6.311999999999527,1968706.5494219495
6.313999999999527,1966688.1776986523
6.315999999999526,1964672.2568957515
6.317999999999526,1962658.783569382
6.319999999999526,1960647.7542812435
6.321999999999526,1958639.165598936
6.323999999999526,1956633.0140951825
6.325999999999525,1954629.2963482933
6.327999999999525,1952628.0089421372
6.329999999999525,1950629.1484664478
6.331999999999525,1948632.711516056
6.3339999999995245,1946638.6946913393
6.335999999999524,1944647.094598189
6.337999999999524,1942657.907847997
6.339999999999524,1940671.1310579714
6.341999999999524,1938686.7608503532
6.343999999999523,1936704.7938528599
6.345999999999523,1934725.2266986878
6.347999999999523,1932748.0560264764
6.349999999999523,1930773.278480289
6.3519999999995225,1928800.8907096162
6.353999999999522,1926830.8893693397
6.355999999999522,1924863.2711197373
6.357999999999522,1922898.0326264626
6.359999999999522,1920935.1705605336
6.361999999999521,1918974.6815983325
6.363999999999521,1917016.5624219032
6.365999999999521,1915060.8097181947
6.367999999999521,1913107.4201778148
6.3699999999995205,1911156.390498985
6.37199999999952,1909207.7173850862
6.37399999999952,1907261.3975446627
6.37599999999952,1905317.4276914583
6.37799999999952,1903375.804544436
6.379999999999519,1901436.5248277837
6.381999999999519,1899499.5852709091
6.383999999999519,1897564.9826084569
6.385999999999519,1895632.713580295
6.3879999999995185,1893702.7749315044
6.389999999999518,1891775.1634123777
6.391999999999518,1889849.8757784097
6.393999999999518,1887926.9087902955
6.395999999999518,1886006.2592138513
6.397999999999517,1884087.923820193
6.399999999999517,1882171.8993855335
6.401999999999517,1880258.1826912316
6.403999999999517,1878346.7705241274
6.4059999999995165,1876437.659675748
6.407999999999516,1874530.8469427917
6.409999999999516,1872626.329127098
6.411999999999516,1870724.103035638
6.413999999999516,1868824.1654808067
6.415999999999515,1866926.5132796634
6.417999999999515,1865031.143254383
6.419999999999515,1863138.052232235
6.421999999999515,1861247.2370458941
6.4239999999995145,1859358.694532666
6.425999999999514,1857472.4215349397
6.427999999999514,1855588.4149004796
6.429999999999514,1853706.6714816699
6.431999999999514,1851827.1881359483
6.433999999999513,1849949.9617261062
6.435999999999513,1848074.9891195374
6.437999999999513,1846202.2671889693
6.439999999999513,1844331.7928117204
6.441999999999513,1842463.5628704461
6.443999999999512,1840597.5742526976
6.445999999999512,1838733.8238505938
6.447999999999512,1836872.3085615863
6.449999999999512,1835013.0252880068
6.4519999999995115,1833155.9709367522
6.453999999999511,1831301.1424200288
6.455999999999511,1829448.5366548777
6.457999999999511,1827598.1505632072
6.459999999999511,1825749.981071778
6.46199999999951,1823904.0251122138
6.46399999999951,1822060.2796209864
6.46599999999951,1820218.7415394222
6.46799999999951,1818379.4078136804
6.4699999999995095,1816542.2753947498
6.471999999999509,1814707.3412384556
6.473999999999509,1812874.602305438
6.475999999999509,1811044.055561148
6.477999999999509,1809215.6979761461
6.479999999999508,1807389.5265498161
6.481999999999508,1805565.538227777
6.483999999999508,1803743.7299979327
6.485999999999508,1801924.0988517362
6.4879999999995075,1800106.6417850824
6.489999999999507,1798291.3557977274
6.491999999999507,1796478.2378941386
6.493999999999507,1794667.2850832236
6.495999999999507,1792858.4943780932
6.497999999999506,1791051.8627968375
6.499999999999506,1789247.3873621277
6.501999999999506,1787445.0651012592
6.503999999999506,1785644.893046164
6.5059999999995055,1783846.868233429
6.507999999999505,1782050.9877042745
6.509999999999505,1780257.2485045737
6.511999999999505,1778465.6476848428
6.513999999999505,1776676.1823005246
6.515999999999504,1774888.8494113144
6.517999999999504,1773103.6461003167
6.519999999999504,1771320.5694294015
6.521999999999504,1769539.616449286
6.5239999999995035,1767760.7842421117
6.525999999999503,1765984.06989351
6.527999999999503,1764209.4704925113
6.529999999999503,1762436.983132471
6.531999999999503,1760666.6049108345
6.533999999999502,1758898.33292927
6.535999999999502,1757132.1642937956
6.537999999999502,1755368.0961148294
6.539999999999502,1753606.1255072476
6.5419999999995015,1751846.2495903831
6.543999999999501,1750088.465488354
6.545999999999501,1748332.7703293876
6.547999999999501,1746579.1612464946
6.549999999999501,1744827.6353768257
6.5519999999995004,1743078.1898623328
6.5539999999995,1741330.821849121
6.5559999999995,1739585.5284880546
6.5579999999995,1737842.3069344182
6.5599999999995,1736101.154347917
6.561999999999499,1734362.0678926476
6.563999999999499,1732625.0447371416
6.565999999999499,1730890.08205434
6.567999999999499,1729157.1770215887
6.5699999999994985,1727426.3268209267
6.571999999999498,1725697.5286384139
6.573999999999498,1723970.779664812
6.575999999999498,1722246.077094919
6.577999999999498,1720523.4181282432
6.579999999999497,1718802.7999685742
6.581999999999497,1717084.219824036
6.583999999999497,1715367.6749070783
6.585999999999497,1713653.162434489
6.5879999999994965,1711940.6796273673
6.589999999999496,1710230.223711158
6.591999999999496,1708521.7919158628
6.593999999999496,1706815.3814754554
6.595999999999496,1705110.9896285096
6.597999999999495,1703408.6136175632
6.599999999999495,1701708.2506897596
6.601999999999495,1700009.8980964494
6.603999999999495,1698313.5530932087
6.6059999999994945,1696619.212939879
6.607999999999494,1694926.8749005545
6.609999999999494,1693236.5362435488
6.611999999999494,1691548.194241443
6.613999999999494,1689861.8461712548
6.615999999999493,1688177.4893139359
6.617999999999493,1686495.1209549154
6.619999999999493,1684814.7383837781
6.621999999999493,1683136.3388942687
6.6239999999994925,1681459.9197842951
6.625999999999492,1679785.4783559523
6.627999999999492,1678113.0119155098
6.629999999999492,1676442.5177734063
6.631999999999492,1674773.993244458
6.633999999999491,1673107.4356473633
6.635999999999491,1671442.8423052027
6.637999999999491,1669780.2105451522
6.639999999999491,1668119.537698266
6.6419999999994905,1666460.8210999842
6.64399999999949,1664804.0580900805
6.64599999999949,1663149.2460121084
6.64799999999949,1661496.3822137308
6.64999999999949,1659845.464046934
6.651999999999489,1658196.4888675343
6.653999999999489,1656549.4540356584
6.655999999999489,1654904.3569154695
6.657999999999489,1653261.1948751565
6.6599999999994886,1651619.9652869725
6.661999999999488,1649980.6655271896
6.663999999999488,1648343.292976142
6.665999999999488,1646707.8450182045
6.667999999999488,1645074.31904197
6.6699999999994874,1643442.7124400062
6.671999999999487,1641813.0226086501
6.673999999999487,1640185.2469484736
6.675999999999487,1638559.3828640406
6.677999999999487,1636935.4277640723
6.679999999999486,1635313.379061004
6.681999999999486,1633693.2341712662
6.683999999999486,1632074.9905154777
6.685999999999486,1630458.645518157
6.6879999999994855,1628844.1966075713
6.689999999999485,1627231.641216173
6.691999999999485,1625620.9767805026
6.693999999999485,1624012.2007407902
6.695999999999485,1622405.3105411916
6.697999999999484,1620800.3036299988
6.699999999999484,1619197.1774591685
6.701999999999484,1617595.9294847837
6.703999999999484,1615996.5571667827
6.7059999999994835,1614399.0579689888
6.707999999999483,1612803.4293590996
6.709999999999483,1611209.668808856
6.711999999999483,1609617.7737936575
6.713999999999483,1608027.741792944
6.715999999999482,1606439.5702899867
6.717999999999482,1604853.256771729
6.719999999999482,1603268.7987293089
6.721999999999482,1601686.1936574844
6.7239999999994815,1600105.4390548558
6.725999999999481,1598526.5324239954
6.727999999999481,1596949.471271131
6.729999999999481,1595374.253106442
6.731999999999481,1593800.875443898
6.73399999999948,1592229.3358012484
6.73599999999948,1590659.6317000408
6.73799999999948,1589091.7606657299
6.73999999999948,1587525.7202273656
6.7419999999994795,1585961.5079179306
6.743999999999479,1584399.121274145
6.745999999999479,1582838.557836468
6.747999999999479,1581279.8151491105
6.749999999999479,1579722.8907600273
6.751999999999478,1578167.7822210414
6.753999999999478,1576614.487087659
6.755999999999478,1575063.002918996
6.757999999999478,1573513.3272780166
6.7599999999994775,1571965.457731376
6.761999999999477,1570419.3918495465
6.763999999999477,1568875.1272065553
6.765999999999477,1567332.661380232
6.767999999999477,1565791.9919520828
6.769999999999476,1564253.1165072874
6.771999999999476,1562716.0326346743
6.773999999999476,1561180.7379267565
6.775999999999476,1559647.2299797072
6.7779999999994756,1558115.5063934657
6.779999999999475,1556585.5647715835
6.781999999999475,1555057.402721231
6.783999999999475,1553531.0178532256
6.785999999999475,1552006.4077820051
6.7879999999994745,1550483.5701256474
6.789999999999474,1548962.5025059185
6.791999999999474,1547443.2025481847
6.793999999999474,1545925.6678814092
6.795999999999474,1544409.8961381298
6.797999999999473,1542895.8849544923
6.799999999999473,1541383.6319703031
6.801999999999473,1539873.1348288516
6.803999999999473,1538364.3911770878
6.8059999999994725,1536857.3986655222
6.807999999999472,1535352.1549482222
6.809999999999472,1533848.6576828577
6.811999999999472,1532346.904530587
6.813999999999472,1530846.8931561774
6.815999999999471,1529348.6212279154
6.817999999999471,1527852.0864176252
6.819999999999471,1526357.2864006476
6.821999999999471,1524864.2188559086
6.8239999999994705,1523372.8814657733
6.82599999999947,1521883.2719161797
6.82799999999947,1520395.3878965513
6.82999999999947,1518909.2270998152
6.83199999999947,1517424.7872224306
6.833999999999469,1515942.0659642827
6.835999999999469,1514461.0610287797
6.837999999999469,1512981.770122788
6.839999999999469,1511504.190956667
6.8419999999994685,1510028.321244228
6.843999999999468,1508554.1587027374
6.845999999999468,1507081.7010529402
6.847999999999468,1505610.9460190015
6.849999999999468,1504141.891328543
6.851999999999467,1502674.5347126168
6.853999999999467,1501208.8739173245
6.855999999999467,1499744.9066742023
6.857999999999467,1498282.630712867
6.8599999999994665,1496822.043780245
6.861999999999466,1495363.1436260028
6.863999999999466,1493905.9280027177
6.865999999999466,1492450.3946659928
6.867999999999466,1490996.5413745844
6.869999999999465,1489544.3658574726
6.871999999999465,1488093.8658314105
6.873999999999465,1486645.0390778328
6.875999999999465,1485197.8833804824
6.8779999999994645,1483752.39632251
6.879999999999464,1482308.5755317311
6.881999999999464,1480866.4187957079
6.883999999999464,1479425.9239038143
6.885999999999464,1477987.0885794295
6.887999999999463,1476549.9105955986
6.889999999999463,1475114.3877497169
6.891999999999463,1473680.5178421773
6.893999999999463,1472248.2986765057
6.895999999999463,1470817.7280593857
6.897999999999462,1469388.803800818
6.899999999999462,1467961.5237139994
6.901999999999462,1466535.885615415
6.903999999999462,1465111.887324827
6.9059999999994615,1463689.5266652806
6.907999999999461,1462268.8014630196
6.909999999999461,1460849.709547594
6.911999999999461,1459432.248751824
6.913999999999461,1458016.4169117985
6.91599999999946,1456602.211866803
6.91799999999946,1455189.63145946
6.91999999999946,1453778.6735355437
6.92199999999946,1452369.3359441056
6.9239999999994595,1450961.6165373398
6.925999999999459,1449555.5131707843
6.927999999999459,1448151.023703117
6.929999999999459,1446748.1459962502
6.931999999999459,1445346.8779153328
6.933999999999458,1443947.2173286027
6.935999999999458,1442549.1621076586
6.937999999999458,1441152.7101412918
6.939999999999458,1439757.8592874738
6.9419999999994575,1438364.6074291081
6.943999999999457,1436972.9524518864
6.945999999999457,1435582.8922441043
6.947999999999457,1434194.4246969456
6.949999999999457,1432807.5477045495
6.951999999999456,1431422.2591639617
6.953999999999456,1430038.5569754539
6.955999999999456,1428656.4390422418
6.957999999999456,1427275.9032705477
6.9599999999994555,1425896.9475699062
6.961999999999455,1424519.5698528315
6.963999999999455,1423143.7680351587
6.965999999999455,1421769.540035511
6.967999999999455,1420396.883775851
6.969999999999454,1419025.797181259
6.971999999999454,1417656.2781797675
6.973999999999454,1416288.3247025653
6.975999999999454,1414921.934683967
6.9779999999994535,1413557.1060612334
6.979999999999453,1412193.8367747643
6.981999999999453,1410832.1247681063
6.983999999999453,1409471.9679878717
6.985999999999453,1408113.3643837762
6.987999999999452,1406756.3119084472
6.989999999999452,1405400.8085176083
6.991999999999452,1404046.8521700895
6.993999999999452,1402694.4408276137
6.9959999999994515,1401343.5724552022
6.997999999999451,1399994.2450207279
6.999999999999451,1398646.4564951358
7.001999999999451,1397300.2048522274
7.003999999999451,1395955.488807403
7.0059999999994504,1394612.3048628971
7.00799999999945,1393270.6517411245
7.00999999999945,1391930.5274279616
7.01199999999945,1390591.9299125692
7.01399999999945,1389254.857186781
7.015999999999449,1387919.3072456666
7.017999999999449,1386585.2780869314
7.019999999999449,1385252.7677116883
7.021999999999449,1383921.7741237548
7.0239999999994485,1382592.295330025
7.025999999999448,1381264.3293401203
7.027999999999448,1379937.874167021
7.029999999999448,1378612.9278263394
7.031999999999448,1377289.4883367915
7.033999999999447,1375967.5537198014
7.035999999999447,1374647.1220001245
7.037999999999447,1373328.1912051432
7.039999999999447,1372010.759365295
7.0419999999994465,1370694.824513715
7.043999999999446,1369380.3846868526
7.045999999999446,1368067.4379238205
7.047999999999446,1366755.98226636
7.049999999999446,1365446.015759664
7.051999999999445,1364137.5364514645
7.053999999999445,1362830.5423925389
7.055999999999445,1361525.031636602
7.057999999999445,1360221.00223997
7.0599999999994445,1358918.4522623348
7.061999999999444,1357617.3797658698
7.063999999999444,1356317.7828154599
7.065999999999444,1355019.6594793187
7.067999999999444,1353723.0078281877
7.069999999999443,1352427.8259358425
7.071999999999443,1351134.1118789145
7.073999999999443,1349841.8637365827
7.075999999999443,1348551.0795911155
7.0779999999994425,1347261.7575275989
7.079999999999442,1345973.8956338025
7.081999999999442,1344687.49200065
7.083999999999442,1343402.544721697
7.085999999999442,1342119.0518933297
7.087999999999441,1340837.0116145138
7.089999999999441,1339556.4219871904
7.091999999999441,1338277.281116165
7.093999999999441,1336999.5871091422
7.0959999999994405,1335723.338076344
7.09799999999944,1334448.532130943
7.09999999999944,1333175.1673888944
7.10199999999944,1331903.2419691028
7.10399999999944,1330632.7539928958
7.105999999999439,1329363.7015845228
7.107999999999439,1328096.0828710843
7.109999999999439,1326829.8959822094
7.111999999999439,1325565.139050324
7.1139999999994386,1324301.8102108627
7.115999999999438,1323039.907602008
7.117999999999438,1321779.4293643497
7.119999999999438,1320520.3736414227
7.121999999999438,1319262.738579551
7.1239999999994374,1318006.5223278916
7.125999999999437,1316751.7230379737
7.127999999999437,1315498.3388642238
7.129999999999437,1314246.3679634887
7.131999999999437,1312995.8084959497
7.133999999999436,1311746.6586240586
7.135999999999436,1310498.9165127496
7.137999999999436,1309252.580330245
7.139999999999436,1308007.6482470925
7.1419999999994355,1306764.1184366834
7.143999999999435,1305521.989075139
7.145999999999435,1304281.2583410183
7.147999999999435,1303041.9244156058
7.149999999999435,1301803.9854830978
7.151999999999434,1300567.439729933
7.153999999999434,1299332.285345474
7.155999999999434,1298098.5205218352
7.157999999999434,1296866.143453854
7.1599999999994335,1295635.1523386927
7.161999999999433,1294405.5453763106
7.163999999999433,1293177.3207694627
7.165999999999433,1291950.4767231103
7.167999999999433,1290725.0114451621
7.169999999999432,1289500.9231461692
7.171999999999432,1288278.210039514
7.173999999999432,1287056.8703406951
7.175999999999432,1285836.9022681317
7.1779999999994315,1284618.3040423978
7.179999999999431,1283401.0738874911
7.181999999999431,1282185.2100294675
7.183999999999431,1280970.7106967303
7.185999999999431,1279757.5741209886
7.18799999999943,1278545.7985361053
7.18999999999943,1277335.3821786551
7.19199999999943,1276126.3232874444
7.19399999999943,1274918.6201046365
7.1959999999994295,1273712.2708738681
7.197999999999429,1272507.273842289
7.199999999999429,1271303.6272591145
7.201999999999429,1270101.3293762822
7.203999999999429,1268900.3784485045
7.205999999999428,1267700.7727325342
7.207999999999428,1266502.5104880072
7.209999999999428,1265305.58997717
7.211999999999428,1264110.0094649743
7.2139999999994275,1262915.767218377
7.215999999999427,1261722.8615066377
7.217999999999427,1260531.2906023616
7.219999999999427,1259341.0527801858
7.221999999999427,1258152.1463175104
7.223999999999426,1256964.569494314
7.225999999999426,1255778.320592687
7.227999999999426,1254593.3978974314
7.229999999999426,1253409.7996955256
7.2319999999994256,1252227.52427722
7.233999999999425,1251046.5699347977
7.235999999999425,1249866.934962551
7.237999999999425,1248688.617658228
7.239999999999425,1247511.6163215241
7.2419999999994245,1246335.9292547493
7.243999999999424,1245161.5547622761
7.245999999999424,1243988.4911512444
7.247999999999424,1242816.7367314533
7.249999999999424,1241646.2898146934
7.251999999999423,1240477.1487155159
7.253999999999423,1239309.311751079
7.255999999999423,1238142.7772411571
7.257999999999423,1236977.543507416
7.2599999999994225,1235813.608874244
7.261999999999422,1234650.9716680031
7.263999999999422,1233489.6302178605
7.265999999999422,1232329.582855549
7.267999999999422,1231170.8279154634
7.269999999999421,1230013.3637338511
7.271999999999421,1228857.1886496127
7.273999999999421,1227702.3010042869
7.275999999999421,1226548.699141297
7.2779999999994205,1225396.381406772
7.27999999999942,1224245.3461488045
7.28199999999942,1223095.5917181987
7.28399999999942,1221947.1164684505
7.28599999999942,1220799.9187555416
7.287999999999419,1219653.9969373508
7.289999999999419,1218509.3493743893
7.291999999999419,1217365.9744296677
7.293999999999419,1216223.8704681662
7.2959999999994185,1215083.0358574213
7.297999999999418,1213943.4689676687
7.299999999999418,1212805.1681708759
7.301999999999418,1211668.1318417292
7.303999999999418,1210532.358356767
7.305999999999417,1209397.846095995
7.307999999999417,1208264.5934411138
7.309999999999417,1207132.5987755964
7.311999999999417,1206001.8604857235
7.3139999999994165,1204872.3769604233
7.315999999999416,1203744.146591054
7.317999999999416,1202617.1677707848
7.319999999999416,1201491.4388953722
7.321999999999416,1200366.9583624299
7.323999999999415,1199243.7245729167
7.325999999999415,1198121.7359294791
7.327999999999415,1197000.9908365589
7.329999999999415,1195881.4877013215
7.3319999999994145,1194763.2249335258
7.333999999999414,1193646.2009454197
7.335999999999414,1192530.4141509181
7.337999999999414,1191415.862966525
7.339999999999414,1190302.5458105027
7.341999999999413,1189190.4611038573
7.343999999999413,1188079.6072701446
7.345999999999413,1186969.982734525
7.347999999999413,1185861.5859248664
7.349999999999413,1184754.4152716484
7.351999999999412,1183648.4692068293
7.353999999999412,1182543.746165917
7.355999999999412,1181440.2445850535
7.357999999999412,1180337.9629038998
7.3599999999994115,1179236.899562917
7.361999999999411,1178137.0530061948
7.363999999999411,1177038.4216793582
7.365999999999411,1175941.0040306742
7.367999999999411,1174844.798510872
7.36999999999941,1173749.803572211
7.37199999999941,1172656.017669636
7.37399999999941,1171563.4392596718
7.37599999999941,1170472.0668023597
7.3779999999994095,1169381.8987583504
7.379999999999409,1168292.9335919218
7.381999999999409,1167205.1697687423
7.383999999999409,1166118.6057571454
7.385999999999409,1165033.2400269804
7.387999999999408,1163949.0710507482
7.389999999999408,1162866.0973034902
7.391999999999408,1161784.3172617408
7.393999999999408,1160703.7294046779
7.3959999999994075,1159624.332213016
7.397999999999407,1158546.124171082
7.399999999999407,1157469.1037644974
7.401999999999407,1156393.2694804356
7.403999999999407,1155318.6198088608
7.405999999999406,1154245.153242171
7.407999999999406,1153172.8682742442
7.409999999999406,1152101.7634016802
7.411999999999406,1151031.8371234026
7.4139999999994055,1149963.0879398587
7.415999999999405,1148895.5143541049
7.417999999999405,1147829.1148715613
7.419999999999405,1146763.887999177
7.421999999999405,1145699.8322463755
7.423999999999404,1144636.9461241402
7.425999999999404,1143575.228146101
7.427999999999404,1142514.676828367
7.429999999999404,1141455.290689374
7.4319999999994035,1140397.068248912
7.433999999999403,1139340.0080283294
7.435999999999403,1138284.1085517036
7.437999999999403,1137229.3683456671
7.439999999999403,1136175.7859392064
7.441999999999402,1135123.3598626188
7.443999999999402,1134072.0886487616
7.445999999999402,1133021.9708318817
7.447999999999402,1131973.004925021
7.4499999999994015,1130925.1894307216
7.451999999999401,1129878.5228990621
7.453999999999401,1128833.003883019
7.455999999999401,1127788.6308167155
7.457999999999401,1126745.4021033156
7.4599999999994,1125703.3162963253
7.4619999999994,1124662.371950635
7.4639999999994,1123622.567586848
7.4659999999994,1122583.9017308052
7.4679999999994,1121546.3729422528
7.469999999999399,1120509.9797819937
7.471999999999399,1119474.7208133067
7.473999999999399,1118440.594600653
7.475999999999399,1117407.599711155
7.4779999999993985,1116375.7347142452
7.479999999999398,1115344.9981806362
7.481999999999398,1114315.3886835736
7.483999999999398,1113286.9047976823
7.485999999999398,1112259.5451011676
7.487999999999397,1111233.3081722537
7.489999999999397,1110208.192592946
7.491999999999397,1109184.196946333
7.493999999999397,1108161.3198169684
7.4959999999993965,1107139.5597930574
7.497999999999396,1106118.91546284
7.499999999999396,1105099.3854183452
7.501999999999396,1104080.9682604617
7.503999999999396,1103063.6625885637
7.505999999999395,1102047.4669948989
7.507999999999395,1101032.380074698
7.509999999999395,1100018.4004260125
7.511999999999395,1099005.5266504262
7.5139999999993945,1097993.7573526024
7.515999999999394,1096983.0911387473
7.517999999999394,1095973.5266179193
7.519999999999394,1094965.062401644
7.521999999999394,1093957.697102648
7.523999999999393,1092951.42933513
7.525999999999393,1091946.2577170958
7.527999999999393,1090942.1808676007
7.529999999999393,1089939.1974069942
7.5319999999993925,1088937.305959329
7.533999999999392,1087936.5051485202
7.535999999999392,1086936.7936023155
7.537999999999392,1085938.1699494256
7.539999999999392,1084940.6328199476
7.541999999999391,1083944.180846556
7.543999999999391,1082948.812664388
7.545999999999391,1081954.5269107753
7.547999999999391,1080961.3222240747
7.5499999999993905,1079969.1972439738
7.55199999999939,1078978.150612773
7.55399999999939,1077988.1809751769
7.55599999999939,1076999.2869771044
7.55799999999939,1076011.467266874
7.559999999999389,1075024.7204951895
7.561999999999389,1074039.0453137322
7.563999999999389,1073054.4403767232
7.565999999999389,1072070.9043394073
7.5679999999993885,1071088.4358596469
7.569999999999388,1070107.0335976433
7.571999999999388,1069126.6962145995
7.573999999999388,1068147.4223741533
7.575999999999388,1067169.2107411064
7.5779999999993874,1066192.0599827485
7.579999999999387,1065215.96876756
7.581999999999387,1064240.9357677707
7.583999999999387,1063266.9596551787
7.585999999999387,1062294.0391042533
7.587999999999386,1061322.1727919541
7.589999999999386,1060351.3593975003
7.591999999999386,1059381.5976009828
7.593999999999386,1058412.8860848919
7.5959999999993855,1057445.2235328397
7.597999999999385,1056478.608630902
7.599999999999385,1055513.0400662061
7.601999999999385,1054548.51652847
7.603999999999385,1053585.0367098327
7.605999999999384,1052622.5993031939
7.607999999999384,1051661.2030040359
7.609999999999384,1050700.8465088226
7.611999999999384,1049741.5285165422
7.6139999999993835,1048783.2477272407
7.615999999999383,1047826.0028435214
7.617999999999383,1046869.7925703706
7.619999999999383,1045914.6156136076
7.621999999999383,1044960.4706815126
7.623999999999382,1044007.3564846318
7.625999999999382,1043055.2717343755
7.627999999999382,1042104.215143208
7.629999999999382,1041154.1854263074
7.6319999999993815,1040205.1813012403
7.633999999999381,1039257.2014877915
7.635999999999381,1038310.244705143
7.637999999999381,1037364.3096766231
7.639999999999381,1036419.395126374
7.64199999999938,1035475.4997808901
7.64399999999938,1034532.6223675424
7.64599999999938,1033590.7616162411
7.64799999999938,1032649.9162578401
7.6499999999993795,1031710.0850257073
7.651999999999379,1030771.2666555375
7.653999999999379,1029833.4598838146
7.655999999999379,1028896.6634480661
7.657999999999379,1027960.8760899297
7.659999999999378,1027026.0965502069
7.661999999999378,1026092.3235738594
7.663999999999378,1025159.5559064695
7.665999999999378,1024227.7922946243
7.6679999999993775,1023297.0314874605
7.669999999999377,1022367.2722365657
7.671999999999377,1021438.5132941973
7.673999999999377,1020510.7534151542
7.675999999999377,1019583.9913564153
7.677999999999376,1018658.2258756396
7.679999999999376,1017733.45573151
7.681999999999376,1016809.6796853924
7.683999999999376,1015886.8965009983
7.6859999999993756,1014965.1049427744
7.687999999999375,1014044.303777687
7.689999999999375,1013124.4917734686
7.691999999999375,1012205.6677004028
7.693999999999375,1011287.8303310478
7.6959999999993745,1010370.9784386272
7.697999999999374,1009455.1107973232
7.699999999999374,1008540.2261854735
7.701999999999374,1007626.3233804133
7.703999999999374,1006713.4011636662
7.705999999999373,1005801.4583173076
7.707999999999373,1004890.4936242421
7.709999999999373,1003980.5058700196
7.711999999999373,1003071.4938425526
7.7139999999993725,1002163.4563303234
7.715999999999372,1001256.3921243062
7.717999999999372,1000350.3000161829
7.719999999999372,999445.178800203
7.721999999999372,998541.0272713254
7.723999999999371,997637.8442271245
7.725999999999371,996735.6284658724
7.727999999999371,995834.3787884754
7.729999999999371,994934.0939981198
7.7319999999993705,994034.7728985242
7.73399999999937,993136.4142958373
7.73599999999937,992239.0169968721
7.73799999999937,991342.579811011
7.73999999999937,990447.101548253
7.741999999999369,989552.5810212683
7.743999999999369,988659.0170449035
7.745999999999369,987766.4084345329
7.747999999999369,986874.754007985
7.7499999999993685,985984.052583694
7.751999999999368,985094.3029810687
7.753999999999368,984205.5040238206
7.755999999999368,983317.6545359502
7.757999999999368,982430.7533422268
7.759999999999367,981544.7992699951
7.761999999999367,980659.791147347
7.763999999999367,979775.7278048871
7.765999999999367,978892.6080756176
7.7679999999993665,978010.4307929229
7.769999999999366,977129.1947926665
7.771999999999366,976248.8989112235
7.773999999999366,975369.5419875663
7.775999999999366,974491.1228612657
7.777999999999365,973613.6403743913
7.779999999999365,972737.0933697227
7.781999999999365,971861.4806925469
7.783999999999365,970986.8011904431
7.7859999999993645,970113.0537113631
7.787999999999364,969240.2371040918
7.789999999999364,968368.3502217386
7.791999999999364,967497.3919159521
7.793999999999364,966627.3610411072
7.795999999999363,965758.2564540734
7.797999999999363,964890.0770122102
7.799999999999363,964022.8215753636
7.801999999999363,963156.4890055452
7.803999999999363,962291.0781651454
7.805999999999362,961426.587917281
7.807999999999362,960563.0171277326
7.809999999999362,959700.3646646468
7.811999999999362,958838.6293965317
7.8139999999993615,957977.8101927078
7.815999999999361,957117.9059268419
7.817999999999361,956258.9154711
7.819999999999361,955400.8377021146
7.821999999999361,954543.6714949681
7.82399999999936,953687.4157293524
7.82599999999936,952832.0692851029
7.82799999999936,951977.6310427262
7.82999999999936,951124.0998853049
7.8319999999993595,950271.4746965314
7.833999999999359,949419.7543626953
7.835999999999359,948568.9377723422
7.837999999999359,947719.0238143487
7.839999999999359,946870.0113799906
7.841999999999358,946021.8993609219
7.843999999999358,945174.6866495728
7.845999999999358,944328.3721429269
7.847999999999358,943482.9547362208
7.8499999999993575,942638.4333293107
7.851999999999357,941794.8068203647
7.853999999999357,940952.0741122473
7.855999999999357,940110.2341060932
7.857999999999357,939269.2857077589
7.859999999999356,938429.2278231888
7.861999999999356,937590.0593588897
7.863999999999356,936751.7792240091
7.865999999999356,935914.3863299822
7.8679999999993555,935077.8795885012
7.869999999999355,934242.2579118416
7.871999999999355,933407.5202150646
7.873999999999355,932573.6654155271
7.875999999999355,931740.6924308395
7.877999999999354,930908.600181105
7.879999999999354,930077.3875867069
7.881999999999354,929247.0535705753
7.883999999999354,928417.5970560189
7.8859999999993535,927589.0169688887
7.887999999999353,926761.3122353933
7.889999999999353,925934.4817843749
7.891999999999353,925108.5245449782
7.893999999999353,924283.4394489609
7.895999999999352,923459.2254284512
7.897999999999352,922635.8814181329
7.899999999999352,921813.4063549541
7.901999999999352,920991.799175944
7.9039999999993515,920171.0588186843
7.905999999999351,919351.1842234484
7.907999999999351,918532.1743309376
7.909999999999351,917714.0280845843
7.911999999999351,916896.74443
7.91399999999935,916080.3223129192
7.91599999999935,915264.7606815237
7.91799999999935,914450.0584842389
7.91999999999935,913636.2146700199
7.92199999999935,912823.228190689
7.923999999999349,912011.098000398
7.925999999999349,911199.8230534599
7.927999999999349,910389.4023066583
7.929999999999349,909579.834716969
7.9319999999993485,908771.1192439412
7.933999999999348,907963.2548473332
7.935999999999348,907156.2404895158
7.937999999999348,906350.0751330665
7.939999999999348,905544.7577431914
7.941999999999347,904740.2872853209
7.943999999999347,903936.6627274764
7.945999999999347,903133.883037942
7.947999999999347,902331.9471875923
7.9499999999993465,901530.8541475141
7.951999999999346,900730.6028913859
7.953999999999346,899931.1923931978
7.955999999999346,899132.6216294228
7.957999999999346,898334.8895768138
7.959999999999345,897537.9952147306
7.961999999999345,896741.937524696
7.963999999999345,895946.7154882101
7.965999999999345,895152.3280871705
7.9679999999993445,894358.7743062316
7.969999999999344,893566.0531303093
7.971999999999344,892774.1635470107
7.973999999999344,891983.1045461985
7.975999999999344,891192.8751156502
7.977999999999343,890403.4742482463
7.979999999999343,889614.9009367726
7.981999999999343,888827.1541742816
7.983999999999343,888040.2329566083
7.9859999999993425,887254.1362818414
7.987999999999342,886468.8631459812
7.989999999999342,885684.4125501628
7.991999999999342,884900.7834954188
7.993999999999342,884117.9749830451
7.995999999999341,883335.9860170935
7.997999999999341,882554.8156039023
7.999999999999341,881774.4627497133
