time,value
0.0,319.3399427969476
0.002,666.3551686784822
0.004,870.9411207330566
0.006,1359.2965014387976
0.008,1809.7361364982953
0.01,2121.753886525333
0.012,2302.512498773521
0.014,2391.387598776574
0.016,2426.199610877068
0.018000000000000002,2433.6910140016216
0.020000000000000004,2429.784852597931
0.022000000000000006,2422.6537802342705
0.024000000000000007,2415.784683452786
0.02600000000000001,2410.222247078727
0.02800000000000001,2405.949020654846
0.030000000000000013,2402.6151595678043
0.032000000000000015,2399.8620469672696
0.034000000000000016,2397.427197973608
0.03600000000000002,2395.150931230934
0.03800000000000002,2392.950443263013
0.04000000000000002,2390.7902002935443
0.04200000000000002,2388.659045299566
0.044000000000000025,2386.5572324166296
0.04600000000000003,2384.487909391386
0.04800000000000003,2382.454280011396
0.05000000000000003,2380.4587060610643
0.05200000000000003,2378.5020431107487
0.054000000000000034,2376.58522011363
0.056000000000000036,2374.7077686267417
0.05800000000000004,2372.869276703253
0.06000000000000004,2371.0692458063277
0.06200000000000004,2369.3070576213368
0.06400000000000004,2367.5821366893915
0.06600000000000004,2365.8937495749306
0.06800000000000005,2364.241659248488
0.07000000000000005,2362.6252786381738
0.07200000000000005,2361.0438730507144
0.07400000000000005,2359.496835723229
0.07600000000000005,2357.9833746130644
0.07800000000000006,2356.5028222101378
0.08000000000000006,2355.054476349617
0.08200000000000006,2353.6377187006424
0.08400000000000006,2352.2518796605314
0.08600000000000006,2350.8964472053135
0.08800000000000006,2349.570624736504
0.09000000000000007,2348.2738557635043
0.09200000000000007,2347.0054971788613
0.09400000000000007,2345.765057253553
0.09600000000000007,2344.551757473276
0.09800000000000007,2343.365059084104
0.10000000000000007,2342.2043378886137
0.10200000000000008,2341.0690361206102
0.10400000000000008,2339.9586226659176
0.10600000000000008,2338.872410337539
0.10800000000000008,2337.8098269773245
0.11000000000000008,2336.770344154015
0.11200000000000009,2335.753461137913
0.11400000000000009,2334.7586077637334
0.11600000000000009,2333.785190785434
0.11800000000000009,2332.832695204388
0.12000000000000009,2331.9006416647744
0.1220000000000001,2330.9884869971042
0.1240000000000001,2330.0957545994884
0.12600000000000008,2329.2219098258747
0.12800000000000009,2328.3665746668407
0.1300000000000001,2327.529177713281
0.1320000000000001,2326.7092529964207
0.1340000000000001,2325.9063734475762
0.1360000000000001,2325.120137226758
0.1380000000000001,2324.3500726730203
0.1400000000000001,2323.5957711773317
0.1420000000000001,2322.856764584744
0.1440000000000001,2322.1327404655844
0.1460000000000001,2321.4231929294306
0.1480000000000001,2320.727807131663
0.1500000000000001,2320.0461692052922
0.1520000000000001,2319.377923774223
0.1540000000000001,2318.722739056031
0.1560000000000001,2318.080127004498
0.1580000000000001,2317.449885694343
0.16000000000000011,2316.8316685378586
0.16200000000000012,2316.225086348179
0.16400000000000012,2315.6299018808045
0.16600000000000012,2315.0456831424353
0.16800000000000012,2314.4721878978
0.17000000000000012,2313.909160362713
0.17200000000000013,2313.356265046101
0.17400000000000013,2312.8132226579983
0.17600000000000013,2312.279776346998
0.17800000000000013,2311.7555985509252
0.18000000000000013,2311.2405092785393
0.18200000000000013,2310.7342167676748
0.18400000000000014,2310.2363932978533
0.18600000000000014,2309.7469523853088
0.18800000000000014,2309.265563634664
0.19000000000000014,2308.7920684106616
0.19200000000000014,2308.326197978949
0.19400000000000014,2307.867734882527
0.19600000000000015,2307.416394924467
0.19800000000000015,2306.972129907518
0.20000000000000015,2306.5346466034857
0.20200000000000015,2306.1037356662832
0.20400000000000015,2305.6792979283214
0.20600000000000016,2305.261027223208
0.20800000000000016,2304.8488832750704
0.21000000000000016,2304.4425840422896
0.21200000000000016,2304.0420199175774
0.21400000000000016,2303.6470574281025
0.21600000000000016,2303.257477230958
0.21800000000000017,2302.873111630407
0.22000000000000017,2302.4938123923357
0.22200000000000017,2302.119529599868
0.22400000000000017,2301.749999105061
0.22600000000000017,2301.3851321073626
0.22800000000000017,2301.0248180578183
0.23000000000000018,2300.66894730437
0.23200000000000018,2300.317239834919
0.23400000000000018,2299.9697758565835
0.23600000000000018,2299.6262634678596
0.23800000000000018,2299.2867043360325
0.24000000000000019,2298.9509481687746
0.2420000000000002,2298.6188824036612
0.2440000000000002,2298.290319251407
0.2460000000000002,2297.965299902663
0.2480000000000002,2297.643615410188
0.25000000000000017,2297.3252224163707
0.25200000000000017,2297.0100496946707
0.25400000000000017,2296.6979375501796
0.25600000000000017,2296.3887758035557
0.2580000000000002,2296.0825573980087
0.2600000000000002,2295.779150275068
0.2620000000000002,2295.478547628866
0.2640000000000002,2295.180532627827
0.2660000000000002,2294.885150879323
0.2680000000000002,2294.592205710369
0.2700000000000002,2294.301755866207
0.2720000000000002,2294.0136985861973
0.2740000000000002,2293.7278835588186
0.2760000000000002,2293.444443513331
0.2780000000000002,2293.1632135141567
0.2800000000000002,2292.884153640159
0.2820000000000002,2292.6071736677595
0.2840000000000002,2292.3321536096832
0.2860000000000002,2292.059086294644
0.2880000000000002,2291.787849747516
0.2900000000000002,2291.5184536467414
0.2920000000000002,2291.2507870417608
0.2940000000000002,2290.9848665745185
0.2960000000000002,2290.7205858703537
0.2980000000000002,2290.4578795640705
0.3000000000000002,2290.19677961242
0.3020000000000002,2289.9371899589637
0.3040000000000002,2289.678966915516
0.3060000000000002,2289.4222829891946
0.3080000000000002,2289.166927814043
0.3100000000000002,2288.912889219794
0.3120000000000002,2288.6601344586975
0.3140000000000002,2288.408717023163
0.3160000000000002,2288.1584701763995
0.3180000000000002,2287.909481073269
0.32000000000000023,2287.6615912346856
0.32200000000000023,2287.4148086715995
0.32400000000000023,2287.1691146104213
0.32600000000000023,2286.9244871059504
0.32800000000000024,2286.680902075268
0.33000000000000024,2286.438249338928
0.33200000000000024,2286.196638893095
0.33400000000000024,2285.9559276893237
0.33600000000000024,2285.716134008724
0.33800000000000024,2285.477161394895
0.34000000000000025,2285.2390440316826
0.34200000000000025,2285.0017804311196
0.34400000000000025,2284.765360223612
0.34600000000000025,2284.529682698854
0.34800000000000025,2284.2947796987287
0.35000000000000026,2284.0605642235273
0.35200000000000026,2283.827077009598
0.35400000000000026,2283.5942364580965
0.35600000000000026,2283.3620863700867
0.35800000000000026,2283.130631961699
0.36000000000000026,2282.899783106703
0.36200000000000027,2282.6695794487264
0.36400000000000027,2282.4399463373697
0.36600000000000027,2282.210852281445
0.36800000000000027,2281.98236089999
0.3700000000000003,2281.754490477038
0.3720000000000003,2281.5270742352905
0.3740000000000003,2281.300290833631
0.3760000000000003,2281.0740287586996
0.3780000000000003,2280.8482424984823
0.3800000000000003,2280.6229008937516
0.3820000000000003,2280.398066941111
0.3840000000000003,2280.173758922346
0.3860000000000003,2279.9498111104244
0.3880000000000003,2279.726318815978
0.3900000000000003,2279.503307545872
0.3920000000000003,2279.280616784584
0.3940000000000003,2279.058345203306
0.3960000000000003,2278.8365204971583
0.3980000000000003,2278.6149837174685
0.4000000000000003,2278.3938345565807
0.4020000000000003,2278.173016969143
0.4040000000000003,2277.952592201906
0.4060000000000003,2277.7324934379108
0.4080000000000003,2277.512606048884
0.4100000000000003,2277.293129068306
0.4120000000000003,2277.0738812928057
0.4140000000000003,2276.854962121368
0.4160000000000003,2276.6363153727148
0.4180000000000003,2276.417917923193
0.4200000000000003,2276.19975379745
0.4220000000000003,2275.9818115382764
0.4240000000000003,2275.7641668868646
0.4260000000000003,2275.546762486137
0.4280000000000003,2275.3295742100145
0.4300000000000003,2275.112585551922
0.43200000000000033,2274.8957851579785
0.43400000000000033,2274.6792491466344
0.43600000000000033,2274.4629209409577
0.43800000000000033,2274.2466927553
0.44000000000000034,2274.030683288403
0.44200000000000034,2273.8148495451137
0.44400000000000034,2273.5992611656015
0.44600000000000034,2273.3837730347254
0.44800000000000034,2273.168409560419
0.45000000000000034,2272.9532561789374
0.45200000000000035,2272.7382626942
0.45400000000000035,2272.5233256834495
0.45600000000000035,2272.3085680673767
0.45800000000000035,2272.0939507210765
0.46000000000000035,2271.8794616937557
0.46200000000000035,2271.6651764517865
0.46400000000000036,2271.4509542906535
0.46600000000000036,2271.236822345396
0.46800000000000036,2271.022867747692
0.47000000000000036,2270.8089573428497
0.47200000000000036,2270.595206875005
0.47400000000000037,2270.381571738989
0.47600000000000037,2270.168036568501
0.47800000000000037,2269.9545066673363
0.48000000000000037,2269.7411089235998
0.4820000000000004,2269.527806018221
0.4840000000000004,2269.314586838803
0.4860000000000004,2269.1014432151474
0.4880000000000004,2268.8884534375425
0.4900000000000004,2268.675479306201
0.4920000000000004,2268.4625496233425
0.4940000000000004,2268.2496686268128
0.4960000000000004,2268.0369226440052
0.4980000000000004,2267.824178189944
0.5000000000000003,2267.6115506272326
0.5020000000000003,2267.398911687574
0.5040000000000003,2267.186296315418
0.5060000000000003,2266.97379639152
0.5080000000000003,2266.7613663991215
0.5100000000000003,2266.5489062021115
0.5120000000000003,2266.336538833684
0.5140000000000003,2266.1241413519906
0.5160000000000003,2265.9118359235704
0.5180000000000003,2265.6995826023644
0.5200000000000004,2265.4872850824577
0.5220000000000004,2265.2750686142754
0.5240000000000004,2265.0628956771634
0.5260000000000004,2264.850671577062
0.5280000000000004,2264.6385224754863
0.5300000000000004,2264.426411417437
0.5320000000000004,2264.2143280236096
0.5340000000000004,2264.0021812339573
0.5360000000000004,2263.7900997815004
0.5380000000000004,2263.578048476418
0.5400000000000004,2263.3660180056936
0.5420000000000004,2263.153917917107
0.5440000000000004,2262.9418772108247
0.5460000000000004,2262.7298609293243
0.5480000000000004,2262.5177759905805
0.5500000000000004,2262.305749279013
0.5520000000000004,2262.0937444867327
0.5540000000000004,2261.8817517320463
0.5560000000000004,2261.6696804342605
0.5580000000000004,2261.4576595103426
0.5600000000000004,2261.2456541936076
0.5620000000000004,2261.033571777458
0.5640000000000004,2260.821539164451
0.5660000000000004,2260.6095203959103
0.5680000000000004,2260.3974220242962
0.5700000000000004,2260.185370580357
0.5720000000000004,2259.9732462201223
0.5740000000000004,2259.761173029859
0.5760000000000004,2259.549118953537
0.5780000000000004,2259.3369965017896
0.5800000000000004,2259.1249369641823
0.5820000000000004,2258.912823657396
0.5840000000000004,2258.7007814520066
0.5860000000000004,2258.4886888179317
0.5880000000000004,2258.2766674709287
0.5900000000000004,2258.064677848739
0.5920000000000004,2257.8526242885946
0.5940000000000004,2257.6406316900757
0.5960000000000004,2257.4285795760356
0.5980000000000004,2257.2165906091
0.6000000000000004,2257.0046260906656
0.6020000000000004,2256.792591023992
0.6040000000000004,2256.5806106538985
0.6060000000000004,2256.3685648446262
0.6080000000000004,2256.1565763916474
0.6100000000000004,2255.944523228771
0.6120000000000004,2255.7325267595884
0.6140000000000004,2255.5204641857886
0.6160000000000004,2255.308456520722
0.6180000000000004,2255.0963808487268
0.6200000000000004,2254.8843581479314
0.6220000000000004,2254.6722655830017
0.6240000000000004,2254.4601406207516
0.6260000000000004,2254.248076532827
0.6280000000000004,2254.03594649385
0.6300000000000004,2253.8238685261686
0.6320000000000005,2253.6117181804916
0.6340000000000005,2253.3995319879236
0.6360000000000005,2253.187190646004
0.6380000000000005,2252.9750246467966
0.6400000000000005,2252.762799530952
0.6420000000000005,2252.550544770515
0.6440000000000005,2252.338265209057
0.6460000000000005,2252.1259638485935
0.6480000000000005,2251.913642200124
0.6500000000000005,2251.7013841151957
0.6520000000000005,2251.489057235975
0.6540000000000005,2251.27669290209
0.6560000000000005,2251.064297661677
0.6580000000000005,2250.851875780423
0.6600000000000005,2250.6393462076203
0.6620000000000005,2250.426842039085
0.6640000000000005,2250.2143316884267
0.6660000000000005,2250.001807787798
0.6680000000000005,2249.789265034956
0.6700000000000005,2249.5767000567744
0.6720000000000005,2249.364027535106
0.6740000000000005,2249.151378327909
0.6760000000000005,2248.938720015034
0.6780000000000005,2248.725961808866
0.6800000000000005,2248.513230468542
0.6820000000000005,2248.3004910721006
0.6840000000000005,2248.0876514995375
0.6860000000000005,2247.874837796731
0.6880000000000005,2247.661931628432
0.6900000000000005,2247.448972753792
0.6920000000000005,2247.2360555135174
0.6940000000000005,2247.0230546784856
0.6960000000000005,2246.810005188046
0.6980000000000005,2246.596998570482
0.7000000000000005,2246.383908144904
0.7020000000000005,2246.170768188295
0.7040000000000005,2245.957586868097
0.7060000000000005,2245.7443692776906
0.7080000000000005,2245.531118144699
0.7100000000000005,2245.317834658033
0.7120000000000005,2245.1045191784942
0.7140000000000005,2244.8911715808954
0.7160000000000005,2244.6777916189753
0.7180000000000005,2244.4643789564116
0.7200000000000005,2244.2509586132114
0.7220000000000005,2244.037561902723
0.7240000000000005,2243.824184553182
0.7260000000000005,2243.610811705515
0.7280000000000005,2243.3974286386847
0.7300000000000005,2243.1840243755883
0.7320000000000005,2242.970508929083
0.7340000000000005,2242.7570105812883
0.7360000000000005,2242.5434973744127
0.7380000000000005,2242.329879837158
0.7400000000000005,2242.1162850833016
0.7420000000000005,2241.9026791218607
0.7440000000000005,2241.688970663165
0.7460000000000006,2241.4752854588255
0.7480000000000006,2241.261505860045
0.7500000000000006,2241.0477543447882
0.7520000000000006,2240.8339108431483
0.7540000000000006,2240.620013412241
0.7560000000000006,2240.4061552238004
0.7580000000000006,2240.1922112555817
0.7600000000000006,2239.978216118544
0.7620000000000006,2239.7641781453976
0.7640000000000006,2239.55018524318
0.7660000000000006,2239.336109047092
0.7680000000000006,2239.1219821567597
0.7700000000000006,2238.9078118636057
0.7720000000000006,2238.6936028799046
0.7740000000000006,2238.4793577899004
0.7760000000000006,2238.265077832277
0.7780000000000006,2238.0507634034775
0.7800000000000006,2237.8363317617086
0.7820000000000006,2237.621913676993
0.7840000000000006,2237.407477538578
0.7860000000000006,2237.193016663527
0.7880000000000006,2236.9784483860212
0.7900000000000006,2236.763906677561
0.7920000000000006,2236.549280620999
0.7940000000000006,2236.334696266745
0.7960000000000006,2236.1201186534195
0.7980000000000006,2235.9054556778983
0.8000000000000006,2235.6908316830823
0.8020000000000006,2235.4761287458473
0.8040000000000006,2235.2614683507304
0.8060000000000006,2235.0467304875547
0.8080000000000006,2234.832035250648
0.8100000000000006,2234.6172618981072
0.8120000000000006,2234.4024475691394
0.8140000000000006,2234.187684634724
0.8160000000000006,2233.9728482998385
0.8180000000000006,2233.757972761503
0.8200000000000006,2233.543148551656
0.8220000000000006,2233.32824998639
0.8240000000000006,2233.1133108163463
0.8260000000000006,2232.8983389110203
0.8280000000000006,2232.6833391478026
0.8300000000000006,2232.468314090859
0.8320000000000006,2232.25334726046
0.8340000000000006,2232.038308376264
0.8360000000000006,2231.8232283614702
0.8380000000000006,2231.6081136687308
0.8400000000000006,2231.3928861855516
0.8420000000000006,2231.1776786844703
0.8440000000000006,2230.9624610849078
0.8460000000000006,2230.747226818403
0.8480000000000006,2230.5319710003846
0.8500000000000006,2230.316690444833
0.8520000000000006,2230.101300881921
0.8540000000000006,2229.885931503067
0.8560000000000006,2229.670550560456
0.8580000000000007,2229.4550684544647
0.8600000000000007,2229.2396103794736
0.8620000000000007,2229.024059782643
0.8640000000000007,2228.8085382433164
0.8660000000000007,2228.592926643325
0.8680000000000007,2228.377344931423
0.8700000000000007,2228.161673148622
0.8720000000000007,2227.9460308079524
0.8740000000000007,2227.7302978337225
0.8760000000000007,2227.5145114129555
0.8780000000000007,2227.298681621058
0.8800000000000007,2227.0828145937835
0.8820000000000007,2226.866995816569
0.8840000000000007,2226.6510967142467
0.8860000000000007,2226.4351487748127
0.8880000000000007,2226.2191587594266
0.8900000000000007,2226.0031311255616
0.8920000000000007,2225.7870684285776
0.8940000000000007,2225.570971898878
0.8960000000000007,2225.3547598279397
0.8980000000000007,2225.138562125286
0.9000000000000007,2224.9223476502043
0.9020000000000007,2224.706109326315
0.9040000000000007,2224.4897600989734
0.9060000000000007,2224.273426715713
0.9080000000000007,2224.05707646457
0.9100000000000007,2223.840619585726
0.9120000000000007,2223.624180665304
0.9140000000000007,2223.40764365011
0.9160000000000007,2223.191129785868
0.9180000000000007,2222.9745205867807
0.9200000000000007,2222.757853687344
0.9220000000000007,2222.541221433465
0.9240000000000007,2222.324500445636
0.9260000000000007,2222.107724980018
0.9280000000000007,2221.890903340414
0.9300000000000007,2221.6740407473885
0.9320000000000007,2221.4571400682134
0.9340000000000007,2221.240202640053
0.9360000000000007,2221.0232289511982
0.9380000000000007,2220.806219052306
0.9400000000000007,2220.589172810353
0.9420000000000007,2220.3720900563903
0.9440000000000007,2220.154970604144
0.9460000000000007,2219.937814283391
0.9480000000000007,2219.7205390751114
0.9500000000000007,2219.503274271225
0.9520000000000007,2219.285988933847
0.9540000000000007,2219.0685943310377
0.9560000000000007,2218.851215015212
0.9580000000000007,2218.6337354151674
0.9600000000000007,2218.4162764454527
0.9620000000000007,2218.1987200079348
0.9640000000000007,2217.9811036118604
0.9660000000000007,2217.7635193406322
0.9680000000000007,2217.5458442811064
0.9700000000000008,2217.3281125995936
0.9720000000000008,2217.1103326207126
0.9740000000000008,2216.8925096018147
0.9760000000000008,2216.6746464642965
0.9780000000000008,2216.4567446150313
0.9800000000000008,2216.2388045953967
0.9820000000000008,2216.0208265091137
0.9840000000000008,2215.802810282043
0.9860000000000008,2215.584755783996
0.9880000000000008,2215.3666628889123
0.9900000000000008,2215.14844979243
0.9920000000000008,2214.930245440286
0.9940000000000008,2214.712019015569
0.9960000000000008,2214.4936821169204
0.9980000000000008,2214.275358933098
1.0000000000000007,2214.0569354672957
1.0020000000000007,2213.838536963099
1.0040000000000007,2213.6200507547605
1.0060000000000007,2213.4015995703257
1.0080000000000007,2213.183067613415
1.0100000000000007,2212.964575868429
1.0120000000000007,2212.7460071751866
1.0140000000000007,2212.5273992330676
1.0160000000000007,2212.3087623770434
1.0180000000000007,2212.0901842770663
1.0200000000000007,2211.871539291154
1.0220000000000007,2211.652859217072
1.0240000000000007,2211.4341509185742
1.0260000000000007,2211.215500213092
1.0280000000000007,2210.996780716697
1.0300000000000007,2210.7780239362237
1.0320000000000007,2210.5592367281906
1.0340000000000007,2210.340423507584
1.0360000000000007,2210.1215866738885
1.0380000000000007,2209.9027272486983
1.0400000000000007,2209.6838454600597
1.0420000000000007,2209.464941145669
1.0440000000000007,2209.246013885298
1.0460000000000007,2209.0269818431325
1.0480000000000007,2208.807973073017
1.0500000000000007,2208.5889566155415
1.0520000000000007,2208.36992538138
1.0540000000000007,2208.150792988376
1.0560000000000007,2207.9316846313004
1.0580000000000007,2207.7125679295814
1.0600000000000007,2207.493353833652
1.0620000000000007,2207.2741654579954
1.0640000000000007,2207.0549690937396
1.0660000000000007,2206.835674961059
1.0680000000000007,2206.6163244507575
1.0700000000000007,2206.3970120150384
1.0720000000000007,2206.177617410084
1.0740000000000007,2205.9582566335816
1.0760000000000007,2205.738809998436
1.0780000000000007,2205.5193131977335
1.0800000000000007,2205.2997756419036
1.0820000000000007,2205.080284412107
1.0840000000000007,2204.860714512722
1.0860000000000007,2204.6410978016174
1.0880000000000007,2204.421441380082
1.0900000000000007,2204.201749826652
1.0920000000000007,2203.982025727944
1.0940000000000007,2203.7622703127035
1.0960000000000008,2203.5424840050678
1.0980000000000008,2203.322666763575
1.1000000000000008,2203.1028184440856
1.1020000000000008,2202.8828576256674
1.1040000000000008,2202.6629120517086
1.1060000000000008,2202.4429511301646
1.1080000000000008,2202.2229679770894
1.1100000000000008,2202.0028766862547
1.1120000000000008,2201.782802162914
1.1140000000000008,2201.562631251526
1.1160000000000008,2201.342484341214
1.1180000000000008,2201.122244955852
1.1200000000000008,2200.902031297865
1.1220000000000008,2200.6817257127373
1.1240000000000008,2200.461364697673
1.1260000000000008,2200.241039218059
1.1280000000000008,2200.020627636238
1.1300000000000008,2199.8001635407018
1.1320000000000008,2199.5796551074227
1.1340000000000008,2199.359188446922
1.1360000000000008,2199.1386387328266
1.1380000000000008,2198.918037610553
1.1400000000000008,2198.6973921638355
1.1420000000000008,2198.4767070740313
1.1440000000000008,2198.2559041111654
1.1460000000000008,2198.0351122367583
1.1480000000000008,2197.814301731728
1.1500000000000008,2197.5934661301612
1.1520000000000008,2197.37260073577
1.1540000000000008,2197.1516216784426
1.1560000000000008,2196.930654770833
1.1580000000000008,2196.709706785433
1.1600000000000008,2196.4887895633956
1.1620000000000008,2196.2678098015813
1.1640000000000008,2196.046877424639
1.1660000000000008,2195.825947314139
1.1680000000000008,2195.6049216890656
1.1700000000000008,2195.3839169156636
1.1720000000000008,2195.1628157342457
1.1740000000000008,2194.941735683887
1.1760000000000008,2194.7205598388264
1.1780000000000008,2194.499405640638
1.1800000000000008,2194.2781559826662
1.1820000000000008,2194.056847339315
1.1840000000000008,2193.8354897659324
1.1860000000000008,2193.6141702545933
1.1880000000000008,2193.3927650751916
1.1900000000000008,2193.171305986846
1.1920000000000008,2192.9498001560123
1.1940000000000008,2192.728252297668
1.1960000000000008,2192.5066651488974
1.1980000000000008,2192.285040088339
1.2000000000000008,2192.063297028141
1.2020000000000008,2191.8415632046263
1.2040000000000008,2191.6198085279193
1.2060000000000008,2191.3980263758253
1.2080000000000009,2191.176131438847
1.2100000000000009,2190.954247787462
1.2120000000000009,2190.7323437882847
1.2140000000000009,2190.510331700551
1.2160000000000009,2190.2883364129902
1.2180000000000009,2190.0662487471936
1.2200000000000009,2189.8441912477324
1.2220000000000009,2189.622050536896
1.2240000000000009,2189.3998647309318
1.2260000000000009,2189.1777251119884
1.2280000000000009,2188.955511242771
1.2300000000000009,2188.7332564011563
1.2320000000000009,2188.510968425087
1.2340000000000009,2188.288732722816
1.2360000000000009,2188.0664251330268
1.2380000000000009,2187.8440767483926
1.2400000000000009,2187.621694338812
1.2420000000000009,2187.3992823260096
1.2440000000000009,2187.176843238996
1.2460000000000009,2186.9543781989587
1.2480000000000009,2186.7318875934516
1.2500000000000009,2186.509371356921
1.252000000000001,2186.286829244558
1.254000000000001,2186.064260929494
1.256000000000001,2185.841666092079
1.258000000000001,2185.6190444077097
1.260000000000001,2185.3963152211386
1.262000000000001,2185.1736047833133
1.264000000000001,2184.950882965133
1.266000000000001,2184.728062696923
1.268000000000001,2184.505265676084
1.270000000000001,2184.2824590033106
1.272000000000001,2184.059554127378
1.274000000000001,2183.8366719773653
1.276000000000001,2183.613699124444
1.278000000000001,2183.390674097971
1.280000000000001,2183.167688994821
1.282000000000001,2182.9446249244634
1.284000000000001,2182.721596056795
1.286000000000001,2182.4984844038804
1.288000000000001,2182.2753249523084
1.290000000000001,2182.0521269578194
1.292000000000001,2181.828896223465
1.294000000000001,2181.605716118861
1.296000000000001,2181.382461893015
1.298000000000001,2181.1591637787615
1.300000000000001,2180.935828180003
1.302000000000001,2180.712459381824
1.304000000000001,2180.489059876096
1.306000000000001,2180.265630885635
1.308000000000001,2180.0420926889014
1.310000000000001,2179.818571438284
1.312000000000001,2179.5950372259467
1.314000000000001,2179.3714833712593
1.316000000000001,2179.1479050939356
1.318000000000001,2178.9242192492643
1.320000000000001,2178.700550062282
1.322000000000001,2178.4767868210483
1.324000000000001,2178.2530485660895
1.326000000000001,2178.029300834757
1.328000000000001,2177.8054541906395
1.330000000000001,2177.581548336517
1.332000000000001,2177.3576758084614
1.334000000000001,2177.1337185701877
1.336000000000001,2176.9097105700625
1.338000000000001,2176.6857402500427
1.340000000000001,2176.4616870659875
1.342000000000001,2176.2375835481703
1.344000000000001,2176.013437463097
1.346000000000001,2175.7892538140586
1.348000000000001,2175.565035415902
1.350000000000001,2175.340783669614
1.352000000000001,2175.116499097583
1.354000000000001,2174.892181782961
1.356000000000001,2174.6678315946842
1.358000000000001,2174.443448363755
1.360000000000001,2174.2190318956987
1.362000000000001,2173.994581997112
1.364000000000001,2173.7700186437683
1.366000000000001,2173.545467303381
1.368000000000001,2173.3208982786155
1.370000000000001,2173.096225226835
1.372000000000001,2172.871569087678
1.374000000000001,2172.6468175781115
1.376000000000001,2172.4220881897086
1.378000000000001,2172.1972662252783
1.380000000000001,2171.972387802941
1.382000000000001,2171.7475426575056
1.384000000000001,2171.522611483206
1.386000000000001,2171.29762719258
1.388000000000001,2171.0725977550096
1.390000000000001,2170.847608045567
1.392000000000001,2170.6225355741126
1.394000000000001,2170.397411257118
1.396000000000001,2170.172242020105
1.398000000000001,2169.9470324847357
1.400000000000001,2169.721785364758
1.402000000000001,2169.4964223682155
1.404000000000001,2169.271069372946
1.406000000000001,2169.0456970762407
1.408000000000001,2168.8202991086346
1.410000000000001,2168.594791226427
1.412000000000001,2168.3692956872956
1.414000000000001,2168.143781413526
1.416000000000001,2167.9181615862576
1.418000000000001,2167.692556498291
1.420000000000001,2167.466854146701
1.422000000000001,2167.241171764878
1.424000000000001,2167.015395058641
1.426000000000001,2166.7895601240066
1.428000000000001,2166.563756495517
1.430000000000001,2166.3378654452185
1.432000000000001,2166.1119220680366
1.434000000000001,2165.8859380526083
1.436000000000001,2165.659921739051
1.438000000000001,2165.4338782493774
1.440000000000001,2165.207889857988
1.442000000000001,2164.9818327797443
1.444000000000001,2164.755736668553
1.446000000000001,2164.529528193648
1.448000000000001,2164.3033363917903
1.450000000000001,2164.077134336372
1.452000000000001,2163.8509169182817
1.454000000000001,2163.624680031334
1.456000000000001,2163.3984208856773
1.458000000000001,2163.1721377060826
1.460000000000001,2162.9457500129342
1.462000000000001,2162.719381973805
1.464000000000001,2162.493003912525
1.466000000000001,2162.2665298516263
1.468000000000001,2162.0400798433193
1.470000000000001,2161.8135422239006
1.472000000000001,2161.5870336304715
1.474000000000001,2161.3604400054087
1.476000000000001,2161.133876414746
1.478000000000001,2160.907227953017
1.480000000000001,2160.6806092362553
1.482000000000001,2160.4539051938277
1.484000000000001,2160.2271510438354
1.486000000000001,2160.000356346161
1.488000000000001,2159.77360639871
1.490000000000001,2159.5467799904714
1.492000000000001,2159.3199078934163
1.494000000000001,2159.0929969415906
1.496000000000001,2158.866051613517
1.498000000000001,2158.6390745131857
1.500000000000001,2158.412066925153
1.5020000000000011,2158.185029337419
1.5040000000000011,2157.9579618234607
1.5060000000000011,2157.730864245766
1.5080000000000011,2157.503736413356
1.5100000000000011,2157.276498917385
1.5120000000000011,2157.0492759075923
1.5140000000000011,2156.822038025858
1.5160000000000011,2156.594699704856
1.5180000000000011,2156.3673806241463
1.5200000000000011,2156.1400487139963
1.5220000000000011,2155.91261692948
1.5240000000000011,2155.6852041514126
1.5260000000000011,2155.457698953648
1.5280000000000011,2155.2301384096827
1.5300000000000011,2155.002612293023
1.5320000000000011,2154.7750030192196
1.5340000000000011,2154.547343280022
1.5360000000000011,2154.3197200337067
1.5380000000000011,2154.0920142543164
1.5400000000000011,2153.8642578718436
1.5420000000000011,2153.636458911474
1.5440000000000011,2153.4086231973074
1.5460000000000012,2153.1807544010207
1.5480000000000012,2152.9528545021753
1.5500000000000012,2152.724924411346
1.5520000000000012,2152.4969644118405
1.5540000000000012,2152.2689744676136
1.5560000000000012,2152.0409544059266
1.5580000000000012,2151.812825030689
1.5600000000000012,2151.58471004714
1.5620000000000012,2151.3565802511675
1.5640000000000012,2151.1283502945166
1.5660000000000012,2150.9001394592233
1.5680000000000012,2150.671915806766
1.5700000000000012,2150.44359253738
1.5720000000000012,2150.215288128868
1.5740000000000012,2149.986929651044
1.5760000000000012,2149.7586504040123
1.5780000000000012,2149.5303297654114
1.5800000000000012,2149.302068006982
1.5820000000000012,2149.073817064116
1.5840000000000012,2148.845478799029
1.5860000000000012,2148.6170857094316
1.5880000000000012,2148.388725398103
1.5900000000000012,2148.160280350151
1.5920000000000012,2147.931783172447
1.5940000000000012,2147.70332078673
1.5960000000000012,2147.474774917889
1.5980000000000012,2147.2461775124
1.6000000000000012,2147.0175362729183
1.6020000000000012,2146.788856230443
1.6040000000000012,2146.560140303913
1.6060000000000012,2146.3313899595164
1.6080000000000012,2146.102605830441
1.6100000000000012,2145.87378805766
1.6120000000000012,2145.6449365750286
1.6140000000000012,2145.416051250157
1.6160000000000012,2145.1870532323333
1.6180000000000012,2144.958065778432
1.6200000000000012,2144.7290599026805
1.6220000000000012,2144.4999507191337
1.6240000000000012,2144.27085706275
1.6260000000000012,2144.0416685945856
1.6280000000000012,2143.812500894754
1.6300000000000012,2143.583241259422
1.6320000000000012,2143.3540036800596
1.6340000000000012,2143.124674645847
1.6360000000000012,2142.8952890662927
1.6380000000000012,2142.665935083531
1.6400000000000012,2142.4364955628844
1.6420000000000012,2142.2070027375385
1.6440000000000012,2141.9774643748933
1.6460000000000012,2141.7478855906925
1.6480000000000012,2141.5182698248504
1.6500000000000012,2141.2886213627894
1.6520000000000012,2141.0589439537953
1.6540000000000012,2140.8292401961585
1.6560000000000012,2140.5995116140025
1.6580000000000013,2140.369758905054
1.6600000000000013,2140.139982262381
1.6620000000000013,2139.910181635818
1.6640000000000013,2139.680278310703
1.6660000000000013,2139.450394978026
1.6680000000000013,2139.2205026512033
1.6700000000000013,2138.9905949741656
1.6720000000000013,2138.7605888312323
1.6740000000000013,2138.5306041212752
1.6760000000000013,2138.300531922055
1.6780000000000013,2138.070488056602
1.6800000000000013,2137.840360481396
1.6820000000000013,2137.610262901411
1.6840000000000013,2137.380082133085
1.6860000000000013,2137.149931188741
1.6880000000000013,2136.919696645743
1.6900000000000013,2136.6894130578444
1.6920000000000013,2136.459089746597
1.6940000000000013,2136.228811031151
1.6960000000000013,2135.9984574762157
1.6980000000000013,2135.768059284336
1.7000000000000013,2135.537623114225
1.7020000000000013,2135.3071533922757
1.7040000000000013,2135.0766527207106
1.7060000000000013,2134.8461223621134
1.7080000000000013,2134.6155628588513
1.7100000000000013,2134.3849742756433
1.7120000000000013,2134.154356492435
1.7140000000000013,2133.9237093214233
1.7160000000000013,2133.6929542836115
1.7180000000000013,2133.462213743932
1.7200000000000013,2133.231458959547
1.7220000000000013,2133.0006836862744
1.7240000000000013,2132.769805207214
1.7260000000000013,2132.5389430931573
1.7280000000000013,2132.307988921826
1.7300000000000013,2132.0770581884
1.7320000000000013,2131.846039384731
1.7340000000000013,2131.6150458979328
1.7360000000000013,2131.3839650173795
1.7380000000000013,2131.1528313414374
1.7400000000000013,2130.9217324004903
1.7420000000000013,2130.6905518455783
1.7440000000000013,2130.4593215189207
1.7460000000000013,2130.2280491109623
1.7480000000000013,2129.996739604854
1.7500000000000013,2129.7653958758697
1.7520000000000013,2129.5340193807215
1.7540000000000013,2129.3026106827874
1.7560000000000013,2129.07116993887
1.7580000000000013,2128.839697057999
1.7600000000000013,2128.6081918981854
1.7620000000000013,2128.3766542867056
1.7640000000000013,2128.1450840767566
1.7660000000000013,2127.9134031227495
1.7680000000000013,2127.6817334255365
1.7700000000000014,2127.4500464573603
1.7720000000000014,2127.2182581211678
1.7740000000000014,2126.9864860662597
1.7760000000000014,2126.7546210764667
1.7780000000000014,2126.5227775494704
1.7800000000000014,2126.2908439613075
1.7820000000000014,2126.0589331348365
1.7840000000000014,2125.8269327132803
1.7860000000000014,2125.5948771419053
1.7880000000000014,2125.362775833497
1.7900000000000014,2125.1307127319587
1.7920000000000014,2124.898569336077
1.7940000000000014,2124.66637570652
1.7960000000000014,2124.4341385031526
1.7980000000000014,2124.201862281988
1.8000000000000014,2123.969549742433
1.8020000000000014,2123.7372027251713
1.8040000000000014,2123.5048225669457
1.8060000000000014,2123.2724100811206
1.8080000000000014,2123.0398878493293
1.8100000000000014,2122.8073777829295
1.8120000000000014,2122.5748515741857
1.8140000000000014,2122.3423031788852
1.8160000000000014,2122.1096503390004
1.8180000000000014,2121.87701191749
1.8200000000000014,2121.644280162675
1.8220000000000014,2121.4115698893934
1.8240000000000014,2121.1787703062587
1.8260000000000014,2120.94599412432
1.8280000000000014,2120.7131293852754
1.8300000000000014,2120.4802881393384
1.8320000000000014,2120.2473581729755
1.8340000000000014,2120.0143736975206
1.8360000000000014,2119.781344047536
1.8380000000000014,2119.5482752271696
1.8400000000000014,2119.315248348473
1.8420000000000014,2119.082143609583
1.8440000000000014,2118.848989925368
1.8460000000000014,2118.6157934069224
1.8480000000000014,2118.382558315
1.8500000000000014,2118.1492095643002
1.8520000000000014,2117.915869988904
1.8540000000000014,2117.6825120176472
1.8560000000000014,2117.449129924705
1.8580000000000014,2117.215719390762
1.8600000000000014,2116.9821999774344
1.8620000000000014,2116.7486913716493
1.8640000000000014,2116.51508693333
1.8660000000000014,2116.28150204076
1.8680000000000014,2116.047828841113
1.8700000000000014,2115.8141825649536
1.8720000000000014,2115.580453754972
1.8740000000000014,2115.3467555326183
1.8760000000000014,2115.1129767599773
1.8780000000000014,2114.879151833076
1.8800000000000014,2114.645367653209
1.8820000000000014,2114.4115089674037
1.8840000000000015,2114.1776071485388
1.8860000000000015,2113.943669658754
1.8880000000000015,2113.7097788267106
1.8900000000000015,2113.475816295016
1.8920000000000015,2113.241811475977
1.8940000000000015,2113.007770765566
1.8960000000000015,2112.773698498101
1.8980000000000015,2112.53959721606
1.9000000000000015,2112.305468229439
1.9020000000000015,2112.0712346473642
1.9040000000000015,2111.8370175107907
1.9060000000000015,2111.6027886757397
1.9080000000000015,2111.3685420106744
1.9100000000000015,2111.1342729974886
1.9120000000000015,2110.899901303622
1.9140000000000015,2110.6655460811717
1.9160000000000015,2110.4311783312555
1.9180000000000015,2110.1967143146694
1.9200000000000015,2109.9622703336922
1.9220000000000015,2109.7277381446042
1.9240000000000015,2109.4932310238255
1.9260000000000015,2109.258638500859
1.9280000000000015,2109.0239949952734
1.9300000000000015,2108.789387235147
1.9320000000000015,2108.5547004453274
1.9340000000000015,2108.319965946969
1.9360000000000015,2108.085191252658
1.9380000000000015,2107.850458521617
1.9400000000000015,2107.6156498982696
1.9420000000000015,2107.3807947339055
1.9440000000000015,2107.1458994803065
1.9460000000000015,2106.910968535051
1.9480000000000015,2106.6760045199053
1.9500000000000015,2106.441008835656
1.9520000000000015,2106.205982050951
1.9540000000000015,2105.9708471624717
1.9560000000000015,2105.7357246778715
1.9580000000000015,2105.5005865520743
1.9600000000000015,2105.2654267699845
1.9620000000000015,2105.0301637542834
1.9640000000000015,2104.794915128035
1.9660000000000015,2104.559574217929
1.9680000000000015,2104.3242547336235
1.9700000000000015,2104.0889712358944
1.9720000000000015,2103.85364637767
1.9740000000000015,2103.6183844394004
1.9760000000000015,2103.3831397850663
1.9780000000000015,2103.147815314923
1.9800000000000015,2102.9125174694736
1.9820000000000015,2102.677132793649
1.9840000000000015,2102.4417710338644
1.9860000000000015,2102.2063207617816
1.9880000000000015,2101.970815684885
1.9900000000000015,2101.735265149384
1.9920000000000015,2101.499752227093
1.9940000000000015,2101.2641602409185
1.9960000000000016,2101.0285187838017
1.9980000000000016,2100.792834435542
2.0000000000000013,2100.5571116809715
2.002000000000001,2100.3213531833167
2.004000000000001,2100.0855603868763
2.0060000000000007,2099.8497339094583
2.0080000000000005,2099.613873951583
2.0100000000000002,2099.3779805139234
2.012,2099.1419765838796
2.014,2098.9059821099518
2.0159999999999996,2098.669969236131
2.0179999999999993,2098.4338551687556
2.019999999999999,2098.197755604171
2.021999999999999,2097.961640040595
2.0239999999999987,2097.7254241724318
2.0259999999999985,2097.489222883104
2.0279999999999982,2097.2529285293076
2.029999999999998,2097.0165766569244
2.031999999999998,2096.780254427976
2.0339999999999976,2096.5438484523056
2.0359999999999974,2096.307390108336
2.037999999999997,2096.0708870005487
2.039999999999997,2095.834420925146
2.0419999999999967,2095.5978749726783
2.0439999999999965,2095.361278320491
2.0459999999999963,2095.1246373761737
2.047999999999996,2094.887956582718
2.049999999999996,2094.6511618725344
2.0519999999999956,2094.4143744809367
2.0539999999999954,2094.1775674272894
2.055999999999995,2093.940735366277
2.057999999999995,2093.7038746299354
2.0599999999999947,2093.466906300221
2.0619999999999945,2093.2299488542467
2.0639999999999943,2092.992974059112
2.065999999999994,2092.7558992053227
2.067999999999994,2092.5188395723335
2.0699999999999936,2092.2816881310655
2.0719999999999934,2092.044480445557
2.073999999999993,2091.807303467321
2.075999999999993,2091.5700441237786
2.0779999999999927,2091.332733605596
2.0799999999999925,2091.0954561165813
2.0819999999999923,2090.858097055184
2.083999999999992,2090.6206869854054
2.085999999999992,2090.3832346009217
2.0879999999999916,2090.1457470726996
2.0899999999999914,2089.908229311579
2.091999999999991,2089.670684226353
2.093999999999991,2089.433113310214
2.0959999999999908,2089.1955171908817
2.0979999999999905,2088.9578959466903
2.0999999999999903,2088.7202494611115
2.10199999999999,2088.4825774753017
2.10399999999999,2088.2448032189022
2.1059999999999897,2088.0070457330794
2.1079999999999894,2087.769277280029
2.109999999999989,2087.531491908734
2.111999999999989,2087.2936087052676
2.1139999999999888,2087.0557440265907
2.1159999999999886,2086.8177921890046
2.1179999999999883,2086.579865691374
2.119999999999988,2086.3418558900457
2.121999999999988,2086.1038732583215
2.1239999999999877,2085.865807982866
2.1259999999999875,2085.6276934297266
2.1279999999999872,2085.3896150693695
2.129999999999987,2085.1514596052853
2.131999999999987,2084.913257774107
2.1339999999999866,2084.6750169323923
2.1359999999999864,2084.4368183153365
2.137999999999986,2084.198545686446
2.139999999999986,2083.9602278725274
2.1419999999999857,2083.721871166925
2.1439999999999855,2083.483479890831
2.1459999999999853,2083.2450566230427
2.147999999999985,2083.006602749997
2.149999999999985,2082.76811887853
2.1519999999999846,2082.529528836603
2.1539999999999844,2082.2909515005954
2.155999999999984,2082.0523593577996
2.157999999999984,2081.8137465448654
2.1599999999999837,2081.5750324232986
2.1619999999999835,2081.336332995866
2.1639999999999833,2081.0975429630157
2.165999999999983,2080.8587745520845
2.167999999999983,2080.619919513639
2.1699999999999826,2080.381088053182
2.1719999999999824,2080.142170765427
2.173999999999982,2079.903277156984
2.175999999999982,2079.664297570807
2.1779999999999817,2079.4252651602123
2.1799999999999815,2079.186188998973
2.1819999999999813,2078.9471511379347
2.183999999999981,2078.708036319613
2.185999999999981,2078.468873548079
2.1879999999999806,2078.2296692249574
2.1899999999999804,2077.990427711916
2.19199999999998,2077.7511516550016
2.19399999999998,2077.5118424559155
2.1959999999999797,2077.2725007548624
2.1979999999999795,2077.0330506267414
2.1999999999999793,2076.7936106047046
2.201999999999979,2076.5541533508963
2.203999999999979,2076.3146730667954
2.2059999999999786,2076.075089392421
2.2079999999999784,2075.8355179997325
2.209999999999978,2075.5958539633275
2.211999999999978,2075.3562091976564
2.2139999999999778,2075.1164758568766
2.2159999999999775,2074.876763820273
2.2179999999999773,2074.6369640823937
2.219999999999977,2074.397109838043
2.221999999999977,2074.157286182524
2.2239999999999767,2073.9173806382214
2.2259999999999764,2073.677423809315
2.227999999999976,2073.4374230698786
2.229999999999976,2073.1973833401926
2.231999999999976,2072.9573835088413
2.2339999999999756,2072.717306783403
2.2359999999999753,2072.4771050714417
2.237999999999975,2072.2369024586333
2.239999999999975,2071.9966759500226
2.2419999999999747,2071.7564225204083
2.2439999999999745,2071.5161394620995
2.2459999999999742,2071.275824760401
2.247999999999974,2071.03540123044
2.249999999999974,2070.7949862699784
2.2519999999999736,2070.55455238163
2.2539999999999734,2070.3140178393414
2.255999999999973,2070.073496514631
2.257999999999973,2069.832882714597
2.2599999999999727,2069.5922114752107
2.2619999999999725,2069.3515687787635
2.2639999999999723,2069.1108430623713
2.265999999999972,2068.8700650556925
2.267999999999972,2068.629318009235
2.2699999999999716,2068.388488859716
2.2719999999999714,2068.1476075668866
2.273999999999971,2067.9066812420197
2.275999999999971,2067.665714714529
2.2779999999999707,2067.42471089681
2.2799999999999705,2067.1836713199114
2.2819999999999703,2066.9425967313296
2.28399999999997,2066.701487368226
2.28599999999997,2066.4603432754534
2.2879999999999696,2066.2190886497174
2.2899999999999694,2065.977841235117
2.291999999999969,2065.736573944457
2.293999999999969,2065.4952054173377
2.2959999999999687,2065.253849243684
2.2979999999999685,2065.01240002795
2.2999999999999683,2064.7709683416956
2.301999999999968,2064.5294465880042
2.303999999999968,2064.2879442070503
2.3059999999999676,2064.0463546162737
2.3079999999999674,2063.8047131800804
2.309999999999967,2063.5630309927783
2.311999999999967,2063.3213909713845
2.3139999999999668,2063.0796797389185
2.3159999999999665,2062.8379263840443
2.3179999999999663,2062.596137374638
2.319999999999966,2062.354317053841
2.321999999999966,2062.1124679698373
2.3239999999999656,2061.8705914000243
2.3259999999999654,2061.6286878754545
2.327999999999965,2061.386757491067
2.329999999999965,2061.1448001196645
2.3319999999999648,2060.9028155520414
2.3339999999999645,2060.6608035408976
2.3359999999999643,2060.418688378895
2.337999999999964,2060.1765872953756
2.339999999999964,2059.9344732151276
2.3419999999999637,2059.6922649298804
2.3439999999999634,2059.4500755459026
2.3459999999999632,2059.207912683681
2.347999999999963,2058.9657855633136
2.349999999999963,2058.723606917499
2.3519999999999626,2058.4814776467997
2.3539999999999623,2058.2393566755327
2.355999999999962,2057.9971527806797
2.357999999999962,2057.7549726224297
2.3599999999999617,2057.5127075669157
2.3619999999999615,2057.2704658118496
2.3639999999999612,2057.028139313223
2.365999999999961,2056.7857609822845
2.367999999999961,2056.5434153044357
2.3699999999999606,2056.3009910637247
2.3719999999999604,2056.0585185115397
2.37399999999996,2055.8160049429075
2.37599999999996,2055.573530575868
2.3779999999999597,2055.3309811567296
2.3799999999999595,2055.0883849405145
2.3819999999999593,2054.8457480799048
2.383999999999959,2054.603074839009
2.385999999999959,2054.3603678431427
2.3879999999999586,2054.1175532038496
2.3899999999999584,2053.8747485827903
2.391999999999958,2053.6319274620755
2.393999999999958,2053.3890842997316
2.3959999999999577,2053.1462149165754
2.3979999999999575,2052.903241241944
2.3999999999999573,2052.6602785265363
2.401999999999957,2052.4172238822603
2.403999999999957,2052.174188261785
2.4059999999999566,2051.9310653973143
2.4079999999999564,2051.687963924733
2.409999999999956,2051.444776234572
2.411999999999956,2051.201610163346
2.4139999999999557,2050.9583577745716
2.4159999999999555,2050.7150515765543
2.4179999999999553,2050.471700446156
2.419999999999955,2050.2283102115193
2.421999999999955,2049.9849594556053
2.4239999999999546,2049.741533188886
2.4259999999999544,2049.4980588426893
2.427999999999954,2049.254542142079
2.429999999999954,2049.010987126641
2.4319999999999538,2048.7673212482546
2.4339999999999535,2048.523662571122
2.4359999999999533,2048.279985151039
2.437999999999953,2048.0362837724324
2.439999999999953,2047.7925543892757
2.4419999999999527,2047.548719204325
2.4439999999999524,2047.3048931571861
2.445999999999952,2047.0609736991655
2.447999999999952,2046.8170714645917
2.4499999999999518,2046.5730805473595
2.4519999999999516,2046.3291092836732
2.4539999999999513,2046.0850504022796
2.455999999999951,2045.8410114714834
2.457999999999951,2045.596884878575
2.4599999999999507,2045.352703035826
2.4619999999999505,2045.108474803565
2.4639999999999502,2044.864206041851
2.46599999999995,2044.6199001916975
2.46799999999995,2044.3756340136315
2.4699999999999496,2044.131291921439
2.4719999999999493,2043.8868257509903
2.473999999999949,2043.6423573339248
2.475999999999949,2043.3978641156034
2.4779999999999487,2043.153343195413
2.4799999999999485,2042.908791942296
2.4819999999999482,2042.6642084275284
2.483999999999948,2042.419516473557
2.485999999999948,2042.1748316454994
2.4879999999999476,2041.930052145508
2.4899999999999474,2041.6852886096592
2.491999999999947,2041.4404355095148
2.493999999999947,2041.1956009574212
2.4959999999999467,2040.950677993763
2.4979999999999465,2040.705773868945
2.4999999999999463,2040.4607813156827
2.501999999999946,2040.215732597208
2.503999999999946,2039.9706365717152
2.5059999999999456,2039.7254990937388
2.5079999999999454,2039.4803984042544
2.509999999999945,2039.2352202435272
2.511999999999945,2038.989991867348
2.5139999999999447,2038.7446441925763
2.5159999999999445,2038.499297358232
2.5179999999999443,2038.2539275131282
2.519999999999944,2038.008530699208
2.521999999999944,2037.7631035638387
2.5239999999999436,2037.5176444574079
2.5259999999999434,2037.2720788142965
2.527999999999943,2037.0265233941695
2.529999999999943,2036.7808778682615
2.5319999999999427,2036.5352533399168
2.5339999999999425,2036.2895450145816
2.5359999999999423,2036.0438608716559
2.537999999999942,2035.798094294466
2.539999999999942,2035.552352184949
2.5419999999999416,2035.3065274821465
2.5439999999999414,2035.0606522357532
2.545999999999941,2034.8148097869603
2.547999999999941,2034.5688900978078
2.5499999999999408,2034.3229228277955
2.5519999999999405,2034.0769152511884
2.5539999999999403,2033.8308725428135
2.55599999999994,2033.584797935942
2.55799999999994,2033.3386932188232
2.5599999999999397,2033.0925592238184
2.5619999999999394,2032.8463962380415
2.563999999999939,2032.6002042308342
2.565999999999939,2032.353983076528
2.5679999999999388,2032.1077325886029
2.5699999999999386,2031.861378030482
2.5719999999999383,2031.6150348392896
2.573999999999938,2031.3686765873704
2.575999999999938,2031.1222232259113
2.5779999999999377,2030.8757861417773
2.5799999999999375,2030.62926182839
2.5819999999999372,2030.3827587573703
2.583999999999937,2030.136171233591
2.585999999999937,2029.8896062702154
2.5879999999999366,2029.6429573181233
2.5899999999999364,2029.3962564498925
2.591999999999936,2029.1495868633615
2.593999999999936,2028.9028388672007
2.5959999999999357,2028.65604204659
2.5979999999999355,2028.4092035040117
2.5999999999999353,2028.162328019027
2.601999999999935,2027.915418424568
2.603999999999935,2027.6684762605937
2.6059999999999346,2027.42150216459
2.6079999999999344,2027.1744963539738
2.609999999999934,2026.9274587890964
2.611999999999934,2026.6803893386962
2.6139999999999337,2026.433287869394
2.6159999999999335,2026.1860798725154
2.6179999999999333,2025.938880481615
2.619999999999933,2025.6916634449835
2.621999999999933,2025.444348979714
2.6239999999999326,2025.197048173865
2.6259999999999324,2024.949657885381
2.627999999999932,2024.7022863013153
2.629999999999932,2024.4548280974038
2.6319999999999317,2024.2073899854859
2.6339999999999315,2023.9598658122704
2.6359999999999313,2023.7122875474943
2.637999999999931,2023.46466394368
2.639999999999931,2023.217000801633
2.6419999999999306,2022.9693757498508
2.6439999999999304,2022.7216755196268
2.64599999999993,2022.4739270074285
2.64799999999993,2022.2261357668162
2.6499999999999297,2021.978305837135
2.6519999999999295,2021.73036549743
2.6539999999999293,2021.4824311677273
2.655999999999929,2021.234477480839
2.657999999999929,2020.9864993649885
2.6599999999999286,2020.7384928737326
2.6619999999999284,2020.4903811388406
2.663999999999928,2020.2422774223353
2.665999999999928,2019.9940806446239
2.6679999999999278,2019.7458999011446
2.6699999999999275,2019.4976308293424
2.6719999999999273,2019.2493802289232
2.673999999999927,2019.0010423996396
2.675999999999927,2018.7526492701443
2.6779999999999267,2018.5042836895202
2.6799999999999264,2018.255836636846
2.681999999999926,2018.0073375256243
2.683999999999926,2017.7587934674493
2.685999999999926,2017.5102092553288
2.6879999999999256,2017.261587779129
2.6899999999999253,2017.012930613416
2.691999999999925,2016.7642384771352
2.693999999999925,2016.5155116283834
2.6959999999999247,2016.2667500861985
2.6979999999999245,2016.0179537949152
2.6999999999999242,2015.7691226357945
2.701999999999924,2015.5201825300624
2.703999999999924,2015.271281089521
2.7059999999999236,2015.0224117788598
2.7079999999999234,2014.7735641019538
2.709999999999923,2014.524647485248
2.711999999999923,2014.2757614189363
2.7139999999999227,2014.0268689608188
2.7159999999999225,2013.7778837377502
2.7179999999999223,2013.5289121017936
2.719999999999922,2013.2798494061205
2.721999999999922,2013.0308022767974
2.7239999999999216,2012.7816657728022
2.7259999999999214,2012.5324720681713
2.727999999999921,2012.283304083173
2.729999999999921,2012.0340533826911
2.7319999999999207,2011.7847493878558
2.7339999999999205,2011.5353992553007
2.7359999999999203,2011.2860078029637
2.73799999999992,2011.0365779679003
2.73999999999992,2010.787111333189
2.7419999999999196,2010.5376086793271
2.7439999999999194,2010.288071183169
2.745999999999919,2010.0385003587658
2.747999999999919,2009.788897475114
2.7499999999999187,2009.5391896331496
2.7519999999999185,2009.2894915386455
2.7539999999999183,2009.0397776149064
2.755999999999918,2008.7899689126464
2.757999999999918,2008.540175595882
2.7599999999999176,2008.2903691390486
2.7619999999999174,2008.0404688991396
2.763999999999917,2007.7905103498667
2.765999999999917,2007.5405786980525
2.7679999999999167,2007.2905673805953
2.7699999999999165,2007.0405803423362
2.7719999999999163,2006.7905110417644
2.773999999999916,2006.5403902336202
2.775999999999916,2006.2902260601488
2.7779999999999156,2006.040024004544
2.7799999999999154,2005.7897873398613
2.781999999999915,2005.539517809023
2.783999999999915,2005.2892161759398
2.7859999999999148,2005.0388826900262
2.7879999999999145,2004.7885173391203
2.7899999999999143,2004.5381200081836
2.791999999999914,2004.2876905379858
2.793999999999914,2004.037229060513
2.7959999999999137,2003.786662177479
2.7979999999999134,2003.5361039559477
2.7999999999999132,2003.2855287789382
2.801999999999913,2003.0348578785488
2.803999999999913,2002.7842011041416
2.8059999999999126,2002.53345650665
2.8079999999999123,2002.2827310452144
2.809999999999912,2002.0319206161423
2.811999999999912,2001.78105715347
2.8139999999999117,2001.5302229736767
2.8159999999999115,2001.2793101545246
2.8179999999999112,2001.0283477174169
2.819999999999911,2000.7773426304527
2.821999999999911,2000.5263731140608
2.8239999999999106,2000.2753282981018
2.8259999999999104,2000.0242353528815
2.82799999999991,1999.7731001249456
2.82999999999991,1999.5219268092274
2.8319999999999097,1999.270644527463
2.8339999999999095,1999.0193683194202
2.8359999999999093,1998.7680732774443
2.837999999999909,1998.516754460872
2.839999999999909,1998.2653345160063
2.8419999999999086,1998.0139243009376
2.8439999999999084,1997.7624965657583
2.845999999999908,1997.5109717637442
2.847999999999908,1997.259458975689
2.8499999999999077,1997.0078563804975
2.8519999999999075,1996.7562705992846
2.8539999999999073,1996.504597889047
2.855999999999907,1996.2528700937032
2.857999999999907,1996.0011694247867
2.8599999999999066,1995.7493883051582
2.8619999999999064,1995.4975557112277
2.863999999999906,1995.2456786235045
2.865999999999906,1994.9937617726505
2.8679999999999057,1994.7418080272982
2.8699999999999055,1994.489818945499
2.8719999999999053,1994.23779522614
2.873999999999905,1993.9857371253843
2.875999999999905,1993.7336446629863
2.8779999999999046,1993.481517758977
2.8799999999999044,1993.2292830256747
2.881999999999904,1992.9770536040564
2.883999999999904,1992.724803916827
2.8859999999999038,1992.4724554703173
2.8879999999999035,1992.220117486604
2.8899999999999033,1991.9676885894446
2.891999999999903,1991.7152751983144
2.893999999999903,1991.4627738270192
2.8959999999999027,1991.2102162344677
2.8979999999999024,1990.9576844207638
2.899999999999902,1990.7050710974966
2.901999999999902,1990.4524051463004
2.9039999999999018,1990.1996935277375
2.9059999999999016,1989.9469409981962
2.9079999999999013,1989.6941504403749
2.909999999999901,1989.441323416549
2.911999999999901,1989.1884606619005
2.9139999999999007,1988.9355624454686
2.9159999999999004,1988.6826287983865
2.9179999999999002,1988.4296596717709
2.9199999999999,1988.1766549715317
2.9219999999999,1987.9235415093578
2.9239999999998996,1987.6704321516738
2.9259999999998993,1987.4172283736245
2.927999999999899,1987.164037909101
2.929999999999899,1986.9108314189411
2.9319999999998987,1986.6575280920124
2.9339999999998985,1986.4041622218754
2.9359999999998982,1986.1508178543609
2.937999999999898,1985.8973894915139
2.939999999999898,1985.6439068752359
2.9419999999998976,1985.390377498698
2.9439999999998974,1985.1368793878014
2.945999999999897,1984.883302747734
2.947999999999897,1984.629674527228
2.9499999999998967,1984.376000584994
2.9519999999998965,1984.122212135224
2.9539999999998963,1983.8684245190216
2.955999999999896,1983.614613903306
2.957999999999896,1983.3607759197398
2.9599999999998956,1983.1069069736704
2.9619999999998954,1982.8529317431878
2.963999999999895,1982.598962383867
2.965999999999895,1982.344974022791
2.9679999999998947,1982.090889228474
2.9699999999998945,1981.8368172007367
2.9719999999998943,1981.5826575064868
2.973999999999894,1981.3284433321114
2.975999999999894,1981.074257311342
2.9779999999998936,1980.8199931773609
2.9799999999998934,1980.565679824594
2.981999999999893,1980.3113970763025
2.983999999999893,1980.057037104616
2.9859999999998927,1979.8026279601258
2.9879999999998925,1979.5481762315626
2.9899999999998923,1979.2936864657722
2.991999999999892,1979.0391614665043
2.993999999999892,1978.7846027531307
2.9959999999998916,1978.530011034138
2.9979999999998914,1978.2753865439406
2.999999999999891,1978.0206564997418
3.001999999999891,1977.7659331853952
3.0039999999998908,1977.5111912568445
3.0059999999998905,1977.2564254815313
3.0079999999998903,1977.0015591004333
3.00999999999989,1976.746701725389
3.01199999999989,1976.4917537743493
3.0139999999998897,1976.2368215460253
3.0159999999998894,1975.9818027557083
3.017999999999889,1975.726729074088
3.019999999999889,1975.471682009931
3.0219999999998888,1975.216555175452
3.0239999999998886,1974.9613771346435
3.0259999999998883,1974.706154746251
3.027999999999888,1974.4508927357176
3.029999999999888,1974.1956667730653
3.0319999999998877,1973.9403665677364
3.0339999999998875,1973.6850182285953
3.0359999999998872,1973.4295545841899
3.037999999999887,1973.1740917604575
3.039999999999887,1972.9186071965585
3.0419999999998866,1972.6630972699306
3.0439999999998864,1972.4075720540377
3.045999999999886,1972.152065322121
3.047999999999886,1971.8965046528224
3.0499999999998857,1971.640990295359
3.0519999999998855,1971.3854838156865
3.0539999999998853,1971.1299692284529
3.055999999999885,1970.8744349986198
3.057999999999885,1970.618801174758
3.0599999999998846,1970.3631753898046
3.0619999999998844,1970.1074578177966
3.063999999999884,1969.8517542549635
3.065999999999884,1969.5959628930632
3.0679999999998837,1969.3401153592745
3.0699999999998835,1969.0842930851024
3.0719999999998833,1968.82839015074
3.073999999999883,1968.5724350569544
3.075999999999883,1968.3164346825324
3.0779999999998826,1968.0604661999257
3.0799999999998824,1967.8044206997108
3.081999999999882,1967.5483247148604
3.083999999999882,1967.2921840138165
3.0859999999998817,1967.0359302665197
3.0879999999998815,1966.779677791961
3.0899999999998813,1966.5234030759427
3.091999999999881,1966.2671018320505
3.093999999999881,1966.0107705023693
3.0959999999998806,1965.754334158782
3.0979999999998804,1965.4979028416035
3.09999999999988,1965.2413782890967
3.10199999999988,1964.984866612123
3.1039999999998797,1964.728266389262
3.1059999999998795,1964.47168151346
3.1079999999998793,1964.215009243711
3.109999999999879,1963.9582803416488
3.111999999999879,1963.7015755952789
3.1139999999998786,1963.4447891632872
3.1159999999998784,1963.1879493552556
3.117999999999878,1962.9310629959277
3.119999999999878,1962.6741347889629
3.1219999999998778,1962.4171676163326
3.1239999999998775,1962.1601630490868
3.1259999999998773,1961.9031218674534
3.127999999999877,1961.646044354301
3.129999999999877,1961.388930551422
3.1319999999998767,1961.1317081351135
3.1339999999998764,1960.8744884051746
3.135999999999876,1960.6172464025663
3.137999999999876,1960.3599048036092
3.139999999999876,1960.1025710594529
3.1419999999998756,1959.8451454581727
3.1439999999998753,1959.5877327275289
3.145999999999875,1959.3302310937356
3.147999999999875,1959.0726716525564
3.1499999999998747,1958.815063048806
3.1519999999998745,1958.557483261014
3.1539999999998742,1958.29982449215
3.155999999999874,1958.0421134118499
3.157999999999874,1957.7843558701022
3.1599999999998736,1957.5265560268676
3.1619999999998734,1957.2687164525794
3.163999999999873,1957.0108386528
3.165999999999873,1956.7529233501552
3.1679999999998727,1956.4948987240575
3.1699999999998725,1956.236875981081
3.1719999999998723,1955.9788303104572
3.173999999999872,1955.7207566661018
3.175999999999872,1955.4625790757154
3.1779999999998716,1955.2044059557861
3.1799999999998714,1954.9461389075948
3.181999999999871,1954.6878837187346
3.183999999999871,1954.4295404176246
3.1859999999998707,1954.171141262322
3.1879999999998705,1953.9127678073708
3.1899999999998703,1953.6543153615378
3.19199999999987,1953.3958123627654
3.19399999999987,1953.1372657224827
3.1959999999998696,1952.8786801229926
3.1979999999998694,1952.6200584096423
3.199999999999869,1952.3614020964872
3.201999999999869,1952.1027118857633
3.2039999999998687,1951.843988009369
3.2059999999998685,1951.5852304405341
3.2079999999998683,1951.3264390841875
3.209999999999868,1951.0675418488286
3.211999999999868,1950.8086494322238
3.2139999999998676,1950.5497370015148
3.2159999999998674,1950.2907275752452
3.217999999999867,1950.031728005311
3.219999999999867,1949.772639068178
3.2219999999998667,1949.513564922148
3.2239999999998665,1949.2544042849192
3.2259999999998663,1948.9951879828293
3.227999999999866,1948.7359964784557
3.229999999999866,1948.4767248033472
3.2319999999998656,1948.2174009955645
3.2339999999998654,1947.9580318176916
3.235999999999865,1947.698621894211
3.237999999999865,1947.439174080067
3.2399999999998648,1947.179689923281
3.2419999999998645,1946.920170162245
3.2439999999998643,1946.660615076372
3.245999999999864,1946.4010246614791
3.247999999999864,1946.14139885472
3.2499999999998637,1945.8817375548895
3.2519999999998634,1945.6219688232165
3.2539999999998632,1945.3622031068137
3.255999999999863,1945.1023439158164
3.257999999999863,1944.842496773899
3.2599999999998626,1944.5825614796331
3.2619999999998623,1944.3226411700434
3.263999999999862,1944.0626343933166
3.265999999999862,1943.8026434239328
3.2679999999998617,1943.5425663108572
3.2699999999998615,1943.2824332853047
3.2719999999998612,1943.0222526754405
3.273999999999861,1942.7620301105142
3.275999999999861,1942.5017689902832
3.2779999999998606,1942.2414711448369
3.2799999999998604,1941.9811374444544
3.28199999999986,1941.7207681884845
3.28399999999986,1941.46036340628
3.2859999999998597,1941.1999229914163
3.2879999999998595,1940.939446812756
3.2899999999998593,1940.6788630834064
3.291999999999859,1940.4182819554885
3.293999999999859,1940.1576788225736
3.2959999999998586,1939.8969770833203
3.2979999999998584,1939.6362830922033
3.299999999999858,1939.375498120879
3.301999999999858,1939.1146542595268
3.3039999999998577,1938.8538325119257
3.3059999999998575,1938.5929289189562
3.3079999999998573,1938.3319715950558
3.309999999999857,1938.0709673669144
3.311999999999857,1937.809992460305
3.3139999999998566,1937.5489396172072
3.3159999999998564,1937.2878348346742
3.317999999999856,1937.0266837427207
3.319999999999856,1936.765418852968
3.3219999999998557,1936.504152802849
3.3239999999998555,1936.242862647333
3.3259999999998553,1935.9815442485076
3.327999999999855,1935.7201941260425
3.329999999999855,1935.4587383340559
3.3319999999998546,1935.1972852313072
3.3339999999998544,1934.9357380373458
3.335999999999854,1934.6742013105495
3.337999999999854,1934.4125751902282
3.3399999999998538,1934.1509620595448
3.3419999999998535,1933.8892607147995
3.3439999999998533,1933.6275013127567
3.345999999999853,1933.3656921791428
3.347999999999853,1933.1039103613255
3.3499999999998527,1932.8420494221443
3.3519999999998524,1932.5801355525896
3.353999999999852,1932.3181745041202
3.355999999999852,1932.0561703737737
3.3579999999998518,1931.7940543731845
3.3599999999998515,1931.5319377425337
3.3619999999998513,1931.2697969152869
3.363999999999851,1931.007627323135
3.365999999999851,1930.7454252895498
3.3679999999998507,1930.4831221824497
3.3699999999998504,1930.2208683271483
3.3719999999998502,1929.9586430306433
3.37399999999985,1929.696359730697
3.37599999999985,1929.4341112343268
3.3779999999998496,1929.171859523288
3.3799999999998493,1928.9095188947674
3.381999999999849,1928.6471891950687
3.383999999999849,1928.3847689134911
3.3859999999998487,1928.1222882336629
3.3879999999998485,1927.859827086116
3.3899999999998482,1927.5972818896848
3.391999999999848,1927.334680613156
3.393999999999848,1927.0720301466083
3.3959999999998476,1926.8093352536466
3.3979999999998474,1926.5465989146153
3.399999999999847,1926.2838232675224
3.401999999999847,1926.0210100819274
3.4039999999998467,1925.758160565387
3.4059999999998465,1925.495275439667
3.4079999999998463,1925.2323550680346
3.409999999999846,1924.9693284140621
3.411999999999846,1924.7063048528714
3.4139999999998456,1924.4432601458368
3.4159999999998454,1924.1801181797916
3.417999999999845,1923.91698446974
3.419999999999845,1923.6537610280225
3.4219999999998447,1923.3905507179315
3.4239999999998445,1923.1272535331884
3.4259999999998443,1922.8638997868527
3.427999999999844,1922.6004979174077
3.429999999999844,1922.337124709783
3.4319999999998436,1922.0736742975548
3.4339999999998434,1921.8101726748005
3.435999999999843,1921.5466254903733
3.437999999999843,1921.2830367822687
3.4399999999998427,1921.0194090894026
3.4419999999998425,1920.75574385423
3.4439999999998423,1920.4919707079468
3.445999999999842,1920.228199096415
3.447999999999842,1919.9642619641415
3.4499999999998416,1919.7004224683258
3.4519999999998414,1919.4364883715625
3.453999999999841,1919.1725634973009
3.455999999999841,1918.90854901757
3.4579999999998408,1918.6445468784211
3.4599999999998405,1918.3804569057227
3.4619999999998403,1918.1163091044668
3.46399999999984,1917.8521828017872
3.46599999999984,1917.5879746289013
3.4679999999998397,1917.3237120719102
3.4699999999998394,1917.0594017751596
3.471999999999839,1916.795048326905
3.473999999999839,1916.5306546022207
3.4759999999998388,1916.2662221683804
3.4779999999998386,1916.0017517930412
3.4799999999998383,1915.7372437851805
3.481999999999838,1915.472698181308
3.483999999999838,1915.208114923553
3.4859999999998377,1914.943423011022
3.4879999999998375,1914.678731309249
3.4899999999998372,1914.4139450473722
3.491999999999837,1914.149168379784
3.493999999999837,1913.8843028122049
3.4959999999998366,1913.6194498725815
3.4979999999998364,1913.3545094444914
3.499999999999836,1913.0895112885337
3.501999999999836,1912.824534422196
3.5039999999998357,1912.5594756533037
3.5059999999998355,1912.294362327792
3.5079999999998353,1912.0292010587682
3.509999999999835,1911.7639964151824
3.511999999999835,1911.4987512426762
3.5139999999998346,1911.2334671047067
3.5159999999998344,1910.968144791528
3.517999999999834,1910.7027845940825
3.519999999999834,1910.43731579284
3.5219999999998337,1910.1718469385407
3.5239999999998335,1909.9063539778517
3.5259999999998333,1909.6407613074157
3.527999999999833,1909.3751737151401
3.529999999999833,1909.1094939105678
3.5319999999998326,1908.8438240773391
3.5339999999998324,1908.5780649656197
3.535999999999832,1908.3122466074701
3.537999999999832,1908.0464481475651
3.5399999999998317,1907.7805667482835
3.5419999999998315,1907.5146297420652
3.5439999999998313,1907.2486437631358
3.545999999999831,1906.9826133917363
3.547999999999831,1906.7165414861374
3.5499999999998306,1906.4504296398338
3.5519999999998304,1906.184278633173
3.55399999999983,1905.918088767739
3.55599999999983,1905.6518601292353
3.5579999999998297,1905.385522010818
3.5599999999998295,1905.119182690214
3.5619999999998293,1904.8527476081
3.563999999999829,1904.5863202785083
3.565999999999829,1904.3198024868816
3.5679999999998286,1904.0532952136853
3.5699999999998284,1903.7866987482985
3.571999999999828,1903.5200426512467
3.573999999999828,1903.253405637149
3.5759999999998278,1902.986685003324
3.5779999999998275,1902.7199079564882
3.5799999999998273,1902.4530810961385
3.581999999999827,1902.1862090039901
3.583999999999827,1901.9192945491704
3.5859999999998267,1901.6523393424532
3.5879999999998264,1901.3853441774822
3.589999999999826,1901.1183093745797
3.591999999999826,1900.8511645168714
3.593999999999826,1900.5840176845736
3.5959999999998256,1900.3168450225817
3.5979999999998253,1900.0495712492188
3.599999999999825,1899.782300688939
3.601999999999825,1899.5149365357781
3.6039999999998247,1899.2475100779172
3.6059999999998245,1898.980101019404
3.6079999999998242,1898.7126074834694
3.609999999999824,1898.4450568917475
3.611999999999824,1898.1774559504768
3.6139999999998236,1897.909879696029
3.6159999999998234,1897.6422231500442
3.617999999999823,1897.3745123523229
3.619999999999823,1897.1066832212498
3.6219999999998227,1896.838848367242
3.6239999999998225,1896.5709871127342
3.6259999999998223,1896.303096518496
3.627999999999822,1896.0351738019112
3.629999999999822,1895.7671464682646
3.6319999999998216,1895.4991209362054
3.6339999999998214,1895.2310022406432
3.635999999999821,1894.9628930034114
3.637999999999821,1894.6946952246058
3.6399999999998207,1894.4265093325475
3.6419999999998205,1894.158236026121
3.6439999999998203,1893.8899046335237
3.64599999999982,1893.6215935766445
3.64799999999982,1893.3532005985026
3.6499999999998196,1893.0847526991531
3.6519999999998194,1892.8162564154711
3.653999999999819,1892.5472566367703
3.655999999999819,1892.2787389937494
3.6579999999998187,1892.0101706512514
3.6599999999998185,1891.7415482437025
3.6619999999998183,1891.4728037067337
3.663999999999818,1891.204048355746
3.665999999999818,1890.9352619756721
3.6679999999998176,1890.666372194165
3.6699999999998174,1890.3974846136311
3.671999999999817,1890.1285038895949
3.673999999999817,1889.8595318697476
3.6759999999998167,1889.5904704475251
3.6779999999998165,1889.321456947332
3.6799999999998163,1889.052406261623
3.681999999999816,1888.7834115398027
3.683999999999816,1888.5143612673967
3.6859999999998156,1888.2452729209315
3.6879999999998154,1887.976215791016
3.689999999999815,1887.7070819795067
3.691999999999815,1887.4378948345184
3.6939999999998148,1887.1686588970372
3.6959999999998145,1886.8993777818905
3.6979999999998143,1886.6300539604467
3.699999999999814,1886.3606889376947
3.701999999999814,1886.091283542312
3.7039999999998137,1885.8218381609308
3.7059999999998134,1885.5522828581256
3.7079999999998132,1885.2827249617742
3.709999999999813,1885.0131409851952
3.711999999999813,1884.7434563450838
3.7139999999998126,1884.4737747853935
3.7159999999998123,1884.204000338327
3.717999999999812,1883.9342341098272
3.719999999999812,1883.6643780413026
3.7219999999998117,1883.3944617608608
3.7239999999998115,1883.124493586226
3.7259999999998112,1882.8545491315379
3.727999999999811,1882.5845246342515
3.729999999999811,1882.3144454296782
3.7319999999998106,1882.0443170462802
3.7339999999998104,1881.7741434394259
3.73599999999981,1881.503857214693
3.73799999999981,1881.233566945464
3.7399999999998097,1880.9632499331342
3.7419999999998095,1880.6929018458377
3.7439999999998093,1880.4224491965217
3.745999999999809,1880.1519965133834
3.747999999999809,1879.8814488374092
3.7499999999998086,1879.610907616106
3.7519999999998084,1879.3402753854068
3.753999999999808,1879.0696517993733
3.755999999999808,1878.7989382440742
3.7579999999998077,1878.5281638001586
3.7599999999998075,1878.257336515586
3.7619999999998073,1877.9864619350683
3.763999999999807,1877.7156132988075
3.765999999999807,1877.4446855560745
3.7679999999998066,1877.1736331672055
3.7699999999998064,1876.9025679885954
3.771999999999806,1876.6314703756768
3.773999999999806,1876.3603381405687
3.7759999999998057,1876.0891690867138
3.7779999999998055,1875.8178916861357
3.7799999999998053,1875.5466115717834
3.781999999999805,1875.2752348650965
3.783999999999805,1875.0038633257395
3.7859999999998046,1874.7323999725418
3.7879999999998044,1874.4608746004578
3.789999999999804,1874.1893654199507
3.791999999999804,1873.9177713623728
3.7939999999998038,1873.6461191848368
3.7959999999998035,1873.3744153692592
3.7979999999998033,1873.1026644408223
3.799999999999803,1872.8308692407074
3.801999999999803,1872.559031365326
3.8039999999998027,1872.2871516140222
3.8059999999998024,1872.015230304071
3.807999999999802,1871.7431978337017
3.809999999999802,1871.4711607825197
3.8119999999998018,1871.1990958153133
3.8139999999998015,1870.9269285713494
3.8159999999998013,1870.6547619438923
3.817999999999801,1870.382500457694
3.819999999999801,1870.1102445041524
3.8219999999998007,1869.8378966483106
3.8239999999998004,1869.565486237949
3.8259999999998002,1869.2930215555073
3.8279999999998,1869.0205082177079
3.8299999999998,1868.7479496704436
3.8319999999997996,1868.475348056166
3.8339999999997993,1868.2027049285007
3.835999999999799,1867.930021362716
3.837999999999799,1867.6572979752477
3.8399999999997987,1867.3845350706847
3.8419999999997985,1867.1117327727336
3.8439999999997982,1866.8388214987308
3.845999999999798,1866.5659075939686
3.847999999999798,1866.2928982163276
3.8499999999997976,1866.019895056489
3.8519999999997974,1865.7468017012343
3.853999999999797,1865.473717339904
3.855999999999797,1865.2005440147616
3.8579999999997967,1864.9273105380305
3.8599999999997965,1864.654024859792
3.8619999999997963,1864.3807619498887
3.863999999999796,1864.1074188578516
3.865999999999796,1863.8340205833038
3.8679999999997956,1863.560572583171
3.8699999999997954,1863.2870093206725
3.871999999999795,1863.0134395481016
3.873999999999795,1862.7398415772388
3.8759999999997947,1862.466211604173
3.8779999999997945,1862.192476861252
3.8799999999997943,1861.9187411203388
3.881999999999794,1861.6449796688853
3.883999999999794,1861.3711175786527
3.8859999999997936,1861.0971874260995
3.8879999999997934,1860.8232694523056
3.889999999999793,1860.5492649136754
3.891999999999793,1860.2752014348675
3.8939999999997927,1860.001155411791
3.8959999999997925,1859.7270256063362
3.8979999999997923,1859.452838030636
3.899999999999792,1859.1785988631539
3.901999999999792,1858.9043124971313
3.9039999999997916,1858.6299123456567
3.9059999999997914,1858.355505996615
3.907999999999791,1858.0810711837362
3.909999999999791,1857.8066036871355
3.9119999999997908,1857.5320306730314
3.9139999999997905,1857.2574555546453
3.9159999999997903,1856.9827843730934
3.91799999999979,1856.7081175310896
3.91999999999979,1856.4333585914376
3.9219999999997897,1856.1586061607275
3.9239999999997894,1855.8837626841746
3.925999999999789,1855.6088568343635
3.927999999999789,1855.3338966941476
3.9299999999997888,1855.0588879323384
3.9319999999997886,1854.783834064576
3.9339999999997883,1854.5087370855658
3.935999999999788,1854.233597982875
3.937999999999788,1853.958417156897
3.9399999999997877,1853.6831946909742
3.9419999999997875,1853.4078613158022
3.9439999999997872,1853.132522658461
3.945999999999787,1852.8571556395968
3.947999999999787,1852.5816864213896
3.9499999999997866,1852.3062170245066
3.9519999999997864,1852.0306527664102
3.953999999999786,1851.7550240287937
3.955999999999786,1851.479409002748
3.9579999999997857,1851.2037081124683
3.9599999999997855,1850.9279479467727
3.9619999999997852,1850.6521350245532
3.963999999999785,1850.3762738858798
3.965999999999785,1850.100367344753
3.9679999999997846,1849.8244169985987
3.9699999999997844,1849.5484242206705
3.971999999999784,1849.272434368518
3.973999999999784,1848.9964539693478
3.9759999999997837,1848.720474043376
3.9779999999997835,1848.4444128676412
3.9799999999997833,1848.1683646581052
3.981999999999783,1847.8922982009597
3.983999999999783,1847.6162035023963
3.9859999999997826,1847.3400046540805
3.9879999999997824,1847.0638028315252
3.989999999999782,1846.7875037102006
3.991999999999782,1846.5111379442708
3.9939999999997817,1846.2347839453246
3.9959999999997815,1845.958342695827
3.9979999999997813,1845.6818409314012
3.999999999999781,1845.4052852713858
4.001999999999781,1845.1286803242251
4.003999999999781,1844.8520289563323
4.005999999999781,1844.5753327935354
4.007999999999781,1844.298592637523
4.00999999999978,1844.0218088195543
4.01199999999978,1843.7449814149786
4.01399999999978,1843.4680414369388
4.01599999999978,1843.19109404046
4.0179999999997795,1842.9141163465931
4.019999999999779,1842.637034844609
4.021999999999779,1842.359882211852
4.023999999999779,1842.0827383120698
4.025999999999779,1841.8055054061176
4.027999999999778,1841.528210801896
4.029999999999778,1841.2508614804856
4.031999999999778,1840.9735311133388
4.033999999999778,1840.6961175105348
4.0359999999997775,1840.41864509166
4.037999999999777,1840.141050266752
4.039999999999777,1839.8634419988107
4.041999999999777,1839.585800072798
4.043999999999777,1839.3081215133684
4.045999999999776,1839.0303349384762
4.047999999999776,1838.7525438434873
4.049999999999776,1838.4747246550548
4.051999999999776,1838.1968036841483
4.053999999999776,1837.918813347667
4.055999999999775,1837.6408333668164
4.057999999999775,1837.3627661720852
4.059999999999775,1837.0846390097572
4.061999999999775,1836.8064588451261
4.0639999999997745,1836.5282992095204
4.065999999999774,1836.250058110755
4.067999999999774,1835.9716911064475
4.069999999999774,1835.6933083279864
4.071999999999774,1835.4148909442495
4.073999999999773,1835.136436985645
4.075999999999773,1834.8579443688132
4.077999999999773,1834.5793426552095
4.079999999999773,1834.3007354563485
4.0819999999997725,1834.0220306192687
4.083999999999772,1833.7433279980344
4.085999999999772,1833.4645324289704
4.087999999999772,1833.1857416203961
4.089999999999772,1832.9068590733602
4.091999999999771,1832.627913015187
4.093999999999771,1832.3489113027697
4.095999999999771,1832.069859367294
4.097999999999771,1831.7907605637686
4.0999999999997705,1831.511616758546
4.10199999999977,1831.2324288794146
4.10399999999977,1830.9531972857083
4.10599999999977,1830.6739220527675
4.10799999999977,1830.39453449332
4.109999999999769,1830.1151391362096
4.111999999999769,1829.8357132710346
4.113999999999769,1829.556183750613
4.115999999999769,1829.2766515426886
4.1179999999997685,1828.9970229536987
4.119999999999768,1828.7173279417286
4.121999999999768,1828.4375754456669
4.123999999999768,1828.1578400709705
4.125999999999768,1827.8780209528777
4.127999999999767,1827.5981426633343
4.129999999999767,1827.3182106129811
4.131999999999767,1827.0382286899217
4.133999999999767,1826.7581308942133
4.1359999999997665,1826.4780231449326
4.137999999999766,1826.197883670539
4.139999999999766,1825.9177084450184
4.141999999999766,1825.6374256708125
4.143999999999766,1825.3571374144408
4.145999999999765,1825.076751153153
4.147999999999765,1824.7963659715879
4.149999999999765,1824.5158868518197
4.151999999999765,1824.2353425750953
4.1539999999997645,1823.9547413323749
4.155999999999764,1823.674088730155
4.157999999999764,1823.3934566334667
4.159999999999764,1823.1127426182516
4.161999999999764,1822.8319016741127
4.1639999999997634,1822.5510428522293
4.165999999999763,1822.270147256937
4.167999999999763,1821.989212876814
4.169999999999763,1821.7081692018965
4.171999999999763,1821.4271187601023
4.173999999999762,1821.1460379058606
4.175999999999762,1820.8648530928485
4.177999999999762,1820.5835961624223
4.179999999999762,1820.3023461390178
4.1819999999997615,1820.0210061543564
4.183999999999761,1819.7396031389771
4.185999999999761,1819.4581439942035
4.187999999999761,1819.1766334653998
4.189999999999761,1818.895142838498
4.19199999999976,1818.6135013408814
4.19399999999976,1818.3318362654152
4.19599999999976,1818.0501299275913
4.19799999999976,1817.7683815235914
4.1999999999997595,1817.4865216348326
4.201999999999759,1817.2046532902236
4.203999999999759,1816.9227533420167
4.205999999999759,1816.640748609316
4.207999999999759,1816.358670991498
4.209999999999758,1816.0765994541673
4.211999999999758,1815.7944373366938
4.213999999999758,1815.5122115004365
4.215999999999758,1815.2299288451227
4.2179999999997575,1814.9475941197252
4.219999999999757,1814.6652102597802
4.221999999999757,1814.3827789332151
4.223999999999757,1814.1003009338874
4.225999999999757,1813.817776602691
4.227999999999756,1813.5352060049584
4.229999999999756,1813.2525209163518
4.231999999999756,1812.9698250873887
4.233999999999756,1812.6870279263364
4.2359999999997555,1812.404228809774
4.237999999999755,1812.1213336662895
4.239999999999755,1811.8384394074264
4.241999999999755,1811.5554505073037
4.243999999999755,1811.2723948577823
4.245999999999754,1810.9892802573054
4.247999999999754,1810.7061121122806
4.249999999999754,1810.4229117446032
4.251999999999754,1810.1397108979997
4.2539999999997535,1809.8565111500634
4.255999999999753,1809.5733027443569
4.257999999999753,1809.2900742278644
4.259999999999753,1809.006815915014
4.261999999999753,1808.7235211539942
4.263999999999752,1808.4401856058205
4.265999999999752,1808.156806858548
4.267999999999752,1807.8733153541384
4.269999999999752,1807.5898139765693
4.2719999999997516,1807.3062121963085
4.273999999999751,1807.0226091204822
4.275999999999751,1806.7389109820715
4.277999999999751,1806.4551465058346
4.279999999999751,1806.1713239398769
4.2819999999997505,1805.887448883737
4.28399999999975,1805.6035247536327
4.28599999999975,1805.3195534448855
4.28799999999975,1805.0355358711813
4.28999999999975,1804.7514723604008
4.291999999999749,1804.4673629791546
4.293999999999749,1804.1832076374224
4.295999999999749,1803.898938255662
4.297999999999749,1803.6146580985119
4.2999999999997485,1803.3302769392355
4.301999999999748,1803.045893697114
4.303999999999748,1802.7614147224717
4.305999999999748,1802.4769365227623
4.307999999999748,1802.1923639304139
4.309999999999747,1801.9077246628294
4.311999999999747,1801.623026458538
4.313999999999747,1801.3382746936823
4.315999999999747,1801.0534726891112
4.3179999999997465,1800.7686223319172
4.319999999999746,1800.4837245628323
4.321999999999746,1800.1987119090759
4.323999999999746,1799.9136876646305
4.325999999999746,1799.6286296716696
4.327999999999745,1799.3434656535032
4.329999999999745,1799.0582952183995
4.331999999999745,1798.7730258908414
4.333999999999745,1798.4877549019232
4.3359999999997445,1798.2023879261708
4.337999999999744,1797.916953017624
4.339999999999744,1797.6314581648953
4.341999999999744,1797.3459088482432
4.343999999999744,1797.0603085006107
4.345999999999743,1796.77465903542
4.347999999999743,1796.4889615084926
4.349999999999743,1796.2032164201191
4.351999999999743,1795.917356219712
4.3539999999997425,1795.631483977502
4.355999999999742,1795.3455775841164
4.357999999999742,1795.0595649211152
4.359999999999742,1794.7734776835748
4.361999999999742,1794.4873943196476
4.363999999999741,1794.2012191566312
4.365999999999741,1793.9149787404842
4.367999999999741,1793.628747573065
4.369999999999741,1793.3424274264298
4.3719999999997405,1793.0560432196842
4.37399999999974,1792.7695332083604
4.37599999999974,1792.483004573187
4.37799999999974,1792.1964380604854
4.37999999999974,1791.9098309554504
4.381999999999739,1791.6231806175335
4.383999999999739,1791.3364173282355
4.385999999999739,1791.049642496396
4.387999999999739,1790.7627655956924
4.3899999999997386,1790.4758169819174
4.391999999999738,1790.1888737297033
4.393999999999738,1789.9018393829315
4.395999999999738,1789.614739742565
4.397999999999738,1789.327581210378
4.3999999999997375,1789.040368259724
4.401999999999737,1788.7531037050635
4.403999999999737,1788.4657891474785
4.405999999999737,1788.1784253930111
4.407999999999737,1787.890945210012
4.409999999999736,1787.603451356638
4.411999999999736,1787.3159218682554
4.413999999999736,1787.0282848230954
4.415999999999736,1786.7406393378426
4.4179999999997355,1786.4528934381322
4.419999999999735,1786.165076342581
4.421999999999735,1785.8772643592952
4.423999999999735,1785.5893608549839
4.425999999999735,1785.3013914125445
4.427999999999734,1785.0133623325878
4.429999999999734,1784.7252780745425
4.431999999999734,1784.437141453514
4.433999999999734,1784.1488866002376
4.4359999999997335,1783.860616858425
4.437999999999733,1783.5723107126478
4.439999999999733,1783.2838965132742
4.441999999999733,1782.9954732763847
4.443999999999733,1782.7069491863822
4.445999999999732,1782.41835339388
4.447999999999732,1782.129762095865
4.449999999999732,1781.8410787924274
4.451999999999732,1781.5523290050483
4.4539999999997315,1781.2635190067895
4.455999999999731,1780.974653269026
4.457999999999731,1780.6857346034137
4.459999999999731,1780.396764625202
4.461999999999731,1780.1077441417744
4.46399999999973,1779.8186061520744
4.46599999999973,1779.5294531062182
4.46799999999973,1779.2401961564885
4.46999999999973,1778.950933717341
4.4719999999997295,1778.6615734934508
4.473999999999729,1778.3722112621897
4.475999999999729,1778.082753027626
4.477999999999729,1777.793226176934
4.479999999999729,1777.5036383970858
4.481999999999728,1777.213995033482
4.483999999999728,1776.9242994164156
4.485999999999728,1776.6345534075997
4.487999999999728,1776.3447579460608
4.4899999999997275,1776.0549133815434
4.491999999999727,1775.7649525188715
4.493999999999727,1775.474977439625
4.495999999999727,1775.1848990195429
4.497999999999727,1774.8948150115411
4.499999999999726,1774.6046328722377
4.501999999999726,1774.3144479502514
4.503999999999726,1774.0241662162857
4.505999999999726,1773.733814909448
4.507999999999726,1773.4434016595085
4.509999999999725,1773.1529317888164
4.511999999999725,1772.8624086280004
4.513999999999725,1772.5718340580022
4.515999999999725,1772.2812391035977
4.5179999999997245,1771.9906433868928
4.519999999999724,1771.70004359617
4.521999999999724,1771.4094286946151
4.523999999999724,1771.1187199866724
4.525999999999724,1770.8280101091195
4.527999999999723,1770.5372708702773
4.529999999999723,1770.2464267640878
4.531999999999723,1769.955573866876
4.533999999999723,1769.6646197054704
4.5359999999997225,1769.3735926854392
4.537999999999722,1769.0825013690921
4.539999999999722,1768.7914188107068
4.541999999999722,1768.5002468864052
4.543999999999722,1768.2090093278512
4.545999999999721,1767.917711418931
4.547999999999721,1767.626289939698
4.549999999999721,1767.3348492571208
4.551999999999721,1767.0433693459254
4.5539999999997205,1766.751779778966
4.55599999999972,1766.4601792913047
4.55799999999972,1766.16847695669
4.55999999999972,1765.8767687491354
4.56199999999972,1765.5849616870344
4.563999999999719,1765.2930832619252
4.565999999999719,1765.001208350651
4.567999999999719,1764.709240691587
4.569999999999719,1764.4172052406127
4.5719999999997185,1764.1251081215457
4.573999999999718,1763.8328866946554
4.575999999999718,1763.5406453824041
4.577999999999718,1763.2483642261313
4.579999999999718,1762.956039856676
4.581999999999717,1762.6636022322261
4.583999999999717,1762.3711506433851
4.585999999999717,1762.0785950040251
4.587999999999717,1761.7859647603816
4.5899999999997165,1761.4932690064538
4.591999999999716,1761.2005808405422
4.593999999999716,1760.907802503801
4.595999999999716,1760.6149576252842
4.597999999999716,1760.3220514211698
4.599999999999715,1760.0290876896393
4.601999999999715,1759.7360020014644
4.603999999999715,1759.442897277675
4.605999999999715,1759.1497527779331
4.6079999999997145,1758.856497759819
4.609999999999714,1758.5632303447185
4.611999999999714,1758.2698597463366
4.613999999999714,1757.9764147089256
4.615999999999714,1757.6829707659847
4.6179999999997134,1757.3894324567364
4.619999999999713,1757.095824904762
4.621999999999713,1756.8021543300038
4.623999999999713,1756.5084251316166
4.625999999999713,1756.2146401081322
4.627999999999712,1755.9208008747814
4.629999999999712,1755.6268414419378
4.631999999999712,1755.332863450535
4.633999999999712,1755.038778747039
4.6359999999997115,1754.744684398992
4.637999999999711,1754.4504887268051
4.639999999999711,1754.1562863167353
4.641999999999711,1753.8619839807527
4.643999999999711,1753.5676086293317
4.64599999999971,1753.2731678480122
4.64799999999971,1752.9786669527602
4.64999999999971,1752.6841092710606
4.65199999999971,1752.389496722025
4.6539999999997095,1752.0948302709469
4.655999999999709,1751.8000436077373
4.657999999999709,1751.5052379627582
4.659999999999709,1751.2103252094284
4.661999999999709,1750.9154021963052
4.663999999999708,1750.6203773697653
4.665999999999708,1750.3252784584497
4.667999999999708,1750.030180174343
4.669999999999708,1749.7349869702286
4.6719999999997075,1749.4397236338773
4.673999999999707,1749.144396521819
4.675999999999707,1748.8490103431166
4.677999999999707,1748.5535681862295
4.679999999999707,1748.258005235331
4.681999999999706,1747.9624234383407
4.683999999999706,1747.666801882644
4.685999999999706,1747.371069905456
4.687999999999706,1747.0753250228977
4.6899999999997055,1746.779476806774
4.691999999999705,1746.4835537778279
4.693999999999705,1746.187564535952
4.695999999999705,1745.8915149641227
4.697999999999705,1745.5954752646162
4.699999999999704,1745.2992799996723
4.701999999999704,1745.0030523058429
4.703999999999704,1744.7067754391683
4.705999999999704,1744.4104486844813
4.7079999999997035,1744.1140709781473
4.709999999999703,1743.817574777335
4.711999999999703,1743.521060106191
4.713999999999703,1743.22443860637
4.715999999999703,1742.9277400196236
4.717999999999702,1742.6310402298075
4.719999999999702,1742.3342447933956
4.721999999999702,1742.0373787777228
4.723999999999702,1741.7404484321637
4.7259999999997016,1741.4434581470146
4.727999999999701,1741.1464106993908
4.729999999999701,1740.8492411985312
4.731999999999701,1740.552051110187
4.733999999999701,1740.254819534849
4.7359999999997004,1739.9574759442621
4.7379999999997,1739.6601175588683
4.7399999999997,1739.3626542167176
4.7419999999997,1739.0651143446478
4.7439999999997,1738.7675729676002
4.745999999999699,1738.4699354280806
4.747999999999699,1738.1722266381848
4.749999999999699,1737.8744528471996
4.751999999999699,1737.5765520810862
4.7539999999996985,1737.2786277056894
4.755999999999698,1736.9806601670261
4.757999999999698,1736.6826461599771
4.759999999999698,1736.3845162879823
4.761999999999698,1736.0863687300011
4.763999999999697,1735.7881143886893
4.765999999999697,1735.4897822706864
4.767999999999697,1735.1914723608793
4.769999999999697,1734.893113969054
4.7719999999996965,1734.5947969237716
4.773999999999696,1734.2964166487768
4.775999999999696,1733.9979871897199
4.777999999999696,1733.6995059682695
4.779999999999696,1733.400971175601
4.781999999999695,1733.1023816613797
4.783999999999695,1732.8037367536008
4.785999999999695,1732.5050360751482
4.787999999999695,1732.2062131463244
4.7899999999996945,1731.9073681790865
4.791999999999694,1731.608413747383
4.793999999999694,1731.3094459847882
4.795999999999694,1731.0103741507448
4.797999999999694,1730.711225725234
4.799999999999693,1730.4120086984447
4.801999999999693,1730.1127285615903
4.803999999999693,1729.8133887297838
4.805999999999693,1729.5139911348817
4.8079999999996925,1729.2145367228352
4.809999999999692,1728.9150258891802
4.811999999999692,1728.6154587200972
4.813999999999692,1728.3157689593086
4.815999999999692,1728.0160566469956
4.817999999999691,1727.716234443994
4.819999999999691,1727.4163320857074
4.821999999999691,1727.1164252072206
4.823999999999691,1726.8164200555425
4.8259999999996905,1726.5163415372654
4.82799999999969,1726.2161958559354
4.82999999999969,1725.9159874133875
4.83199999999969,1725.6156528315753
4.83399999999969,1725.3152937536397
4.835999999999689,1725.0148899747041
4.837999999999689,1724.714371636559
4.839999999999689,1724.4138354816505
4.841999999999689,1724.1131920070904
4.8439999999996886,1723.812535490132
4.845999999999688,1723.5117745219156
4.847999999999688,1723.2109359570195
4.849999999999688,1722.9100275180972
4.851999999999688,1722.609054589751
4.8539999999996875,1722.3080205664737
4.855999999999687,1722.0069273982242
4.857999999999687,1721.705710001374
4.859999999999687,1721.4044686762143
4.861999999999687,1721.103182582813
4.863999999999686,1720.801781572578
4.865999999999686,1720.5002960276804
4.867999999999686,1720.198802357849
4.869999999999686,1719.8972079260527
4.8719999999996855,1719.5955381391136
4.873999999999685,1719.2937996247003
4.875999999999685,1718.9919971939585
4.877999999999685,1718.690134059147
4.879999999999685,1718.3882121319311
4.881999999999684,1718.086166469523
4.883999999999684,1717.7840972814633
4.885999999999684,1717.4819838091148
4.887999999999684,1717.179756018238
4.8899999999996835,1716.8774442181336
4.891999999999683,1716.5751247038963
4.893999999999683,1716.272704970022
4.895999999999683,1715.9702103387258
4.897999999999683,1715.6676473828045
4.899999999999682,1715.3650207083715
4.901999999999682,1715.0623331828062
4.903999999999682,1714.7595864406026
4.905999999999682,1714.4567154022802
4.9079999999996815,1714.153820001064
4.909999999999681,1713.8508135512413
4.911999999999681,1713.5477915096985
4.913999999999681,1713.2446637356998
4.915999999999681,1712.9414573622194
4.91799999999968,1712.6382461462308
4.91999999999968,1712.3349360106672
4.92199999999968,1712.0315511717383
4.92399999999968,1711.7280317710283
4.9259999999996795,1711.4244815743348
4.927999999999679,1711.1208825187384
4.929999999999679,1710.8172321590491
4.931999999999679,1710.513462190427
4.933999999999679,1710.2096700155782
4.935999999999678,1709.905767619477
4.937999999999678,1709.6017837049162
4.939999999999678,1709.2977930478273
4.941999999999678,1708.9937024319988
4.9439999999996775,1708.6895364146192
4.945999999999677,1708.3853011592514
4.947999999999677,1708.0810010341722
4.949999999999677,1707.7765730678339
4.951999999999677,1707.4721181931586
4.953999999999676,1707.1676164512307
4.955999999999676,1706.8629984401678
4.957999999999676,1706.5583602690383
4.959999999999676,1706.253612965642
4.961999999999676,1705.9487843867128
4.963999999999675,1705.6438830323143
4.965999999999675,1705.3389147564344
4.967999999999675,1705.0338831794193
4.969999999999675,1704.72879035327
4.9719999999996745,1704.42363720832
4.973999999999674,1704.118424310285
4.975999999999674,1703.8130859972387
4.977999999999674,1703.5077213804727
4.979999999999674,1703.2022439783564
4.981999999999673,1702.8967487855948
4.983999999999673,1702.591146034259
4.985999999999673,1702.2854627231839
4.987999999999673,1701.9797066978072
4.9899999999996725,1701.6738833206418
4.991999999999672,1701.3679961088085
4.993999999999672,1701.06204700826
4.995999999999672,1700.7560369652538
4.997999999999672,1700.4499663617098
4.999999999999671,1700.1437696894366
5.001999999999671,1699.8375459189715
5.003999999999671,1699.5312087094915
5.005999999999671,1699.224787360131
5.0079999999996705,1698.918392032573
5.00999999999967,1698.611944683248
5.01199999999967,1698.3054648285154
5.01399999999967,1697.9990129459375
5.01599999999967,1697.6924833105747
5.017999999999669,1697.385890445245
5.019999999999669,1697.079233824579
5.021999999999669,1696.7724481949156
5.023999999999669,1696.4656329266159
5.0259999999996685,1696.158767887401
5.027999999999668,1695.8517839178817
5.029999999999668,1695.544776787513
5.031999999999668,1695.2376581769352
5.033999999999668,1694.9304559512955
5.035999999999667,1694.6232441577254
5.037999999999667,1694.3159299127503
5.039999999999667,1694.0085374582463
5.041999999999667,1693.7010074225514
5.0439999999996665,1693.3934429071162
5.045999999999666,1693.0858261548601
5.047999999999666,1692.7781547865625
5.049999999999666,1692.4703609239177
5.051999999999666,1692.1625412937924
5.053999999999665,1691.8546085251162
5.055999999999665,1691.5465909928341
5.057999999999665,1691.2384976042863
5.059999999999665,1690.930334430916
5.0619999999996645,1690.6221052460655
5.063999999999664,1690.313812179022
5.065999999999664,1690.0054562668322
5.067999999999664,1689.6970379560107
5.069999999999664,1689.3885573586485
5.0719999999996634,1689.0799490607187
5.073999999999663,1688.7712463588143
5.075999999999663,1688.4625274512466
5.077999999999663,1688.1537026080864
5.079999999999663,1687.8447978324589
5.081999999999662,1687.5358202115929
5.083999999999662,1687.2267745955555
5.085999999999662,1686.9176639786103
5.087999999999662,1686.6084900296316
5.0899999999996615,1686.2992535784551
5.091999999999661,1685.9898896295513
5.093999999999661,1685.6804966982004
5.095999999999661,1685.3709889767108
5.097999999999661,1685.0613955392187
5.09999999999966,1684.751790951976
5.10199999999966,1684.4420830635418
5.10399999999966,1684.1322961502165
5.10599999999966,1683.8224362977558
5.1079999999996595,1683.5125078246906
5.109999999999659,1683.2025134857663
5.111999999999659,1682.892389618668
5.113999999999659,1682.5822353930103
5.115999999999659,1682.271965516245
5.117999999999658,1681.961674426688
5.119999999999658,1681.6512732018991
5.121999999999658,1681.3407885222211
5.123999999999658,1681.0302282405241
5.1259999999996575,1680.7195978004959
5.127999999999657,1680.408900621534
5.129999999999657,1680.098138645893
5.131999999999657,1679.7873128465294
5.133999999999657,1679.4764236164765
5.135999999999656,1679.1654059031787
5.137999999999656,1678.8543578547653
5.139999999999656,1678.543193863892
5.141999999999656,1678.2319428870408
5.1439999999996555,1677.9206142340624
5.145999999999655,1677.6092141842291
5.147999999999655,1677.297746585027
5.149999999999655,1676.9862135943467
5.151999999999655,1676.6746162385984
5.153999999999654,1676.362954942981
5.155999999999654,1676.0511647077851
5.157999999999654,1675.7393435642705
5.159999999999654,1675.4274059993852
5.1619999999996535,1675.1154460097948
5.163999999999653,1674.8033748326955
5.165999999999653,1674.4912190530354
5.167999999999653,1674.1789864865311
5.169999999999653,1673.8666825547696
5.171999999999652,1673.5543106585353
5.173999999999652,1673.2418727215527
5.175999999999652,1672.929304710963
5.177999999999652,1672.6167050121974
5.1799999999996515,1672.3039884400034
5.181999999999651,1671.991248966218
5.183999999999651,1671.6783979605736
5.185999999999651,1671.3654619406261
5.187999999999651,1671.0524487072043
5.1899999999996504,1670.7393636558795
5.19199999999965,1670.4262101939862
5.19399999999965,1670.1129902486098
5.19599999999965,1669.7997047960712
5.19799999999965,1669.4862893029192
5.199999999999649,1669.1728417523907
5.201999999999649,1668.8592769458908
5.203999999999649,1668.5456887141559
5.205999999999649,1668.2319885463219
5.2079999999996485,1667.9182029673318
5.209999999999648,1667.6043397768578
5.211999999999648,1667.2904044047625
5.213999999999648,1666.9764002582208
5.215999999999648,1666.6622643820876
5.217999999999647,1666.3480955246157
5.219999999999647,1666.0338739209767
5.221999999999647,1665.7195308777646
5.223999999999647,1665.4050959290657
5.2259999999996465,1665.0906441901466
5.227999999999646,1664.776085071319
5.229999999999646,1664.4614432241215
5.231999999999646,1664.146725151429
5.233999999999646,1663.8319432363783
5.235999999999645,1663.5171379559056
5.237999999999645,1663.202315549912
5.239999999999645,1662.8874034430653
5.241999999999645,1662.5724878566828
5.2439999999996445,1662.2575382836633
5.245999999999644,1661.9424781389343
5.247999999999644,1661.6273964195746
5.249999999999644,1661.3122026085232
5.251999999999644,1660.996922189797
5.253999999999643,1660.6816274789528
5.255999999999643,1660.3662264620393
5.257999999999643,1660.0507428378874
5.259999999999643,1659.7351178789283
5.2619999999996425,1659.4194534658236
5.263999999999642,1659.1037323995986
5.265999999999642,1658.7878878516483
5.267999999999642,1658.4720151183642
5.269999999999642,1658.1560276415566
5.271999999999641,1657.8399529779404
5.273999999999641,1657.523799687383
5.275999999999641,1657.2076383696287
5.277999999999641,1656.8913106065434
5.2799999999996405,1656.574935902648
5.28199999999964,1656.2584991751062
5.28399999999964,1655.9420001949077
5.28599999999964,1655.6253734986292
5.28799999999964,1655.3087155532444
5.289999999999639,1654.9919409436231
5.291999999999639,1654.675077897591
5.293999999999639,1654.3582000982055
5.295999999999639,1654.04121643125
5.2979999999996386,1653.7241507407657
5.299999999999638,1653.4069444558688
5.301999999999638,1653.0896991649338
5.303999999999638,1652.7723977052392
5.305999999999638,1652.455037870371
5.3079999999996375,1652.137552718908
5.309999999999637,1651.8199729341034
5.311999999999637,1651.5023743581655
5.313999999999637,1651.184667641196
5.315999999999637,1650.8668777267112
5.317999999999636,1650.5490113396927
5.319999999999636,1650.2310732204721
5.321999999999636,1649.9130663717556
5.323999999999636,1649.5949279741722
5.3259999999996355,1649.2767560556115
5.327999999999635,1648.958531083786
5.329999999999635,1648.6401847920013
5.331999999999635,1648.3217464982076
5.333999999999635,1648.0032264365914
5.335999999999634,1647.6846962889613
5.337999999999634,1647.3660635742808
5.339999999999634,1647.04728634877
5.341999999999634,1646.7284669108915
5.3439999999996335,1646.4095892244272
5.345999999999633,1646.0906519987134
5.347999999999633,1645.7715890756192
5.349999999999633,1645.4524959969021
5.351999999999633,1645.1332873168212
5.353999999999632,1644.8139909607917
5.355999999999632,1644.4946158801165
5.357999999999632,1644.1751682601007
5.359999999999632,1643.8556519883014
5.3619999999996315,1643.5360693393905
5.363999999999631,1643.2164215056132
5.365999999999631,1642.89670905919
5.367999999999631,1642.576867838695
5.369999999999631,1642.2569947815607
5.37199999999963,1641.9370056648922
5.37399999999963,1641.6169290627151
5.37599999999963,1641.2967743651795
5.37799999999963,1640.9765479965367
5.3799999999996295,1640.6562540096254
5.381999999999629,1640.3358947425168
5.383999999999629,1640.015471464096
5.385999999999629,1639.6949848075405
5.387999999999629,1639.3743707277192
5.389999999999628,1639.0537261230286
5.391999999999628,1638.7329669220035
5.393999999999628,1638.4121217361467
5.395999999999628,1638.0912643513127
5.3979999999996275,1637.7703045680164
5.399999999999627,1637.4492663141737
5.401999999999627,1637.1281558737255
5.403999999999627,1636.8069778206798
5.405999999999627,1636.4856708775521
5.407999999999626,1636.16433358916
5.409999999999626,1635.8428829909708
5.411999999999626,1635.5214125259195
5.413999999999626,1635.199835328098
5.415999999999626,1634.8782421240387
5.417999999999625,1634.5565443909186
5.419999999999625,1634.2347676267714
5.421999999999625,1633.9129194298716
5.423999999999625,1633.5910053451844
5.4259999999996245,1633.2690290867122
5.427999999999624,1632.9469287486577
5.429999999999624,1632.6248022851782
5.431999999999624,1632.302630852213
5.433999999999624,1631.9803469957426
5.435999999999623,1631.6579802317895
5.437999999999623,1631.3356054076041
5.439999999999623,1631.0131336700156
5.441999999999623,1630.6905897654074
5.4439999999996225,1630.3679806927348
5.445999999999622,1630.0453116182034
5.447999999999622,1629.7225860821964
5.449999999999622,1629.3998283006679
5.451999999999622,1629.0770659262873
5.453999999999621,1628.754300026931
5.455999999999621,1628.4314575562678
5.457999999999621,1628.1086242172964
5.459999999999621,1627.785771394844
5.4619999999996205,1627.462824850533
5.46399999999962,1627.1398738911053
5.46599999999962,1626.8168305308834
5.46799999999962,1626.4937851564005
5.46999999999962,1626.170650165517
5.471999999999619,1625.8474518946632
5.473999999999619,1625.524198989631
5.475999999999619,1625.2008981090062
5.477999999999619,1624.8775541142284
5.4799999999996185,1624.5541705264548
5.481999999999618,1624.2307499928875
5.483999999999618,1623.9072946545618
5.485999999999618,1623.5838064339364
5.487999999999618,1623.2602231293142
5.489999999999617,1622.9366428125008
5.491999999999617,1622.6130479121202
5.493999999999617,1622.2893727616156
5.495999999999617,1621.965712665996
5.4979999999996165,1621.6419842829214
5.499999999999616,1621.3182811927275
5.501999999999616,1620.9945187380251
5.503999999999616,1620.67072568801
5.505999999999616,1620.3469771861883
5.507999999999615,1620.0231864627815
5.509999999999615,1619.6993808459458
5.511999999999615,1619.375634879018
5.513999999999615,1619.051862007726
5.5159999999996145,1618.7280903618075
5.517999999999614,1618.4043957826561
5.519999999999614,1618.0806934990742
5.521999999999614,1617.7570777146414
5.523999999999614,1617.4334668889549
5.525999999999613,1617.10995875262
5.527999999999613,1616.7864754623752
5.529999999999613,1616.463118577576
5.531999999999613,1616.1398784403896
5.533999999999613,1615.8167656101923
5.535999999999612,1615.4938597941966
5.537999999999612,1615.1710868661228
5.539999999999612,1614.8485587614848
5.541999999999612,1614.5262839601205
5.5439999999996115,1614.2043642169822
5.545999999999611,1613.8828228788511
5.547999999999611,1613.5618544469055
5.549999999999611,1613.2415016168568
5.551999999999611,1612.9219749246888
5.55399999999961,1612.603717766395
5.55599999999961,1612.2875632332398
5.55799999999961,1611.902458813623
5.55999999999961,1439.903722719592
5.5619999999996095,1251.800112804367
5.563999999999609,1070.8357743200863
5.565999999999609,912.6027998236652
5.567999999999609,793.1132859703253
5.569999999999609,706.4346916595898
5.571999999999608,644.5950132039217
5.573999999999608,600.719101850463
5.575999999999608,569.5962397377639
5.577999999999608,547.4608739264834
5.5799999999996075,531.6432733269559
5.581999999999607,520.2636188241893
5.583999999999607,512.0021087305242
5.585999999999607,505.931882082359
5.587999999999607,501.40192078212783
5.589999999999606,497.95505275164516
5.591999999999606,495.270188692183
5.593999999999606,493.12156088056383
5.595999999999606,491.3506157874996
5.5979999999996055,489.84587002153955
5.599999999999605,488.52885775573355
5.601999999999605,487.3442892890507
5.603999999999605,486.2532604401352
5.605999999999605,485.22834777754656
5.607999999999604,484.2503201347489
5.609999999999604,483.3056205093837
5.611999999999604,482.38467591473847
5.613999999999604,481.48084646175255
5.6159999999996035,480.5893838215996
5.617999999999603,479.70697770717925
5.619999999999603,478.8313143480895
5.621999999999603,477.96072836584165
5.623999999999603,477.0941233310607
5.625999999999602,476.2306747595396
5.627999999999602,475.3697945833055
5.629999999999602,474.5110917137325
5.631999999999602,473.6542900378147
5.6339999999996015,472.79919453480017
5.635999999999601,471.9456673839418
5.637999999999601,471.0935801996104
5.639999999999601,470.2428950164098
5.641999999999601,469.3935607629923
5.6439999999996004,468.54554083835546
5.6459999999996,467.6987782697182
5.6479999999996,466.8532544845799
5.6499999999996,466.00901560363593
5.6519999999996,465.1659873407086
5.653999999999599,464.32416178762594
5.655999999999599,463.48356206171616
5.657999999999599,462.64420215986627
5.659999999999599,461.80605284826197
5.6619999999995985,460.9691090774867
5.663999999999598,460.13342256424767
5.665999999999598,459.29889177276095
5.667999999999598,458.465600499246
5.669999999999598,457.633478791667
5.671999999999597,456.8025510498359
5.673999999999597,455.97278046074723
5.675999999999597,455.14419279239354
5.677999999999597,454.3167523966498
5.6799999999995965,453.4904855233536
5.681999999999596,452.6653871993451
5.683999999999596,451.8414229208763
5.685999999999596,451.01861937618116
5.687999999999596,450.19697236465294
5.689999999999595,449.37644782219706
5.691999999999595,448.5570727962587
5.693999999999595,447.73881329644985
5.695999999999595,446.9216964159615
5.6979999999995945,446.1057179092758
5.699999999999594,445.29084405319713
5.701999999999594,444.4771020238104
5.703999999999594,443.6644877865689
5.705999999999594,442.8529678646262
5.707999999999593,442.0425692466232
5.709999999999593,441.233258500344
5.711999999999593,440.4250922530351
5.713999999999593,439.61797652746304
5.7159999999995925,438.8119989668111
5.717999999999592,438.00709534324585
5.719999999999592,437.2032630954371
5.721999999999592,436.40055894859205
5.723999999999592,435.59891863833366
5.725999999999591,434.79834001408244
5.727999999999591,433.9988794911709
5.729999999999591,433.20047304930023
5.731999999999591,432.40311875328445
5.7339999999995905,431.6068433703672
5.73599999999959,430.81164322716086
5.73799999999959,430.01751466655867
5.73999999999959,429.22442519233175
5.74199999999959,428.43240160344203
5.743999999999589,427.6414112510699
5.745999999999589,426.85148100885425
5.747999999999589,426.0626072054441
5.749999999999589,425.2747865278132
5.7519999999995886,424.4879867025837
5.753999999999588,423.70220534031245
5.755999999999588,422.91749823834317
5.757999999999588,422.1338028939959
5.759999999999588,421.35114622052714
5.7619999999995875,420.56949595435873
5.763999999999587,419.78887871368715
5.765999999999587,419.0092913812914
5.767999999999587,418.2307305793745
5.769999999999587,417.4531645270397
5.771999999999586,416.6765911651735
5.773999999999586,415.90106559364335
5.775999999999586,415.1265263083937
5.777999999999586,414.3529998531209
5.7799999999995855,413.5804546406275
5.781999999999585,412.80894555732726
5.783999999999585,412.0383832001277
5.785999999999585,411.2688518929038
5.787999999999585,410.500290586694
5.789999999999584,409.7327258721773
5.791999999999584,408.9661547318725
5.793999999999584,408.2005459219462
5.795999999999584,407.4359258244206
5.7979999999995835,406.6722914044879
5.799999999999583,405.90961160525904
5.801999999999583,405.1479127027697
5.803999999999583,404.3871918040696
5.805999999999583,403.6274178957987
5.807999999999582,402.8686171453547
5.809999999999582,402.11078671355733
5.811999999999582,401.35392395254905
5.813999999999582,400.59799824435294
5.8159999999995815,399.8430355398143
5.817999999999581,399.0890332022118
5.819999999999581,398.3359607331474
5.821999999999581,397.5838439774984
5.823999999999581,396.83268033950435
5.82599999999958,396.082439475494
5.82799999999958,395.33314715915725
5.82999999999958,394.58480069842625
5.83199999999958,393.83739772891903
5.8339999999995795,393.0909080994645
5.835999999999579,392.3453574803752
5.837999999999579,391.60074337297334
5.839999999999579,390.8570359457526
5.841999999999579,390.114288004955
5.843999999999578,389.37241472802344
5.845999999999578,388.63149659907975
5.847999999999578,387.8914761489489
5.849999999999578,387.1523787744475
5.8519999999995775,386.414202105389
5.853999999999577,385.67694382261584
5.855999999999577,384.9405745438683
5.857999999999577,384.2051195597491
5.859999999999577,383.47054963733507
5.861999999999576,382.73691671966935
5.863999999999576,382.00416437652484
5.865999999999576,381.2723176028116
5.867999999999576,380.54134750542994
5.869999999999576,379.8113057339296
5.871999999999575,379.0821363577325
5.873999999999575,378.3538375414029
5.875999999999575,377.6264607710887
5.877999999999575,376.8999503748227
5.8799999999995745,376.17433114031394
5.881999999999574,375.44960092613417
5.883999999999574,374.72575772681694
5.885999999999574,374.00277313410896
5.887999999999574,373.28067175123846
5.889999999999573,372.5594252845647
5.891999999999573,371.8390842568754
5.893999999999573,371.11959418608603
5.895999999999573,370.40097949039705
5.8979999999995725,369.68323809610996
5.899999999999572,368.96634211679424
5.901999999999572,368.2503158095007
5.903999999999572,367.5351572097559
5.905999999999572,366.82086432346506
5.907999999999571,366.10743531096955
5.909999999999571,365.3948425482496
5.911999999999571,364.6831101450958
5.913999999999571,363.972236110513
5.9159999999995705,363.2621930339595
5.91799999999957,362.55300483484297
5.91999999999957,361.84466970225685
5.92199999999957,361.1371857579953
5.92399999999957,360.4305511697379
5.925999999999569,359.7247389091507
5.927999999999569,359.01977256549134
5.929999999999569,358.3156503997526
5.931999999999569,357.61237063576726
5.9339999999995685,356.90990641882917
5.935999999999568,356.20828125750955
5.937999999999568,355.50749343490475
5.939999999999568,354.80754114718445
5.941999999999568,354.1083978422514
5.943999999999567,353.4101117040505
5.945999999999567,352.71263124593236
5.947999999999567,352.0159796871474
5.949999999999567,351.3201307097542
5.9519999999995665,350.62513206469737
5.953999999999566,349.9309328384944
5.955999999999566,349.23755601626567
5.957999999999566,348.54499998941986
5.959999999999566,347.85323867057986
5.961999999999565,347.1622950109268
5.963999999999565,346.47219168276996
5.965999999999565,345.7828784878597
5.967999999999565,345.0943539929781
5.9699999999995645,344.4066649819846
5.971999999999564,343.71976168463914
5.973999999999564,343.0336666161704
5.975999999999564,342.3483782724345
5.977999999999564,341.66389511087215
5.979999999999563,340.98019178559707
5.981999999999563,340.2972906323954
5.983999999999563,339.6151901843626
5.985999999999563,338.93388894132727
5.987999999999563,338.2533854150944
5.989999999999562,337.5736545697016
5.991999999999562,336.89474206472283
5.993999999999562,336.2165994050866
5.995999999999562,335.5392485825037
5.9979999999995615,334.8626647864087
5.999999999999561,334.1868933384598
6.001999999999561,333.51188624169276
6.003999999999561,332.83766530785226
6.005999999999561,332.1642291838163
6.00799999999956,331.49157643406807
6.00999999999956,330.81968252350754
6.01199999999956,330.1485922088628
6.01399999999956,329.47825816791897
6.0159999999995595,328.8087019349225
6.017999999999559,328.1399221307675
6.019999999999559,327.4719174601302
6.021999999999559,326.80466375051174
6.023999999999559,326.13818239267806
6.025999999999558,325.47247208896437
6.027999999999558,324.80753150900665
6.029999999999558,324.14335937502534
6.031999999999558,323.4799543401667
6.0339999999995575,322.81729263471425
6.035999999999557,322.15539532491096
6.037999999999557,321.4942611768372
6.039999999999557,320.83388889609057
6.041999999999557,320.17427721678143
6.043999999999556,319.51542483661143
6.045999999999556,318.8573083695437
6.047999999999556,318.1999485594976
6.049999999999556,317.5433442286987
6.0519999999995555,316.8874940911051
6.053999999999555,316.2323969653493
6.055999999999555,315.5780515858013
6.057999999999555,314.9244349054921
6.059999999999555,314.2715891444192
6.061999999999554,313.619469780143
6.063999999999554,312.9680971462832
6.065999999999554,312.317448439868
6.067999999999554,311.6675654811547
6.0699999999995535,311.01842577997877
6.071999999999553,310.3700066339503
6.073999999999553,309.72232818184483
6.075999999999553,309.0753892260707
6.077999999999553,308.42918865990407
6.079999999999552,307.78372530843137
6.081999999999552,307.13899799622106
6.083999999999552,306.4949844066438
6.085999999999552,305.8517043598897
6.0879999999995515,305.2091778140009
6.089999999999551,304.56736179641683
6.091999999999551,303.9262759033601
6.093999999999551,303.28589816639584
6.095999999999551,302.6462689862648
6.0979999999995504,302.00734590060455
6.09999999999955,301.3691691025814
6.10199999999955,300.73169628166437
6.10399999999955,300.0949467497199
6.10599999999955,299.45891944064283
6.107999999999549,298.82361327768297
6.109999999999549,298.189027194367
6.111999999999549,297.5551396514134
6.113999999999549,296.92199013563635
6.1159999999995485,296.28953713812024
6.117999999999548,295.657799676403
6.119999999999548,295.0267766958024
6.121999999999548,294.3964671472477
6.123999999999548,293.7668699999004
6.125999999999547,293.1379841914402
6.127999999999547,292.50978861547156
6.129999999999547,291.88232197649137
6.131999999999547,291.25554364912557
6.1339999999995465,290.6294722181933
6.135999999999546,290.0041066696224
6.137999999999546,289.3794460282753
6.139999999999546,288.7554892579552
6.141999999999546,288.13223533493215
6.143999999999545,287.50966360898684
6.145999999999545,286.88781193759723
6.147999999999545,286.26664060979505
6.149999999999545,285.64618728028665
6.1519999999995445,285.0264123442451
6.153999999999544,284.40733389559153
6.155999999999544,283.7889509581544
6.157999999999544,283.1712625621298
6.159999999999544,282.554267726272
6.161999999999543,281.9379462652911
6.163999999999543,281.3223352211345
6.165999999999543,280.707395756572
6.167999999999543,280.0931646854102
6.1699999999995425,279.47960335906873
6.171999999999542,278.8667294075131
6.173999999999542,278.25454191445317
6.175999999999542,277.6430399371591
6.177999999999542,277.0322225446032
6.179999999999541,276.42208875111265
6.181999999999541,275.8126375669165
6.183999999999541,275.2038494044267
6.185999999999541,274.5957602038504
6.1879999999995405,273.988332285822
6.18999999999954,273.38158286259784
6.19199999999954,272.7755295532684
6.19399999999954,272.1701348866335
6.19599999999954,271.5654158914975
6.197999999999539,270.96137169421354
6.199999999999539,270.3580013736649
6.201999999999539,269.75530401635643
6.203999999999539,269.1532604930623
6.2059999999995386,268.5519058536632
6.207999999999538,267.9512214884285
6.209999999999538,267.35118839350935
6.211999999999538,266.75182328222724
6.213999999999538,266.15314328370374
6.2159999999995375,265.55511203094915
6.217999999999537,264.9577460531042
6.219999999999537,264.361044507619
6.221999999999537,263.76500651663554
6.223999999999537,263.1696311747402
6.225999999999536,262.5749176032009
6.227999999999536,261.98086488669776
6.229999999999536,261.38747209817615
6.231999999999536,260.7947383367985
6.2339999999995355,260.2026452075457
6.235999999999535,259.61122635748137
6.237999999999535,259.0204465622237
6.239999999999535,258.4303392251629
6.241999999999535,257.84086928020156
6.243999999999534,257.25206994680906
6.245999999999534,256.6639063143502
6.247999999999534,256.07639424757326
6.249999999999534,255.48953294648902
6.2519999999995335,254.9033215755312
6.253999999999533,254.3177592697677
6.255999999999533,253.7328451774178
6.257999999999533,253.14857844743477
6.259999999999533,252.5649581863497
6.261999999999532,251.9819835086504
6.263999999999532,251.39963672707563
6.265999999999532,250.81795018488788
6.267999999999532,250.23690676378754
6.2699999999995315,249.6564888363264
6.271999999999531,249.07672844466953
6.273999999999531,248.49760859664343
6.275999999999531,247.9191118168145
6.277999999999531,247.34125334104357
6.27999999999953,246.7640488850896
6.28199999999953,246.1874651816599
6.28399999999953,245.61151731274964
6.28599999999953,245.03622081826745
6.2879999999995295,244.461542671245
6.289999999999529,243.8875252548409
6.291999999999529,243.31417328748608
6.293999999999529,242.74146600719024
6.295999999999529,242.1694281538164
6.297999999999528,241.59803717352145
6.299999999999528,241.02727106939358
6.301999999999528,240.45715681367108
6.303999999999528,239.8876594466222
6.3059999999995275,239.31880762843338
6.307999999999527,238.7505679874228
6.309999999999527,238.18297010599377
6.311999999999527,237.6159814748537
6.313999999999527,237.0496319331604
6.315999999999526,236.4838895261924
6.317999999999526,235.9187684712732
6.319999999999526,235.3542835821126
6.321999999999526,234.79040323638418
6.323999999999526,234.22714164893756
6.325999999999525,233.66449805181446
6.327999999999525,233.102487112529
6.329999999999525,232.54107758687127
6.331999999999525,231.9802835343795
6.3339999999995245,231.42010419076973
6.335999999999524,230.86053878112511
6.337999999999524,230.30160178547374
6.339999999999524,229.74326235581225
6.341999999999524,229.18553431265593
6.343999999999523,228.62841694298316
6.345999999999523,228.0719094652543
6.347999999999523,227.51601109249776
6.349999999999523,226.9607210608131
6.3519999999995225,226.40603855994988
6.353999999999522,225.85196281092874
6.355999999999522,225.29849300934353
6.357999999999522,224.74562835756433
6.359999999999522,224.193368078466
6.361999999999521,223.6417261131312
6.363999999999521,223.09067259979014
6.365999999999521,222.54019780545974
6.367999999999521,221.9903448799887
6.3699999999995205,221.44109317646075
6.37199999999952,220.8924416249938
6.37399999999952,220.34438925855176
6.37599999999952,219.79693515861192
6.37799999999952,219.25007847358978
6.379999999999519,218.7038183344436
6.381999999999519,218.15815394436794
6.383999999999519,217.6130845064706
6.385999999999519,217.0686092144166
6.3879999999995185,216.5247272840902
6.389999999999518,215.98143793904592
6.391999999999518,215.43874041385237
6.393999999999518,214.89663378946045
6.395999999999518,214.3551176164546
6.397999999999517,213.81419090417808
6.399999999999517,213.27385288984323
6.401999999999517,212.7341168272702
6.403999999999517,212.19495436400382
6.4059999999995165,211.65637815490845
6.407999999999516,211.11838748924924
6.409999999999516,210.58098165866505
6.411999999999516,210.04417371885847
6.413999999999516,209.5079357423254
6.415999999999515,208.97228019567615
6.417999999999515,208.43720637347843
6.419999999999515,207.9027272386498
6.421999999999515,207.3688151676543
6.4239999999995145,206.83548249421432
6.425999999999514,206.30274207456728
6.427999999999514,205.77056653943436
6.429999999999514,205.23896812279622
6.431999999999514,204.70795957982835
6.433999999999513,204.17751379138167
6.435999999999513,203.64765623166244
6.437999999999513,203.1183599352002
6.439999999999513,202.5896502813888
6.441999999999513,202.0615137227585
6.443999999999512,201.5339361682482
6.445999999999512,201.00694283001167
6.447999999999512,200.48052030231537
6.449999999999512,199.95465465141882
6.4519999999995115,199.42937090039572
6.453999999999511,198.9046557071722
6.455999999999511,198.38050829493977
6.457999999999511,197.85692785708704
6.459999999999511,197.3339136439389
6.46199999999951,196.8114648900115
6.46399999999951,196.28958086790067
6.46599999999951,195.76826081583943
6.46799999999951,195.24750399615885
6.4699999999995095,194.72730969825653
6.471999999999509,194.20767718663848
6.473999999999509,193.68860574696782
6.475999999999509,193.1701073078836
6.477999999999509,192.65221016455013
6.479999999999508,192.13478488831203
6.481999999999508,191.61794868408828
6.483999999999508,191.10166261121572
6.485999999999508,190.58594899495
6.4879999999995075,190.07078150450502
6.489999999999507,189.55618296876963
6.491999999999507,189.04214021803955
6.493999999999507,188.52863971629438
6.495999999999507,188.01570474186877
6.497999999999506,187.50332259574373
6.499999999999506,186.99149240918615
6.501999999999506,186.48021336473983
6.503999999999506,185.96948470894864
6.5059999999995055,185.45930565334635
6.507999999999505,184.94967547015614
6.509999999999505,184.44059344383015
6.511999999999505,183.9320708863553
6.513999999999505,183.4240834297288
6.515999999999504,182.9166833379099
6.517999999999504,182.40981316290902
6.519999999999504,181.90343659980385
6.521999999999504,181.39762379401327
6.5239999999995035,180.8923603281192
6.525999999999503,180.38763169874613
6.527999999999503,179.88345906615854
6.529999999999503,179.37982946633605
6.531999999999503,178.87674146601285
6.533999999999502,178.37419392522787
6.535999999999502,177.87218585063198
6.537999999999502,177.37071637138445
6.539999999999502,176.869784656633
6.5419999999995015,176.36940154424605
6.543999999999501,175.86954355570867
6.545999999999501,175.37023247887714
6.547999999999501,174.8714450608403
6.549999999999501,174.37320304785413
6.5519999999995004,173.87548336187342
6.5539999999995,173.3783075850963
6.5559999999995,172.88166412890234
6.5579999999995,172.38555224130965
6.5599999999995,171.88997112903104
6.561999999999499,171.39492010672814
6.563999999999499,170.90039846026667
6.565999999999499,170.4064054821061
6.567999999999499,169.91295167603192
6.5699999999994985,169.42001437644234
6.571999999999498,168.92761467264398
6.573999999999498,168.43573009312968
6.575999999999498,167.94438165862653
6.577999999999498,167.45355800435448
6.579999999999497,166.96325840179088
6.581999999999497,166.4734821061432
6.583999999999497,165.98422843664667
6.585999999999497,165.49549665158997
6.5879999999994965,165.0072861240631
6.589999999999496,164.5196069468567
6.591999999999496,164.0324371672673
6.593999999999496,163.5457972460743
6.595999999999496,163.059665353537
6.597999999999495,162.5740618739306
6.599999999999495,162.08897579296809
6.601999999999495,161.60440632753523
6.603999999999495,161.12035281298637
6.6059999999994945,160.6368145657367
6.607999999999494,160.1537908533508
6.609999999999494,159.67128106716103
6.611999999999494,159.18929493651683
6.613999999999494,158.70781122294648
6.615999999999493,158.22684970043127
6.617999999999493,157.74639964078233
6.619999999999493,157.266460289
6.621999999999493,156.78703090296483
6.6239999999994925,156.30811082066413
6.625999999999492,155.82969935750845
6.627999999999492,155.35179586111673
6.629999999999492,154.87440984008242
6.631999999999492,154.39752058731278
6.633999999999491,153.92114734417055
6.635999999999491,153.44527964050474
6.637999999999491,152.9699066523869
6.639999999999491,152.49504751538274
6.6419999999994905,152.02070198635795
6.64399999999949,151.54684953093874
6.64599999999949,151.07349908457905
6.64799999999949,150.60065997237757
6.64999999999949,150.12831197540044
6.651999999999489,149.6564738951704
6.653999999999489,149.18513549128306
6.655999999999489,148.7142960410457
6.657999999999489,148.2439548836702
6.6599999999994886,147.77411130365783
6.661999999999488,147.30476467650612
6.663999999999488,146.83591437150653
6.665999999999488,146.36756939889545
6.667999999999488,145.89971969574543
6.6699999999994874,145.43235487903678
6.671999999999487,144.96549321092374
6.673999999999487,144.4991248147541
6.675999999999487,144.0332585196353
6.677999999999487,143.5678748052576
6.679999999999486,143.1029822106335
6.681999999999486,142.63858960884886
6.683999999999486,142.174687126307
6.685999999999486,141.7112646399903
6.6879999999994855,141.24834005791223
6.689999999999485,140.78591298598212
6.691999999999485,140.3239643017199
6.693999999999485,139.86250233910602
6.695999999999485,139.40153579887078
6.697999999999484,138.9410456971935
6.699999999999484,138.48104963022774
6.701999999999484,138.0215379658531
6.703999999999484,137.5625100557325
6.7059999999994835,137.1039652095982
6.707999999999483,136.6459119121016
6.709999999999483,136.1883315410887
6.711999999999483,135.73124129640718
6.713999999999483,135.2746317563213
6.715999999999482,134.81849321535356
6.717999999999482,134.3628517606187
6.719999999999482,133.907680349104
6.721999999999482,133.4529869960233
6.7239999999994815,132.99877995822868
6.725999999999481,132.54504111030377
6.727999999999481,132.09178722631498
6.729999999999481,131.63900907056313
6.731999999999481,131.18670598989803
6.73399999999948,130.73487735434634
6.73599999999948,130.28353124637243
6.73799999999948,129.83264975307804
6.73999999999948,129.38224943745087
6.7419999999994795,128.9323211896285
6.743999999999479,128.48286433223757
6.745999999999479,128.03387825851166
6.747999999999479,127.5853623303995
6.749999999999479,127.13732448323759
6.751999999999478,126.68975568394234
6.753999999999478,126.24264682118672
6.755999999999478,125.79601403946293
6.757999999999478,125.34984842652432
6.7599999999994775,124.90415775545341
6.761999999999477,124.45892477526644
6.763999999999477,124.01416538596555
6.765999999999477,123.56987080642926
6.767999999999477,123.12604040105015
6.769999999999476,122.68267350264091
6.771999999999476,122.23976953850774
6.773999999999476,121.79732789497211
6.775999999999476,121.355356183129
6.7779999999994756,120.91384570315972
6.779999999999475,120.47279578812982
6.781999999999475,120.03220584994068
6.783999999999475,119.59207526038563
6.785999999999475,119.15240346209112
6.7879999999994745,118.71319786415802
6.789999999999474,118.27444993088625
6.791999999999474,117.83615904076782
6.793999999999474,117.39832455543353
6.795999999999474,116.96094589900014
6.797999999999473,116.52403038267619
6.799999999999473,116.08756167946257
6.801999999999473,115.65155486238086
6.803999999999473,115.21600157352009
6.8059999999994725,114.78090119419255
6.807999999999472,114.3462608899357
6.809999999999472,113.91206461083038
6.811999999999472,113.47832719215177
6.813999999999472,113.04504035440772
6.815999999999471,112.61220350595926
6.817999999999471,112.17981605552143
6.819999999999471,111.74788507684627
6.821999999999471,111.3163947470328
6.8239999999994705,110.88535965725299
6.82599999999947,110.4547716725861
6.82799999999947,110.024630206366
6.82999999999947,109.59494221469595
6.83199999999947,109.16569209300405
6.833999999999469,108.73689422239818
6.835999999999469,108.30854053868751
6.837999999999469,107.88063053282025
6.839999999999469,107.45316360632995
6.8419999999994685,107.02614650001493
6.843999999999468,106.5995713588963
6.845999999999468,106.1734302687957
6.847999999999468,105.74774452907923
6.849999999999468,105.322491748441
6.851999999999467,104.89770505007726
6.853999999999467,104.47334357047777
6.855999999999467,104.04940065547396
6.857999999999467,103.6259006468311
6.8599999999994665,103.20284148202074
6.861999999999466,102.78022861004416
6.863999999999466,102.35804638272884
6.865999999999466,101.93630793348524
6.867999999999466,101.51500518272803
6.869999999999465,101.09415663252872
6.871999999999465,100.67377114851809
6.873999999999465,100.25385281210049
6.875999999999465,99.83438127524704
6.8779999999994645,99.41536403373522
6.879999999999464,98.99678868944943
6.881999999999464,98.5786511637533
6.883999999999464,98.16094841038785
6.885999999999464,97.7436850708346
6.887999999999463,97.326845809308
6.889999999999463,96.91044314583968
6.891999999999463,96.49446921415597
6.893999999999463,96.07892995010059
6.895999999999463,95.66381116674006
6.897999999999462,95.2491257423626
6.899999999999462,94.8348663011904
6.901999999999462,94.4210322967727
6.903999999999462,94.00762317780982
6.9059999999994615,93.59464496629312
6.907999999999461,93.18209046485492
6.909999999999461,92.76995914340557
6.911999999999461,92.35825049376894
6.913999999999461,91.94697051811283
6.91599999999946,91.53610555363485
6.91799999999946,91.12566816873311
6.91999999999946,90.71565126979436
6.92199999999946,90.30606070621559
6.9239999999994595,89.89688303516476
6.925999999999459,89.48813070937257
6.927999999999459,89.07979665738321
6.929999999999459,88.67188041566658
6.931999999999459,88.26438769318804
6.933999999999458,87.85730533823369
6.935999999999458,87.45066944180314
6.937999999999458,87.0444117812225
6.939999999999458,86.63857986935295
6.9419999999994575,86.23315942641096
6.943999999999457,85.82816144024042
6.945999999999457,85.42357833051796
6.947999999999457,85.01940909491833
6.949999999999457,84.61565898771005
6.951999999999456,84.21231495469806
6.953999999999456,83.8093886924508
6.955999999999456,83.40687933254941
6.957999999999456,83.00477415485773
6.9599999999994555,82.60308487814353
6.961999999999455,82.20179891396657
6.963999999999455,81.80093371858618
6.965999999999455,81.40047056998651
6.967999999999455,81.00041521958252
6.969999999999454,80.60077299012079
6.971999999999454,80.20153730393446
6.973999999999454,79.80270772431754
6.975999999999454,79.40428955779828
6.9779999999994535,79.00627625853298
6.979999999999453,78.60866748337912
6.981999999999453,78.21146271122058
6.983999999999453,77.81466153863681
6.985999999999453,77.4182691579673
6.987999999999452,77.02227906822566
6.989999999999452,76.626690907777
6.991999999999452,76.23150981806185
6.993999999999452,75.83672388044647
6.9959999999994515,75.44234414436619
6.997999999999451,75.04836422154949
6.999999999999451,74.65478915163868
7.001999999999451,74.26160725344442
7.003999999999451,73.86882946714576
7.0059999999994504,73.47644939927676
7.00799999999945,73.08447209874305
7.00999999999945,72.69288594773104
7.01199999999945,72.30170171703844
7.01399999999945,71.91091317725574
7.015999999999449,71.52052523957548
7.017999999999449,71.13052652747405
7.019999999999449,70.74092761731134
7.021999999999449,70.3517223904202
7.0239999999994485,69.9629156587979
7.025999999999448,69.57449618282357
7.027999999999448,69.18647445726174
7.029999999999448,68.79884434803256
7.031999999999448,68.41161061682737
7.033999999999447,68.02476228441117
7.035999999999447,67.63830955733533
7.037999999999447,67.25224645775467
7.039999999999447,66.86657765380818
7.0419999999994465,66.48129230470431
7.043999999999446,66.09640050160095
7.045999999999446,65.71190128410467
7.047999999999446,65.32778398211991
7.049999999999446,64.94405860846075
7.051999999999445,64.5607193591556
7.053999999999445,64.17776586188222
7.055999999999445,63.795202582538934
7.057999999999445,63.41301896916508
7.0599999999994445,63.03122480902482
7.061999999999444,62.649819153958504
7.063999999999444,62.26879159890808
7.065999999999444,61.8881518940816
7.067999999999444,61.507894380456094
7.069999999999443,61.128018695210415
7.071999999999443,60.748529109174854
7.073999999999443,60.369420084356136
7.075999999999443,59.990691377808275
7.0779999999994425,59.61234720542052
7.079999999999442,59.2343774805492
7.081999999999442,58.85679163975681
7.083999999999442,58.47958410735578
7.085999999999442,58.102759071149535
7.087999999999441,57.72631112443639
7.089999999999441,57.35024000544587
7.091999999999441,56.9745454122783
7.093999999999441,56.599231441424365
7.0959999999994405,56.224292694639814
7.09799999999944,55.84972889973818
7.09999999999944,55.475539740660395
7.10199999999944,55.10172922440228
7.10399999999944,54.72829202387595
7.105999999999439,54.355227879801305
7.107999999999439,53.98254075704591
7.109999999999439,53.6102254226675
7.111999999999439,53.2382816885023
7.1139999999994386,52.86670925436704
7.115999999999438,52.495511978762124
7.117999999999438,52.12468461253985
7.119999999999438,51.75422700550217
7.121999999999438,51.38413882144255
7.1239999999994374,51.014423834849424
7.125999999999437,50.64507692005441
7.127999999999437,50.27610191079134
7.129999999999437,49.90748980061602
7.131999999999437,49.53924914769709
7.133999999999436,49.1713788338746
7.135999999999436,48.803869928489405
7.137999999999436,48.43673099113289
7.139999999999436,48.069956909169946
7.1419999999994355,47.70354750220673
7.143999999999435,47.337506370748144
7.145999999999435,46.9718285238078
7.147999999999435,46.60651386815215
7.149999999999435,46.241565919230936
7.151999999999434,45.87697983726525
7.153999999999434,45.512755488198025
7.155999999999434,45.148892642076305
7.157999999999434,44.78539471929122
7.1599999999994335,44.422256910473095
7.161999999999433,44.0594790323247
7.163999999999433,43.697064533542346
7.165999999999433,43.33500869099771
7.167999999999433,42.97331136090639
7.169999999999432,42.61197234561672
7.171999999999432,42.250994925460304
7.173999999999432,41.89037439671597
7.175999999999432,41.530114157206924
7.1779999999994315,41.17020612186349
7.179999999999431,40.810658111586065
7.181999999999431,40.451468815803935
7.183999999999431,40.09263035277007
7.185999999999431,39.73415040234289
7.18799999999943,39.3760243121867
7.18999999999943,39.01825533488642
7.19199999999943,38.66083557265358
7.19399999999943,38.30377596292567
7.1959999999994295,37.94706427074516
7.197999999999429,37.59070818336903
7.199999999999429,37.23470310226918
7.201999999999429,36.879048976929596
7.203999999999429,36.5237488213466
7.205999999999428,36.1687982434637
7.207999999999428,35.814197178903555
7.209999999999428,35.45994544627365
7.211999999999428,35.1060459508264
7.2139999999994275,34.75249748149059
7.215999999999427,34.39929284237286
7.217999999999427,34.04643917622815
7.219999999999427,33.6939321842172
7.221999999999427,33.34177174510239
7.223999999999426,32.98996069226979
7.225999999999426,32.63849478231759
7.227999999999426,32.28737701561607
7.229999999999426,31.936600312095607
7.2319999999994256,31.586171597901398
7.233999999999425,31.236089462029327
7.235999999999425,30.88634703169822
7.237999999999425,30.536951209920574
7.239999999999425,30.18789767158023
7.2419999999994245,29.839189230680518
7.243999999999424,29.490821858901427
7.245999999999424,29.142795635303457
7.247999999999424,28.795113205304972
7.249999999999424,28.447770563986467
7.251999999999423,28.100767809746003
7.253999999999423,27.754104770334777
7.255999999999423,27.407783975506334
7.257999999999423,27.061801396639623
7.2599999999994225,26.71615973147874
7.261999999999422,26.370855182183902
7.263999999999422,26.0258877934603
7.265999999999422,25.681257533179576
7.267999999999422,25.336966783781918
7.269999999999421,24.99301166517074
7.271999999999421,24.64939219744099
7.273999999999421,24.306110817087813
7.275999999999421,23.96316371781535
7.2779999999994205,23.620553431213352
7.27999999999942,23.27827635802936
7.28199999999942,22.936332607268525
7.28399999999942,22.594722185442492
7.28599999999942,22.25344730509073
7.287999999999419,21.912504245397486
7.289999999999419,21.57189300274473
7.291999999999419,21.23161589500154
7.293999999999419,20.891669232620075
7.2959999999994185,20.55205311784556
7.297999999999418,20.21276980012226
7.299999999999418,19.873815672841374
7.301999999999418,19.535193092718373
7.303999999999418,19.196896388390883
7.305999999999417,18.858931349114812
7.307999999999417,18.521296424208117
7.309999999999417,18.18398822135839
7.311999999999417,17.84700704969066
7.3139999999994165,17.510352927556085
7.315999999999416,17.174027821714958
7.317999999999416,16.83802827725509
7.319999999999416,16.502356394717935
7.321999999999416,16.167006869744114
7.323999999999415,15.831985187707232
7.325999999999415,15.497289732100455
7.327999999999415,15.162917339546482
7.329999999999415,14.828868259193541
7.3319999999994145,14.495142557287522
7.333999999999414,14.161742065120109
7.335999999999414,13.82866340934919
7.337999999999414,13.49590856637883
7.339999999999414,13.163474451849993
7.341999999999413,12.831361319398525
7.343999999999413,12.499571011558373
7.345999999999413,12.168100355793285
7.347999999999413,11.836949573657023
7.349999999999413,11.50612044892813
7.351999999999412,11.175608050656876
7.353999999999412,10.845419032531026
7.355999999999412,10.51554529361755
7.357999999999412,10.185993627645132
7.3599999999994115,9.856756137666991
7.361999999999411,9.527838042923179
7.363999999999411,9.199236194900834
7.365999999999411,8.87095074281467
7.367999999999411,8.542983280808244
7.36999999999941,8.215330727481103
7.37199999999941,7.8879948966860525
7.37399999999941,7.560971363371721
7.37599999999941,7.234266329194156
7.3779999999994095,6.907872282134861
7.379999999999409,6.5817940507456
7.381999999999409,6.256028550334804
7.383999999999409,5.930577384115395
7.385999999999409,5.605437778375801
7.387999999999408,5.280610056934336
7.389999999999408,4.956095664824602
7.391999999999408,4.631891775115662
7.393999999999408,4.307999980970521
7.3959999999994075,3.9844163418145513
7.397999999999407,3.6611452976574697
7.399999999999407,3.33818496005307
7.401999999999407,3.015532798614913
7.403999999999407,2.6931892703826747
7.405999999999406,2.3711557335644784
7.407999999999406,2.0494294978212793
7.409999999999406,1.728010928638696
7.411999999999406,1.406901288838526
7.4139999999994055,1.0860978541234658
7.415999999999405,0.7656010194593819
7.417999999999405,0.445411925335236
7.419999999999405,0.1255279210766389
7.421999999999405,-0.19404959670850985
7.423999999999404,-0.5133230748965616
7.425999999999404,-0.8322920765907611
7.427999999999404,-1.1509563669021077
7.429999999999404,-1.4693150802247033
7.4319999999994035,-1.7873699046697311
7.433999999999403,-2.1051229952198582
7.435999999999403,-2.4225737189834717
7.437999999999403,-2.739721787195549
7.439999999999403,-3.0565663403624512
7.441999999999402,-3.3731098828272366
7.443999999999402,-3.689351232662034
7.445999999999402,-4.0052927244897205
7.447999999999402,-4.320918496806485
7.4499999999994015,-4.636220339516001
7.451999999999401,-4.951203095151641
7.453999999999401,-5.265867039645798
7.455999999999401,-5.580222511822967
7.457999999999401,-5.894269544236295
7.4599999999994,-6.208013430655569
7.4619999999994,-6.521455223239684
7.4639999999994,-6.834598402426252
7.4659999999994,-7.147443322655704
7.4679999999994,-7.459989803457518
7.469999999999399,-7.772240364446645
7.471999999999399,-8.08419424811052
7.473999999999399,-8.395853601999988
7.475999999999399,-8.707217957726584
7.4779999999993985,-9.018286613540852
7.479999999999398,-9.329061728775457
7.481999999999398,-9.639542428336995
7.483999999999398,-9.949731013246264
7.485999999999398,-10.25962402838394
7.487999999999397,-10.569226375001335
7.489999999999397,-10.878534755445855
7.491999999999397,-11.18755109026523
7.493999999999397,-11.496277409783147
7.4959999999993965,-11.804710312069062
7.497999999999396,-12.112854435036127
7.499999999999396,-12.420687517413057
7.501999999999396,-12.728228112801219
7.503999999999396,-13.035495463090854
7.505999999999395,-13.342481624411676
7.507999999999395,-13.64918509347973
7.509999999999395,-13.95560507528819
7.511999999999395,-14.261739297974543
7.5139999999993945,-14.56758626823688
7.515999999999394,-14.87314715999338
7.517999999999394,-15.178421016141556
7.519999999999394,-15.483407327143766
7.521999999999394,-15.788107766584119
7.523999999999393,-16.092523559486665
7.525999999999393,-16.396651915190944
7.527999999999393,-16.70049486984334
7.529999999999393,-17.004053797048755
7.5319999999993925,-17.307326241080204
7.533999999999392,-17.610315929430215
7.535999999999392,-17.91302024236711
7.537999999999392,-18.215441043288592
7.539999999999392,-18.517579747945035
7.541999999999391,-18.81943548162957
7.543999999999391,-19.121007797755055
7.545999999999391,-19.422296734708198
7.547999999999391,-19.72330427034825
7.5499999999993905,-20.02403153935336
7.55199999999939,-20.324477686494106
7.55399999999939,-20.624642447375038
7.55599999999939,-20.92452732993644
7.55799999999939,-21.224131626103258
7.559999999999389,-21.523455386483192
7.561999999999389,-21.822500111197996
7.563999999999389,-22.121265535334373
7.565999999999389,-22.419753003862468
7.5679999999993885,-22.71796173655099
7.569999999999388,-23.01589173537849
7.571999999999388,-23.313544503098797
7.573999999999388,-23.610919821209052
7.575999999999388,-23.908018910101987
7.5779999999993874,-24.204841485198244
7.579999999999387,-24.50138807282076
7.581999999999387,-24.79765749961831
7.583999999999387,-25.093652968289348
7.585999999999387,-25.38937335961475
7.587999999999386,-25.68481802798135
7.589999999999386,-25.97998732235925
7.591999999999386,-26.27488261538275
7.593999999999386,-26.569503885837776
7.5959999999993855,-26.86385227871625
7.597999999999385,-27.157927712058893
7.599999999999385,-27.451731091478223
7.601999999999385,-27.74526151350142
7.603999999999385,-28.038519322539173
7.605999999999384,-28.331505662614404
7.607999999999384,-28.6242205862348
7.609999999999384,-28.91666504416662
7.611999999999384,-29.208839025894747
7.6139999999993835,-29.50074336561096
7.615999999999383,-29.792377064649145
7.617999999999383,-30.08374059236536
7.619999999999383,-30.374834994170158
7.621999999999383,-30.66565946187262
7.623999999999382,-30.95621454391545
7.625999999999382,-31.246502389810587
7.627999999999382,-31.53652343728362
7.629999999999382,-31.82627650406573
7.6319999999993815,-32.11576092388543
7.633999999999381,-32.404978579305634
7.635999999999381,-32.69393060130625
7.637999999999381,-32.98261543747225
7.639999999999381,-33.27103414867537
7.64199999999938,-33.55918715520113
7.64399999999938,-33.84707516858157
7.64599999999938,-34.13469849644849
7.64799999999938,-34.42205770368162
7.6499999999993795,-34.709151802860674
7.651999999999379,-34.9959815036006
7.653999999999379,-35.282548873823146
7.655999999999379,-35.56885278361159
7.657999999999379,-35.854893613135005
7.659999999999378,-36.140672129512666
7.661999999999378,-36.42618723173416
7.663999999999378,-36.71144127450174
7.665999999999378,-36.99643450586609
7.6679999999993775,-37.28116573867953
7.669999999999377,-37.56563575556015
7.671999999999377,-37.84984512221337
7.673999999999377,-38.1337929281932
7.675999999999377,-38.417480177503194
7.677999999999376,-38.70090905272053
7.679999999999376,-38.984079594336436
7.681999999999376,-39.26699051046211
7.683999999999376,-39.54964256741715
7.6859999999993756,-39.83203629715331
7.687999999999375,-40.114172300863515
7.689999999999375,-40.396050887870956
7.691999999999375,-40.677670934247715
7.693999999999375,-40.95903350651906
7.6959999999993745,-41.24014080634299
7.697999999999374,-41.52099095689891
7.699999999999374,-41.8015852902509
7.701999999999374,-42.08192361610185
7.703999999999374,-42.362005412782764
7.705999999999373,-42.64183312028854
7.707999999999373,-42.92140664873847
7.709999999999373,-43.20072470698727
7.711999999999373,-43.47978838847837
7.7139999999993725,-43.75859803483627
7.715999999999372,-44.03715448179332
7.717999999999372,-44.31545782084936
7.719999999999372,-44.59350884428119
7.721999999999372,-44.87130750765505
7.723999999999371,-45.148854609923035
7.725999999999371,-45.426150026832374
7.727999999999371,-45.703192540755026
7.729999999999371,-45.979983413506545
7.7319999999993705,-46.256522919221936
7.73399999999937,-46.532812063501524
7.73599999999937,-46.80885081666531
7.73799999999937,-47.08464013052139
7.73999999999937,-47.36017981052913
7.741999999999369,-47.63546864740846
7.743999999999369,-47.91050804931592
7.745999999999369,-48.18529812591356
7.747999999999369,-48.459840062034516
7.7499999999993685,-48.73413594922215
7.751999999999368,-49.00818276390288
7.753999999999368,-49.281980719527326
7.755999999999368,-49.5555324671696
7.757999999999368,-49.828837595374466
7.759999999999367,-50.1018970167558
7.761999999999367,-50.374710319818234
7.763999999999367,-50.6472761479817
7.765999999999367,-50.91959603336994
7.7679999999993665,-51.191669945384604
7.769999999999366,-51.46349916192156
7.771999999999366,-51.73508337544524
7.773999999999366,-52.00642377930808
7.775999999999366,-52.27751995506878
7.777999999999365,-52.54837305330108
7.779999999999365,-52.818982596989656
7.781999999999365,-53.08934715740196
7.783999999999365,-53.359468517487755
7.7859999999993645,-53.629349067966984
7.787999999999364,-53.89898530774121
7.789999999999364,-54.16838056071276
7.791999999999364,-54.43753532246325
7.793999999999364,-54.70644774016006
7.795999999999363,-54.97511930213892
7.797999999999363,-55.24354959252014
7.799999999999363,-55.51173728391166
7.801999999999363,-55.77968433098113
7.803999999999363,-56.04739324864448
7.805999999999362,-56.314863020866426
7.807999999999362,-56.582091947886965
7.809999999999362,-56.849081884974
7.811999999999362,-57.11583518355542
7.8139999999993615,-57.382347809214025
7.815999999999361,-57.64862366022891
7.817999999999361,-57.9146599258321
7.819999999999361,-58.180460441789194
7.821999999999361,-58.44602218188339
7.82399999999936,-58.711345969021124
7.82599999999936,-58.97643458675452
7.82799999999936,-59.24128693536932
7.82999999999936,-59.5059044351097
7.8319999999993595,-59.77028604882804
7.833999999999359,-60.03443020663781
7.835999999999359,-60.29833897237063
7.837999999999359,-60.56201177057329
7.839999999999359,-60.82545046096186
7.841999999999358,-61.08865732653942
7.843999999999358,-61.35162770449722
7.845999999999358,-61.61436607698403
7.847999999999358,-61.87686897340569
7.8499999999993575,-62.13914076920855
7.851999999999357,-62.40117781329235
7.853999999999357,-62.66298452668792
7.855999999999357,-62.924557125159026
7.857999999999357,-63.185896783640715
7.859999999999356,-63.447006320192145
7.861999999999356,-63.70788441603878
7.863999999999356,-63.96852931857046
7.865999999999356,-64.22894326688282
7.8679999999993555,-64.4891288856324
7.869999999999355,-64.74908451016421
7.871999999999355,-65.00880828681329
7.873999999999355,-65.26830244559852
7.875999999999355,-65.52756602501051
7.877999999999354,-65.7866010828057
7.879999999999354,-66.04540649602433
7.881999999999354,-66.30398417915842
7.883999999999354,-66.56233288896937
7.8859999999993535,-66.82045455303057
7.887999999999353,-67.07834782571484
7.889999999999353,-67.33601465580989
7.891999999999353,-67.5934536935261
7.893999999999353,-67.85066686052761
7.895999999999352,-68.10765277782014
7.897999999999352,-68.36440972510206
7.899999999999352,-68.62094035458034
7.901999999999352,-68.87724734813315
7.9039999999993515,-69.13332891766856
7.905999999999351,-69.38918685116846
7.907999999999351,-69.64481944778515
7.909999999999351,-69.90022489180063
7.911999999999351,-70.15540581696757
7.91399999999935,-70.410361091303
7.91599999999935,-70.6650930637021
7.91799999999935,-70.91960423662783
7.91999999999935,-71.1738924741129
7.92199999999935,-71.42795562686723
7.923999999999349,-71.68179623855326
7.925999999999349,-71.93541300835147
7.927999999999349,-72.18880826930308
7.929999999999349,-72.44198053665053
7.9319999999993485,-72.6949320725904
7.933999999999348,-72.94766128544256
7.935999999999348,-73.20017039509759
7.937999999999348,-73.45245771907634
7.939999999999348,-73.70452555612059
7.941999999999347,-73.95637217287015
7.943999999999347,-74.2079998496863
7.945999999999347,-74.45940681514497
7.947999999999347,-74.7105953838016
7.9499999999993465,-74.96156378321757
7.951999999999346,-75.21231432511775
7.953999999999346,-75.46284519799735
7.955999999999346,-75.71315877553917
7.957999999999346,-75.9632532012298
7.959999999999345,-76.21312660750777
7.961999999999345,-76.46278205931645
7.963999999999345,-76.71222248346811
7.965999999999345,-76.96144556659033
7.9679999999993445,-77.21045348451412
7.969999999999344,-77.4592441349102
7.971999999999344,-77.70781547667224
7.973999999999344,-77.95617500918883
7.975999999999344,-78.20431601095595
7.977999999999343,-78.45224084833353
7.979999999999343,-78.69995257347608
7.981999999999343,-78.94744883194392
7.983999999999343,-79.19472744570828
7.9859999999993425,-79.44179608374208
7.987999999999342,-79.68864768144414
7.989999999999342,-79.93528474712957
7.991999999999342,-80.1817103168213
7.993999999999342,-80.42792194005915
7.995999999999341,-80.6739174095008
7.997999999999341,-80.9196999583661
7.999999999999341,-81.16527242517338
