time,value
0.0,2046.2127254371346
0.002,2019.8579120016043
0.004,2002.5331402019287
0.006,2175.5282204106643
0.008,2218.83063691152
0.01,2227.2054317547
0.012,2223.407382637392
0.014,2216.3773449007026
0.016,2209.948335950277
0.018000000000000002,2205.3519462670492
0.020000000000000004,2202.5343426670192
0.022000000000000006,2200.99356442406
0.024000000000000007,2200.2121380248605
0.02600000000000001,2199.8128381163256
0.02800000000000001,2199.5701243525264
0.030000000000000013,2199.3699382797554
0.032000000000000015,2199.1655022180903
0.034000000000000016,2198.9446231107363
0.03600000000000002,2198.7089143586213
0.03800000000000002,2198.4644214312175
0.04000000000000002,2198.216895383541
0.04200000000000002,2197.9698949474505
0.044000000000000025,2197.726129247454
0.04600000000000003,2197.486638132364
0.04800000000000003,2197.251711255195
0.05000000000000003,2197.0216395345988
0.05200000000000003,2196.795996658784
0.054000000000000034,2196.5752457132467
0.056000000000000036,2196.358817893232
0.05800000000000004,2196.1467230902244
0.06000000000000004,2195.9389710771297
0.06200000000000004,2195.7354301619553
0.06400000000000004,2195.5361095318194
0.06600000000000004,2195.3407352071436
0.06800000000000005,2195.149598500812
0.07000000000000005,2194.9624246540643
0.07200000000000005,2194.7790799364507
0.07400000000000005,2194.5997138157823
0.07600000000000005,2194.4240501670843
0.07800000000000006,2194.2520960753427
0.08000000000000006,2194.0837163871347
0.08200000000000006,2193.918917649571
0.08400000000000006,2193.7575640363157
0.08600000000000006,2193.5998039065744
0.08800000000000006,2193.44521626378
0.09000000000000007,2193.2939489739265
0.09200000000000007,2193.1458650009727
0.09400000000000007,2193.00111210151
0.09600000000000007,2192.8592675677833
0.09800000000000007,2192.7204787208907
0.10000000000000007,2192.5846074424962
0.10200000000000008,2192.4516581304206
0.10400000000000008,2192.3216350688226
0.10600000000000008,2192.194256530095
0.10800000000000008,2192.069526315948
0.11000000000000008,2191.9474481146863
0.11200000000000009,2191.828025545355
0.11400000000000009,2191.711118947926
0.11600000000000009,2191.596588376238
0.11800000000000009,2191.4844369412835
0.12000000000000009,2191.374667648946
0.1220000000000001,2191.267140053936
0.1240000000000001,2191.1618569057678
0.12600000000000008,2191.0586773856153
0.12800000000000009,2190.957747546907
0.1300000000000001,2190.8587827515335
0.1320000000000001,2190.761785282742
0.1340000000000001,2190.666757346252
0.1360000000000001,2190.5737010947223
0.1380000000000001,2190.482474865534
0.1400000000000001,2190.3930806125036
0.1420000000000001,2190.3053763856224
0.1440000000000001,2190.219507842186
0.1460000000000001,2190.135188916427
0.1480000000000001,2190.0525651683624
0.1500000000000001,2189.971494209892
0.1520000000000001,2189.8919775505724
0.1540000000000001,2189.8140166515445
0.1560000000000001,2189.7373246940406
0.1580000000000001,2189.662191234462
0.16000000000000011,2189.5884734261276
0.16200000000000012,2189.516028285668
0.16400000000000012,2189.4450012234697
0.16600000000000012,2189.3751048296235
0.16800000000000012,2189.3064844486094
0.17000000000000012,2189.2391411340564
0.17200000000000013,2189.172931520001
0.17400000000000013,2189.1078565499984
0.17600000000000013,2189.0439171352446
0.17800000000000013,2188.980969679544
0.18000000000000013,2188.919159509479
0.18200000000000013,2188.8583429171986
0.18400000000000014,2188.7983761028668
0.18600000000000014,2188.739548958468
0.18800000000000014,2188.681572992235
0.19000000000000014,2188.6245935343486
0.19200000000000014,2188.5684665789795
0.19400000000000014,2188.513192766859
0.19600000000000015,2188.458627958935
0.19800000000000015,2188.4050622223517
0.20000000000000015,2188.3522065919
0.20200000000000015,2188.3000615904293
0.20400000000000015,2188.248772554235
0.20600000000000016,2188.198050285508
0.20800000000000016,2188.148184986568
0.21000000000000016,2188.098887348363
0.21200000000000016,2188.050302711138
0.21400000000000016,2188.0024315088936
0.21600000000000016,2187.9551292027672
0.21800000000000017,2187.9083961747297
0.22000000000000017,2187.862232783891
0.22200000000000017,2187.816784439447
0.22400000000000017,2187.7717613941963
0.22600000000000017,2187.7273090439335
0.22800000000000017,2187.683427715267
0.23000000000000018,2187.64011773661
0.23200000000000018,2187.5970891370016
0.23400000000000018,2187.554777656275
0.23600000000000018,2187.5127480561173
0.23800000000000018,2187.471290994486
0.24000000000000019,2187.430261514423
0.2420000000000002,2187.389659869543
0.2440000000000002,2187.3493410505107
0.2460000000000002,2187.309595810621
0.2480000000000002,2187.2701338082234
0.25000000000000017,2187.23110056115
0.25200000000000017,2187.192496280298
0.25400000000000017,2187.1541758304515
0.25600000000000017,2187.1161393939665
0.2580000000000002,2187.078532532989
0.2600000000000002,2187.041210029667
0.2620000000000002,2187.0043174843177
0.2640000000000002,2186.9675641883414
0.2660000000000002,2186.9312412124864
0.2680000000000002,2186.895057761969
0.2700000000000002,2186.8593049605993
0.2720000000000002,2186.823837464494
0.2740000000000002,2186.788509880545
0.2760000000000002,2186.753613383204
0.2780000000000002,2186.718856988984
0.2800000000000002,2186.6843952622376
0.2820000000000002,2186.650210670398
0.2840000000000002,2186.61616657021
0.2860000000000002,2186.5824086903144
0.2880000000000002,2186.5487915136973
0.2900000000000002,2186.51546080037
0.2920000000000002,2186.482270980761
0.2940000000000002,2186.4493678458753
0.2960000000000002,2186.416605793572
0.2980000000000002,2186.3839849192955
0.3000000000000002,2186.351651035252
0.3020000000000002,2186.31945849641
0.3040000000000002,2186.2872616104355
0.3060000000000002,2186.255497793223
0.3080000000000002,2186.2237297490224
0.3100000000000002,2186.192103353737
0.3120000000000002,2186.16061868656
0.3140000000000002,2186.129421644596
0.3160000000000002,2186.0982206067765
0.3180000000000002,2186.067307366327
0.32000000000000023,2186.0363902374456
0.32200000000000023,2186.0056151655294
0.32400000000000023,2185.9749822138256
0.32600000000000023,2185.944491440494
0.32800000000000024,2185.914142903528
0.33000000000000024,2185.8837906959516
0.33200000000000024,2185.853726819728
0.33400000000000024,2185.8236593543456
0.33600000000000024,2185.793734351146
0.33800000000000024,2185.7638058453485
0.34000000000000025,2185.734019897344
0.34200000000000025,2185.7043765591384
0.34400000000000025,2185.6748758729095
0.34600000000000025,2185.6453718166895
0.34800000000000025,2185.6160105169456
0.35000000000000026,2185.586645913741
0.35200000000000026,2185.5574241566096
0.35400000000000026,2185.5281991477345
0.35600000000000026,2185.4991170596213
0.35800000000000026,2185.470177938488
0.36000000000000026,2185.441235649489
0.36200000000000027,2185.4124364113813
0.36400000000000027,2185.3836340567354
0.36600000000000027,2185.3548286047608
0.36800000000000027,2185.326166300783
0.3700000000000003,2185.2976471709276
0.3720000000000003,2185.2689787441323
0.3740000000000003,2185.2405998436916
0.3760000000000003,2185.212217936034
0.3780000000000003,2185.183833055004
0.3800000000000003,2185.155445219773
0.3820000000000003,2185.1272007756793
0.3840000000000003,2185.0990997433223
0.3860000000000003,2185.070849461783
0.3880000000000003,2185.0427426719734
0.3900000000000003,2185.0147793894384
0.3920000000000003,2184.9866668677478
0.3940000000000003,2184.958697928337
0.3960000000000003,2184.93087258657
0.3980000000000003,2184.902898015735
0.4000000000000003,2184.8750671125003
0.4020000000000003,2184.8472334371777
0.4040000000000003,2184.819543472264
0.4060000000000003,2184.7918507709132
0.4080000000000003,2184.7640088478756
0.4100000000000003,2184.736457235747
0.4120000000000003,2184.708756391531
0.4140000000000003,2184.6811993976507
0.4160000000000003,2184.6536397263385
0.4180000000000003,2184.626077382196
0.4200000000000003,2184.5985123892247
0.4220000000000003,2184.5709447471645
0.4240000000000003,2184.543521065645
0.4260000000000003,2184.5160947509885
0.4280000000000003,2184.488665817421
0.4300000000000003,2184.461234274464
0.43200000000000033,2184.433800136415
0.43400000000000033,2184.4065100686494
0.43600000000000033,2184.379217411848
0.43800000000000033,2184.3517754933628
0.44000000000000034,2184.3244777127416
0.44200000000000034,2184.2971773665267
0.44400000000000034,2184.270021200019
0.44600000000000034,2184.2427157396114
0.44800000000000034,2184.2154077419204
0.45000000000000034,2184.1882439865376
0.45200000000000035,2184.161077694945
0.45400000000000035,2184.133762090168
0.45600000000000035,2184.106590780456
0.45800000000000035,2184.079416948193
0.46000000000000035,2184.052240612649
0.46200000000000035,2184.0252086167034
0.46400000000000036,2183.998027257316
0.46600000000000036,2183.970843413169
0.46800000000000036,2183.9438039710217
0.47000000000000036,2183.916615135311
0.47200000000000036,2183.8895707366637
0.47400000000000037,2183.862523863364
0.47600000000000037,2183.8354745199645
0.47800000000000037,2183.80827575914
0.48000000000000037,2183.7812215054987
0.4820000000000004,2183.7541647856838
0.4840000000000004,2183.7271056091317
0.4860000000000004,2183.700043975566
0.4880000000000004,2183.673126911068
0.4900000000000004,2183.646060370609
0.4920000000000004,2183.618991396484
0.4940000000000004,2183.591919983569
0.4960000000000004,2183.5649932048814
0.4980000000000004,2183.5379169069274
0.5000000000000003,2183.510985273309
0.5020000000000003,2183.4839041036344
0.5040000000000003,2183.4568205131036
0.5060000000000003,2183.429881634536
0.5080000000000003,2183.4029403213913
0.5100000000000003,2183.3758494338504
0.5120000000000003,2183.348903305864
0.5140000000000003,2183.3218075720893
0.5160000000000003,2183.2948566280165
0.5180000000000003,2183.2679032672468
0.5200000000000004,2183.2408002707184
0.5220000000000004,2183.2138421065974
0.5240000000000004,2183.18688152976
0.5260000000000004,2183.159771277388
0.5280000000000004,2183.1328059050293
0.5300000000000004,2183.10583812389
0.5320000000000004,2183.078867938502
0.5340000000000004,2183.0517480342787
0.5360000000000004,2183.024773065468
0.5380000000000004,2182.9977956914713
0.5400000000000004,2182.9708159168413
0.5420000000000004,2182.9436863752157
0.5440000000000004,2182.916701824398
0.5460000000000004,2182.889714872002
0.5480000000000004,2182.862578107871
0.5500000000000004,2182.8355863725005
0.5520000000000004,2182.8085922346177
0.5540000000000004,2182.78159570365
0.5560000000000004,2182.754449317571
0.5580000000000004,2182.727448015669
0.5600000000000004,2182.700444310034
0.5620000000000004,2182.6732907191317
0.5640000000000004,2182.6462822406547
0.5660000000000004,2182.6192713671717
0.5680000000000004,2182.5921105637462
0.5700000000000004,2182.5650949155674
0.5720000000000004,2182.537929310781
0.5740000000000004,2182.5109088817394
0.5760000000000004,2182.483886056118
0.5780000000000004,2182.4567132194566
0.5800000000000004,2182.4296855965176
0.5820000000000004,2182.4025079358603
0.5840000000000004,2182.3754755046257
0.5860000000000004,2182.3482930041628
0.5880000000000004,2182.3212557584825
0.5900000000000004,2182.2942160994457
0.5920000000000004,2182.2670263410214
0.5940000000000004,2182.239981880227
0.5960000000000004,2182.2127872933456
0.5980000000000004,2182.1857380295355
0.6000000000000004,2182.158686355632
0.6020000000000004,2182.131484520565
0.6040000000000004,2182.1044280563137
0.6060000000000004,2182.077221394485
0.6080000000000004,2182.0501601289166
0.6100000000000004,2182.022948643884
0.6120000000000004,2181.9958825756703
0.6140000000000004,2181.9686662613435
0.6160000000000004,2181.9415953940893
0.6180000000000004,2181.914374254047
0.6200000000000004,2181.8872985864627
0.6220000000000004,2181.8600726242425
0.6240000000000004,2181.8328442560373
0.6260000000000004,2181.805761398509
0.6280000000000004,2181.778528196507
0.6300000000000004,2181.751440530588
0.6320000000000005,2181.724202508038
0.6340000000000005,2181.6969620779346
0.6360000000000005,2181.66963403539
0.6380000000000005,2181.642536841361
0.6400000000000005,2181.6152892228506
0.6420000000000005,2181.5880391954142
0.6440000000000005,2181.56078675876
0.6460000000000005,2181.5335319076753
0.6480000000000005,2181.5062746418707
0.6500000000000005,2181.4791630345053
0.6520000000000005,2181.4519009271407
0.6540000000000005,2181.4246364137266
0.6560000000000005,2181.397369489147
0.6580000000000005,2181.3701001579125
0.6600000000000005,2181.342680270977
0.6620000000000005,2181.3154061171704
0.6640000000000005,2181.2881295363245
0.6660000000000005,2181.260850532994
0.6680000000000005,2181.2335691067856
0.6700000000000005,2181.2062852671675
0.6720000000000005,2181.178850795997
0.6740000000000005,2181.1515621347066
0.6760000000000005,2181.12427104441
0.6780000000000005,2181.096829277343
0.6800000000000005,2181.0695333537506
0.6820000000000005,2181.0422350050644
0.6840000000000005,2181.01478593429
0.6860000000000005,2180.987482750338
0.6880000000000005,2180.960028817289
0.6900000000000005,2180.9325724606
0.6920000000000005,2180.9052620098155
0.6940000000000005,2180.8778007694877
0.6960000000000005,2180.8503370947456
0.6980000000000005,2180.82301937422
0.7000000000000005,2180.7955508139044
0.7020000000000005,2180.768079823054
0.7040000000000005,2180.7406063964595
0.7060000000000005,2180.713130529017
0.7080000000000005,2180.6856522203
0.7100000000000005,2180.658171465204
0.7120000000000005,2180.630688268245
0.7140000000000005,2180.6032026242165
0.7160000000000005,2180.575714542445
0.7180000000000005,2180.54822400809
0.7200000000000005,2180.520731016017
0.7220000000000005,2180.493235541661
0.7240000000000005,2180.4657375847205
0.7260000000000005,2180.4382371593324
0.7280000000000005,2180.4107342700813
0.7300000000000005,2180.3832289262273
0.7320000000000005,2180.355572523498
0.7340000000000005,2180.328062290123
0.7360000000000005,2180.3005496012297
0.7380000000000005,2180.2728858029914
0.7400000000000005,2180.245368212886
0.7420000000000005,2180.2178481614233
0.7440000000000005,2180.1901769597252
0.7460000000000006,2180.1626520050245
0.7480000000000006,2180.1349758680626
0.7500000000000006,2180.107446003967
0.7520000000000006,2180.0797649255255
0.7540000000000006,2180.052081386103
0.7560000000000006,2180.024544143942
0.7580000000000006,2179.9968556513413
0.7600000000000006,2179.9691646870424
0.7620000000000006,2179.9414712555636
0.7640000000000006,2179.9139241684416
0.7660000000000006,2179.8862257762366
0.7680000000000006,2179.8585249110024
0.7700000000000006,2179.830821572386
0.7720000000000006,2179.8031157600144
0.7740000000000006,2179.7754074687828
0.7760000000000006,2179.7476966982895
0.7780000000000006,2179.7199834482
0.7800000000000006,2179.69211878508
0.7820000000000006,2179.66440058563
0.7840000000000006,2179.636679891063
0.7860000000000006,2179.608956705869
0.7880000000000006,2179.581082052773
0.7900000000000006,2179.553353900968
0.7920000000000006,2179.52547422962
0.7940000000000006,2179.4977410808137
0.7960000000000006,2179.4700054252203
0.7980000000000006,2179.4421182088768
0.8000000000000006,2179.4143775542275
0.8020000000000006,2179.3864853113537
0.8040000000000006,2179.358739651476
0.8060000000000006,2179.330842375875
0.8080000000000006,2179.3030917093965
0.8100000000000006,2179.2751893996574
0.8120000000000006,2179.2472845825478
0.8140000000000006,2179.219526408989
0.8160000000000006,2179.191616545994
0.8180000000000006,2179.163704174591
0.8200000000000006,2179.1359384812054
0.8220000000000006,2179.1080210619075
0.8240000000000006,2179.080101133115
0.8260000000000006,2179.0521786896625
0.8280000000000006,2179.024253721556
0.8300000000000006,2178.9963262332503
0.8320000000000006,2178.968545501592
0.8340000000000006,2178.940612961278
0.8360000000000006,2178.9126779045455
0.8380000000000006,2178.8847403262357
0.8400000000000006,2178.8566508997856
0.8420000000000006,2178.8287082927777
0.8440000000000006,2178.80076314864
0.8460000000000006,2178.772815476757
0.8480000000000006,2178.7448652767107
0.8500000000000006,2178.716912552997
0.8520000000000006,2178.6888078884485
0.8540000000000006,2178.6608501221954
0.8560000000000006,2178.63288981674
0.8580000000000007,2178.6047775288234
0.8600000000000007,2178.576812178696
0.8620000000000007,2178.5486948038974
0.8640000000000007,2178.520724393214
0.8660000000000007,2178.492601930087
0.8680000000000007,2178.4646264574294
0.8700000000000007,2178.4364988997454
0.8720000000000007,2178.408518358915
0.8740000000000007,2178.380385714905
0.8760000000000007,2178.352250530027
0.8780000000000007,2178.324112799129
0.8800000000000007,2178.2959725170176
0.8820000000000007,2178.267979303408
0.8840000000000007,2178.2398339073393
0.8860000000000007,2178.2116859686303
0.8880000000000007,2178.1835354821246
0.8900000000000007,2178.1553824426246
0.8920000000000007,2178.1272268498183
0.8940000000000007,2178.099068703281
0.8960000000000007,2178.0707582875543
0.8980000000000007,2178.0425950382155
0.9000000000000007,2178.0144292244922
0.9020000000000007,2177.98626084601
0.9040000000000007,2177.9579401375786
0.9060000000000007,2177.9297666534558
0.9080000000000007,2177.901590598659
0.9100000000000007,2177.8732621671197
0.9120000000000007,2177.8450809996843
0.9140000000000007,2177.8167474226534
0.9160000000000007,2177.788561126712
0.9180000000000007,2177.7602223931362
0.9200000000000007,2177.7318810883335
0.9220000000000007,2177.7036870997053
0.9240000000000007,2177.67534062657
0.9260000000000007,2177.6469915811085
0.9280000000000007,2177.618639953336
0.9300000000000007,2177.5902857429064
0.9320000000000007,2177.5619289494234
0.9340000000000007,2177.5335695629065
0.9360000000000007,2177.5052075926496
0.9380000000000007,2177.476843033468
0.9400000000000007,2177.448475884952
0.9420000000000007,2177.4201061467784
0.9440000000000007,2177.3917338233887
0.9460000000000007,2177.3633589047568
0.9480000000000007,2177.334831329397
0.9500000000000007,2177.306451244017
0.9520000000000007,2177.2780685575744
0.9540000000000007,2177.24953316242
0.9560000000000007,2177.2211452925258
0.9580000000000007,2177.192604680882
0.9600000000000007,2177.1642116165513
0.9620000000000007,2177.1356657821693
0.9640000000000007,2177.1071173457776
0.9660000000000007,2177.0787164873127
0.9680000000000007,2177.050162806747
0.9700000000000008,2177.021606523043
0.9720000000000008,2176.9930476214563
0.9740000000000008,2176.9644861063707
0.9760000000000008,2176.935921967775
0.9780000000000008,2176.9073552102395
0.9800000000000008,2176.878785828465
0.9820000000000008,2176.8502138221097
0.9840000000000008,2176.821639195603
0.9860000000000008,2176.7930619437802
0.9880000000000008,2176.7644820711
0.9900000000000008,2176.7357492117544
0.9920000000000008,2176.7071641015114
0.9940000000000008,2176.678576350061
0.9960000000000008,2176.6498355692984
0.9980000000000008,2176.6212425684566
1.0000000000000007,2176.592496505001
1.0020000000000007,2176.563898234099
1.0040000000000007,2176.535146862448
1.0060000000000007,2176.506543315172
1.0080000000000007,2176.4777866242334
1.0100000000000007,2176.4491777846906
1.0120000000000007,2176.420415772979
1.0140000000000007,2176.3916511029183
1.0160000000000007,2176.362883774188
1.0180000000000007,2176.334264326951
1.0200000000000007,2176.305491650432
1.0220000000000007,2176.2767163141034
1.0240000000000007,2176.247938312749
1.0260000000000007,2176.219308251832
1.0280000000000007,2176.19052490453
1.0300000000000007,2176.161738895834
1.0320000000000007,2176.132950220664
1.0340000000000007,2176.104158878583
1.0360000000000007,2176.0753648692357
1.0380000000000007,2176.046568187422
1.0400000000000007,2176.017768828
1.0420000000000007,2175.9889668049973
1.0440000000000007,2175.9601621036004
1.0460000000000007,2175.931203982898
1.0480000000000007,2175.9023939480317
1.0500000000000007,2175.873581228803
1.0520000000000007,2175.8447658297323
1.0540000000000007,2175.815796953907
1.0560000000000007,2175.786976213503
1.0580000000000007,2175.758152787251
1.0600000000000007,2175.7291758363867
1.0620000000000007,2175.700347066532
1.0640000000000007,2175.6715156097134
1.0660000000000007,2175.6425305803186
1.0680000000000007,2175.6135428735
1.0700000000000007,2175.5847033878435
1.0720000000000007,2175.55571028159
1.0740000000000007,2175.5268654286115
1.0760000000000007,2175.4978669261754
1.0780000000000007,2175.468865734815
1.0800000000000007,2175.4398618493683
1.0820000000000007,2175.41100626697
1.0840000000000007,2175.3819969726883
1.0860000000000007,2175.352984983099
1.0880000000000007,2175.3239702978726
1.0900000000000007,2175.2949529118177
1.0920000000000007,2175.265932819758
1.0940000000000007,2175.236910026068
1.0960000000000008,2175.207884530402
1.0980000000000008,2175.1788563227783
1.1000000000000008,2175.14982541716
1.1020000000000008,2175.120640655681
1.1040000000000008,2175.091604343656
1.1060000000000008,2175.062565318096
1.1080000000000008,2175.033523573865
1.1100000000000008,2175.004327920573
1.1120000000000008,2174.9752807715545
1.1140000000000008,2174.9460796700987
1.1160000000000008,2174.917027095607
1.1180000000000008,2174.8878205396236
1.1200000000000008,2174.858762533333
1.1220000000000008,2174.8295505212322
1.1240000000000008,2174.8003357829875
1.1260000000000008,2174.771269630916
1.1280000000000008,2174.7420494246694
1.1300000000000008,2174.7128264910352
1.1320000000000008,2174.6836008296723
1.1340000000000008,2174.6545238000263
1.1360000000000008,2174.6252926531415
1.1380000000000008,2174.596058782144
1.1400000000000008,2174.566822177002
1.1420000000000008,2174.5375828325973
1.1440000000000008,2174.5081893128954
1.1460000000000008,2174.478944503183
1.1480000000000008,2174.4496969386496
1.1500000000000008,2174.4204466285128
1.1520000000000008,2174.391193572299
1.1540000000000008,2174.3617862629358
1.1560000000000008,2174.3325277279073
1.1580000000000008,2174.303266416983
1.1600000000000008,2174.2740023201895
1.1620000000000008,2174.244583873591
1.1640000000000008,2174.2153142375305
1.1660000000000008,2174.1860418335527
1.1680000000000008,2174.156615059692
1.1700000000000008,2174.1273371570305
1.1720000000000008,2174.097904855134
1.1740000000000008,2174.0686214473994
1.1760000000000008,2174.0391836110957
1.1780000000000008,2174.0098947014576
1.1800000000000008,2173.980451333922
1.1820000000000008,2173.9510052049554
1.1840000000000008,2173.9215563093358
1.1860000000000008,2173.892256381644
1.1880000000000008,2173.862801932507
1.1900000000000008,2173.833344720305
1.1920000000000008,2173.803884735056
1.1940000000000008,2173.774421976436
1.1960000000000008,2173.7449564439585
1.1980000000000008,2173.7154881325305
1.2000000000000008,2173.6858652017163
1.2020000000000008,2173.656391340565
1.2040000000000008,2173.6269146944155
1.2060000000000008,2173.597435258156
1.2080000000000009,2173.56780114347
1.2100000000000009,2173.5383161494738
1.2120000000000009,2173.508828368861
1.2140000000000009,2173.479185856028
1.2160000000000009,2173.449692510475
1.2180000000000009,2173.4200443936015
1.2200000000000009,2173.3905454576593
1.2220000000000009,2173.360891720789
1.2240000000000009,2173.331235175666
1.2260000000000009,2173.3017278438924
1.2280000000000009,2173.27206565726
1.2300000000000009,2173.24240066587
1.2320000000000009,2173.212732850265
1.2340000000000009,2173.183214304064
1.2360000000000009,2173.153540843689
1.2380000000000009,2173.1238645721637
1.2400000000000009,2173.0941854795387
1.2420000000000009,2173.0645035654125
1.2440000000000009,2173.0348188341322
1.2460000000000009,2173.0051312757287
1.2480000000000009,2172.975440894605
1.2500000000000009,2172.9457476903412
1.252000000000001,2172.9160516577276
1.254000000000001,2172.886352801127
1.256000000000001,2172.856651120168
1.258000000000001,2172.8269466096153
1.260000000000001,2172.79708700625
1.262000000000001,2172.7673768542077
1.264000000000001,2172.7376638665996
1.266000000000001,2172.7077957271486
1.268000000000001,2172.6780770860205
1.270000000000001,2172.648355603342
1.272000000000001,2172.618478924087
1.274000000000001,2172.588751785387
1.276000000000001,2172.5588694155213
1.278000000000001,2172.5289842067145
1.280000000000001,2172.499248561746
1.282000000000001,2172.469357635988
1.284000000000001,2172.4396163118427
1.286000000000001,2172.409719677036
1.288000000000001,2172.3798201964155
1.290000000000001,2172.349917860069
1.292000000000001,2172.320012667572
1.294000000000001,2172.2902571330355
1.296000000000001,2172.260346213016
1.298000000000001,2172.2304324403704
1.300000000000001,2172.200515809826
1.302000000000001,2172.170596316283
1.304000000000001,2172.140673964084
1.306000000000001,2172.1107487527943
1.308000000000001,2172.0806680510846
1.310000000000001,2172.0507371199824
1.312000000000001,2172.0208033095087
1.314000000000001,2171.990866628774
1.316000000000001,2171.960927077304
1.318000000000001,2171.93083196978
1.320000000000001,2171.9008866943063
1.322000000000001,2171.8707858231396
1.324000000000001,2171.8408348076714
1.326000000000001,2171.810880914611
1.328000000000001,2171.78077137601
1.330000000000001,2171.750658962929
1.332000000000001,2171.720696457636
1.334000000000001,2171.690578261535
1.336000000000001,2171.6604571754383
1.338000000000001,2171.6304860398704
1.340000000000001,2171.6003591634244
1.342000000000001,2171.5702294004705
1.344000000000001,2171.5400967457717
1.346000000000001,2171.509961194208
1.348000000000001,2171.4798227453007
1.350000000000001,2171.4496813986525
1.352000000000001,2171.4195371537835
1.354000000000001,2171.3893900056146
1.356000000000001,2171.3592399583786
1.358000000000001,2171.3290870069286
1.360000000000001,2171.298931160328
1.362000000000001,2171.268772408623
1.364000000000001,2171.238457724048
1.366000000000001,2171.20829317463
1.368000000000001,2171.178125714103
1.370000000000001,2171.147802270407
1.372000000000001,2171.117629000083
1.374000000000001,2171.087299711435
1.376000000000001,2171.0571206201107
1.378000000000001,2171.026785480047
1.380000000000001,2170.99644741569
1.382000000000001,2170.966259596432
1.384000000000001,2170.9359156685473
1.386000000000001,2170.905568815099
1.388000000000001,2170.875219035576
1.390000000000001,2170.8450195490814
1.392000000000001,2170.814663893075
1.394000000000001,2170.784305309726
1.396000000000001,2170.7539437985733
1.398000000000001,2170.7235793544223
1.400000000000001,2170.693211972127
1.402000000000001,2170.6626883379968
1.404000000000001,2170.6323150868884
1.406000000000001,2170.601938882109
1.408000000000001,2170.5715597327253
1.410000000000001,2170.5410242702715
1.412000000000001,2170.5106392437956
1.414000000000001,2170.4802512666524
1.416000000000001,2170.4497069210383
1.418000000000001,2170.419313059451
1.420000000000001,2170.3887627939853
1.422000000000001,2170.358363036698
1.424000000000001,2170.327806840189
1.426000000000001,2170.2972476888867
1.428000000000001,2170.2668390797107
1.430000000000001,2170.2362739852033
1.432000000000001,2170.205705925179
1.434000000000001,2170.175134894373
1.436000000000001,2170.1445608877048
1.438000000000001,2170.1139838951976
1.440000000000001,2170.0835575175443
1.442000000000001,2170.0529745528274
1.444000000000001,2170.0223886104372
1.446000000000001,2169.991646048714
1.448000000000001,2169.9610541535344
1.450000000000001,2169.93045926045
1.452000000000001,2169.89986137839
1.454000000000001,2169.8692605022643
1.456000000000001,2169.8386566410218
1.458000000000001,2169.8080497895016
1.460000000000001,2169.77728620121
1.462000000000001,2169.746673381201
1.464000000000001,2169.7160575648077
1.466000000000001,2169.685284955884
1.468000000000001,2169.6546631588285
1.470000000000001,2169.623884538309
1.472000000000001,2169.5932567493373
1.474000000000001,2169.562472105951
1.476000000000001,2169.531838323289
1.478000000000001,2169.5010476552293
1.480000000000001,2169.4704078770587
1.482000000000001,2169.439611182535
1.484000000000001,2169.4088114759734
1.486000000000001,2169.378008761654
1.488000000000001,2169.347356986204
1.490000000000001,2169.3165482228937
1.492000000000001,2169.2857364457864
1.494000000000001,2169.2549216590933
1.496000000000001,2169.2241038481984
1.498000000000001,2169.1932830126766
1.500000000000001,2169.1624591567274
1.5020000000000011,2169.1316322752646
1.5040000000000011,2169.1008023724935
1.5060000000000011,2169.069969443261
1.5080000000000011,2169.0391334870897
1.5100000000000011,2169.008140381054
1.5120000000000011,2168.977298382809
1.5140000000000011,2168.9464533468968
1.5160000000000011,2168.9154511048637
1.5180000000000011,2168.8846000147155
1.5200000000000011,2168.853745880739
1.5220000000000011,2168.822734498608
1.5240000000000011,2168.7918743029054
1.5260000000000011,2168.760856827848
1.5280000000000011,2168.7298363050845
1.5300000000000011,2168.698967008193
1.5320000000000011,2168.6679403708663
1.5340000000000011,2168.6369106891675
1.5360000000000011,2168.6060322680573
1.5380000000000011,2168.574996464336
1.5400000000000011,2168.5439576100803
1.5420000000000011,2168.512915704892
1.5440000000000011,2168.481870734189
1.5460000000000012,2168.450822702145
1.5480000000000012,2168.4197716083777
1.5500000000000012,2168.388717447628
1.5520000000000012,2168.35766021947
1.5540000000000012,2168.3265999234727
1.5560000000000012,2168.2955365638095
1.5580000000000012,2168.264315648384
1.5600000000000012,2168.2332461589363
1.5620000000000012,2168.2021735950652
1.5640000000000012,2168.170943418809
1.5660000000000012,2168.1398647129063
1.5680000000000012,2168.1087829217563
1.5700000000000012,2168.0775434804627
1.5720000000000012,2168.0464555491826
1.5740000000000012,2168.015209903323
1.5760000000000012,2167.9841157595233
1.5780000000000012,2167.9528638601973
1.5800000000000012,2167.9217635020614
1.5820000000000012,2167.8906600506607
1.5840000000000012,2167.85939882002
1.5860000000000012,2167.8281345069645
1.5880000000000012,2167.79702180847
1.5900000000000012,2167.7657512927603
1.5920000000000012,2167.734477683792
1.5940000000000012,2167.703355743311
1.5960000000000012,2167.6720759288755
1.5980000000000012,2167.640793019762
1.6000000000000012,2167.6095070154674
1.6020000000000012,2167.5782179061675
1.6040000000000012,2167.5469256913448
1.6060000000000012,2167.5156303705226
1.6080000000000012,2167.4843319432607
1.6100000000000012,2167.4530304090626
1.6120000000000012,2167.421725762741
1.6140000000000012,2167.390418008546
1.6160000000000012,2167.3589522148004
1.6180000000000012,2167.327638251491
1.6200000000000012,2167.29632116478
1.6220000000000012,2167.264845986154
1.6240000000000012,2167.2335226780638
1.6260000000000012,2167.2020412368747
1.6280000000000012,2167.1707116913813
1.6300000000000012,2167.139223985736
1.6320000000000012,2167.107888200954
1.6340000000000012,2167.076394219477
1.6360000000000012,2167.0448971080605
1.6380000000000012,2167.01355196241
1.6400000000000012,2166.9820485629016
1.6420000000000012,2166.9505420367022
1.6440000000000012,2166.919032364512
1.6460000000000012,2166.8875195552996
1.6480000000000012,2166.8560035944556
1.6500000000000012,2166.824484490871
1.6520000000000012,2166.7929622300258
1.6540000000000012,2166.7614368160926
1.6560000000000012,2166.729908248608
1.6580000000000013,2166.698376527084
1.6600000000000013,2166.66684164166
1.6620000000000013,2166.6353036012297
1.6640000000000013,2166.603607103044
1.6660000000000013,2166.5720627543997
1.6680000000000013,2166.5405152351996
1.6700000000000013,2166.508964554349
1.6720000000000013,2166.477255342362
1.6740000000000013,2166.44569834471
1.6760000000000013,2166.4139827744207
1.6780000000000013,2166.38241944393
1.6800000000000013,2166.350697513421
1.6820000000000013,2166.31912784348
1.6840000000000013,2166.287399546062
1.6860000000000013,2166.2558235393662
1.6880000000000013,2166.22408886844
1.6900000000000013,2166.1923510185884
1.6920000000000013,2166.1606099799405
1.6940000000000013,2166.1290212924205
1.6960000000000013,2166.097273866964
1.6980000000000013,2166.06552325591
1.7000000000000013,2166.0337694587847
1.7020000000000013,2166.00201246572
1.7040000000000013,2165.9702522809316
1.7060000000000013,2165.9384888991945
1.7080000000000013,2165.9067223247584
1.7100000000000013,2165.8749525477074
1.7120000000000013,2165.843179576946
1.7140000000000013,2165.8114034072596
1.7160000000000013,2165.779468325921
1.7180000000000013,2165.747685764691
1.7200000000000013,2165.715899998399
1.7220000000000013,2165.6841110218684
1.7240000000000013,2165.6521630690095
1.7260000000000013,2165.6203676969626
1.7280000000000013,2165.5884133068284
1.7300000000000013,2165.556611518553
1.7320000000000013,2165.5246506844755
1.7340000000000013,2165.4928424779378
1.7360000000000013,2165.4608751885867
1.7380000000000013,2165.4289046816243
1.7400000000000013,2165.397086843197
1.7420000000000013,2165.365109873235
1.7440000000000013,2165.333129674853
1.7460000000000013,2165.3011462522186
1.7480000000000013,2165.269159595434
1.7500000000000013,2165.2371696993373
1.7520000000000013,2165.2051765728056
1.7540000000000013,2165.1731802059367
1.7560000000000013,2165.14118059826
1.7580000000000013,2165.1091777539555
1.7600000000000013,2165.0771716724607
1.7620000000000013,2165.045162348646
1.7640000000000013,2165.0131497866773
1.7660000000000013,2164.980977885158
1.7680000000000013,2164.948958848217
1.7700000000000014,2164.916936562245
1.7720000000000014,2164.8847548738345
1.7740000000000014,2164.8527261005074
1.7760000000000014,2164.8205378919934
1.7780000000000014,2164.7885026152812
1.7800000000000014,2164.7563078754147
1.7820000000000014,2164.72426609792
1.7840000000000014,2164.6920648199384
1.7860000000000014,2164.659860280528
1.7880000000000014,2164.6276524698033
1.7900000000000014,2164.595597678187
1.7920000000000014,2164.563383311292
1.7940000000000014,2164.5311656808703
1.7960000000000014,2164.4989447724383
1.7980000000000014,2164.4667205901383
1.8000000000000014,2164.434493133457
1.8020000000000014,2164.402262392601
1.8040000000000014,2164.370028371651
1.8060000000000014,2164.33779106547
1.8080000000000014,2164.305394044204
1.8100000000000014,2164.2731501780195
1.8120000000000014,2164.2409030203735
1.8140000000000014,2164.208652570787
1.8160000000000014,2164.1762423310274
1.8180000000000014,2164.143985312644
1.8200000000000014,2164.111568466489
1.8220000000000014,2164.0793048585833
1.8240000000000014,2164.0468813946522
1.8260000000000014,2164.014611199792
1.8280000000000014,2163.982181111305
1.8300000000000014,2163.9499043228566
1.8320000000000014,2163.917467607722
1.8340000000000014,2163.885027586791
1.8360000000000014,2163.8525842501977
1.8380000000000014,2163.820137592775
1.8400000000000014,2163.787844308074
1.8420000000000014,2163.7553910048437
1.8440000000000014,2163.7229343885106
1.8460000000000014,2163.6904744538806
1.8480000000000014,2163.658011195816
1.8500000000000014,2163.625387844196
1.8520000000000014,2163.5929179448276
1.8540000000000014,2163.560444711132
1.8560000000000014,2163.5279681425986
1.8580000000000014,2163.4954882479856
1.8600000000000014,2163.4628481675772
1.8620000000000014,2163.430361617084
1.8640000000000014,2163.3977148475756
1.8660000000000014,2163.365221629815
1.8680000000000014,2163.3325681505416
1.8700000000000014,2163.300068254071
1.8720000000000014,2163.2674080581974
1.8740000000000014,2163.2349014716565
1.8760000000000014,2163.20223455708
1.8780000000000014,2163.1695642836085
1.8800000000000014,2163.1370476615552
1.8820000000000014,2163.1043706522382
1.8840000000000015,2163.071690282389
1.8860000000000015,2163.0390065468414
1.8880000000000015,2163.0064765204775
1.8900000000000015,2162.973786040221
1.8920000000000015,2162.9410921972967
1.8940000000000015,2162.908394986498
1.8960000000000015,2162.8756944026964
1.8980000000000015,2162.8429904499862
1.9000000000000015,2162.8102831185342
1.9020000000000015,2162.777415228497
1.9040000000000015,2162.7447011542545
1.9060000000000015,2162.7119836950533
1.9080000000000015,2162.6792628503276
1.9100000000000015,2162.6465386288387
1.9120000000000015,2162.613653755809
1.9140000000000015,2162.5809227815307
1.9160000000000015,2162.5481884195783
1.9180000000000015,2162.5152933511854
1.9200000000000015,2162.482552228568
1.9220000000000015,2162.4496503613414
1.9240000000000015,2162.416902461986
1.9260000000000015,2162.383993789088
1.9280000000000015,2162.3510817159877
1.9300000000000015,2162.318323653258
1.9320000000000015,2162.285404757341
1.9340000000000015,2162.252482459595
1.9360000000000015,2162.2195567548088
1.9380000000000015,2162.1867851140673
1.9400000000000015,2162.153852577529
1.9420000000000015,2162.120916632277
1.9440000000000015,2162.087977277844
1.9460000000000015,2162.0550345090364
1.9480000000000015,2162.0220883206766
1.9500000000000015,2161.9891387214734
1.9520000000000015,2161.9561856970017
1.9540000000000015,2161.92307164461
1.9560000000000015,2161.8901117886567
1.9580000000000015,2161.8571485057287
1.9600000000000015,2161.8241817907456
1.9620000000000015,2161.791053975671
1.9640000000000015,2161.7580804201543
1.9660000000000015,2161.7249457214866
1.9680000000000015,2161.6919653139835
1.9700000000000015,2161.6589814347035
1.9720000000000015,2161.625836329162
1.9740000000000015,2161.592845534531
1.9760000000000015,2161.559851280365
1.9780000000000015,2161.5266957769495
1.9800000000000015,2161.4936946503867
1.9820000000000015,2161.4605322406815
1.9840000000000015,2161.4275242441245
1.9860000000000015,2161.3943549351834
1.9880000000000015,2161.3611821767718
1.9900000000000015,2161.3280059683925
1.9920000000000015,2161.294984222758
1.9940000000000015,2161.261801092208
1.9960000000000016,2161.22861450997
1.9980000000000016,2161.195424470912
2.0000000000000013,2161.162230969769
2.002000000000001,2161.129034006109
2.004000000000001,2161.0958335838855
2.0060000000000007,2161.062629693357
2.0080000000000005,2161.029422338579
2.0100000000000002,2160.9962115144053
2.012,2160.9628391377123
2.014,2160.9296213887733
2.0159999999999996,2160.8964001641457
2.0179999999999993,2160.8630173266097
2.019999999999999,2160.829789155432
2.021999999999999,2160.796557511444
2.0239999999999987,2160.7631641987896
2.0259999999999985,2160.729925604908
2.0279999999999982,2160.6965253127632
2.029999999999998,2160.6631215263455
2.031999999999998,2160.6298725020606
2.0339999999999976,2160.5964617143354
2.0359999999999974,2160.5630474352597
2.037999999999997,2160.5296296550227
2.039999999999997,2160.4963666916756
2.0419999999999967,2160.462941896381
2.0439999999999965,2160.4295136074575
2.0459999999999963,2160.3960818151254
2.047999999999996,2160.3626465141965
2.049999999999996,2160.3290493025424
2.0519999999999956,2160.2956069937313
2.0539999999999954,2160.262161160782
2.055999999999995,2160.2287118123745
2.057999999999995,2160.195258947928
2.0599999999999947,2160.161644082181
2.0619999999999945,2160.128184194918
2.0639999999999943,2160.0947207806803
2.065999999999994,2160.061095308946
2.067999999999994,2160.027624863839
2.0699999999999936,2159.9939923175934
2.0719999999999934,2159.960356236334
2.073999999999993,2159.9268752162816
2.075999999999993,2159.8932320432477
2.0779999999999927,2159.8595853243423
2.0799999999999925,2159.826093719489
2.0819999999999923,2159.7924399007557
2.083999999999992,2159.758782543546
2.085999999999992,2159.7251216381405
2.0879999999999916,2159.6914571793
2.0899999999999914,2159.6577891664983
2.091999999999991,2159.6241175899413
2.093999999999991,2159.5904424536243
2.0959999999999908,2159.556763757038
2.0979999999999905,2159.5230814948995
2.0999999999999903,2159.489395671352
2.10199999999999,2159.4557062811723
2.10399999999999,2159.4218544761425
2.1059999999999897,2159.3881579663453
2.1079999999999894,2159.354457878921
2.109999999999989,2159.320754222547
2.111999999999989,2159.2868880728197
2.1139999999999888,2159.253177282996
2.1159999999999886,2159.2193039649833
2.1179999999999883,2159.185586030159
2.119999999999988,2159.151705523254
2.121999999999988,2159.1179804365306
2.1239999999999877,2159.0840927474887
2.1259999999999875,2159.0502014649796
2.1279999999999872,2159.016465646789
2.129999999999987,2158.982567169464
2.131999999999987,2158.9486650969206
2.1339999999999866,2158.9147594239535
2.1359999999999864,2158.881009275687
2.137999999999986,2158.847096394036
2.139999999999986,2158.8131799193575
2.1419999999999857,2158.7792598418832
2.1439999999999855,2158.7453361656103
2.1459999999999853,2158.7114088762146
2.147999999999985,2158.6774779822445
2.149999999999985,2158.6435434831615
2.1519999999999846,2158.6094461129155
2.1539999999999844,2158.575504398556
2.155999999999984,2158.541559063556
2.157999999999984,2158.507610111879
2.1599999999999837,2158.4734982190184
2.1619999999999835,2158.4395420427536
2.1639999999999833,2158.405422885698
2.165999999999983,2158.3714594733187
2.167999999999983,2158.3373330404893
2.1699999999999826,2158.303362385018
2.1719999999999824,2158.26922867403
2.173999999999982,2158.2352507731243
2.175999999999982,2158.201109781553
2.1779999999999817,2158.1669651517404
2.1799999999999815,2158.132816883096
2.1819999999999813,2158.0988244763544
2.183999999999981,2158.064668908619
2.185999999999981,2158.0305096956654
2.1879999999999806,2157.996346836844
2.1899999999999804,2157.962180327075
2.19199999999998,2157.9280101656327
2.19399999999998,2157.8938363519997
2.1959999999999797,2157.859658885588
2.1979999999999795,2157.8253181144455
2.1999999999999793,2157.791133337254
2.201999999999979,2157.7569448962763
2.203999999999979,2157.722752790914
2.2059999999999786,2157.6883973102367
2.2079999999999784,2157.6541978938444
2.209999999999978,2157.6198350529985
2.211999999999978,2157.5856283048465
2.2139999999999778,2157.551258096861
2.2159999999999775,2157.5170440099314
2.2179999999999773,2157.482666432394
2.219999999999977,2157.4482851696634
2.221999999999977,2157.414060072908
2.2239999999999767,2157.379671427838
2.2259999999999764,2157.3452790957203
2.227999999999976,2157.3108830714673
2.229999999999976,2157.276483354401
2.231999999999976,2157.2422398813555
2.2339999999999756,2157.207832762115
2.2359999999999753,2157.173261981026
2.237999999999975,2157.1388474820847
2.239999999999975,2157.1044292736206
2.2419999999999747,2157.070007359513
2.2439999999999745,2157.0355817438012
2.2459999999999742,2157.0011524212478
2.247999999999974,2156.966559316334
2.249999999999974,2156.9321225884373
2.2519999999999736,2156.8976821472934
2.2539999999999734,2156.863077865786
2.255999999999973,2156.828630011046
2.257999999999973,2156.794018271106
2.2599999999999727,2156.7594028083477
2.2619999999999725,2156.724943803971
2.2639999999999723,2156.690320865379
2.265999999999972,2156.655694192919
2.267999999999972,2156.621224028788
2.2699999999999716,2156.5865898722377
2.2719999999999714,2156.551951984529
2.273999999999971,2156.5173103559364
2.275999999999971,2156.4826649813003
2.2779999999999707,2156.4480158645033
2.2799999999999705,2156.413363000366
2.2819999999999703,2156.3787063883215
2.28399999999997,2156.3440460276943
2.28599999999997,2156.3093819178907
2.2879999999999696,2156.274553637869
2.2899999999999694,2156.2398820286717
2.291999999999969,2156.205206663783
2.293999999999969,2156.1703670612064
2.2959999999999687,2156.1356841840675
2.2979999999999685,2156.100837037722
2.2999999999999683,2156.0661466366696
2.301999999999968,2156.0312919304556
2.303999999999968,2155.9965940075167
2.3059999999999676,2155.961731734298
2.3079999999999674,2155.926865679286
2.309999999999967,2155.891995841849
2.311999999999967,2155.857282836583
2.3139999999999668,2155.8224054043762
2.3159999999999665,2155.787524183255
2.3179999999999663,2155.752639163547
2.319999999999966,2155.7177503491266
2.321999999999966,2155.6828577393744
2.3239999999999656,2155.6479613245538
2.3259999999999654,2155.6130611085996
2.327999999999965,2155.578157090831
2.329999999999965,2155.54324927065
2.3319999999999648,2155.5083376474186
2.3339999999999645,2155.4734222159304
2.3359999999999643,2155.438342146389
2.337999999999964,2155.4034191107794
2.339999999999964,2155.3684922605275
2.3419999999999637,2155.3334007086887
2.3439999999999634,2155.2984662413796
2.3459999999999632,2155.263527934797
2.347999999999963,2155.2285857747506
2.349999999999963,2155.1934788133885
2.3519999999999626,2155.158528985903
2.3539999999999623,2155.123575330199
2.355999999999962,2155.0884568323477
2.357999999999962,2155.053495532612
2.3599999999999617,2155.0183693634035
2.3619999999999615,2154.9834004305644
2.3639999999999612,2154.948266582865
2.365999999999961,2154.9131289042834
2.367999999999961,2154.878148503746
2.3699999999999606,2154.843003138273
2.3719999999999604,2154.807853930893
2.37399999999996,2154.772700880969
2.37599999999996,2154.7377051767776
2.3779999999999597,2154.7025444257492
2.3799999999999595,2154.66737983473
2.3819999999999593,2154.6322113985293
2.383999999999959,2154.5970391120386
2.385999999999959,2154.561862974544
2.3879999999999586,2154.5265216862626
2.3899999999999584,2154.491337845323
2.391999999999958,2154.456150137898
2.393999999999958,2154.4209585678136
2.3959999999999577,2154.385763138981
2.3979999999999575,2154.3504024678896
2.3999999999999573,2154.3151993245388
2.401999999999957,2154.2798308932106
2.403999999999957,2154.244620023671
2.4059999999999566,2154.2092438249724
2.4079999999999564,2154.1740252175987
2.409999999999956,2154.1386412488773
2.411999999999956,2154.103414901019
2.4139999999999557,2154.0680231506312
2.4159999999999555,2154.032627522101
2.4179999999999553,2153.997227996739
2.419999999999955,2153.9618245783604
2.421999999999955,2153.9265788616417
2.4239999999999546,2153.891167641428
2.4259999999999544,2153.8557525307424
2.427999999999954,2153.8203335289277
2.429999999999954,2153.784910621769
2.4319999999999538,2153.749322133511
2.4339999999999535,2153.713891427489
2.4359999999999533,2153.678456809604
2.437999999999953,2153.643018279223
2.439999999999953,2153.6075758446964
2.4419999999999527,2153.5719677277702
2.4439999999999524,2153.536517478668
2.445999999999952,2153.5009015011638
2.447999999999952,2153.465443425794
2.4499999999999518,2153.4298195850965
2.4519999999999516,2153.3943536762827
2.4539999999999513,2153.3587219606047
2.455999999999951,2153.32324821568
2.457999999999951,2153.2876086268748
2.4599999999999507,2153.2519651050693
2.4619999999999505,2153.2163176405606
2.4639999999999502,2153.180666232689
2.46599999999995,2153.145010880775
2.46799999999995,2153.109513584778
2.4699999999999496,2153.073850329148
2.4719999999999493,2153.038021086468
2.473999999999949,2153.002349947087
2.475999999999949,2152.966674846793
2.4779999999999487,2152.930995789389
2.4799999999999485,2152.8953127741897
2.4819999999999482,2152.8596258095445
2.483999999999948,2152.8237727326937
2.485999999999948,2152.7880778581757
2.4879999999999476,2152.752216825133
2.4899999999999474,2152.716514024497
2.491999999999947,2152.680645028074
2.493999999999947,2152.6449342940787
2.4959999999999467,2152.6090573315078
2.4979999999999465,2152.5733386569436
2.4999999999999463,2152.5374537209914
2.501999999999946,2152.501564797254
2.503999999999946,2152.465671885103
2.5059999999999456,2152.4297749793072
2.5079999999999454,2152.3940364392347
2.509999999999945,2152.3581315352058
2.511999999999945,2152.322222640014
2.5139999999999447,2152.286147329815
2.5159999999999445,2152.250230441076
2.5179999999999443,2152.214309545595
2.519999999999944,2152.178384642661
2.521999999999944,2152.1424557316323
2.5239999999999436,2152.106522816266
2.5259999999999434,2152.0704233643696
2.527999999999943,2152.034482433663
2.529999999999943,2151.998374919876
2.5319999999999427,2151.962425957619
2.5339999999999425,2151.9263103701487
2.5359999999999423,2151.8903533690877
2.537999999999942,2151.854229705181
2.539999999999942,2151.818264658066
2.5419999999999416,2151.782132910461
2.5439999999999414,2151.7459971242974
2.545999999999941,2151.7100200027603
2.547999999999941,2151.6738761242273
2.5499999999999408,2151.6377282005565
2.5519999999999405,2151.601576231083
2.5539999999999403,2151.5654202105848
2.55599999999994,2151.5292601338947
2.55799999999994,2151.493096004793
2.5599999999999397,2151.4569278181148
2.5619999999999394,2151.420755577634
2.563999999999939,2151.3845792736406
2.565999999999939,2151.348398909998
2.5679999999999388,2151.31221449041
2.5699999999999386,2151.2758630829912
2.5719999999999383,2151.239670544683
2.573999999999938,2151.2034739348937
2.575999999999938,2151.16711027594
2.5779999999999377,2151.130905534262
2.5799999999999375,2151.094533700922
2.5819999999999372,2151.058320820014
2.583999999999937,2151.021940800585
2.585999999999937,2150.985719773134
2.5879999999999366,2150.949331573678
2.5899999999999364,2150.912939282927
2.591999999999936,2150.876706023497
2.593999999999936,2150.8403055350177
2.5959999999999357,2150.803900953094
2.5979999999999355,2150.7674922725464
2.5999999999999353,2150.731079488204
2.601999999999935,2150.6946625948467
2.603999999999935,2150.658241600714
2.6059999999999346,2150.6218164961706
2.6079999999999344,2150.5853872849298
2.609999999999934,2150.5489539618657
2.611999999999934,2150.5125165262302
2.6139999999999337,2150.476074986216
2.6159999999999335,2150.439465979709
2.6179999999999333,2150.4030162149315
2.619999999999933,2150.366562330252
2.621999999999933,2150.3299409217248
2.6239999999999326,2150.29347879903
2.6259999999999324,2150.256849114173
2.627999999999932,2150.2203787505914
2.629999999999932,2150.1837407776284
2.6319999999999317,2150.147262161308
2.6339999999999315,2150.110615901827
2.6359999999999313,2150.073965497617
2.637999999999931,2150.03731094355
2.639999999999931,2150.0006522433077
2.6419999999999306,2149.9641529750456
2.6439999999999304,2149.9274859542925
2.64599999999993,2149.890814789647
2.64799999999993,2149.8541394670515
2.6499999999999297,2149.8174599946146
2.6519999999999295,2149.7806126735936
2.6539999999999293,2149.743924880867
2.655999999999929,2149.707232918382
2.657999999999929,2149.6705367853388
2.6599999999999286,2149.6338364899443
2.6619999999999284,2149.596968249647
2.663999999999928,2149.560259622167
2.665999999999928,2149.523383006744
2.6679999999999278,2149.486666035398
2.6699999999999275,2149.4497810374337
2.6719999999999273,2149.4130557147523
2.673999999999927,2149.376162326877
2.675999999999927,2149.339264742514
2.6779999999999267,2149.3025268870124
2.6799999999999264,2149.2656208994163
2.681999999999926,2149.228710713068
2.683999999999926,2149.1917963272936
2.685999999999926,2149.154877736853
2.6879999999999256,2149.1179549321714
2.6899999999999253,2149.081027921337
2.691999999999925,2149.0440966991823
2.693999999999925,2149.007161264969
2.6959999999999247,2148.970221617964
2.6979999999999245,2148.9332777574414
2.6999999999999242,2148.8963296826187
2.701999999999924,2148.8592132428385
2.703999999999924,2148.8222567185385
2.7059999999999236,2148.7852959377947
2.7079999999999234,2148.748330899879
2.709999999999923,2148.711197401527
2.711999999999923,2148.6742238904953
2.7139999999999227,2148.637246146706
2.7159999999999225,2148.6000998885042
2.7179999999999223,2148.563113689264
2.719999999999922,2148.5259589411153
2.721999999999922,2148.488964279005
2.7239999999999216,2148.451801029024
2.7259999999999214,2148.4146335308656
2.727999999999921,2148.3776261728112
2.729999999999921,2148.3404501594537
2.7319999999999207,2148.3032698956818
2.7339999999999205,2148.266085376283
2.7359999999999203,2148.228896591667
2.73799999999992,2148.191703545491
2.73999999999992,2148.1545062325754
2.7419999999999196,2148.117304652184
2.7439999999999194,2148.0800988079613
2.745999999999919,2148.0428886902814
2.747999999999919,2148.005674298442
2.7499999999999187,2147.9682910401307
2.7519999999999185,2147.931068105354
2.7539999999999183,2147.893840885224
2.755999999999918,2147.856444730984
2.757999999999918,2147.819208954498
2.7599999999999176,2147.7819688904447
2.7619999999999174,2147.744559828946
2.763999999999917,2147.707146467047
2.765999999999917,2147.6698935510517
2.7679999999999167,2147.6324715652718
2.7699999999999165,2147.5952100661084
2.7719999999999163,2147.5577794622554
2.773999999999916,2147.5203445541983
2.775999999999916,2147.4829053323374
2.7779999999999156,2147.4454617914525
2.7799999999999154,2147.40801393081
2.781999999999915,2147.3705617496153
2.783999999999915,2147.333105242695
2.7859999999999148,2147.29564441369
2.7879999999999145,2147.258179257424
2.7899999999999143,2147.220709781931
2.791999999999914,2147.1832359732184
2.793999999999914,2147.145757843785
2.7959999999999137,2147.108110348155
2.7979999999999134,2147.0706235602634
2.7999999999999132,2147.03313243169
2.801999999999913,2146.9954718775393
2.803999999999913,2146.9579720858856
2.8059999999999126,2146.920302815813
2.8079999999999123,2146.8827943403376
2.809999999999912,2146.8451163512423
2.811999999999912,2146.807434005073
2.8139999999999117,2146.7699124951737
2.8159999999999115,2146.732221412073
2.8179999999999112,2146.6945259651857
2.819999999999911,2146.6568261493276
2.821999999999911,2146.6192872429524
2.8239999999999106,2146.581578675096
2.8259999999999104,2146.543865744725
2.82799999999991,2146.506148437849
2.82999999999991,2146.4684267580656
2.8319999999999097,2146.43053532535
2.8339999999999095,2146.3928048870694
2.8359999999999093,2146.355070060378
2.837999999999909,2146.317330848804
2.839999999999909,2146.279421795696
2.8419999999999086,2146.2416738149436
2.8439999999999084,2146.203921438187
2.845999999999908,2146.165999159986
2.847999999999908,2146.128238009271
2.8499999999999077,2146.0903069083497
2.8519999999999075,2146.052536967369
2.8539999999999073,2146.014597036158
2.855999999999907,2145.976652692179
2.857999999999907,2145.938869554611
2.8599999999999066,2145.900916366752
2.8619999999999064,2145.862958759376
2.863999999999906,2145.8249967271913
2.865999999999906,2145.7870302694646
2.8679999999999057,2145.74905938096
2.8699999999999055,2145.7110840652867
2.8719999999999053,2145.673104312887
2.873999999999905,2145.635120127329
2.875999999999905,2145.597131507808
2.8779999999999046,2145.5591384535337
2.8799999999999044,2145.5209751272387
2.881999999999904,2145.482973199305
2.883999999999904,2145.4449668298075
2.8859999999999038,2145.4067901147455
2.8879999999999035,2145.3687748579805
2.8899999999999033,2145.3305892153085
2.891999999999903,2145.292565063684
2.893999999999903,2145.2543704858103
2.8959999999999027,2145.2161714359895
2.8979999999999024,2145.1781339285058
2.899999999999902,2145.1399259254845
2.901999999999902,2145.1017134524527
2.9039999999999018,2145.0634964998194
2.9059999999999016,2145.0252750668183
2.9079999999999013,2144.987049152589
2.909999999999901,2144.9488187519296
2.911999999999901,2144.9105838640776
2.9139999999999007,2144.872344488175
2.9159999999999004,2144.8341006234386
2.9179999999999002,2144.7958522690165
2.9199999999999,2144.757599424146
2.9219999999999,2144.7191758440604
2.9239999999998996,2144.6809140181485
2.9259999999998993,2144.64248140333
2.927999999999899,2144.604210580026
2.929999999999899,2144.565935249054
2.9319999999998987,2144.5274890725705
2.9339999999998985,2144.4890383739594
2.9359999999998982,2144.450749537265
2.937999999999898,2144.412289780899
2.939999999999898,2144.373825499939
2.9419999999998976,2144.3353566891606
2.9439999999998974,2144.2970498064574
2.945999999999897,2144.258571922581
2.947999999999897,2144.2200895064
2.9499999999998967,2144.181602552789
2.9519999999998965,2144.1429445237677
2.9539999999998963,2144.1044484948825
2.955999999999896,2144.065947912922
2.957999999999896,2144.027442781421
2.9599999999998956,2143.9889330995497
2.9619999999998954,2143.950252235734
2.963999999999895,2143.911733457193
2.965999999999895,2143.873210125792
2.9679999999998947,2143.8345155379498
2.9699999999998945,2143.795983091804
2.9719999999998943,2143.757279348207
2.973999999999894,2143.718571022148
2.975999999999894,2143.6800248899713
2.9779999999998936,2143.6413073900558
2.9799999999998934,2143.602585305209
2.981999999999893,2143.564025462043
2.983999999999893,2143.5252941939398
2.9859999999998927,2143.486558333958
2.9879999999998925,2143.447817885643
2.9899999999998923,2143.409072839435
2.991999999999892,2143.3703231944523
2.993999999999892,2143.3315689499345
2.9959999999998916,2143.2928101049324
2.9979999999998914,2143.2540466543237
2.999999999999891,2143.215111587673
3.001999999999891,2143.17633893397
3.0039999999998908,2143.137561663411
3.0059999999998905,2143.0987797794946
3.0079999999998903,2143.059826196975
3.00999999999989,2143.021035098816
3.01199999999989,2142.982072247685
3.0139999999998897,2142.943271918851
3.0159999999998894,2142.904299791371
3.017999999999889,2142.8653230318223
3.019999999999889,2142.826508834176
3.0219999999998888,2142.7875227801255
3.0239999999998886,2142.7485320870874
3.0259999999998883,2142.7095367412535
3.027999999999888,2142.670536750384
3.029999999999888,2142.6316994121385
3.0319999999998877,2142.5926901095045
3.0339999999998875,2142.5536761593103
3.0359999999998872,2142.51449018512
3.037999999999887,2142.4754669258978
3.039999999999887,2142.436438999175
3.0419999999998866,2142.3974064083864
3.0439999999998864,2142.35836914405
3.045999999999886,2142.3193271879313
3.047999999999886,2142.2801130440907
3.0499999999998857,2142.241061703638
3.0519999999998855,2142.2020056732335
3.0539999999998853,2142.1629449649845
3.055999999999885,2142.1238795780764
3.057999999999885,2142.084641929631
3.0599999999998846,2142.0455672017547
3.0619999999998844,2142.006320170677
3.063999999999884,2141.9672360897134
3.065999999999884,2141.927979659503
3.0679999999998837,2141.888718531359
3.0699999999998835,2141.849620406485
3.0719999999998833,2141.8103498653213
3.073999999999883,2141.7710746193284
3.075999999999883,2141.731794667565
3.0779999999998826,2141.6926777914223
3.0799999999998824,2141.6533884153605
3.081999999999882,2141.6140943266073
3.083999999999882,2141.5747955286142
3.0859999999998817,2141.535324145014
3.0879999999998815,2141.4960159101074
3.0899999999998813,2141.456702950376
3.091999999999881,2141.4173852649437
3.093999999999881,2141.3780628528475
3.0959999999998806,2141.338567745927
3.0979999999998804,2141.2992358838565
3.09999999999988,2141.259731280515
3.10199999999988,2141.2203899519445
3.1039999999998797,2141.1808758400293
3.1059999999998795,2141.1415250414166
3.1079999999998793,2141.102001408754
3.109999999999879,2141.0624730237314
3.111999999999879,2141.0231080055
3.1139999999998786,2140.983570090051
3.1159999999998784,2140.944027415221
3.117999999999878,2140.9044799715025
3.119999999999878,2140.864927757988
3.1219999999998778,2140.825370773768
3.1239999999998775,2140.7858090136515
3.1259999999998773,2140.7462424767673
3.127999999999877,2140.7066711665425
3.129999999999877,2140.66709507342
3.1319999999998767,2140.627345869686
3.1339999999998764,2140.5877602223286
3.135999999999876,2140.548169785101
3.137999999999876,2140.5084061651146
3.139999999999876,2140.468806155369
3.1419999999998756,2140.429032916144
3.1439999999998753,2140.3894233216397
3.145999999999875,2140.349640455223
3.147999999999875,2140.3098527787383
3.1499999999998747,2140.2700602783816
3.1519999999998745,2140.230431491978
3.1539999999998742,2140.1906293400093
3.155999999999874,2140.1508223700735
3.157999999999874,2140.111010572588
3.1599999999998736,2140.0711939510243
3.1619999999998734,2140.031372495851
3.163999999999873,2139.9915462104022
3.165999999999873,2139.9517150895413
3.1679999999998727,2139.911710430512
3.1699999999998725,2139.8718696371166
3.1719999999998723,2139.8320240012545
3.173999999999872,2139.7921735177592
3.175999999999872,2139.752149414948
3.1779999999998716,2139.712289247309
3.1799999999998714,2139.6722554133103
3.181999999999871,2139.632385549278
3.183999999999871,2139.5923419675687
3.1859999999998707,2139.5522935132153
3.1879999999998705,2139.5124090832296
3.1899999999998703,2139.4723508670495
3.19199999999987,2139.4322877711643
3.19399999999987,2139.392219790399
3.1959999999998696,2139.3521469195025
3.1979999999998694,2139.3120691618433
3.199999999999869,2139.2719865122353
3.201999999999869,2139.231898965435
3.2039999999998687,2139.1918065291375
3.2059999999998685,2139.1517091938117
3.2079999999998683,2139.1116069628433
3.209999999999868,2139.0713307026667
3.211999999999868,2139.0312186784436
3.2139999999998676,2138.9911017429336
3.2159999999998674,2138.9508107136417
3.217999999999867,2138.9106839664764
3.219999999999867,2138.8703830780814
3.2219999999998667,2138.830246511246
3.2239999999998665,2138.7899357557726
3.2259999999998663,2138.7496200678765
3.227999999999866,2138.70946875637
3.229999999999866,2138.669143187236
3.2319999999998656,2138.6288126785184
3.2339999999998654,2138.588477229339
3.235999999999865,2138.54813683016
3.237999999999865,2138.5077914843414
3.2399999999998648,2138.467441186679
3.2419999999998645,2138.427085936193
3.2439999999998643,2138.3867257362613
3.245999999999864,2138.346360577408
3.247999999999864,2138.305990462894
3.2499999999998637,2138.2656153961007
3.2519999999998634,2138.2250658005833
3.2539999999998632,2138.1846808184164
3.255999999999863,2138.1441212555787
3.257999999999863,2138.103726337196
3.2599999999998626,2138.0631567989226
3.2619999999998623,2138.022751936319
3.263999999999862,2137.9821724102803
3.265999999999862,2137.9417575996085
3.2679999999998617,2137.9011680820377
3.2699999999998615,2137.860573569601
3.2719999999998612,2137.819974052819
3.273999999999861,2137.779369535002
3.275999999999861,2137.7387600067327
3.2779999999998606,2137.698145466958
3.2799999999998604,2137.6575259190377
3.28199999999986,2137.616901353463
3.28399999999986,2137.576271777838
3.2859999999998597,2137.5356371826906
3.2879999999998595,2137.494997575524
3.2899999999998593,2137.454182988051
3.291999999999859,2137.413533345904
3.293999999999859,2137.3728786761258
3.2959999999998586,2137.3320489560774
3.2979999999998584,2137.2913842369962
3.299999999999858,2137.2505444195867
3.301999999999858,2137.2096995500056
3.3039999999998577,2137.1690197329463
3.3059999999998575,2137.128164747413
3.3079999999998573,2137.087304706829
3.309999999999857,2137.0464396017264
3.311999999999857,2137.005739624955
3.3139999999998566,2136.964864387666
3.3159999999998564,2136.9239840913992
3.317999999999856,2136.883098726693
3.319999999999856,2136.8420380145844
3.3219999999998557,2136.8011425102713
3.3239999999998555,2136.760241921902
3.3259999999998553,2136.719336252676
3.327999999999855,2136.67842550167
3.329999999999855,2136.6373392930004
3.3319999999998546,2136.5964183841256
3.3339999999998544,2136.555321964893
3.335999999999854,2136.5143908814493
3.337999999999854,2136.4732842392245
3.3399999999998538,2136.4323429730885
3.3419999999998535,2136.39122610398
3.3439999999998533,2136.350104119933
3.345999999999853,2136.308977015669
3.347999999999853,2136.268015359741
3.3499999999998527,2136.226878007992
3.3519999999998524,2136.185735533102
3.353999999999852,2136.1445879341027
3.355999999999852,2136.1034352057586
3.3579999999998518,2136.062106667377
3.3599999999998515,2136.020943668812
3.3619999999998513,2135.97977553368
3.363999999999851,2135.938602252545
3.365999999999851,2135.897423837085
3.3679999999998507,2135.8560694877647
3.3699999999998504,2135.8148807583475
3.3719999999998502,2135.773686849594
3.37399999999985,2135.7323169189076
3.37599999999985,2135.691112677386
3.3779999999998496,2135.649903270263
3.3799999999998493,2135.6085177957466
3.381999999999849,2135.567298079676
3.383999999999849,2135.5259022515997
3.3859999999998487,2135.484501249344
3.3879999999998485,2135.443266062247
3.3899999999998482,2135.40185469196
3.391999999999848,2135.3604381402433
3.393999999999848,2135.319016401868
3.3959999999998476,2135.277589471567
3.3979999999998474,2135.2361573526305
3.399999999999847,2135.1947200313452
3.401999999999847,2135.1532775193255
3.4039999999998467,2135.111829802979
3.4059999999998465,2135.070376889671
3.4079999999998463,2135.0289187700073
3.409999999999846,2134.9872842173686
3.411999999999846,2134.9458156900073
3.4139999999998456,2134.904341953232
3.4159999999998454,2134.8626917034967
3.417999999999845,2134.821207540279
3.419999999999845,2134.7795468191803
3.4219999999998447,2134.738052221263
3.4239999999998445,2134.696381020487
3.4259999999998443,2134.654704573874
3.427999999999844,2134.6130228804814
3.429999999999844,2134.5715073879223
3.4319999999998436,2134.529815189823
3.4339999999998434,2134.4881177460124
3.435999999999843,2134.4464150470303
3.437999999999843,2134.4047070918973
3.4399999999998427,2134.3629938795325
3.4419999999998425,2134.321275404748
3.4439999999998423,2134.2793800669274
3.445999999999842,2134.237651067783
3.447999999999842,2134.1958010502804
3.4499999999998416,2134.154061628169
3.4519999999998414,2134.112145244525
3.453999999999841,2134.0703952771155
3.455999999999841,2134.028468298592
3.4579999999998408,2133.9867077690683
3.4599999999998405,2133.9447701873464
3.4619999999998403,2133.902827302106
3.46399999999984,2133.8610509192986
3.46599999999984,2133.8190974162317
3.4679999999998397,2133.7771386064846
3.4699999999998394,2133.7351744806847
3.471999999999839,2133.6932050377545
3.473999999999839,2133.651230276628
3.4759999999998388,2133.6092501963267
3.4779999999998386,2133.567264791546
3.4799999999998383,2133.5252740654714
3.481999999999838,2133.4832780128622
3.483999999999838,2133.441276632666
3.4859999999998377,2133.3990978737856
3.4879999999998375,2133.357085834454
3.4899999999998372,2133.3148963666013
3.491999999999837,2133.272873651394
3.493999999999837,2133.2306734577655
3.4959999999998366,2133.1886400624635
3.4979999999998364,2133.1464291346824
3.499999999999836,2133.104212844019
3.501999999999836,2133.062163405645
3.5039999999998357,2133.019936366141
3.5059999999998355,2132.977703956369
3.5079999999998353,2132.9354661711454
3.509999999999835,2132.8932230051964
3.511999999999835,2132.8509744574694
3.5139999999998346,2132.8087205227284
3.5159999999998344,2132.7664612040894
3.517999999999834,2132.7241964963036
3.519999999999834,2132.6817539768176
3.5219999999998337,2132.6394784906474
3.5239999999998335,2132.5971976038118
3.5259999999998333,2132.554738827959
3.527999999999833,2132.5124471480344
3.529999999999833,2132.469977528843
3.5319999999998326,2132.4276750389845
3.5339999999998324,2132.38519456798
3.535999999999832,2132.342708662633
3.537999999999832,2132.300389949353
3.5399999999998317,2132.2578931774374
3.5419999999998315,2132.21539096788
3.5439999999998313,2132.1728833238444
3.545999999999831,2132.1303702358787
3.547999999999831,2132.087851702889
3.5499999999998306,2132.045327719637
3.5519999999998304,2132.00279829344
3.55399999999983,2131.960263410578
3.55599999999983,2131.917723082611
3.5579999999998297,2131.875004456265
3.5599999999998295,2131.832453216771
3.5619999999998293,2131.789723624169
3.563999999999829,2131.7471614604788
3.565999999999829,2131.704420897279
3.5679999999998286,2131.6618477967195
3.5699999999998284,2131.619096246069
3.571999999999828,2131.5763392097288
3.573999999999828,2131.533749690899
3.5759999999998278,2131.4909816563836
3.5779999999998275,2131.4482081204474
3.5799999999998273,2131.405429086084
3.581999999999827,2131.3626445439536
3.583999999999827,2131.319854492915
3.5859999999998267,2131.277058931877
3.5879999999998264,2131.2342578597386
3.589999999999826,2131.19145127124
3.591999999999826,2131.148465952784
3.593999999999826,2131.105648330952
3.5959999999998256,2131.0628251853095
3.5979999999998253,2131.0198232313064
3.599999999999825,2130.976989033225
3.601999999999825,2130.9339759799827
3.6039999999998247,2130.8909573705
3.6059999999998245,2130.8481065805527
3.6079999999998242,2130.80507685274
3.609999999999824,2130.762041565324
3.611999999999824,2130.7190007130716
3.6139999999998236,2130.676127761092
3.6159999999998234,2130.633075773313
3.617999999999823,2130.5900182214696
3.619999999999823,2130.5467815669217
3.6219999999998227,2130.5037128653344
3.6239999999998225,2130.460638579751
3.6259999999998223,2130.4175587132313
3.627999999999822,2130.3744732604964
3.629999999999822,2130.3312085791345
3.6319999999998216,2130.2881119571543
3.6339999999998214,2130.2448360511316
3.635999999999821,2130.201728242987
3.637999999999821,2130.158441103612
3.6399999999998207,2130.115322096558
3.6419999999998205,2130.072023715234
3.6439999999998203,2130.028719706147
3.64599999999982,2129.9855838975436
3.64799999999982,2129.942268635576
3.6499999999998196,2129.8989477424357
3.6519999999998194,2129.8556212170147
3.653999999999819,2129.812111835958
3.655999999999819,2129.768774197267
3.6579999999998187,2129.725430922704
3.6599999999998185,2129.6820820110956
3.6619999999998183,2129.6385534606384
3.663999999999818,2129.5951932695943
3.665999999999818,2129.5518274298556
3.6679999999998176,2129.508281863574
3.6699999999998174,2129.464904716913
3.671999999999817,2129.421347796173
3.673999999999817,2129.377959329796
3.6759999999998167,2129.3343910376434
3.6779999999998165,2129.290991222304
3.6799999999998163,2129.2474115048453
3.681999999999816,2129.2040003030866
3.683999999999816,2129.1604091598742
3.6859999999998156,2129.1168123153725
3.6879999999998154,2129.0733840635176
3.689999999999815,2129.0297758110432
3.691999999999815,2128.9861618620644
3.6939999999998148,2128.94254221127
3.6959999999998145,2128.8989168534263
3.6979999999998143,2128.855285791446
3.699999999999814,2128.8116490159905
3.701999999999814,2128.7680065300146
3.7039999999998137,2128.7243583282266
3.7059999999998134,2128.680529913906
3.7079999999998132,2128.6368702829886
3.709999999999813,2128.593204924593
3.711999999999813,2128.549359273603
3.7139999999998126,2128.5056824667968
3.7159999999998123,2128.461825315304
3.717999999999812,2128.4181370512842
3.719999999999812,2128.37426838645
3.7219999999998117,2128.330393966064
3.7239999999998115,2128.2865137848676
3.7259999999998112,2128.242802561472
3.727999999999811,2128.1989108452613
3.729999999999811,2128.1550133605915
3.7319999999998106,2128.1111101103975
3.7339999999998104,2128.0672010812364
3.73599999999981,2128.0231114334565
3.73799999999981,2127.979190852577
3.7399999999998097,2127.93526448103
3.7419999999998095,2127.8913323216593
3.7439999999998093,2127.84721944313
3.745999999999809,2127.8032757144183
3.747999999999809,2127.7591512059284
3.7499999999998086,2127.715195886792
3.7519999999998084,2127.6710597394863
3.753999999999808,2127.627092825165
3.755999999999808,2127.582945034339
3.7579999999998077,2127.5387914206685
3.7599999999998075,2127.4946319747955
3.7619999999998073,2127.4504666955268
3.763999999999807,2127.4064707461507
3.765999999999807,2127.362293790994
3.7679999999998066,2127.317935792265
3.7699999999998064,2127.27374716329
3.771999999999806,2127.2295526867633
3.773999999999806,2127.1853523574105
3.7759999999998057,2127.141146182185
3.7779999999998055,2127.096758829617
3.7799999999998053,2127.0525409481834
3.781999999999805,2127.0081418365803
3.783999999999805,2126.9639122400004
3.7859999999998046,2126.9195013563944
3.7879999999998044,2126.875084585593
3.789999999999804,2126.830837387544
3.791999999999804,2126.7864088293277
3.7939999999998038,2126.741974376187
3.7959999999998035,2126.697534022794
3.7979999999998033,2126.653087767984
3.799999999999803,2126.60863560645
3.801999999999803,2126.564177541022
3.8039999999998027,2126.5197135623707
3.8059999999998024,2126.4752436733497
3.807999999999802,2126.4305921982577
3.809999999999802,2126.3861104818775
3.8119999999998018,2126.34162283923
3.8139999999998015,2126.2969535329244
3.8159999999998013,2126.25245404745
3.817999999999801,2126.2077728410814
3.819999999999801,2126.1632614997066
3.8219999999998007,2126.1185683883064
3.8239999999998004,2126.0738693169706
3.8259999999998002,2126.0291642844245
3.8279999999998,2125.9844532853795
3.8299999999998,2125.9397363145213
3.8319999999997996,2125.895013374734
3.8339999999997993,2125.850284456631
3.835999999999799,2125.8055495630115
3.837999999999799,2125.7608086926625
3.8399999999997987,2125.7160618443454
3.8419999999997985,2125.671309012771
3.8439999999997982,2125.626374101322
3.845999999999798,2125.581609300339
3.847999999999798,2125.536662361897
3.8499999999997976,2125.491885570366
3.8519999999997974,2125.4469265918715
3.853999999999797,2125.402137808809
3.855999999999797,2125.35716678123
3.8579999999997967,2125.3121897295696
3.8599999999997965,2125.2672066445143
3.8619999999997963,2125.222393835932
3.863999999999796,2125.177398683644
3.865999999999796,2125.1323974941947
3.8679999999997956,2125.0873902703565
3.8699999999997954,2125.0422005973173
3.871999999999795,2124.9971812813296
3.873999999999795,2124.9521559069494
3.8759999999997947,2124.9071244850793
3.8779999999997945,2124.8619105063653
3.8799999999997943,2124.8168669741362
3.881999999999794,2124.7718173784965
3.883999999999794,2124.7265851553257
3.8859999999997936,2124.6813468470978
3.8879999999997934,2124.636279058821
3.889999999999793,2124.5910285600685
3.891999999999793,2124.545771968369
3.8939999999997927,2124.5006859639298
3.8959999999997925,2124.4554171700415
3.8979999999997923,2124.4101422753556
3.899999999999792,2124.364861274574
3.901999999999792,2124.31957417046
3.9039999999997916,2124.274104141297
3.9059999999997914,2124.2288048068717
3.907999999999791,2124.1834993450734
3.909999999999791,2124.1381877627537
3.9119999999997908,2124.092693159126
3.9139999999997905,2124.0473693281597
3.9159999999997903,2124.0018624215854
3.91799999999979,2123.9565263287873
3.91999999999979,2123.9110071061014
3.9219999999997897,2123.865658746289
3.9239999999997894,2123.8201272023293
3.925999999999789,2123.7745894958284
3.927999999999789,2123.729045617491
3.9299999999997888,2123.683495570056
3.9319999999997886,2123.637939344153
3.9339999999997883,2123.5923769384744
3.935999999999788,2123.5468083518
3.937999999999788,2123.5012335827355
3.9399999999997877,2123.4556526300103
3.9419999999997875,2123.409888230238
3.9439999999997872,2123.3642949024043
3.945999999999787,2123.3186953789555
3.947999999999787,2123.2729123245613
3.9499999999997866,2123.2273004061108
3.9519999999997864,2123.1815049060515
3.953999999999786,2123.135703177139
3.955999999999786,2123.0900726443238
3.9579999999997857,2123.0442584498555
3.9599999999997855,2122.998438018556
3.9619999999997852,2122.9526113451416
3.963999999999785,2122.9067784322524
3.965999999999785,2122.860939266589
3.9679999999997846,2122.815093854874
3.9699999999997844,2122.7692421957017
3.971999999999784,2122.7233842518185
3.973999999999784,2122.677520029976
3.9759999999997837,2122.6316495287742
3.9779999999997835,2122.585595059483
3.9799999999997833,2122.5397120074967
3.981999999999783,2122.4938226882487
3.983999999999783,2122.447927096338
3.9859999999997826,2122.4018474503105
3.9879999999997824,2122.355939324937
3.989999999999782,2122.3098470823843
3.991999999999782,2122.2637485453774
3.9939999999997817,2122.2178215857566
3.9959999999997815,2122.1717104322215
3.9979999999997813,2122.1255929722447
3.999999999999781,2122.0794691964434
4.001999999999781,2122.033339107534
4.003999999999781,2121.9872026961516
4.005999999999781,2121.941059960979
4.007999999999781,2121.8949109046275
4.00999999999978,2121.8487555218144
4.01199999999978,2121.802593811145
4.01399999999978,2121.756247639174
4.01599999999978,2121.7100732643553
4.0179999999997795,2121.6638925536745
4.019999999999779,2121.617527296597
4.021999999999779,2121.571155676037
4.023999999999779,2121.5249559327776
4.025999999999779,2121.478571561866
4.027999999999778,2121.4321808154327
4.029999999999778,2121.3857836881543
4.031999999999778,2121.339558526367
4.033999999999778,2121.2931486298867
4.0359999999997775,2121.246732348467
4.037999999999777,2121.200131255459
4.039999999999777,2121.153702191337
4.041999999999777,2121.1072667222643
4.043999999999777,2121.0608248547474
4.045999999999776,2121.0141980603253
4.047999999999776,2120.9677433833326
4.049999999999776,2120.9212822919085
4.051999999999776,2120.8746361997814
4.053999999999776,2120.8279836651673
4.055999999999775,2120.7815033327356
4.057999999999775,2120.7348379058917
4.059999999999775,2120.6881660323857
4.061999999999775,2120.641487702906
4.0639999999997745,2120.5949816645316
4.065999999999774,2120.548290423849
4.067999999999774,2120.501413933201
4.069999999999774,2120.4547097699588
4.071999999999774,2120.4079991398507
4.073999999999773,2120.361282033578
4.075999999999773,2120.3145584576673
4.077999999999773,2120.267649493543
4.079999999999773,2120.220912965276
4.0819999999997725,2120.173990992637
4.083999999999772,2120.127241498545
4.085999999999772,2120.080306499887
4.087999999999772,2120.0335440304316
4.089999999999772,2119.9865960041107
4.091999999999771,2119.9396414593202
4.093999999999771,2119.8926803867494
4.095999999999771,2119.845712788931
4.097999999999771,2119.798738660476
4.0999999999997705,2119.7517579960904
4.10199999999977,2119.7047707982715
4.10399999999977,2119.6577770577096
4.10599999999977,2119.6107767809235
4.10799999999977,2119.56359067336
4.109999999999769,2119.516577306753
4.111999999999769,2119.4695573917747
4.113999999999769,2119.422351559235
4.115999999999769,2119.3753185341297
4.1179999999997685,2119.3280995427467
4.119999999999768,2119.280873963186
4.121999999999768,2119.233641790105
4.123999999999768,2119.186582506687
4.125999999999768,2119.139337143648
4.127999999999767,2119.0920851827673
4.129999999999767,2119.044826622591
4.131999999999767,2118.997561457831
4.133999999999767,2118.950110072514
4.1359999999997665,2118.9028316808954
4.137999999999766,2118.8555466763905
4.139999999999766,2118.8082550497147
4.141999999999766,2118.7607770936265
4.143999999999766,2118.7134722285855
4.145999999999765,2118.6659809692874
4.147999999999765,2118.618662848371
4.149999999999765,2118.571158280067
4.151999999999765,2118.5236470503546
4.1539999999997645,2118.4761291538784
4.155999999999764,2118.428604589158
4.157999999999764,2118.3812532655456
4.159999999999764,2118.333715353782
4.161999999999764,2118.285990808282
4.1639999999997634,2118.2384395442214
4.165999999999763,2118.190881592913
4.167999999999763,2118.1433169567463
4.169999999999763,2118.0955655683547
4.171999999999763,2118.0479875485926
4.173999999999762,2118.0004028357193
4.175999999999762,2117.9526312865737
4.177999999999762,2117.9048530103905
4.179999999999762,2117.857248194063
4.1819999999997615,2117.8094564534504
4.183999999999761,2117.761657977378
4.185999999999761,2117.713852760587
4.187999999999761,2117.6660407976024
4.189999999999761,2117.618402405873
4.19199999999976,2117.570396611607
4.19399999999976,2117.5225644051307
4.19599999999976,2117.474725442633
4.19799999999976,2117.4268797226964
4.1999999999997595,2117.3788468018693
4.201999999999759,2117.3309875565938
4.203999999999759,2117.2831215455008
4.205999999999759,2117.235068245019
4.207999999999759,2117.1870081442908
4.209999999999758,2117.1391218110284
4.211999999999758,2117.091048103609
4.213999999999758,2117.042967583668
4.215999999999758,2116.994880253556
4.2179999999997575,2116.946786104043
4.219999999999757,2116.8986851336176
4.221999999999757,2116.850577340767
4.223999999999757,2116.802462720069
4.225999999999757,2116.7543412739187
4.227999999999756,2116.7062130008317
4.229999999999756,2116.6578970670125
4.231999999999756,2116.6097551215853
4.233999999999756,2116.561425457286
4.2359999999997555,2116.513269829553
4.237999999999755,2116.4649264209374
4.239999999999755,2116.4167570932427
4.241999999999755,2116.368399930327
4.243999999999755,2116.3200358887425
4.245999999999754,2116.271664959174
4.247999999999754,2116.2232871400684
4.249999999999754,2116.174902418302
4.251999999999754,2116.126510773008
4.2539999999997535,2116.078112202681
4.255999999999753,2116.0297067096003
4.257999999999753,2115.981294264772
4.259999999999753,2115.9328749407114
4.261999999999753,2115.884448708695
4.263999999999752,2115.836015567222
4.265999999999752,2115.787575514758
4.267999999999752,2115.7389472331715
4.269999999999752,2115.6904933477144
4.2719999999997516,2115.6418511745387
4.273999999999751,2115.5933834421917
4.275999999999751,2115.544727363562
4.277999999999751,2115.496064324637
4.279999999999751,2115.447394319968
4.2819999999997505,2115.398717348101
4.28399999999975,2115.3500334035302
4.28599999999975,2115.301342480853
4.28799999999975,2115.252644586298
4.28999999999975,2115.203939706668
4.291999999999749,2115.1552278520207
4.293999999999749,2115.106509009202
4.295999999999749,2115.057601509164
4.297999999999749,2115.0088686902664
4.2999999999997485,2114.959947151316
4.301999999999748,2114.911200338476
4.303999999999748,2114.862264742805
4.305999999999748,2114.813503925939
4.307999999999748,2114.764554271083
4.309999999999747,2114.7155975789337
4.311999999999747,2114.6666338440464
4.313999999999747,2114.617663068729
4.315999999999747,2114.568685239869
4.3179999999997465,2114.5197003596763
4.319999999999746,2114.4707084265883
4.321999999999746,2114.421527421289
4.323999999999746,2114.372521363111
4.325999999999746,2114.323508243485
4.327999999999745,2114.2743059607246
4.329999999999745,2114.2252787025927
4.331999999999745,2114.176062221983
4.333999999999745,2114.127020811374
4.3359999999997445,2114.0777901265888
4.337999999999744,2114.0285523260395
4.339999999999744,2113.9793074158747
4.341999999999744,2113.9300553829103
4.343999999999744,2113.8807962256283
4.345999999999743,2113.8315299423457
4.347999999999743,2113.7822565353454
4.349999999999743,2113.7329759953273
4.351999999999743,2113.6835059095265
4.3539999999997425,2113.6342110953296
4.355999999999742,2113.5849091395125
4.357999999999742,2113.5354175540615
4.359999999999742,2113.4859187901507
4.361999999999742,2113.4365953852835
4.363999999999741,2113.3870822553804
4.365999999999741,2113.337561942128
4.367999999999741,2113.2882170584116
4.369999999999741,2113.2386823694496
4.3719999999997405,2113.189140484595
4.37399999999974,2113.139408704569
4.37599999999974,2113.089852411863
4.37799999999974,2113.0402889145957
4.37999999999974,2112.990718203435
4.381999999999739,2112.9411402806213
4.383999999999739,2112.891372314396
4.385999999999739,2112.8417799597364
4.387999999999739,2112.79199749768
4.3899999999997386,2112.7422077795754
4.391999999999738,2112.692593740081
4.393999999999738,2112.6427895010506
4.395999999999738,2112.5929779971566
4.397999999999738,2112.5431592268023
4.3999999999997375,2112.493333184493
4.401999999999737,2112.4434998647353
4.403999999999737,2112.393659265955
4.405999999999737,2112.343811386453
4.407999999999737,2112.2937730751805
4.409999999999736,2112.243910617823
4.411999999999736,2112.1940408709265
4.413999999999736,2112.1439805958844
4.415999999999736,2112.094096257349
4.4179999999997355,2112.0440213300612
4.419999999999735,2111.9939390683553
4.421999999999735,2111.944032807002
4.423999999999735,2111.893935867826
4.425999999999735,2111.843831589236
4.427999999999734,2111.7937199618646
4.429999999999734,2111.7436009841194
4.431999999999734,2111.693474654304
4.433999999999734,2111.6431574657695
4.4359999999997335,2111.5930164074293
4.437999999999733,2111.5428679843794
4.439999999999733,2111.4925286094285
4.441999999999733,2111.4423654439524
4.443999999999733,2111.3920112655946
4.445999999999732,2111.3416496771138
4.447999999999732,2111.2914643662066
4.449999999999732,2111.2410879490235
4.451999999999732,2111.1907041203467
4.4539999999997315,2111.140312863364
4.455999999999731,2111.089914183916
4.457999999999731,2111.039508072768
4.459999999999731,2110.989094531916
4.461999999999731,2110.938673555943
4.46399999999973,2110.888061237773
4.46599999999973,2110.8376253744586
4.46799999999973,2110.7869981076215
4.46999999999973,2110.7365473425684
4.4719999999997295,2110.685905112585
4.473999999999729,2110.63543943135
4.475999999999729,2110.5847822276214
4.477999999999729,2110.5341175283615
4.479999999999729,2110.4834453318595
4.481999999999728,2110.4327656326004
4.483999999999728,2110.382078425083
4.485999999999728,2110.331383707556
4.487999999999728,2110.280681482111
4.4899999999997275,2110.22997173946
4.491999999999727,2110.1790702000453
4.493999999999727,2110.128345416864
4.495999999999727,2110.0774287676677
4.497999999999727,2110.026688925703
4.499999999999726,2109.975757155971
4.501999999999726,2109.9250022407646
4.503999999999726,2109.8740553397165
4.505999999999726,2109.8231008680455
4.507999999999726,2109.772138820137
4.509999999999725,2109.7211691904936
4.511999999999725,2109.6701919736543
4.513999999999725,2109.6192071715777
4.515999999999725,2109.568214763757
4.5179999999997245,2109.5172147372223
4.519999999999724,2109.466207093959
4.521999999999724,2109.415191836043
4.523999999999724,2109.3639842464368
4.525999999999724,2109.312953763814
4.527999999999723,2109.261915668729
4.529999999999723,2109.210685158099
4.531999999999723,2109.1596318389916
4.533999999999723,2109.108386042125
4.5359999999997225,2109.057132593204
4.537999999999722,2109.005871490404
4.539999999999722,2108.9547876669903
4.541999999999722,2108.903511244975
4.543999999999722,2108.8522271600036
4.545999999999721,2108.8009354102755
4.547999999999721,2108.749450937496
4.549999999999721,2108.6981438327284
4.551999999999721,2108.6468290466546
4.5539999999997205,2108.5953214418273
4.55599999999972,2108.543991278747
4.55799999999972,2108.492468234295
4.55999999999972,2108.441122679552
4.56199999999972,2108.389584184516
4.563999999999719,2108.3380379569944
4.565999999999719,2108.2866692929983
4.567999999999719,2108.235107596604
4.569999999999719,2108.1835381584824
4.5719999999997185,2108.1319609805673
4.573999999999718,2108.0801906372576
4.575999999999718,2108.028597942762
4.577999999999718,2107.9769974918736
4.579999999999718,2107.9253892752895
4.581999999999717,2107.8735877748854
4.583999999999717,2107.8219640271445
4.585999999999717,2107.7701469251024
4.587999999999717,2107.718322020414
4.5899999999997165,2107.6664893000725
4.591999999999716,2107.614834421697
4.593999999999716,2107.562986066475
4.595999999999716,2107.5111298938423
4.597999999999716,2107.4592658981496
4.599999999999715,2107.4073940739263
4.601999999999715,2107.355328612839
4.603999999999715,2107.3034411128
4.605999999999715,2107.2515457712343
4.6079999999997145,2107.199456699604
4.609999999999714,2107.1475456600415
4.611999999999714,2107.095440826977
4.613999999999714,2107.043328107387
4.615999999999714,2106.9913934909705
4.6179999999997134,2106.9392649876663
4.619999999999713,2106.8871285885643
4.621999999999713,2106.834984288149
4.623999999999713,2106.782832080779
4.625999999999713,2106.7306719646167
4.627999999999712,2106.678503937814
4.629999999999712,2106.626141799066
4.631999999999712,2106.5739579319193
4.633999999999712,2106.5215798853333
4.6359999999997115,2106.4693801555827
4.637999999999711,2106.416986186213
4.639999999999711,2106.364770586306
4.641999999999711,2106.3123606829076
4.643999999999711,2106.259942804731
4.64599999999971,2106.207516949877
4.64799999999971,2106.155083112748
4.64999999999971,2106.1026412840924
4.65199999999971,2106.050191469364
4.6539999999997095,2105.99773365931
4.655999999999709,2105.9450812889177
4.657999999999709,2105.892607476223
4.659999999999709,2105.8399390353043
4.661999999999709,2105.7874492012998
4.663999999999708,2105.734764674821
4.665999999999708,2105.682072099448
4.667999999999708,2105.629558199427
4.669999999999708,2105.5768495196094
4.6719999999997075,2105.5241327777844
4.673999999999707,2105.4714079720516
4.675999999999707,2105.4186751004695
4.677999999999707,2105.365934157399
4.679999999999707,2105.312998232908
4.681999999999706,2105.2602411273115
4.683999999999706,2105.207475933485
4.685999999999706,2105.154515666751
4.687999999999706,2105.1017342913856
4.6899999999997055,2105.04875777481
4.691999999999705,2104.995773123365
4.693999999999705,2104.9427803351437
4.695999999999705,2104.889779404501
4.697999999999705,2104.836957487548
4.699999999999704,2104.783753075149
4.701999999999704,2104.730727698163
4.703999999999704,2104.6776941635817
4.705999999999704,2104.6246524695016
4.7079999999997035,2104.571602617544
4.709999999999703,2104.5183572645965
4.711999999999703,2104.465291073365
4.713999999999703,2104.412029319647
4.715999999999703,2104.3587593499874
4.717999999999702,2104.3056686115556
4.719999999999702,2104.2523822146854
4.721999999999702,2104.1990875922925
4.723999999999702,2104.1457847424044
4.7259999999997016,2104.0924736629654
4.727999999999701,2104.0391543484193
4.729999999999701,2103.9856391745457
4.731999999999701,2103.9323033694272
4.733999999999701,2103.878959319595
4.7359999999997004,2103.825419306747
4.7379999999997,2103.7720587470867
4.7399999999997,2103.7185021589344
4.7419999999997,2103.6649372782977
4.7439999999997,2103.611551917181
4.745999999999699,2103.557970438273
4.747999999999699,2103.5043806499734
4.749999999999699,2103.4507825538626
4.751999999999699,2103.3969881996745
4.7539999999996985,2103.343373460096
4.755999999999698,2103.28975038857
4.757999999999698,2103.236118990234
4.759999999999698,2103.18229120576
4.761999999999698,2103.12864313692
4.763999999999697,2103.074798615959
4.765999999999697,2103.0209457127817
4.767999999999697,2102.967272592035
4.769999999999697,2102.913402889461
4.7719999999996965,2102.859713012792
4.773999999999696,2102.8058265027894
4.775999999999696,2102.751931589474
4.777999999999696,2102.698028274471
4.779999999999696,2102.6441165520914
4.781999999999695,2102.59019642389
4.783999999999695,2102.5362678878673
4.785999999999695,2102.4823309419216
4.787999999999695,2102.4281971177006
4.7899999999996945,2102.374243330973
4.791999999999694,2102.320092599547
4.793999999999694,2102.266121956566
4.795999999999694,2102.211954298868
4.797999999999694,2102.1577781710325
4.799999999999693,2102.103593563798
4.801999999999693,2102.0494004786224
4.803999999999693,2101.9951989063125
4.805999999999693,2101.9409888483256
4.8079999999996925,2101.8867702953894
4.809999999999692,2101.832543252635
4.811999999999692,2101.778307714387
4.813999999999692,2101.7238748262366
4.815999999999692,2101.6696222756314
4.817999999999691,2101.6151723118946
4.819999999999691,2101.5607137924435
4.821999999999691,2101.5064356857256
4.823999999999691,2101.451960060125
4.8259999999996905,2101.3974758760673
4.82799999999969,2101.3429831242684
4.82999999999969,2101.2884818061907
4.83199999999969,2101.2337827939127
4.83399999999969,2101.1792643108956
4.835999999999689,2101.1247372409352
4.837999999999689,2101.07001238135
4.839999999999689,2101.015468122978
4.841999999999689,2100.9607260113025
4.8439999999996886,2100.906164556034
4.845999999999688,2100.8514051766224
4.847999999999688,2100.7966371560055
4.849999999999688,2100.741860491968
4.851999999999688,2100.687075171724
4.8539999999996875,2100.632281196635
4.855999999999687,2100.577478564641
4.857999999999687,2100.52247776436
4.859999999999687,2100.4676577928863
4.861999999999687,2100.4128291472894
4.863999999999686,2100.3578022338343
4.865999999999686,2100.3027666071325
4.867999999999686,2100.247911909459
4.869999999999686,2100.192858840533
4.8719999999996855,2100.1377970447406
4.873999999999685,2100.0827265127614
4.875999999999685,2100.027647246017
4.877999999999685,2099.9725592387495
4.879999999999685,2099.917462485209
4.881999999999684,2099.8621671182004
4.883999999999684,2099.8070528534085
4.885999999999684,2099.7519298287207
4.887999999999684,2099.696608093814
4.8899999999996835,2099.64127755577
4.891999999999683,2099.5861282173687
4.893999999999683,2099.530780064672
4.895999999999683,2099.475423098732
4.897999999999683,2099.4200573102103
4.899999999999682,2099.364682700474
4.901999999999682,2099.3092992601814
4.903999999999682,2099.253906990726
4.905999999999682,2099.198315659415
4.9079999999996815,2099.142905705385
4.909999999999681,2099.087296620961
4.911999999999681,2099.0318689628507
4.913999999999681,2098.97624210586
4.915999999999681,2098.9206063528804
4.91799999999968,2098.8651521068937
4.91999999999968,2098.809498560858
4.92199999999968,2098.7538361121938
4.92399999999968,2098.6979742552294
4.9259999999996795,2098.6422939711865
4.927999999999679,2098.586604760048
4.929999999999679,2098.5309066231957
4.931999999999679,2098.4750089437966
4.933999999999679,2098.419292942995
4.935999999999678,2098.363377327213
4.937999999999678,2098.3074527333565
4.939999999999678,2098.2517098886597
4.941999999999678,2098.1957673306865
4.9439999999996775,2098.1398157843832
4.945999999999677,2098.0838552403966
4.947999999999677,2098.0278856964082
4.949999999999677,2097.9717162573324
4.951999999999677,2097.915728693655
4.953999999999676,2097.8597321126394
4.955999999999676,2097.8035355307024
4.957999999999676,2097.747520902233
4.959999999999676,2097.6913062069702
4.961999999999676,2097.6350824415213
4.963999999999675,2097.578849600007
4.965999999999675,2097.5226076802164
4.967999999999675,2097.4663566762597
4.969999999999675,2097.410096585901
4.9719999999996745,2097.3538274444763
4.973999999999674,2097.2975491707407
4.975999999999674,2097.24107050781
4.977999999999674,2097.1847740248654
4.979999999999674,2097.128277082869
4.981999999999673,2097.0719623708424
4.983999999999673,2097.015447133471
4.985999999999673,2096.958922736503
4.987999999999673,2096.902389177517
4.9899999999996725,2096.84584644379
4.991999999999672,2096.789294539904
4.993999999999672,2096.7327334600454
4.995999999999672,2096.67616320188
4.997999999999672,2096.6195837595674
4.999999999999671,2096.5628034707784
5.001999999999671,2096.506205643205
5.003999999999671,2096.4494068918707
5.005999999999671,2096.3925988988876
5.0079999999996705,2096.3359734323053
5.00999999999967,2096.279146910284
5.01199999999967,2096.2223111186518
5.01399999999967,2096.165657929175
5.01599999999967,2096.1088036049637
5.017999999999669,2096.051940014481
5.019999999999669,2095.995067151924
5.021999999999669,2095.9379930161103
5.023999999999669,2095.88110159551
5.0259999999996685,2095.8242008922266
5.027999999999668,2095.767098807927
5.029999999999668,2095.7101795218405
5.031999999999668,2095.653058783975
5.033999999999668,2095.595928705306
5.035999999999667,2095.5389815115614
5.037999999999667,2095.4818327580206
5.039999999999667,2095.4246746530403
5.041999999999667,2095.367314878916
5.0439999999996665,2095.3101380497287
5.045999999999666,2095.2529518549145
5.047999999999666,2095.1957562885505
5.049999999999666,2095.1383589074517
5.051999999999666,2095.0811445871745
5.053999999999665,2095.023728377488
5.055999999999665,2094.9663027410743
5.057999999999665,2094.9088676719903
5.059999999999665,2094.85142316086
5.0619999999996645,2094.7939692087853
5.063999999999664,2094.7365058132414
5.065999999999664,2094.679032964908
5.067999999999664,2094.621550664823
5.069999999999664,2094.5640589105406
5.0719999999996634,2094.5063649049116
5.073999999999663,2094.4486613941
5.075999999999663,2094.391141223598
5.077999999999663,2094.333418688954
5.079999999999663,2094.2756866348736
5.081999999999662,2094.2179450520457
5.083999999999662,2094.160193937989
5.085999999999662,2094.102433286725
5.087999999999662,2094.04466309239
5.0899999999996615,2093.9868833593723
5.091999999999661,2093.928900973131
5.093999999999661,2093.871102130463
5.095999999999661,2093.8131005590844
5.097999999999661,2093.755089382309
5.09999999999966,2093.6972618303053
5.10199999999966,2093.6392314396276
5.10399999999966,2093.581191436028
5.10599999999966,2093.5231418101785
5.1079999999996595,2093.465082556099
5.109999999999659,2093.407013678151
5.111999999999659,2093.3487417358224
5.113999999999659,2093.290653567236
5.115999999999659,2093.2323622651493
5.117999999999658,2093.1742547924227
5.119999999999658,2093.1159441136565
5.121999999999658,2093.0576237318305
5.123999999999658,2092.9992936444482
5.1259999999996575,2092.9409538454556
5.127999999999657,2092.8826043290073
5.129999999999657,2092.824245095827
5.131999999999657,2092.765876140113
5.133999999999657,2092.707497459233
5.135999999999656,2092.6489152342106
5.137999999999656,2092.5905170769197
5.139999999999656,2092.5319153059245
5.141999999999656,2092.4733037419464
5.1439999999996555,2092.41468238582
5.145999999999655,2092.3560512281374
5.147999999999655,2092.29741026292
5.149999999999655,2092.238759491002
5.151999999999655,2092.1800989063736
5.153999999999654,2092.1214285064902
5.155999999999654,2092.0625541525847
5.157999999999654,2092.003864099094
5.159999999999654,2091.944970014793
5.1619999999996535,2091.8862602837416
5.163999999999653,2091.827346451796
5.165999999999653,2091.7684227344007
5.167999999999653,2091.7094891221436
5.169999999999653,2091.6505456157897
5.171999999999652,2091.5915922093336
5.173999999999652,2091.5326288967435
5.175999999999652,2091.473461214336
5.177999999999652,2091.4144780661327
5.1799999999996515,2091.3552904708213
5.181999999999651,2091.2962874628847
5.183999999999651,2091.2370799407827
5.185999999999651,2091.1778624383205
5.187999999999651,2091.118634952902
5.1899999999996504,2091.0593974784747
5.19199999999965,2091.000150012394
5.19399999999965,2090.9408925519965
5.19599999999965,2090.881625091239
5.19799999999965,2090.8221528067734
5.199999999999649,2090.762865321586
5.201999999999649,2090.7033729349446
5.203999999999649,2090.644065404477
5.205999999999649,2090.58455289822
5.2079999999996485,2090.525030323513
5.209999999999648,2090.4654976675515
5.211999999999648,2090.4059549309804
5.213999999999648,2090.346402107782
5.215999999999648,2090.286644071857
5.217999999999647,2090.227071044518
5.219999999999647,2090.167487915675
5.221999999999647,2090.1076994637842
5.223999999999647,2090.0479008558405
5.2259999999996465,2089.988287370887
5.227999999999646,2089.928468448903
5.229999999999646,2089.868639356007
5.231999999999646,2089.8088000928246
5.233999999999646,2089.7489506432566
5.235999999999645,2089.6890909944123
5.237999999999645,2089.6292211301907
5.239999999999645,2089.5691455444344
5.241999999999645,2089.5092552518777
5.2439999999996445,2089.4493547459037
5.245999999999644,2089.3892484173525
5.247999999999644,2089.3293274801035
5.249999999999644,2089.269200648335
5.251999999999644,2089.209063555916
5.253999999999643,2089.1491119396205
5.255999999999643,2089.088954320813
5.257999999999643,2089.028786429701
5.259999999999643,2088.9684124106707
5.2619999999996425,2088.9082239366867
5.263999999999642,2088.848025172091
5.265999999999642,2088.7876201610584
5.267999999999642,2088.7274007835804
5.269999999999642,2088.666975087242
5.271999999999641,2088.6065390323492
5.273999999999641,2088.546092612746
5.275999999999641,2088.4858319394048
5.277999999999641,2088.425168648234
5.2799999999996405,2088.36469111107
5.28199999999964,2088.304203194628
5.28399999999964,2088.2437048895013
5.28599999999964,2088.18299991796
5.28799999999964,2088.1224808167435
5.289999999999639,2088.0617549662456
5.291999999999639,2088.001018665214
5.293999999999639,2087.9404683203234
5.295999999999639,2087.879711113407
5.2979999999996386,2087.8189434407736
5.299999999999638,2087.7579687821294
5.301999999999638,2087.697180149057
5.303999999999638,2087.6363810350585
5.305999999999638,2087.575571430712
5.3079999999996375,2087.5145546872072
5.309999999999637,2087.453527399946
5.311999999999637,2087.3926862829826
5.313999999999637,2087.3316379068015
5.315999999999637,2087.2705789782067
5.317999999999636,2087.2095094810497
5.319999999999636,2087.1484294223806
5.321999999999636,2087.087338789372
5.323999999999636,2087.0260406553075
5.3259999999996355,2086.964928847638
5.327999999999635,2086.9038064536603
5.329999999999635,2086.842476444696
5.331999999999635,2086.781135792132
5.333999999999635,2086.719784486436
5.335999999999634,2086.658619652902
5.337999999999634,2086.597247049873
5.339999999999634,2086.535666585239
5.341999999999634,2086.4742726346435
5.3439999999996335,2086.412868009772
5.345999999999633,2086.351452704353
5.347999999999633,2086.2898293823637
5.349999999999633,2086.228392692791
5.351999999999633,2086.166747909013
5.353999999999632,2086.105092377732
5.355999999999632,2086.0434260959373
5.357999999999632,2085.98174905414
5.359999999999632,2085.9200612460686
5.3619999999996315,2085.858362672073
5.363999999999631,2085.7966533292133
5.365999999999631,2085.734933207949
5.367999999999631,2085.6730046353928
5.369999999999631,2085.611262937038
5.37199999999963,2085.549312706061
5.37399999999963,2085.4873516290427
5.37599999999963,2085.4253796996586
5.37799999999963,2085.363396911745
5.3799999999996295,2085.30140326221
5.381999999999629,2085.239398744849
5.383999999999629,2085.1773833599077
5.385999999999629,2085.11535709788
5.387999999999629,2085.0531219372147
5.389999999999628,2084.9910739002294
5.391999999999628,2084.92881688282
5.393999999999628,2084.8665489168025
5.395999999999628,2084.80446816613
5.3979999999996275,2084.742178312166
5.399999999999627,2084.6798775004604
5.401999999999627,2084.6175657280237
5.403999999999627,2084.5552429852737
5.405999999999627,2084.492710938144
5.407999999999626,2084.430366227185
5.409999999999626,2084.3678121230205
5.411999999999626,2084.305445418564
5.413999999999626,2084.2428692451763
5.415999999999626,2084.1804805317834
5.417999999999625,2084.1178822704173
5.419999999999625,2084.055272951075
5.421999999999625,2083.9926525674564
5.423999999999625,2083.9300211165173
5.4259999999996245,2083.8673785918745
5.427999999999624,2083.8045262689166
5.429999999999624,2083.741861562446
5.431999999999624,2083.6791857633234
5.433999999999624,2083.6163000482825
5.435999999999623,2083.5534031837346
5.437999999999623,2083.490694057002
5.439999999999623,2083.4277748900795
5.441999999999623,2083.364844557787
5.4439999999996225,2083.3019030538794
5.445999999999622,2083.2389503783593
5.447999999999622,2083.175986518501
5.449999999999622,2083.113011464669
5.451999999999622,2083.050025200914
5.453999999999621,2082.98702772087
5.455999999999621,2082.9238198174367
5.457999999999621,2082.860799895784
5.459999999999621,2082.797768755001
5.4619999999996205,2082.7345270820488
5.46399999999962,2082.6714734938123
5.46599999999962,2082.6082092933375
5.46799999999962,2082.5451332386747
5.46999999999962,2082.4818464948394
5.471999999999619,2082.418548468136
5.473999999999619,2082.3552391457765
5.475999999999619,2082.291918524619
5.477999999999619,2082.2285866014818
5.4799999999996185,2082.165243366781
5.481999999999618,2082.1018888205767
5.483999999999618,2082.0385229533235
5.485999999999618,2081.9751457682532
5.487999999999618,2081.911557475632
5.489999999999617,2081.8481576131553
5.491999999999617,2081.7847464105353
5.493999999999617,2081.7211239810413
5.495999999999617,2081.6576900723862
5.4979999999996165,2081.5940448529386
5.499999999999616,2081.530588212746
5.501999999999616,2081.466920181023
5.503999999999616,2081.4032407285413
5.505999999999616,2081.339749943151
5.507999999999615,2081.276047640157
5.509999999999615,2081.2123339004265
5.511999999999615,2081.1488089221
5.513999999999615,2081.085072303241
5.5159999999996145,2081.021324228581
5.517999999999614,2080.9577650033366
5.519999999999614,2080.8939940145815
5.521999999999614,2080.8304119339555
5.523999999999614,2080.766618008882
5.525999999999613,2080.703013047602
5.527999999999613,2080.6391961577006
5.529999999999613,2080.57556828725
5.531999999999613,2080.5119289562854
5.533999999999613,2080.4482781585707
5.535999999999612,2080.384816514546
5.537999999999612,2080.3211427684555
5.539999999999612,2080.257658225443
5.541999999999612,2080.194162217687
5.5439999999996115,2080.1308555051596
5.545999999999611,2080.067537332837
5.547999999999611,2080.0046093723104
5.549999999999611,2079.9416699867625
5.551999999999611,2079.87892003065
5.55399999999961,2079.8167613723203
5.55599999999961,2079.7553949753265
5.55799999999961,2079.6411681891605
5.55999999999961,1892.8744504388899
5.5619999999996095,1753.3342460451613
5.563999999999609,1728.7306411094528
5.565999999999609,1725.1465871491312
5.567999999999609,1722.264749584905
5.569999999999609,1719.9610392625073
5.571999999999608,1718.206410880859
5.573999999999608,1716.9161828776087
5.575999999999608,1715.984483441793
5.577999999999608,1715.315010672029
5.5799999999996075,1714.8320924783757
5.581999999999607,1714.4802841962935
5.583999999999607,1714.220369969214
5.585999999999607,1714.0248530491986
5.587999999999607,1713.874603370874
5.589999999999606,1713.7562832867193
5.591999999999606,1713.6605559322045
5.593999999999606,1713.580894686366
5.595999999999606,1713.5126872977003
5.5979999999996055,1713.452704454844
5.599999999999605,1713.3986473505797
5.601999999999605,1713.348893659
5.603999999999605,1713.3022927062673
5.605999999999605,1713.2580358985063
5.607999999999604,1713.2155422497037
5.609999999999604,1713.1744043070216
5.611999999999604,1713.1343383659512
5.613999999999604,1713.095132689184
5.6159999999996035,1713.05664535028
5.617999999999603,1713.0187731897565
5.619999999999603,1712.9814409454195
5.621999999999603,1712.9445984519657
5.623999999999603,1712.908202789241
5.625999999999602,1712.8722283197903
5.627999999999602,1712.8366557971544
5.629999999999602,1712.801469758441
5.631999999999602,1712.7666582189515
5.6339999999996015,1712.7322126983697
5.635999999999601,1712.698125699686
5.637999999999601,1712.6643931437534
5.639999999999601,1712.6310087687373
5.641999999999601,1712.5979685970965
5.6439999999996004,1712.5652691553516
5.6459999999996,1712.5329078882196
5.6479999999996,1712.5008812816507
5.6499999999996,1712.469186246817
5.6519999999996,1712.4378198394506
5.653999999999599,1712.4067795882243
5.655999999999599,1712.376062747172
5.657999999999599,1712.345668168991
5.659999999999599,1712.3155920649347
5.6619999999995985,1712.285832260287
5.663999999999598,1712.256387922735
5.665999999999598,1712.2272528247975
5.667999999999598,1712.1984283602162
5.669999999999598,1712.1699092417264
5.671999999999597,1712.1416944180949
5.673999999999597,1712.113779201711
5.675999999999597,1712.0861634115054
5.677999999999597,1712.0588420432605
5.6799999999995965,1712.031815262171
5.681999999999596,1712.0050806907775
5.683999999999596,1711.9786331206997
5.685999999999596,1711.9524727013018
5.687999999999596,1711.926597861402
5.689999999999595,1711.9010021505633
5.691999999999595,1711.8756870061204
5.693999999999595,1711.8506464731595
5.695999999999595,1711.825881791607
5.6979999999995945,1711.8013903717479
5.699999999999594,1711.7771666195772
5.701999999999594,1711.7532114631567
5.703999999999594,1711.7295233942743
5.705999999999594,1711.7060953395808
5.707999999999593,1711.6829294945176
5.709999999999593,1711.6600187778608
5.711999999999593,1711.6373711726558
5.713999999999593,1711.6149687861741
5.7159999999995925,1711.5928252582714
5.717999999999592,1711.5709274973806
5.719999999999592,1711.549273113066
5.721999999999592,1711.5278712773534
5.723999999999592,1711.5067086257225
5.725999999999591,1711.4857825366166
5.727999999999591,1711.4651030283671
5.729999999999591,1711.4446554122646
5.731999999999591,1711.4244379102224
5.7339999999995905,1711.4044543903103
5.73599999999959,1711.3847026839146
5.73799999999959,1711.3651811704867
5.73999999999959,1711.3458806054605
5.74199999999959,1711.3268056850195
5.743999999999589,1711.3079474744643
5.745999999999589,1711.2893109457111
5.747999999999589,1711.2708939859542
5.749999999999589,1711.2526947621618
5.7519999999995886,1711.234703618005
5.753999999999588,1711.2169181077497
5.755999999999588,1711.1993524858908
5.757999999999588,1711.1819883934302
5.759999999999588,1711.1648319998012
5.7619999999995875,1711.1478728393372
5.763999999999587,1711.1311178855085
5.765999999999587,1711.1145645663032
5.767999999999587,1711.0982114125297
5.769999999999587,1711.082047821371
5.771999999999586,1711.0660714645155
5.773999999999586,1711.0502982061662
5.775999999999586,1711.0347082768822
5.777999999999586,1711.0193092417226
5.7799999999995855,1711.0040894599376
5.781999999999585,1710.9890659749747
5.783999999999585,1710.9742085830885
5.785999999999585,1710.959543903981
5.787999999999585,1710.9450512350545
5.789999999999584,1710.9307380153293
5.791999999999584,1710.91660290358
5.793999999999584,1710.9026338904964
5.795999999999584,1710.888839565855
5.7979999999995835,1710.875217298044
5.799999999999583,1710.8617558826268
5.801999999999583,1710.8484637012398
5.803999999999583,1710.8353389217652
5.805999999999583,1710.822369300137
5.807999999999582,1710.8095638160544
5.809999999999582,1710.7969206685452
5.811999999999582,1710.78443834482
5.813999999999582,1710.7721042777728
5.8159999999995815,1710.7599273015944
5.817999999999581,1710.7479064943489
5.819999999999581,1710.7360287771337
5.821999999999581,1710.724303564349
5.823999999999581,1710.7127294066513
5.82599999999958,1710.7012929993816
5.82799999999958,1710.690004610487
5.82999999999958,1710.6788625417025
5.83199999999958,1710.6678651037587
5.8339999999995795,1710.6569992655416
5.835999999999579,1710.6462751104916
5.837999999999579,1710.6356909800513
5.839999999999579,1710.625233636814
5.841999999999579,1710.6149256679432
5.843999999999578,1710.604729038284
5.845999999999578,1710.5946788189997
5.847999999999578,1710.584748995334
5.849999999999578,1710.5749505595236
5.8519999999995775,1710.5652822066584
5.853999999999577,1710.5557423578307
5.855999999999577,1710.546316691501
5.857999999999577,1710.5370168231032
5.859999999999577,1710.5278285944908
5.861999999999576,1710.5187758982722
5.863999999999576,1710.5098319171705
5.865999999999576,1710.5010080249283
5.867999999999576,1710.492289827791
5.869999999999576,1710.4837023781524
5.871999999999575,1710.4752180678688
5.873999999999575,1710.4668349320425
5.875999999999575,1710.4585787361957
5.877999999999575,1710.4504215076768
5.8799999999995745,1710.4423751598904
5.881999999999574,1710.4344385350335
5.883999999999574,1710.4266104844658
5.885999999999574,1710.4188758394605
5.887999999999574,1710.41124709077
5.889999999999573,1710.403709256163
5.891999999999573,1710.3962886029158
5.893999999999573,1710.388956246293
5.895999999999573,1710.381724956816
5.8979999999995725,1710.3745936515045
5.899999999999572,1710.3675468182607
5.901999999999572,1710.360597718222
5.903999999999572,1710.3537444313781
5.905999999999572,1710.3469867757753
5.907999999999571,1710.3403228475759
5.909999999999571,1710.3337377731382
5.911999999999571,1710.3272442696089
5.913999999999571,1710.3208413252828
5.9159999999995705,1710.3145136505211
5.91799999999957,1710.308274146644
5.91999999999957,1710.3021221182726
5.92199999999957,1710.296056298895
5.92399999999957,1710.2900757197037
5.925999999999569,1710.284164307934
5.927999999999569,1710.2783361281952
5.929999999999569,1710.272590237841
5.931999999999569,1710.2669251203495
5.9339999999995685,1710.2613248404455
5.935999999999568,1710.25580368721
5.937999999999568,1710.2503604595097
5.939999999999568,1710.244994254969
5.941999999999568,1710.2396889948202
5.943999999999567,1710.234473825704
5.945999999999567,1710.2293171658148
5.947999999999567,1710.224233912969
5.949999999999567,1710.2192072680054
5.9519999999995665,1710.2142670378057
5.953999999999566,1710.2093816310776
5.955999999999566,1710.2045655599968
5.957999999999566,1710.1998176991901
5.959999999999566,1710.195121967747
5.961999999999565,1710.1904924341063
5.963999999999565,1710.1859442061673
5.965999999999565,1710.1814452702952
5.967999999999565,1710.1769944267176
5.9699999999995645,1710.1726219511656
5.971999999999564,1710.1682962209527
5.973999999999564,1710.1640315713512
5.975999999999564,1710.1598272354108
5.977999999999564,1710.155682452972
5.979999999999563,1710.1515802709532
5.981999999999563,1710.1475360763106
5.983999999999563,1710.1435488349996
5.985999999999563,1710.13961781455
5.987999999999563,1710.1357422889537
5.989999999999562,1710.131905474626
5.991999999999562,1710.128138164095
5.993999999999562,1710.1244080843735
5.995999999999562,1710.120730007806
5.9979999999995615,1710.1170870573892
5.999999999999561,1710.1135111804183
6.001999999999561,1710.1099690047274
6.003999999999561,1710.1064760398447
6.005999999999561,1710.103031320793
6.00799999999956,1710.0996344827079
6.00999999999956,1710.0962679258623
6.01199999999956,1710.0929639687258
6.01399999999956,1710.0896892439127
6.0159999999995595,1710.0864594628235
6.017999999999559,1710.0832733973773
6.019999999999559,1710.0801310173597
6.021999999999559,1710.0770146065004
6.023999999999559,1710.0739400008692
6.025999999999558,1710.0709068904048
6.027999999999558,1710.067914074142
6.029999999999558,1710.0649612528211
6.031999999999558,1710.0620478338392
6.0339999999995575,1710.0591562962077
6.035999999999557,1710.056302949092
6.037999999999557,1710.0534866173803
6.039999999999557,1710.050706729789
6.041999999999557,1710.0479630203424
6.043999999999556,1710.045254628204
6.045999999999556,1710.0425642417806
6.047999999999556,1710.0399080279428
6.049999999999556,1710.0372851410666
6.0519999999995555,1710.034695341614
6.053999999999555,1710.032137793408
6.055999999999555,1710.0296116644345
6.057999999999555,1710.0270998659573
6.059999999999555,1710.0246355872898
6.061999999999554,1710.0221839650271
6.063999999999554,1710.0197619547553
6.065999999999554,1710.017351517512
6.067999999999554,1710.014986294491
6.0699999999995535,1710.0126485727515
6.071999999999553,1710.0103211873598
6.073999999999553,1710.0080199890215
6.075999999999553,1710.0057447960714
6.077999999999553,1710.0034948257653
6.079999999999552,1710.0012699053664
6.081999999999552,1709.9990689570614
6.083999999999552,1709.996875065056
6.085999999999552,1709.99470418918
6.0879999999995515,1709.9925732535255
6.089999999999551,1709.9904470495278
6.091999999999551,1709.9883428011592
6.093999999999551,1709.9862423403447
6.095999999999551,1709.9841797440586
6.0979999999995504,1709.982120336458
6.09999999999955,1709.9800976368483
6.10199999999955,1709.9780766297813
6.10399999999955,1709.9760743273002
6.10599999999955,1709.9740903060501
6.107999999999549,1709.9721241463103
6.109999999999549,1709.97017482113
6.111999999999549,1709.968225023108
6.113999999999549,1709.9663090397755
6.1159999999995485,1709.9643911412682
6.117999999999548,1709.9624887369432
6.119999999999548,1709.9606011225344
6.121999999999548,1709.9587279029743
6.123999999999548,1709.9568686864943
6.125999999999547,1709.9550230847688
6.127999999999547,1709.953172842576
6.129999999999547,1709.9513526981489
6.131999999999547,1709.949527447636
6.1339999999995465,1709.947713972401
6.135999999999546,1709.9459115931015
6.137999999999546,1709.9441202480684
6.139999999999546,1709.9423389561052
6.141999999999546,1709.940567969436
6.143999999999545,1709.938789324852
6.145999999999545,1709.9370369443325
6.147999999999545,1709.9352758790633
6.149999999999545,1709.9335406878845
6.1519999999995445,1709.9317961058764
6.153999999999544,1709.9300590903904
6.155999999999544,1709.9283289900382
6.157999999999544,1709.9266057738355
6.159999999999544,1709.9248887955957
6.161999999999543,1709.9231604012862
6.163999999999543,1709.9214548963214
6.165999999999543,1709.9197370019947
6.167999999999543,1709.9180416538425
6.1699999999995425,1709.9163329539042
6.171999999999542,1709.9146285227432
6.173999999999542,1709.9129274213697
6.175999999999542,1709.9112299540986
6.177999999999542,1709.9095351863073
6.179999999999541,1709.9078428061932
6.181999999999541,1709.9061528153252
6.183999999999541,1709.90444696376
6.185999999999541,1709.9027602125977
6.1879999999995405,1709.901056996472
6.18999999999954,1709.899354336802
6.19199999999954,1709.8976695625172
6.19399999999954,1709.8959674352993
6.19599999999954,1709.8942649787843
6.197999999999539,1709.8925619021124
6.199999999999539,1709.890857604222
6.201999999999539,1709.8891521105993
6.203999999999539,1709.8874275260175
6.2059999999995386,1709.885718167427
6.207999999999538,1709.8840064526
6.209999999999538,1709.8822745029588
6.211999999999538,1709.8805396497519
6.213999999999538,1709.878818896978
6.2159999999995375,1709.8770767845872
6.217999999999537,1709.8753309513836
6.219999999999537,1709.8735805013919
6.221999999999537,1709.8718254813086
6.223999999999537,1709.870065626094
6.225999999999536,1709.8683003583496
6.227999999999536,1709.8665291017965
6.229999999999536,1709.8647522251883
6.231999999999536,1709.8629691560034
6.2339999999995355,1709.8611621010898
6.235999999999535,1709.8593655706384
6.237999999999535,1709.8575442448932
6.239999999999535,1709.8557329254193
6.241999999999535,1709.8538966387453
6.243999999999534,1709.852069530623
6.245999999999534,1709.8502166598037
6.247999999999534,1709.8483552904431
6.249999999999534,1709.8464845472301
6.2519999999995335,1709.8446048202748
6.253999999999533,1709.8427155531813
6.255999999999533,1709.8408161904688
6.257999999999533,1709.838906811
6.259999999999533,1709.836987178826
6.261999999999532,1709.835056742498
6.263999999999532,1709.8330978533363
6.265999999999532,1709.8311451194234
6.267999999999532,1709.8291805679253
6.2699999999995315,1709.8271872189614
6.271999999999531,1709.8251986729963
6.273999999999531,1709.8231979428683
6.275999999999531,1709.8211674495135
6.277999999999531,1709.8191237083984
6.27999999999953,1709.8170838284711
6.28199999999953,1709.8150135501648
6.28399999999953,1709.8129293596994
6.28599999999953,1709.8108483354097
6.2879999999995295,1709.8087356528126
6.289999999999529,1709.8066099999157
6.291999999999529,1709.8044705250518
6.293999999999529,1709.8023004055028
6.295999999999529,1709.800132981828
6.297999999999528,1709.7979504621733
6.299999999999528,1709.7957357460066
6.301999999999528,1709.7935220980828
6.303999999999528,1709.7912752229433
6.3059999999995275,1709.7890286531822
6.307999999999527,1709.7867487899773
6.309999999999527,1709.784468151638
6.311999999999527,1709.7821535174592
6.313999999999527,1709.7798379917035
6.315999999999526,1709.7774877720196
6.317999999999526,1709.7751194641169
6.319999999999526,1709.7727492941306
6.321999999999526,1709.7703435510762
6.323999999999526,1709.7679191206978
6.325999999999525,1709.7654751619007
6.327999999999525,1709.7630288068622
6.329999999999525,1709.7605458283567
6.331999999999525,1709.7580430545752
6.3339999999995245,1709.7555199689311
6.335999999999524,1709.752976700209
6.337999999999524,1709.7504293370253
6.339999999999524,1709.7478441401445
6.341999999999524,1709.7452381845185
6.343999999999523,1709.7426106340151
6.345999999999523,1709.7399612987945
6.347999999999523,1709.7372903132618
6.349999999999523,1709.734597489696
6.3519999999995225,1709.7318819936324
6.353999999999522,1709.7291439619578
6.355999999999522,1709.7263832089045
6.357999999999522,1709.7235992252502
6.359999999999522,1709.7207921508848
6.361999999999521,1709.7179781899306
6.363999999999521,1709.7151237153755
6.365999999999521,1709.7122046111347
6.367999999999521,1709.7093023425225
6.3699999999995205,1709.706375743817
6.37199999999952,1709.7034243095627
6.37399999999952,1709.7004481851789
6.37599999999952,1709.6974471918506
6.37799999999952,1709.694420500098
6.379999999999519,1709.6913682573731
6.381999999999519,1709.6882906124674
6.383999999999519,1709.6851867370171
6.385999999999519,1709.6820564546456
6.3879999999995185,1709.678899916078
6.389999999999518,1709.6757166201269
6.391999999999518,1709.672506392329
6.393999999999518,1709.66926938577
6.395999999999518,1709.6660048189704
6.397999999999517,1709.662712430128
6.399999999999517,1709.6593924176332
6.401999999999517,1709.656060579998
6.403999999999517,1709.6526844561076
6.4059999999995165,1709.6492798678528
6.407999999999516,1709.6458466451274
6.409999999999516,1709.6423846183814
6.411999999999516,1709.6389091442702
6.413999999999516,1709.6353889791533
6.415999999999515,1709.631838847471
6.417999999999515,1709.6282592383059
6.419999999999515,1709.624665084924
6.421999999999515,1709.621025338129
6.4239999999995145,1709.617355285059
6.425999999999514,1709.6136701144221
6.427999999999514,1709.6099385975392
6.429999999999514,1709.6061759487138
6.431999999999514,1709.6023979409965
6.433999999999513,1709.598572839191
6.435999999999513,1709.5947316696843
6.437999999999513,1709.5908427998686
6.439999999999513,1709.5869378141215
6.441999999999513,1709.5830003325227
6.443999999999512,1709.579014740633
6.445999999999512,1709.5750121368637
6.447999999999512,1709.5709765507004
6.449999999999512,1709.566892449725
6.4519999999995115,1709.5627904421708
6.453999999999511,1709.5586549694247
6.455999999999511,1709.5544855398534
6.457999999999511,1709.550282324965
6.459999999999511,1709.5460448337137
6.46199999999951,1709.5417732387145
6.46399999999951,1709.5374667173903
6.46599999999951,1709.5331257752716
6.46799999999951,1709.5287495900106
6.4699999999995095,1709.524338336017
6.471999999999509,1709.5198918560054
6.473999999999509,1709.5154096603396
6.475999999999509,1709.5109069271086
6.477999999999509,1709.5063551318901
6.479999999999508,1709.501730622808
6.481999999999508,1709.4971187803887
6.483999999999508,1709.4924554964236
6.485999999999508,1709.4877704104742
6.4879999999995075,1709.483033633505
6.489999999999507,1709.4782746840078
6.491999999999507,1709.473478221517
6.493999999999507,1709.4686293632715
6.495999999999507,1709.4637574429246
6.497999999999506,1709.4588475472153
6.499999999999506,1709.4538995226653
6.501999999999506,1709.4489132161377
6.503999999999506,1709.4438881398648
6.5059999999995055,1709.4388241409379
6.507999999999505,1709.4337214021255
6.509999999999505,1709.4285791007655
6.511999999999505,1709.4234121945608
6.513999999999505,1709.4181909501683
6.515999999999504,1709.412932038864
6.517999999999504,1709.407623540274
6.519999999999504,1709.402281534786
6.521999999999504,1709.3969140011434
6.5239999999995035,1709.391505777312
6.525999999999503,1709.386042846241
6.527999999999503,1709.3805531619585
6.529999999999503,1709.3750223371212
6.531999999999503,1709.3694502220574
6.533999999999502,1709.3638366674154
6.535999999999502,1709.358181186805
6.537999999999502,1709.3524839685283
6.539999999999502,1709.3467445265255
6.5419999999995015,1709.3409766341454
6.543999999999501,1709.3351522632474
6.545999999999501,1709.3292990732807
6.547999999999501,1709.3233888426043
6.549999999999501,1709.317449424286
6.5519999999995004,1709.3114530811745
6.5539999999995,1709.3054268438773
6.5559999999995,1709.2993567882552
6.5579999999995,1709.2932427670605
6.5599999999995,1709.287084633372
6.561999999999499,1709.2808822405102
6.563999999999499,1709.2746354421204
6.565999999999499,1709.2683437526161
6.567999999999499,1709.2620208035614
6.5699999999994985,1709.25563919474
6.571999999999498,1709.2492259577182
6.573999999999498,1709.242753506926
6.575999999999498,1709.2362490592952
6.577999999999498,1709.2296987687491
6.579999999999497,1709.2231021496243
6.581999999999497,1709.216459397305
6.583999999999497,1709.2097700263664
6.585999999999497,1709.203034233038
6.5879999999994965,1709.196251532179
6.589999999999496,1709.189434781876
6.591999999999496,1709.182558134216
6.593999999999496,1709.1756467261882
6.595999999999496,1709.1686748737034
6.597999999999495,1709.1616682327538
6.599999999999495,1709.1546133975257
6.601999999999495,1709.147510566565
6.603999999999495,1709.1403592547229
6.6059999999994945,1709.1331593189352
6.607999999999494,1709.1259109589787
6.609999999999494,1709.1186133474055
6.611999999999494,1709.111279226054
6.613999999999494,1709.10388332649
6.615999999999493,1709.0964505468392
6.617999999999493,1709.0889682033699
6.619999999999493,1709.081435467517
6.621999999999493,1709.0738528839913
6.6239999999994925,1709.0662199678757
6.625999999999492,1709.0585369215905
6.627999999999492,1709.0508029165228
6.629999999999492,1709.0430303015467
6.631999999999492,1709.0351945989364
6.633999999999491,1709.0273195706282
6.635999999999491,1709.0193932740235
6.637999999999491,1709.0114032593851
6.639999999999491,1709.0033737061724
6.6419999999994905,1708.995303646958
6.64399999999949,1708.98716983981
6.64599999999949,1708.9789837189483
6.64799999999949,1708.9707565326385
6.64999999999949,1708.9624653191042
6.651999999999489,1708.9541323217084
6.653999999999489,1708.945746704603
6.655999999999489,1708.9373072913163
6.657999999999489,1708.9288146344225
6.6599999999994886,1708.9202682492205
6.661999999999488,1708.9116683434438
6.663999999999488,1708.9030140861225
6.665999999999488,1708.8943166415565
6.667999999999488,1708.8855651644803
6.6699999999994874,1708.8767476185417
6.671999999999487,1708.8678866713176
6.673999999999487,1708.8589705840884
6.675999999999487,1708.8500102751173
6.677999999999487,1708.8409837923334
6.679999999999486,1708.8319014094986
6.681999999999486,1708.8227745901127
6.683999999999486,1708.8135914954626
6.685999999999486,1708.8043415324562
6.6879999999994855,1708.7950462228803
6.689999999999485,1708.785704928497
6.691999999999485,1708.776296407259
6.693999999999485,1708.7668305785571
6.695999999999485,1708.757318549241
6.697999999999484,1708.7477390402212
6.699999999999484,1708.738112257203
6.701999999999484,1708.728427867355
6.703999999999484,1708.718685385806
6.7059999999994835,1708.7088853758219
6.707999999999483,1708.699037232422
6.709999999999483,1708.6891203093953
6.711999999999483,1708.6791552252425
6.713999999999483,1708.6691309164257
6.715999999999482,1708.6590379351212
6.717999999999482,1708.6489061856846
6.719999999999482,1708.6387044444605
6.721999999999482,1708.6284436411688
6.7239999999994815,1708.6181330850711
6.725999999999481,1708.6077526500217
6.727999999999481,1708.5973217330497
6.729999999999481,1708.5868307581643
6.731999999999481,1708.5762792409541
6.73399999999948,1708.5656673995593
6.73599999999948,1708.5550038551835
6.73799999999948,1708.5442702076043
6.73999999999948,1708.5334844775684
6.7419999999994795,1708.522637427057
6.743999999999479,1708.5117289236534
6.745999999999479,1708.50075848307
6.747999999999479,1708.4897263254554
6.749999999999479,1708.478641020479
6.751999999999478,1708.4674932658697
6.753999999999478,1708.4562743462136
6.755999999999478,1708.4450013560163
6.757999999999478,1708.4336655215861
6.7599999999994775,1708.4222758235371
6.761999999999477,1708.4108138483782
6.763999999999477,1708.3992972755043
6.765999999999477,1708.3877168621375
6.767999999999477,1708.3760728312516
6.769999999999476,1708.3643646989108
6.771999999999476,1708.352592335039
6.773999999999476,1708.3407556097993
6.775999999999476,1708.3288630216002
6.7779999999994756,1708.3169053359559
6.779999999999475,1708.3048827774915
6.781999999999475,1708.2927952170662
6.783999999999475,1708.280642525864
6.785999999999475,1708.268424220451
6.7879999999994745,1708.2561480719373
6.789999999999474,1708.2438062813328
6.791999999999474,1708.2313987204818
6.793999999999474,1708.2189245506313
6.795999999999474,1708.2063839990924
6.797999999999473,1708.193784875289
6.799999999999473,1708.1811111139186
6.801999999999473,1708.168378041212
6.803999999999473,1708.1555775926684
6.8059999999994725,1708.1427099973075
6.807999999999472,1708.1297823851453
6.809999999999472,1708.1167796949394
6.811999999999472,1708.103716247225
6.813999999999472,1708.0905846590797
6.815999999999471,1708.0773851612457
6.817999999999471,1708.0641169142177
6.819999999999471,1708.0507873650117
6.821999999999471,1708.0373818902926
6.8239999999994705,1708.0239143715285
6.82599999999947,1708.0103774676675
6.82799999999947,1707.9967714114075
6.82999999999947,1707.9831022402816
6.83199999999947,1707.969357080125
6.833999999999469,1707.9555480614617
6.835999999999469,1707.9416692565094
6.837999999999469,1707.9277201833454
6.839999999999469,1707.9137007184477
6.8419999999994685,1707.8996168434032
6.843999999999468,1707.8854618318462
6.845999999999468,1707.871229955024
6.847999999999468,1707.8569389828608
6.849999999999468,1707.8425705412535
6.851999999999467,1707.8281319094106
6.853999999999467,1707.8136165122387
6.855999999999467,1707.7990380314131
6.857999999999467,1707.7843877738785
6.8599999999994665,1707.7696652587244
6.861999999999466,1707.7548761168157
6.863999999999466,1707.7400086511943
6.865999999999466,1707.7250738120558
6.867999999999466,1707.710066086909
6.869999999999465,1707.6949860766192
6.871999999999465,1707.6798340228374
6.873999999999465,1707.6646151197385
6.875999999999465,1707.6493181899382
6.8779999999994645,1707.633953304578
6.879999999999464,1707.6185146717696
6.881999999999464,1707.603002173113
6.883999999999464,1707.587415690647
6.885999999999464,1707.571758885283
6.887999999999463,1707.5560232835007
6.889999999999463,1707.540216971596
6.891999999999463,1707.524335330281
6.893999999999463,1707.508382800281
6.895999999999463,1707.4923507959795
6.897999999999462,1707.476247153466
6.899999999999462,1707.4600675598888
6.901999999999462,1707.4438115363362
6.903999999999462,1707.4274796919078
6.9059999999994615,1707.4110752782988
6.907999999999461,1707.394593930557
6.909999999999461,1707.3780358960578
6.911999999999461,1707.3614010599076
6.913999999999461,1707.3446923573836
6.91599999999946,1707.3279031317838
6.91799999999946,1707.311039651648
6.91999999999946,1707.2940983897668
6.92199999999946,1707.277082324341
6.9239999999994595,1707.2599854412447
6.925999999999459,1707.242813002241
6.927999999999459,1707.22556216611
6.929999999999459,1707.2082328201675
6.931999999999459,1707.1908275365295
6.933999999999458,1707.1733403880498
6.935999999999458,1707.1557553483456
6.937999999999458,1707.1381117849255
6.939999999999458,1707.120391704995
6.9419999999994575,1707.1025894785828
6.943999999999457,1707.0847099824653
6.945999999999457,1707.0667503878678
6.947999999999457,1707.0487105845168
6.949999999999457,1707.0305923951062
6.951999999999456,1707.012391760564
6.953999999999456,1706.9941123514398
6.955999999999456,1706.9757534368302
6.957999999999456,1706.957311834887
6.9599999999994555,1706.93879070425
6.961999999999455,1706.9201864755314
6.963999999999455,1706.901503294778
6.965999999999455,1706.882736799974
6.967999999999455,1706.8638886687568
6.969999999999454,1706.8449594973506
6.971999999999454,1706.8259479344488
6.973999999999454,1706.806853873568
6.975999999999454,1706.7876776462592
6.9779999999994535,1706.7684185317876
6.979999999999453,1706.7490764244221
6.981999999999453,1706.729651219008
6.983999999999453,1706.7101424431805
6.985999999999453,1706.6905503500552
6.987999999999452,1706.6708746654901
6.989999999999452,1706.6511149175572
6.991999999999452,1706.6312710882353
6.993999999999452,1706.6113428118397
6.9959999999994515,1706.5913304337896
6.997999999999451,1706.571233028728
6.999999999999451,1706.5510505816062
7.001999999999451,1706.5307830915492
7.003999999999451,1706.5104305397033
7.0059999999994504,1706.4899923678395
7.00799999999945,1706.4694678220258
7.00999999999945,1706.4488583824855
7.01199999999945,1706.428162180397
7.01399999999945,1706.4073801374968
7.015999999999449,1706.386510385804
7.017999999999449,1706.3655555286373
7.019999999999449,1706.3445129438821
7.021999999999449,1706.3233835617007
7.0239999999994485,1706.3021655028617
7.025999999999448,1706.2808621348427
7.027999999999448,1706.25946970197
7.029999999999448,1706.2379895169356
7.031999999999448,1706.2164200559748
7.033999999999447,1706.1947647195577
7.035999999999447,1706.1730193488595
7.037999999999447,1706.1511856445698
7.039999999999447,1706.1292616934047
7.0419999999994465,1706.1072509366684
7.043999999999446,1706.085149545625
7.045999999999446,1706.0629567573992
7.047999999999446,1706.0406769776032
7.049999999999446,1706.0183054126683
7.051999999999445,1705.9958444541817
7.053999999999445,1705.9732940088807
7.055999999999445,1705.9506506252433
7.057999999999445,1705.9279204554543
7.0599999999994445,1705.9050973327232
7.061999999999444,1705.882180115944
7.063999999999444,1705.8591759390451
7.065999999999444,1705.8360776533932
7.067999999999444,1705.8128884593148
7.069999999999443,1705.789608266433
7.071999999999443,1705.7662335524979
7.073999999999443,1705.7427670804746
7.075999999999443,1705.719208760665
7.0779999999994425,1705.6955551327435
7.079999999999442,1705.671813493198
7.081999999999442,1705.6479757865873
7.083999999999442,1705.624045669483
7.085999999999442,1705.6000188893254
7.087999999999441,1705.5758993126997
7.089999999999441,1705.5516868526547
7.091999999999441,1705.5273817970478
7.093999999999441,1705.5029783466928
7.0959999999994405,1705.4784819156923
7.09799999999944,1705.453891670206
7.09999999999944,1705.429208274584
7.10199999999944,1705.4044254988225
7.10399999999944,1705.3795488139258
7.105999999999439,1705.354578136475
7.107999999999439,1705.3295072843173
7.109999999999439,1705.3043420552044
7.111999999999439,1705.2790819915635
7.1139999999994386,1705.2537273869093
7.115999999999438,1705.2282712438277
7.117999999999438,1705.2027205517409
7.119999999999438,1705.1770741033158
7.121999999999438,1705.1513321940424
7.1239999999994374,1705.125488132633
7.125999999999437,1705.0995482275775
7.127999999999437,1705.0735055626765
7.129999999999437,1705.0473736214096
7.131999999999437,1705.0211385378118
7.133999999999436,1704.9947995171628
7.135999999999436,1704.968370723863
7.137999999999436,1704.9418379874444
7.139999999999436,1704.9152084094278
7.1419999999994355,1704.8884815371139
7.143999999999435,1704.8616495428953
7.145999999999435,1704.8347198727793
7.147999999999435,1704.807692451989
7.149999999999435,1704.780559105312
7.151999999999434,1704.753328004336
7.153999999999434,1704.7259983205367
7.155999999999434,1704.6985703586458
7.157999999999434,1704.671035475423
7.1599999999994335,1704.643401556216
7.161999999999433,1704.6156689073264
7.163999999999433,1704.5878285306399
7.165999999999433,1704.5598886665382
7.167999999999433,1704.5318492445513
7.169999999999432,1704.5037105735348
7.171999999999432,1704.475462798929
7.173999999999432,1704.4471150182926
7.175999999999432,1704.4186575138283
7.1779999999994315,1704.3901097743235
7.179999999999431,1704.361451553991
7.181999999999431,1704.3326827988828
7.183999999999431,1704.3038233507539
7.185999999999431,1704.2748529903074
7.18799999999943,1704.245781287673
7.18999999999943,1704.2165980493141
7.19199999999943,1704.1873237235488
7.19399999999943,1704.1579267292366
7.1959999999994295,1704.1284388994425
7.197999999999429,1704.0988377726703
7.199999999999429,1704.069134802475
7.201999999999429,1704.0393295466079
7.203999999999429,1704.009410559199
7.205999999999428,1703.9793892912899
7.207999999999428,1703.949264921136
7.209999999999428,1703.9190377691195
7.211999999999428,1703.8886958829492
7.2139999999994275,1703.8582388199216
7.215999999999427,1703.8276900547396
7.217999999999427,1703.7970261197536
7.219999999999427,1703.7662578350034
7.221999999999427,1703.7353859055447
7.223999999999426,1703.7043976077218
7.225999999999426,1703.6733049115173
7.227999999999426,1703.6420948324555
7.229999999999426,1703.610793423646
7.2319999999994256,1703.5793738786356
7.233999999999425,1703.5478365121592
7.235999999999425,1703.51620740291
7.237999999999425,1703.484459337081
7.239999999999425,1703.4526063493397
7.2419999999994245,1703.420633769112
7.243999999999424,1703.3885558969478
7.245999999999424,1703.356371534116
7.247999999999424,1703.3240675214265
7.249999999999424,1703.291657030953
7.251999999999423,1703.2591400129063
7.253999999999423,1703.2265168013603
7.255999999999423,1703.193772167069
7.257999999999423,1703.1609209717824
7.2599999999994225,1703.1279477135731
7.261999999999422,1703.094866759796
7.263999999999422,1703.0616788307532
7.265999999999422,1703.0283834973902
7.267999999999422,1702.994965092394
7.269999999999421,1702.9614389171772
7.271999999999421,1702.9278049277439
7.273999999999421,1702.8940466570882
7.275999999999421,1702.8601802071562
7.2779999999994205,1702.8261892155726
7.27999999999942,1702.7920892953716
7.28199999999942,1702.7578807892805
7.28399999999942,1702.723563272114
7.28599999999942,1702.6891202035413
7.287999999999419,1702.6545673759983
7.289999999999419,1702.6199059048188
7.291999999999419,1702.5851172843777
7.293999999999419,1702.5502188885232
7.2959999999994185,1702.5152110651254
7.297999999999418,1702.4800752630222
7.299999999999418,1702.4448292871978
7.301999999999418,1702.4094550679984
7.303999999999418,1702.3739884936738
7.305999999999417,1702.3383933162402
7.307999999999417,1702.3026686787152
7.309999999999417,1702.266833112258
7.311999999999417,1702.2308861979539
7.3139999999994165,1702.1948282897156
7.315999999999416,1702.1586402962373
7.317999999999416,1702.122340178947
7.319999999999416,1702.085909322827
7.321999999999416,1702.0493858777484
7.323999999999415,1702.012730951146
7.325999999999415,1701.9759444530107
7.327999999999415,1701.9390450874796
7.329999999999415,1701.9020332136502
7.3319999999994145,1701.8649091919722
7.333999999999414,1701.827651814037
7.335999999999414,1701.7902811602276
7.337999999999414,1701.7527772672452
7.339999999999414,1701.715159744585
7.341999999999413,1701.6774289557397
7.343999999999413,1701.6395633180293
7.345999999999413,1701.6015836740312
7.347999999999413,1701.5634907773933
7.349999999999413,1701.5252618083873
7.351999999999412,1701.4869406386645
7.353999999999412,1701.4484614884066
7.355999999999412,1701.4098897104732
7.357999999999412,1701.3711589790323
7.3599999999994115,1701.3323355827617
7.361999999999411,1701.293374829636
7.363999999999411,1701.2542989612314
7.365999999999411,1701.2151079615358
7.367999999999411,1701.1757787685397
7.36999999999941,1701.136334097663
7.37199999999941,1701.0967501804985
7.37399999999941,1701.0570735749907
7.37599999999941,1701.0172344707194
7.3779999999994095,1700.9773022637478
7.379999999999409,1700.9372305786842
7.381999999999409,1700.8970419218479
7.383999999999409,1700.8567127316753
7.385999999999409,1700.8162666156268
7.387999999999408,1700.7757035646782
7.389999999999408,1700.7349991421213
7.391999999999408,1700.6941770530148
7.393999999999408,1700.6532125338445
7.3959999999994075,1700.6121560974723
7.397999999999407,1700.5709565008829
7.399999999999407,1700.5296136347752
7.401999999999407,1700.4881528052001
7.403999999999407,1700.4465736179434
7.405999999999406,1700.4048503211488
7.407999999999406,1700.363008719133
7.409999999999406,1700.3210488104532
7.411999999999406,1700.2789431707452
7.4139999999994055,1700.2367188879577
7.415999999999405,1700.1943759629103
7.417999999999405,1700.1518868576636
7.419999999999405,1700.1092783845158
7.421999999999405,1700.0665230577079
7.423999999999404,1700.0236480287244
7.425999999999404,1699.980653693062
7.427999999999404,1699.937539272723
7.429999999999404,1699.8942773838646
7.4319999999994035,1699.8508667335818
7.433999999999403,1699.8073357212297
7.435999999999403,1699.7636843542375
7.437999999999403,1699.7199122489942
7.439999999999403,1699.6759911599015
7.441999999999402,1699.6319490041278
7.443999999999402,1699.5877564031466
7.445999999999402,1699.5434427997118
7.447999999999402,1699.4990085985326
7.4499999999994015,1699.454424681732
7.451999999999401,1699.4097503289345
7.453999999999401,1699.364894881361
7.455999999999401,1699.3199490289005
7.457999999999401,1699.2748512827193
7.4599999999994,1699.2296315373662
7.4619999999994,1699.184259219878
7.4639999999994,1699.1387645815878
7.4659999999994,1699.0931476415522
7.4679999999994,1699.047377289903
7.469999999999399,1699.001483923456
7.471999999999399,1698.9554356776225
7.473999999999399,1698.9092648851333
7.475999999999399,1698.8629707812652
7.4779999999993985,1698.8165209573297
7.479999999999398,1698.769947898894
7.481999999999398,1698.7232188320836
7.483999999999398,1698.6763988037787
7.485999999999398,1698.6293888905045
7.487999999999397,1698.5822884641882
7.489999999999397,1698.5350302436211
7.491999999999397,1698.4876144904135
7.493999999999397,1698.4401081021529
7.4959999999993965,1698.392409377917
7.497999999999396,1698.3446200803928
7.499999999999396,1698.2966723547806
7.501999999999396,1698.2485061311822
7.503999999999396,1698.200248999632
7.505999999999395,1698.1518313771462
7.507999999999395,1698.103253125679
7.509999999999395,1698.0545491812084
7.511999999999395,1698.0057199747646
7.5139999999993945,1697.956729294911
7.515999999999394,1697.9076126491098
7.517999999999394,1697.8583700752902
7.519999999999394,1697.8089655807532
7.521999999999394,1697.7593982315477
7.523999999999393,1697.7097415136534
7.525999999999393,1697.659921636365
7.527999999999393,1697.6099380602557
7.529999999999393,1697.5598650393729
7.5319999999993925,1697.5095904247698
7.533999999999392,1697.4592264537496
7.535999999999392,1697.408698200677
7.537999999999392,1697.3580039061333
7.539999999999392,1697.3071826085118
7.541999999999391,1697.256233958684
7.543999999999391,1697.2051580057632
7.545999999999391,1697.1539154297823
7.547999999999391,1697.1025060825016
7.5499999999993905,1697.0509683915639
7.55199999999939,1696.9993028063961
7.55399999999939,1696.947469209947
7.55599999999939,1696.8955074253126
7.55799999999939,1696.843417109666
7.559999999999389,1696.79115833942
7.561999999999389,1696.7387707469325
7.563999999999389,1696.6862136066734
7.565999999999389,1696.6335273538682
7.5679999999993885,1696.5807124459263
7.569999999999388,1696.527726751655
7.571999999999388,1696.4746121151084
7.573999999999388,1696.4213259957098
7.575999999999388,1696.3679106479647
7.5779999999993874,1696.3143231198644
7.579999999999387,1696.2606481051212
7.581999999999387,1696.206758392406
7.583999999999387,1696.152738084929
7.585999999999387,1696.0985876482448
7.587999999999386,1696.0443071506613
7.589999999999386,1695.9898531938197
7.591999999999386,1695.9352684978112
7.593999999999386,1695.8805092451655
7.5959999999993855,1695.8256193745763
7.597999999999385,1695.7705542482556
7.599999999999385,1695.7153582272372
7.601999999999385,1695.6600305865702
7.603999999999385,1695.604527252731
7.605999999999384,1695.5488924251492
7.607999999999384,1695.4930808049085
7.609999999999384,1695.4371378183837
7.611999999999384,1695.3810165383343
7.6139999999993835,1695.32476362064
7.615999999999383,1695.268378745981
7.617999999999383,1695.2118155421783
7.619999999999383,1695.1551201134032
7.621999999999383,1695.0982925436167
7.623999999999382,1695.0412854103379
7.625999999999382,1694.9840985453093
7.627999999999382,1694.9267785225657
7.629999999999382,1694.8693258301835
7.6319999999993815,1694.8117401560194
7.633999999999381,1694.7539255798292
7.635999999999381,1694.6960257464614
7.637999999999381,1694.6379445151863
7.639999999999381,1694.579729782853
7.64199999999938,1694.5213329507183
7.64399999999938,1694.4628019586655
7.64599999999938,1694.4040881640171
7.64799999999938,1694.3452399531625
7.6499999999993795,1694.2862582266387
7.651999999999379,1694.2270924658708
7.653999999999379,1694.1677416916175
7.655999999999379,1694.1083074655426
7.657999999999379,1694.0486370794874
7.659999999999378,1693.9888834449994
7.661999999999378,1693.9289438426308
7.663999999999378,1693.868818094553
7.665999999999378,1693.808557025525
7.6679999999993775,1693.7481611438993
7.669999999999377,1693.6875782888844
7.671999999999377,1693.6268599743146
7.673999999999377,1693.5660067122317
7.675999999999377,1693.5049652489224
7.677999999999376,1693.4437354031134
7.679999999999376,1693.3823692106841
7.681999999999376,1693.3208679937168
7.683999999999376,1693.259176763193
7.6859999999993756,1693.1973498676577
7.687999999999375,1693.1353322530927
7.689999999999375,1693.0731787375812
7.691999999999375,1693.0108890362928
7.693999999999375,1692.9484081971734
7.6959999999993745,1692.8857352270286
7.697999999999374,1692.82298143662
7.699999999999374,1692.7599799031075
7.701999999999374,1692.6968969881038
7.703999999999374,1692.6336218145996
7.705999999999373,1692.5701529826365
7.707999999999373,1692.5065466422877
7.709999999999373,1692.442803729806
7.711999999999373,1692.3788659358645
7.7139999999993725,1692.3147913469086
7.715999999999372,1692.2505215750498
7.717999999999372,1692.1861139780663
7.719999999999372,1692.121510896389
7.721999999999372,1692.0567697699469
7.723999999999371,1691.9918320473394
7.725999999999371,1691.926756061999
7.727999999999371,1691.861542356364
7.729999999999371,1691.7961312402624
7.7319999999993705,1691.7305817853553
7.73399999999937,1691.664834213784
7.73599999999937,1691.5989480916305
7.73799999999937,1691.5328631462176
7.73999999999937,1691.4666394402925
7.741999999999369,1691.4002775248534
7.743999999999369,1691.333715570645
7.745999999999369,1691.267014390087
7.747999999999369,1691.2001132763012
7.7499999999993685,1691.1330108126897
7.751999999999368,1691.0658311435302
7.753999999999368,1690.998449922694
7.755999999999368,1690.9308669502323
7.757999999999368,1690.8631445522421
7.759999999999367,1690.795219289597
7.761999999999367,1690.7271539972799
7.763999999999367,1690.6589492393466
7.765999999999367,1690.5905408125052
7.7679999999993665,1690.5219927269873
7.769999999999366,1690.4532402667305
7.771999999999366,1690.3843475499766
7.773999999999366,1690.3152497522722
7.775999999999366,1690.2460115088022
7.777999999999365,1690.176567477917
7.779999999999365,1690.106983221343
7.781999999999365,1690.0372580930066
7.783999999999365,1689.9673267864227
7.7859999999993645,1689.897187872339
7.787999999999364,1689.8269751816879
7.789999999999364,1689.7564872161927
7.791999999999364,1689.6858584777392
7.793999999999364,1689.6150883261118
7.795999999999363,1689.5441094723158
7.797999999999363,1689.4729894372115
7.799999999999363,1689.4017283998628
7.801999999999363,1689.3302574610905
7.803999999999363,1689.2585764096127
7.805999999999362,1689.186753424205
7.807999999999362,1689.1147886883384
7.809999999999362,1689.0426130503085
7.811999999999362,1688.9702254799586
7.8139999999993615,1688.8977663342393
7.815999999999361,1688.8250241266642
7.817999999999361,1688.7522107221073
7.819999999999361,1688.6791134173711
7.821999999999361,1688.6059452989566
7.82399999999936,1688.5325632687488
7.82599999999936,1688.4589675195857
7.82799999999936,1688.3852288018224
7.82999999999936,1688.3112752515538
7.8319999999993595,1688.2371789869267
7.833999999999359,1688.1629402075735
7.835999999999359,1688.088485816269
7.837999999999359,1688.0138887608325
7.839999999999359,1687.9390753910213
7.841999999999358,1687.8640446673926
7.843999999999358,1687.7889451931508
7.845999999999358,1687.7135535281336
7.847999999999358,1687.638093938266
7.8499999999993575,1687.5623404849778
7.851999999999357,1687.4865191176623
7.853999999999357,1687.4104030316887
7.855999999999357,1687.334219457479
7.857999999999357,1687.2578166916803
7.859999999999356,1687.1811932795747
7.861999999999356,1687.1044263591523
7.863999999999356,1687.0275161493837
7.865999999999356,1686.9503845263007
7.8679999999993555,1686.8730316748997
7.869999999999355,1686.795534233307
7.871999999999355,1686.7178932470852
7.873999999999355,1686.6400298580722
7.875999999999355,1686.5620223900603
7.877999999999354,1686.4837914087752
7.879999999999354,1686.4054166387818
7.881999999999354,1686.326818067656
7.883999999999354,1686.2480747671766
7.8859999999993535,1686.169107378178
7.887999999999353,1686.0899951444007
7.889999999999353,1686.0106573004664
7.891999999999353,1685.9311749105414
7.893999999999353,1685.8514666238857
7.895999999999352,1685.7716132696557
7.897999999999352,1685.691615913237
7.899999999999352,1685.6113914980588
7.901999999999352,1685.5309393795656
7.9039999999993515,1685.450341982555
7.905999999999351,1685.3695165971017
7.907999999999351,1685.28854583184
7.909999999999351,1685.2074299362405
7.911999999999351,1685.1260853075198
7.91399999999935,1685.0445958659564
7.91599999999935,1684.9628761719732
7.91799999999935,1684.8809259894226
7.91999999999935,1684.7988305543486
7.92199999999935,1684.716589298661
7.923999999999349,1684.6341172283574
7.925999999999349,1684.5514996641245
7.927999999999349,1684.4686497663072
7.929999999999349,1684.3856547044763
7.9319999999993485,1684.3024266166792
7.933999999999348,1684.2190532848406
7.935999999999348,1684.1354462352208
7.937999999999348,1684.051693037299
7.939999999999348,1683.9677062576036
7.941999999999347,1683.8835732554853
7.943999999999347,1683.799205567406
7.945999999999347,1683.7146915858189
7.947999999999347,1683.6299422283305
7.9499999999993465,1683.5450465094452
7.951999999999346,1683.4599147253457
7.953999999999346,1683.374636515206
7.955999999999346,1683.289121551253
7.957999999999346,1683.2034600998843
7.959999999999345,1683.1176528609235
7.961999999999345,1683.0316077379216
7.963999999999345,1682.945324072148
7.965999999999345,1682.858894221172
7.9679999999993445,1682.7722247258416
7.969999999999344,1682.6854085788214
7.971999999999344,1682.5984464892958
7.973999999999344,1682.5111505842788
7.975999999999344,1682.4238018343488
7.977999999999343,1682.3362120474428
7.979999999999343,1682.2483813919705
7.981999999999343,1682.1604039507934
7.983999999999343,1682.0722796113955
7.9859999999993425,1681.9838174786523
7.987999999999342,1681.8953043129518
7.989999999999342,1681.8065484812328
7.991999999999342,1681.7175493186169
7.993999999999342,1681.6284028510363
7.995999999999341,1681.5391098066518
7.997999999999341,1681.4495727380797
7.999999999999341,1681.3597905624501
